	.include "asm/macros/function.inc"

	.extern FUN_020057AC
	.extern FUN_020057C4
	.extern FUN_02005CA4
	.extern FUN_02005D28
	.extern FUN_02005D90
	.extern FUN_02005DF8
	.extern FUN_02005E30
	.extern FUN_02005E50
	.extern FUN_02005F38
	.extern FUN_020061E4
	.extern FUN_02006210
	.extern FUN_02006254
	.extern FUN_02006734
	.extern FUN_02006740
	.extern FUN_02007B00
	.extern FUN_02007B20
	.extern FUN_02007B44
	.extern FUN_02007B50
	.extern FUN_02007C20
	.extern FUN_02007C70
	.extern FUN_02007E50
	.extern FUN_02007F1C
	.extern FUN_02008374
	.extern FUN_020083AC
	.extern FUN_020083C8
	.extern FUN_02008468
	.extern FUN_0200846C
	.extern FUN_02008494
	.extern FUN_020084D4
	.extern FUN_02008510
	.extern FUN_02008550
	.extern FUN_02008564
	.extern FUN_02008DAC
	.extern FUN_02008DF0
	.extern FUN_0200C274
	.extern FUN_0200CED4
	.extern FUN_0200CFA0
	.extern FUN_0200FB24
	.extern FUN_02011168
	.extern FUN_0201119C
	.extern FUN_020111BC
	.extern FUN_020113F0
	.extern FUN_02012EBC
	.extern FUN_02012F08
	.extern FUN_02013080
	.extern FUN_020173F0
	.extern FUN_02017988
	.extern FUN_02017D30
	.extern FUN_02017D70
	.extern FUN_02017E1C
	.extern FUN_02017E40
	.extern FUN_02017F00
	.extern FUN_02017F90
	.extern FUN_02017F9C
	.extern FUN_020181F4
	.extern FUN_02018480
	.extern FUN_02018584
	.extern FUN_020185C4
	.extern FUN_020189D0
	.extern FUN_02019C90
	.extern FUN_0201A918
	.extern FUN_0201A920
	.extern FUN_0201A948
	.extern FUN_0201A98C
	.extern FUN_0201AA18
	.extern FUN_0201AB28
	.extern FUN_0201AC2C
	.extern FUN_0201B70C
	.extern FUN_0201B7A0
	.extern FUN_0201B7B4
	.extern FUN_0201B818
	.extern FUN_0201BD28
	.extern FUN_0201BEB8
	.extern FUN_0201BF58
	.extern FUN_0201C020
	.extern FUN_0201C0BC
	.extern FUN_0201C158
	.extern FUN_0201C184
	.extern FUN_0201C1BC
	.extern FUN_0201C1C8
	.extern FUN_0201C1D8
	.extern FUN_0201C1E8
	.extern FUN_0201C1F4
	.extern FUN_0201C284
	.extern FUN_0201C314
	.extern FUN_0201C440
	.extern FUN_0201C4C0
	.extern FUN_0201C7A4
	.extern FUN_0201CD10
	.extern FUN_0201CE0C
	.extern FUN_0201CE20
	.extern FUN_0201CE30
	.extern FUN_0201CE38
	.extern FUN_0201CE48
	.extern FUN_0201CE8C
	.extern FUN_0201CEB8
	.extern FUN_0201CED4
	.extern FUN_0201D304
	.extern FUN_0201D33C
	.extern FUN_0201D37C
	.extern FUN_0201D5C4
	.extern FUN_0201D5CC
	.extern FUN_0201D5F4
	.extern FUN_0201D658
	.extern FUN_0201D670
	.extern FUN_0201D688
	.extern FUN_0201D7EC
	.extern FUN_0201D83C
	.extern FUN_0201DD60
	.extern FUN_0201DD68
	.extern FUN_0201DD78
	.extern FUN_0201EC64
	.extern FUN_0201ED04
	.extern FUN_0201EE0C
	.extern FUN_0201EE84
	.extern FUN_0201EEF4
	.extern FUN_0201EF34
	.extern FUN_0201EF40
	.extern FUN_0201EF8C
	.extern FUN_0201EFA4
	.extern FUN_0201F020
	.extern FUN_0201F02C
	.extern FUN_0201F0F8
	.extern FUN_0201F134
	.extern FUN_0201F250
	.extern FUN_0201F41C
	.extern FUN_0202142C
	.extern FUN_020215BC
	.extern FUN_020215EC
	.extern FUN_0202173C
	.extern FUN_02021ED8
	.extern FUN_0202428C
	.extern FUN_0202435C
	.extern FUN_02024450
	.extern FUN_02024570
	.extern FUN_020271DC
	.extern FUN_02027268
	.extern FUN_0202A230
	.extern FUN_0202A298
	.extern FUN_0202A310
	.extern FUN_0202A3CC
	.extern FUN_0202A3FC
	.extern FUN_0202E7E0
	.extern FUN_0202E7E4
	.extern FUN_0203064C
	.extern FUN_020306F0
	.extern FUN_02030734
	.extern FUN_020307B0
	.extern FUN_0203101C
	.extern FUN_020310C4
	.extern FUN_02031140
	.extern FUN_02031194
	.extern FUN_020311B8
	.extern FUN_02031290
	.extern FUN_0203159C
	.extern FUN_020315D4
	.extern FUN_02034714
	.extern FUN_02034A5C
	.extern FUN_02034AC4
	.extern FUN_02035C38
	.extern FUN_02035C60
	.extern FUN_020362DC
	.extern FUN_0203630C
	.extern FUN_02039CB4
	.extern FUN_0203A424
	.extern FUN_0203D1A4
	.extern FUN_0203D1B4
	.extern FUN_0203D29C
	.extern FUN_0203D3A8
	.extern FUN_0203D3F8
	.extern FUN_0203EFC8
	.extern FUN_0203F0A8
	.extern FUN_0203F258
	.extern FUN_0203F8F4
	.extern FUN_0203F9B4
	.extern FUN_0203FC28
	.extern FUN_0203FCA0
	.extern FUN_020403F4
	.extern FUN_02040588
	.extern FUN_02040618
	.extern FUN_020409B4
	.extern FUN_02040B1C
	.extern FUN_02040C14
	.extern FUN_02041300
	.extern FUN_020414EC
	.extern FUN_020433E0
	.extern FUN_020434DC
	.extern FUN_02043678
	.extern FUN_020437AC
	.extern FUN_020437D4
	.extern FUN_020437EC
	.extern FUN_02043B5C
	.extern FUN_02045088
	.extern FUN_020450C8
	.extern FUN_020450F0
	.extern FUN_020452E8
	.extern FUN_02045334
	.extern FUN_02045374
	.extern FUN_020454E0
	.extern FUN_02045770
	.extern FUN_020457B0
	.extern FUN_02045808
	.extern FUN_02045874
	.extern FUN_020458F8
	.extern FUN_02045A00
	.extern FUN_02045A90
	.extern FUN_02045A98
	.extern FUN_02045B38
	.extern FUN_02045C04
	.extern FUN_02045CAC
	.extern FUN_02045EC0
	.extern FUN_02046440
	.extern FUN_02046788
	.extern FUN_02046BE0
	.extern FUN_020490F4
	.extern FUN_02049238
	.extern FUN_02049658
	.extern FUN_02049740
	.extern FUN_0204989C
	.extern FUN_02049DB4
	.extern FUN_0204A48C
	.extern FUN_0204A5AC
	.extern FUN_0204E720
	.extern FUN_0207C768
	.extern FUN_0207C7B4
	.extern FUN_0207D534
	.extern FUN_0207D55C
	.extern FUN_0207D63C
	.extern FUN_0207DC44
	.extern FUN_0208068C
	.extern FUN_02082A48
	.extern FUN_02082A7C
	.extern FUN_02082A90
	.extern FUN_02082BCC
	.extern FUN_02082D44
	.extern FUN_02085CBC
	.extern FUN_0209AC04
	.extern FUN_0209AF34
	.extern FUN_0209B2E8
	.extern FUN_0209B750
	.extern FUN_0209B790
	.extern FUN_0209B864
	.extern FUN_0209BDBC
	.extern FUN_0209BE04
	.extern FUN_0209C054
	.extern FUN_0209C0A4
	.extern FUN_0209C2B0
	.extern FUN_0209C494
	.extern FUN_0209C508
	.extern FUN_0209C95C
	.extern FUN_0209CB8C
	.extern FUN_0209D1E0
	.extern FUN_021809D8
	.extern FUN_02187F00
	.extern FUN_02188080
	.extern FUN_021880BC
	.extern FUN_021F745C
	.extern FUN_021F7544
	.extern FUN_021F7808
	.extern FUN_021F78E4
	.extern FUN_021F7998
	.extern FUN_021F7A28
	.extern FUN_021F7B2C
	.extern FUN_021F7C0C
	.extern FUN_021F7C2C
	.extern FUN_021F7CE4
	.extern FUN_021F7CFC
	.extern FUN_021F7D80
	.extern FUN_021F7E38
	.extern FUN_021F7E74
	.extern FUN_021F7E84
	.extern FUN_021F7E94
	.extern FUN_021F7EA4
	.extern FUN_021F7EB4
	.extern FUN_021F7EE8
	.extern FUN_021F7F04
	.extern FUN_021F7F1C
	.extern FUN_021F7F58
	.extern FUN_021F803C
	.extern FUN_021F80E4
	.extern FUN_021F80FC
	.extern FUN_021F8118
	.extern FUN_021F8180
	.extern FUN_021F81D0
	.extern FUN_021F823C
	.extern FUN_021F8260
	.extern FUN_021F827C
	.extern FUN_021F8414
	.extern FUN_021F84B4
	.extern FUN_021F8504
	.extern FUN_021F8524
	.extern FUN_021F853C
	.extern FUN_021F8678
	.extern FUN_021F86D4
	.extern FUN_021F86E0
	.extern FUN_021F878C
	.extern FUN_021F87D4
	.extern FUN_021F88BC
	.extern FUN_021F8A40
	.extern FUN_021F8A78
	.extern FUN_021F8AE8
	.extern FUN_021F8B10
	.extern FUN_021F8B28
	.extern FUN_0220C834
	.extern FUN_0220F3E8

	.text

	.global battle_rodata
battle_rodata:
_021EFCF0:
	.byte 0x00, 0x0C, 0x06, 0x12
_021EFCF4:
	.byte 0x03, 0x05, 0x00, 0x02, 0x04, 0x00
_021EFCFA:
	.byte 0x03, 0x05, 0x07, 0x02, 0x04, 0x06
_021EFD00:
	.byte 0x00, 0x00, 0x00, 0x00, 0xA9, 0x75, 0x1B, 0x02, 0x59, 0x77, 0x1B, 0x02, 0x69, 0x79, 0x1B, 0x02
	.byte 0xB1, 0x7B, 0x1B, 0x02, 0x19, 0x7E, 0x1B, 0x02, 0x5D, 0x83, 0x1B, 0x02
_021EFD1C:
	.byte 0x00, 0x00, 0x00, 0x00
	.byte 0xA9, 0x75, 0x1B, 0x02, 0x59, 0x77, 0x1B, 0x02, 0x69, 0x79, 0x1B, 0x02, 0xB1, 0x7B, 0x1B, 0x02
	.byte 0xB5, 0x7C, 0x1B, 0x02, 0x5D, 0x83, 0x1B, 0x02
_021EFD38:
	.byte 0x00, 0x00, 0x00, 0x00, 0xA9, 0x75, 0x1B, 0x02
	.byte 0x59, 0x77, 0x1B, 0x02, 0x69, 0x79, 0x1B, 0x02, 0xB1, 0x7B, 0x1B, 0x02, 0xDD, 0x81, 0x1B, 0x02
	.byte 0x5D, 0x83, 0x1B, 0x02
_021EFD54:
	.byte 0x00, 0x00, 0x00, 0x00, 0xA9, 0x75, 0x1B, 0x02, 0x59, 0x77, 0x1B, 0x02
	.byte 0x69, 0x79, 0x1B, 0x02, 0xB1, 0x7B, 0x1B, 0x02, 0x71, 0x80, 0x1B, 0x02, 0x5D, 0x83, 0x1B, 0x02
	.byte 0x02, 0x00, 0x02, 0x00, 0x05, 0x03, 0x06, 0x00, 0x02, 0x06, 0x02, 0x00, 0x02, 0x00, 0x04, 0x02
	.byte 0x06, 0x01, 0x03, 0x06, 0x03, 0x00, 0x03, 0x00, 0x01, 0x03, 0x05, 0x00, 0x02, 0x04, 0x03, 0x00
	.byte 0x03, 0x00, 0x00, 0x02, 0x04, 0x01, 0x03, 0x05, 0x02, 0x00, 0x02, 0x00, 0x01, 0x03, 0x06, 0x04
	.byte 0x02, 0x06, 0x02, 0x00, 0x02, 0x00, 0x00, 0x02, 0x06, 0x05, 0x03, 0x06, 0x01, 0x61, 0x1B, 0x02
	.byte 0x35, 0x64, 0x1B, 0x02, 0x01, 0x65, 0x1B, 0x02
_021EFDB8:
	.byte 0x07, 0x02
_021EFDBA:
	.byte 0x06, 0x02, 0x08, 0x02, 0x00, 0x00
_021EFDC0:
	.byte 0x0A, 0x00
_021EFDC2:
	.byte 0x0D, 0x00
_021EFDC4:
	.byte 0x26, 0x01
_021EFDC6:
	.byte 0x0B, 0x00, 0x0E, 0x00
_021EFDCA:
	.byte 0x21, 0x01, 0x0C, 0x00, 0x0F, 0x00
	.byte 0x22, 0x01, 0x0D, 0x00, 0x10, 0x00, 0x25, 0x01, 0x0E, 0x00, 0x11, 0x00, 0x23, 0x01, 0x0F, 0x00
	.byte 0x12, 0x00, 0x24, 0x01
_021EFDE4:
	.byte 0x12, 0x00
_021EFDE6:
	.byte 0x00, 0x00
_021EFDE8:
	.byte 0x31, 0xBF, 0x1C, 0x02
_021EFDEC:
	.byte 0x13, 0x00
_021EFDEE:
	.byte 0x00, 0x00
	.byte 0x41, 0xBF, 0x1C, 0x02, 0x14, 0x00, 0x00, 0x00, 0x51, 0xBF, 0x1C, 0x02, 0x15, 0x00, 0x00, 0x00
	.byte 0x61, 0xBF, 0x1C, 0x02, 0x16, 0x00, 0x00, 0x00, 0x71, 0xBF, 0x1C, 0x02, 0x17, 0x00, 0x00, 0x00
	.byte 0x81, 0xBF, 0x1C, 0x02, 0x18, 0x00, 0x00, 0x00, 0x91, 0xBF, 0x1C, 0x02, 0x19, 0x00, 0x01, 0x00
	.byte 0xA1, 0xBF, 0x1C, 0x02, 0x1A, 0x00, 0x00, 0x00, 0x09, 0xC0, 0x1C, 0x02, 0x1E, 0x00, 0x01, 0x00
	.byte 0x99, 0xC0, 0x1C, 0x02, 0x1F, 0x00, 0x01, 0x00, 0xA9, 0xC0, 0x1C, 0x02, 0x20, 0x00, 0x01, 0x00
	.byte 0xB9, 0xC0, 0x1C, 0x02, 0x21, 0x00, 0x01, 0x00, 0xC9, 0xC0, 0x1C, 0x02, 0x22, 0x00, 0x01, 0x00
	.byte 0xD9, 0xC0, 0x1C, 0x02, 0x23, 0x00, 0x01, 0x00, 0xE9, 0xC0, 0x1C, 0x02, 0x24, 0x00, 0x01, 0x00
	.byte 0xF9, 0xC0, 0x1C, 0x02, 0x27, 0x00, 0x00, 0x00, 0x79, 0xC1, 0x1C, 0x02, 0x28, 0x00, 0x00, 0x00
	.byte 0x15, 0xC2, 0x1C, 0x02, 0x29, 0x00, 0x00, 0x00, 0xC1, 0xC2, 0x1C, 0x02, 0x65, 0x02, 0x02, 0x01
	.byte 0xAD, 0xC4, 0x1C, 0x02, 0x63, 0x02, 0x02, 0x01, 0x09, 0xC5, 0x1C, 0x02, 0x64, 0x02, 0x02, 0x01
	.byte 0x59, 0xC5, 0x1C, 0x02, 0x66, 0x02, 0x02, 0x01, 0xF5, 0xC5, 0x1C, 0x02
_021EFE9C:
	.byte 0x00, 0x08
_021EFE9E:
	.byte 0x01, 0x04
	.byte 0x05, 0x2C, 0x06, 0x2C, 0x08, 0x28, 0x09, 0x2C, 0x0A, 0x2C, 0x0B, 0x3C, 0x0C, 0x38, 0x0E, 0x3C
	.byte 0x0F, 0x0C, 0x12, 0x08, 0x10, 0x0C, 0x11, 0x34, 0x07, 0x30, 0x13, 0x2C, 0x14, 0x08, 0x04, 0x28
	.byte 0x02, 0x04, 0x03, 0x04, 0x15, 0x0C, 0x16, 0x0C, 0x17, 0x0C, 0x18, 0x0C, 0x19, 0x34, 0x1A, 0x08
	.byte 0x1B, 0x34, 0x1D, 0x2C, 0x1C, 0x08, 0x1E, 0x20, 0x1F, 0x30, 0x20, 0x30, 0x21, 0x0C, 0x22, 0x08
	.byte 0x23, 0x2C, 0x24, 0x74, 0x25, 0x0C, 0x26, 0x08, 0x27, 0x08, 0x28, 0x04, 0x29, 0x50, 0x2A, 0x08
	.byte 0x2B, 0x08, 0x2C, 0x2C, 0x2D, 0x2C, 0x2E, 0x2C, 0x2F, 0x2C, 0x30, 0x08, 0x31, 0x2C, 0x32, 0x2C
	.byte 0x33, 0x2C, 0x34, 0x2C, 0x35, 0x04, 0x36, 0x30, 0x37, 0x30, 0x38, 0x04, 0x39, 0x2C, 0x3A, 0x08
	.byte 0x3B, 0x04, 0x00, 0x00
_021EFF14:
	.byte 0x00, 0x12, 0x12, 0x01, 0x03, 0x03, 0x42, 0x03, 0x03, 0x03, 0x03, 0x08
	.byte 0x01, 0x01, 0x22, 0x53, 0x01, 0x12, 0x04, 0x33, 0x12, 0x53, 0x12, 0x12, 0x26, 0x02, 0x02, 0x02
	.byte 0x02, 0x12, 0x12, 0x15, 0x01, 0x22, 0x02, 0x01, 0x01, 0x33, 0x02, 0x12, 0x01, 0x32, 0x01, 0x01
	.byte 0x02, 0x26, 0x01, 0x01, 0x24, 0x42, 0x43, 0x43, 0x01, 0x02, 0x01, 0x23, 0x23, 0x01, 0x01, 0x02
	.byte 0x12, 0x14, 0x07, 0x02, 0x01, 0x01, 0x01, 0x42, 0x23, 0x22, 0x16, 0x12, 0x32, 0x12, 0x54, 0x01
	.byte 0x11, 0x12, 0x43, 0x02, 0x14, 0x01, 0x01, 0x02, 0x13, 0x11, 0x01, 0x01, 0x01, 0x12, 0x00, 0x00
	.byte 0x10, 0x10, 0x00, 0x00
_021EFF74:
	.byte 0x06, 0x04, 0x02, 0x01
_021EFF78:
	.byte 0x12, 0x00, 0x11, 0x00, 0x13, 0x00, 0x14, 0x00
	.byte 0x3D, 0x00, 0x3E, 0x00, 0x3F, 0x00, 0x40, 0x00
_021EFF88:
	.byte 0x0D, 0x00
_021EFF8A:
	.byte 0x0E, 0x00
_021EFF8C:
	.byte 0x0F, 0x00, 0x10, 0x00
	.byte 0x11, 0x00, 0x12, 0x00
_021EFF94:
	.byte 0x1E, 0x01
_021EFF96:
	.byte 0x1F, 0x02, 0x20, 0x03, 0x21, 0x04, 0x22, 0x05, 0x23, 0x06
_021EFFA0:
	.byte 0x12, 0x02
_021EFFA2:
	.byte 0x13, 0x05, 0x14, 0x04, 0x15, 0x03, 0x16, 0x01, 0x17, 0x06, 0x18, 0x07
_021EFFAE:
	.byte 0x54, 0x00
_021EFFB0:
	.byte 0x6B, 0x02, 0x54, 0x00, 0x6B, 0x02, 0x55, 0x00, 0x68, 0x02, 0x57, 0x00, 0x69, 0x02, 0x56, 0x00
	.byte 0x6A, 0x02
_021EFFC2:
	.byte 0x0A, 0x00
_021EFFC4:
	.byte 0x0B, 0x00
_021EFFC6:
	.byte 0x72, 0x00, 0x57, 0x00, 0x00, 0x00, 0x0C, 0x00, 0x0A, 0x00
	.byte 0x4E, 0x00, 0x1F, 0x00, 0x00, 0x00, 0x0B, 0x00, 0x41, 0x00, 0x00, 0x00, 0x00, 0x00, 0x00, 0x00
	.byte 0x09, 0x00, 0x12, 0x00, 0x00, 0x00, 0x00, 0x00, 0x00, 0x00, 0x00, 0x00
_021EFFEC:
	.byte 0x01, 0x01, 0x00, 0x00
_021EFFF0:
	.byte 0xDD, 0xDD, 0x1C, 0x02, 0x00, 0x00, 0x00, 0x00, 0x8D, 0xDE, 0x1C, 0x02
_021EFFFC:
	.byte 0x02, 0x00, 0x00, 0x00
	.byte 0x59, 0xDF, 0x1C, 0x02, 0x45, 0xE0, 0x1C, 0x02, 0x41, 0xE0, 0x1C, 0x02, 0x03, 0x00, 0x00, 0x00
	.byte 0x71, 0xE1, 0x1C, 0x02, 0x71, 0x07, 0x1D, 0x02, 0xB1, 0xE1, 0x1C, 0x02, 0x07, 0x00, 0x00, 0x00
	.byte 0xC5, 0x0C, 0x1D, 0x02, 0x00, 0x00, 0x00, 0x00, 0x00, 0x00, 0x00, 0x00, 0x05, 0x00, 0x00, 0x00
	.byte 0x39, 0x0D, 0x1D, 0x02, 0x51, 0x0D, 0x1D, 0x02, 0x75, 0x0E, 0x1D, 0x02, 0x06, 0x00, 0x00, 0x00
	.byte 0x45, 0x0D, 0x1D, 0x02, 0x51, 0x0D, 0x1D, 0x02, 0x75, 0x0E, 0x1D, 0x02, 0x04, 0x00, 0x00, 0x00
	.byte 0xB9, 0x10, 0x1D, 0x02, 0x00, 0x00, 0x00, 0x00, 0x75, 0x0E, 0x1D, 0x02, 0x08, 0x00, 0x00, 0x00
	.byte 0x75, 0x1A, 0x1D, 0x02, 0x00, 0x00, 0x00, 0x00, 0x61, 0x1A, 0x1D, 0x02, 0x0A, 0x00, 0x00, 0x00
	.byte 0x3D, 0x12, 0x1D, 0x02, 0x00, 0x00, 0x00, 0x00, 0x00, 0x00, 0x00, 0x00, 0x0B, 0x01, 0x00, 0x00
	.byte 0x11, 0x14, 0x1D, 0x02, 0x00, 0x00, 0x00, 0x00, 0xFD, 0x13, 0x1D, 0x02, 0x0C, 0x01, 0x00, 0x00
	.byte 0x1D, 0x17, 0x1D, 0x02, 0x00, 0x00, 0x00, 0x00, 0x09, 0x17, 0x1D, 0x02, 0x0E, 0x01, 0x00, 0x00
	.byte 0xED, 0x18, 0x1D, 0x02, 0x00, 0x00, 0x00, 0x00, 0x00, 0x00, 0x00, 0x00, 0x0F, 0x01, 0x00, 0x00
	.byte 0x61, 0x19, 0x1D, 0x02, 0x00, 0x00, 0x00, 0x00, 0x00, 0x00, 0x00, 0x00, 0x0D, 0x01, 0x00, 0x00
	.byte 0x91, 0x12, 0x1D, 0x02, 0x00, 0x00, 0x00, 0x00, 0x7D, 0x12, 0x1D, 0x02, 0x10, 0x01, 0x00, 0x00
	.byte 0x19, 0x1A, 0x1D, 0x02, 0x00, 0x00, 0x00, 0x00, 0x00, 0x00, 0x00, 0x00
_021F00DC:
	.byte 0x5A, 0x00, 0x00, 0x00
	.byte 0x6D, 0x1E, 0x1D, 0x02
_021F00E4:
	.byte 0x5C, 0x00, 0x00, 0x00
_021F00E8:
	.byte 0xB5, 0x1E, 0x1D, 0x02, 0x5B, 0x00, 0x00, 0x00
	.byte 0x11, 0x1F, 0x1D, 0x02, 0x5D, 0x00, 0x00, 0x00, 0x59, 0x1F, 0x1D, 0x02, 0x59, 0x00, 0x00, 0x00
	.byte 0xB5, 0x1F, 0x1D, 0x02, 0x30, 0x00, 0x00, 0x00, 0x31, 0x20, 0x1D, 0x02, 0x31, 0x00, 0x00, 0x00
	.byte 0xBD, 0x20, 0x1D, 0x02, 0x32, 0x00, 0x00, 0x00, 0x0D, 0x21, 0x1D, 0x02, 0x33, 0x00, 0x00, 0x00
	.byte 0x5D, 0x21, 0x1D, 0x02, 0x34, 0x00, 0x00, 0x00, 0xD5, 0x21, 0x1D, 0x02, 0x35, 0x00, 0x00, 0x00
	.byte 0x35, 0x22, 0x1D, 0x02, 0x36, 0x00, 0x00, 0x00, 0x79, 0x22, 0x1D, 0x02, 0x39, 0x00, 0x00, 0x00
	.byte 0x21, 0x23, 0x1D, 0x02, 0x3A, 0x00, 0x00, 0x00, 0x75, 0x23, 0x1D, 0x02, 0x3B, 0x00, 0x00, 0x00
	.byte 0xD1, 0x1B, 0x1D, 0x02, 0x3C, 0x00, 0x00, 0x00, 0xAD, 0x1C, 0x1D, 0x02, 0x3D, 0x00, 0x00, 0x00
	.byte 0xF5, 0x1C, 0x1D, 0x02, 0x37, 0x00, 0x00, 0x00, 0x25, 0x24, 0x1D, 0x02, 0x38, 0x00, 0x00, 0x00
	.byte 0xB9, 0x23, 0x1D, 0x02, 0x3E, 0x00, 0x00, 0x00, 0xCD, 0x29, 0x1D, 0x02, 0x3F, 0x00, 0x00, 0x00
	.byte 0x91, 0x24, 0x1D, 0x02, 0x40, 0x00, 0x00, 0x00, 0x11, 0x25, 0x1D, 0x02, 0x41, 0x00, 0x00, 0x00
	.byte 0x81, 0x25, 0x1D, 0x02, 0x42, 0x00, 0x00, 0x00, 0xC5, 0x25, 0x1D, 0x02, 0x57, 0x00, 0x00, 0x00
	.byte 0x31, 0x36, 0x1D, 0x02, 0x58, 0x00, 0x00, 0x00, 0x89, 0x36, 0x1D, 0x02, 0x01, 0x00, 0x00, 0x00
	.byte 0xCD, 0x36, 0x1D, 0x02, 0x02, 0x00, 0x00, 0x00, 0xED, 0x36, 0x1D, 0x02, 0x03, 0x00, 0x00, 0x00
	.byte 0x7D, 0x37, 0x1D, 0x02, 0x04, 0x00, 0x00, 0x00, 0x0D, 0x37, 0x1D, 0x02, 0x05, 0x00, 0x00, 0x00
	.byte 0x35, 0x37, 0x1D, 0x02, 0x06, 0x00, 0x00, 0x00, 0x5D, 0x37, 0x1D, 0x02, 0x07, 0x00, 0x00, 0x00
	.byte 0x95, 0x37, 0x1D, 0x02, 0x08, 0x00, 0x00, 0x00, 0xB9, 0x37, 0x1D, 0x02, 0x09, 0x00, 0x00, 0x00
	.byte 0xDD, 0x37, 0x1D, 0x02, 0x0A, 0x00, 0x00, 0x00, 0xFD, 0x37, 0x1D, 0x02, 0x0B, 0x00, 0x00, 0x00
	.byte 0x1D, 0x38, 0x1D, 0x02, 0x0C, 0x00, 0x00, 0x00, 0x95, 0x38, 0x1D, 0x02, 0x0D, 0x00, 0x00, 0x00
	.byte 0xAD, 0x38, 0x1D, 0x02, 0x0E, 0x00, 0x00, 0x00, 0xC5, 0x38, 0x1D, 0x02, 0x0F, 0x00, 0x00, 0x00
	.byte 0xE1, 0x38, 0x1D, 0x02, 0x10, 0x00, 0x00, 0x00, 0x01, 0x39, 0x1D, 0x02, 0x11, 0x00, 0x00, 0x00
	.byte 0x19, 0x39, 0x1D, 0x02, 0x12, 0x00, 0x00, 0x00, 0x35, 0x39, 0x1D, 0x02, 0x13, 0x00, 0x00, 0x00
	.byte 0x2D, 0x3D, 0x1D, 0x02, 0x14, 0x00, 0x00, 0x00, 0x51, 0x3D, 0x1D, 0x02, 0x16, 0x00, 0x00, 0x00
	.byte 0x89, 0x39, 0x1D, 0x02, 0x15, 0x00, 0x00, 0x00, 0xA9, 0x39, 0x1D, 0x02, 0x17, 0x00, 0x00, 0x00
	.byte 0x21, 0x3A, 0x1D, 0x02, 0x18, 0x00, 0x00, 0x00, 0x41, 0x3A, 0x1D, 0x02, 0x19, 0x00, 0x00, 0x00
	.byte 0x7D, 0x3A, 0x1D, 0x02, 0x1A, 0x00, 0x00, 0x00, 0x99, 0x3A, 0x1D, 0x02, 0x1B, 0x00, 0x00, 0x00
	.byte 0xB5, 0x3A, 0x1D, 0x02, 0x1C, 0x00, 0x00, 0x00, 0xD1, 0x3A, 0x1D, 0x02, 0x1D, 0x00, 0x00, 0x00
	.byte 0xED, 0x3A, 0x1D, 0x02, 0x1E, 0x00, 0x00, 0x00, 0x09, 0x3B, 0x1D, 0x02, 0x1F, 0x00, 0x00, 0x00
	.byte 0x29, 0x3B, 0x1D, 0x02, 0x20, 0x00, 0x00, 0x00, 0x5D, 0x3B, 0x1D, 0x02, 0x21, 0x00, 0x00, 0x00
	.byte 0x75, 0x3B, 0x1D, 0x02, 0x22, 0x00, 0x00, 0x00, 0x89, 0x3B, 0x1D, 0x02, 0x23, 0x00, 0x00, 0x00
	.byte 0x9D, 0x3B, 0x1D, 0x02, 0x24, 0x00, 0x00, 0x00, 0xB1, 0x3B, 0x1D, 0x02, 0x25, 0x00, 0x00, 0x00
	.byte 0xC1, 0x3B, 0x1D, 0x02, 0x26, 0x00, 0x00, 0x00, 0xE1, 0x3B, 0x1D, 0x02, 0x27, 0x00, 0x00, 0x00
	.byte 0x0D, 0x3C, 0x1D, 0x02, 0x28, 0x00, 0x00, 0x00, 0x2D, 0x3C, 0x1D, 0x02, 0x29, 0x00, 0x00, 0x00
	.byte 0x45, 0x3C, 0x1D, 0x02, 0x2A, 0x00, 0x00, 0x00, 0x71, 0x3C, 0x1D, 0x02, 0x2B, 0x00, 0x00, 0x00
	.byte 0x91, 0x3C, 0x1D, 0x02, 0x2C, 0x00, 0x00, 0x00, 0xA9, 0x3C, 0x1D, 0x02, 0x2D, 0x00, 0x00, 0x00
	.byte 0xC9, 0x3C, 0x1D, 0x02, 0x2E, 0x00, 0x00, 0x00, 0xFD, 0x3C, 0x1D, 0x02, 0x2F, 0x00, 0x00, 0x00
	.byte 0x1D, 0x3D, 0x1D, 0x02, 0x43, 0x00, 0x00, 0x00, 0x29, 0x26, 0x1D, 0x02, 0x44, 0x00, 0x00, 0x00
	.byte 0x6D, 0x26, 0x1D, 0x02, 0x45, 0x00, 0x00, 0x00, 0x21, 0x2A, 0x1D, 0x02, 0x46, 0x00, 0x00, 0x00
	.byte 0xD9, 0x2F, 0x1D, 0x02, 0x47, 0x00, 0x00, 0x00, 0x39, 0x31, 0x1D, 0x02, 0x48, 0x00, 0x00, 0x00
	.byte 0xA1, 0x31, 0x1D, 0x02, 0x49, 0x00, 0x00, 0x00, 0x4D, 0x32, 0x1D, 0x02, 0x4A, 0x00, 0x00, 0x00
	.byte 0xE1, 0x32, 0x1D, 0x02, 0x4B, 0x00, 0x00, 0x00, 0x4D, 0x34, 0x1D, 0x02, 0x4C, 0x00, 0x00, 0x00
	.byte 0xB1, 0x34, 0x1D, 0x02, 0x4D, 0x00, 0x00, 0x00, 0xE9, 0x34, 0x1D, 0x02, 0x4E, 0x00, 0x00, 0x00
	.byte 0x69, 0x35, 0x1D, 0x02, 0x4F, 0x00, 0x00, 0x00, 0xC9, 0x35, 0x1D, 0x02, 0x50, 0x00, 0x00, 0x00
	.byte 0x01, 0x27, 0x1D, 0x02, 0x51, 0x00, 0x00, 0x00, 0x15, 0x28, 0x1D, 0x02, 0x52, 0x00, 0x00, 0x00
	.byte 0x4D, 0x28, 0x1D, 0x02, 0x53, 0x00, 0x00, 0x00, 0xAD, 0x28, 0x1D, 0x02, 0x54, 0x00, 0x00, 0x00
	.byte 0x31, 0x29, 0x1D, 0x02, 0x55, 0x00, 0x00, 0x00, 0x91, 0x29, 0x1D, 0x02, 0x56, 0x00, 0x00, 0x00
	.byte 0x9D, 0x29, 0x1D, 0x02, 0xBD, 0x42, 0x1D, 0x02, 0x00, 0x00, 0x00, 0x00, 0xE1, 0x43, 0x1D, 0x02
	.byte 0x00, 0x00, 0x00, 0x00, 0xB5, 0x44, 0x1D, 0x02, 0x6D, 0x44, 0x1D, 0x02, 0xB9, 0x45, 0x1D, 0x02
	.byte 0x59, 0x45, 0x1D, 0x02, 0xFD, 0x46, 0x1D, 0x02, 0xB1, 0x46, 0x1D, 0x02, 0x81, 0x48, 0x1D, 0x02
	.byte 0x39, 0x48, 0x1D, 0x02, 0x9D, 0x49, 0x1D, 0x02, 0x55, 0x49, 0x1D, 0x02, 0xB9, 0x4C, 0x1D, 0x02
	.byte 0xE1, 0x4C, 0x1D, 0x02, 0x15, 0x4C, 0x1D, 0x02, 0xFD, 0x4B, 0x1D, 0x02
_021F040C:
	.byte 0x03, 0x00, 0x00, 0x00
_021F0410:
	.byte 0x05, 0x00, 0x00, 0x00, 0x04, 0x00, 0x00, 0x00, 0x06, 0x00, 0x00, 0x00
_021F041C:
	.byte 0x10, 0x08, 0x04, 0x03
_021F0420:
	.byte 0x02, 0x00
_021F0422:
	.byte 0x00, 0x23, 0x46, 0x55
_021F0426:
	.byte 0x64, 0x00, 0x01, 0x02, 0x04, 0x08
_021F042C:
	.byte 0x10, 0x02, 0x04, 0x06
	.byte 0x09, 0x0C, 0x10, 0x14
_021F0434:
	.byte 0x19, 0x1E, 0x73, 0x00, 0x71, 0x08, 0xDB, 0x10, 0x36, 0x18, 0x6E, 0x21
	.byte 0x7D, 0x29, 0xBF, 0x30, 0x86, 0x39, 0xBE, 0x41
_021F0448:
	.byte 0x02, 0x08, 0x02, 0x07, 0x02, 0x06, 0x02, 0x05
	.byte 0x02, 0x04, 0x02, 0x03, 0x02, 0x02, 0x03, 0x02, 0x04, 0x02, 0x05, 0x02, 0x06, 0x02, 0x07, 0x02
	.byte 0x08, 0x02
_021F0462:
	.byte 0x06, 0x12, 0x06, 0x10, 0x06, 0x0E, 0x06, 0x0C, 0x06, 0x0A, 0x06, 0x08, 0x06, 0x06
	.byte 0x08, 0x06, 0x0A, 0x06, 0x0C, 0x06, 0x0E, 0x06, 0x10, 0x06, 0x12, 0x06
_021F047C:
	.byte 0x04, 0x04, 0x04, 0x04
	.byte 0x04, 0x02, 0x04, 0x00, 0x02, 0x04, 0x04, 0x04, 0x04, 0x04, 0x04, 0x04, 0x04, 0x08, 0x04, 0x02
	.byte 0x02, 0x04, 0x08, 0x02, 0x00, 0x08, 0x04, 0x04, 0x04, 0x04, 0x02, 0x08, 0x04, 0x08, 0x04, 0x08
	.byte 0x04, 0x04, 0x04, 0x02, 0x08, 0x04, 0x02, 0x04, 0x04, 0x08, 0x02, 0x04, 0x04, 0x04, 0x04, 0x04
	.byte 0x04, 0x04, 0x02, 0x02, 0x02, 0x04, 0x02, 0x00, 0x04, 0x04, 0x08, 0x04, 0x04, 0x04, 0x04, 0x04
	.byte 0x04, 0x04, 0x00, 0x08, 0x04, 0x08, 0x02, 0x04, 0x08, 0x08, 0x04, 0x02, 0x08, 0x04, 0x04, 0x04
	.byte 0x04, 0x04, 0x02, 0x08, 0x04, 0x02, 0x04, 0x08, 0x04, 0x02, 0x08, 0x04, 0x04, 0x04, 0x04, 0x08
	.byte 0x04, 0x04, 0x04, 0x02, 0x02, 0x02, 0x04, 0x04, 0x04, 0x02, 0x02, 0x02, 0x04, 0x08, 0x04, 0x08
	.byte 0x04, 0x04, 0x08, 0x00, 0x04, 0x04, 0x04, 0x04, 0x04, 0x04, 0x08, 0x02, 0x04, 0x04, 0x04, 0x04
	.byte 0x08, 0x04, 0x04, 0x02, 0x04, 0x04, 0x04, 0x04, 0x04, 0x08, 0x04, 0x04, 0x02, 0x02, 0x02, 0x04
	.byte 0x02, 0x04, 0x08, 0x04, 0x04, 0x04, 0x04, 0x04, 0x04, 0x04, 0x02, 0x08, 0x04, 0x08, 0x02, 0x02
	.byte 0x08, 0x04, 0x04, 0x08, 0x02, 0x04, 0x04, 0x04, 0x04, 0x04, 0x08, 0x08, 0x04, 0x04, 0x04, 0x08
	.byte 0x02, 0x02, 0x04, 0x04, 0x04, 0x02, 0x04, 0x04, 0x04, 0x02, 0x02, 0x08, 0x08, 0x02, 0x04, 0x02
	.byte 0x02, 0x08, 0x02, 0x04, 0x04, 0x04, 0x02, 0x04, 0x04, 0x04, 0x08, 0x04, 0x00, 0x04, 0x04, 0x04
	.byte 0x04, 0x04, 0x08, 0x02, 0x02, 0x04, 0x04, 0x02, 0x04, 0x04, 0x08, 0x04, 0x08, 0x04, 0x04, 0x04
	.byte 0x04, 0x02, 0x04, 0x04, 0x04, 0x04, 0x02, 0x04, 0x04, 0x00, 0x04, 0x04, 0x08, 0x04, 0x08, 0x04
	.byte 0x04, 0x04, 0x02, 0x02, 0x02, 0x08, 0x04, 0x04, 0x02, 0x08, 0x04, 0x04, 0x04, 0x04, 0x04, 0x04
	.byte 0x04, 0x04, 0x04, 0x02, 0x04, 0x04, 0x04, 0x04, 0x04, 0x04, 0x08, 0x04, 0x04, 0x02, 0x04, 0x04
	.byte 0x04, 0x04, 0x04, 0x08, 0x02, 0x04, 0x04, 0x04, 0x04, 0x08, 0x04, 0x04, 0x02, 0x00, 0x00, 0x00
	.byte 0x0F, 0x00, 0x00, 0x00, 0xB9, 0x88, 0x1D, 0x02, 0x76, 0x00, 0x00, 0x00, 0x69, 0x9A, 0x1D, 0x02
	.byte 0x4B, 0x00, 0x00, 0x00, 0x61, 0xC9, 0x1D, 0x02, 0x3B, 0x00, 0x00, 0x00, 0xFD, 0x86, 0x1D, 0x02
	.byte 0x7F, 0x00, 0x00, 0x00, 0x49, 0x98, 0x1D, 0x02, 0x2D, 0x00, 0x00, 0x00, 0x69, 0xCA, 0x1D, 0x02
	.byte 0x4B, 0x00, 0x00, 0x00, 0x09, 0xC9, 0x1D, 0x02, 0x13, 0x00, 0x00, 0x00, 0x95, 0x87, 0x1D, 0x02
	.byte 0x7B, 0x00, 0x00, 0x00, 0x11, 0xCC, 0x1D, 0x02, 0x2D, 0x00, 0x00, 0x00, 0xA1, 0xC2, 0x1D, 0x02
	.byte 0x8B, 0x00, 0x00, 0x00, 0x61, 0xB5, 0x1D, 0x02, 0x7F, 0x00, 0x00, 0x00, 0xA5, 0xC4, 0x1D, 0x02
_021F0600:
	.byte 0x4B, 0x00, 0x00, 0x00, 0xD5, 0xC4, 0x1D, 0x02, 0x38, 0x00, 0x00, 0x00, 0xE9, 0x90, 0x1D, 0x02
	.byte 0x3B, 0x00, 0x00, 0x00, 0x59, 0x8C, 0x1D, 0x02, 0x35, 0x00, 0x00, 0x00, 0xE5, 0x91, 0x1D, 0x02
	.byte 0x38, 0x00, 0x00, 0x00, 0x5D, 0xC2, 0x1D, 0x02, 0x38, 0x00, 0x00, 0x00, 0xA1, 0xC6, 0x1D, 0x02
	.byte 0x11, 0x00, 0x00, 0x00, 0x99, 0xCA, 0x1D, 0x02, 0x3B, 0x00, 0x00, 0x00, 0xF5, 0x8C, 0x1D, 0x02
	.byte 0x3B, 0x00, 0x00, 0x00, 0x91, 0x8C, 0x1D, 0x02, 0x3B, 0x00, 0x00, 0x00, 0x75, 0x8C, 0x1D, 0x02
	.byte 0x34, 0x00, 0x00, 0x00, 0x3D, 0x8A, 0x1D, 0x02, 0x77, 0x00, 0x00, 0x00, 0x2D, 0xC3, 0x1D, 0x02
	.byte 0x2D, 0x00, 0x00, 0x00, 0x91, 0xAC, 0x1D, 0x02, 0x34, 0x00, 0x00, 0x00, 0x09, 0x88, 0x1D, 0x02
	.byte 0x7F, 0x00, 0x00, 0x00, 0x65, 0x98, 0x1D, 0x02, 0x4B, 0x00, 0x00, 0x00, 0xC9, 0xC9, 0x1D, 0x02
	.byte 0x7B, 0x00, 0x00, 0x00, 0xE9, 0xCB, 0x1D, 0x02, 0x5D, 0x00, 0x00, 0x00, 0x55, 0xC0, 0x1D, 0x02
	.byte 0x47, 0x00, 0x00, 0x00, 0x05, 0xC1, 0x1D, 0x02, 0x77, 0x00, 0x00, 0x00, 0xB5, 0x8B, 0x1D, 0x02
	.byte 0x3B, 0x00, 0x00, 0x00, 0x41, 0x8D, 0x1D, 0x02, 0x3C, 0x00, 0x00, 0x00, 0x9D, 0x91, 0x1D, 0x02
	.byte 0x3B, 0x00, 0x00, 0x00, 0x3D, 0x8C, 0x1D, 0x02, 0x5A, 0x00, 0x00, 0x00, 0x41, 0x93, 0x1D, 0x02
	.byte 0x87, 0x00, 0x00, 0x00, 0xED, 0xBC, 0x1D, 0x02, 0x77, 0x00, 0x00, 0x00, 0xD9, 0xBB, 0x1D, 0x02
	.byte 0x34, 0x00, 0x00, 0x00, 0x65, 0xC6, 0x1D, 0x02, 0x0C, 0x00, 0x00, 0x00, 0xF1, 0xBA, 0x1D, 0x02
	.byte 0x0C, 0x00, 0x00, 0x00, 0x81, 0xBA, 0x1D, 0x02, 0x0C, 0x00, 0x00, 0x00, 0x0D, 0xBA, 0x1D, 0x02
	.byte 0x6C, 0x00, 0x00, 0x00, 0xDD, 0xB9, 0x1D, 0x02, 0x80, 0x00, 0x00, 0x00, 0xB9, 0xB9, 0x1D, 0x02
	.byte 0x54, 0x00, 0x00, 0x00, 0x7D, 0xC5, 0x1D, 0x02, 0x5A, 0x00, 0x00, 0x00, 0x2D, 0xCC, 0x1D, 0x02
	.byte 0x6D, 0x00, 0x00, 0x00, 0x85, 0x86, 0x1D, 0x02, 0x4B, 0x00, 0x00, 0x00, 0x9D, 0xBD, 0x1D, 0x02
	.byte 0x38, 0x00, 0x00, 0x00, 0x55, 0x91, 0x1D, 0x02, 0x77, 0x00, 0x00, 0x00, 0x39, 0xCB, 0x1D, 0x02
	.byte 0x2D, 0x00, 0x00, 0x00, 0xC1, 0xAA, 0x1D, 0x02, 0x47, 0x00, 0x00, 0x00, 0x1D, 0x8B, 0x1D, 0x02
	.byte 0x13, 0x00, 0x00, 0x00, 0x61, 0x87, 0x1D, 0x02, 0x13, 0x00, 0x00, 0x00, 0xC9, 0x87, 0x1D, 0x02
	.byte 0x55, 0x00, 0x00, 0x00, 0x21, 0xCD, 0x1D, 0x02, 0x38, 0x00, 0x00, 0x00, 0x19, 0x91, 0x1D, 0x02
	.byte 0x34, 0x00, 0x00, 0x00, 0x9D, 0xCE, 0x1D, 0x02, 0x38, 0x00, 0x00, 0x00, 0x19, 0xC2, 0x1D, 0x02
	.byte 0x83, 0x00, 0x00, 0x00, 0x95, 0xC8, 0x1D, 0x02, 0x76, 0x00, 0x00, 0x00, 0x71, 0xC1, 0x1D, 0x02
	.byte 0x47, 0x00, 0x00, 0x00, 0x3D, 0xC1, 0x1D, 0x02, 0x2D, 0x00, 0x00, 0x00, 0x79, 0xAB, 0x1D, 0x02
	.byte 0x3E, 0x00, 0x00, 0x00, 0x49, 0xAB, 0x1D, 0x02, 0x2D, 0x00, 0x00, 0x00, 0x25, 0xAB, 0x1D, 0x02
	.byte 0x2D, 0x00, 0x00, 0x00, 0xED, 0xAA, 0x1D, 0x02, 0x3B, 0x00, 0x00, 0x00, 0xBD, 0xC0, 0x1D, 0x02
	.byte 0x21, 0x00, 0x00, 0x00, 0xA9, 0x86, 0x1D, 0x02, 0x47, 0x00, 0x00, 0x00, 0x85, 0x8B, 0x1D, 0x02
	.byte 0x47, 0x00, 0x00, 0x00, 0x51, 0x8B, 0x1D, 0x02, 0x3B, 0x00, 0x00, 0x00, 0x35, 0x87, 0x1D, 0x02
	.byte 0x4B, 0x00, 0x00, 0x00, 0x6D, 0xBE, 0x1D, 0x02, 0x41, 0x00, 0x00, 0x00, 0x0D, 0x8C, 0x1D, 0x02
	.byte 0x38, 0x00, 0x00, 0x00, 0x71, 0x90, 0x1D, 0x02, 0x77, 0x00, 0x00, 0x00, 0x0D, 0xB0, 0x1D, 0x02
	.byte 0x54, 0x00, 0x00, 0x00, 0xF1, 0xA2, 0x1D, 0x02, 0x55, 0x00, 0x00, 0x00, 0x51, 0xA1, 0x1D, 0x02
	.byte 0x28, 0x00, 0x00, 0x00, 0x21, 0xA1, 0x1D, 0x02, 0x50, 0x00, 0x00, 0x00, 0xFD, 0xA0, 0x1D, 0x02
	.byte 0x68, 0x00, 0x00, 0x00, 0x4D, 0xA0, 0x1D, 0x02, 0x83, 0x00, 0x00, 0x00, 0xC5, 0x9F, 0x1D, 0x02
	.byte 0x4B, 0x00, 0x00, 0x00, 0x1D, 0x9F, 0x1D, 0x02, 0x4B, 0x00, 0x00, 0x00, 0x81, 0x9E, 0x1D, 0x02
	.byte 0x4B, 0x00, 0x00, 0x00, 0xB1, 0x9D, 0x1D, 0x02, 0x4B, 0x00, 0x00, 0x00, 0x1D, 0x9D, 0x1D, 0x02
	.byte 0x4B, 0x00, 0x00, 0x00, 0xED, 0x9C, 0x1D, 0x02, 0x4B, 0x00, 0x00, 0x00, 0xBD, 0x9C, 0x1D, 0x02
	.byte 0x4B, 0x00, 0x00, 0x00, 0x8D, 0x9C, 0x1D, 0x02, 0x4B, 0x00, 0x00, 0x00, 0xF9, 0x9B, 0x1D, 0x02
	.byte 0x36, 0x00, 0x00, 0x00, 0xC9, 0x9B, 0x1D, 0x02, 0x36, 0x00, 0x00, 0x00, 0xA5, 0x9B, 0x1D, 0x02
	.byte 0x6B, 0x00, 0x00, 0x00, 0x41, 0x9B, 0x1D, 0x02, 0x76, 0x00, 0x00, 0x00, 0xDD, 0x9A, 0x1D, 0x02
	.byte 0x5B, 0x00, 0x00, 0x00, 0x15, 0x92, 0x1D, 0x02, 0x5C, 0x00, 0x00, 0x00, 0x25, 0x92, 0x1D, 0x02
	.byte 0x5B, 0x00, 0x00, 0x00, 0x41, 0x92, 0x1D, 0x02, 0x5C, 0x00, 0x00, 0x00, 0x51, 0x92, 0x1D, 0x02
	.byte 0x5B, 0x00, 0x00, 0x00, 0x6D, 0x92, 0x1D, 0x02, 0x5C, 0x00, 0x00, 0x00, 0x7D, 0x92, 0x1D, 0x02
	.byte 0x0B, 0x00, 0x00, 0x00, 0xDD, 0xB0, 0x1D, 0x02, 0x0D, 0x00, 0x00, 0x00, 0xE5, 0xB0, 0x1D, 0x02
_021F08C0:
	.byte 0x55, 0x00, 0x00, 0x00, 0xF5, 0x85, 0x1D, 0x02, 0x8A, 0x00, 0x00, 0x00, 0xF5, 0x85, 0x1D, 0x02
	.byte 0x55, 0x00, 0x00, 0x00, 0x45, 0x97, 0x1D, 0x02, 0x8A, 0x00, 0x00, 0x00, 0x45, 0x97, 0x1D, 0x02
	.byte 0x55, 0x00, 0x00, 0x00, 0x61, 0x97, 0x1D, 0x02, 0x8A, 0x00, 0x00, 0x00, 0x61, 0x97, 0x1D, 0x02
	.byte 0x55, 0x00, 0x00, 0x00, 0x7D, 0x97, 0x1D, 0x02, 0x8A, 0x00, 0x00, 0x00, 0x7D, 0x97, 0x1D, 0x02
	.byte 0x55, 0x00, 0x00, 0x00, 0x99, 0x97, 0x1D, 0x02, 0x8A, 0x00, 0x00, 0x00, 0x99, 0x97, 0x1D, 0x02
	.byte 0x55, 0x00, 0x00, 0x00, 0xED, 0x97, 0x1D, 0x02, 0x7A, 0x00, 0x00, 0x00, 0x31, 0x98, 0x1D, 0x02
	.byte 0x8D, 0x00, 0x00, 0x00, 0xC1, 0xB5, 0x1D, 0x02, 0xA3, 0x00, 0x00, 0x00, 0x2D, 0xB6, 0x1D, 0x02
	.byte 0x7F, 0x00, 0x00, 0x00, 0xDD, 0x98, 0x1D, 0x02, 0x3B, 0x00, 0x00, 0x00, 0x35, 0x99, 0x1D, 0x02
	.byte 0x5B, 0x00, 0x00, 0x00, 0x05, 0xC6, 0x1D, 0x02, 0x5C, 0x00, 0x00, 0x00, 0x15, 0xC6, 0x1D, 0x02
	.byte 0x13, 0x00, 0x00, 0x00, 0x31, 0xC6, 0x1D, 0x02, 0x7F, 0x00, 0x00, 0x00, 0x8D, 0x8A, 0x1D, 0x02
	.byte 0x9C, 0x00, 0x00, 0x00, 0x65, 0xBB, 0x1D, 0x02, 0x13, 0x00, 0x00, 0x00, 0x99, 0xBB, 0x1D, 0x02
	.byte 0x55, 0x00, 0x00, 0x00, 0x2D, 0xA3, 0x1D, 0x02, 0x8A, 0x00, 0x00, 0x00, 0x2D, 0xA3, 0x1D, 0x02
	.byte 0x55, 0x00, 0x00, 0x00, 0xD9, 0xA3, 0x1D, 0x02, 0x8A, 0x00, 0x00, 0x00, 0xD9, 0xA3, 0x1D, 0x02
	.byte 0x38, 0x00, 0x00, 0x00, 0xF9, 0xC6, 0x1D, 0x02, 0x7F, 0x00, 0x00, 0x00, 0x8D, 0x8A, 0x1D, 0x02
	.byte 0x55, 0x00, 0x00, 0x00, 0x29, 0xA5, 0x1D, 0x02, 0x8A, 0x00, 0x00, 0x00, 0x29, 0xA5, 0x1D, 0x02
	.byte 0x55, 0x00, 0x00, 0x00, 0x25, 0xA6, 0x1D, 0x02, 0x8A, 0x00, 0x00, 0x00, 0x25, 0xA6, 0x1D, 0x02
	.byte 0x34, 0x00, 0x00, 0x00, 0x45, 0x88, 0x1D, 0x02, 0x3B, 0x00, 0x00, 0x00, 0x75, 0x88, 0x1D, 0x02
	.byte 0x38, 0x00, 0x00, 0x00, 0x45, 0xA8, 0x1D, 0x02, 0x6B, 0x00, 0x00, 0x00, 0x69, 0xA8, 0x1D, 0x02
	.byte 0x34, 0x00, 0x00, 0x00, 0x65, 0x8A, 0x1D, 0x02, 0x7F, 0x00, 0x00, 0x00, 0x8D, 0x8A, 0x1D, 0x02
	.byte 0x34, 0x00, 0x00, 0x00, 0xA9, 0x8A, 0x1D, 0x02, 0x7F, 0x00, 0x00, 0x00, 0xD1, 0x8A, 0x1D, 0x02
	.byte 0x03, 0x00, 0x00, 0x00, 0x45, 0xC8, 0x1D, 0x02, 0x04, 0x00, 0x00, 0x00, 0x65, 0xC8, 0x1D, 0x02
	.byte 0x12, 0x00, 0x00, 0x00, 0xF5, 0xAB, 0x1D, 0x02, 0x1B, 0x00, 0x00, 0x00, 0x1D, 0xAC, 0x1D, 0x02
	.byte 0x76, 0x00, 0x00, 0x00, 0x6D, 0xAC, 0x1D, 0x02, 0x2D, 0x00, 0x00, 0x00, 0x59, 0xAF, 0x1D, 0x02
	.byte 0x3B, 0x00, 0x00, 0x00, 0xE5, 0xAE, 0x1D, 0x02, 0x89, 0x00, 0x00, 0x00, 0x1D, 0xAF, 0x1D, 0x02
	.byte 0x65, 0x00, 0x00, 0x00, 0x6D, 0x93, 0x1D, 0x02, 0x67, 0x00, 0x00, 0x00, 0xCD, 0x96, 0x1D, 0x02
	.byte 0x0E, 0x00, 0x00, 0x00, 0xA9, 0x93, 0x1D, 0x02, 0x2A, 0x00, 0x00, 0x00, 0x1D, 0xB4, 0x1D, 0x02
	.byte 0x24, 0x00, 0x00, 0x00, 0x75, 0xB4, 0x1D, 0x02, 0x2D, 0x00, 0x00, 0x00, 0x31, 0xB4, 0x1D, 0x02
	.byte 0x2A, 0x00, 0x00, 0x00, 0x61, 0xB4, 0x1D, 0x02, 0x24, 0x00, 0x00, 0x00, 0x75, 0xB4, 0x1D, 0x02
	.byte 0x2D, 0x00, 0x00, 0x00, 0xC5, 0xB4, 0x1D, 0x02, 0x64, 0x00, 0x00, 0x00, 0x25, 0x9A, 0x1D, 0x02
	.byte 0x51, 0x00, 0x00, 0x00, 0x25, 0x9A, 0x1D, 0x02, 0x6C, 0x00, 0x00, 0x00, 0x45, 0x9A, 0x1D, 0x02
	.byte 0x2D, 0x00, 0x00, 0x00, 0xE9, 0xB7, 0x1D, 0x02, 0x9A, 0x00, 0x00, 0x00, 0x55, 0xB8, 0x1D, 0x02
	.byte 0x9B, 0x00, 0x00, 0x00, 0x7D, 0xB8, 0x1D, 0x02, 0x55, 0x00, 0x00, 0x00, 0xE9, 0xB8, 0x1D, 0x02
	.byte 0x8A, 0x00, 0x00, 0x00, 0xE9, 0xB8, 0x1D, 0x02, 0x4E, 0x00, 0x00, 0x00, 0x3D, 0xB9, 0x1D, 0x02
	.byte 0x1F, 0x00, 0x00, 0x00, 0xD9, 0xCA, 0x1D, 0x02, 0x2D, 0x00, 0x00, 0x00, 0xE1, 0xCA, 0x1D, 0x02
	.byte 0x09, 0x00, 0x00, 0x00, 0xE9, 0xCA, 0x1D, 0x02, 0x55, 0x00, 0x00, 0x00, 0x5D, 0xCC, 0x1D, 0x02
	.byte 0x58, 0x00, 0x00, 0x00, 0x81, 0xCC, 0x1D, 0x02, 0x56, 0x00, 0x00, 0x00, 0x81, 0xCC, 0x1D, 0x02
	.byte 0x70, 0x00, 0x00, 0x00, 0xED, 0xA6, 0x1D, 0x02, 0x74, 0x00, 0x00, 0x00, 0x49, 0xA7, 0x1D, 0x02
	.byte 0x75, 0x00, 0x00, 0x00, 0x81, 0xA7, 0x1D, 0x02, 0x33, 0x00, 0x00, 0x00, 0xDD, 0xA7, 0x1D, 0x02
	.byte 0x39, 0x00, 0x00, 0x00, 0x09, 0xA8, 0x1D, 0x02, 0x3A, 0x00, 0x00, 0x00, 0x21, 0xA8, 0x1D, 0x02
	.byte 0x7F, 0x00, 0x00, 0x00, 0xE1, 0xA9, 0x1D, 0x02, 0x38, 0x00, 0x00, 0x00, 0x71, 0xAA, 0x1D, 0x02
	.byte 0x2D, 0x00, 0x00, 0x00, 0x95, 0xAA, 0x1D, 0x02, 0x78, 0x00, 0x00, 0x00, 0x39, 0xC7, 0x1D, 0x02
	.byte 0x6A, 0x00, 0x00, 0x00, 0xBD, 0xC7, 0x1D, 0x02, 0x89, 0x00, 0x00, 0x00, 0xBD, 0xC7, 0x1D, 0x02
	.byte 0x4B, 0x00, 0x00, 0x00, 0xD1, 0xCD, 0x1D, 0x02, 0x6A, 0x00, 0x00, 0x00, 0xF9, 0xCD, 0x1D, 0x02
	.byte 0x89, 0x00, 0x00, 0x00, 0x19, 0xCE, 0x1D, 0x02, 0xD7, 0x00, 0xD8, 0x00, 0xDF, 0x00, 0x3F, 0x01
	.byte 0xE0, 0x00, 0xE5, 0x00, 0xE7, 0x00, 0x21, 0x01, 0x22, 0x01, 0x23, 0x01, 0x24, 0x01, 0x25, 0x01
	.byte 0x26, 0x01, 0x00, 0x00, 0x1E, 0x00, 0x00, 0x00, 0x2D, 0xAD, 0x1D, 0x02, 0x8A, 0x00, 0x00, 0x00
	.byte 0x59, 0xAD, 0x1D, 0x02, 0x21, 0x00, 0x00, 0x00, 0x85, 0xAD, 0x1D, 0x02, 0x02, 0x00, 0x00, 0x00
	.byte 0xD9, 0xAD, 0x1D, 0x02, 0x65, 0x00, 0x00, 0x00, 0x45, 0x95, 0x1D, 0x02, 0x67, 0x00, 0x00, 0x00
	.byte 0x59, 0x95, 0x1D, 0x02, 0x8A, 0x00, 0x00, 0x00, 0x6D, 0x95, 0x1D, 0x02, 0x02, 0x00, 0x00, 0x00
	.byte 0x7D, 0x95, 0x1D, 0x02, 0x1F, 0x00, 0x00, 0x00, 0x05, 0xAE, 0x1D, 0x02, 0x21, 0x00, 0x00, 0x00
	.byte 0x39, 0xAE, 0x1D, 0x02, 0x03, 0x00, 0x00, 0x00, 0x95, 0xAE, 0x1D, 0x02, 0x04, 0x00, 0x00, 0x00
	.byte 0xA5, 0xAE, 0x1D, 0x02, 0x6A, 0x00, 0x00, 0x00, 0xAD, 0xAE, 0x1D, 0x02, 0x65, 0x00, 0x00, 0x00
	.byte 0xD9, 0x93, 0x1D, 0x02, 0x67, 0x00, 0x00, 0x00, 0xCD, 0x96, 0x1D, 0x02, 0x8A, 0x00, 0x00, 0x00
	.byte 0xED, 0x93, 0x1D, 0x02, 0x55, 0x00, 0x00, 0x00, 0xED, 0x93, 0x1D, 0x02, 0x02, 0x00, 0x00, 0x00
	.byte 0xFD, 0x93, 0x1D, 0x02, 0x55, 0x00, 0x00, 0x00, 0x35, 0xB1, 0x1D, 0x02, 0x8A, 0x00, 0x00, 0x00
	.byte 0x35, 0xB1, 0x1D, 0x02, 0x03, 0x00, 0x00, 0x00, 0xD5, 0xB1, 0x1D, 0x02, 0x04, 0x00, 0x00, 0x00
	.byte 0x01, 0xB2, 0x1D, 0x02, 0x6A, 0x00, 0x00, 0x00, 0x25, 0xB2, 0x1D, 0x02, 0x65, 0x00, 0x00, 0x00
	.byte 0x85, 0x94, 0x1D, 0x02, 0x67, 0x00, 0x00, 0x00, 0xCD, 0x96, 0x1D, 0x02, 0x8A, 0x00, 0x00, 0x00
	.byte 0x99, 0x94, 0x1D, 0x02, 0x55, 0x00, 0x00, 0x00, 0x99, 0x94, 0x1D, 0x02, 0x02, 0x00, 0x00, 0x00
	.byte 0xA9, 0x94, 0x1D, 0x02, 0x65, 0x00, 0x00, 0x00, 0xC5, 0x94, 0x1D, 0x02, 0x67, 0x00, 0x00, 0x00
	.byte 0xCD, 0x96, 0x1D, 0x02, 0x8A, 0x00, 0x00, 0x00, 0xD9, 0x94, 0x1D, 0x02, 0x55, 0x00, 0x00, 0x00
	.byte 0xD9, 0x94, 0x1D, 0x02, 0x02, 0x00, 0x00, 0x00, 0xE9, 0x94, 0x1D, 0x02, 0x65, 0x00, 0x00, 0x00
	.byte 0x05, 0x95, 0x1D, 0x02, 0x67, 0x00, 0x00, 0x00, 0xCD, 0x96, 0x1D, 0x02, 0x8A, 0x00, 0x00, 0x00
	.byte 0x19, 0x95, 0x1D, 0x02, 0x55, 0x00, 0x00, 0x00, 0x19, 0x95, 0x1D, 0x02, 0x02, 0x00, 0x00, 0x00
	.byte 0x29, 0x95, 0x1D, 0x02, 0x65, 0x00, 0x00, 0x00, 0x99, 0x95, 0x1D, 0x02, 0x67, 0x00, 0x00, 0x00
	.byte 0xCD, 0x96, 0x1D, 0x02, 0x8A, 0x00, 0x00, 0x00, 0xAD, 0x95, 0x1D, 0x02, 0x2D, 0x00, 0x00, 0x00
	.byte 0xCD, 0x95, 0x1D, 0x02, 0x02, 0x00, 0x00, 0x00, 0xBD, 0x95, 0x1D, 0x02, 0x64, 0x00, 0x00, 0x00
	.byte 0x79, 0x99, 0x1D, 0x02, 0x51, 0x00, 0x00, 0x00, 0xA5, 0x99, 0x1D, 0x02, 0x6D, 0x00, 0x00, 0x00
	.byte 0xC9, 0x99, 0x1D, 0x02, 0x4A, 0x00, 0x00, 0x00, 0xE1, 0x99, 0x1D, 0x02, 0x82, 0x00, 0x00, 0x00
	.byte 0xF9, 0x99, 0x1D, 0x02, 0x38, 0x00, 0x00, 0x00, 0x29, 0xBF, 0x1D, 0x02, 0x64, 0x00, 0x00, 0x00
	.byte 0x59, 0xBF, 0x1D, 0x02, 0x51, 0x00, 0x00, 0x00, 0x59, 0xBF, 0x1D, 0x02, 0x6C, 0x00, 0x00, 0x00
	.byte 0x85, 0xBF, 0x1D, 0x02, 0x82, 0x00, 0x00, 0x00, 0x9D, 0xBF, 0x1D, 0x02, 0x65, 0x00, 0x00, 0x00
	.byte 0x19, 0x94, 0x1D, 0x02, 0x0E, 0x00, 0x00, 0x00, 0x61, 0x94, 0x1D, 0x02, 0x67, 0x00, 0x00, 0x00
	.byte 0xCD, 0x96, 0x1D, 0x02, 0x8A, 0x00, 0x00, 0x00, 0x41, 0x94, 0x1D, 0x02, 0x55, 0x00, 0x00, 0x00
	.byte 0x41, 0x94, 0x1D, 0x02, 0x02, 0x00, 0x00, 0x00, 0x51, 0x94, 0x1D, 0x02, 0x55, 0x00, 0x00, 0x00
	.byte 0x41, 0x89, 0x1D, 0x02, 0x58, 0x00, 0x00, 0x00, 0x65, 0x89, 0x1D, 0x02, 0x8A, 0x00, 0x00, 0x00
	.byte 0x41, 0x89, 0x1D, 0x02, 0x13, 0x00, 0x00, 0x00, 0xE9, 0x88, 0x1D, 0x02, 0x3B, 0x00, 0x00, 0x00
	.byte 0x0D, 0x89, 0x1D, 0x02, 0x77, 0x00, 0x00, 0x00, 0xB9, 0x89, 0x1D, 0x02, 0x56, 0x00, 0x00, 0x00
	.byte 0xA5, 0xB6, 0x1D, 0x02, 0x58, 0x00, 0x00, 0x00, 0xA5, 0xB6, 0x1D, 0x02, 0x8A, 0x00, 0x00, 0x00
	.byte 0xC1, 0xB6, 0x1D, 0x02, 0x89, 0x00, 0x00, 0x00, 0xE5, 0xB6, 0x1D, 0x02, 0x6A, 0x00, 0x00, 0x00
	.byte 0xFD, 0xB6, 0x1D, 0x02, 0x1F, 0x00, 0x00, 0x00, 0x35, 0xB7, 0x1D, 0x02, 0x21, 0x00, 0x00, 0x00
	.byte 0x75, 0xB7, 0x1D, 0x02, 0x57, 0x00, 0x00, 0x00, 0x55, 0xB2, 0x1D, 0x02, 0x58, 0x00, 0x00, 0x00
	.byte 0x55, 0xB2, 0x1D, 0x02, 0x8A, 0x00, 0x00, 0x00, 0x75, 0xB2, 0x1D, 0x02, 0x89, 0x00, 0x00, 0x00
	.byte 0xC9, 0xB2, 0x1D, 0x02, 0x6A, 0x00, 0x00, 0x00, 0xF9, 0xB2, 0x1D, 0x02, 0x79, 0x00, 0x00, 0x00
	.byte 0xB9, 0xB2, 0x1D, 0x02, 0x02, 0x00, 0x00, 0x00, 0x99, 0xB2, 0x1D, 0x02, 0x78, 0x00, 0x00, 0x00
	.byte 0x99, 0xB2, 0x1D, 0x02, 0x7E, 0x00, 0x00, 0x00, 0x99, 0xB2, 0x1D, 0x02, 0x57, 0x00, 0x00, 0x00
	.byte 0x1D, 0x8E, 0x1D, 0x02, 0x58, 0x00, 0x00, 0x00, 0x1D, 0x8E, 0x1D, 0x02, 0x8A, 0x00, 0x00, 0x00
	.byte 0x59, 0x8E, 0x1D, 0x02, 0x7E, 0x00, 0x00, 0x00, 0xDD, 0x8E, 0x1D, 0x02, 0x6A, 0x00, 0x00, 0x00
	.byte 0x1D, 0x8F, 0x1D, 0x02, 0x79, 0x00, 0x00, 0x00, 0x55, 0x8F, 0x1D, 0x02, 0x02, 0x00, 0x00, 0x00
	.byte 0xDD, 0x8E, 0x1D, 0x02, 0x78, 0x00, 0x00, 0x00, 0xDD, 0x8E, 0x1D, 0x02, 0x89, 0x00, 0x00, 0x00
	.byte 0x85, 0x8F, 0x1D, 0x02, 0x3B, 0x00, 0x00, 0x00, 0xCD, 0x8F, 0x1D, 0x02, 0x3C, 0x00, 0x00, 0x00
	.byte 0x1D, 0x90, 0x1D, 0x02
_021F0E74:
	.byte 0x16, 0x00, 0x00, 0x00
_021F0E78:
	.byte 0xE9, 0x85, 0x1D, 0x02
_021F0E7C:
	.byte 0x1D, 0x00, 0x00, 0x00
	.byte 0x61, 0x92, 0x1D, 0x02, 0x49, 0x00, 0x00, 0x00, 0x61, 0x92, 0x1D, 0x02, 0x27, 0x00, 0x00, 0x00
	.byte 0x79, 0x86, 0x1D, 0x02, 0x50, 0x00, 0x00, 0x00, 0x9D, 0x86, 0x1D, 0x02, 0x2F, 0x00, 0x00, 0x00
	.byte 0xF1, 0x86, 0x1D, 0x02, 0x34, 0x00, 0x00, 0x00, 0x09, 0x92, 0x1D, 0x02, 0x25, 0x00, 0x00, 0x00
	.byte 0x29, 0x87, 0x1D, 0x02, 0x4A, 0x00, 0x00, 0x00, 0x29, 0x87, 0x1D, 0x02, 0x6E, 0x00, 0x00, 0x00
	.byte 0x45, 0x8B, 0x1D, 0x02, 0x03, 0x00, 0x00, 0x00, 0x01, 0x8C, 0x1D, 0x02, 0x42, 0x00, 0x00, 0x00
	.byte 0x4D, 0x8C, 0x1D, 0x02, 0x43, 0x00, 0x00, 0x00, 0x69, 0x8C, 0x1D, 0x02, 0x41, 0x00, 0x00, 0x00
	.byte 0x85, 0x8C, 0x1D, 0x02, 0x44, 0x00, 0x00, 0x00, 0xA1, 0x8C, 0x1D, 0x02, 0x3E, 0x00, 0x00, 0x00
	.byte 0x35, 0x8D, 0x1D, 0x02, 0x5C, 0x00, 0x00, 0x00, 0xFD, 0x91, 0x1D, 0x02, 0x33, 0x00, 0x00, 0x00
	.byte 0x35, 0x92, 0x1D, 0x02, 0x56, 0x00, 0x00, 0x00, 0x61, 0x93, 0x1D, 0x02, 0x74, 0x00, 0x00, 0x00
	.byte 0x79, 0x8B, 0x1D, 0x02, 0x6F, 0x00, 0x00, 0x00, 0x79, 0x8B, 0x1D, 0x02, 0x3F, 0x00, 0x00, 0x00
	.byte 0xD9, 0x91, 0x1D, 0x02, 0x4F, 0x00, 0x00, 0x00, 0xDD, 0x90, 0x1D, 0x02, 0x66, 0x00, 0x00, 0x00
	.byte 0xCD, 0x93, 0x1D, 0x02, 0x02, 0x00, 0x00, 0x00, 0x55, 0x97, 0x1D, 0x02, 0x46, 0x00, 0x00, 0x00
	.byte 0x71, 0x97, 0x1D, 0x02, 0x2D, 0x00, 0x00, 0x00, 0x8D, 0x97, 0x1D, 0x02, 0x75, 0x00, 0x00, 0x00
	.byte 0xA9, 0x97, 0x1D, 0x02, 0x4C, 0x00, 0x00, 0x00, 0x3D, 0x98, 0x1D, 0x02, 0x0D, 0x00, 0x00, 0x00
	.byte 0x3D, 0x98, 0x1D, 0x02, 0x65, 0x00, 0x00, 0x00, 0x0D, 0x91, 0x1D, 0x02, 0x0C, 0x00, 0x00, 0x00
	.byte 0x3D, 0x96, 0x1D, 0x02, 0x5D, 0x00, 0x00, 0x00, 0xD1, 0x9A, 0x1D, 0x02, 0x5A, 0x00, 0x00, 0x00
	.byte 0x99, 0x9B, 0x1D, 0x02, 0x73, 0x00, 0x00, 0x00, 0x59, 0x98, 0x1D, 0x02, 0x2C, 0x00, 0x00, 0x00
	.byte 0x75, 0x98, 0x1D, 0x02, 0x13, 0x00, 0x00, 0x00, 0x19, 0x9A, 0x1D, 0x02, 0x5B, 0x00, 0x00, 0x00
	.byte 0x31, 0x8C, 0x1D, 0x02, 0x20, 0x00, 0x00, 0x00, 0x5D, 0x9A, 0x1D, 0x02, 0x5E, 0x00, 0x00, 0x00
	.byte 0x6D, 0x99, 0x1D, 0x02, 0x21, 0x00, 0x00, 0x00, 0x89, 0x87, 0x1D, 0x02, 0x22, 0x00, 0x00, 0x00
	.byte 0xBD, 0x87, 0x1D, 0x02, 0x3D, 0x00, 0x00, 0x00, 0x35, 0x9B, 0x1D, 0x02, 0x4D, 0x00, 0x00, 0x00
	.byte 0x39, 0x88, 0x1D, 0x02, 0x5F, 0x00, 0x00, 0x00, 0xFD, 0x87, 0x1D, 0x02, 0x37, 0x00, 0x00, 0x00
	.byte 0xAD, 0x88, 0x1D, 0x02, 0x04, 0x00, 0x00, 0x00, 0xBD, 0x9B, 0x1D, 0x02, 0x4B, 0x00, 0x00, 0x00
	.byte 0xBD, 0x9B, 0x1D, 0x02, 0x69, 0x00, 0x00, 0x00, 0xED, 0x9B, 0x1D, 0x02, 0x53, 0x00, 0x00, 0x00
	.byte 0x81, 0x9C, 0x1D, 0x02, 0x61, 0x00, 0x00, 0x00, 0xA9, 0x8B, 0x1D, 0x02, 0x59, 0x00, 0x00, 0x00
	.byte 0x49, 0x91, 0x1D, 0x02, 0x0E, 0x00, 0x00, 0x00, 0x59, 0x8A, 0x1D, 0x02, 0x45, 0x00, 0x00, 0x00
	.byte 0x15, 0xA1, 0x1D, 0x02, 0x78, 0x00, 0x00, 0x00, 0x91, 0x91, 0x1D, 0x02, 0x09, 0x00, 0x00, 0x00
	.byte 0xE1, 0x9C, 0x1D, 0x02, 0x26, 0x00, 0x00, 0x00, 0xB1, 0x9C, 0x1D, 0x02, 0x31, 0x00, 0x00, 0x00
	.byte 0x11, 0x9D, 0x1D, 0x02, 0x1B, 0x00, 0x00, 0x00, 0xFD, 0x9D, 0x1D, 0x02, 0x39, 0x00, 0x00, 0x00
	.byte 0x91, 0x8D, 0x1D, 0x02, 0x3A, 0x00, 0x00, 0x00, 0x91, 0x8D, 0x1D, 0x02, 0x38, 0x00, 0x00, 0x00
	.byte 0xA5, 0x9D, 0x1D, 0x02, 0x08, 0x00, 0x00, 0x00, 0x9D, 0x8A, 0x1D, 0x02, 0x51, 0x00, 0x00, 0x00
	.byte 0xE1, 0x8A, 0x1D, 0x02, 0x24, 0x00, 0x00, 0x00, 0x45, 0xA1, 0x1D, 0x02, 0x60, 0x00, 0x00, 0x00
	.byte 0x39, 0xA1, 0x1D, 0x02, 0x18, 0x00, 0x00, 0x00, 0x11, 0x9F, 0x1D, 0x02, 0x1E, 0x00, 0x00, 0x00
	.byte 0x21, 0xA3, 0x1D, 0x02, 0x1C, 0x00, 0x00, 0x00, 0xF1, 0xA0, 0x1D, 0x02, 0x58, 0x00, 0x00, 0x00
	.byte 0xCD, 0xA3, 0x1D, 0x02, 0x05, 0x00, 0x00, 0x00, 0xE1, 0xA6, 0x1D, 0x02, 0x55, 0x00, 0x00, 0x00
	.byte 0x9D, 0xA8, 0x1D, 0x02, 0x6D, 0x00, 0x00, 0x00, 0x39, 0xA8, 0x1D, 0x02, 0x57, 0x00, 0x00, 0x00
	.byte 0xB5, 0xAA, 0x1D, 0x02, 0x0A, 0x00, 0x00, 0x00, 0x0D, 0xAB, 0x1D, 0x02, 0x0B, 0x00, 0x00, 0x00
	.byte 0xE1, 0xAA, 0x1D, 0x02, 0x4E, 0x00, 0x00, 0x00, 0x19, 0xAB, 0x1D, 0x02, 0x07, 0x00, 0x00, 0x00
	.byte 0x0D, 0x94, 0x1D, 0x02, 0x0F, 0x00, 0x00, 0x00, 0x79, 0x94, 0x1D, 0x02, 0x48, 0x00, 0x00, 0x00
	.byte 0x79, 0x94, 0x1D, 0x02, 0x14, 0x00, 0x00, 0x00, 0x8D, 0x95, 0x1D, 0x02, 0x28, 0x00, 0x00, 0x00
	.byte 0xB9, 0x94, 0x1D, 0x02, 0x29, 0x00, 0x00, 0x00, 0x39, 0x95, 0x1D, 0x02, 0x11, 0x00, 0x00, 0x00
	.byte 0xF9, 0x94, 0x1D, 0x02, 0x71, 0x00, 0x00, 0x00, 0x6D, 0xAB, 0x1D, 0x02, 0x2B, 0x00, 0x00, 0x00
	.byte 0xE9, 0xAB, 0x1D, 0x02, 0x1A, 0x00, 0x00, 0x00, 0x85, 0xAC, 0x1D, 0x02, 0x7A, 0x00, 0x00, 0x00
	.byte 0x65, 0x90, 0x1D, 0x02, 0x12, 0x00, 0x00, 0x00, 0x01, 0xB0, 0x1D, 0x02, 0x6C, 0x00, 0x00, 0x00
	.byte 0x1D, 0xA5, 0x1D, 0x02, 0x6B, 0x00, 0x00, 0x00, 0x19, 0xA6, 0x1D, 0x02, 0x77, 0x00, 0x00, 0x00
	.byte 0xD5, 0xA6, 0x1D, 0x02, 0x6A, 0x00, 0x00, 0x00, 0xB9, 0x9F, 0x1D, 0x02, 0x32, 0x00, 0x00, 0x00
	.byte 0x29, 0xB1, 0x1D, 0x02, 0x10, 0x00, 0x00, 0x00, 0x41, 0xA0, 0x1D, 0x02, 0x68, 0x00, 0x00, 0x00
	.byte 0x49, 0xB2, 0x1D, 0x02, 0x36, 0x00, 0x00, 0x00, 0xF9, 0xAD, 0x1D, 0x02, 0x1F, 0x00, 0x00, 0x00
	.byte 0x55, 0xB4, 0x1D, 0x02, 0x72, 0x00, 0x00, 0x00, 0x11, 0xB4, 0x1D, 0x02, 0x70, 0x00, 0x00, 0x00
	.byte 0x31, 0x8A, 0x1D, 0x02, 0x06, 0x00, 0x00, 0x00, 0xD9, 0xAE, 0x1D, 0x02, 0x19, 0x00, 0x00, 0x00
	.byte 0x21, 0xAD, 0x1D, 0x02, 0x64, 0x00, 0x00, 0x00, 0xD1, 0x88, 0x1D, 0x02, 0x3B, 0x00, 0x00, 0x00
	.byte 0x05, 0xB4, 0x1D, 0x02, 0x15, 0x00, 0x00, 0x00, 0xB5, 0xB5, 0x1D, 0x02, 0x40, 0x00, 0x00, 0x00
	.byte 0x45, 0xB6, 0x1D, 0x02, 0x67, 0x00, 0x00, 0x00, 0xDD, 0xB7, 0x1D, 0x02, 0x3C, 0x00, 0x00, 0x00
	.byte 0xD1, 0xB8, 0x1D, 0x02, 0x2E, 0x00, 0x00, 0x00, 0xDD, 0xB8, 0x1D, 0x02, 0x62, 0x00, 0x00, 0x00
	.byte 0xAD, 0xB9, 0x1D, 0x02, 0x7B, 0x00, 0x00, 0x00, 0xD1, 0xB0, 0x1D, 0x02, 0x35, 0x00, 0x00, 0x00
	.byte 0xCD, 0xBB, 0x1D, 0x02, 0x54, 0x00, 0x00, 0x00, 0x59, 0xBB, 0x1D, 0x02, 0x01, 0x00, 0x00, 0x00
	.byte 0xD1, 0xB9, 0x1D, 0x02, 0x17, 0x00, 0x00, 0x00, 0x01, 0xBA, 0x1D, 0x02, 0x47, 0x00, 0x00, 0x00
	.byte 0x75, 0xBA, 0x1D, 0x02, 0x2A, 0x00, 0x00, 0x00, 0xE5, 0xBA, 0x1D, 0x02, 0x7C, 0x00, 0x00, 0x00
	.byte 0xE1, 0xBC, 0x1D, 0x02, 0x7D, 0x00, 0x00, 0x00, 0xC9, 0xBF, 0x1D, 0x02, 0x80, 0x00, 0x00, 0x00
	.byte 0xB1, 0xC0, 0x1D, 0x02, 0x81, 0x00, 0x00, 0x00, 0xF9, 0xC0, 0x1D, 0x02, 0x88, 0x00, 0x00, 0x00
	.byte 0x31, 0xC1, 0x1D, 0x02, 0x86, 0x00, 0x00, 0x00, 0xDD, 0xCB, 0x1D, 0x02, 0x87, 0x00, 0x00, 0x00
	.byte 0x05, 0xCC, 0x1D, 0x02, 0x7E, 0x00, 0x00, 0x00, 0x51, 0xCC, 0x1D, 0x02, 0x7F, 0x00, 0x00, 0x00
	.byte 0x15, 0xCD, 0x1D, 0x02, 0x82, 0x00, 0x00, 0x00, 0x61, 0xBE, 0x1D, 0x02, 0x83, 0x00, 0x00, 0x00
	.byte 0x0D, 0xC2, 0x1D, 0x02, 0x84, 0x00, 0x00, 0x00, 0x65, 0xC1, 0x1D, 0x02, 0x85, 0x00, 0x00, 0x00
	.byte 0x1D, 0xBF, 0x1D, 0x02, 0x89, 0x00, 0x00, 0x00, 0x51, 0xC2, 0x1D, 0x02, 0x8A, 0x00, 0x00, 0x00
	.byte 0x95, 0xC2, 0x1D, 0x02, 0x8B, 0x00, 0x00, 0x00, 0xD1, 0xCB, 0x1D, 0x02, 0x8C, 0x00, 0x00, 0x00
	.byte 0x21, 0xC3, 0x1D, 0x02, 0x8D, 0x00, 0x00, 0x00, 0x99, 0xC4, 0x1D, 0x02, 0x8E, 0x00, 0x00, 0x00
	.byte 0xC9, 0xC4, 0x1D, 0x02, 0x8F, 0x00, 0x00, 0x00, 0x65, 0xC5, 0x1D, 0x02, 0x90, 0x00, 0x00, 0x00
	.byte 0xED, 0xC5, 0x1D, 0x02, 0x91, 0x00, 0x00, 0x00, 0xF9, 0xC5, 0x1D, 0x02, 0x92, 0x00, 0x00, 0x00
	.byte 0x25, 0xC6, 0x1D, 0x02, 0x93, 0x00, 0x00, 0x00, 0x59, 0xC6, 0x1D, 0x02, 0x94, 0x00, 0x00, 0x00
	.byte 0x95, 0xC6, 0x1D, 0x02, 0x95, 0x00, 0x00, 0x00, 0xC5, 0xCD, 0x1D, 0x02, 0x96, 0x00, 0x00, 0x00
	.byte 0xB9, 0xCD, 0x1D, 0x02, 0x97, 0x00, 0x00, 0x00, 0x7D, 0xC8, 0x1D, 0x02, 0x98, 0x00, 0x00, 0x00
	.byte 0xBD, 0xC9, 0x1D, 0x02, 0x99, 0x00, 0x00, 0x00, 0x89, 0xC8, 0x1D, 0x02, 0x9A, 0x00, 0x00, 0x00
	.byte 0xFD, 0xC8, 0x1D, 0x02, 0x9B, 0x00, 0x00, 0x00, 0x55, 0xC9, 0x1D, 0x02, 0x9C, 0x00, 0x00, 0x00
	.byte 0x2D, 0xCB, 0x1D, 0x02, 0x9D, 0x00, 0x00, 0x00, 0x8D, 0xCA, 0x1D, 0x02, 0x9E, 0x00, 0x00, 0x00
	.byte 0xCD, 0xCA, 0x1D, 0x02, 0x9F, 0x00, 0x00, 0x00, 0xED, 0xC6, 0x1D, 0x02, 0xA0, 0x00, 0x00, 0x00
	.byte 0x11, 0x9F, 0x1D, 0x02, 0xA1, 0x00, 0x00, 0x00, 0x15, 0xC8, 0x1D, 0x02, 0xA2, 0x00, 0x00, 0x00
	.byte 0x91, 0xCE, 0x1D, 0x02, 0xA3, 0x00, 0x00, 0x00, 0x49, 0xB2, 0x1D, 0x02, 0xA4, 0x00, 0x00, 0x00
	.byte 0x49, 0xB2, 0x1D, 0x02, 0x01, 0x02, 0x03, 0x04, 0x05, 0x00, 0x00, 0x00, 0x38, 0x00, 0x00, 0x00
	.byte 0x89, 0xF7, 0x1D, 0x02, 0x38, 0x00, 0x00, 0x00, 0x59, 0xF8, 0x1D, 0x02, 0x38, 0x00, 0x00, 0x00
	.byte 0x41, 0xF7, 0x1D, 0x02, 0x62, 0x00, 0x00, 0x00, 0x29, 0xED, 0x1D, 0x02, 0x13, 0x00, 0x00, 0x00
	.byte 0x89, 0xF2, 0x1D, 0x02, 0x0F, 0x00, 0x00, 0x00, 0xA1, 0xE4, 0x1D, 0x02, 0x3C, 0x00, 0x00, 0x00
	.byte 0x9D, 0xE7, 0x1D, 0x02, 0x3B, 0x00, 0x00, 0x00, 0xFD, 0xE8, 0x1D, 0x02, 0x38, 0x00, 0x00, 0x00
	.byte 0x29, 0xF7, 0x1D, 0x02, 0x38, 0x00, 0x00, 0x00, 0x59, 0xF7, 0x1D, 0x02, 0x47, 0x00, 0x00, 0x00
	.byte 0x71, 0xEC, 0x1D, 0x02, 0x38, 0x00, 0x00, 0x00, 0xA1, 0xF7, 0x1D, 0x02, 0x38, 0x00, 0x00, 0x00
	.byte 0x41, 0xF8, 0x1D, 0x02, 0x34, 0x00, 0x00, 0x00, 0x21, 0xE6, 0x1D, 0x02, 0x36, 0x00, 0x00, 0x00
	.byte 0xDD, 0xE5, 0x1D, 0x02, 0x38, 0x00, 0x00, 0x00, 0xCD, 0xE6, 0x1D, 0x02, 0x3B, 0x00, 0x00, 0x00
	.byte 0x4D, 0xE7, 0x1D, 0x02, 0x38, 0x00, 0x00, 0x00, 0x71, 0xF8, 0x1D, 0x02, 0x38, 0x00, 0x00, 0x00
	.byte 0x11, 0xF7, 0x1D, 0x02, 0x38, 0x00, 0x00, 0x00, 0xE9, 0xF8, 0x1D, 0x02, 0x4B, 0x00, 0x00, 0x00
	.byte 0xBD, 0xFA, 0x1D, 0x02, 0x38, 0x00, 0x00, 0x00, 0x31, 0xF9, 0x1D, 0x02, 0x38, 0x00, 0x00, 0x00
	.byte 0x75, 0xF9, 0x1D, 0x02, 0x38, 0x00, 0x00, 0x00, 0xA1, 0xF7, 0x1D, 0x02, 0x38, 0x00, 0x00, 0x00
	.byte 0x71, 0xF7, 0x1D, 0x02, 0x13, 0x00, 0x00, 0x00, 0x89, 0xF2, 0x1D, 0x02, 0x9F, 0x00, 0x00, 0x00
	.byte 0xF9, 0xED, 0x1D, 0x02, 0x38, 0x00, 0x00, 0x00, 0xB9, 0xF7, 0x1D, 0x02, 0x38, 0x00, 0x00, 0x00
	.byte 0xD1, 0xF7, 0x1D, 0x02, 0x3C, 0x00, 0x00, 0x00, 0xE5, 0xE7, 0x1D, 0x02, 0x7C, 0x00, 0x00, 0x00
	.byte 0x8D, 0xF4, 0x1D, 0x02, 0x7C, 0x00, 0x00, 0x00, 0xA5, 0xF4, 0x1D, 0x02, 0x36, 0x00, 0x00, 0x00
	.byte 0x99, 0xE5, 0x1D, 0x02, 0x34, 0x00, 0x00, 0x00, 0x69, 0xE6, 0x1D, 0x02, 0x38, 0x00, 0x00, 0x00
	.byte 0xB9, 0xF7, 0x1D, 0x02, 0x38, 0x00, 0x00, 0x00, 0x71, 0xF8, 0x1D, 0x02, 0x38, 0x00, 0x00, 0x00
	.byte 0x0D, 0xE7, 0x1D, 0x02, 0x38, 0x00, 0x00, 0x00, 0x71, 0xF7, 0x1D, 0x02, 0x38, 0x00, 0x00, 0x00
	.byte 0xE9, 0xF7, 0x1D, 0x02, 0x38, 0x00, 0x00, 0x00, 0xF9, 0xF6, 0x1D, 0x02, 0x13, 0x00, 0x00, 0x00
	.byte 0x35, 0xE8, 0x1D, 0x02, 0x76, 0x00, 0x00, 0x00, 0xC5, 0xEF, 0x1D, 0x02, 0x3E, 0x00, 0x00, 0x00
	.byte 0xB9, 0xFC, 0x1D, 0x02, 0x38, 0x00, 0x00, 0x00, 0x89, 0xF7, 0x1D, 0x02, 0x83, 0x00, 0x00, 0x00
	.byte 0x01, 0xFC, 0x1D, 0x02, 0x38, 0x00, 0x00, 0x00, 0xA1, 0xF8, 0x1D, 0x02, 0x38, 0x00, 0x00, 0x00
	.byte 0x19, 0xF9, 0x1D, 0x02, 0x38, 0x00, 0x00, 0x00, 0x11, 0xF7, 0x1D, 0x02, 0x38, 0x00, 0x00, 0x00
	.byte 0x59, 0xF7, 0x1D, 0x02, 0x38, 0x00, 0x00, 0x00, 0xF9, 0xF6, 0x1D, 0x02, 0x3C, 0x00, 0x00, 0x00
	.byte 0x89, 0xFA, 0x1D, 0x02, 0x7B, 0x00, 0x00, 0x00, 0x61, 0xFA, 0x1D, 0x02, 0x47, 0x00, 0x00, 0x00
	.byte 0xB5, 0xEB, 0x1D, 0x02, 0x7C, 0x00, 0x00, 0x00, 0xD5, 0xF4, 0x1D, 0x02, 0x7C, 0x00, 0x00, 0x00
	.byte 0xBD, 0xF4, 0x1D, 0x02, 0x62, 0x00, 0x00, 0x00, 0xE9, 0xFC, 0x1D, 0x02, 0x85, 0x00, 0x00, 0x00
	.byte 0x6D, 0xED, 0x1D, 0x02, 0x38, 0x00, 0x00, 0x00, 0x39, 0xF4, 0x1D, 0x02, 0x8C, 0x00, 0x00, 0x00
	.byte 0x71, 0xF3, 0x1D, 0x02, 0x38, 0x00, 0x00, 0x00, 0x01, 0xF9, 0x1D, 0x02, 0x69, 0x00, 0x00, 0x00
	.byte 0xC5, 0xF0, 0x1D, 0x02, 0x13, 0x00, 0x00, 0x00, 0x89, 0xF2, 0x1D, 0x02, 0x38, 0x00, 0x00, 0x00
	.byte 0xD1, 0xF8, 0x1D, 0x02, 0x34, 0x00, 0x00, 0x00, 0x75, 0xE3, 0x1D, 0x02, 0x13, 0x00, 0x00, 0x00
	.byte 0xD5, 0xE3, 0x1D, 0x02, 0x38, 0x00, 0x00, 0x00, 0x29, 0xF7, 0x1D, 0x02, 0x38, 0x00, 0x00, 0x00
	.byte 0xC9, 0xF9, 0x1D, 0x02, 0x34, 0x00, 0x00, 0x00, 0x39, 0xE5, 0x1D, 0x02, 0x36, 0x00, 0x00, 0x00
	.byte 0x65, 0xE5, 0x1D, 0x02, 0x38, 0x00, 0x00, 0x00, 0xD1, 0xF7, 0x1D, 0x02, 0x38, 0x00, 0x00, 0x00
	.byte 0xB9, 0xF8, 0x1D, 0x02, 0x13, 0x00, 0x00, 0x00, 0x89, 0xF2, 0x1D, 0x02, 0x38, 0x00, 0x00, 0x00
	.byte 0x41, 0xF8, 0x1D, 0x02, 0x13, 0x00, 0x00, 0x00, 0x89, 0xF2, 0x1D, 0x02, 0x38, 0x00, 0x00, 0x00
	.byte 0x59, 0xF8, 0x1D, 0x02, 0x13, 0x00, 0x00, 0x00, 0x89, 0xF2, 0x1D, 0x02, 0x38, 0x00, 0x00, 0x00
	.byte 0x89, 0xF8, 0x1D, 0x02, 0x38, 0x00, 0x00, 0x00, 0x41, 0xF7, 0x1D, 0x02, 0x38, 0x00, 0x00, 0x00
	.byte 0xA1, 0xF8, 0x1D, 0x02, 0x38, 0x00, 0x00, 0x00, 0x89, 0xF8, 0x1D, 0x02, 0x0F, 0x00, 0x00, 0x00
	.byte 0xFD, 0xDE, 0x1D, 0x02, 0x72, 0x00, 0x00, 0x00, 0x39, 0xDF, 0x1D, 0x02, 0x0B, 0x00, 0x00, 0x00
	.byte 0x9D, 0xF3, 0x1D, 0x02, 0x0D, 0x00, 0x00, 0x00, 0xA5, 0xF3, 0x1D, 0x02, 0x4B, 0x00, 0x00, 0x00
	.byte 0xDD, 0xE0, 0x1D, 0x02, 0x72, 0x00, 0x00, 0x00, 0x81, 0xE1, 0x1D, 0x02, 0x55, 0x00, 0x00, 0x00
	.byte 0x05, 0xF4, 0x1D, 0x02, 0x58, 0x00, 0x00, 0x00, 0x21, 0xF4, 0x1D, 0x02, 0x4B, 0x00, 0x00, 0x00
	.byte 0xF9, 0xE0, 0x1D, 0x02, 0x72, 0x00, 0x00, 0x00, 0x81, 0xE1, 0x1D, 0x02, 0x0F, 0x00, 0x00, 0x00
	.byte 0xFD, 0xE3, 0x1D, 0x02, 0x72, 0x00, 0x00, 0x00, 0x41, 0xE4, 0x1D, 0x02, 0x6C, 0x00, 0x00, 0x00
	.byte 0xC5, 0xE4, 0x1D, 0x02, 0x73, 0x00, 0x00, 0x00, 0xF5, 0xE4, 0x1D, 0x02, 0x6C, 0x00, 0x00, 0x00
	.byte 0xC5, 0xE4, 0x1D, 0x02, 0x73, 0x00, 0x00, 0x00, 0xF5, 0xE4, 0x1D, 0x02, 0x13, 0x00, 0x00, 0x00
	.byte 0x21, 0xFA, 0x1D, 0x02, 0x12, 0x00, 0x00, 0x00, 0x3D, 0xFA, 0x1D, 0x02, 0x3B, 0x00, 0x00, 0x00
	.byte 0x1D, 0xF5, 0x1D, 0x02, 0x73, 0x00, 0x00, 0x00, 0x49, 0xF5, 0x1D, 0x02, 0x77, 0x00, 0x00, 0x00
	.byte 0x95, 0xF5, 0x1D, 0x02, 0x73, 0x00, 0x00, 0x00, 0xF5, 0xF5, 0x1D, 0x02, 0x77, 0x00, 0x00, 0x00
	.byte 0x41, 0xF6, 0x1D, 0x02, 0x73, 0x00, 0x00, 0x00, 0xAD, 0xF6, 0x1D, 0x02, 0x3B, 0x00, 0x00, 0x00
	.byte 0x79, 0xE8, 0x1D, 0x02, 0x3C, 0x00, 0x00, 0x00, 0xB5, 0xE8, 0x1D, 0x02, 0x74, 0x00, 0x00, 0x00
	.byte 0x59, 0xEA, 0x1D, 0x02, 0x75, 0x00, 0x00, 0x00, 0x8D, 0xEA, 0x1D, 0x02, 0x4B, 0x00, 0x00, 0x00
	.byte 0x29, 0xDA, 0x1D, 0x02, 0x72, 0x00, 0x00, 0x00, 0x6D, 0xDA, 0x1D, 0x02, 0x85, 0x00, 0x00, 0x00
	.byte 0xED, 0xEB, 0x1D, 0x02, 0x47, 0x00, 0x00, 0x00, 0x45, 0xEC, 0x1D, 0x02, 0x76, 0x00, 0x00, 0x00
	.byte 0xFD, 0xEE, 0x1D, 0x02, 0x72, 0x00, 0x00, 0x00, 0x49, 0xEF, 0x1D, 0x02, 0x4B, 0x00, 0x00, 0x00
	.byte 0x51, 0xF1, 0x1D, 0x02, 0x77, 0x00, 0x00, 0x00, 0xB1, 0xF1, 0x1D, 0x02, 0x38, 0x00, 0x00, 0x00
	.byte 0xE9, 0xF7, 0x1D, 0x02, 0x73, 0x00, 0x00, 0x00, 0xF5, 0xF7, 0x1D, 0x02, 0x47, 0x00, 0x00, 0x00
	.byte 0x65, 0xDB, 0x1D, 0x02, 0x44, 0x00, 0x00, 0x00, 0x39, 0xDD, 0x1D, 0x02, 0x47, 0x00, 0x00, 0x00
	.byte 0xE5, 0xDB, 0x1D, 0x02, 0x44, 0x00, 0x00, 0x00, 0x39, 0xDD, 0x1D, 0x02, 0x4B, 0x00, 0x00, 0x00
	.byte 0x21, 0xFD, 0x1D, 0x02, 0x72, 0x00, 0x00, 0x00, 0x69, 0xFD, 0x1D, 0x02, 0x4B, 0x00, 0x00, 0x00
	.byte 0xA5, 0xFD, 0x1D, 0x02, 0x72, 0x00, 0x00, 0x00, 0xED, 0xFD, 0x1D, 0x02, 0x47, 0x00, 0x00, 0x00
	.byte 0xC5, 0xDA, 0x1D, 0x02, 0x44, 0x00, 0x00, 0x00, 0x39, 0xDD, 0x1D, 0x02, 0x83, 0x00, 0x00, 0x00
	.byte 0x29, 0xFE, 0x1D, 0x02, 0x72, 0x00, 0x00, 0x00, 0x89, 0xFE, 0x1D, 0x02, 0x47, 0x00, 0x00, 0x00
	.byte 0xE5, 0xDA, 0x1D, 0x02, 0x44, 0x00, 0x00, 0x00, 0x39, 0xDD, 0x1D, 0x02, 0x47, 0x00, 0x00, 0x00
	.byte 0x05, 0xDB, 0x1D, 0x02, 0x44, 0x00, 0x00, 0x00, 0x39, 0xDD, 0x1D, 0x02, 0x47, 0x00, 0x00, 0x00
	.byte 0x25, 0xDB, 0x1D, 0x02, 0x44, 0x00, 0x00, 0x00, 0x39, 0xDD, 0x1D, 0x02, 0x47, 0x00, 0x00, 0x00
	.byte 0x45, 0xDB, 0x1D, 0x02, 0x44, 0x00, 0x00, 0x00, 0x39, 0xDD, 0x1D, 0x02, 0x47, 0x00, 0x00, 0x00
	.byte 0x85, 0xDB, 0x1D, 0x02, 0x44, 0x00, 0x00, 0x00, 0x39, 0xDD, 0x1D, 0x02, 0x47, 0x00, 0x00, 0x00
	.byte 0xA5, 0xDB, 0x1D, 0x02, 0x44, 0x00, 0x00, 0x00, 0x39, 0xDD, 0x1D, 0x02, 0x47, 0x00, 0x00, 0x00
	.byte 0xC5, 0xDB, 0x1D, 0x02, 0x44, 0x00, 0x00, 0x00, 0x39, 0xDD, 0x1D, 0x02, 0x47, 0x00, 0x00, 0x00
	.byte 0x05, 0xDC, 0x1D, 0x02, 0x44, 0x00, 0x00, 0x00, 0x39, 0xDD, 0x1D, 0x02, 0x47, 0x00, 0x00, 0x00
	.byte 0x25, 0xDC, 0x1D, 0x02, 0x44, 0x00, 0x00, 0x00, 0x39, 0xDD, 0x1D, 0x02, 0x47, 0x00, 0x00, 0x00
	.byte 0x45, 0xDC, 0x1D, 0x02, 0x44, 0x00, 0x00, 0x00, 0x39, 0xDD, 0x1D, 0x02, 0x47, 0x00, 0x00, 0x00
	.byte 0x65, 0xDC, 0x1D, 0x02, 0x44, 0x00, 0x00, 0x00, 0x39, 0xDD, 0x1D, 0x02, 0x47, 0x00, 0x00, 0x00
	.byte 0x85, 0xDC, 0x1D, 0x02, 0x44, 0x00, 0x00, 0x00, 0x39, 0xDD, 0x1D, 0x02, 0x47, 0x00, 0x00, 0x00
	.byte 0xA5, 0xDC, 0x1D, 0x02, 0x44, 0x00, 0x00, 0x00, 0x39, 0xDD, 0x1D, 0x02, 0x47, 0x00, 0x00, 0x00
	.byte 0xC5, 0xDC, 0x1D, 0x02, 0x44, 0x00, 0x00, 0x00, 0x39, 0xDD, 0x1D, 0x02, 0x81, 0x00, 0x00, 0x00
	.byte 0xBD, 0x00, 0x1E, 0x02, 0x38, 0x00, 0x00, 0x00, 0xAD, 0x00, 0x1E, 0x02, 0x88, 0x00, 0x00, 0x00
	.byte 0xC1, 0x02, 0x1E, 0x02, 0x81, 0x00, 0x00, 0x00, 0x5D, 0xFF, 0x1D, 0x02, 0x38, 0x00, 0x00, 0x00
	.byte 0x4D, 0xFF, 0x1D, 0x02, 0x88, 0x00, 0x00, 0x00, 0xC1, 0x02, 0x1E, 0x02, 0x81, 0x00, 0x00, 0x00
	.byte 0x6D, 0x01, 0x1E, 0x02, 0x38, 0x00, 0x00, 0x00, 0x5D, 0x01, 0x1E, 0x02, 0x88, 0x00, 0x00, 0x00
	.byte 0xC1, 0x02, 0x1E, 0x02, 0x81, 0x00, 0x00, 0x00, 0x89, 0xFF, 0x1D, 0x02, 0x38, 0x00, 0x00, 0x00
	.byte 0x79, 0xFF, 0x1D, 0x02, 0x88, 0x00, 0x00, 0x00, 0xC1, 0x02, 0x1E, 0x02, 0x81, 0x00, 0x00, 0x00
	.byte 0xB5, 0xFF, 0x1D, 0x02, 0x38, 0x00, 0x00, 0x00, 0xA5, 0xFF, 0x1D, 0x02, 0x88, 0x00, 0x00, 0x00
	.byte 0xC1, 0x02, 0x1E, 0x02, 0x22, 0x00, 0x00, 0x00, 0xD5, 0xE9, 0x1D, 0x02, 0x9C, 0x00, 0x00, 0x00
	.byte 0x1D, 0xEA, 0x1D, 0x02, 0x3B, 0x00, 0x00, 0x00, 0x49, 0xE9, 0x1D, 0x02, 0x22, 0x00, 0x00, 0x00
	.byte 0xD5, 0xE9, 0x1D, 0x02, 0x9C, 0x00, 0x00, 0x00, 0x1D, 0xEA, 0x1D, 0x02, 0x3B, 0x00, 0x00, 0x00
	.byte 0x81, 0xE9, 0x1D, 0x02, 0x22, 0x00, 0x00, 0x00, 0xD5, 0xE9, 0x1D, 0x02, 0x9C, 0x00, 0x00, 0x00
	.byte 0x1D, 0xEA, 0x1D, 0x02, 0x13, 0x00, 0x00, 0x00, 0xB9, 0xE9, 0x1D, 0x02, 0x74, 0x00, 0x00, 0x00
	.byte 0xF5, 0xEA, 0x1D, 0x02, 0x75, 0x00, 0x00, 0x00, 0x31, 0xEB, 0x1D, 0x02, 0x72, 0x00, 0x00, 0x00
	.byte 0x5D, 0xEB, 0x1D, 0x02, 0x55, 0x00, 0x00, 0x00, 0x4D, 0xFB, 0x1D, 0x02, 0x12, 0x00, 0x00, 0x00
	.byte 0x95, 0xFB, 0x1D, 0x02, 0x4B, 0x00, 0x00, 0x00, 0xAD, 0xFB, 0x1D, 0x02, 0x81, 0x00, 0x00, 0x00
	.byte 0xE1, 0xFF, 0x1D, 0x02, 0x38, 0x00, 0x00, 0x00, 0xD1, 0xFF, 0x1D, 0x02, 0x88, 0x00, 0x00, 0x00
	.byte 0xC1, 0x02, 0x1E, 0x02, 0x81, 0x00, 0x00, 0x00, 0xE9, 0x00, 0x1E, 0x02, 0x38, 0x00, 0x00, 0x00
	.byte 0xD9, 0x00, 0x1E, 0x02, 0x88, 0x00, 0x00, 0x00, 0xC1, 0x02, 0x1E, 0x02, 0x94, 0x00, 0x00, 0x00
	.byte 0x49, 0xEE, 0x1D, 0x02, 0x97, 0x00, 0x00, 0x00, 0x7D, 0xEE, 0x1D, 0x02, 0x72, 0x00, 0x00, 0x00
	.byte 0xA5, 0xEE, 0x1D, 0x02, 0x81, 0x00, 0x00, 0x00, 0x0D, 0x00, 0x1E, 0x02, 0x38, 0x00, 0x00, 0x00
	.byte 0xFD, 0xFF, 0x1D, 0x02, 0x88, 0x00, 0x00, 0x00, 0xC1, 0x02, 0x1E, 0x02, 0x81, 0x00, 0x00, 0x00
	.byte 0x39, 0x00, 0x1E, 0x02, 0x38, 0x00, 0x00, 0x00, 0x29, 0x00, 0x1E, 0x02, 0x88, 0x00, 0x00, 0x00
	.byte 0xC1, 0x02, 0x1E, 0x02, 0x81, 0x00, 0x00, 0x00, 0xB5, 0x01, 0x1E, 0x02, 0x38, 0x00, 0x00, 0x00
	.byte 0xC5, 0x01, 0x1E, 0x02, 0x88, 0x00, 0x00, 0x00, 0xC1, 0x02, 0x1E, 0x02, 0x81, 0x00, 0x00, 0x00
	.byte 0x15, 0x01, 0x1E, 0x02, 0x38, 0x00, 0x00, 0x00, 0x05, 0x01, 0x1E, 0x02, 0x88, 0x00, 0x00, 0x00
	.byte 0xC1, 0x02, 0x1E, 0x02, 0x81, 0x00, 0x00, 0x00, 0x99, 0x01, 0x1E, 0x02, 0x38, 0x00, 0x00, 0x00
	.byte 0x89, 0x01, 0x1E, 0x02, 0x88, 0x00, 0x00, 0x00, 0xC1, 0x02, 0x1E, 0x02, 0x81, 0x00, 0x00, 0x00
	.byte 0x41, 0x01, 0x1E, 0x02, 0x38, 0x00, 0x00, 0x00, 0x31, 0x01, 0x1E, 0x02, 0x88, 0x00, 0x00, 0x00
	.byte 0xC1, 0x02, 0x1E, 0x02, 0x81, 0x00, 0x00, 0x00, 0x65, 0x00, 0x1E, 0x02, 0x38, 0x00, 0x00, 0x00
	.byte 0x55, 0x00, 0x1E, 0x02, 0x88, 0x00, 0x00, 0x00, 0xC1, 0x02, 0x1E, 0x02, 0x81, 0x00, 0x00, 0x00
	.byte 0x05, 0xFF, 0x1D, 0x02, 0x38, 0x00, 0x00, 0x00, 0xF5, 0xFE, 0x1D, 0x02, 0x88, 0x00, 0x00, 0x00
	.byte 0xC1, 0x02, 0x1E, 0x02, 0x81, 0x00, 0x00, 0x00, 0x31, 0xFF, 0x1D, 0x02, 0x38, 0x00, 0x00, 0x00
	.byte 0x21, 0xFF, 0x1D, 0x02, 0x88, 0x00, 0x00, 0x00, 0xC1, 0x02, 0x1E, 0x02, 0x81, 0x00, 0x00, 0x00
	.byte 0x91, 0x00, 0x1E, 0x02, 0x38, 0x00, 0x00, 0x00, 0x81, 0x00, 0x1E, 0x02, 0x88, 0x00, 0x00, 0x00
	.byte 0xC1, 0x02, 0x1E, 0x02, 0x91, 0x00, 0x00, 0x00, 0x1D, 0xE3, 0x1D, 0x02, 0x55, 0x00, 0x00, 0x00
	.byte 0x1D, 0xE3, 0x1D, 0x02, 0x72, 0x00, 0x00, 0x00, 0x4D, 0xE3, 0x1D, 0x02, 0x73, 0x00, 0x00, 0x00
	.byte 0x59, 0xE3, 0x1D, 0x02, 0x91, 0x00, 0x00, 0x00, 0x81, 0xD4, 0x1D, 0x02, 0x55, 0x00, 0x00, 0x00
	.byte 0xB1, 0xD4, 0x1D, 0x02, 0x58, 0x00, 0x00, 0x00, 0xE1, 0xD4, 0x1D, 0x02, 0x72, 0x00, 0x00, 0x00
	.byte 0x15, 0xD5, 0x1D, 0x02
_021F1AC4:
	.byte 0x55, 0x00, 0x00, 0x00, 0x5D, 0xD0, 0x1D, 0x02, 0x91, 0x00, 0x00, 0x00
	.byte 0x5D, 0xD0, 0x1D, 0x02, 0x02, 0x00, 0x00, 0x00, 0x5D, 0xD0, 0x1D, 0x02, 0x72, 0x00, 0x00, 0x00
	.byte 0x69, 0xD0, 0x1D, 0x02, 0x73, 0x00, 0x00, 0x00, 0x69, 0xD0, 0x1D, 0x02, 0x55, 0x00, 0x00, 0x00
	.byte 0x81, 0xD0, 0x1D, 0x02, 0x91, 0x00, 0x00, 0x00, 0x81, 0xD0, 0x1D, 0x02, 0x02, 0x00, 0x00, 0x00
	.byte 0x81, 0xD0, 0x1D, 0x02, 0x72, 0x00, 0x00, 0x00, 0x8D, 0xD0, 0x1D, 0x02, 0x73, 0x00, 0x00, 0x00
	.byte 0x8D, 0xD0, 0x1D, 0x02, 0x55, 0x00, 0x00, 0x00, 0xC9, 0xD0, 0x1D, 0x02, 0x91, 0x00, 0x00, 0x00
	.byte 0xC9, 0xD0, 0x1D, 0x02, 0x02, 0x00, 0x00, 0x00, 0xC9, 0xD0, 0x1D, 0x02, 0x72, 0x00, 0x00, 0x00
	.byte 0xD5, 0xD0, 0x1D, 0x02, 0x73, 0x00, 0x00, 0x00, 0xD5, 0xD0, 0x1D, 0x02, 0x55, 0x00, 0x00, 0x00
	.byte 0xED, 0xD0, 0x1D, 0x02, 0x91, 0x00, 0x00, 0x00, 0xED, 0xD0, 0x1D, 0x02, 0x02, 0x00, 0x00, 0x00
	.byte 0xED, 0xD0, 0x1D, 0x02, 0x72, 0x00, 0x00, 0x00, 0xF9, 0xD0, 0x1D, 0x02, 0x73, 0x00, 0x00, 0x00
	.byte 0xF9, 0xD0, 0x1D, 0x02, 0x55, 0x00, 0x00, 0x00, 0x11, 0xD1, 0x1D, 0x02, 0x91, 0x00, 0x00, 0x00
	.byte 0x11, 0xD1, 0x1D, 0x02, 0x02, 0x00, 0x00, 0x00, 0x11, 0xD1, 0x1D, 0x02, 0x72, 0x00, 0x00, 0x00
	.byte 0x1D, 0xD1, 0x1D, 0x02, 0x73, 0x00, 0x00, 0x00, 0x1D, 0xD1, 0x1D, 0x02, 0x55, 0x00, 0x00, 0x00
	.byte 0x35, 0xD1, 0x1D, 0x02, 0x91, 0x00, 0x00, 0x00, 0x35, 0xD1, 0x1D, 0x02, 0x02, 0x00, 0x00, 0x00
	.byte 0x35, 0xD1, 0x1D, 0x02, 0x72, 0x00, 0x00, 0x00, 0x41, 0xD1, 0x1D, 0x02, 0x73, 0x00, 0x00, 0x00
	.byte 0x41, 0xD1, 0x1D, 0x02, 0x91, 0x00, 0x00, 0x00, 0x81, 0xD4, 0x1D, 0x02, 0x55, 0x00, 0x00, 0x00
	.byte 0xB1, 0xD4, 0x1D, 0x02, 0x58, 0x00, 0x00, 0x00, 0xE1, 0xD4, 0x1D, 0x02, 0x72, 0x00, 0x00, 0x00
	.byte 0x15, 0xD5, 0x1D, 0x02, 0x73, 0x00, 0x00, 0x00, 0x15, 0xD5, 0x1D, 0x02, 0x91, 0x00, 0x00, 0x00
	.byte 0x81, 0xD4, 0x1D, 0x02, 0x55, 0x00, 0x00, 0x00, 0xB1, 0xD4, 0x1D, 0x02, 0x58, 0x00, 0x00, 0x00
	.byte 0xE1, 0xD4, 0x1D, 0x02, 0x72, 0x00, 0x00, 0x00, 0x89, 0xD5, 0x1D, 0x02, 0x73, 0x00, 0x00, 0x00
	.byte 0x89, 0xD5, 0x1D, 0x02, 0x91, 0x00, 0x00, 0x00, 0x0D, 0xD7, 0x1D, 0x02, 0x55, 0x00, 0x00, 0x00
	.byte 0x45, 0xD7, 0x1D, 0x02, 0x58, 0x00, 0x00, 0x00, 0x7D, 0xD7, 0x1D, 0x02, 0x72, 0x00, 0x00, 0x00
	.byte 0x15, 0xD6, 0x1D, 0x02, 0x73, 0x00, 0x00, 0x00, 0x25, 0xD6, 0x1D, 0x02, 0x91, 0x00, 0x00, 0x00
	.byte 0x0D, 0xD7, 0x1D, 0x02, 0x55, 0x00, 0x00, 0x00, 0x45, 0xD7, 0x1D, 0x02, 0x58, 0x00, 0x00, 0x00
	.byte 0x7D, 0xD7, 0x1D, 0x02, 0x72, 0x00, 0x00, 0x00, 0x49, 0xD6, 0x1D, 0x02, 0x73, 0x00, 0x00, 0x00
	.byte 0x59, 0xD6, 0x1D, 0x02, 0x91, 0x00, 0x00, 0x00, 0x0D, 0xD7, 0x1D, 0x02, 0x55, 0x00, 0x00, 0x00
	.byte 0x45, 0xD7, 0x1D, 0x02, 0x58, 0x00, 0x00, 0x00, 0x7D, 0xD7, 0x1D, 0x02, 0x72, 0x00, 0x00, 0x00
	.byte 0x7D, 0xD6, 0x1D, 0x02, 0x73, 0x00, 0x00, 0x00, 0x8D, 0xD6, 0x1D, 0x02, 0x91, 0x00, 0x00, 0x00
	.byte 0x0D, 0xD7, 0x1D, 0x02, 0x55, 0x00, 0x00, 0x00, 0x45, 0xD7, 0x1D, 0x02, 0x58, 0x00, 0x00, 0x00
	.byte 0x7D, 0xD7, 0x1D, 0x02, 0x72, 0x00, 0x00, 0x00, 0xB1, 0xD6, 0x1D, 0x02, 0x73, 0x00, 0x00, 0x00
	.byte 0xC1, 0xD6, 0x1D, 0x02, 0x91, 0x00, 0x00, 0x00, 0x0D, 0xD7, 0x1D, 0x02, 0x55, 0x00, 0x00, 0x00
	.byte 0x45, 0xD7, 0x1D, 0x02, 0x58, 0x00, 0x00, 0x00, 0x7D, 0xD7, 0x1D, 0x02, 0x72, 0x00, 0x00, 0x00
	.byte 0xE5, 0xD6, 0x1D, 0x02, 0x73, 0x00, 0x00, 0x00, 0xF5, 0xD6, 0x1D, 0x02, 0x91, 0x00, 0x00, 0x00
	.byte 0x8D, 0xDD, 0x1D, 0x02, 0x55, 0x00, 0x00, 0x00, 0xC5, 0xDD, 0x1D, 0x02, 0x58, 0x00, 0x00, 0x00
	.byte 0xFD, 0xDD, 0x1D, 0x02, 0x72, 0x00, 0x00, 0x00, 0x7D, 0xD8, 0x1D, 0x02, 0x73, 0x00, 0x00, 0x00
	.byte 0x7D, 0xD8, 0x1D, 0x02, 0x91, 0x00, 0x00, 0x00, 0x8D, 0xDD, 0x1D, 0x02, 0x55, 0x00, 0x00, 0x00
	.byte 0xC5, 0xDD, 0x1D, 0x02, 0x58, 0x00, 0x00, 0x00, 0xFD, 0xDD, 0x1D, 0x02, 0x72, 0x00, 0x00, 0x00
	.byte 0x99, 0xD8, 0x1D, 0x02, 0x73, 0x00, 0x00, 0x00, 0x99, 0xD8, 0x1D, 0x02, 0x91, 0x00, 0x00, 0x00
	.byte 0x8D, 0xDD, 0x1D, 0x02, 0x55, 0x00, 0x00, 0x00, 0xC5, 0xDD, 0x1D, 0x02, 0x58, 0x00, 0x00, 0x00
	.byte 0xFD, 0xDD, 0x1D, 0x02, 0x72, 0x00, 0x00, 0x00, 0xB5, 0xD8, 0x1D, 0x02, 0x73, 0x00, 0x00, 0x00
	.byte 0xB5, 0xD8, 0x1D, 0x02, 0x91, 0x00, 0x00, 0x00, 0x8D, 0xDD, 0x1D, 0x02, 0x55, 0x00, 0x00, 0x00
	.byte 0xC5, 0xDD, 0x1D, 0x02, 0x58, 0x00, 0x00, 0x00, 0xFD, 0xDD, 0x1D, 0x02, 0x72, 0x00, 0x00, 0x00
	.byte 0xD1, 0xD8, 0x1D, 0x02, 0x73, 0x00, 0x00, 0x00, 0xD1, 0xD8, 0x1D, 0x02, 0x91, 0x00, 0x00, 0x00
	.byte 0x8D, 0xDD, 0x1D, 0x02, 0x55, 0x00, 0x00, 0x00, 0xC5, 0xDD, 0x1D, 0x02, 0x58, 0x00, 0x00, 0x00
	.byte 0xFD, 0xDD, 0x1D, 0x02, 0x72, 0x00, 0x00, 0x00, 0xED, 0xD8, 0x1D, 0x02, 0x73, 0x00, 0x00, 0x00
	.byte 0xED, 0xD8, 0x1D, 0x02, 0x91, 0x00, 0x00, 0x00, 0x8D, 0xDD, 0x1D, 0x02, 0x55, 0x00, 0x00, 0x00
	.byte 0xC5, 0xDD, 0x1D, 0x02, 0x58, 0x00, 0x00, 0x00, 0xFD, 0xDD, 0x1D, 0x02, 0x72, 0x00, 0x00, 0x00
	.byte 0x09, 0xD9, 0x1D, 0x02, 0x73, 0x00, 0x00, 0x00, 0x09, 0xD9, 0x1D, 0x02, 0x91, 0x00, 0x00, 0x00
	.byte 0x8D, 0xDD, 0x1D, 0x02, 0x55, 0x00, 0x00, 0x00, 0xC5, 0xDD, 0x1D, 0x02, 0x58, 0x00, 0x00, 0x00
	.byte 0xFD, 0xDD, 0x1D, 0x02, 0x72, 0x00, 0x00, 0x00, 0x8D, 0xD9, 0x1D, 0x02, 0x73, 0x00, 0x00, 0x00
	.byte 0x8D, 0xD9, 0x1D, 0x02, 0x55, 0x00, 0x00, 0x00, 0xA5, 0xD0, 0x1D, 0x02, 0x91, 0x00, 0x00, 0x00
	.byte 0xA5, 0xD0, 0x1D, 0x02, 0x02, 0x00, 0x00, 0x00, 0xA5, 0xD0, 0x1D, 0x02, 0x72, 0x00, 0x00, 0x00
	.byte 0xB1, 0xD0, 0x1D, 0x02, 0x73, 0x00, 0x00, 0x00, 0xB1, 0xD0, 0x1D, 0x02, 0x91, 0x00, 0x00, 0x00
	.byte 0x99, 0xDF, 0x1D, 0x02, 0x55, 0x00, 0x00, 0x00, 0xDD, 0xDF, 0x1D, 0x02, 0x02, 0x00, 0x00, 0x00
	.byte 0x01, 0xE0, 0x1D, 0x02, 0x58, 0x00, 0x00, 0x00, 0x25, 0xE0, 0x1D, 0x02, 0x72, 0x00, 0x00, 0x00
	.byte 0x59, 0xE0, 0x1D, 0x02, 0x73, 0x00, 0x00, 0x00, 0xC1, 0xE0, 0x1D, 0x02, 0x57, 0x00, 0x00, 0x00
	.byte 0x29, 0xE2, 0x1D, 0x02, 0x02, 0x00, 0x00, 0x00, 0x4D, 0xE2, 0x1D, 0x02, 0x58, 0x00, 0x00, 0x00
	.byte 0x29, 0xE2, 0x1D, 0x02, 0x77, 0x00, 0x00, 0x00, 0x71, 0xE2, 0x1D, 0x02, 0x72, 0x00, 0x00, 0x00
	.byte 0xA1, 0xE2, 0x1D, 0x02, 0x73, 0x00, 0x00, 0x00, 0x01, 0xE3, 0x1D, 0x02, 0x04, 0x00, 0x00, 0x00
	.byte 0x41, 0xD2, 0x1D, 0x02, 0x91, 0x00, 0x00, 0x00, 0x6D, 0xD2, 0x1D, 0x02, 0x55, 0x00, 0x00, 0x00
	.byte 0xA5, 0xD2, 0x1D, 0x02, 0x9D, 0x00, 0x00, 0x00, 0xA5, 0xD2, 0x1D, 0x02, 0x4F, 0x00, 0x00, 0x00
	.byte 0xD1, 0xD2, 0x1D, 0x02, 0x72, 0x00, 0x00, 0x00, 0xF9, 0xD2, 0x1D, 0x02, 0x73, 0x00, 0x00, 0x00
	.byte 0x21, 0xD3, 0x1D, 0x02
_021F1EA4:
	.byte 0x95, 0x00, 0x00, 0x00
_021F1EA8:
	.byte 0x75, 0xD0, 0x1D, 0x02
_021F1EAC:
	.byte 0x96, 0x00, 0x00, 0x00
	.byte 0x99, 0xD0, 0x1D, 0x02, 0x98, 0x00, 0x00, 0x00, 0xBD, 0xD0, 0x1D, 0x02, 0x99, 0x00, 0x00, 0x00
	.byte 0xE1, 0xD0, 0x1D, 0x02, 0x9C, 0x00, 0x00, 0x00, 0x05, 0xD1, 0x1D, 0x02, 0x97, 0x00, 0x00, 0x00
	.byte 0x29, 0xD1, 0x1D, 0x02, 0x9D, 0x00, 0x00, 0x00, 0x4D, 0xD1, 0x1D, 0x02, 0x9A, 0x00, 0x00, 0x00
	.byte 0x35, 0xD2, 0x1D, 0x02, 0x9B, 0x00, 0x00, 0x00, 0x75, 0xD4, 0x1D, 0x02, 0x2B, 0x00, 0x00, 0x00
	.byte 0x71, 0xD5, 0x1D, 0x02, 0x9E, 0x00, 0x00, 0x00, 0x7D, 0xD5, 0x1D, 0x02, 0x9F, 0x00, 0x00, 0x00
	.byte 0x09, 0xD6, 0x1D, 0x02, 0xA0, 0x00, 0x00, 0x00, 0x3D, 0xD6, 0x1D, 0x02, 0xA1, 0x00, 0x00, 0x00
	.byte 0x71, 0xD6, 0x1D, 0x02, 0xA2, 0x00, 0x00, 0x00, 0xA5, 0xD6, 0x1D, 0x02, 0xA3, 0x00, 0x00, 0x00
	.byte 0xD9, 0xD6, 0x1D, 0x02, 0xC9, 0x00, 0x00, 0x00, 0x71, 0xD8, 0x1D, 0x02, 0xCA, 0x00, 0x00, 0x00
	.byte 0x8D, 0xD8, 0x1D, 0x02, 0xCB, 0x00, 0x00, 0x00, 0xA9, 0xD8, 0x1D, 0x02, 0xCC, 0x00, 0x00, 0x00
	.byte 0xC5, 0xD8, 0x1D, 0x02, 0xCD, 0x00, 0x00, 0x00, 0xE1, 0xD8, 0x1D, 0x02, 0xCE, 0x00, 0x00, 0x00
	.byte 0xFD, 0xD8, 0x1D, 0x02, 0xCF, 0x00, 0x00, 0x00, 0x81, 0xD9, 0x1D, 0x02, 0xD0, 0x00, 0x00, 0x00
	.byte 0x1D, 0xDA, 0x1D, 0x02, 0xB8, 0x00, 0x00, 0x00, 0xB9, 0xDA, 0x1D, 0x02, 0xB9, 0x00, 0x00, 0x00
	.byte 0xD9, 0xDA, 0x1D, 0x02, 0xBA, 0x00, 0x00, 0x00, 0xF9, 0xDA, 0x1D, 0x02, 0xBB, 0x00, 0x00, 0x00
	.byte 0x19, 0xDB, 0x1D, 0x02, 0xBC, 0x00, 0x00, 0x00, 0x39, 0xDB, 0x1D, 0x02, 0xBD, 0x00, 0x00, 0x00
	.byte 0x59, 0xDB, 0x1D, 0x02, 0xBE, 0x00, 0x00, 0x00, 0x79, 0xDB, 0x1D, 0x02, 0xBF, 0x00, 0x00, 0x00
	.byte 0x99, 0xDB, 0x1D, 0x02, 0xC0, 0x00, 0x00, 0x00, 0xB9, 0xDB, 0x1D, 0x02, 0xC1, 0x00, 0x00, 0x00
	.byte 0xD9, 0xDB, 0x1D, 0x02, 0xC2, 0x00, 0x00, 0x00, 0xF9, 0xDB, 0x1D, 0x02, 0xC3, 0x00, 0x00, 0x00
	.byte 0x19, 0xDC, 0x1D, 0x02, 0xC4, 0x00, 0x00, 0x00, 0x39, 0xDC, 0x1D, 0x02, 0xC5, 0x00, 0x00, 0x00
	.byte 0x59, 0xDC, 0x1D, 0x02, 0xC6, 0x00, 0x00, 0x00, 0x79, 0xDC, 0x1D, 0x02, 0xC7, 0x00, 0x00, 0x00
	.byte 0x99, 0xDC, 0x1D, 0x02, 0xC8, 0x00, 0x00, 0x00, 0xB9, 0xDC, 0x1D, 0x02, 0xD2, 0x00, 0x00, 0x00
	.byte 0xF1, 0xDE, 0x1D, 0x02, 0xD1, 0x00, 0x00, 0x00, 0x8D, 0xDF, 0x1D, 0x02, 0xD3, 0x00, 0x00, 0x00
	.byte 0xD1, 0xE0, 0x1D, 0x02, 0xD4, 0x00, 0x00, 0x00, 0xED, 0xE0, 0x1D, 0x02, 0xD6, 0x00, 0x00, 0x00
	.byte 0x1D, 0xE2, 0x1D, 0x02, 0xDB, 0x00, 0x00, 0x00, 0x11, 0xE3, 0x1D, 0x02, 0xD5, 0x00, 0x00, 0x00
	.byte 0x69, 0xE3, 0x1D, 0x02, 0xD7, 0x00, 0x00, 0x00, 0xC9, 0xE3, 0x1D, 0x02, 0xD9, 0x00, 0x00, 0x00
	.byte 0xF1, 0xE3, 0x1D, 0x02, 0x17, 0x01, 0x00, 0x00, 0x95, 0xE4, 0x1D, 0x02, 0x3C, 0x01, 0x00, 0x00
	.byte 0x95, 0xE4, 0x1D, 0x02, 0xDD, 0x00, 0x00, 0x00, 0xB9, 0xE4, 0x1D, 0x02, 0x46, 0x01, 0x00, 0x00
	.byte 0x59, 0xE5, 0x1D, 0x02, 0x09, 0x01, 0x00, 0x00, 0x2D, 0xE5, 0x1D, 0x02, 0xE8, 0x00, 0x00, 0x00
	.byte 0x59, 0xE5, 0x1D, 0x02, 0x14, 0x01, 0x00, 0x00, 0x15, 0xE6, 0x1D, 0x02, 0xFF, 0x00, 0x00, 0x00
	.byte 0x5D, 0xE6, 0x1D, 0x02, 0x0A, 0x01, 0x00, 0x00, 0xC1, 0xE6, 0x1D, 0x02, 0x0B, 0x01, 0x00, 0x00
	.byte 0x01, 0xE7, 0x1D, 0x02, 0xE2, 0x00, 0x00, 0x00, 0x41, 0xE7, 0x1D, 0x02, 0xE3, 0x00, 0x00, 0x00
	.byte 0x91, 0xE7, 0x1D, 0x02, 0x01, 0x01, 0x00, 0x00, 0xD9, 0xE7, 0x1D, 0x02, 0x12, 0x01, 0x00, 0x00
	.byte 0x29, 0xE8, 0x1D, 0x02, 0xEC, 0x00, 0x00, 0x00, 0x11, 0xF5, 0x1D, 0x02, 0x00, 0x01, 0x00, 0x00
	.byte 0x8D, 0xE5, 0x1D, 0x02, 0x03, 0x01, 0x00, 0x00, 0xD1, 0xE5, 0x1D, 0x02, 0xE1, 0x00, 0x00, 0x00
	.byte 0x6D, 0xE8, 0x1D, 0x02, 0x02, 0x01, 0x00, 0x00, 0xF1, 0xE8, 0x1D, 0x02, 0xDC, 0x00, 0x00, 0x00
	.byte 0x3D, 0xE9, 0x1D, 0x02, 0x19, 0x01, 0x00, 0x00, 0xB9, 0xEF, 0x1D, 0x02, 0x29, 0x01, 0x00, 0x00
	.byte 0x75, 0xE9, 0x1D, 0x02, 0x1F, 0x01, 0x00, 0x00, 0xAD, 0xE9, 0x1D, 0x02, 0xDE, 0x00, 0x00, 0x00
	.byte 0xED, 0xF6, 0x1D, 0x02, 0xED, 0x00, 0x00, 0x00, 0x05, 0xF7, 0x1D, 0x02, 0xEE, 0x00, 0x00, 0x00
	.byte 0x1D, 0xF7, 0x1D, 0x02, 0xEF, 0x00, 0x00, 0x00, 0x35, 0xF7, 0x1D, 0x02, 0xF0, 0x00, 0x00, 0x00
	.byte 0x4D, 0xF7, 0x1D, 0x02, 0xF1, 0x00, 0x00, 0x00, 0x65, 0xF7, 0x1D, 0x02, 0xF2, 0x00, 0x00, 0x00
	.byte 0x7D, 0xF7, 0x1D, 0x02, 0xE9, 0x00, 0x00, 0x00, 0x95, 0xF7, 0x1D, 0x02, 0xF3, 0x00, 0x00, 0x00
	.byte 0xAD, 0xF7, 0x1D, 0x02, 0xF4, 0x00, 0x00, 0x00, 0xC5, 0xF7, 0x1D, 0x02, 0x47, 0x01, 0x00, 0x00
	.byte 0x21, 0xE5, 0x1D, 0x02, 0xF5, 0x00, 0x00, 0x00, 0xDD, 0xF7, 0x1D, 0x02, 0xF6, 0x00, 0x00, 0x00
	.byte 0x35, 0xF8, 0x1D, 0x02, 0xF7, 0x00, 0x00, 0x00, 0x4D, 0xF8, 0x1D, 0x02, 0xF8, 0x00, 0x00, 0x00
	.byte 0x65, 0xF8, 0x1D, 0x02, 0xF9, 0x00, 0x00, 0x00, 0x7D, 0xF8, 0x1D, 0x02, 0xFA, 0x00, 0x00, 0x00
	.byte 0x95, 0xF8, 0x1D, 0x02, 0xFB, 0x00, 0x00, 0x00, 0xAD, 0xF8, 0x1D, 0x02, 0x3A, 0x01, 0x00, 0x00
	.byte 0xC5, 0xF8, 0x1D, 0x02, 0x3B, 0x01, 0x00, 0x00, 0xDD, 0xF8, 0x1D, 0x02, 0x3D, 0x01, 0x00, 0x00
	.byte 0xF5, 0xF8, 0x1D, 0x02, 0xFE, 0x00, 0x00, 0x00, 0x0D, 0xF9, 0x1D, 0x02, 0x3E, 0x01, 0x00, 0x00
	.byte 0x25, 0xF9, 0x1D, 0x02, 0x13, 0x01, 0x00, 0x00, 0x4D, 0xEA, 0x1D, 0x02, 0xE6, 0x00, 0x00, 0x00
	.byte 0xE9, 0xEA, 0x1D, 0x02, 0x0C, 0x01, 0x00, 0x00, 0xA9, 0xEB, 0x1D, 0x02, 0x0E, 0x01, 0x00, 0x00
	.byte 0xE1, 0xEB, 0x1D, 0x02, 0x15, 0x01, 0x00, 0x00, 0x65, 0xEC, 0x1D, 0x02, 0x1E, 0x01, 0x00, 0x00
	.byte 0x1D, 0xED, 0x1D, 0x02, 0xFD, 0x00, 0x00, 0x00, 0x61, 0xED, 0x1D, 0x02, 0x0D, 0x01, 0x00, 0x00
	.byte 0xED, 0xED, 0x1D, 0x02, 0x0F, 0x01, 0x00, 0x00, 0x3D, 0xEE, 0x1D, 0x02, 0xEA, 0x00, 0x00, 0x00
	.byte 0xF1, 0xEE, 0x1D, 0x02, 0x10, 0x01, 0x00, 0x00, 0x89, 0xF5, 0x1D, 0x02, 0x11, 0x01, 0x00, 0x00
	.byte 0x35, 0xF6, 0x1D, 0x02, 0x88, 0x00, 0x00, 0x00, 0x69, 0xF9, 0x1D, 0x02, 0x87, 0x00, 0x00, 0x00
	.byte 0xBD, 0xF9, 0x1D, 0x02, 0x16, 0x01, 0x00, 0x00, 0x15, 0xFA, 0x1D, 0x02, 0x18, 0x01, 0x00, 0x00
	.byte 0xB9, 0xF0, 0x1D, 0x02, 0x1A, 0x01, 0x00, 0x00, 0x81, 0xF4, 0x1D, 0x02, 0x1B, 0x01, 0x00, 0x00
	.byte 0x99, 0xF4, 0x1D, 0x02, 0x1C, 0x01, 0x00, 0x00, 0xB1, 0xF4, 0x1D, 0x02, 0x1D, 0x01, 0x00, 0x00
	.byte 0xC9, 0xF4, 0x1D, 0x02, 0x20, 0x01, 0x00, 0x00, 0x45, 0xF1, 0x1D, 0x02, 0x21, 0x01, 0x00, 0x00
	.byte 0x41, 0xF2, 0x1D, 0x02, 0x22, 0x01, 0x00, 0x00, 0x4D, 0xF2, 0x1D, 0x02, 0x23, 0x01, 0x00, 0x00
	.byte 0x59, 0xF2, 0x1D, 0x02, 0x24, 0x01, 0x00, 0x00, 0x65, 0xF2, 0x1D, 0x02, 0x25, 0x01, 0x00, 0x00
	.byte 0x71, 0xF2, 0x1D, 0x02, 0x26, 0x01, 0x00, 0x00, 0x7D, 0xF2, 0x1D, 0x02, 0x2A, 0x01, 0x00, 0x00
	.byte 0xA5, 0xF2, 0x1D, 0x02, 0x2B, 0x01, 0x00, 0x00, 0xB1, 0xF2, 0x1D, 0x02, 0x2C, 0x01, 0x00, 0x00
	.byte 0xBD, 0xF2, 0x1D, 0x02, 0x2D, 0x01, 0x00, 0x00, 0xC9, 0xF2, 0x1D, 0x02, 0x2E, 0x01, 0x00, 0x00
	.byte 0xD5, 0xF2, 0x1D, 0x02, 0x2F, 0x01, 0x00, 0x00, 0xE1, 0xF2, 0x1D, 0x02, 0x30, 0x01, 0x00, 0x00
	.byte 0xED, 0xF2, 0x1D, 0x02, 0x31, 0x01, 0x00, 0x00, 0xF9, 0xF2, 0x1D, 0x02, 0x32, 0x01, 0x00, 0x00
	.byte 0x05, 0xF3, 0x1D, 0x02, 0x33, 0x01, 0x00, 0x00, 0x11, 0xF3, 0x1D, 0x02, 0x34, 0x01, 0x00, 0x00
	.byte 0x1D, 0xF3, 0x1D, 0x02, 0x35, 0x01, 0x00, 0x00, 0x29, 0xF3, 0x1D, 0x02, 0x36, 0x01, 0x00, 0x00
	.byte 0x35, 0xF3, 0x1D, 0x02, 0x37, 0x01, 0x00, 0x00, 0x41, 0xF3, 0x1D, 0x02, 0x38, 0x01, 0x00, 0x00
	.byte 0x4D, 0xF3, 0x1D, 0x02, 0x39, 0x01, 0x00, 0x00, 0x59, 0xF3, 0x1D, 0x02, 0x28, 0x01, 0x00, 0x00
	.byte 0x65, 0xF3, 0x1D, 0x02, 0xE4, 0x00, 0x00, 0x00, 0x91, 0xF3, 0x1D, 0x02, 0xDF, 0x00, 0x00, 0x00
	.byte 0xF9, 0xF3, 0x1D, 0x02, 0x3F, 0x01, 0x00, 0x00, 0xF9, 0xF3, 0x1D, 0x02, 0x70, 0x00, 0x00, 0x00
	.byte 0x2D, 0xF4, 0x1D, 0x02, 0x1B, 0x02, 0x00, 0x00, 0x55, 0xFA, 0x1D, 0x02, 0x1A, 0x02, 0x00, 0x00
	.byte 0x7D, 0xFA, 0x1D, 0x02, 0x1C, 0x02, 0x00, 0x00, 0xB1, 0xFA, 0x1D, 0x02, 0x1D, 0x02, 0x00, 0x00
	.byte 0x41, 0xFB, 0x1D, 0x02, 0x1E, 0x02, 0x00, 0x00, 0xF5, 0xFB, 0x1D, 0x02, 0x1F, 0x02, 0x00, 0x00
	.byte 0xAD, 0xFC, 0x1D, 0x02, 0x20, 0x02, 0x00, 0x00, 0xDD, 0xFC, 0x1D, 0x02, 0x21, 0x02, 0x00, 0x00
	.byte 0x15, 0xFD, 0x1D, 0x02, 0x22, 0x02, 0x00, 0x00, 0x99, 0xFD, 0x1D, 0x02, 0x23, 0x02, 0x00, 0x00
	.byte 0x1D, 0xFE, 0x1D, 0x02, 0x24, 0x02, 0x00, 0x00, 0xE9, 0xFE, 0x1D, 0x02, 0x25, 0x02, 0x00, 0x00
	.byte 0x15, 0xFF, 0x1D, 0x02, 0x26, 0x02, 0x00, 0x00, 0x41, 0xFF, 0x1D, 0x02, 0x27, 0x02, 0x00, 0x00
	.byte 0x6D, 0xFF, 0x1D, 0x02, 0x28, 0x02, 0x00, 0x00, 0x99, 0xFF, 0x1D, 0x02, 0x29, 0x02, 0x00, 0x00
	.byte 0xC5, 0xFF, 0x1D, 0x02, 0x2A, 0x02, 0x00, 0x00, 0xF1, 0xFF, 0x1D, 0x02, 0x2B, 0x02, 0x00, 0x00
	.byte 0x1D, 0x00, 0x1E, 0x02, 0x2C, 0x02, 0x00, 0x00, 0x49, 0x00, 0x1E, 0x02, 0x2D, 0x02, 0x00, 0x00
	.byte 0x75, 0x00, 0x1E, 0x02, 0x2E, 0x02, 0x00, 0x00, 0xA1, 0x00, 0x1E, 0x02, 0x2F, 0x02, 0x00, 0x00
	.byte 0xCD, 0x00, 0x1E, 0x02, 0x30, 0x02, 0x00, 0x00, 0xF9, 0x00, 0x1E, 0x02, 0x31, 0x02, 0x00, 0x00
	.byte 0x25, 0x01, 0x1E, 0x02, 0x32, 0x02, 0x00, 0x00, 0x51, 0x01, 0x1E, 0x02, 0x33, 0x02, 0x00, 0x00
	.byte 0x7D, 0x01, 0x1E, 0x02, 0x34, 0x02, 0x00, 0x00, 0xA9, 0x01, 0x1E, 0x02, 0x00, 0x00, 0x00, 0x00
	.byte 0x00, 0x00, 0x00, 0x00, 0x01, 0x02, 0x05, 0x03, 0x04, 0x06, 0x07, 0x00, 0x8F, 0x00, 0x00, 0x00
	.byte 0x65, 0x61, 0x1E, 0x02, 0xA0, 0x00, 0x00, 0x00, 0x19, 0x05, 0x1E, 0x02, 0x37, 0x00, 0x00, 0x00
	.byte 0xCD, 0x2A, 0x1E, 0x02, 0x9E, 0x00, 0x00, 0x00, 0x29, 0x06, 0x1E, 0x02, 0x1F, 0x00, 0x00, 0x00
	.byte 0x2D, 0x61, 0x1E, 0x02, 0xA0, 0x00, 0x00, 0x00, 0x8D, 0x0C, 0x1E, 0x02, 0xA1, 0x00, 0x00, 0x00
	.byte 0xAD, 0x54, 0x1E, 0x02, 0x37, 0x00, 0x00, 0x00, 0x49, 0x29, 0x1E, 0x02, 0x37, 0x00, 0x00, 0x00
	.byte 0x81, 0x2A, 0x1E, 0x02, 0xA0, 0x00, 0x00, 0x00, 0x79, 0x5B, 0x1E, 0x02, 0x37, 0x00, 0x00, 0x00
	.byte 0x65, 0x71, 0x1E, 0x02, 0x99, 0x00, 0x00, 0x00, 0x51, 0x30, 0x1E, 0x02, 0x32, 0x00, 0x00, 0x00
	.byte 0xF9, 0x30, 0x1E, 0x02, 0x37, 0x00, 0x00, 0x00, 0x1D, 0x28, 0x1E, 0x02, 0x45, 0x00, 0x00, 0x00
	.byte 0x3D, 0x20, 0x1E, 0x02, 0xA0, 0x00, 0x00, 0x00, 0xC5, 0x55, 0x1E, 0x02, 0x37, 0x00, 0x00, 0x00
	.byte 0xB1, 0x27, 0x1E, 0x02, 0x46, 0x00, 0x00, 0x00, 0xE9, 0x15, 0x1E, 0x02, 0x38, 0x00, 0x00, 0x00
	.byte 0x09, 0x29, 0x1E, 0x02, 0x37, 0x00, 0x00, 0x00, 0x89, 0x29, 0x1E, 0x02, 0x38, 0x00, 0x00, 0x00
	.byte 0x39, 0x2A, 0x1E, 0x02, 0x2C, 0x00, 0x00, 0x00, 0x8D, 0x1C, 0x1E, 0x02, 0x37, 0x00, 0x00, 0x00
	.byte 0xC1, 0x2D, 0x1E, 0x02, 0x37, 0x00, 0x00, 0x00, 0x29, 0x2E, 0x1E, 0x02, 0x37, 0x00, 0x00, 0x00
	.byte 0xD5, 0x2E, 0x1E, 0x02, 0x3D, 0x00, 0x00, 0x00, 0x51, 0x0F, 0x1E, 0x02, 0x2C, 0x00, 0x00, 0x00
	.byte 0x4D, 0x1C, 0x1E, 0x02, 0x4B, 0x00, 0x00, 0x00, 0xE5, 0x74, 0x1E, 0x02, 0x37, 0x00, 0x00, 0x00
	.byte 0xE5, 0x71, 0x1E, 0x02, 0xA0, 0x00, 0x00, 0x00, 0xD9, 0x58, 0x1E, 0x02, 0xA0, 0x00, 0x00, 0x00
	.byte 0x45, 0x1E, 0x1E, 0x02, 0x26, 0x00, 0x00, 0x00, 0x21, 0x09, 0x1E, 0x02, 0x62, 0x00, 0x00, 0x00
	.byte 0x05, 0x20, 0x1E, 0x02, 0xA0, 0x00, 0x00, 0x00, 0x89, 0x21, 0x1E, 0x02, 0x38, 0x00, 0x00, 0x00
	.byte 0xC9, 0x6F, 0x1E, 0x02, 0x37, 0x00, 0x00, 0x00, 0x0D, 0x70, 0x1E, 0x02, 0xA0, 0x00, 0x00, 0x00
	.byte 0x21, 0x56, 0x1E, 0x02, 0xA0, 0x00, 0x00, 0x00, 0xC1, 0x48, 0x1E, 0x02, 0x64, 0x00, 0x00, 0x00
	.byte 0xA5, 0x12, 0x1E, 0x02, 0xA0, 0x00, 0x00, 0x00, 0xC5, 0x4E, 0x1E, 0x02, 0xA0, 0x00, 0x00, 0x00
	.byte 0xE1, 0x56, 0x1E, 0x02, 0x46, 0x00, 0x00, 0x00, 0xB1, 0x15, 0x1E, 0x02, 0x25, 0x00, 0x00, 0x00
	.byte 0x95, 0x69, 0x1E, 0x02, 0x37, 0x00, 0x00, 0x00, 0xE9, 0x29, 0x1E, 0x02, 0x46, 0x00, 0x00, 0x00
	.byte 0xE5, 0x14, 0x1E, 0x02, 0x18, 0x00, 0x00, 0x00, 0xAD, 0x6D, 0x1E, 0x02, 0x5E, 0x00, 0x00, 0x00
	.byte 0xB1, 0x78, 0x1E, 0x02, 0x86, 0x00, 0x00, 0x00, 0x75, 0x59, 0x1E, 0x02, 0x4D, 0x00, 0x00, 0x00
	.byte 0x35, 0x5A, 0x1E, 0x02, 0x9E, 0x00, 0x00, 0x00, 0x55, 0x0D, 0x1E, 0x02, 0xA1, 0x00, 0x00, 0x00
	.byte 0x19, 0x53, 0x1E, 0x02, 0x46, 0x00, 0x00, 0x00, 0x79, 0x14, 0x1E, 0x02, 0x37, 0x00, 0x00, 0x00
	.byte 0x91, 0x2E, 0x1E, 0x02, 0xA0, 0x00, 0x00, 0x00, 0x01, 0x7D, 0x1E, 0x02, 0xA0, 0x00, 0x00, 0x00
	.byte 0xB1, 0x4B, 0x1E, 0x02, 0x1F, 0x00, 0x00, 0x00, 0x4D, 0x1B, 0x1E, 0x02, 0xA1, 0x00, 0x00, 0x00
	.byte 0x5D, 0x53, 0x1E, 0x02, 0x96, 0x00, 0x00, 0x00, 0x49, 0x65, 0x1E, 0x02, 0x95, 0x00, 0x00, 0x00
	.byte 0x01, 0x65, 0x1E, 0x02, 0xA0, 0x00, 0x00, 0x00, 0x89, 0x46, 0x1E, 0x02, 0xA1, 0x00, 0x00, 0x00
	.byte 0xE5, 0x53, 0x1E, 0x02, 0x28, 0x00, 0x00, 0x00, 0x91, 0x31, 0x1E, 0x02, 0xA1, 0x00, 0x00, 0x00
	.byte 0xD5, 0x52, 0x1E, 0x02, 0xA1, 0x00, 0x00, 0x00, 0x6D, 0x54, 0x1E, 0x02, 0xA1, 0x00, 0x00, 0x00
	.byte 0x29, 0x54, 0x1E, 0x02, 0x9E, 0x00, 0x00, 0x00, 0xDD, 0x06, 0x1E, 0x02
_021F261C:
	.byte 0xA0, 0x00, 0x00, 0x00
	.byte 0x69, 0x04, 0x1E, 0x02, 0x38, 0x00, 0x00, 0x00, 0x7D, 0x72, 0x1E, 0x02, 0x59, 0x00, 0x00, 0x00
	.byte 0x99, 0x6F, 0x1E, 0x02, 0x2C, 0x00, 0x00, 0x00, 0x41, 0x7B, 0x1E, 0x02, 0x64, 0x00, 0x00, 0x00
	.byte 0xD9, 0x10, 0x1E, 0x02, 0xA0, 0x00, 0x00, 0x00, 0xE1, 0x0C, 0x1E, 0x02, 0xA0, 0x00, 0x00, 0x00
	.byte 0x81, 0x0A, 0x1E, 0x02, 0x37, 0x00, 0x00, 0x00, 0xE5, 0x70, 0x1E, 0x02, 0x4B, 0x00, 0x00, 0x00
	.byte 0x79, 0x7A, 0x1E, 0x02, 0x9E, 0x00, 0x00, 0x00, 0x8D, 0x06, 0x1E, 0x02, 0x2C, 0x00, 0x00, 0x00
	.byte 0x75, 0x10, 0x1E, 0x02, 0xA0, 0x00, 0x00, 0x00, 0x71, 0x58, 0x1E, 0x02, 0x37, 0x00, 0x00, 0x00
	.byte 0x81, 0x70, 0x1E, 0x02, 0x9E, 0x00, 0x00, 0x00, 0x09, 0x7A, 0x1E, 0x02, 0x37, 0x00, 0x00, 0x00
	.byte 0x4D, 0x70, 0x1E, 0x02, 0xA0, 0x00, 0x00, 0x00, 0x81, 0x56, 0x1E, 0x02, 0x9E, 0x00, 0x00, 0x00
	.byte 0x99, 0x79, 0x1E, 0x02, 0x59, 0x00, 0x00, 0x00, 0x71, 0x82, 0x1E, 0x02, 0x37, 0x00, 0x00, 0x00
	.byte 0x99, 0x28, 0x1E, 0x02, 0xA1, 0x00, 0x00, 0x00, 0xED, 0x54, 0x1E, 0x02, 0xA0, 0x00, 0x00, 0x00
	.byte 0xF5, 0x4F, 0x1E, 0x02, 0x18, 0x00, 0x00, 0x00, 0x3D, 0x6F, 0x1E, 0x02, 0xA0, 0x00, 0x00, 0x00
	.byte 0x59, 0x7E, 0x1E, 0x02, 0x3A, 0x00, 0x00, 0x00, 0x25, 0x79, 0x1E, 0x02, 0xA0, 0x00, 0x00, 0x00
	.byte 0x65, 0x52, 0x1E, 0x02, 0xA0, 0x00, 0x00, 0x00, 0x8D, 0x50, 0x1E, 0x02, 0x46, 0x00, 0x00, 0x00
	.byte 0xC1, 0x14, 0x1E, 0x02, 0x9E, 0x00, 0x00, 0x00, 0xB1, 0x05, 0x1E, 0x02, 0xA0, 0x00, 0x00, 0x00
	.byte 0xC5, 0x0D, 0x1E, 0x02, 0xA0, 0x00, 0x00, 0x00, 0x7D, 0x51, 0x1E, 0x02, 0x18, 0x00, 0x00, 0x00
	.byte 0xF5, 0x6B, 0x1E, 0x02, 0xA0, 0x00, 0x00, 0x00, 0x1D, 0x78, 0x1E, 0x02, 0x28, 0x00, 0x00, 0x00
	.byte 0x4D, 0x32, 0x1E, 0x02, 0xA0, 0x00, 0x00, 0x00, 0x99, 0x4D, 0x1E, 0x02, 0x37, 0x00, 0x00, 0x00
	.byte 0x5D, 0x2D, 0x1E, 0x02, 0x15, 0x00, 0x00, 0x00, 0xE9, 0x69, 0x1E, 0x02, 0xA0, 0x00, 0x00, 0x00
	.byte 0x01, 0x4B, 0x1E, 0x02, 0xA0, 0x00, 0x00, 0x00, 0x71, 0x4A, 0x1E, 0x02, 0xA0, 0x00, 0x00, 0x00
	.byte 0x61, 0x77, 0x1E, 0x02, 0x24, 0x00, 0x00, 0x00, 0x5D, 0x69, 0x1E, 0x02, 0xA0, 0x00, 0x00, 0x00
	.byte 0x75, 0x4C, 0x1E, 0x02, 0xA0, 0x00, 0x00, 0x00, 0x29, 0x48, 0x1E, 0x02, 0x24, 0x00, 0x00, 0x00
	.byte 0x25, 0x69, 0x1E, 0x02, 0xA0, 0x00, 0x00, 0x00, 0x55, 0x47, 0x1E, 0x02, 0x83, 0x00, 0x00, 0x00
	.byte 0xE1, 0x75, 0x1E, 0x02, 0xA0, 0x00, 0x00, 0x00, 0xCD, 0x45, 0x1E, 0x02, 0x2C, 0x00, 0x00, 0x00
	.byte 0x65, 0x45, 0x1E, 0x02, 0xA1, 0x00, 0x00, 0x00, 0xA1, 0x53, 0x1E, 0x02, 0x4B, 0x00, 0x00, 0x00
	.byte 0x55, 0x75, 0x1E, 0x02, 0xA0, 0x00, 0x00, 0x00, 0x41, 0x43, 0x1E, 0x02, 0x83, 0x00, 0x00, 0x00
	.byte 0xB1, 0x65, 0x1E, 0x02, 0xA0, 0x00, 0x00, 0x00, 0x55, 0x41, 0x1E, 0x02, 0xA0, 0x00, 0x00, 0x00
	.byte 0x81, 0x40, 0x1E, 0x02, 0xA0, 0x00, 0x00, 0x00, 0xC1, 0x3F, 0x1E, 0x02, 0xA0, 0x00, 0x00, 0x00
	.byte 0x45, 0x3F, 0x1E, 0x02, 0x95, 0x00, 0x00, 0x00, 0xB9, 0x64, 0x1E, 0x02, 0xA0, 0x00, 0x00, 0x00
	.byte 0x21, 0x74, 0x1E, 0x02, 0x38, 0x00, 0x00, 0x00, 0x11, 0x83, 0x1E, 0x02, 0xA0, 0x00, 0x00, 0x00
	.byte 0xAD, 0x7C, 0x1E, 0x02, 0xA0, 0x00, 0x00, 0x00, 0x89, 0x73, 0x1E, 0x02, 0x74, 0x00, 0x00, 0x00
	.byte 0x49, 0x3A, 0x1E, 0x02, 0x47, 0x00, 0x00, 0x00, 0x05, 0x3A, 0x1E, 0x02, 0xA0, 0x00, 0x00, 0x00
	.byte 0x99, 0x09, 0x1E, 0x02, 0x95, 0x00, 0x00, 0x00, 0xAD, 0x82, 0x1E, 0x02, 0x85, 0x00, 0x00, 0x00
	.byte 0x91, 0x81, 0x1E, 0x02, 0xA0, 0x00, 0x00, 0x00, 0xC1, 0x37, 0x1E, 0x02, 0xA0, 0x00, 0x00, 0x00
	.byte 0x2D, 0x73, 0x1E, 0x02, 0x39, 0x00, 0x00, 0x00, 0x01, 0x73, 0x1E, 0x02, 0xA0, 0x00, 0x00, 0x00
	.byte 0x99, 0x7B, 0x1E, 0x02, 0x83, 0x00, 0x00, 0x00, 0x21, 0x34, 0x1E, 0x02, 0xB6, 0x00, 0xC5, 0x00
	.byte 0xCB, 0x00, 0xD5, 0x01, 0xF5, 0x01, 0x01, 0x02, 0x04, 0x08, 0x10, 0x20, 0x40, 0x80, 0x00, 0x00
	.byte 0xC8, 0x00, 0x50, 0x00, 0x3C, 0x00, 0x32, 0x00, 0x28, 0x00, 0x00, 0x00, 0x01, 0x00, 0x00, 0x00
	.byte 0x04, 0x00, 0x00, 0x00, 0x03, 0x00, 0x00, 0x00, 0x05, 0x0A, 0x0F, 0x1E, 0x23, 0x32, 0x41, 0x46
	.byte 0x55, 0x5A, 0x5F, 0x6E, 0x64, 0x96, 0x00, 0x00, 0x1F, 0x00, 0x00, 0x00, 0x09, 0x44, 0x1E, 0x02
	.byte 0xA0, 0x00, 0x00, 0x00, 0x8D, 0x44, 0x1E, 0x02, 0x62, 0x00, 0x00, 0x00, 0x01, 0x82, 0x1E, 0x02
	.byte 0x05, 0x00, 0x00, 0x00, 0xCD, 0x1F, 0x1E, 0x02, 0xA0, 0x00, 0x00, 0x00, 0xCD, 0x47, 0x1E, 0x02
	.byte 0x05, 0x00, 0x00, 0x00, 0xCD, 0x1F, 0x1E, 0x02, 0x83, 0x00, 0x00, 0x00, 0x35, 0x76, 0x1E, 0x02
	.byte 0x99, 0x00, 0x00, 0x00, 0x81, 0x30, 0x1E, 0x02, 0x24, 0x00, 0x00, 0x00, 0x55, 0x7D, 0x1E, 0x02
	.byte 0x37, 0x00, 0x00, 0x00, 0xB1, 0x7D, 0x1E, 0x02, 0x28, 0x00, 0x00, 0x00, 0x01, 0x0E, 0x1E, 0x02
	.byte 0xA0, 0x00, 0x00, 0x00, 0x29, 0x0E, 0x1E, 0x02, 0x2C, 0x00, 0x00, 0x00, 0x1D, 0x10, 0x1E, 0x02
	.byte 0x05, 0x00, 0x00, 0x00, 0x51, 0x10, 0x1E, 0x02, 0x18, 0x00, 0x00, 0x00, 0x85, 0x6A, 0x1E, 0x02
	.byte 0x19, 0x00, 0x00, 0x00, 0xD9, 0x6A, 0x1E, 0x02, 0x83, 0x00, 0x00, 0x00, 0xDD, 0x11, 0x1E, 0x02
	.byte 0x24, 0x00, 0x00, 0x00, 0xB9, 0x11, 0x1E, 0x02, 0x64, 0x00, 0x00, 0x00, 0x21, 0x13, 0x1E, 0x02
	.byte 0x61, 0x00, 0x00, 0x00, 0x55, 0x13, 0x1E, 0x02, 0x18, 0x00, 0x00, 0x00, 0x21, 0x6B, 0x1E, 0x02
	.byte 0x19, 0x00, 0x00, 0x00, 0xAD, 0x6B, 0x1E, 0x02, 0x2C, 0x00, 0x00, 0x00, 0x09, 0x15, 0x1E, 0x02
	.byte 0x46, 0x00, 0x00, 0x00, 0x59, 0x15, 0x1E, 0x02, 0x1F, 0x00, 0x00, 0x00, 0x3D, 0x16, 0x1E, 0x02
	.byte 0xA0, 0x00, 0x00, 0x00, 0x69, 0x16, 0x1E, 0x02, 0x62, 0x00, 0x00, 0x00, 0x39, 0x82, 0x1E, 0x02
	.byte 0x05, 0x00, 0x00, 0x00, 0xCD, 0x1F, 0x1E, 0x02, 0x18, 0x00, 0x00, 0x00, 0x39, 0x6E, 0x1E, 0x02
	.byte 0x38, 0x00, 0x00, 0x00, 0x15, 0x6F, 0x1E, 0x02, 0x1D, 0x00, 0x00, 0x00, 0xD5, 0x1B, 0x1E, 0x02
	.byte 0x1F, 0x00, 0x00, 0x00, 0xF9, 0x1B, 0x1E, 0x02, 0x25, 0x00, 0x00, 0x00, 0x9D, 0x1F, 0x1E, 0x02
	.byte 0x05, 0x00, 0x00, 0x00, 0xCD, 0x1F, 0x1E, 0x02, 0x3A, 0x00, 0x00, 0x00, 0x5D, 0x79, 0x1E, 0x02
	.byte 0x33, 0x00, 0x00, 0x00, 0x75, 0x79, 0x1E, 0x02, 0x2D, 0x00, 0x00, 0x00, 0x1D, 0x7F, 0x1E, 0x02
	.byte 0x60, 0x00, 0x00, 0x00, 0x6D, 0x7F, 0x1E, 0x02, 0xA0, 0x00, 0x00, 0x00, 0x2D, 0x07, 0x1E, 0x02
	.byte 0x05, 0x00, 0x00, 0x00, 0xCD, 0x1F, 0x1E, 0x02, 0x37, 0x00, 0x00, 0x00, 0x69, 0x27, 0x1E, 0x02
	.byte 0x35, 0x00, 0x00, 0x00, 0x8D, 0x27, 0x1E, 0x02, 0x06, 0x00, 0x00, 0x00, 0x21, 0x57, 0x1E, 0x02
	.byte 0x07, 0x00, 0x00, 0x00, 0x49, 0x57, 0x1E, 0x02, 0x06, 0x00, 0x00, 0x00, 0x01, 0x58, 0x1E, 0x02
	.byte 0x07, 0x00, 0x00, 0x00, 0x29, 0x58, 0x1E, 0x02, 0x37, 0x00, 0x00, 0x00, 0x19, 0x2B, 0x1E, 0x02
	.byte 0x83, 0x00, 0x00, 0x00, 0x5D, 0x2B, 0x1E, 0x02, 0x37, 0x00, 0x00, 0x00, 0xB5, 0x2B, 0x1E, 0x02
	.byte 0x83, 0x00, 0x00, 0x00, 0xF5, 0x2B, 0x1E, 0x02, 0x28, 0x00, 0x00, 0x00, 0x49, 0x2F, 0x1E, 0x02
	.byte 0x37, 0x00, 0x00, 0x00, 0xB1, 0x2F, 0x1E, 0x02, 0x99, 0x00, 0x00, 0x00, 0xE9, 0x2F, 0x1E, 0x02
	.byte 0x37, 0x00, 0x00, 0x00, 0x0D, 0x30, 0x1E, 0x02, 0x1F, 0x00, 0x00, 0x00, 0x7D, 0x5E, 0x1E, 0x02
	.byte 0xA0, 0x00, 0x00, 0x00, 0xB9, 0x5E, 0x1E, 0x02, 0x2C, 0x00, 0x00, 0x00, 0x75, 0x0F, 0x1E, 0x02
	.byte 0xA0, 0x00, 0x00, 0x00, 0xB9, 0x0F, 0x1E, 0x02, 0x99, 0x00, 0x00, 0x00, 0x29, 0x31, 0x1E, 0x02
	.byte 0x47, 0x00, 0x00, 0x00, 0x4D, 0x31, 0x1E, 0x02, 0x35, 0x00, 0x00, 0x00, 0x11, 0x60, 0x1E, 0x02
	.byte 0x37, 0x00, 0x00, 0x00, 0x55, 0x60, 0x1E, 0x02, 0x28, 0x00, 0x00, 0x00, 0xCD, 0x32, 0x1E, 0x02
	.byte 0x37, 0x00, 0x00, 0x00, 0xF9, 0x32, 0x1E, 0x02, 0x95, 0x00, 0x00, 0x00, 0xBD, 0x61, 0x1E, 0x02
	.byte 0x98, 0x00, 0x00, 0x00, 0x11, 0x62, 0x1E, 0x02, 0x81, 0x00, 0x00, 0x00, 0xC9, 0x36, 0x1E, 0x02
	.byte 0x83, 0x00, 0x00, 0x00, 0xF5, 0x36, 0x1E, 0x02, 0x95, 0x00, 0x00, 0x00, 0xF5, 0x62, 0x1E, 0x02
	.byte 0x98, 0x00, 0x00, 0x00, 0x49, 0x63, 0x1E, 0x02, 0x99, 0x00, 0x00, 0x00, 0x9D, 0x39, 0x1E, 0x02
	.byte 0x47, 0x00, 0x00, 0x00, 0xC1, 0x39, 0x1E, 0x02, 0x95, 0x00, 0x00, 0x00, 0x59, 0x63, 0x1E, 0x02
	.byte 0x98, 0x00, 0x00, 0x00, 0xAD, 0x63, 0x1E, 0x02, 0x95, 0x00, 0x00, 0x00, 0xBD, 0x63, 0x1E, 0x02
	.byte 0x98, 0x00, 0x00, 0x00, 0x11, 0x64, 0x1E, 0x02, 0x46, 0x00, 0x00, 0x00, 0x79, 0x7C, 0x1E, 0x02
	.byte 0x45, 0x00, 0x00, 0x00, 0xCD, 0x1D, 0x1E, 0x02, 0x94, 0x00, 0x00, 0x00, 0x21, 0x64, 0x1E, 0x02
	.byte 0x95, 0x00, 0x00, 0x00, 0x45, 0x64, 0x1E, 0x02, 0x38, 0x00, 0x00, 0x00, 0x81, 0x64, 0x1E, 0x02
	.byte 0x2E, 0x00, 0x00, 0x00, 0x21, 0x42, 0x1E, 0x02, 0x45, 0x00, 0x00, 0x00, 0x39, 0x42, 0x1E, 0x02
	.byte 0x23, 0x00, 0x00, 0x00, 0xB1, 0x42, 0x1E, 0x02, 0x22, 0x00, 0x00, 0x00, 0x6D, 0x66, 0x1E, 0x02
	.byte 0x28, 0x00, 0x00, 0x00, 0xA9, 0x66, 0x1E, 0x02, 0x50, 0x00, 0x00, 0x00, 0x55, 0x66, 0x1E, 0x02
	.byte 0xA0, 0x00, 0x00, 0x00, 0xCD, 0x66, 0x1E, 0x02, 0x01, 0x00, 0x00, 0x00, 0x11, 0x67, 0x1E, 0x02
	.byte 0x4C, 0x00, 0x00, 0x00, 0x29, 0x67, 0x1E, 0x02, 0xA0, 0x00, 0x00, 0x00, 0x01, 0x68, 0x1E, 0x02
	.byte 0x4B, 0x00, 0x00, 0x00, 0x41, 0x68, 0x1E, 0x02, 0x01, 0x00, 0x00, 0x00, 0x11, 0x67, 0x1E, 0x02
	.byte 0x46, 0x00, 0x00, 0x00, 0x19, 0x08, 0x1E, 0x02, 0x48, 0x00, 0x00, 0x00, 0x39, 0x08, 0x1E, 0x02
	.byte 0x45, 0x00, 0x00, 0x00, 0x51, 0x08, 0x1E, 0x02, 0x1C, 0x00, 0x00, 0x00, 0x19, 0x5F, 0x1E, 0x02
	.byte 0x99, 0x00, 0x00, 0x00, 0x31, 0x5F, 0x1E, 0x02, 0xA1, 0x00, 0x00, 0x00, 0x2D, 0x49, 0x1E, 0x02
	.byte 0x1C, 0x00, 0x00, 0x00, 0x19, 0x5F, 0x1E, 0x02, 0x99, 0x00, 0x00, 0x00, 0x31, 0x5F, 0x1E, 0x02
	.byte 0xA1, 0x00, 0x00, 0x00, 0x49, 0x49, 0x1E, 0x02, 0x1D, 0x00, 0x00, 0x00, 0xD5, 0x1B, 0x1E, 0x02
	.byte 0x1F, 0x00, 0x00, 0x00, 0xF9, 0x1B, 0x1E, 0x02, 0x18, 0x00, 0x00, 0x00, 0xDD, 0x6C, 0x1E, 0x02
	.byte 0x1F, 0x00, 0x00, 0x00, 0x85, 0x17, 0x1E, 0x02, 0x37, 0x00, 0x00, 0x00, 0xB1, 0x17, 0x1E, 0x02
	.byte 0x27, 0x00, 0x00, 0x00, 0xDD, 0x17, 0x1E, 0x02, 0x1F, 0x00, 0x00, 0x00, 0x85, 0x17, 0x1E, 0x02
	.byte 0x8F, 0x00, 0x00, 0x00, 0xED, 0x18, 0x1E, 0x02, 0x27, 0x00, 0x00, 0x00, 0xDD, 0x17, 0x1E, 0x02
	.byte 0x1F, 0x00, 0x00, 0x00, 0x39, 0x19, 0x1E, 0x02, 0x29, 0x00, 0x00, 0x00, 0x49, 0x19, 0x1E, 0x02
	.byte 0x46, 0x00, 0x00, 0x00, 0x59, 0x19, 0x1E, 0x02, 0x1F, 0x00, 0x00, 0x00, 0x7D, 0x19, 0x1E, 0x02
	.byte 0x29, 0x00, 0x00, 0x00, 0x8D, 0x19, 0x1E, 0x02, 0x46, 0x00, 0x00, 0x00, 0x9D, 0x19, 0x1E, 0x02
	.byte 0x1F, 0x00, 0x00, 0x00, 0xC1, 0x19, 0x1E, 0x02, 0x29, 0x00, 0x00, 0x00, 0xD1, 0x19, 0x1E, 0x02
	.byte 0x46, 0x00, 0x00, 0x00, 0xE1, 0x19, 0x1E, 0x02, 0x53, 0x00, 0x00, 0x00, 0x21, 0x1D, 0x1E, 0x02
	.byte 0x32, 0x00, 0x00, 0x00, 0x79, 0x1D, 0x1E, 0x02, 0x37, 0x00, 0x00, 0x00, 0x9D, 0x1D, 0x1E, 0x02
	.byte 0x45, 0x00, 0x00, 0x00, 0xCD, 0x1D, 0x1E, 0x02, 0x24, 0x00, 0x00, 0x00, 0xF5, 0x1D, 0x1E, 0x02
	.byte 0x27, 0x00, 0x00, 0x00, 0x11, 0x1E, 0x1E, 0x02, 0x24, 0x00, 0x00, 0x00, 0x99, 0x20, 0x1E, 0x02
	.byte 0x4B, 0x00, 0x00, 0x00, 0xE1, 0x20, 0x1E, 0x02, 0x01, 0x00, 0x00, 0x00, 0x49, 0x21, 0x1E, 0x02
	.byte 0x24, 0x00, 0x00, 0x00, 0xF5, 0x21, 0x1E, 0x02, 0x04, 0x00, 0x00, 0x00, 0x69, 0x22, 0x1E, 0x02
	.byte 0x77, 0x00, 0x00, 0x00, 0x1D, 0x23, 0x1E, 0x02, 0x01, 0x00, 0xC8, 0x00, 0x04, 0x00, 0x96, 0x00
	.byte 0x09, 0x00, 0x64, 0x00, 0x10, 0x00, 0x50, 0x00, 0x20, 0x00, 0x28, 0x00, 0x30, 0x00, 0x14, 0x00
	.byte 0x30, 0x00, 0x00, 0x00, 0x4D, 0x2C, 0x1E, 0x02, 0x31, 0x00, 0x00, 0x00, 0x89, 0x2C, 0x1E, 0x02
	.byte 0x37, 0x00, 0x00, 0x00, 0x21, 0x2D, 0x1E, 0x02, 0xA0, 0x00, 0x00, 0x00, 0x65, 0x5C, 0x1E, 0x02
	.byte 0x1F, 0x00, 0x00, 0x00, 0x19, 0x5C, 0x1E, 0x02, 0x0D, 0x00, 0x00, 0x00, 0x89, 0x5C, 0x1E, 0x02
	.byte 0x06, 0x02, 0x07, 0x02, 0x01, 0x00, 0x00, 0x00, 0x08, 0x02, 0x07, 0x02, 0x02, 0x00, 0x00, 0x00
	.byte 0x06, 0x02, 0x08, 0x02, 0x03, 0x00, 0x00, 0x00, 0x99, 0x00, 0x00, 0x00, 0x81, 0x30, 0x1E, 0x02
	.byte 0x32, 0x00, 0x00, 0x00, 0xA5, 0x30, 0x1E, 0x02, 0x34, 0x00, 0x00, 0x00, 0xC9, 0x30, 0x1E, 0x02
	.byte 0x01, 0x00, 0x00, 0x00, 0x02, 0x00, 0x00, 0x00, 0x05, 0x00, 0x00, 0x00, 0x03, 0x00, 0x00, 0x00
	.byte 0x04, 0x00, 0x00, 0x00, 0x06, 0x00, 0x00, 0x00, 0x07, 0x00, 0x00, 0x00, 0x01, 0x00, 0x00, 0x00
	.byte 0x02, 0x00, 0x00, 0x00, 0x03, 0x00, 0x00, 0x00, 0x04, 0x00, 0x00, 0x00, 0x05, 0x00, 0x00, 0x00
	.byte 0x06, 0x00, 0x00, 0x00, 0x07, 0x00, 0x00, 0x00, 0x03, 0x00, 0x00, 0x00, 0x15, 0x3B, 0x1E, 0x02
	.byte 0x1F, 0x00, 0x00, 0x00, 0x65, 0x3B, 0x1E, 0x02, 0x21, 0x00, 0x00, 0x00, 0xBD, 0x3B, 0x1E, 0x02
	.byte 0xA0, 0x00, 0x00, 0x00, 0xF5, 0x3B, 0x1E, 0x02, 0x1F, 0x00, 0x00, 0x00, 0x69, 0x0B, 0x1E, 0x02
	.byte 0xA0, 0x00, 0x00, 0x00, 0xA5, 0x0B, 0x1E, 0x02, 0x2A, 0x00, 0x00, 0x00, 0xE9, 0x0B, 0x1E, 0x02
	.byte 0x76, 0x00, 0x00, 0x00, 0x6D, 0x0C, 0x1E, 0x02, 0x64, 0x00, 0x00, 0x00, 0x21, 0x13, 0x1E, 0x02
	.byte 0x61, 0x00, 0x00, 0x00, 0x55, 0x13, 0x1E, 0x02, 0x99, 0x00, 0x00, 0x00, 0x11, 0x14, 0x1E, 0x02
	.byte 0x47, 0x00, 0x00, 0x00, 0x35, 0x14, 0x1E, 0x02, 0x03, 0x00, 0x00, 0x00, 0x15, 0x3B, 0x1E, 0x02
	.byte 0x1F, 0x00, 0x00, 0x00, 0x65, 0x3B, 0x1E, 0x02, 0x21, 0x00, 0x00, 0x00, 0xBD, 0x3B, 0x1E, 0x02
	.byte 0xA1, 0x00, 0x00, 0x00, 0x0D, 0x7E, 0x1E, 0x02, 0x24, 0x00, 0x00, 0x00, 0xB9, 0x1E, 0x1E, 0x02
	.byte 0x03, 0x00, 0x00, 0x00, 0x45, 0x1F, 0x1E, 0x02, 0x38, 0x00, 0x00, 0x00, 0x19, 0x1F, 0x1E, 0x02
	.byte 0x04, 0x00, 0x00, 0x00, 0x71, 0x1F, 0x1E, 0x02, 0x03, 0x00, 0x00, 0x00, 0x15, 0x3B, 0x1E, 0x02
	.byte 0x1F, 0x00, 0x00, 0x00, 0x65, 0x3B, 0x1E, 0x02, 0x21, 0x00, 0x00, 0x00, 0xBD, 0x3B, 0x1E, 0x02
	.byte 0xA1, 0x00, 0x00, 0x00, 0x2D, 0x55, 0x1E, 0x02, 0x1F, 0x00, 0x00, 0x00, 0x31, 0x33, 0x1E, 0x02
	.byte 0x28, 0x00, 0x00, 0x00, 0x8D, 0x33, 0x1E, 0x02, 0x37, 0x00, 0x00, 0x00, 0xBD, 0x33, 0x1E, 0x02
	.byte 0x27, 0x00, 0x00, 0x00, 0xED, 0x33, 0x1E, 0x02, 0xA0, 0x00, 0x00, 0x00, 0xA1, 0x35, 0x1E, 0x02
	.byte 0x1A, 0x00, 0x00, 0x00, 0xF1, 0x35, 0x1E, 0x02, 0x08, 0x00, 0x00, 0x00, 0x49, 0x36, 0x1E, 0x02
	.byte 0x76, 0x00, 0x00, 0x00, 0xA5, 0x36, 0x1E, 0x02, 0x99, 0x00, 0x00, 0x00, 0x29, 0x31, 0x1E, 0x02
	.byte 0x47, 0x00, 0x00, 0x00, 0x4D, 0x31, 0x1E, 0x02, 0x24, 0x00, 0x00, 0x00, 0x05, 0x39, 0x1E, 0x02
	.byte 0x37, 0x00, 0x00, 0x00, 0x6D, 0x39, 0x1E, 0x02, 0x45, 0x00, 0x00, 0x00, 0x7D, 0x23, 0x1E, 0x02
	.byte 0x04, 0x00, 0x00, 0x00, 0x9D, 0x24, 0x1E, 0x02, 0x77, 0x00, 0x00, 0x00, 0xD5, 0x24, 0x1E, 0x02
	.byte 0x65, 0x00, 0x00, 0x00, 0x75, 0x25, 0x1E, 0x02, 0x0E, 0x00, 0x00, 0x00, 0xDD, 0x25, 0x1E, 0x02
	.byte 0x24, 0x00, 0x00, 0x00, 0xFD, 0x25, 0x1E, 0x02, 0x21, 0x00, 0x00, 0x00, 0x79, 0x26, 0x1E, 0x02
	.byte 0x26, 0x00, 0x00, 0x00, 0x79, 0x26, 0x1E, 0x02, 0x04, 0x00, 0x00, 0x00, 0x9D, 0x26, 0x1E, 0x02
	.byte 0x37, 0x00, 0x00, 0x00, 0x01, 0x27, 0x1E, 0x02, 0x1F, 0x00, 0x00, 0x00, 0xD5, 0x5C, 0x1E, 0x02
	.byte 0x37, 0x00, 0x00, 0x00, 0x25, 0x5D, 0x1E, 0x02, 0x81, 0x00, 0x00, 0x00, 0x55, 0x5D, 0x1E, 0x02
	.byte 0x4B, 0x00, 0x00, 0x00, 0xAD, 0x5D, 0x1E, 0x02, 0x27, 0x00, 0x00, 0x00, 0x2D, 0x5E, 0x1E, 0x02
	.byte 0x1C, 0x00, 0x00, 0x00, 0x19, 0x5F, 0x1E, 0x02, 0x99, 0x00, 0x00, 0x00, 0x31, 0x5F, 0x1E, 0x02
	.byte 0xA0, 0x00, 0x00, 0x00, 0x49, 0x5F, 0x1E, 0x02, 0x38, 0x00, 0x00, 0x00, 0xD1, 0x5F, 0x1E, 0x02
	.byte 0x76, 0x00, 0x00, 0x00, 0xED, 0x5F, 0x1E, 0x02, 0x1F, 0x00, 0x00, 0x00, 0xB5, 0x34, 0x1E, 0x02
	.byte 0xA0, 0x00, 0x00, 0x00, 0xFD, 0x34, 0x1E, 0x02, 0x2D, 0x00, 0x00, 0x00, 0x45, 0x35, 0x1E, 0x02
	.byte 0x09, 0x00, 0x00, 0x00, 0x4D, 0x35, 0x1E, 0x02, 0x76, 0x00, 0x00, 0x00, 0x7D, 0x35, 0x1E, 0x02
	.byte 0x95, 0x00, 0x00, 0x00, 0x21, 0x62, 0x1E, 0x02, 0x98, 0x00, 0x00, 0x00, 0x75, 0x62, 0x1E, 0x02
	.byte 0x2E, 0x00, 0x00, 0x00, 0x21, 0x42, 0x1E, 0x02, 0x81, 0x00, 0x00, 0x00, 0xB1, 0x42, 0x1E, 0x02
	.byte 0x84, 0x00, 0x00, 0x00, 0x79, 0x62, 0x1E, 0x02, 0xA2, 0x00, 0x00, 0x00, 0xCD, 0x83, 0x1E, 0x02
	.byte 0x23, 0x00, 0x00, 0x00, 0x41, 0x84, 0x1E, 0x02, 0x40, 0x00, 0x00, 0x00, 0x79, 0x84, 0x1E, 0x02
	.byte 0x37, 0x00, 0x00, 0x00, 0x99, 0x84, 0x1E, 0x02, 0x24, 0x00, 0x00, 0x00, 0xB9, 0x84, 0x1E, 0x02
	.byte 0x85, 0x00, 0x00, 0x00, 0xFD, 0x84, 0x1E, 0x02, 0x93, 0x00, 0x00, 0x00, 0xB5, 0x7F, 0x1E, 0x02
	.byte 0x95, 0x00, 0x00, 0x00, 0xE5, 0x7F, 0x1E, 0x02, 0x98, 0x00, 0x00, 0x00, 0x71, 0x80, 0x1E, 0x02
	.byte 0x2A, 0x00, 0x00, 0x00, 0xC1, 0x80, 0x1E, 0x02, 0x1F, 0x00, 0x00, 0x00, 0x05, 0x81, 0x1E, 0x02
	.byte 0x2C, 0x00, 0x00, 0x00, 0x4D, 0x81, 0x1E, 0x02, 0x03, 0x00, 0x00, 0x00, 0x15, 0x3B, 0x1E, 0x02
	.byte 0x1F, 0x00, 0x00, 0x00, 0x65, 0x3B, 0x1E, 0x02, 0x21, 0x00, 0x00, 0x00, 0xBD, 0x3B, 0x1E, 0x02
	.byte 0xA0, 0x00, 0x00, 0x00, 0x79, 0x3A, 0x1E, 0x02, 0x74, 0x00, 0x00, 0x00, 0xC5, 0x3A, 0x1E, 0x02
	.byte 0x76, 0x00, 0x00, 0x00, 0xF1, 0x3A, 0x1E, 0x02, 0x24, 0x00, 0x00, 0x00, 0xB1, 0x3C, 0x1E, 0x02
	.byte 0x19, 0x00, 0x00, 0x00, 0x39, 0x3D, 0x1E, 0x02, 0x1F, 0x00, 0x00, 0x00, 0x99, 0x3D, 0x1E, 0x02
	.byte 0x29, 0x00, 0x00, 0x00, 0xCD, 0x3D, 0x1E, 0x02, 0x46, 0x00, 0x00, 0x00, 0x31, 0x3E, 0x1E, 0x02
	.byte 0x21, 0x00, 0x00, 0x00, 0x65, 0x3E, 0x1E, 0x02, 0x4B, 0x00, 0x00, 0x00, 0x01, 0x3E, 0x1E, 0x02
_021F3030:
	.byte 0xA0, 0x00, 0x00, 0x00
_021F3034:
	.byte 0x5D, 0x04, 0x1E, 0x02
_021F3038:
	.byte 0x25, 0x01, 0x00, 0x00, 0x0D, 0x05, 0x1E, 0x02
	.byte 0x72, 0x00, 0x00, 0x00, 0x49, 0x0D, 0x1E, 0x02, 0x8A, 0x00, 0x00, 0x00, 0x11, 0x10, 0x1E, 0x02
	.byte 0xA1, 0x00, 0x00, 0x00, 0xCD, 0x10, 0x1E, 0x02, 0x22, 0x01, 0x00, 0x00, 0x21, 0x11, 0x1E, 0x02
	.byte 0xC0, 0x01, 0x00, 0x00, 0x99, 0x12, 0x1E, 0x02, 0xA2, 0x00, 0x00, 0x00, 0x6D, 0x14, 0x1E, 0x02
	.byte 0x52, 0x00, 0x00, 0x00, 0xB5, 0x14, 0x1E, 0x02, 0x45, 0x00, 0x00, 0x00, 0xA5, 0x15, 0x1E, 0x02
	.byte 0x65, 0x00, 0x00, 0x00, 0xA5, 0x15, 0x1E, 0x02, 0x95, 0x00, 0x00, 0x00, 0xDD, 0x15, 0x1E, 0x02
	.byte 0xAD, 0x00, 0x00, 0x00, 0xC9, 0x1B, 0x1E, 0x02, 0x83, 0x01, 0x00, 0x00, 0x41, 0x1B, 0x1E, 0x02
	.byte 0xAF, 0x00, 0x00, 0x00, 0x8D, 0x28, 0x1E, 0x02, 0xB3, 0x00, 0x00, 0x00, 0x8D, 0x28, 0x1E, 0x02
	.byte 0xCE, 0x00, 0x00, 0x00, 0x3D, 0x3A, 0x1E, 0x02, 0xA9, 0x00, 0x00, 0x00, 0xD5, 0x0C, 0x1E, 0x02
	.byte 0xD4, 0x00, 0x00, 0x00, 0xD5, 0x0C, 0x1E, 0x02, 0x4F, 0x01, 0x00, 0x00, 0xD5, 0x0C, 0x1E, 0x02
	.byte 0xCB, 0x00, 0x00, 0x00, 0x6D, 0x3A, 0x1E, 0x02, 0x31, 0x00, 0x00, 0x00, 0xD9, 0x14, 0x1E, 0x02
	.byte 0xFC, 0x00, 0x00, 0x00, 0x21, 0x61, 0x1E, 0x02, 0x1B, 0x01, 0x00, 0x00, 0xFD, 0x14, 0x1E, 0x02
	.byte 0x1C, 0x01, 0x00, 0x00, 0x7D, 0x29, 0x1E, 0x02, 0x43, 0x01, 0x00, 0x00, 0x7D, 0x29, 0x1E, 0x02
	.byte 0x1F, 0x01, 0x00, 0x00, 0x81, 0x0C, 0x1E, 0x02, 0xEA, 0x00, 0x00, 0x00, 0x59, 0x61, 0x1E, 0x02
	.byte 0xEC, 0x00, 0x00, 0x00, 0x59, 0x61, 0x1E, 0x02, 0xEB, 0x00, 0x00, 0x00, 0x59, 0x61, 0x1E, 0x02
	.byte 0x7A, 0x01, 0x00, 0x00, 0xDD, 0x29, 0x1E, 0x02, 0xCE, 0x01, 0x00, 0x00, 0xDD, 0x29, 0x1E, 0x02
	.byte 0x37, 0x01, 0x00, 0x00, 0x3D, 0x2F, 0x1E, 0x02, 0xB6, 0x00, 0x00, 0x00, 0x09, 0x3B, 0x1E, 0x02
	.byte 0xC5, 0x00, 0x00, 0x00, 0x09, 0x3B, 0x1E, 0x02, 0x96, 0x00, 0x00, 0x00, 0xB9, 0x0D, 0x1E, 0x02
	.byte 0xAE, 0x00, 0x00, 0x00, 0xF5, 0x0D, 0x1E, 0x02, 0x25, 0x00, 0x00, 0x00, 0xE9, 0x21, 0x1E, 0x02
	.byte 0xFD, 0x00, 0x00, 0x00, 0x71, 0x23, 0x1E, 0x02, 0x50, 0x00, 0x00, 0x00, 0xE9, 0x21, 0x1E, 0x02
	.byte 0xC8, 0x00, 0x00, 0x00, 0xE9, 0x21, 0x1E, 0x02, 0x6A, 0x01, 0x00, 0x00, 0x2D, 0x2A, 0x1E, 0x02
	.byte 0x66, 0x01, 0x00, 0x00, 0x0D, 0x2B, 0x1E, 0x02, 0x09, 0x01, 0x00, 0x00, 0xA9, 0x2B, 0x1E, 0x02
	.byte 0x6F, 0x01, 0x00, 0x00, 0x35, 0x43, 0x1E, 0x02, 0x78, 0x01, 0x00, 0x00, 0x51, 0x2D, 0x1E, 0x02
	.byte 0x13, 0x00, 0x00, 0x00, 0xB1, 0x61, 0x1E, 0x02, 0x54, 0x01, 0x00, 0x00, 0xE9, 0x62, 0x1E, 0x02
	.byte 0x23, 0x01, 0x00, 0x00, 0x4D, 0x63, 0x1E, 0x02, 0x5B, 0x00, 0x00, 0x00, 0xB1, 0x63, 0x1E, 0x02
	.byte 0x4C, 0x00, 0x00, 0x00, 0x15, 0x64, 0x1E, 0x02, 0x0D, 0x00, 0x00, 0x00, 0xAD, 0x64, 0x1E, 0x02
	.byte 0x8F, 0x00, 0x00, 0x00, 0xF5, 0x64, 0x1E, 0x02, 0x82, 0x00, 0x00, 0x00, 0x3D, 0x65, 0x1E, 0x02
	.byte 0xE3, 0x00, 0x00, 0x00, 0x7D, 0x46, 0x1E, 0x02, 0xEF, 0x00, 0x00, 0x00, 0xDD, 0x2F, 0x1E, 0x02
	.byte 0x10, 0x00, 0x00, 0x00, 0xDD, 0x2F, 0x1E, 0x02, 0x59, 0x00, 0x00, 0x00, 0x1D, 0x31, 0x1E, 0x02
	.byte 0x39, 0x00, 0x00, 0x00, 0x91, 0x39, 0x1E, 0x02, 0x47, 0x01, 0x00, 0x00, 0x45, 0x30, 0x1E, 0x02
	.byte 0xDE, 0x00, 0x00, 0x00, 0xF9, 0x38, 0x1E, 0x02, 0x6C, 0x01, 0x00, 0x00, 0x15, 0x42, 0x1E, 0x02
	.byte 0xD3, 0x01, 0x00, 0x00, 0x15, 0x62, 0x1E, 0x02, 0xA5, 0x00, 0x00, 0x00, 0x49, 0x66, 0x1E, 0x02
	.byte 0x82, 0x01, 0x00, 0x00, 0xB5, 0x2D, 0x1E, 0x02, 0x0D, 0x01, 0x00, 0x00, 0x49, 0x47, 0x1E, 0x02
	.byte 0xBD, 0x01, 0x00, 0x00, 0x69, 0x10, 0x1E, 0x02, 0xBB, 0x00, 0x00, 0x00, 0x49, 0x41, 0x1E, 0x02
	.byte 0xC2, 0x00, 0x00, 0x00, 0xC1, 0x66, 0x1E, 0x02, 0x07, 0x01, 0x00, 0x00, 0xFD, 0x28, 0x1E, 0x02
	.byte 0x73, 0x01, 0x00, 0x00, 0x3D, 0x29, 0x1E, 0x02, 0xED, 0x00, 0x00, 0x00, 0xC1, 0x32, 0x1E, 0x02
	.byte 0x6B, 0x00, 0x00, 0x00, 0x19, 0x69, 0x1E, 0x02, 0x6F, 0x00, 0x00, 0x00, 0x51, 0x69, 0x1E, 0x02
	.byte 0x17, 0x00, 0x00, 0x00, 0xF9, 0x39, 0x1E, 0x02, 0xAB, 0x00, 0x00, 0x00, 0x41, 0x1C, 0x1E, 0x02
	.byte 0x85, 0x01, 0x00, 0x00, 0x81, 0x1C, 0x1E, 0x02, 0xCD, 0x00, 0x00, 0x00, 0xF1, 0x25, 0x1E, 0x02
	.byte 0x2D, 0x01, 0x00, 0x00, 0xF1, 0x25, 0x1E, 0x02, 0x38, 0x01, 0x00, 0x00, 0x21, 0x49, 0x1E, 0x02
	.byte 0xD7, 0x00, 0x00, 0x00, 0x3D, 0x49, 0x1E, 0x02, 0x06, 0x01, 0x00, 0x00, 0x65, 0x4A, 0x1E, 0x02
	.byte 0xB4, 0x00, 0x00, 0x00, 0xF5, 0x4A, 0x1E, 0x02, 0x9C, 0x00, 0x00, 0x00, 0xFD, 0x43, 0x1E, 0x02
	.byte 0xC7, 0x00, 0x00, 0x00, 0x59, 0x52, 0x1E, 0x02, 0xAA, 0x00, 0x00, 0x00, 0x59, 0x52, 0x1E, 0x02
	.byte 0x73, 0x00, 0x00, 0x00, 0xC9, 0x52, 0x1E, 0x02, 0x71, 0x00, 0x00, 0x00, 0x0D, 0x53, 0x1E, 0x02
	.byte 0xDB, 0x00, 0x00, 0x00, 0x51, 0x53, 0x1E, 0x02, 0x36, 0x00, 0x00, 0x00, 0x95, 0x53, 0x1E, 0x02
	.byte 0x6E, 0x01, 0x00, 0x00, 0xD9, 0x53, 0x1E, 0x02, 0xD8, 0x00, 0x00, 0x00, 0x75, 0x2A, 0x1E, 0x02
	.byte 0xDA, 0x00, 0x00, 0x00, 0xC1, 0x2A, 0x1E, 0x02, 0xD9, 0x00, 0x00, 0x00, 0x41, 0x2C, 0x1E, 0x02
	.byte 0x03, 0x01, 0x00, 0x00, 0xC1, 0x47, 0x1E, 0x02, 0x1E, 0x01, 0x00, 0x00, 0xB5, 0x48, 0x1E, 0x02
	.byte 0x64, 0x01, 0x00, 0x00, 0x1D, 0x06, 0x1E, 0x02, 0x20, 0x01, 0x00, 0x00, 0xF5, 0x67, 0x1E, 0x02
	.byte 0x0E, 0x01, 0x00, 0x00, 0x0D, 0x5F, 0x1E, 0x02, 0x7C, 0x01, 0x00, 0x00, 0x65, 0x58, 0x1E, 0x02
	.byte 0x10, 0x01, 0x00, 0x00, 0xCD, 0x58, 0x1E, 0x02, 0xBF, 0x00, 0x00, 0x00, 0x61, 0x54, 0x1E, 0x02
	.byte 0x86, 0x01, 0x00, 0x00, 0xA1, 0x54, 0x1E, 0x02, 0xBE, 0x01, 0x00, 0x00, 0xE1, 0x54, 0x1E, 0x02
	.byte 0x63, 0x01, 0x00, 0x00, 0x89, 0x69, 0x1E, 0x02, 0x89, 0x01, 0x00, 0x00, 0x71, 0x5E, 0x1E, 0x02
	.byte 0xD2, 0x00, 0x00, 0x00, 0x1D, 0x2E, 0x1E, 0x02, 0x77, 0x01, 0x00, 0x00, 0xB5, 0x3F, 0x1E, 0x02
	.byte 0x74, 0x01, 0x00, 0x00, 0x85, 0x2E, 0x1E, 0x02, 0xB0, 0x00, 0x00, 0x00, 0xC1, 0x45, 0x1E, 0x02
	.byte 0x44, 0x00, 0x00, 0x00, 0x2D, 0x19, 0x1E, 0x02, 0xF3, 0x00, 0x00, 0x00, 0x71, 0x19, 0x1E, 0x02
	.byte 0x70, 0x01, 0x00, 0x00, 0xB5, 0x19, 0x1E, 0x02, 0x17, 0x01, 0x00, 0x00, 0x11, 0x28, 0x1E, 0x02
	.byte 0xA3, 0x01, 0x00, 0x00, 0x11, 0x28, 0x1E, 0x02, 0xA7, 0x00, 0x00, 0x00, 0x5D, 0x27, 0x1E, 0x02
	.byte 0x68, 0x01, 0x00, 0x00, 0xA5, 0x27, 0x1E, 0x02, 0xDC, 0x00, 0x00, 0x00, 0x75, 0x40, 0x1E, 0x02
	.byte 0x0A, 0x01, 0x00, 0x00, 0x5D, 0x0B, 0x1E, 0x02, 0x84, 0x01, 0x00, 0x00, 0x69, 0x0F, 0x1E, 0x02
	.byte 0x56, 0x00, 0x00, 0x00, 0x45, 0x0F, 0x1E, 0x02, 0xF4, 0x00, 0x00, 0x00, 0xA5, 0x4B, 0x1E, 0x02
	.byte 0x87, 0x01, 0x00, 0x00, 0x69, 0x4C, 0x1E, 0x02, 0x80, 0x01, 0x00, 0x00, 0x8D, 0x4D, 0x1E, 0x02
	.byte 0x81, 0x01, 0x00, 0x00, 0xB9, 0x4E, 0x1E, 0x02, 0xD5, 0x00, 0x00, 0x00, 0x59, 0x45, 0x1E, 0x02
	.byte 0xC1, 0x01, 0x00, 0x00, 0x85, 0x31, 0x1E, 0x02, 0x6B, 0x01, 0x00, 0x00, 0x25, 0x33, 0x1E, 0x02
	.byte 0x1A, 0x01, 0x00, 0x00, 0x15, 0x34, 0x1E, 0x02, 0x32, 0x00, 0x00, 0x00, 0x1D, 0x48, 0x1E, 0x02
	.byte 0xA8, 0x00, 0x00, 0x00, 0xBD, 0x36, 0x1E, 0x02, 0x57, 0x01, 0x00, 0x00, 0xBD, 0x36, 0x1E, 0x02
	.byte 0x0F, 0x01, 0x00, 0x00, 0xB5, 0x37, 0x1E, 0x02, 0x9F, 0x01, 0x00, 0x00, 0xB5, 0x37, 0x1E, 0x02
	.byte 0x66, 0x00, 0x00, 0x00, 0x8D, 0x09, 0x1E, 0x02, 0xA6, 0x00, 0x00, 0x00, 0x75, 0x0A, 0x1E, 0x02
	.byte 0x1A, 0x00, 0x00, 0x00, 0x15, 0x09, 0x1E, 0x02, 0x88, 0x00, 0x00, 0x00, 0x15, 0x09, 0x1E, 0x02
	.byte 0xB0, 0x01, 0x00, 0x00, 0x21, 0x07, 0x1E, 0x02, 0x18, 0x01, 0x00, 0x00, 0x0D, 0x08, 0x1E, 0x02
	.byte 0xB1, 0x01, 0x00, 0x00, 0xA5, 0x05, 0x1E, 0x02, 0x5A, 0x01, 0x00, 0x00, 0x81, 0x06, 0x1E, 0x02
	.byte 0x2C, 0x01, 0x00, 0x00, 0xD1, 0x06, 0x1E, 0x02, 0x0C, 0x01, 0x00, 0x00, 0xAD, 0x1E, 0x1E, 0x02
	.byte 0xC3, 0x00, 0x00, 0x00, 0x91, 0x1F, 0x1E, 0x02, 0x49, 0x00, 0x00, 0x00, 0xF9, 0x1F, 0x1E, 0x02
	.byte 0xFB, 0x00, 0x00, 0x00, 0x05, 0x60, 0x1E, 0x02, 0x88, 0x01, 0x00, 0x00, 0x7D, 0x21, 0x1E, 0x02
	.byte 0xCD, 0x01, 0x00, 0x00, 0x15, 0x56, 0x1E, 0x02, 0x69, 0x01, 0x00, 0x00, 0x75, 0x56, 0x1E, 0x02
	.byte 0x76, 0x00, 0x00, 0x00, 0x79, 0x6A, 0x1E, 0x02, 0x0B, 0x01, 0x00, 0x00, 0x15, 0x6B, 0x1E, 0x02
	.byte 0x12, 0x01, 0x00, 0x00, 0xE9, 0x6B, 0x1E, 0x02, 0x77, 0x00, 0x00, 0x00, 0xA1, 0x6D, 0x1E, 0x02
	.byte 0x7E, 0x01, 0x00, 0x00, 0x2D, 0x6E, 0x1E, 0x02, 0x7F, 0x01, 0x00, 0x00, 0x31, 0x6F, 0x1E, 0x02
	.byte 0xD6, 0x00, 0x00, 0x00, 0xD1, 0x6C, 0x1E, 0x02, 0x43, 0x00, 0x00, 0x00, 0xC9, 0x2E, 0x1E, 0x02
	.byte 0xBF, 0x01, 0x00, 0x00, 0xC9, 0x2E, 0x1E, 0x02, 0x08, 0x01, 0x00, 0x00, 0xDD, 0x69, 0x1E, 0x02
	.byte 0xFE, 0x00, 0x00, 0x00, 0x31, 0x16, 0x1E, 0x02, 0xFF, 0x00, 0x00, 0x00, 0x79, 0x17, 0x1E, 0x02
	.byte 0x00, 0x01, 0x00, 0x00, 0xE1, 0x18, 0x1E, 0x02, 0xF8, 0x00, 0x00, 0x00, 0x15, 0x57, 0x1E, 0x02
	.byte 0x61, 0x01, 0x00, 0x00, 0xF5, 0x57, 0x1E, 0x02, 0x16, 0x01, 0x00, 0x00, 0x39, 0x3F, 0x1E, 0x02
	.byte 0xE4, 0x00, 0x00, 0x00, 0x15, 0x1D, 0x1E, 0x02, 0x06, 0x00, 0x00, 0x00, 0x31, 0x20, 0x1E, 0x02
	.byte 0x75, 0x00, 0x00, 0x00, 0xA5, 0x3C, 0x1E, 0x02, 0x21, 0x01, 0x00, 0x00, 0x95, 0x35, 0x1E, 0x02
	.byte 0x15, 0x01, 0x00, 0x00, 0xA9, 0x34, 0x1E, 0x02, 0x64, 0x00, 0x00, 0x00, 0x0D, 0x5C, 0x1E, 0x02
	.byte 0x71, 0x01, 0x00, 0x00, 0x69, 0x59, 0x1E, 0x02, 0xE2, 0x00, 0x00, 0x00, 0x6D, 0x5B, 0x1E, 0x02
	.byte 0x6D, 0x01, 0x00, 0x00, 0xA5, 0x65, 0x1E, 0x02, 0xC2, 0x01, 0x00, 0x00, 0xA5, 0x65, 0x1E, 0x02
	.byte 0x76, 0x01, 0x00, 0x00, 0xC9, 0x5C, 0x1E, 0x02, 0x23, 0x00, 0x00, 0x00, 0x15, 0x13, 0x1E, 0x02
	.byte 0x14, 0x00, 0x00, 0x00, 0x15, 0x13, 0x1E, 0x02, 0x53, 0x00, 0x00, 0x00, 0x15, 0x13, 0x1E, 0x02
	.byte 0x80, 0x00, 0x00, 0x00, 0x15, 0x13, 0x1E, 0x02, 0x48, 0x01, 0x00, 0x00, 0x15, 0x13, 0x1E, 0x02
	.byte 0xCF, 0x01, 0x00, 0x00, 0x15, 0x13, 0x1E, 0x02, 0xFA, 0x00, 0x00, 0x00, 0x05, 0x14, 0x1E, 0x02
	.byte 0xE5, 0x00, 0x00, 0x00, 0x29, 0x5A, 0x1E, 0x02, 0x12, 0x00, 0x00, 0x00, 0x29, 0x5A, 0x1E, 0x02
	.byte 0x7B, 0x01, 0x00, 0x00, 0xE9, 0x4F, 0x1E, 0x02, 0x90, 0x00, 0x00, 0x00, 0xB9, 0x55, 0x1E, 0x02
	.byte 0x99, 0x00, 0x00, 0x00, 0xC1, 0x1D, 0x1E, 0x02, 0x78, 0x00, 0x00, 0x00, 0xC1, 0x1D, 0x1E, 0x02
	.byte 0x74, 0x00, 0x00, 0x00, 0x39, 0x1E, 0x1E, 0x02, 0x63, 0x00, 0x00, 0x00, 0x8D, 0x20, 0x1E, 0x02
	.byte 0xF6, 0x00, 0x00, 0x00, 0x8D, 0x6F, 0x1E, 0x02, 0xD2, 0x01, 0x00, 0x00, 0x8D, 0x6F, 0x1E, 0x02
	.byte 0x3E, 0x01, 0x00, 0x00, 0x8D, 0x6F, 0x1E, 0x02, 0x57, 0x00, 0x00, 0x00, 0x75, 0x30, 0x1E, 0x02
	.byte 0x3B, 0x00, 0x00, 0x00, 0xED, 0x30, 0x1E, 0x02, 0x11, 0x01, 0x00, 0x00, 0xD5, 0x56, 0x1E, 0x02
	.byte 0x7D, 0x01, 0x00, 0x00, 0x1D, 0x54, 0x1E, 0x02, 0xC1, 0x00, 0x00, 0x00, 0xF5, 0x81, 0x1E, 0x02
	.byte 0x3C, 0x01, 0x00, 0x00, 0xF5, 0x81, 0x1E, 0x02, 0x65, 0x01, 0x00, 0x00, 0x2D, 0x82, 0x1E, 0x02
	.byte 0x4A, 0x00, 0x00, 0x00, 0x65, 0x82, 0x1E, 0x02, 0xDA, 0x01, 0x00, 0x00, 0xBD, 0x6F, 0x1E, 0x02
	.byte 0xDC, 0x01, 0x00, 0x00, 0x5D, 0x0B, 0x1E, 0x02, 0xE7, 0x01, 0x00, 0x00, 0x21, 0x73, 0x1E, 0x02
	.byte 0xED, 0x01, 0x00, 0x00, 0x7D, 0x73, 0x1E, 0x02, 0xEE, 0x01, 0x00, 0x00, 0x15, 0x74, 0x1E, 0x02
	.byte 0xF3, 0x01, 0x00, 0x00, 0xD9, 0x74, 0x1E, 0x02, 0xF4, 0x01, 0x00, 0x00, 0x75, 0x70, 0x1E, 0x02
	.byte 0xF8, 0x01, 0x00, 0x00, 0x55, 0x77, 0x1E, 0x02, 0xFA, 0x01, 0x00, 0x00, 0x01, 0x70, 0x1E, 0x02
	.byte 0x00, 0x02, 0x00, 0x00, 0x41, 0x70, 0x1E, 0x02, 0x09, 0x02, 0x00, 0x00, 0x69, 0x59, 0x1E, 0x02
	.byte 0xD5, 0x01, 0x00, 0x00, 0x21, 0x55, 0x1E, 0x02, 0x01, 0x02, 0x00, 0x00, 0x11, 0x78, 0x1E, 0x02
	.byte 0xD7, 0x01, 0x00, 0x00, 0x81, 0x50, 0x1E, 0x02, 0xD6, 0x01, 0x00, 0x00, 0x71, 0x51, 0x1E, 0x02
	.byte 0xDB, 0x01, 0x00, 0x00, 0xA5, 0x78, 0x1E, 0x02, 0xE4, 0x01, 0x00, 0x00, 0xD9, 0x70, 0x1E, 0x02
	.byte 0x17, 0x02, 0x00, 0x00, 0xD9, 0x70, 0x1E, 0x02, 0xD8, 0x01, 0x00, 0x00, 0x8D, 0x79, 0x1E, 0x02
	.byte 0xDE, 0x01, 0x00, 0x00, 0xFD, 0x79, 0x1E, 0x02, 0xD9, 0x01, 0x00, 0x00, 0x19, 0x79, 0x1E, 0x02
	.byte 0x1C, 0x02, 0x00, 0x00, 0x19, 0x79, 0x1E, 0x02, 0xE1, 0x01, 0x00, 0x00, 0x6D, 0x7A, 0x1E, 0x02
	.byte 0xE6, 0x01, 0x00, 0x00, 0x59, 0x71, 0x1E, 0x02, 0xE5, 0x01, 0x00, 0x00, 0x35, 0x7B, 0x1E, 0x02
	.byte 0xF2, 0x01, 0x00, 0x00, 0x51, 0x79, 0x1E, 0x02, 0x15, 0x02, 0x00, 0x00, 0x51, 0x79, 0x1E, 0x02
	.byte 0xF1, 0x01, 0x00, 0x00, 0xD9, 0x71, 0x1E, 0x02, 0xFE, 0x01, 0x00, 0x00, 0x49, 0x75, 0x1E, 0x02
	.byte 0x04, 0x02, 0x00, 0x00, 0x8D, 0x7B, 0x1E, 0x02, 0xFD, 0x01, 0x00, 0x00, 0xD5, 0x75, 0x1E, 0x02
	.byte 0x0D, 0x02, 0x00, 0x00, 0xD5, 0x75, 0x1E, 0x02, 0x02, 0x02, 0x00, 0x00, 0x71, 0x72, 0x1E, 0x02
	.byte 0xEC, 0x01, 0x00, 0x00, 0xF5, 0x72, 0x1E, 0x02, 0xDF, 0x01, 0x00, 0x00, 0x29, 0x76, 0x1E, 0x02
	.byte 0x03, 0x02, 0x00, 0x00, 0x6D, 0x7C, 0x1E, 0x02, 0xEF, 0x01, 0x00, 0x00, 0xA1, 0x7C, 0x1E, 0x02
	.byte 0xFF, 0x01, 0x00, 0x00, 0xF5, 0x7C, 0x1E, 0x02, 0xF0, 0x01, 0x00, 0x00, 0x49, 0x7D, 0x1E, 0x02
	.byte 0xF5, 0x01, 0x00, 0x00, 0x01, 0x7E, 0x1E, 0x02, 0xF6, 0x01, 0x00, 0x00, 0x4D, 0x7E, 0x1E, 0x02
	.byte 0xDD, 0x01, 0x00, 0x00, 0x11, 0x7F, 0x1E, 0x02, 0xFB, 0x01, 0x00, 0x00, 0xA9, 0x7F, 0x1E, 0x02
	.byte 0x19, 0x02, 0x00, 0x00, 0xF9, 0x39, 0x1E, 0x02, 0x1E, 0x02, 0x00, 0x00, 0x75, 0x30, 0x1E, 0x02
	.byte 0x24, 0x02, 0x00, 0x00, 0x19, 0x79, 0x1E, 0x02, 0x23, 0x02, 0x00, 0x00, 0x85, 0x81, 0x1E, 0x02
	.byte 0x22, 0x02, 0x00, 0x00, 0x41, 0x32, 0x1E, 0x02, 0x29, 0x02, 0x00, 0x00, 0xA1, 0x82, 0x1E, 0x02
	.byte 0x2A, 0x02, 0x00, 0x00, 0xA1, 0x82, 0x1E, 0x02, 0x06, 0x02, 0x00, 0x00, 0xC1, 0x83, 0x1E, 0x02
	.byte 0x07, 0x02, 0x00, 0x00, 0xC1, 0x83, 0x1E, 0x02, 0x08, 0x02, 0x00, 0x00, 0xC1, 0x83, 0x1E, 0x02
	.byte 0x2E, 0x02, 0x00, 0x00, 0x05, 0x83, 0x1E, 0x02, 0x2F, 0x02, 0x00, 0x00, 0x05, 0x83, 0x1E, 0x02
	.byte 0x00, 0x00, 0x00, 0x00, 0x05, 0x91, 0x1E, 0x02, 0x01, 0x00, 0x00, 0x00, 0xE9, 0x91, 0x1E, 0x02
_021F3850:
	.byte 0x01, 0x00, 0x00, 0x00, 0x00, 0x00, 0x00, 0x00, 0x03, 0x00, 0x00, 0x00, 0x01, 0x00, 0x00, 0x00
_021F3860:
	.byte 0x00, 0x00, 0x00, 0x00, 0x00, 0x00, 0x00, 0x02, 0x04, 0x7C, 0x04, 0x7C, 0x00, 0x00, 0x00, 0x00
	.byte 0x38, 0x00, 0x30, 0x00, 0x30, 0x00, 0x30, 0x00, 0x10, 0x00, 0x10, 0x00
_021F387C:
	.byte 0x08, 0x00, 0x00, 0x00
	.byte 0x00, 0x00, 0x00, 0x00, 0x04, 0x00, 0x00, 0x00, 0x00, 0x00, 0x00, 0x00, 0x10, 0x00, 0x00, 0x00
	.byte 0x00, 0x00, 0x00, 0x00, 0x00, 0x01, 0x00, 0x00, 0x00, 0x00, 0x00, 0x00, 0x03, 0x00, 0x00, 0x00
	.byte 0x60, 0x00, 0x00, 0x00, 0x10, 0x00, 0x10, 0x00, 0x10, 0x00, 0x00, 0x00
_021F38AC:
	.byte 0x01, 0x00
_021F38AE:
	.byte 0x02, 0x03
	.byte 0x04, 0x05
_021F38B2:
	.byte 0x02, 0x03, 0x04, 0x05, 0x06, 0x07
_021F38B8:
	.byte 0xA1, 0xBF, 0x1E, 0x02, 0xED, 0xC2, 0x1E, 0x02
	.byte 0x8D, 0xC8, 0x1E, 0x02
_021F38C4:
	.byte 0x81, 0xBF, 0x1E, 0x02, 0xD1, 0xC5, 0x1E, 0x02, 0x2D, 0xCC, 0x1E, 0x02
_021F38D0:
	.byte 0x81, 0xBF, 0x1E, 0x02, 0xED, 0xC2, 0x1E, 0x02, 0x8D, 0xC8, 0x1E, 0x02
_021F38DC:
	.byte 0xA1, 0xBF, 0x1E, 0x02
	.byte 0xED, 0xC2, 0x1E, 0x02, 0x8D, 0xC8, 0x1E, 0x02, 0x81, 0xBF, 0x1E, 0x02, 0x81, 0xBF, 0x1E, 0x02
	.byte 0x01, 0xC2, 0x1E, 0x02, 0x69, 0xC7, 0x1E, 0x02, 0x69, 0xC7, 0x1E, 0x02, 0x01, 0xC2, 0x1E, 0x02
	.byte 0x81, 0xBF, 0x1E, 0x02, 0x81, 0xBF, 0x1E, 0x02, 0xED, 0xC2, 0x1E, 0x02, 0x8D, 0xC8, 0x1E, 0x02
	.byte 0x8D, 0xC8, 0x1E, 0x02, 0xED, 0xC2, 0x1E, 0x02, 0x81, 0xBF, 0x1E, 0x02, 0x81, 0xBF, 0x1E, 0x02
	.byte 0xD1, 0xC5, 0x1E, 0x02, 0x2D, 0xCC, 0x1E, 0x02, 0x2D, 0xCC, 0x1E, 0x02, 0xD1, 0xC5, 0x1E, 0x02
_021F3930:
	.byte 0x00, 0x00, 0x00, 0x00, 0x00, 0x00, 0x00, 0x00, 0x00, 0x08, 0x00, 0x00, 0x00, 0x00, 0x00, 0x00
	.byte 0x01, 0x00, 0x09, 0x04, 0x00, 0x80, 0x00, 0x00, 0x00, 0x00, 0x00, 0x00, 0x00, 0x00, 0x00, 0x00
_021F3950:
	.byte 0x90, 0x00, 0x00, 0x00, 0x00, 0x00, 0x00, 0x00, 0x00, 0x10, 0x00, 0x00, 0x00, 0x00, 0x00, 0x00
	.byte 0x03, 0x00, 0x0A, 0x02, 0x00, 0x80, 0x00, 0x00, 0x00, 0x00, 0x00, 0x00, 0x00, 0x00, 0x00, 0x00
_021F3970:
	.byte 0x70, 0xFF, 0xFF, 0xFF, 0x00, 0x00, 0x00, 0x00, 0x00, 0x20, 0x00, 0x00, 0x00, 0x00, 0x00, 0x00
	.byte 0x04, 0x00, 0x0C, 0x02, 0x00, 0x80, 0x00, 0x00, 0x00, 0x00, 0x00, 0x00, 0x00, 0x00, 0x00, 0x00
_021F3990:
	.byte 0x0F, 0x00
_021F3992:
	.byte 0x0E, 0x00, 0x0D, 0x00, 0x10, 0x00, 0xB6, 0x00, 0xCC, 0x00, 0xE9, 0x00, 0xB8, 0x00
_021F39A0:
	.byte 0x94, 0x00
_021F39A2:
	.byte 0x96, 0x00, 0x98, 0x00, 0x9A, 0x00, 0x9C, 0x00, 0x9E, 0x00, 0xA0, 0x00, 0xA2, 0x00
	.byte 0xB0, 0x00, 0x84, 0x00, 0x86, 0x00, 0x80, 0x00, 0x82, 0x00, 0x7C, 0x00, 0x7E, 0x00, 0x88, 0x00
	.byte 0x8A, 0x00, 0x8C, 0x00, 0x8E, 0x00, 0x90, 0x00, 0x92, 0x00, 0xA4, 0x00, 0xA6, 0x00, 0xA8, 0x00
	.byte 0xAA, 0x00, 0xAC, 0x00, 0xAE, 0x00, 0x00, 0x00
_021F39D8:
	.byte 0x1B, 0x00, 0x00, 0x00
_021F39DC:
	.byte 0x61, 0xF4, 0x1E, 0x02
_021F39E0:
	.byte 0x5A, 0x00, 0x00, 0x00, 0x61, 0xF4, 0x1E, 0x02, 0x99, 0x00, 0x00, 0x00, 0x09, 0xF5, 0x1E, 0x02
	.byte 0xAE, 0x00, 0x00, 0x00, 0x09, 0xF5, 0x1E, 0x02, 0xAA, 0x03, 0x00, 0x00, 0xA5, 0xF3, 0x1E, 0x02
	.byte 0x21, 0x00, 0x00, 0x00, 0x95, 0xF5, 0x1E, 0x02, 0x14, 0x04, 0x00, 0x00, 0x05, 0xF2, 0x1E, 0x02
	.byte 0x17, 0x04, 0x00, 0x00, 0x05, 0xF2, 0x1E, 0x02, 0x4D, 0x01, 0x00, 0x00, 0x05, 0xF2, 0x1E, 0x02
	.byte 0x71, 0x04, 0x00, 0x00, 0x05, 0xF2, 0x1E, 0x02, 0x09, 0x00, 0x00, 0x00, 0x05, 0xF2, 0x1E, 0x02
	.byte 0x0C, 0x00, 0x00, 0x00, 0x05, 0xF2, 0x1E, 0x02, 0x12, 0x00, 0x00, 0x00, 0x05, 0xF2, 0x1E, 0x02
	.byte 0x15, 0x00, 0x00, 0x00, 0x05, 0xF2, 0x1E, 0x02


	.section .data, 4
	.global overlay_093_021B6100_data
overlay_093_021B6100_data:
_021F3A60:
	.byte 0x62, 0x74, 0x6C, 0x5F, 0x73, 0x65, 0x72, 0x76, 0x65, 0x72, 0x2E, 0x63, 0x00, 0x00, 0x00, 0x00
_021F3A70:
	.byte 0x62, 0x74, 0x6C, 0x5F, 0x73, 0x65, 0x72, 0x76, 0x65, 0x72, 0x5F, 0x66, 0x6C, 0x6F, 0x77, 0x2E
	.byte 0x63, 0x00, 0x00, 0x00
_021F3A84:
	.byte 0x00, 0x00, 0x00, 0x00
_021F3A88:
	.byte 0x62, 0x74, 0x6C, 0x5F, 0x63, 0x6C, 0x69, 0x65
	.byte 0x6E, 0x74, 0x2E, 0x63, 0x00, 0x00, 0x00, 0x00
_021F3A98:
	.byte 0x62, 0x74, 0x6C, 0x5F, 0x6E, 0x65, 0x74, 0x2E
	.byte 0x63, 0x00, 0x00, 0x00
_021F3AA4:
	.byte 0x62, 0x74, 0x6C, 0x5F, 0x70, 0x6F, 0x6B, 0x65, 0x70, 0x61, 0x72, 0x61
	.byte 0x6D, 0x2E, 0x63, 0x00
_021F3AB4:
	.byte 0x00, 0x00, 0x00, 0x00
_021F3AB8:
	.byte 0x62, 0x74, 0x6C, 0x5F, 0x63, 0x61, 0x6C, 0x63
	.byte 0x2E, 0x63, 0x00, 0x00
_021F3AC4:
	.byte 0x62, 0x74, 0x6C, 0x76, 0x5F, 0x63, 0x6F, 0x72, 0x65, 0x2E, 0x63, 0x00
_021F3AD0:
	.byte 0x62, 0x74, 0x6C, 0x76, 0x5F, 0x73, 0x63, 0x75, 0x2E, 0x63, 0x00, 0x00
_021F3ADC:
	.byte 0x62, 0x74, 0x6C, 0x5F
	.byte 0x72, 0x65, 0x63, 0x2E, 0x63, 0x00, 0x00, 0x00
_021F3AE8:
	.byte 0x62, 0x74, 0x6C, 0x5F, 0x61, 0x64, 0x61, 0x70
	.byte 0x74, 0x65, 0x72, 0x2E, 0x63, 0x00, 0x00, 0x00
_021F3AF8:
	.byte 0x62, 0x74, 0x6C, 0x5F, 0x66, 0x69, 0x65, 0x6C
	.byte 0x64, 0x2E, 0x63, 0x00, 0x00, 0x00, 0x00, 0x00, 0x00, 0x00, 0x00, 0x00, 0x00, 0x00, 0x00, 0x00
	.byte 0x00, 0x00, 0x00, 0x00, 0x00, 0x00, 0x00, 0x00, 0x00, 0x00, 0x00, 0x00, 0x00, 0x00, 0x00, 0x00
_021F3B20:
	; 0x021F3B20

	.section .bss, 4
	.global overlay_093_021B6100_bss
overlay_093_021B6100_bss:
	.space 0x2a40
