	.include "asm/macros/function.inc"

	.extern FUN_02006984
	.extern FUN_02006CAC
	.extern FUN_02008530
	.extern FUN_02015C30
	.extern FUN_02015C48
	.extern FUN_02015C94
	.extern FUN_02015CAC
	.extern FUN_02015E04
	.extern FUN_02015E4C
	.extern FUN_02015EA0
	.extern FUN_02015EB0
	.extern FUN_02015F50
	.extern FUN_02016028
	.extern FUN_02017E1C
	.extern FUN_0201ADE4
	.extern FUN_0201AE14
	.extern FUN_0201AE1C
	.extern FUN_0201EEF4
	.extern FUN_0201F02C
	.extern FUN_0201F250
	.extern FUN_0202208C
	.extern FUN_020307B0
	.extern FUN_0203D34C
	.extern FUN_02041300
	.extern FUN_02045CAC
	.extern FUN_020490F4
	.extern FUN_02049238
	.extern FUN_0204A6C8
	.extern FUN_0204A8D4
	.extern FUN_0204AC18
	.extern FUN_0204ADA4
	.extern FUN_0204AF28
	.extern FUN_0204AFD8
	.extern FUN_0204B294
	.extern FUN_0204B3B4
	.extern FUN_0204B3DC
	.extern FUN_0204B92C
	.extern FUN_0204B9A0
	.extern FUN_020515CC
	.extern FUN_02051774
	.extern FUN_02051A24
	.extern FUN_02051A2C
	.extern FUN_0207D658
	.extern FUN_0209B2E8
	.extern FUN_0209B750
	.extern FUN_0209C0A4
	.extern FUN_0209C508
	.extern FUN_021D8AA8
	.extern FUN_021D8E84
	.extern FUN_021D8FA4
	.extern FUN_021DFB4C
	.extern FUN_021DFB84
	.extern FUN_021DFBB4
	.extern FUN_021DFC68
	.extern FUN_021DFD24
	.extern FUN_021E0FF4
	.extern FUN_021E1098
	.extern FUN_021E12AC
	.extern FUN_021E2680
	.extern FUN_021E2D70
	.extern FUN_021E2F34
	.extern FUN_021E2FB0
	.extern FUN_021E3208
	.extern FUN_021E3230
	.extern FUN_021E35A0
	.extern FUN_021E36C8
	.extern FUN_021E36D8
	.extern FUN_021E4888
	.extern FUN_021E64B8
	.extern FUN_021E71F0
	.extern FUN_021E7208

	.text


	thumb_func_start FUN_overlay_118__021d4240
FUN_overlay_118__021d4240: ; 0x021D4240
	push {r3, r4, r5, lr}
	add r5, r0, #0
	beq _021D4286
	mov r0, #0
	mov r4, #1
	ldrsb r1, [r5, r0]
	ldrsb r0, [r5, r4]
	cmp r1, r0
	blt _021D4286
	add r0, r0, #1
	strb r0, [r5, #1]
	mov r0, #3
	ldrsb r2, [r5, r0]
	mov r0, #2
	ldrsb r0, [r5, r0]
	sub r0, r2, r0
	lsl r0, r0, #0xc
	blx FUN_0209C0A4
	ldrsb r1, [r5, r4]
	mul r1, r0
	asr r0, r1, #0xb
	lsr r0, r0, #0x14
	add r0, r1, r0
	asr r4, r0, #0xc
	ldr r0, _021D4288 ; =0x04000050
	mov r1, #0x1e
	add r2, r4, #0
	blx FUN_0207D658
	ldr r0, _021D428C ; =0x04001050
	mov r1, #0x1f
	add r2, r4, #0
	blx FUN_0207D658
_021D4286:
	pop {r3, r4, r5, pc}
	.balign 4, 0
_021D4288: .word 0x04000050
_021D428C: .word 0x04001050
	thumb_func_end FUN_overlay_118__021d4240
_021D4290:
	.byte 0xF0, 0xB5, 0x85, 0xB0, 0x0D, 0x1C, 0x0A, 0x99, 0x06, 0x1C, 0x14, 0x1C, 0x00, 0x93, 0x00, 0x29
	.byte 0x06, 0xD0, 0x04, 0xF0, 0x01, 0xFC, 0x00, 0x28, 0x00, 0xD0, 0x06, 0xE0, 0x00, 0x21, 0x05, 0xE0
	.byte 0x04, 0xF0, 0xFA, 0xFB, 0x00, 0x21, 0x00, 0x28, 0x00, 0xD1, 0x01, 0x21, 0x30, 0x1C, 0x04, 0xF0
	.byte 0x71, 0xFE, 0x07, 0x1C, 0x07, 0x21, 0x00, 0x22, 0x43, 0xF6, 0xA8, 0xFD, 0x02, 0x90, 0x38, 0x1C
	.byte 0xAB, 0x21, 0x00, 0x22, 0x43, 0xF6, 0xA2, 0xFD, 0x03, 0x90, 0x38, 0x1C, 0x6F, 0x21, 0x00, 0x22
	.byte 0x43, 0xF6, 0x9C, 0xFD, 0x04, 0x90, 0x38, 0x1C, 0x4C, 0x21, 0x00, 0x22, 0x43, 0xF6, 0x96, 0xFD
	.byte 0x07, 0x1C, 0x11, 0xD1, 0x14, 0x4A, 0x03, 0x98, 0x04, 0x99, 0x00, 0x04, 0x09, 0x04, 0xB2, 0x5A
	.byte 0x00, 0x0C, 0x09, 0x0C, 0x46, 0xF6, 0x6E, 0xFD, 0x06, 0x1C, 0x10, 0x21, 0x46, 0xF6, 0x86, 0xFD
	.byte 0x01, 0x90, 0x30, 0x1C, 0x46, 0xF6, 0x7E, 0xFD, 0x00, 0x2F, 0x00, 0xD0, 0x02, 0xE0, 0x01, 0x98
	.byte 0x00, 0x28, 0x01, 0xD0, 0x01, 0x20, 0x00, 0xE0, 0x00, 0x20, 0x20, 0x70, 0x00, 0x98, 0x34, 0xF6
	.byte 0xFF, 0xF8, 0x02, 0x99, 0x81, 0x42, 0x03, 0xD0, 0x00, 0x20, 0x05, 0xB0, 0x28, 0x70, 0xF0, 0xBD
	.byte 0x01, 0x20, 0x28, 0x70, 0x05, 0xB0, 0xF0, 0xBD, 0xF4, 0x05, 0x00, 0x00, 0x18, 0xB5, 0x85, 0xB0
	.byte 0x04, 0x1C, 0xE0, 0x68, 0xB0, 0x30, 0x00, 0x68, 0x00, 0x28, 0x2A, 0xD1, 0x80, 0x21, 0x03, 0xA8
	.byte 0x01, 0x80, 0x63, 0x21, 0x41, 0x80, 0x00, 0x21, 0x81, 0x80, 0x81, 0x71, 0xC1, 0x71, 0x03, 0xA8
	.byte 0x00, 0x90, 0x12, 0x4B, 0x12, 0x48, 0x01, 0x91, 0x20, 0x5A, 0x1A, 0x1C, 0x1C, 0x3A, 0x02, 0x90
	.byte 0x10, 0x48, 0xE1, 0x58, 0x14, 0x33, 0x20, 0x58, 0xA2, 0x58, 0xE3, 0x58, 0x76, 0xF6, 0x82, 0xEF
	.byte 0xE1, 0x68, 0xB0, 0x31, 0x08, 0x60, 0xE0, 0x68, 0x01, 0x21, 0xB0, 0x30, 0x00, 0x68, 0x77, 0xF6
	.byte 0xC6, 0xEA, 0xE0, 0x68, 0x01, 0x21, 0xB0, 0x30, 0x00, 0x68, 0x77, 0xF6, 0x18, 0xE8, 0x05, 0xB0
	.byte 0x18, 0xBD, 0x77, 0xF6, 0xF6, 0xEA, 0x05, 0xB0, 0x18, 0xBD, 0xC0, 0x46, 0xA8, 0x08, 0x00, 0x00
	.byte 0xF4, 0x05, 0x00, 0x00, 0xC4, 0x09, 0x00, 0x00, 0xF0, 0xB5, 0x83, 0xB0, 0x17, 0x4F, 0x05, 0x1C
	.byte 0xE9, 0x5B, 0x67, 0x20, 0x74, 0xF6, 0x8E, 0xEE, 0xE9, 0x5B, 0x00, 0x22, 0x00, 0x23, 0x00, 0x91
	.byte 0x02, 0x21, 0x06, 0x1C, 0x76, 0xF6, 0x70, 0xE9, 0x11, 0x4C, 0x03, 0x21, 0x28, 0x51, 0x00, 0x20
	.byte 0x00, 0x90, 0x01, 0x20, 0x01, 0x90, 0xE8, 0x5B, 0x00, 0x22, 0xE0, 0x23, 0x02, 0x90, 0x30, 0x1C
	.byte 0x76, 0xF6, 0x0A, 0xEC, 0x21, 0x1C, 0x1C, 0x39, 0x68, 0x50, 0xEB, 0x5B, 0x30, 0x1C, 0x01, 0x21
	.byte 0x00, 0x22, 0x76, 0xF6, 0x8A, 0xED, 0x14, 0x34, 0x28, 0x51, 0x30, 0x1C, 0x74, 0xF6, 0x0C, 0xEF
	.byte 0xE9, 0x68, 0x00, 0x20, 0xB0, 0x31, 0x08, 0x60, 0x03, 0xB0, 0xF0, 0xBD, 0xF4, 0x05, 0x00, 0x00
	.byte 0xA8, 0x08, 0x00, 0x00, 0x38, 0xB5, 0x05, 0x1C, 0xE8, 0x68, 0xB0, 0x30, 0x00, 0x68, 0x00, 0x28
	.byte 0x01, 0xD0, 0x76, 0xF6, 0xB8, 0xEF, 0x0D, 0x4C, 0x28, 0x59, 0x00, 0x28, 0x0A, 0xD0, 0x76, 0xF6
	.byte 0x42, 0xEA, 0x20, 0x1C, 0x1C, 0x38, 0x28, 0x58, 0x76, 0xF6, 0xA4, 0xEC, 0x14, 0x34, 0x28, 0x59
	.byte 0x76, 0xF6, 0xBA, 0xED, 0x05, 0x49, 0x00, 0x22, 0x08, 0x1C, 0x6A, 0x50, 0x1C, 0x38, 0x2A, 0x50
	.byte 0x14, 0x31, 0x6A, 0x50, 0xE8, 0x68, 0xB0, 0x30, 0x02, 0x60, 0x38, 0xBD, 0xA8, 0x08, 0x00, 0x00
	.byte 0x70, 0x47, 0x00, 0x00, 0x01, 0x4A, 0x81, 0x50, 0x70, 0x47, 0xC0, 0x46, 0x2C, 0x0F, 0x00, 0x00
	.byte 0x01, 0x49, 0x01, 0x22, 0x42, 0x50, 0x70, 0x47, 0x94, 0x10, 0x00, 0x00, 0x78, 0xB5, 0x81, 0xB0
	.byte 0x05, 0x1C, 0x0F, 0xF0, 0x85, 0xFB, 0x1A, 0x4C, 0x28, 0x59, 0x01, 0x28, 0x2E, 0xD1, 0x19, 0x4E
	.byte 0x01, 0x20, 0x23, 0x1C, 0x00, 0x90, 0x20, 0x3B, 0xB2, 0x1C, 0xEB, 0x58, 0x28, 0x1C, 0xA9, 0x19
	.byte 0xAA, 0x18, 0xFF, 0xF7, 0xE5, 0xFE, 0x00, 0x20, 0x00, 0x90, 0x24, 0x3C, 0x71, 0x1C, 0xF2, 0x1C
	.byte 0x2B, 0x59, 0x28, 0x1C, 0x69, 0x18, 0xAA, 0x18, 0xFF, 0xF7, 0xDA, 0xFE, 0x28, 0x1C, 0x0E, 0xF0
	.byte 0xA7, 0xFE, 0x28, 0x1C, 0x04, 0xF0, 0x9E, 0xFA, 0x00, 0x28, 0x0B, 0xD0, 0x65, 0xF6, 0x5C, 0xEA
	.byte 0x11, 0x21, 0x08, 0x22, 0x65, 0xF6, 0xB8, 0xEB, 0x07, 0x49, 0x28, 0x1C, 0x04, 0xF0, 0xC2, 0xFC
	.byte 0x01, 0xB0, 0x78, 0xBD, 0x05, 0x49, 0x28, 0x1C, 0x04, 0xF0, 0xBC, 0xFC, 0x01, 0xB0, 0x78, 0xBD
	.byte 0x54, 0x08, 0x00, 0x00, 0xED, 0x11, 0x00, 0x00, 0x21, 0x45, 0x1D, 0x02, 0x45, 0x45, 0x1D, 0x02
	.byte 0x10, 0xB5, 0x04, 0x1C, 0x65, 0xF6, 0x40, 0xEA, 0x11, 0x21, 0x08, 0x22, 0x65, 0xF6, 0xC2, 0xEB
	.byte 0x00, 0x28, 0x03, 0xD0, 0x02, 0x49, 0x20, 0x1C, 0x04, 0xF0, 0xA4, 0xFC, 0x10, 0xBD, 0xC0, 0x46
	.byte 0x45, 0x45, 0x1D, 0x02, 0xF0, 0xB5, 0x87, 0xB0, 0x00, 0x21, 0x05, 0x1C, 0x00, 0x26, 0xFF, 0xF7
	.byte 0x99, 0xFF, 0xF5, 0x20, 0x00, 0x90, 0x3C, 0x48, 0x3C, 0x4B, 0x28, 0x5A, 0x04, 0x21, 0x01, 0x22
	.byte 0x5C, 0xF6, 0xE8, 0xE8, 0x3A, 0x4C, 0x28, 0x51, 0x0E, 0x20, 0xFF, 0xF7, 0x89, 0xFF, 0x29, 0x59
	.byte 0x04, 0xAA, 0x08, 0x70, 0x28, 0x59, 0x0E, 0x21, 0x46, 0x70, 0x28, 0x59, 0x35, 0x4B, 0x86, 0x70
	.byte 0x28, 0x59, 0x1E, 0x39, 0xC1, 0x70, 0x03, 0xCB, 0x17, 0x1C, 0x03, 0xC2, 0x18, 0x68, 0x10, 0x60
	.byte 0x20, 0x1C, 0x44, 0x30, 0x28, 0x58, 0x0B, 0xF0, 0xC5, 0xFB, 0x2A, 0x20, 0xFF, 0xF7, 0x70, 0xFF
	.byte 0x29, 0x4B, 0x01, 0x1C, 0x20, 0x1C, 0x2C, 0x30, 0xEB, 0x5A, 0x28, 0x58, 0x3A, 0x1C, 0x0B, 0xF0
	.byte 0xE9, 0xFA, 0x21, 0x1C, 0x44, 0x31, 0x01, 0xAA, 0x27, 0x4B, 0x68, 0x50, 0x03, 0xCB, 0x17, 0x1C
	.byte 0x03, 0xC2, 0x18, 0x68, 0x10, 0x60, 0x20, 0x1C, 0x48, 0x30, 0x28, 0x58, 0x0B, 0xF0, 0xAA, 0xFB
	.byte 0x54, 0x20, 0xFF, 0xF7, 0x55, 0xFF, 0x1C, 0x4B, 0x01, 0x1C, 0x20, 0x1C, 0x30, 0x30, 0xEB, 0x5A
	.byte 0x28, 0x58, 0x3A, 0x1C, 0x0B, 0xF0, 0xCE, 0xFA, 0x21, 0x1C, 0x48, 0x31, 0x68, 0x50, 0x20, 0x1C
	.byte 0x2C, 0x30, 0x28, 0x58, 0x19, 0x4A, 0x29, 0x1C, 0x01, 0x23, 0x41, 0xF6, 0x97, 0xFC, 0x0E, 0x20
	.byte 0xFF, 0xF7, 0x3E, 0xFF, 0x03, 0x1C, 0x00, 0x96, 0x30, 0x34, 0x28, 0x59, 0xDC, 0x10, 0x24, 0x0F
	.byte 0x1C, 0x19, 0x23, 0x05, 0x00, 0x21, 0x10, 0x22, 0x1B, 0x16, 0x41, 0xF6, 0x99, 0xFC, 0x28, 0x1C
	.byte 0x0C, 0xF0, 0x24, 0xFD, 0x01, 0x20, 0x00, 0x21, 0x6C, 0xF6, 0x48, 0xEC, 0x05, 0x20, 0x00, 0x21
	.byte 0x6C, 0xF6, 0x44, 0xEC, 0x28, 0x1C, 0x00, 0x21, 0xFF, 0xF7, 0x24, 0xFF, 0x08, 0x49, 0x28, 0x1C
	.byte 0x04, 0xF0, 0x20, 0xFC, 0x07, 0xB0, 0xF0, 0xBD, 0xF4, 0x05, 0x00, 0x00, 0xB8, 0x7F, 0x1D, 0x02
	.byte 0x18, 0x08, 0x00, 0x00, 0x84, 0x7C, 0x1D, 0x02, 0x9C, 0x7C, 0x1D, 0x02, 0x0D, 0xFD, 0x1D, 0x02
	.byte 0x65, 0x46, 0x1D, 0x02, 0xF0, 0xB5, 0x8B, 0xB0, 0x62, 0x4D, 0x04, 0x1C, 0x60, 0x59, 0xFF, 0xF7
	.byte 0xE7, 0xFD, 0x28, 0x1C, 0x44, 0x30, 0x20, 0x58, 0x21, 0x1C, 0x0B, 0xF0, 0xF5, 0xFA, 0x48, 0x35
	.byte 0x60, 0x59, 0x21, 0x1C, 0x0B, 0xF0, 0xF0, 0xFA, 0x2A, 0x20, 0xFF, 0xF7, 0xF9, 0xFE, 0x5A, 0x49
	.byte 0x61, 0x58, 0x81, 0x42, 0x00, 0xDC, 0xAA, 0xE0, 0x20, 0x1C, 0x11, 0x21, 0x12, 0xF0, 0xA8, 0xFD
	.byte 0x20, 0x1C, 0x00, 0x21, 0x00, 0x27, 0x12, 0xF0, 0xAF, 0xFD, 0x20, 0x1C, 0x11, 0xF0, 0x04, 0xFF
	.byte 0x20, 0x1C, 0x10, 0xF0, 0xE9, 0xF8, 0x20, 0x1C, 0x0D, 0xF0, 0xE2, 0xFF, 0x20, 0x1C, 0x00, 0x21
	.byte 0xFF, 0xF7, 0xE0, 0xFE, 0x20, 0x1C, 0x04, 0xF0, 0xEF, 0xF9, 0x01, 0x1C, 0x20, 0x1C, 0x04, 0xF0
	.byte 0x69, 0xFC, 0x05, 0x1C, 0x07, 0x21, 0x00, 0x22, 0x43, 0xF6, 0xA0, 0xFB, 0x28, 0x1C, 0x4C, 0x21
	.byte 0x00, 0x22, 0x43, 0xF6, 0x9B, 0xFB, 0x00, 0x28, 0x19, 0xD1, 0x28, 0x1C, 0xAB, 0x21, 0x3A, 0x1C
	.byte 0x43, 0xF6, 0x94, 0xFB, 0x06, 0x1C, 0x28, 0x1C, 0x6F, 0x21, 0x3A, 0x1C, 0x43, 0xF6, 0x8E, 0xFB
	.byte 0x05, 0x1C, 0x04, 0xA8, 0x32, 0xF6, 0xD2, 0xFA, 0x00, 0x97, 0x01, 0x97, 0x02, 0x97, 0x04, 0xA8
	.byte 0x03, 0x90, 0x30, 0x1C, 0x29, 0x1C, 0x40, 0x22, 0x3B, 0x1C, 0x32, 0xF6, 0x33, 0xF9, 0x37, 0x4D
	.byte 0x60, 0x59, 0x00, 0x28, 0x03, 0xD0, 0x5C, 0xF6, 0x44, 0xE8, 0x00, 0x20, 0x60, 0x51, 0x34, 0x4E
	.byte 0x34, 0x4D, 0xA0, 0x5D, 0x00, 0x28, 0x36, 0xD1, 0x08, 0xAF, 0x60, 0x59, 0x39, 0x1C, 0x41, 0xF6
	.byte 0x77, 0xFA, 0x28, 0x1C, 0x18, 0x30, 0x20, 0x58, 0x0B, 0xF0, 0xEC, 0xFA, 0xB0, 0x1C, 0x20, 0x5C
	.byte 0x00, 0x28, 0x2D, 0x48, 0x06, 0xD0, 0x20, 0x5A, 0x14, 0x21, 0x3A, 0x1C, 0x00, 0x90, 0x60, 0x59
	.byte 0x2A, 0x4B, 0x05, 0xE0, 0x20, 0x5A, 0x2A, 0x4B, 0x12, 0x21, 0x00, 0x90, 0x60, 0x59, 0x3A, 0x1C
	.byte 0x0B, 0xF0, 0x20, 0xFA, 0x18, 0x35, 0x60, 0x51, 0x20, 0x1C, 0x04, 0xF0, 0x95, 0xF9, 0x01, 0x1C
	.byte 0x20, 0x1C, 0x04, 0xF0, 0x0F, 0xFC, 0x03, 0x1C, 0x01, 0x20, 0x00, 0x90, 0x20, 0x1C, 0x02, 0x21
	.byte 0x00, 0x22, 0x0E, 0xF0, 0x99, 0xFF, 0x1F, 0x4D, 0x60, 0x59, 0x41, 0xF6, 0x33, 0xFB, 0x60, 0x59
	.byte 0x41, 0xF6, 0x7E, 0xFB, 0x1F, 0xE0, 0x05, 0xAF, 0x60, 0x59, 0x39, 0x1C, 0x41, 0xF6, 0x40, 0xFA
	.byte 0x28, 0x1C, 0x18, 0x30, 0x20, 0x58, 0x0B, 0xF0, 0xB5, 0xFA, 0xB0, 0x1C, 0x20, 0x5C, 0x00, 0x28
	.byte 0x11, 0x48, 0x06, 0xD0, 0x20, 0x5A, 0x14, 0x21, 0x3A, 0x1C, 0x00, 0x90, 0x60, 0x59, 0x0F, 0x4B
	.byte 0x05, 0xE0, 0x20, 0x5A, 0x10, 0x4B, 0x28, 0x21, 0x00, 0x90, 0x60, 0x59, 0x3A, 0x1C, 0x0B, 0xF0
	.byte 0xE9, 0xF9, 0x18, 0x35, 0x60, 0x51, 0x0D, 0x49, 0x20, 0x1C, 0x04, 0xF0, 0x4B, 0xFB, 0x0B, 0xB0
	.byte 0xF0, 0xBD, 0xC0, 0x46, 0x18, 0x08, 0x00, 0x00, 0x2C, 0x0F, 0x00, 0x00, 0x5C, 0x08, 0x00, 0x00
	.byte 0xED, 0x11, 0x00, 0x00, 0x44, 0x08, 0x00, 0x00, 0xF4, 0x05, 0x00, 0x00, 0xA0, 0x86, 0x1D, 0x02
	.byte 0x00, 0x7D, 0x1D, 0x02, 0x4C, 0x08, 0x00, 0x00, 0xD8, 0x7D, 0x1D, 0x02, 0xF1, 0x48, 0x1D, 0x02
	.byte 0xF0, 0xB5, 0x83, 0xB0, 0x2D, 0x49, 0x05, 0x1C, 0x69, 0x5A, 0x00, 0x20, 0x68, 0xF6, 0x8E, 0xED
	.byte 0x2B, 0x48, 0x29, 0x58, 0x06, 0x29, 0x04, 0xD1, 0x72, 0x22, 0x12, 0x01, 0xA8, 0x58, 0x98, 0x21
	.byte 0x13, 0xE0, 0x08, 0x29, 0x04, 0xD1, 0x72, 0x22, 0x12, 0x01, 0xA8, 0x58, 0x9B, 0x21, 0x0C, 0xE0
	.byte 0x61, 0x30, 0x28, 0x5C, 0x00, 0x28, 0x04, 0xD0, 0x72, 0x22, 0x12, 0x01, 0xA8, 0x58, 0x82, 0x21
	.byte 0x03, 0xE0, 0x72, 0x22, 0x12, 0x01, 0xA8, 0x58, 0x81, 0x21, 0x1C, 0x32, 0xAA, 0x58, 0x71, 0xF6
	.byte 0x1E, 0xEA, 0x28, 0x1C, 0x04, 0xF0, 0x18, 0xF9, 0x01, 0x1C, 0x28, 0x1C, 0x04, 0xF0, 0x92, 0xFB
	.byte 0x18, 0x4E, 0x02, 0x1C, 0xA8, 0x59, 0x00, 0x21, 0x00, 0x27, 0x4A, 0xF6, 0x33, 0xFB, 0x16, 0x4C
	.byte 0xA8, 0x59, 0x2A, 0x59, 0x01, 0x21, 0x4A, 0xF6, 0xC9, 0xFB, 0x21, 0x1C, 0xFC, 0x39, 0xF8, 0x3C
	.byte 0xA8, 0x59, 0x69, 0x58, 0x2A, 0x59, 0x4A, 0xF6, 0xD3, 0xFC, 0x20, 0x20, 0x00, 0x90, 0x18, 0x20
	.byte 0x01, 0x90, 0x11, 0x20, 0x02, 0x90, 0x04, 0x20, 0x00, 0x21, 0x00, 0x22, 0x00, 0x23, 0x6C, 0xF6
	.byte 0x20, 0xED, 0x28, 0x1C, 0x01, 0x21, 0x00, 0x22, 0x0C, 0xF0, 0x94, 0xFB, 0x28, 0x1C, 0x14, 0x21
	.byte 0x12, 0xF0, 0x9A, 0xFC, 0x05, 0x48, 0x07, 0x80, 0x03, 0xB0, 0xF0, 0xBD, 0xF4, 0x05, 0x00, 0x00
	.byte 0x8C, 0x11, 0x00, 0x00, 0x24, 0x07, 0x00, 0x00, 0x34, 0x08, 0x00, 0x00, 0x50, 0x10, 0x00, 0x04
	.byte 0x78, 0xB5, 0x83, 0xB0, 0x2D, 0x49, 0x05, 0x1C, 0x69, 0x58, 0x0A, 0x29, 0x01, 0xD1, 0xFF, 0xF7
	.byte 0x8F, 0xFF, 0x2B, 0x48, 0x28, 0x5C, 0x00, 0x28, 0x22, 0xD1, 0x28, 0x48, 0x28, 0x58, 0x06, 0x28
	.byte 0x1E, 0xD1, 0x28, 0x4C, 0x00, 0xAE, 0x28, 0x59, 0x31, 0x1C, 0x41, 0xF6, 0x89, 0xF9, 0x20, 0x1C
	.byte 0x08, 0x30, 0x28, 0x58, 0x31, 0x1C, 0x41, 0xF6, 0x8F, 0xF9, 0x20, 0x1C, 0x08, 0x30, 0x28, 0x58
	.byte 0x41, 0xF6, 0xBE, 0xFA, 0x28, 0x59, 0x41, 0xF6, 0xB3, 0xFA, 0x20, 0x1C, 0x08, 0x30, 0x28, 0x58
	.byte 0x41, 0xF6, 0x84, 0xFA, 0x20, 0x1C, 0x08, 0x30, 0x18, 0x34, 0x29, 0x58, 0x28, 0x59, 0x01, 0x60
	.byte 0x16, 0x48, 0x28, 0x58, 0xC8, 0x28, 0x22, 0xDD, 0x28, 0x1C, 0x0C, 0xF0, 0xA7, 0xFC, 0x00, 0x28
	.byte 0x1D, 0xD0, 0x28, 0x1C, 0x0C, 0xF0, 0x98, 0xFB, 0x11, 0x48, 0x28, 0x5C, 0x00, 0x28, 0x0A, 0xD1
	.byte 0x28, 0x1C, 0x00, 0x21, 0x00, 0x24, 0x0E, 0xF0, 0xAF, 0xFE, 0x0F, 0x49, 0x08, 0x1C, 0x6A, 0x58
	.byte 0x08, 0x38, 0x2A, 0x50, 0x6C, 0x50, 0x0D, 0x4C, 0x28, 0x59, 0x00, 0x28, 0x03, 0xD0, 0x5B, 0xF6
	.byte 0x10, 0xEF, 0x00, 0x20, 0x28, 0x51, 0x0A, 0x49, 0x28, 0x1C, 0x04, 0xF0, 0x73, 0xFA, 0x07, 0x48
	.byte 0x29, 0x1C, 0x28, 0x58, 0x0B, 0xF0, 0x60, 0xF9, 0x03, 0xB0, 0x78, 0xBD, 0x2C, 0x0F, 0x00, 0x00
	.byte 0xED, 0x11, 0x00, 0x00, 0x44, 0x08, 0x00, 0x00, 0x4C, 0x08, 0x00, 0x00, 0x5C, 0x08, 0x00, 0x00
	.byte 0x15, 0x4B, 0x1D, 0x02, 0x10, 0xB5, 0x04, 0x1C, 0xFF, 0xF7, 0x34, 0xFD, 0xE0, 0x68, 0x06, 0x21
	.byte 0x0E, 0xF0, 0x30, 0xFB, 0xE0, 0x68, 0x0E, 0xF0, 0xA9, 0xFA, 0xE0, 0x68, 0x5B, 0xF6, 0xE8, 0xEE
	.byte 0x00, 0x20, 0xE0, 0x60, 0x02, 0x49, 0x20, 0x1C, 0x04, 0xF0, 0x4C, 0xFA, 0x10, 0xBD, 0xC0, 0x46
	.byte 0xA1, 0xFD, 0x1D, 0x02, 0x30, 0xB5
_021D49F6:
	.byte 0x83, 0xB0, 0x05, 0x1C, 0x00, 0x29, 0x17, 0xD0, 0x00, 0x2D
	.byte 0x15, 0xD0, 0x7D, 0xF6, 0x18, 0xE8, 0xC1, 0x68, 0x98, 0x31, 0x09, 0x68, 0x00, 0x29, 0x0E, 0xD0
	.byte 0x00, 0xAC, 0x00, 0x21, 0x21, 0x60, 0x61, 0x60, 0xA1, 0x60, 0xC0, 0x68, 0x21, 0x1C, 0x98, 0x30
	.byte 0x00, 0x68, 0x3C, 0xF6, 0xF5, 0xFD, 0x28, 0x1C, 0x21, 0x1C, 0x7C, 0xF6, 0x06, 0xEF

	non_word_aligned_thumb_func_start LAB_overlay_d_118__021d4a2e
LAB_overlay_d_118__021d4a2e: ; 0x021D4A2E
	add sp, #0xc
	pop {r4, r5, pc}
	.balign 4, 0
	thumb_func_end LAB_overlay_d_118__021d4a2e

	thumb_func_start FUN_overlay_d_118__021d4a34
FUN_overlay_d_118__021d4a34: ; 0x021D4A34
	push {r4, lr}
	add r4, r0, #0
	blx FUN_02051774
	add r1, r0, #0
	add r0, r4, #0
	blx FUN_02051A2C
	ldr r1, _021D4A50 ; =0x021D49F5
	add r0, r4, #0
	blx FUN_02051A24
	pop {r4, pc}
	nop
	thumb_func_end FUN_overlay_d_118__021d4a34
_021D4A50: .word 0x021D49F5
_021D4A54:
	.byte 0x30, 0xB5, 0x83, 0xB0, 0x05, 0x1C, 0x00, 0x29, 0x17, 0xD0, 0x00, 0x2D
	.byte 0x15, 0xD0, 0x7C, 0xF6, 0xE8, 0xEF, 0xC1, 0x68, 0x9C, 0x31, 0x09, 0x68, 0x00, 0x29, 0x0E, 0xD0
	.byte 0x00, 0xAC, 0x00, 0x21, 0x21, 0x60, 0x61, 0x60, 0xA1, 0x60, 0xC0, 0x68, 0x21, 0x1C, 0x9C, 0x30
	.byte 0x00, 0x68, 0x3C, 0xF6, 0xC5, 0xFD, 0x28, 0x1C, 0x21, 0x1C, 0x7C, 0xF6, 0xD6, 0xEE

	non_word_aligned_thumb_func_start LAB_overlay_d_118__021d4a8e
LAB_overlay_d_118__021d4a8e: ; 0x021D4A8E
	add sp, #0xc
	pop {r4, r5, pc}
	.balign 4, 0
	thumb_func_end LAB_overlay_d_118__021d4a8e

	thumb_func_start FUN_overlay_d_118__021d4a94
FUN_overlay_d_118__021d4a94: ; 0x021D4A94
	push {r4, lr}
	add r4, r0, #0
	blx FUN_02051774
	add r1, r0, #0
	add r0, r4, #0
	blx FUN_02051A2C
	ldr r1, _021D4AB0 ; =0x021D4A55
	add r0, r4, #0
	blx FUN_02051A24
	pop {r4, pc}
	nop
	thumb_func_end FUN_overlay_d_118__021d4a94
_021D4AB0: .word 0x021D4A55
_021D4AB4:
	.byte 0x78, 0xB5, 0x83, 0xB0, 0x04, 0x1C, 0xFF, 0xF7, 0xE9, 0xFC, 0x11, 0x4D
	.byte 0x01, 0x20, 0x60, 0x51, 0x28, 0x1C, 0x10, 0x38, 0x20, 0x58, 0x00, 0x21, 0x41, 0xF6, 0xAC, 0xFA
	.byte 0x0D, 0x48, 0x20, 0x58, 0x06, 0x28, 0x0B, 0xD1, 0x0C, 0x4E, 0x00, 0xAB, 0x03, 0xCE, 0x1A, 0x1C
	.byte 0x03, 0xC3, 0x30, 0x68, 0x10, 0x3D, 0x18, 0x60, 0x60, 0x59, 0x11, 0x1C, 0x41, 0xF6, 0xAC, 0xF8
	.byte 0x20, 0x1C, 0x00, 0x21, 0xFF, 0xF7, 0xC6, 0xFC, 0x05, 0x49, 0x20, 0x1C, 0x04, 0xF0, 0xC2, 0xF9
	.byte 0x03, 0xB0, 0x78, 0xBD, 0x54, 0x08, 0x00, 0x00, 0x8C, 0x11, 0x00, 0x00, 0x90, 0x7C, 0x1D, 0x02
	.byte 0x9D, 0x44, 0x1D, 0x02, 0xF8, 0xB5, 0x05, 0x1C, 0x07, 0xF0, 0x02, 0xFE, 0x75, 0xF6, 0x46, 0xED
	.byte 0x28, 0x1C, 0x0F, 0xF0, 0x8D, 0xF9, 0x31, 0x4C, 0x03, 0x20, 0x2A, 0x5B, 0x00, 0x21, 0x00, 0x27
	.byte 0x76, 0xF6, 0xE6, 0xEA, 0x2E, 0x49, 0x2F, 0x4B, 0x68, 0x50, 0x98, 0x20, 0x00, 0x90, 0x28, 0x5B
	.byte 0xBC, 0x21, 0x01, 0x22, 0x01, 0x26, 0x5B, 0xF6, 0xF6, 0xED, 0xE8, 0x60, 0x29, 0x5B, 0xBA, 0x30
	.byte 0x01, 0x80, 0x28, 0x1C, 0x00, 0x21, 0x10, 0xF0, 0x95, 0xFB, 0x27, 0x48, 0x03, 0x21, 0x07, 0x80
	.byte 0x26, 0x48, 0x07, 0x80, 0x28, 0x1C, 0x0E, 0xF0, 0x4F, 0xFB, 0x28, 0x1C, 0x01, 0x21, 0x04, 0xF0
	.byte 0x19, 0xFA, 0x03, 0x1C, 0x28, 0x1C, 0x01, 0x21, 0x00, 0x22, 0x00, 0x96, 0x0E, 0xF0, 0xA4, 0xFD
	.byte 0x28, 0x1C, 0x00, 0x21, 0x04, 0xF0, 0x0E, 0xFA, 0x03, 0x1C, 0x28, 0x1C, 0x02, 0x21, 0x00, 0x22
	.byte 0x00, 0x96, 0x0E, 0xF0, 0x99, 0xFD, 0x28, 0x1C, 0x01, 0x21, 0x04, 0xF0, 0x03, 0xFA, 0x03, 0x1C
	.byte 0x28, 0x1C, 0x03, 0x21, 0x01, 0x22, 0x00, 0x96, 0x0E, 0xF0, 0x8E, 0xFD, 0x14, 0x4C, 0x28, 0x59
	.byte 0x41, 0xF6, 0x76, 0xF9, 0x20, 0x1D, 0x28, 0x58, 0x41, 0xF6, 0x72, 0xF9, 0x08, 0x34, 0x28, 0x59
	.byte 0x41, 0xF6, 0x6E, 0xF9, 0xE8, 0x68, 0x0E, 0xF0, 0xB5, 0xF9, 0xE8, 0x68, 0x0E, 0xF0, 0xF0, 0xF9
	.byte 0xE8, 0x68, 0x31, 0x1C, 0x0E, 0xF0, 0xCC, 0xF8, 0x28, 0x1C, 0x39, 0x1C, 0xFF, 0xF7, 0x52, 0xFC
	.byte 0x08, 0x49, 0x28, 0x1C, 0x04, 0xF0, 0x4E, 0xF9, 0xF8, 0xBD, 0xC0, 0x46, 0xF4, 0x05, 0x00, 0x00
	.byte 0xC4, 0x09, 0x00, 0x00, 0xD4, 0x7F, 0x1D, 0x02, 0x50, 0x10, 0x00, 0x04, 0x50, 0x00, 0x00, 0x04
	.byte 0x48, 0x08, 0x00, 0x00, 0x09, 0x4C, 0x1D, 0x02, 0x10, 0xB5, 0x04, 0x1C, 0xE0, 0x68, 0x0E, 0xF0
	.byte 0xF9, 0xF9, 0x02, 0x49, 0x20, 0x1C, 0x04, 0xF0, 0x35, 0xF9, 0x10, 0xBD, 0x21, 0x4C, 0x1D, 0x02
	.byte 0x10, 0xB5, 0x04, 0x1C, 0x0E, 0xF0, 0x04, 0xFB, 0x20, 0x1C, 0x03, 0x21, 0x0E, 0xF0, 0xEC, 0xFA
	.byte 0x02, 0x49, 0x20, 0x1C, 0x04, 0xF0, 0x26, 0xF9, 0x10, 0xBD, 0xC0, 0x46, 0x41, 0x4C, 0x1D, 0x02
	.byte 0xF0, 0xB5, 0x9B, 0xB0, 0xC9, 0x4C, 0x05, 0x1C, 0x28, 0x59, 0x0A, 0xF0, 0x09, 0xFF, 0x01, 0x20
	.byte 0xFF, 0xF7, 0x16, 0xFC, 0x29, 0x59, 0x81, 0x42, 0x08, 0xD1, 0xC5, 0x48, 0x08, 0x21, 0x00, 0x90
	.byte 0xC4, 0x48, 0x08, 0x22, 0x28, 0x58, 0x00, 0x23, 0x41, 0xF6, 0x72, 0xF9, 0x02, 0x20, 0xFF, 0xF7
	.byte 0x07, 0xFC, 0xBE, 0x49, 0x69, 0x58, 0x81, 0x42, 0x08, 0xD1, 0xBD, 0x48, 0x10, 0x21, 0x00, 0x90
	.byte 0xBC, 0x48, 0x10, 0x22, 0x28, 0x58, 0x00, 0x23, 0x41, 0xF6, 0x62, 0xF9, 0x03, 0x20, 0xFF, 0xF7
	.byte 0xF7, 0xFB, 0xB6, 0x49, 0x69, 0x58, 0x81, 0x42, 0x05, 0xD1, 0x28, 0x1C, 0xFF, 0xF7, 0x94, 0xFB
	.byte 0x28, 0x1C, 0xFF, 0xF7, 0x53, 0xFB, 0x04, 0x20, 0xFF, 0xF7, 0xEA, 0xFB, 0xAF, 0x49, 0x69, 0x58
	.byte 0x81, 0x42, 0x07, 0xD1, 0x28, 0x1C, 0x11, 0x21, 0x12, 0xF0, 0x9A, 0xFA, 0x28, 0x1C, 0x18, 0x21
	.byte 0x12, 0xF0, 0xA2, 0xFA, 0x04, 0x20, 0xFF, 0xF7, 0xDB, 0xFB, 0xA8, 0x49, 0x69, 0x58, 0x81, 0x42
	.byte 0x03, 0xD1, 0xA8, 0x48, 0x28, 0x58, 0x41, 0xF6, 0xE3, 0xF8, 0xA7, 0x48, 0xFF, 0xF7, 0xD0, 0xFB
	.byte 0xA2, 0x49, 0x69, 0x58, 0x81, 0x42, 0x06, 0xD1, 0xE8, 0x68, 0x0A, 0x21, 0x00, 0x68, 0x00, 0x22
	.byte 0x2B, 0x1C, 0x7C, 0xF6, 0x6C, 0xEC, 0x65, 0x20, 0xFF, 0xF7, 0xC2, 0xFB, 0x9B, 0x49, 0x69, 0x58
	.byte 0x81, 0x42, 0x06, 0xD1, 0xE8, 0x68, 0x01, 0x21, 0x40, 0x68, 0x00, 0x22, 0x2B, 0x1C, 0x7C, 0xF6
	.byte 0x5E, 0xEC, 0x9A, 0x20, 0xFF, 0xF7, 0xB4, 0xFB, 0x94, 0x49, 0x69, 0x58, 0x81, 0x42, 0x06, 0xD1
	.byte 0xE8, 0x68, 0x02, 0x21, 0x80, 0x68, 0x00, 0x22, 0x2B, 0x1C, 0x7C, 0xF6, 0x50, 0xEC, 0x92, 0x48
	.byte 0xFF, 0xF7, 0xA6, 0xFB, 0x8D, 0x49, 0x69, 0x58, 0x81, 0x42, 0x06, 0xD1, 0xE8, 0x68, 0x02, 0x21
	.byte 0x00, 0x6A, 0x00, 0x22, 0x2B, 0x1C, 0x7C, 0xF6, 0x42, 0xEC, 0x0E, 0x20, 0xFF, 0xF7, 0x98, 0xFB
	.byte 0x86, 0x49, 0x69, 0x58, 0x81, 0x42, 0x06, 0xD1, 0xE8, 0x68, 0x03, 0x21, 0xC0, 0x68, 0x00, 0x22
	.byte 0x2B, 0x1C, 0x7C, 0xF6, 0x34, 0xEC, 0x85, 0x48, 0xFF, 0xF7, 0x8A, 0xFB, 0x7F, 0x49, 0x69, 0x58
	.byte 0x81, 0x42, 0x06, 0xD1, 0xE8, 0x68, 0x03, 0x21, 0xC0, 0x69, 0x00, 0x22, 0x2B, 0x1C, 0x7C, 0xF6
	.byte 0x26, 0xEC, 0x9A, 0x20, 0xFF, 0xF7, 0x7C, 0xFB, 0x78, 0x49, 0x69, 0x58, 0x81, 0x42, 0x06, 0xD1
	.byte 0xE8, 0x68, 0x7B, 0x4A, 0x00, 0x69, 0x04, 0x21, 0x2B, 0x1C, 0x7C, 0xF6, 0x18, 0xEC, 0x79, 0x48
	.byte 0xFF, 0xF7, 0x6E, 0xFB, 0x71, 0x49, 0x69, 0x58, 0x81, 0x42, 0x06, 0xD1, 0xE8, 0x68, 0x05, 0x21
	.byte 0x40, 0x69, 0x00, 0x22, 0x2B, 0x1C, 0x7C, 0xF6, 0x0A, 0xEC, 0xAF, 0x20, 0x80, 0x00, 0xFF, 0xF7
	.byte 0x5F, 0xFB, 0x6A, 0x49, 0x69, 0x58, 0x81, 0x42, 0x06, 0xD1, 0xE8, 0x68, 0x6E, 0x4A, 0x80, 0x69
	.byte 0x06, 0x21, 0x2B, 0x1C, 0x7C, 0xF6, 0xFA, 0xEB, 0x6C, 0x48, 0xFF, 0xF7, 0x51, 0xFB, 0x63, 0x49
	.byte 0x69, 0x58, 0x81, 0x42, 0x02, 0xD1, 0x28, 0x1C, 0xFF, 0xF7, 0xB0, 0xFA, 0x68, 0x48, 0xFF, 0xF7
	.byte 0x47, 0xFB, 0x5E, 0x49, 0x69, 0x58, 0x81, 0x42, 0x0E, 0xD1, 0x14, 0x20, 0xFF, 0xF7, 0x40, 0xFB
	.byte 0x00, 0x90, 0x01, 0x20, 0x01, 0x90, 0x63, 0x48, 0x63, 0x4B, 0x28, 0x5A, 0x00, 0x21, 0x00, 0x22
	.byte 0x02, 0x90, 0x00, 0x20, 0x4D, 0xF6, 0x3A, 0xF9, 0x60, 0x48, 0xFF, 0xF7, 0x31, 0xFB, 0x53, 0x49
	.byte 0x80, 0x1E, 0x69, 0x58, 0x81, 0x42, 0x17, 0xD1, 0x5D, 0x4C, 0x28, 0x59, 0x00, 0x28, 0x03, 0xD0
	.byte 0x5B, 0xF6, 0xBE, 0xEC, 0x00, 0x20, 0x28, 0x51, 0x86, 0x24, 0x24, 0x01, 0x28, 0x59, 0x00, 0x28
	.byte 0x03, 0xD0, 0x5B, 0xF6, 0xB6, 0xEC, 0x00, 0x20, 0x28, 0x51, 0x28, 0x1C, 0x0E, 0xF0, 0xF0, 0xF9
	.byte 0x54, 0x49, 0x28, 0x1C, 0x04, 0xF0, 0x16, 0xF8, 0x53, 0x48, 0xFF, 0xF7, 0x11, 0xFB, 0x43, 0x49
	.byte 0x69, 0x58, 0x81, 0x42, 0x45, 0xD1, 0x51, 0x4C, 0x28, 0x59, 0x41, 0xF6, 0x21, 0xF8, 0x50, 0x4E
	.byte 0x0A, 0x27, 0x50, 0x48, 0x3F, 0x03, 0x18, 0x96, 0x1A, 0x97, 0x19, 0x90, 0x28, 0x59, 0x18, 0xA9
	.byte 0x40, 0xF6, 0xE2, 0xFE, 0x4C, 0x48, 0x18, 0x96, 0x19, 0x90, 0x20, 0x1C, 0x1A, 0x97, 0x10, 0x30
	.byte 0x28, 0x58, 0x0A, 0xF0, 0x47, 0xFF, 0x0F, 0x20, 0xFF, 0xF7, 0xF2, 0xFA, 0x3D, 0x4B, 0x01, 0x1C
	.byte 0xEB, 0x5A, 0x28, 0x59, 0x18, 0xAA, 0x0A, 0xF0, 0x6D, 0xFE, 0x21, 0x1C, 0x10, 0x31, 0x68, 0x50
	.byte 0x28, 0x59, 0x40, 0xF6, 0xA7, 0xFF, 0x28, 0x59, 0x18, 0xA9, 0x40, 0xF6, 0xEB, 0xFE, 0x18, 0x98
	.byte 0xC6, 0xF6, 0x46, 0xEC, 0x3D, 0x4E, 0x3E, 0x4F, 0x32, 0x1C, 0x3B, 0x1C, 0xC6, 0xF6, 0x0C, 0xEA
	.byte 0xC7, 0xF6, 0x1A, 0xEB, 0x18, 0x90, 0x19, 0x98, 0xC6, 0xF6, 0x3A, 0xEC, 0x32, 0x1C, 0x3B, 0x1C
	.byte 0xC6, 0xF6, 0x02, 0xEA, 0xC7, 0xF6, 0x10, 0xEB, 0x19, 0x90, 0x28, 0x59, 0x18, 0xA9, 0x40, 0xF6
	.byte 0xDD, 0xFE, 0x34, 0x48, 0xFF, 0xF7, 0xC4, 0xFA, 0x1C, 0x49, 0x69, 0x58, 0x81, 0x42, 0x7A, 0xD1
	.byte 0x85, 0x24, 0x24, 0x01, 0x28, 0x59, 0x40, 0xF6, 0xD3, 0xFF, 0x0F, 0x26, 0x05, 0x27, 0xB6, 0x03
	.byte 0x3F, 0x04, 0x2D, 0x48, 0x15, 0x96, 0x16, 0x97, 0x17, 0x90, 0x28, 0x59, 0x15, 0xA9, 0x40, 0xF6
	.byte 0x93, 0xFE, 0x38, 0x09, 0x16, 0x90, 0x28, 0x48, 0x15, 0x96, 0x17, 0x90, 0x20, 0x1C, 0x10, 0x30
	.byte 0x28, 0x58, 0x0A, 0xF0, 0xF7, 0xFE, 0x0F, 0x20, 0xFF, 0xF7, 0xA2, 0xFA, 0x15, 0x4B, 0x01, 0x1C
	.byte 0xEB, 0x5A, 0x28, 0x59, 0x15, 0xAA, 0x0A, 0xF0, 0x1D, 0xFE, 0x21, 0x1C, 0x10, 0x31, 0x68, 0x50
	.byte 0x28, 0x59, 0x40, 0xF6, 0x57, 0xFF, 0x28, 0x59, 0x15, 0xA9, 0x40, 0xF6, 0x9B, 0xFE, 0x15, 0x98
	.byte 0xC6, 0xF6, 0xF6, 0xEB, 0x15, 0x4E, 0x16, 0x4F, 0x30, 0xE0, 0xC0, 0x46, 0x2C, 0x0F, 0x00, 0x00
	.byte 0xFF, 0xFF, 0x00, 0x00, 0x44, 0x08, 0x00, 0x00, 0x56, 0x03, 0x00, 0x00, 0x83, 0x04, 0x00, 0x00
	.byte 0x35, 0x4A, 0x1D, 0x02, 0x52, 0x01, 0x00, 0x00, 0x95, 0x4A, 0x1D, 0x02, 0x7F, 0x04, 0x00, 0x00
	.byte 0x0A, 0x01, 0x00, 0x00, 0xF4, 0x05, 0x00, 0x00, 0xFF, 0x7F, 0x00, 0x00, 0x2D, 0x01, 0x00, 0x00
	.byte 0x5C, 0x08, 0x00, 0x00, 0xC5, 0x49, 0x1D, 0x02, 0x4A, 0x01, 0x00, 0x00, 0x4C, 0x08, 0x00, 0x00
	.byte 0x00, 0xE0, 0xFC, 0xFF, 0x00, 0xA0, 0xF6, 0xFF, 0x00, 0x90, 0xFC, 0xFF, 0x33, 0x33, 0x33, 0x33
	.byte 0x33, 0x33, 0xF3, 0x3F, 0x4B, 0x01, 0x00, 0x00, 0x00, 0x60, 0xFF, 0xFF, 0x32, 0x1C, 0x3B, 0x1C
	.byte 0xC6, 0xF6, 0x8A, 0xE9, 0xC7, 0xF6, 0x98, 0xEA, 0x15, 0x90, 0x16, 0x98, 0xC6, 0xF6, 0xB8, 0xEB
	.byte 0x32, 0x1C, 0x3B, 0x1C, 0xC6, 0xF6, 0x80, 0xE9, 0xC7, 0xF6, 0x8E, 0xEA, 0x16, 0x90, 0x28, 0x59
	.byte 0x15, 0xA9, 0x40, 0xF6, 0x5B, 0xFE, 0x55, 0x20, 0x80, 0x00, 0xFF, 0xF7, 0x41, 0xFA, 0xE0, 0x49
	.byte 0x69, 0x58, 0x81, 0x42, 0x20, 0xD1, 0xDF, 0x48, 0x0A, 0x24, 0x12, 0x90, 0xDE, 0x48, 0x24, 0x03
	.byte 0x13, 0x90, 0x1C, 0x20, 0x14, 0x94, 0xFF, 0xF7, 0x33, 0xFA, 0x12, 0xAF, 0xDB, 0x4E, 0x01, 0x1C
	.byte 0xA8, 0x59, 0x3A, 0x1C, 0x0A, 0xF0, 0x92, 0xFD, 0x0F, 0x20, 0x80, 0x03, 0x12, 0x90, 0x60, 0x08
	.byte 0x13, 0x90, 0xD7, 0x48, 0x14, 0x90, 0x1C, 0x20, 0xFF, 0xF7, 0x22, 0xFA, 0x01, 0x1C, 0x30, 0x1D
	.byte 0x28, 0x58, 0x3A, 0x1C, 0x0A, 0xF0, 0x82, 0xFD, 0x17, 0x20, 0x00, 0x01, 0xFF, 0xF7, 0x18, 0xFA
	.byte 0xCB, 0x49, 0x69, 0x58, 0x81, 0x42, 0x3E, 0xD1, 0xCC, 0x4C, 0x28, 0x59, 0x5B, 0xF6, 0xA8, 0xEB
	.byte 0x00, 0x26, 0x2E, 0x51, 0x20, 0x1D, 0x28, 0x58, 0x5B, 0xF6, 0xA2, 0xEB, 0x20, 0x1D, 0x2E, 0x50
	.byte 0xC8, 0x48, 0x11, 0x96, 0x0F, 0x90, 0xC4, 0x48, 0x10, 0x90, 0x28, 0x59, 0x0A, 0xF0, 0x52, 0xFE
	.byte 0x2E, 0x20, 0xFF, 0xF7, 0xFD, 0xF9, 0xC4, 0x4F, 0x01, 0x1C, 0x20, 0x1C, 0x10, 0x38, 0xEB, 0x5B
	.byte 0x28, 0x58, 0x0F, 0xAA, 0x0A, 0xF0, 0x76, 0xFD, 0x28, 0x51, 0x96, 0x20, 0x00, 0x03, 0x0F, 0x90
	.byte 0x05, 0x20, 0x00, 0x03, 0x10, 0x90, 0x11, 0x96, 0x20, 0x1D, 0x28, 0x58, 0x0A, 0xF0, 0x3A, 0xFE
	.byte 0x2E, 0x20, 0xFF, 0xF7, 0xE5, 0xF9, 0x01, 0x1C, 0x20, 0x1C, 0x0C, 0x38, 0xEB, 0x5B, 0x28, 0x58
	.byte 0x0F, 0xAA, 0x0A, 0xF0, 0x5F, 0xFD, 0x21, 0x1D, 0x68, 0x50, 0x28, 0x59, 0x01, 0x21, 0xC1, 0x82
	.byte 0x20, 0x1D, 0x28, 0x58, 0xC1, 0x82, 0xB1, 0x48, 0xFF, 0xF7, 0xD2, 0xF9, 0xA8, 0x49, 0x69, 0x58
	.byte 0x81, 0x42, 0x00, 0xD0, 0xAB, 0xE0, 0xA9, 0x4C, 0x28, 0x59, 0x5B, 0xF6, 0x62, 0xEB, 0x00, 0x27
	.byte 0x20, 0x1C, 0x2F, 0x51, 0x18, 0x38, 0x28, 0x58, 0x40, 0xF6, 0xDA, 0xFE, 0xA8, 0x48, 0x00, 0x21
	.byte 0x00, 0x90, 0x20, 0x1C, 0x18, 0x38, 0x28, 0x58, 0x00, 0x22, 0x00, 0x23, 0x40, 0xF6, 0x20, 0xFF
	.byte 0xA0, 0x48, 0x05, 0x26, 0x0C, 0x90, 0x9E, 0x48, 0x36, 0x03, 0x0E, 0x90, 0x20, 0x1C, 0x0D, 0x96
	.byte 0x18, 0x38, 0x28, 0x58, 0x0C, 0xA9, 0x40, 0xF6, 0x8F, 0xFD, 0x0F, 0x20, 0x80, 0x03, 0x0C, 0x90
	.byte 0x97, 0x48, 0x0D, 0x96, 0x0E, 0x90, 0x28, 0x59, 0x0A, 0xF0, 0xF4, 0xFD, 0x67, 0x20, 0xFF, 0xF7
	.byte 0x9F, 0xF9, 0x95, 0x4B, 0x01, 0x1C, 0x20, 0x1C, 0x18, 0x38, 0xEB, 0x5A, 0x28, 0x58, 0x0C, 0xAA
	.byte 0x0A, 0xF0, 0x18, 0xFD, 0x28, 0x51, 0x20, 0x1C, 0x18, 0x38, 0x28, 0x58, 0x0C, 0xA9, 0x40, 0xF6
	.byte 0x99, 0xFD, 0x0C, 0x98, 0xC6, 0xF6, 0xF4, 0xEA, 0x8E, 0x4A, 0x8F, 0x4B, 0xC6, 0xF6, 0xBC, 0xE8
	.byte 0xC7, 0xF6, 0xCA, 0xE9, 0x0C, 0x90, 0x0D, 0x98, 0xC6, 0xF6, 0xEA, 0xEA, 0x89, 0x4A, 0x8A, 0x4B
	.byte 0xC6, 0xF6, 0xB2, 0xE8, 0xC7, 0xF6, 0xC0, 0xE9, 0x0D, 0x90, 0x20, 0x1C, 0x18, 0x38, 0x28, 0x58
	.byte 0x0C, 0xA9, 0x40, 0xF6, 0x8B, 0xFD, 0x20, 0x1D, 0x28, 0x58, 0x5B, 0xF6, 0x0A, 0xEB, 0x20, 0x1D
	.byte 0x2F, 0x50, 0x20, 0x1C, 0x14, 0x38, 0x28, 0x58, 0x40, 0xF6, 0x82, 0xFE, 0x96, 0x20, 0x00, 0x03
	.byte 0x75, 0x4F, 0x09, 0x90, 0x76, 0x00, 0x20, 0x1C, 0x0A, 0x97, 0x0B, 0x96, 0x14, 0x38, 0x28, 0x58
	.byte 0x09, 0xA9, 0x40, 0xF6, 0x41, 0xFD, 0x79, 0x48, 0x0A, 0x97, 0x09, 0x90, 0x0B, 0x96, 0x20, 0x1D
	.byte 0x28, 0x58, 0x0A, 0xF0, 0xA7, 0xFD, 0x67, 0x20, 0xFF, 0xF7, 0x52, 0xF9, 0x6E, 0x4B, 0x01, 0x1C
	.byte 0x20, 0x1C, 0x14, 0x38, 0xEB, 0x5A, 0x28, 0x58, 0x09, 0xAA, 0x0A, 0xF0, 0xCB, 0xFC, 0x21, 0x1D
	.byte 0x68, 0x50, 0x20, 0x1C, 0x14, 0x38, 0x28, 0x58, 0x09, 0xA9, 0x40, 0xF6, 0x4B, 0xFD, 0x09, 0x98
	.byte 0xC6, 0xF6, 0xA6, 0xEA, 0x67, 0x4A, 0x68, 0x4B, 0xC6, 0xF6, 0x6E, 0xE8, 0xC7, 0xF6, 0x7C, 0xE9
	.byte 0x09, 0x90, 0x0A, 0x98, 0xC6, 0xF6, 0x9C, 0xEA, 0x62, 0x4A, 0x63, 0x4B, 0xC6, 0xF6, 0x64, 0xE8
	.byte 0xC7, 0xF6, 0x72, 0xE9, 0x0A, 0x90, 0x20, 0x1C, 0x14, 0x38, 0x28, 0x58, 0x09, 0xA9, 0x40, 0xF6
	.byte 0x3D, 0xFD, 0x28, 0x59, 0x01, 0x21, 0xC1, 0x82, 0x20, 0x1D, 0x28, 0x58, 0xC1, 0x82, 0x7E, 0x20
	.byte 0x80, 0x00, 0xFF, 0xF7, 0x1D, 0xF9, 0x4E, 0x49, 0x69, 0x58, 0x81, 0x42, 0x13, 0xD1, 0x80, 0x20
	.byte 0xFF, 0xF7, 0x16, 0xF9, 0x4D, 0x4C, 0x01, 0x1C, 0x28, 0x59, 0x02, 0x1C, 0x28, 0x32, 0x0A, 0xF0
	.byte 0x75, 0xFC, 0x80, 0x20, 0xFF, 0xF7, 0x0C, 0xF9, 0x01, 0x1C, 0x20, 0x1D, 0x28, 0x58, 0x02, 0x1C
	.byte 0x28, 0x32, 0x0A, 0xF0, 0x6B, 0xFC, 0x4E, 0x48, 0xFF, 0xF7, 0x02, 0xF9, 0x40, 0x49, 0x69, 0x58
	.byte 0x81, 0x42, 0x3B, 0xD1, 0x41, 0x4C, 0x28, 0x59, 0x5B, 0xF6, 0x92, 0xEA, 0x00, 0x26, 0x2E, 0x51
	.byte 0x20, 0x1D, 0x28, 0x58, 0x5B, 0xF6, 0x8C, 0xEA, 0x20, 0x1D, 0x2E, 0x50, 0x0F, 0x20, 0x80, 0x03
	.byte 0x3B, 0x4E, 0x06, 0x90, 0x19, 0x20, 0x80, 0x03, 0x08, 0x96, 0x07, 0x90, 0x28, 0x59, 0x0A, 0xF0
	.byte 0x39, 0xFD, 0x07, 0x20, 0xFF, 0xF7, 0xE4, 0xF8, 0x37, 0x4F, 0x01, 0x1C, 0x20, 0x1C, 0x18, 0x38
	.byte 0xEB, 0x5B, 0x28, 0x58, 0x06, 0xAA, 0x0A, 0xF0, 0x5D, 0xFC, 0x28, 0x51, 0x37, 0x48, 0x06, 0x90
	.byte 0x30, 0x01, 0x07, 0x90, 0x0A, 0x20, 0x00, 0x03, 0x08, 0x90, 0x20, 0x1D, 0x28, 0x58, 0x0A, 0xF0
	.byte 0x21, 0xFD, 0x07, 0x20, 0xFF, 0xF7, 0xCC, 0xF8, 0x01, 0x1C, 0x20, 0x1C, 0x14, 0x38, 0xEB, 0x5B
	.byte 0x28, 0x58, 0x06, 0xAA, 0x0A, 0xF0, 0x46, 0xFC, 0x21, 0x1D, 0x68, 0x50, 0x2D, 0x4C, 0x20, 0x1C
	.byte 0xFF, 0xF7, 0xBE, 0xF8, 0xE0, 0x1C, 0xFF, 0xF7, 0xBB, 0xF8, 0x1D, 0x49, 0x69, 0x58, 0x81, 0x42
	.byte 0x1A, 0xD1, 0x85, 0x24, 0x24, 0x01, 0x28, 0x59, 0x40, 0xF6, 0xCA, 0xFD, 0x00, 0x20, 0x26, 0x4E
	.byte 0x03, 0x90, 0x0A, 0x20, 0x00, 0x03, 0x04, 0x96, 0x05, 0x90, 0x28, 0x59, 0x03, 0xA9, 0x40, 0xF6
	.byte 0x8B, 0xFC, 0x28, 0x59, 0x40, 0xF6, 0x66, 0xFD, 0x70, 0x0C, 0x00, 0x90, 0x28, 0x59, 0x10, 0x21
	.byte 0x10, 0x22, 0x00, 0x23, 0x40, 0xF6, 0x04, 0xFE, 0x1C, 0x48, 0xFF, 0xF7, 0x99, 0xF8, 0x0C, 0x49
	.byte 0x69, 0x58, 0x81, 0x42, 0x09, 0xD1, 0x12, 0x48, 0x08, 0x21, 0x00, 0x90, 0x85, 0x20, 0x00, 0x01
	.byte 0x28, 0x58, 0x08, 0x22, 0x00, 0x23, 0x40, 0xF6, 0xF3, 0xFD, 0x49, 0x20, 0x00, 0x01, 0xFF, 0xF7
	.byte 0x87, 0xF8, 0x03, 0x49, 0x69, 0x58, 0x81, 0x42, 0x2B, 0xD1, 0x09, 0x48, 0x20, 0xE0, 0xC0, 0x46
	.byte 0x2C, 0x0F, 0x00, 0x00, 0x00, 0xE0, 0xFC, 0xFF, 0x00, 0x90, 0xFC, 0xFF, 0x5C, 0x08, 0x00, 0x00
	.byte 0x00, 0x60, 0xFF, 0xFF, 0x00, 0xA0, 0xF6, 0xFF, 0xF4, 0x05, 0x00, 0x00, 0xB2, 0x01, 0x00, 0x00
	.byte 0xFF, 0x7F, 0x00, 0x00, 0x33, 0x33, 0x33, 0x33, 0x33, 0x33, 0xF3, 0x3F, 0x00, 0x30, 0xFD, 0xFF
	.byte 0x7D, 0x02, 0x00, 0x00, 0x8B, 0x04, 0x00, 0x00, 0x00, 0x90, 0xFE, 0xFF, 0x8F, 0x04, 0x00, 0x00
	.byte 0x00, 0x21, 0x00, 0x90, 0x85, 0x20, 0x00, 0x01, 0x28, 0x58, 0x00, 0x22, 0x00, 0x23, 0x40, 0xF6
	.byte 0xBF, 0xFD, 0x3E, 0x48, 0xFF, 0xF7, 0x54, 0xF8, 0x3D, 0x49, 0x69, 0x58, 0x81, 0x42, 0x0E, 0xD1
	.byte 0x0A, 0x20, 0xFF, 0xF7, 0x4D, 0xF8, 0x00, 0x90, 0x01, 0x20, 0x01, 0x90, 0x39, 0x48, 0x3A, 0x4B
	.byte 0x28, 0x5A, 0x00, 0x21, 0x00, 0x22, 0x02, 0x90, 0x00, 0x20, 0x4C, 0xF6, 0x47, 0xFE, 0x37, 0x48
	.byte 0xFF, 0xF7, 0x3E, 0xF8, 0x32, 0x49, 0x69, 0x58, 0x81, 0x42, 0x0D, 0xD1, 0x19, 0x20, 0xFF, 0xF7
	.byte 0x37, 0xF8, 0x00, 0x90, 0x01, 0x21, 0x2F, 0x48, 0x01, 0x91, 0x28, 0x5A, 0x2E, 0x4B, 0x01, 0x22
	.byte 0x02, 0x90, 0x00, 0x20, 0x4C, 0xF6, 0x32, 0xFE, 0x0E, 0x20, 0x80, 0x01, 0xFF, 0xF7, 0x28, 0xF8
	.byte 0x27, 0x49, 0x69, 0x58, 0x81, 0x42, 0x0E, 0xD1, 0x1E, 0x20, 0xFF, 0xF7, 0x21, 0xF8, 0x00, 0x90
	.byte 0x01, 0x20, 0x01, 0x90, 0x23, 0x48, 0x24, 0x4B, 0x28, 0x5A, 0x00, 0x21, 0x00, 0x22, 0x02, 0x90
	.byte 0x00, 0x20, 0x4C, 0xF6, 0x1B, 0xFE, 0x22, 0x48, 0xFF, 0xF7, 0x12, 0xF8, 0x1C, 0x49, 0x69, 0x58
	.byte 0x81, 0x42, 0x0D, 0xD1, 0x1E, 0x20, 0xFF, 0xF7, 0x0B, 0xF8, 0x00, 0x90, 0x01, 0x21, 0x19, 0x48
	.byte 0x01, 0x91, 0x28, 0x5A, 0x18, 0x4B, 0x01, 0x22, 0x02, 0x90, 0x00, 0x20, 0x4C, 0xF6, 0x06, 0xFE
	.byte 0x18, 0x48, 0xFE, 0xF7, 0xFD, 0xFF, 0x12, 0x49, 0x69, 0x58, 0x81, 0x42, 0x12, 0xD1, 0x16, 0x4C
	.byte 0x28, 0x59, 0x5B, 0xF6, 0x8E, 0xE9, 0x00, 0x26, 0x2E, 0x51, 0x20, 0x1D, 0x28, 0x58, 0x5B, 0xF6
	.byte 0x88, 0xE9, 0x20, 0x1D, 0x2E, 0x50, 0x28, 0x1C, 0x0D, 0xF0, 0xC2, 0xFE, 0x0F, 0x49, 0x28, 0x1C
	.byte 0x03, 0xF0, 0xE8, 0xFC, 0x0C, 0x4C, 0x29, 0x1C, 0x28, 0x59, 0x0A, 0xF0, 0xD5, 0xFB, 0x20, 0x1D
	.byte 0x28, 0x58, 0x29, 0x1C, 0x0A, 0xF0, 0xD0, 0xFB, 0x1B, 0xB0, 0xF0, 0xBD, 0x8B, 0x02, 0x00, 0x00
	.byte 0x2C, 0x0F, 0x00, 0x00, 0xF4, 0x05, 0x00, 0x00, 0xFF, 0x7F, 0x00, 0x00, 0xB5, 0x02, 0x00, 0x00
	.byte 0xCA, 0x03, 0x00, 0x00, 0xC1, 0x04, 0x00, 0x00, 0x5C, 0x08, 0x00, 0x00, 0xC5, 0x49, 0x1D, 0x02

	thumb_func_start FUN_overlay_d_118__021d54f0
FUN_overlay_d_118__021d54f0: ; 0x021D54F0
	push {r4, r5, r6, r7, lr}
	sub sp, #0x14
	add r5, r1, #0
	ldr r1, [sp, #0x28]
	add r6, r0, #0
	add r4, r2, #0
	str r3, [sp]
	cmp r1, #0
	beq _021D5510
	bl FUN_021D8AA8
	cmp r0, #0
	beq _021D550C
	b _021D551A
	thumb_func_end FUN_overlay_d_118__021d54f0
_021D550C:
	mov r1, #0
	b _021D551C
_021D5510:
	bl FUN_021D8AA8
	mov r1, #0
	cmp r0, #0
	bne _021D551C
_021D551A:
	mov r1, #1
_021D551C:
	add r0, r6, #0
	bl FUN_021D8FA4
	add r7, r0, #0
	mov r1, #7
	mov r2, #0
	bl FUN_02017E1C
	str r0, [sp, #8]
	add r0, r7, #0
	mov r1, #0xab
	mov r2, #0
	bl FUN_02017E1C
	str r0, [sp, #0xc]
	add r0, r7, #0
	mov r1, #0x6f
	mov r2, #0
	bl FUN_02017E1C
	str r0, [sp, #0x10]
	add r0, r7, #0
	mov r1, #0x4c
	mov r2, #0
	bl FUN_02017E1C
	add r7, r0, #0
	bne _021D5578
	ldr r2, _021D55A8 ; =0x000005F4
	ldr r0, [sp, #0xc]
	ldr r1, [sp, #0x10]
	lsl r0, r0, #0x10
	lsl r1, r1, #0x10
	ldrh r2, [r6, r2]
	lsr r0, r0, #0x10
	lsr r1, r1, #0x10
	bl FUN_0201ADE4
	add r6, r0, #0
	mov r1, #0x10
	bl FUN_0201AE1C
	str r0, [sp, #4]
	add r0, r6, #0
	bl FUN_0201AE14
_021D5578:
	cmp r7, #0
	beq _021D557E
	b _021D5584
_021D557E:
	ldr r0, [sp, #4]
	cmp r0, #0
	beq _021D5588
_021D5584:
	mov r0, #1
	b _021D558A
_021D5588:
	mov r0, #0
_021D558A:
	strb r0, [r4]
	ldr r0, [sp]
	bl FUN_02008530
	ldr r1, [sp, #8]
	cmp r1, r0
	beq _021D55A0
	mov r0, #0
	add sp, #0x14
	strb r0, [r5]
	pop {r4, r5, r6, r7, pc}
_021D55A0:
	mov r0, #1
	strb r0, [r5]
	add sp, #0x14
	pop {r4, r5, r6, r7, pc}
	.balign 4, 0
_021D55A8: .word 0x000005F4

	thumb_func_start FUN_overlay_d_118__021d55ac
FUN_overlay_d_118__021d55ac: ; 0x021D55AC
	push {r3, r4, lr}
	sub sp, #0x14
	add r4, r0, #0
	ldr r0, [r4, #0xc]
	add r0, #0xb0
	ldr r0, [r0]
	cmp r0, #0
	bne _021D5612
	mov r1, #0x80
	add r0, sp, #0xc
	strh r1, [r0]
	mov r1, #0x63
	strh r1, [r0, #2]
	mov r1, #0
	strh r1, [r0, #4]
	strb r1, [r0, #6]
	strb r1, [r0, #7]
	add r0, sp, #0xc
	str r0, [sp]
	ldr r3, _021D561C ; =0x000008A8
	ldr r0, _021D5620 ; =0x000005F4
	str r1, [sp, #4]
	ldrh r0, [r4, r0]
	add r2, r3, #0
	sub r2, #0x1c
	str r0, [sp, #8]
	ldr r0, _021D5624 ; =0x000009C4
	ldr r1, [r4, r3]
	add r3, #0x14
	ldr r0, [r4, r0]
	ldr r2, [r4, r2]
	ldr r3, [r4, r3]
	blx FUN_0204B294
	ldr r1, [r4, #0xc]
	add r1, #0xb0
	str r0, [r1]
	ldr r0, [r4, #0xc]
	mov r1, #1
	add r0, #0xb0
	ldr r0, [r0]
	blx FUN_0204B92C
	ldr r0, [r4, #0xc]
	mov r1, #1
	add r0, #0xb0
	ldr r0, [r0]
	blx FUN_0204B3DC
	add sp, #0x14
	pop {r3, r4, pc}
	thumb_func_end FUN_overlay_d_118__021d55ac
_021D5612:
	blx FUN_0204B9A0
	add sp, #0x14
	pop {r3, r4, pc}
	nop
_021D561C: .word 0x000008A8
_021D5620: .word 0x000005F4
_021D5624: .word 0x000009C4

	thumb_func_start FUN_overlay_d_118__021d5628
FUN_overlay_d_118__021d5628: ; 0x021D5628
	push {r4, r5, r6, r7, lr}
	sub sp, #0xc
	ldr r7, _021D568C ; =0x000005F4
	add r5, r0, #0
	ldrh r1, [r5, r7]
	mov r0, #0x67
	blx FUN_020490F4
	ldrh r1, [r5, r7]
	mov r2, #0
	mov r3, #0
	str r1, [sp]
	mov r1, #2
	add r6, r0, #0
	blx FUN_0204A6C8
	ldr r4, _021D5690 ; =0x000008A8
	mov r1, #3
	str r0, [r5, r4]
	mov r0, #0
	str r0, [sp]
	mov r0, #1
	str r0, [sp, #4]
	ldrh r0, [r5, r7]
	mov r2, #0
	mov r3, #0xe0
	str r0, [sp, #8]
	add r0, r6, #0
	blx FUN_0204AC18
	add r1, r4, #0
	sub r1, #0x1c
	str r0, [r5, r1]
	ldrh r3, [r5, r7]
	add r0, r6, #0
	mov r1, #1
	mov r2, #0
	blx FUN_0204AF28
	add r4, #0x14
	str r0, [r5, r4]
	add r0, r6, #0
	blx FUN_02049238
	ldr r1, [r5, #0xc]
	mov r0, #0
	add r1, #0xb0
	str r0, [r1]
	add sp, #0xc
	pop {r4, r5, r6, r7, pc}
	.balign 4, 0
	thumb_func_end FUN_overlay_d_118__021d5628
_021D568C: .word 0x000005F4
_021D5690: .word 0x000008A8

	thumb_func_start FUN_overlay_d_118__021d5694
FUN_overlay_d_118__021d5694: ; 0x021D5694
	push {r3, r4, r5, lr}
	add r5, r0, #0
	ldr r0, [r5, #0xc]
	add r0, #0xb0
	ldr r0, [r0]
	cmp r0, #0
	beq _021D56A6
	blx FUN_0204B3B4
	thumb_func_end FUN_overlay_d_118__021d5694
_021D56A6:
	ldr r4, _021D56DC ; =0x000008A8
	ldr r0, [r5, r4]
	cmp r0, #0
	beq _021D56C4
	blx FUN_0204A8D4
	add r0, r4, #0
	sub r0, #0x1c
	ldr r0, [r5, r0]
	blx FUN_0204ADA4
	add r4, #0x14
	ldr r0, [r5, r4]
	blx FUN_0204AFD8
_021D56C4:
	ldr r1, _021D56DC ; =0x000008A8
	mov r2, #0
	add r0, r1, #0
	str r2, [r5, r1]
	sub r0, #0x1c
	str r2, [r5, r0]
	add r1, #0x14
	str r2, [r5, r1]
	ldr r0, [r5, #0xc]
	add r0, #0xb0
	str r2, [r0]
	pop {r3, r4, r5, pc}
	.balign 4, 0
_021D56DC: .word 0x000008A8

	thumb_func_start FUN_overlay_d_118__021d56e0
FUN_overlay_d_118__021d56e0: ; 0x021D56E0
	bx lr
	.balign 4, 0
	thumb_func_end FUN_overlay_d_118__021d56e0

	thumb_func_start FUN_overlay_d_118__021d56e4
FUN_overlay_d_118__021d56e4: ; 0x021D56E4
	ldr r2, _021D56EC ; =0x00000F2C
	str r1, [r0, r2]
	bx lr
	nop
	thumb_func_end FUN_overlay_d_118__021d56e4
_021D56EC: .word 0x00000F2C

	thumb_func_start FUN_overlay_d_118__021d56f0
FUN_overlay_d_118__021d56f0: ; 0x021D56F0
	ldr r1, _021D56F8 ; =0x00001094
	mov r2, #1
	str r2, [r0, r1]
	bx lr
	.balign 4, 0
	thumb_func_end FUN_overlay_d_118__021d56f0
_021D56F8: .word 0x00001094
_021D56FC:
	.byte 0x10, 0xB5, 0x04, 0x1C
	.byte 0xFF, 0xF7, 0xC8, 0xFF, 0xE0, 0x68, 0x06, 0x21, 0x0D, 0xF0, 0x94, 0xFC, 0xE0, 0x68, 0x0D, 0xF0
	.byte 0x0D, 0xFC, 0xE0, 0x68, 0x5B, 0xF6, 0x4C, 0xE8, 0x00, 0x20, 0xE0, 0x60, 0x02, 0x49, 0x20, 0x1C
	.byte 0x03, 0xF0, 0xB0, 0xFB, 0x10, 0xBD, 0xC0, 0x46
_021D5728:
	.byte 0xA1, 0xFD, 0x1D, 0x02

	thumb_func_start FUN_overlay_d_118__021d572c
FUN_overlay_d_118__021d572c: ; 0x021D572C
	push {r3, r4, r5, lr}
	ldr r5, _021D5744 ; =0x0000085C
	add r4, r0, #0
	ldr r0, [r4, r5]
	cmp r0, #0
	beq _021D5740
	blx FUN_020307B0
	mov r0, #0
	str r0, [r4, r5]
	thumb_func_end FUN_overlay_d_118__021d572c
_021D5740:
	pop {r3, r4, r5, pc}
	nop
_021D5744: .word 0x0000085C

	thumb_func_start FUN_overlay_d_118__021d5748
FUN_overlay_d_118__021d5748: ; 0x021D5748
	push {r4, r5, r6, r7, lr}
	sub sp, #0x2c
	add r5, r0, #0
	add r7, r1, #0
	bl FUN_021D8AA8
	add r2, r0, #0
	mov r1, #1
	add r0, r5, #0
	sub r1, r1, r2
	bl FUN_021D8FA4
	add r4, r0, #0
	mov r1, #7
	mov r2, #0
	bl FUN_02017E1C
	add r0, r4, #0
	mov r1, #0x4c
	mov r2, #0
	bl FUN_02017E1C
	cmp r0, #0
	bne _021D57A4
	add r0, r4, #0
	mov r1, #0xab
	mov r2, #0
	bl FUN_02017E1C
	add r6, r0, #0
	add r0, r4, #0
	mov r1, #0x6f
	mov r2, #0
	bl FUN_02017E1C
	add r1, r0, #0
	mov r0, #0
	str r0, [sp]
	str r0, [sp, #4]
	str r0, [sp, #8]
	str r0, [sp, #0xc]
	add r0, r6, #0
	mov r2, #0x40
	mov r3, #0
	bl FUN_02006984
	thumb_func_end FUN_overlay_d_118__021d5748
_021D57A4:
	ldr r0, _021D586C ; =0x000011EE
	ldrb r0, [r5, r0]
	cmp r0, #0
	bne _021D57FE
	ldr r4, _021D5870 ; =0x00000844
	lsl r7, r7, #2
	add r6, r5, r4
	ldr r0, [r6, r7]
	add r1, sp, #0x20
	bl FUN_02015C30
	add r0, r4, #0
	add r0, #0x24
	ldr r0, [r5, r0]
	bl FUN_021DFD24
	ldr r0, _021D586C ; =0x000011EE
	add r2, sp, #0x20
	add r0, r0, #2
	ldrb r0, [r5, r0]
	cmp r0, #0
	ldr r0, _021D5874 ; =0x000005F4
	beq _021D57E8
	ldrh r0, [r5, r0]
	ldr r3, _021D5878 ; =0x021D8790
	mov r1, #0x14
	str r0, [sp]
	ldr r0, [r6, r7]
	bl FUN_021DFBB4
	add r4, #0x24
	add sp, #0x2c
	str r0, [r5, r4]
	pop {r4, r5, r6, r7, pc}
_021D57E8:
	ldrh r0, [r5, r0]
	ldr r3, _021D587C ; =_021D80C4
	mov r1, #0x28
	str r0, [sp]
	ldr r0, [r6, r7]
	bl FUN_021DFBB4
	add r4, #0x24
	add sp, #0x2c
	str r0, [r5, r4]
	pop {r4, r5, r6, r7, pc}
_021D57FE:
	ldr r4, _021D5880 ; =_021D7CB4
	add r3, sp, #0x10
	add r2, r3, #0
	ldmia r4!, {r0, r1}
	stmia r3!, {r0, r1}
	ldmia r4!, {r0, r1}
	stmia r3!, {r0, r1}
	lsl r1, r7, #2
	ldr r0, [r2, r1]
	ldr r4, _021D5870 ; =0x00000844
	lsl r0, r0, #2
	add r0, r5, r0
	ldr r6, [r0, r4]
	add r0, r5, r1
	add r7, sp, #0x20
	ldr r0, [r0, r4]
	add r1, r7, #0
	bl FUN_02015C30
	add r0, r4, #0
	add r0, #0x24
	ldr r0, [r5, r0]
	bl FUN_021DFD24
	ldr r0, _021D586C ; =0x000011EE
	add r0, r0, #2
	ldrb r0, [r5, r0]
	cmp r0, #0
	ldr r0, _021D5874 ; =0x000005F4
	beq _021D5852
	ldrh r0, [r5, r0]
	ldr r3, _021D5878 ; =0x021D8790
	mov r1, #0x14
	str r0, [sp]
	add r0, r6, #0
	add r2, r7, #0
	bl FUN_021DFBB4
	add r4, #0x24
	add sp, #0x2c
	str r0, [r5, r4]
	pop {r4, r5, r6, r7, pc}
_021D5852:
	ldrh r0, [r5, r0]
	ldr r3, _021D5884 ; =_021D7FEC
	mov r1, #0x12
	str r0, [sp]
	add r0, r6, #0
	add r2, r7, #0
	bl FUN_021DFBB4
	add r4, #0x24
	str r0, [r5, r4]
	add sp, #0x2c
	pop {r4, r5, r6, r7, pc}
	nop
_021D586C: .word 0x000011EE
_021D5870: .word 0x00000844
_021D5874: .word 0x000005F4
_021D5878: .word 0x021D8790
_021D587C: .word 0x021D80C4
_021D5880: .word 0x021D7CB4
_021D5884: .word 0x021D7FEC

	thumb_func_start FUN_overlay_d_118__021d5888
FUN_overlay_d_118__021d5888: ; 0x021D5888
	push {r3, r4, r5, r6, lr}
	sub sp, #0xc
	ldr r2, _021D58E4 ; =0x00000844
	lsl r4, r1, #2
	add r5, r0, r2
	ldr r0, [r5, r4]
	bl FUN_02015EB0
	mov r0, #0
	str r0, [sp]
	ldr r0, _021D58E8 ; =0xFFFE9000
	add r6, sp, #0
	str r0, [sp, #4]
	mov r0, #0xa
	lsl r0, r0, #0xc
	str r0, [sp, #8]
	ldr r0, [r5, r4]
	add r1, r6, #0
	bl FUN_02015C48
	ldr r0, [r5, r4]
	bl FUN_02015E04
	ldr r0, [r5, r4]
	add r1, r6, #0
	bl FUN_02015C94
	ldr r0, [sp]
	cmp r0, #0
	bge _021D58C8
	ldr r0, _021D58EC ; =0xFFFF0000
	b _021D58CC
	thumb_func_end FUN_overlay_d_118__021d5888
_021D58C8:
	mov r0, #1
	lsl r0, r0, #0x10
_021D58CC:
	str r0, [sp]
	mov r0, #1
	lsl r0, r0, #0x10
	str r0, [sp, #4]
	lsr r0, r0, #4
	str r0, [sp, #8]
	ldr r0, [r5, r4]
	add r1, sp, #0
	bl FUN_02015CAC
	add sp, #0xc
	pop {r3, r4, r5, r6, pc}
	.balign 4, 0
_021D58E4: .word 0x00000844
_021D58E8: .word 0xFFFE9000
_021D58EC: .word 0xFFFF0000
_021D58F0:
	.byte 0x30, 0xB5, 0x83, 0xB0, 0x05, 0x1C, 0x00, 0x29, 0x17, 0xD0, 0x00, 0x2D, 0x15, 0xD0, 0x7C, 0xF6
	.byte 0x9A, 0xE8, 0xC1, 0x68, 0x98, 0x31, 0x09, 0x68, 0x00, 0x29, 0x0E, 0xD0, 0x00, 0xAC, 0x00, 0x21
	.byte 0x21, 0x60, 0x61, 0x60, 0xA1, 0x60, 0xC0, 0x68, 0x21, 0x1C, 0x98, 0x30, 0x00, 0x68, 0x3B, 0xF6
	.byte 0x77, 0xFE, 0x28, 0x1C, 0x21, 0x1C, 0x7B, 0xF6, 0x88, 0xEF

	non_word_aligned_thumb_func_start LAB_overlay_d_118__021d592a
LAB_overlay_d_118__021d592a: ; 0x021D592A
	add sp, #0xc
	pop {r4, r5, pc}
	.balign 4, 0
	thumb_func_end LAB_overlay_d_118__021d592a
_021D5930:
	.byte 0x10, 0xB5, 0x04, 0x1C, 0x7B, 0xF6, 0x1E, 0xEF, 0x01, 0x1C, 0x20, 0x1C, 0x7C, 0xF6, 0x76, 0xE8
	.byte 0x02, 0x49, 0x20, 0x1C, 0x7C, 0xF6, 0x6E, 0xE8, 0x10, 0xBD, 0xC0, 0x46
_021D594C:
	.byte 0xF1, 0x58, 0x1D, 0x02
	.byte 0x30, 0xB5, 0x83, 0xB0, 0x05, 0x1C, 0x00, 0x29, 0x17, 0xD0, 0x00, 0x2D, 0x15, 0xD0, 0x7C, 0xF6
	.byte 0x6A, 0xE8, 0xC1, 0x68, 0x9C, 0x31, 0x09, 0x68, 0x00, 0x29, 0x0E, 0xD0, 0x00, 0xAC, 0x00, 0x21
	.byte 0x21, 0x60, 0x61, 0x60, 0xA1, 0x60, 0xC0, 0x68, 0x21, 0x1C, 0x9C, 0x30, 0x00, 0x68, 0x3B, 0xF6
	.byte 0x47, 0xFE, 0x28, 0x1C, 0x21, 0x1C, 0x7B, 0xF6, 0x58, 0xEF

	non_word_aligned_thumb_func_start LAB_overlay_d_118__021d598a
LAB_overlay_d_118__021d598a: ; 0x021D598A
	add sp, #0xc
	pop {r4, r5, pc}
	.balign 4, 0
	thumb_func_end LAB_overlay_d_118__021d598a
_021D5990:
	.byte 0x10, 0xB5, 0x04, 0x1C, 0x7B, 0xF6, 0xEE, 0xEE, 0x01, 0x1C, 0x20, 0x1C, 0x7C, 0xF6, 0x46, 0xE8
	.byte 0x02, 0x49, 0x20, 0x1C, 0x7C, 0xF6, 0x3E, 0xE8, 0x10, 0xBD, 0xC0, 0x46
_021D59AC:
	.byte 0x51, 0x59, 0x1D, 0x02

	thumb_func_start FUN_overlay_d_118__021d59b0
FUN_overlay_d_118__021d59b0: ; 0x021D59B0
	push {r3, r4, r5, r6, r7, lr}
	sub sp, #0x10
	add r5, r0, #0
	bl FUN_overlay_d_118__021d56f0
	ldr r4, _021D5A48 ; =0x00000854
	mov r0, #1
	str r0, [r5, r4]
	add r0, r4, #0
	sub r0, #0x10
	ldr r0, [r5, r0]
	mov r1, #0
	bl FUN_02016028
	add r0, r4, #0
	sub r0, #0x10
	ldr r0, [r5, r0]
	bl FUN_02015EA0
	add r0, r4, #0
	sub r0, #0xc
	ldr r0, [r5, r0]
	bl FUN_02015EA0
	ldr r0, _021D5A4C ; =0x0000118C
	ldr r0, [r5, r0]
	cmp r0, #6
	bne _021D5A00
	ldr r6, _021D5A50 ; =_021D7CA8
	add r3, sp, #4
	ldmia r6!, {r0, r1}
	add r2, r3, #0
	stmia r3!, {r0, r1}
	ldr r0, [r6]
	sub r4, #0x10
	str r0, [r3]
	ldr r0, [r5, r4]
	add r1, r2, #0
	bl FUN_02015C48
	thumb_func_end FUN_overlay_d_118__021d59b0
_021D5A00:
	add r0, r5, #0
	mov r1, #0x11
	bl FUN_021E71F0
	add r0, r5, #0
	mov r1, #0
	mov r6, #0
	bl FUN_021E7208
	ldr r4, _021D5A54 ; =0x000011ED
	mov r0, #1
	str r0, [sp]
	ldr r7, _021D5A58 ; =0x00000834
	add r2, r4, #2
	ldr r3, [r5, r7]
	add r0, r5, #0
	add r1, r5, r4
	add r2, r5, r2
	bl FUN_overlay_d_118__021d54f0
	add r1, r4, #1
	add r2, r4, #3
	str r6, [sp]
	sub r3, r7, #4
	ldr r3, [r5, r3]
	add r0, r5, #0
	add r1, r5, r1
	add r2, r5, r2
	bl FUN_overlay_d_118__021d54f0
	ldr r1, _021D5A5C ; =0x021D5A61
	add r0, r5, #0
	bl FUN_021D8E84
	add sp, #0x10
	pop {r3, r4, r5, r6, r7, pc}
	.balign 4, 0
_021D5A48: .word 0x00000854
_021D5A4C: .word 0x0000118C
_021D5A50: .word 0x021D7CA8
_021D5A54: .word 0x000011ED
_021D5A58: .word 0x00000834
_021D5A5C: .word 0x021D5A61
_021D5A60:
	.byte 0xF8, 0xB5
_021D5A62:
	.byte 0x05, 0x1C, 0x06, 0xF0, 0x5C, 0xFE, 0x74, 0xF6, 0xA0, 0xED, 0x28, 0x1C, 0x0E, 0xF0
	.byte 0xE7, 0xF9, 0x37, 0x4F, 0x03, 0x20, 0xEA, 0x5B, 0x00, 0x21, 0x00, 0x26, 0x75, 0xF6, 0x40, 0xEB
	.byte 0x34, 0x49, 0x35, 0x4B, 0x68, 0x50, 0xA8, 0x20, 0x00, 0x90, 0xE8, 0x5B, 0xBC, 0x21, 0x01, 0x22
	.byte 0x01, 0x24, 0x5A, 0xF6, 0x50, 0xEE, 0xE8, 0x60, 0xE9, 0x5B, 0xBA, 0x30, 0x01, 0x80, 0x28, 0x1C
	.byte 0x00, 0x21, 0x0F, 0xF0, 0xEF, 0xFB, 0x2D, 0x48, 0x05, 0x21, 0x06, 0x80, 0x2C, 0x48, 0x06, 0x80
	.byte 0x28, 0x1C, 0x0D, 0xF0, 0xA9, 0xFB, 0x28, 0x1C, 0x01, 0x21, 0x03, 0xF0, 0x73, 0xFA, 0x03, 0x1C
	.byte 0x28, 0x1C, 0x01, 0x21, 0x00, 0x22, 0x00, 0x94, 0x0D, 0xF0, 0xFE, 0xFD, 0x28, 0x1C, 0x00, 0x21
	.byte 0x03, 0xF0, 0x68, 0xFA, 0x03, 0x1C, 0x28, 0x1C, 0x02, 0x21, 0x00, 0x22, 0x00, 0x94, 0x0D, 0xF0
	.byte 0xF3, 0xFD, 0x28, 0x1C, 0x01, 0x21, 0x03, 0xF0, 0x5D, 0xFA, 0x03, 0x1C, 0x28, 0x1C, 0x03, 0x21
	.byte 0x01, 0x22, 0x00, 0x94, 0x0D, 0xF0, 0xE8, 0xFD, 0x1A, 0x4C, 0x28, 0x59, 0x40, 0xF6, 0xD0, 0xF9
	.byte 0x20, 0x1D, 0x28, 0x58, 0x40, 0xF6, 0xCC, 0xF9, 0x20, 0x1C, 0x08, 0x30, 0x28, 0x58, 0x40, 0xF6
	.byte 0xC7, 0xF9, 0x0C, 0x34, 0x28, 0x59, 0x40, 0xF6, 0xC3, 0xF9, 0xE8, 0x68, 0x0D, 0xF0, 0x0A, 0xFA
	.byte 0xE8, 0x68, 0x03, 0x21, 0x0D, 0xF0, 0x24, 0xF9, 0xE8, 0x68, 0x0D, 0xF0, 0x41, 0xFA, 0x0E, 0x49
	.byte 0x28, 0x1C, 0xFF, 0xF7, 0xD7, 0xFD, 0x0D, 0x48, 0x28, 0x58, 0x09, 0xF0, 0x91, 0xFF, 0x0C, 0x49
	.byte 0x28, 0x1C, 0x03, 0xF0, 0x9F, 0xF9, 0x18, 0x20, 0x6D, 0xF6, 0x54, 0xED, 0xF8, 0xBD, 0xC0, 0x46
_021D5B50:
	.byte 0xF4, 0x05, 0x00, 0x00
_021D5B54:
	.byte 0xC4, 0x09, 0x00, 0x00
_021D5B58:
	.byte 0xA4, 0x82, 0x1D, 0x02
_021D5B5C:
	.byte 0x50, 0x10, 0x00, 0x04
_021D5B60:
	.byte 0x50, 0x00, 0x00, 0x04
_021D5B64:
	.byte 0x44, 0x08, 0x00, 0x00
_021D5B68:
	.byte 0xB5, 0x02, 0x00, 0x00
_021D5B6C:
	.byte 0x2C, 0x0F, 0x00, 0x00
_021D5B70:
	.byte 0x75, 0x5B, 0x1D, 0x02, 0x10, 0xB5, 0x04, 0x1C, 0x05, 0x48, 0x20, 0x58, 0x09, 0xF0, 0x70, 0xFF
	.byte 0xE0, 0x68, 0x0D, 0xF0, 0x3F, 0xFA, 0x03, 0x49, 0x20, 0x1C, 0x03, 0xF0, 0x7B, 0xF9, 0x10, 0xBD
_021D5B90:
	.byte 0x2C, 0x0F, 0x00, 0x00
_021D5B94:
	.byte 0x99, 0x5B, 0x1D, 0x02, 0x10, 0xB5, 0x04, 0x1C, 0x04, 0x48, 0x20, 0x58
	.byte 0x09, 0xF0, 0x5E, 0xFF, 0x03, 0x49, 0x20, 0x1C, 0x03, 0xF0, 0x6C, 0xF9, 0x10, 0xBD, 0xC0, 0x46
_021D5BB0:
	.byte 0x2C, 0x0F, 0x00, 0x00
_021D5BB4:
	.byte 0xB9, 0x5B, 0x1D, 0x02, 0xF0, 0xB5, 0x9B, 0xB0, 0xD4, 0x4C, 0x05, 0x1C
	.byte 0x28, 0x59, 0x09, 0xF0, 0x4D, 0xFF, 0x01, 0x20, 0xFF, 0xF7, 0x8A, 0xFD, 0x29, 0x59, 0x81, 0x42
	.byte 0x08, 0xD1, 0xD0, 0x48, 0x08, 0x21, 0x00, 0x90, 0xCF, 0x48, 0x08, 0x22, 0x28, 0x58, 0x00, 0x23
	.byte 0x40, 0xF6, 0xB6, 0xF9

	thumb_func_start LAB_overlay_d_118__021d5be4
LAB_overlay_d_118__021d5be4: ; 0x021D5BE4
	mov r0, #2
	bl FUN_overlay_d_118__021d56e0
	ldr r1, _021D5F10 ; =0x00000F2C
	ldr r1, [r5, r1]
	cmp r1, r0
	bne _021D5C04
	ldr r0, _021D5F14 ; =0x0000FFFF
	mov r1, #0x10
	str r0, [sp]
	ldr r0, _021D5F18 ; =0x00000844
	mov r2, #0x10
	ldr r0, [r5, r0]
	mov r3, #0
	bl FUN_02015F50
	thumb_func_end LAB_overlay_d_118__021d5be4
_021D5C04:
	mov r0, #3
	bl FUN_overlay_d_118__021d56e0
	ldr r1, _021D5F10 ; =0x00000F2C
	ldr r1, [r5, r1]
	cmp r1, r0
	bne _021D5C1E
	add r0, r5, #0
	bl FUN_overlay_d_118__021d5628
	add r0, r5, #0
	bl FUN_overlay_d_118__021d55ac
_021D5C1E:
	mov r0, #4
	bl FUN_overlay_d_118__021d56e0
	ldr r1, _021D5F10 ; =0x00000F2C
	ldr r1, [r5, r1]
	cmp r1, r0
	bne _021D5C3C
	add r0, r5, #0
	mov r1, #0x11
	bl FUN_021E71F0
	add r0, r5, #0
	mov r1, #0x18
	bl FUN_021E7208
_021D5C3C:
	mov r0, #4
	bl FUN_overlay_d_118__021d56e0
	ldr r1, _021D5F10 ; =0x00000F2C
	ldr r1, [r5, r1]
	cmp r1, r0
	bne _021D5C52
	ldr r0, _021D5F18 ; =0x00000844
	ldr r0, [r5, r0]
	bl FUN_02015EA0
_021D5C52:
	ldr r0, _021D5F1C ; =0x00000356
	bl FUN_overlay_d_118__021d56e0
	ldr r1, _021D5F10 ; =0x00000F2C
	ldr r1, [r5, r1]
	cmp r1, r0
	bne _021D5C6E
	ldr r0, [r5, #0xc]
	mov r1, #0xa
	ldr r0, [r0]
	mov r2, #0
	add r3, r5, #0
	blx FUN_020515CC
_021D5C6E:
	mov r0, #0x65
	bl FUN_overlay_d_118__021d56e0
	ldr r1, _021D5F10 ; =0x00000F2C
	ldr r1, [r5, r1]
	cmp r1, r0
	bne _021D5C8A
	ldr r0, [r5, #0xc]
	mov r1, #1
	ldr r0, [r0, #4]
	mov r2, #0
	add r3, r5, #0
	blx FUN_020515CC
_021D5C8A:
	mov r0, #0x9a
	bl FUN_overlay_d_118__021d56e0
	ldr r1, _021D5F10 ; =0x00000F2C
	ldr r1, [r5, r1]
	cmp r1, r0
	bne _021D5CA6
	ldr r0, [r5, #0xc]
	mov r1, #2
	ldr r0, [r0, #8]
	mov r2, #0
	add r3, r5, #0
	blx FUN_020515CC
_021D5CA6:
	ldr r0, _021D5F1C ; =0x00000356
	bl FUN_overlay_d_118__021d56e0
	ldr r1, _021D5F10 ; =0x00000F2C
	ldr r1, [r5, r1]
	cmp r1, r0
	bne _021D5CC2
	ldr r0, [r5, #0xc]
	mov r1, #2
	ldr r0, [r0, #0x20]
	mov r2, #0
	add r3, r5, #0
	blx FUN_020515CC
_021D5CC2:
	mov r0, #0xe
	bl FUN_overlay_d_118__021d56e0
	ldr r1, _021D5F10 ; =0x00000F2C
	ldr r1, [r5, r1]
	cmp r1, r0
	bne _021D5CDE
	ldr r0, [r5, #0xc]
	mov r1, #3
	ldr r0, [r0, #0xc]
	mov r2, #0
	add r3, r5, #0
	blx FUN_020515CC
_021D5CDE:
	ldr r0, _021D5F20 ; =0x00000483
	bl FUN_overlay_d_118__021d56e0
	ldr r1, _021D5F10 ; =0x00000F2C
	ldr r1, [r5, r1]
	cmp r1, r0
	bne _021D5CFA
	ldr r0, [r5, #0xc]
	mov r1, #3
	ldr r0, [r0, #0x1c]
	mov r2, #0
	add r3, r5, #0
	blx FUN_020515CC
_021D5CFA:
	mov r0, #0x9a
	bl FUN_overlay_d_118__021d56e0
	ldr r1, _021D5F10 ; =0x00000F2C
	ldr r1, [r5, r1]
	cmp r1, r0
	bne _021D5D16
	ldr r0, [r5, #0xc]
	ldr r2, _021D5F24 ; =0x021D5931
	ldr r0, [r0, #0x10]
	mov r1, #4
	add r3, r5, #0
	blx FUN_020515CC
_021D5D16:
	ldr r0, _021D5F28 ; =0x00000152
	bl FUN_overlay_d_118__021d56e0
	ldr r1, _021D5F10 ; =0x00000F2C
	ldr r1, [r5, r1]
	cmp r1, r0
	bne _021D5D32
	ldr r0, [r5, #0xc]
	mov r1, #5
	ldr r0, [r0, #0x14]
	mov r2, #0
	add r3, r5, #0
	blx FUN_020515CC
_021D5D32:
	mov r0, #0xaf
	lsl r0, r0, #2
	bl FUN_overlay_d_118__021d56e0
	ldr r1, _021D5F10 ; =0x00000F2C
	ldr r1, [r5, r1]
	cmp r1, r0
	bne _021D5D50
	ldr r0, [r5, #0xc]
	ldr r2, _021D5F2C ; =0x021D5991
	ldr r0, [r0, #0x18]
	mov r1, #6
	add r3, r5, #0
	blx FUN_020515CC
_021D5D50:
	ldr r0, _021D5F30 ; =0x0000047F
	bl FUN_overlay_d_118__021d56e0
	ldr r1, _021D5F10 ; =0x00000F2C
	ldr r1, [r5, r1]
	cmp r1, r0
	bne _021D5D6A
	add r0, r5, #0
	bl FUN_overlay_d_118__021d5628
	add r0, r5, #0
	bl FUN_overlay_d_118__021d55ac
_021D5D6A:
	ldr r0, _021D5F34 ; =0x0000010A
	bl FUN_overlay_d_118__021d56e0
	ldr r1, _021D5F10 ; =0x00000F2C
	ldr r1, [r5, r1]
	cmp r1, r0
	bne _021D5D96
	mov r0, #0x14
	bl FUN_overlay_d_118__021d56e0
	str r0, [sp]
	mov r0, #1
	str r0, [sp, #4]
	ldr r0, _021D5F38 ; =0x000005F4
	ldr r3, _021D5F3C ; =0x00007FFF
	ldrh r0, [r5, r0]
	mov r1, #0
	mov r2, #0
	str r0, [sp, #8]
	mov r0, #0
	bl FUN_0202208C
_021D5D96:
	ldr r0, _021D5F40 ; =0x0000012D
	bl FUN_overlay_d_118__021d56e0
	ldr r1, _021D5F10 ; =0x00000F2C
	ldr r1, [r5, r1]
	cmp r1, r0
	bne _021D5DC0
	mov r0, #0x19
	bl FUN_overlay_d_118__021d56e0
	str r0, [sp]
	mov r1, #1
	ldr r0, _021D5F38 ; =0x000005F4
	str r1, [sp, #4]
	ldrh r0, [r5, r0]
	ldr r3, _021D5F3C ; =0x00007FFF
	mov r2, #1
	str r0, [sp, #8]
	mov r0, #0
	bl FUN_0202208C
_021D5DC0:
	ldr r0, _021D5F44 ; =0x0000014A
	bl FUN_overlay_d_118__021d56e0
	ldr r1, _021D5F10 ; =0x00000F2C
	ldr r1, [r5, r1]
	cmp r1, r0
	bne _021D5E5A
	ldr r4, _021D5F48 ; =0x0000084C
	ldr r0, [r5, r4]
	bl FUN_02015EB0
	ldr r6, _021D5F4C ; =0xFFFCE000
	mov r7, #0xa
	ldr r0, _021D5F50 ; =0xFFF6A000
	lsl r7, r7, #0xc
	str r6, [sp, #0x60]
	str r7, [sp, #0x68]
	str r0, [sp, #0x64]
	ldr r0, [r5, r4]
	add r1, sp, #0x60
	bl FUN_02015C48
	ldr r0, _021D5F54 ; =0xFFFC9000
	str r6, [sp, #0x60]
	str r0, [sp, #0x64]
	add r0, r4, #0
	str r7, [sp, #0x68]
	add r0, #0x10
	ldr r0, [r5, r0]
	bl FUN_021DFD24
	mov r0, #0xf
	bl FUN_overlay_d_118__021d56e0
	ldr r3, _021D5F38 ; =0x000005F4
	add r1, r0, #0
	ldrh r3, [r5, r3]
	ldr r0, [r5, r4]
	add r2, sp, #0x60
	bl FUN_021DFB84
	add r1, r4, #0
	add r1, #0x10
	str r0, [r5, r1]
	ldr r0, [r5, r4]
	bl FUN_02015E04
	ldr r0, [r5, r4]
	add r1, sp, #0x60
	bl FUN_02015C94
	ldr r0, [sp, #0x60]
	blx FUN_0209B750
	ldr r6, _021D5F58 ; =0x33333333
	ldr r7, _021D5F5C ; =0x3FF33333
	add r2, r6, #0
	add r3, r7, #0
	blx FUN_0209B2E8
	blx FUN_0209C508
	str r0, [sp, #0x60]
	ldr r0, [sp, #0x64]
	blx FUN_0209B750
	add r2, r6, #0
	add r3, r7, #0
	blx FUN_0209B2E8
	blx FUN_0209C508
	str r0, [sp, #0x64]
	ldr r0, [r5, r4]
	add r1, sp, #0x60
	bl FUN_02015CAC
_021D5E5A:
	ldr r0, _021D5F60 ; =0x0000014B
	bl FUN_overlay_d_118__021d56e0
	ldr r1, _021D5F10 ; =0x00000F2C
	ldr r1, [r5, r1]
	cmp r1, r0
	bne _021D5EFA
	mov r4, #0x85
	lsl r4, r4, #4
	ldr r0, [r5, r4]
	bl FUN_02015EB0
	mov r6, #0xf
	mov r7, #5
	lsl r6, r6, #0xe
	lsl r7, r7, #0x10
	ldr r0, _021D5F64 ; =0xFFFF6000
	str r6, [sp, #0x54]
	str r7, [sp, #0x58]
	str r0, [sp, #0x5c]
	ldr r0, [r5, r4]
	add r1, sp, #0x54
	bl FUN_02015C48
	lsr r0, r7, #4
	str r0, [sp, #0x58]
	ldr r0, _021D5F64 ; =0xFFFF6000
	str r6, [sp, #0x54]
	str r0, [sp, #0x5c]
	add r0, r4, #0
	add r0, #0x10
	ldr r0, [r5, r0]
	bl FUN_021DFD24
	mov r0, #0xf
	bl FUN_overlay_d_118__021d56e0
	ldr r3, _021D5F38 ; =0x000005F4
	add r1, r0, #0
	ldrh r3, [r5, r3]
	ldr r0, [r5, r4]
	add r2, sp, #0x54
	bl FUN_021DFB84
	add r1, r4, #0
	add r1, #0x10
	str r0, [r5, r1]
	ldr r0, [r5, r4]
	bl FUN_02015E04
	ldr r0, [r5, r4]
	add r1, sp, #0x54
	bl FUN_02015C94
	ldr r0, [sp, #0x54]
	blx FUN_0209B750
	ldr r6, _021D5F58 ; =0x33333333
	ldr r7, _021D5F5C ; =0x3FF33333
	add r2, r6, #0
	add r3, r7, #0
	blx FUN_0209B2E8
	blx FUN_0209C508
	str r0, [sp, #0x54]
	ldr r0, [sp, #0x58]
	blx FUN_0209B750
	add r2, r6, #0
	add r3, r7, #0
	blx FUN_0209B2E8
	blx FUN_0209C508
	str r0, [sp, #0x58]
	ldr r0, [r5, r4]
	add r1, sp, #0x54
	bl FUN_02015CAC
_021D5EFA:
	mov r0, #0x55
	lsl r0, r0, #2
	bl FUN_overlay_d_118__021d56e0
	ldr r1, _021D5F10 ; =0x00000F2C
	ldr r1, [r5, r1]
	cmp r1, r0
	bne _021D5FA8
	ldr r0, _021D5F4C ; =0xFFFCE000
	b _021D5F68
	nop
_021D5F10: .word 0x00000F2C
_021D5F14: .word 0x0000FFFF
_021D5F18: .word 0x00000844
_021D5F1C: .word 0x00000356
_021D5F20: .word 0x00000483
_021D5F24: .word 0x021D5931
_021D5F28: .word 0x00000152
_021D5F2C: .word 0x021D5991
_021D5F30: .word 0x0000047F
_021D5F34: .word 0x0000010A
_021D5F38: .word 0x000005F4
_021D5F3C: .word 0x00007FFF
_021D5F40: .word 0x0000012D
_021D5F44: .word 0x0000014A
_021D5F48: .word 0x0000084C
_021D5F4C: .word 0xFFFCE000
_021D5F50: .word 0xFFF6A000
_021D5F54: .word 0xFFFC9000
_021D5F58: .word 0x33333333
_021D5F5C: .word 0x3FF33333
_021D5F60: .word 0x0000014B
_021D5F64: .word 0xFFFF6000
_021D5F68:
	mov r4, #0xa
	str r0, [sp, #0x48]
	ldr r0, _021D62F0 ; =0xFFFC9000
	lsl r4, r4, #0xc
	str r0, [sp, #0x4c]
	mov r0, #0x1c
	str r4, [sp, #0x50]
	bl FUN_overlay_d_118__021d56e0
	add r7, sp, #0x48
	ldr r6, _021D62F4 ; =0x0000085C
	add r1, r0, #0
	ldr r0, [r5, r6]
	add r2, r7, #0
	bl FUN_021DFB4C
	mov r0, #0xf
	lsl r0, r0, #0xe
	str r0, [sp, #0x48]
	lsr r0, r4, #1
	str r0, [sp, #0x4c]
	ldr r0, _021D62F8 ; =0xFFFF6000
	str r0, [sp, #0x50]
	mov r0, #0x1c
	bl FUN_overlay_d_118__021d56e0
	add r1, r0, #0
	add r0, r6, #4
	ldr r0, [r5, r0]
	add r2, r7, #0
	bl FUN_021DFB4C
_021D5FA8:
	mov r0, #0x17
	lsl r0, r0, #4
	bl FUN_overlay_d_118__021d56e0
	ldr r1, _021D62FC ; =0x00000F2C
	ldr r1, [r5, r1]
	cmp r1, r0
	bne _021D6034
	add r0, r5, #0
	mov r1, #0
	mov r6, #0
	bl FUN_overlay_d_118__021d572c
	add r0, r5, #0
	mov r1, #1
	mov r7, #1
	bl FUN_overlay_d_118__021d572c
	ldr r0, _021D6300 ; =0xFFF6A000
	ldr r4, _021D62F4 ; =0x0000085C
	str r0, [sp, #0x3c]
	ldr r0, _021D62F0 ; =0xFFFC9000
	str r6, [sp, #0x44]
	str r0, [sp, #0x40]
	ldr r0, [r5, r4]
	bl FUN_021DFD24
	mov r0, #0x2e
	bl FUN_overlay_d_118__021d56e0
	ldr r3, _021D6304 ; =0x000005F4
	add r1, r0, #0
	add r0, r4, #0
	sub r0, #0x10
	ldrh r3, [r5, r3]
	ldr r0, [r5, r0]
	add r2, sp, #0x3c
	bl FUN_021DFB84
	str r0, [r5, r4]
	mov r0, #0x96
	lsl r0, r0, #0xc
	str r0, [sp, #0x3c]
	mov r0, #5
	lsl r0, r0, #0xc
	str r0, [sp, #0x40]
	str r6, [sp, #0x44]
	add r0, r4, #4
	ldr r0, [r5, r0]
	bl FUN_021DFD24
	mov r0, #0x2e
	bl FUN_overlay_d_118__021d56e0
	ldr r3, _021D6304 ; =0x000005F4
	add r1, r0, #0
	add r0, r4, #0
	sub r0, #0xc
	ldrh r3, [r5, r3]
	ldr r0, [r5, r0]
	add r2, sp, #0x3c
	bl FUN_021DFB84
	add r1, r4, #4
	str r0, [r5, r1]
	ldr r0, [r5, r4]
	strh r7, [r0, #0x16]
	add r0, r1, #0
	ldr r0, [r5, r0]
	strh r7, [r0, #0x16]
_021D6034:
	ldr r0, _021D6308 ; =0x000001B2
	bl FUN_overlay_d_118__021d56e0
	ldr r1, _021D62FC ; =0x00000F2C
	ldr r1, [r5, r1]
	cmp r1, r0
	beq _021D6044
	b _021D619C
_021D6044:
	ldr r4, _021D62F4 ; =0x0000085C
	ldr r0, [r5, r4]
	blx FUN_020307B0
	mov r7, #0
	add r0, r4, #0
	str r7, [r5, r4]
	sub r0, #0x18
	ldr r0, [r5, r0]
	bl FUN_02015EB0
	ldr r0, _021D630C ; =0x00007FFF
	mov r1, #0
	str r0, [sp]
	add r0, r4, #0
	sub r0, #0x18
	ldr r0, [r5, r0]
	mov r2, #0
	mov r3, #0
	bl FUN_02015F50
	ldr r0, _021D6300 ; =0xFFF6A000
	mov r6, #5
	str r0, [sp, #0x30]
	ldr r0, _021D62F8 ; =0xFFFF6000
	lsl r6, r6, #0xc
	str r0, [sp, #0x38]
	add r0, r4, #0
	str r6, [sp, #0x34]
	sub r0, #0x18
	ldr r0, [r5, r0]
	add r1, sp, #0x30
	bl FUN_02015C48
	mov r0, #0xf
	lsl r0, r0, #0xe
	str r0, [sp, #0x30]
	ldr r0, _021D62F8 ; =0xFFFF6000
	str r6, [sp, #0x34]
	str r0, [sp, #0x38]
	ldr r0, [r5, r4]
	bl FUN_021DFD24
	mov r0, #0x67
	bl FUN_overlay_d_118__021d56e0
	ldr r3, _021D6304 ; =0x000005F4
	add r1, r0, #0
	add r0, r4, #0
	sub r0, #0x18
	ldrh r3, [r5, r3]
	ldr r0, [r5, r0]
	add r2, sp, #0x30
	bl FUN_021DFB84
	str r0, [r5, r4]
	add r0, r4, #0
	sub r0, #0x18
	ldr r0, [r5, r0]
	add r1, sp, #0x30
	bl FUN_02015C94
	ldr r0, [sp, #0x30]
	blx FUN_0209B750
	ldr r2, _021D6310 ; =0x33333333
	ldr r3, _021D6314 ; =0x3FF33333
	blx FUN_0209B2E8
	blx FUN_0209C508
	str r0, [sp, #0x30]
	ldr r0, [sp, #0x34]
	blx FUN_0209B750
	ldr r2, _021D6310 ; =0x33333333
	ldr r3, _021D6314 ; =0x3FF33333
	blx FUN_0209B2E8
	blx FUN_0209C508
	str r0, [sp, #0x34]
	add r0, r4, #0
	sub r0, #0x18
	ldr r0, [r5, r0]
	add r1, sp, #0x30
	bl FUN_02015CAC
	add r0, r4, #4
	ldr r0, [r5, r0]
	blx FUN_020307B0
	add r0, r4, #4
	str r7, [r5, r0]
	add r0, r4, #0
	sub r0, #0x14
	ldr r0, [r5, r0]
	bl FUN_02015EB0
	mov r0, #0x96
	lsl r0, r0, #0xc
	ldr r7, _021D62F0 ; =0xFFFC9000
	str r0, [sp, #0x24]
	lsl r6, r6, #1
	add r0, r4, #0
	str r7, [sp, #0x28]
	str r6, [sp, #0x2c]
	sub r0, #0x14
	ldr r0, [r5, r0]
	add r1, sp, #0x24
	bl FUN_02015C48
	ldr r0, _021D6318 ; =0xFFFD3000
	str r7, [sp, #0x28]
	str r0, [sp, #0x24]
	str r6, [sp, #0x2c]
	add r0, r4, #4
	ldr r0, [r5, r0]
	bl FUN_021DFD24
	mov r0, #0x67
	bl FUN_overlay_d_118__021d56e0
	ldr r3, _021D6304 ; =0x000005F4
	add r1, r0, #0
	add r0, r4, #0
	sub r0, #0x14
	ldrh r3, [r5, r3]
	ldr r0, [r5, r0]
	add r2, sp, #0x24
	bl FUN_021DFB84
	add r1, r4, #4
	str r0, [r5, r1]
	add r0, r4, #0
	sub r0, #0x14
	ldr r0, [r5, r0]
	add r1, sp, #0x24
	bl FUN_02015C94
	ldr r0, [sp, #0x24]
	blx FUN_0209B750
	ldr r2, _021D6310 ; =0x33333333
	ldr r3, _021D6314 ; =0x3FF33333
	blx FUN_0209B2E8
	blx FUN_0209C508
	str r0, [sp, #0x24]
	ldr r0, [sp, #0x28]
	blx FUN_0209B750
	ldr r2, _021D6310 ; =0x33333333
	ldr r3, _021D6314 ; =0x3FF33333
	blx FUN_0209B2E8
	blx FUN_0209C508
	str r0, [sp, #0x28]
	add r0, r4, #0
	sub r0, #0x14
	ldr r0, [r5, r0]
	add r1, sp, #0x24
	bl FUN_02015CAC
	ldr r0, [r5, r4]
	mov r1, #1
	strh r1, [r0, #0x16]
	add r0, r4, #4
	ldr r0, [r5, r0]
	strh r1, [r0, #0x16]
_021D619C:
	mov r0, #0x7e
	lsl r0, r0, #2
	bl FUN_overlay_d_118__021d56e0
	ldr r1, _021D62FC ; =0x00000F2C
	ldr r1, [r5, r1]
	cmp r1, r0
	bne _021D61D4
	mov r0, #0x80
	bl FUN_overlay_d_118__021d56e0
	ldr r4, _021D62F4 ; =0x0000085C
	add r1, r0, #0
	ldr r0, [r5, r4]
	add r2, r0, #0
	add r2, #0x28
	bl FUN_021DFB4C
	mov r0, #0x80
	bl FUN_overlay_d_118__021d56e0
	add r1, r0, #0
	add r0, r4, #4
	ldr r0, [r5, r0]
	add r2, r0, #0
	add r2, #0x28
	bl FUN_021DFB4C
_021D61D4:
	ldr r0, _021D631C ; =0x0000027D
	bl FUN_overlay_d_118__021d56e0
	ldr r1, _021D62FC ; =0x00000F2C
	ldr r1, [r5, r1]
	cmp r1, r0
	bne _021D6254
	add r0, r5, #0
	mov r1, #0
	bl FUN_overlay_d_118__021d572c
	add r0, r5, #0
	mov r1, #1
	bl FUN_overlay_d_118__021d572c
	mov r0, #0xf
	lsl r0, r0, #0xe
	ldr r6, _021D62F8 ; =0xFFFF6000
	str r0, [sp, #0x18]
	mov r0, #0x19
	lsl r0, r0, #0xe
	ldr r4, _021D62F4 ; =0x0000085C
	str r6, [sp, #0x20]
	str r0, [sp, #0x1c]
	ldr r0, [r5, r4]
	bl FUN_021DFD24
	mov r0, #7
	bl FUN_overlay_d_118__021d56e0
	ldr r7, _021D6304 ; =0x000005F4
	add r1, r0, #0
	add r0, r4, #0
	sub r0, #0x18
	ldrh r3, [r5, r7]
	ldr r0, [r5, r0]
	add r2, sp, #0x18
	bl FUN_021DFB84
	str r0, [r5, r4]
	ldr r0, _021D6318 ; =0xFFFD3000
	str r0, [sp, #0x18]
	lsl r0, r6, #4
	str r0, [sp, #0x1c]
	mov r0, #0xa
	lsl r0, r0, #0xc
	str r0, [sp, #0x20]
	add r0, r4, #4
	ldr r0, [r5, r0]
	bl FUN_021DFD24
	mov r0, #7
	bl FUN_overlay_d_118__021d56e0
	add r1, r0, #0
	add r0, r4, #0
	sub r0, #0x14
	ldrh r3, [r5, r7]
	ldr r0, [r5, r0]
	add r2, sp, #0x18
	bl FUN_021DFB84
	add r1, r4, #4
	str r0, [r5, r1]
_021D6254:
	ldr r4, _021D6320 ; =0x0000048B
	add r0, r4, #0
	bl FUN_overlay_d_118__021d56e0
	add r0, r4, #3
	bl FUN_overlay_d_118__021d56e0
	ldr r1, _021D62FC ; =0x00000F2C
	ldr r1, [r5, r1]
	cmp r1, r0
	bne _021D62C2
	ldr r0, _021D6324 ; =0x000011EE
	ldrb r0, [r5, r0]
	cmp r0, #0
	bne _021D628E
	add r0, r5, #0
	mov r1, #3
	bl FUN_overlay_d_118__021d5888
	add r0, r5, #0
	mov r1, #3
	bl FUN_overlay_d_118__021d5748
	ldr r0, _021D630C ; =0x00007FFF
	str r0, [sp]
	mov r0, #0x85
	lsl r0, r0, #4
	ldr r0, [r5, r0]
	b _021D62B8
_021D628E:
	add r0, r5, #0
	mov r1, #3
	bl FUN_overlay_d_118__021d5888
	mov r4, #0x85
	lsl r4, r4, #4
	ldr r0, [r5, r4]
	bl FUN_02015EA0
	add r0, r5, #0
	mov r1, #1
	bl FUN_overlay_d_118__021d5888
	add r0, r5, #0
	mov r1, #3
	bl FUN_overlay_d_118__021d5748
	ldr r0, _021D630C ; =0x00007FFF
	sub r4, #8
	str r0, [sp]
	ldr r0, [r5, r4]
_021D62B8:
	mov r1, #0x10
	mov r2, #0x10
	mov r3, #0
	bl FUN_02015F50
_021D62C2:
	ldr r0, _021D6328 ; =0x0000048F
	bl FUN_overlay_d_118__021d56e0
	ldr r1, _021D62FC ; =0x00000F2C
	ldr r1, [r5, r1]
	cmp r1, r0
	bne _021D62E4
	ldr r0, _021D630C ; =0x00007FFF
	mov r1, #8
	str r0, [sp]
	mov r0, #0x85
	lsl r0, r0, #4
	ldr r0, [r5, r0]
	mov r2, #8
	mov r3, #0
	bl FUN_02015F50
_021D62E4:
	mov r0, #0x49
	lsl r0, r0, #4
	bl FUN_overlay_d_118__021d56e0
	ldr r1, _021D62FC ; =0x00000F2C
	b _021D632C
	.balign 4, 0
_021D62F0: .word 0xFFFC9000
_021D62F4: .word 0x0000085C
_021D62F8: .word 0xFFFF6000
_021D62FC: .word 0x00000F2C
_021D6300: .word 0xFFF6A000
_021D6304: .word 0x000005F4
_021D6308: .word 0x000001B2
_021D630C: .word 0x00007FFF
_021D6310: .word 0x33333333
_021D6314: .word 0x3FF33333
_021D6318: .word 0xFFFD3000
_021D631C: .word 0x0000027D
_021D6320: .word 0x0000048B
_021D6324: .word 0x000011EE
_021D6328: .word 0x0000048F
_021D632C:
	ldr r1, [r5, r1]
	cmp r1, r0
	bne _021D6346
	ldr r0, _021D64C4 ; =0x00007FFF
	mov r1, #0
	str r0, [sp]
	mov r0, #0x85
	lsl r0, r0, #4
	ldr r0, [r5, r0]
	mov r2, #0
	mov r3, #0
	bl FUN_02015F50
_021D6346:
	ldr r0, _021D64C8 ; =0x0000048E
	bl FUN_overlay_d_118__021d56e0
	ldr r1, _021D64CC ; =0x00000F2C
	ldr r1, [r5, r1]
	cmp r0, r1
	bge _021D63A2
	ldr r0, _021D64D0 ; =0x000011EE
	ldrb r0, [r5, r0]
	cmp r0, #0
	beq _021D63A2
	ldr r4, _021D64D4 ; =0x00000868
	ldr r0, [r5, r4]
	cmp r0, #0
	beq _021D63A2
	ldr r0, [r0, #8]
	cmp r0, #9
	bne _021D63A2
	add r0, r4, #0
	sub r0, #0x20
	add r6, sp, #0xc
	ldr r0, [r5, r0]
	add r1, r6, #0
	bl FUN_02015C30
	add r0, r4, #0
	sub r0, #0x18
	ldr r0, [r5, r0]
	add r1, r6, #0
	bl FUN_02015C48
	add r0, r4, #0
	sub r0, #0x18
	ldr r0, [r5, r0]
	bl FUN_02015EB0
	add r0, r4, #0
	sub r0, #0x20
	ldr r0, [r5, r0]
	bl FUN_02015EA0
	add r0, r4, #0
	sub r0, #0x18
	ldr r1, [r5, r0]
	ldr r0, [r5, r4]
	str r1, [r0]
_021D63A2:
	mov r0, #0x4a
	lsl r0, r0, #4
	bl FUN_overlay_d_118__021d56e0
	ldr r1, _021D64CC ; =0x00000F2C
	ldr r1, [r5, r1]
	cmp r1, r0
	bne _021D63BC
	mov r0, #0x85
	lsl r0, r0, #4
	ldr r0, [r5, r0]
	bl FUN_02015E4C
_021D63BC:
	ldr r0, _021D64D8 ; =0x0000028B
	bl FUN_overlay_d_118__021d56e0
	ldr r1, _021D64CC ; =0x00000F2C
	ldr r1, [r5, r1]
	cmp r1, r0
	bne _021D63E8
	mov r0, #0xa
	bl FUN_overlay_d_118__021d56e0
	str r0, [sp]
	mov r0, #1
	str r0, [sp, #4]
	ldr r0, _021D64DC ; =0x000005F4
	ldr r3, _021D64C4 ; =0x00007FFF
	ldrh r0, [r5, r0]
	mov r1, #0
	mov r2, #0
	str r0, [sp, #8]
	mov r0, #0
	bl FUN_0202208C
_021D63E8:
	ldr r0, _021D64E0 ; =0x000002B5
	bl FUN_overlay_d_118__021d56e0
	ldr r1, _021D64CC ; =0x00000F2C
	ldr r1, [r5, r1]
	cmp r1, r0
	bne _021D6412
	mov r0, #0x19
	bl FUN_overlay_d_118__021d56e0
	str r0, [sp]
	mov r1, #1
	ldr r0, _021D64DC ; =0x000005F4
	str r1, [sp, #4]
	ldrh r0, [r5, r0]
	ldr r3, _021D64C4 ; =0x00007FFF
	mov r2, #1
	str r0, [sp, #8]
	mov r0, #0
	bl FUN_0202208C
_021D6412:
	mov r0, #0xe
	lsl r0, r0, #6
	bl FUN_overlay_d_118__021d56e0
	ldr r1, _021D64CC ; =0x00000F2C
	ldr r1, [r5, r1]
	cmp r1, r0
	bne _021D6440
	mov r0, #0x1e
	bl FUN_overlay_d_118__021d56e0
	str r0, [sp]
	mov r0, #1
	str r0, [sp, #4]
	ldr r0, _021D64DC ; =0x000005F4
	ldr r3, _021D64C4 ; =0x00007FFF
	ldrh r0, [r5, r0]
	mov r1, #0
	mov r2, #0
	str r0, [sp, #8]
	mov r0, #0
	bl FUN_0202208C
_021D6440:
	ldr r0, _021D64E4 ; =0x000003CA
	bl FUN_overlay_d_118__021d56e0
	ldr r1, _021D64CC ; =0x00000F2C
	ldr r1, [r5, r1]
	cmp r1, r0
	bne _021D646A
	mov r0, #0x1e
	bl FUN_overlay_d_118__021d56e0
	str r0, [sp]
	mov r1, #1
	ldr r0, _021D64DC ; =0x000005F4
	str r1, [sp, #4]
	ldrh r0, [r5, r0]
	ldr r3, _021D64C4 ; =0x00007FFF
	mov r2, #1
	str r0, [sp, #8]
	mov r0, #0
	bl FUN_0202208C
_021D646A:
	ldr r0, _021D64E8 ; =0x000004C1
	bl FUN_overlay_d_118__021d56e0
	ldr r1, _021D64CC ; =0x00000F2C
	ldr r1, [r5, r1]
	cmp r1, r0
	bne _021D6496
	add r0, r5, #0
	mov r1, #0
	bl FUN_overlay_d_118__021d572c
	add r0, r5, #0
	mov r1, #1
	bl FUN_overlay_d_118__021d572c
	add r0, r5, #0
	bl FUN_021E3230
	ldr r1, _021D64EC ; =0x021D56FD
	add r0, r5, #0
	bl FUN_021D8E84
_021D6496:
	ldr r4, _021D64F0 ; =0x0000085C
	add r1, r5, #0
	ldr r0, [r5, r4]
	bl FUN_021DFC68
	add r0, r4, #4
	ldr r0, [r5, r0]
	add r1, r5, #0
	bl FUN_021DFC68
	add r0, r4, #0
	add r0, #8
	ldr r0, [r5, r0]
	add r1, r5, #0
	bl FUN_021DFC68
	add r4, #0xc
	ldr r0, [r5, r4]
	add r1, r5, #0
	bl FUN_021DFC68
	add sp, #0x6c
	pop {r4, r5, r6, r7, pc}
	.balign 4, 0
_021D64C4: .word 0x00007FFF
_021D64C8: .word 0x0000048E
_021D64CC: .word 0x00000F2C
_021D64D0: .word 0x000011EE
_021D64D4: .word 0x00000868
_021D64D8: .word 0x0000028B
_021D64DC: .word 0x000005F4
_021D64E0: .word 0x000002B5
_021D64E4: .word 0x000003CA
_021D64E8: .word 0x000004C1
_021D64EC: .word 0x021D56FD
_021D64F0: .word 0x0000085C

	thumb_func_start FUN_overlay_d_118__021d64f4
FUN_overlay_d_118__021d64f4: ; 0x021D64F4
	push {r3, r4, r5, lr}
	add r5, r0, #0
	beq _021D653A
	mov r0, #0
	mov r4, #1
	ldrsb r1, [r5, r0]
	ldrsb r0, [r5, r4]
	cmp r1, r0
	blt _021D653A
	add r0, r0, #1
	strb r0, [r5, #1]
	mov r0, #3
	ldrsb r2, [r5, r0]
	mov r0, #2
	ldrsb r0, [r5, r0]
	sub r0, r2, r0
	lsl r0, r0, #0xc
	blx FUN_0209C0A4
	ldrsb r1, [r5, r4]
	mul r1, r0
	asr r0, r1, #0xb
	lsr r0, r0, #0x14
	add r0, r1, r0
	asr r4, r0, #0xc
	ldr r0, _021D653C ; =0x04000050
	mov r1, #0x1e
	add r2, r4, #0
	blx FUN_0207D658
	ldr r0, _021D6540 ; =0x04001050
	mov r1, #0x1f
	add r2, r4, #0
	blx FUN_0207D658
	thumb_func_end FUN_overlay_d_118__021d64f4
_021D653A:
	pop {r3, r4, r5, pc}
	.balign 4, 0
_021D653C: .word 0x04000050
_021D6540: .word 0x04001050

	thumb_func_start FUN_overlay_d_118__021d6544
FUN_overlay_d_118__021d6544: ; 0x021D6544
	push {r4, r5, r6, r7, lr}
	sub sp, #0x14
	add r5, r1, #0
	ldr r1, [sp, #0x28]
	add r6, r0, #0
	add r4, r2, #0
	str r3, [sp]
	cmp r1, #0
	beq _021D6564
	bl FUN_021D8AA8
	cmp r0, #0
	beq _021D6560
	b _021D656E
	thumb_func_end FUN_overlay_d_118__021d6544
_021D6560:
	mov r1, #0
	b _021D6570
_021D6564:
	bl FUN_021D8AA8
	mov r1, #0
	cmp r0, #0
	bne _021D6570
_021D656E:
	mov r1, #1
_021D6570:
	add r0, r6, #0
	bl FUN_021D8FA4
	add r7, r0, #0
	mov r1, #7
	mov r2, #0
	bl FUN_02017E1C
	str r0, [sp, #8]
	add r0, r7, #0
	mov r1, #0xab
	mov r2, #0
	bl FUN_02017E1C
	str r0, [sp, #0xc]
	add r0, r7, #0
	mov r1, #0x6f
	mov r2, #0
	bl FUN_02017E1C
	str r0, [sp, #0x10]
	add r0, r7, #0
	mov r1, #0x4c
	mov r2, #0
	bl FUN_02017E1C
	add r7, r0, #0
	bne _021D65CC
	ldr r2, _021D65FC ; =0x000005F4
	ldr r0, [sp, #0xc]
	ldr r1, [sp, #0x10]
	lsl r0, r0, #0x10
	lsl r1, r1, #0x10
	ldrh r2, [r6, r2]
	lsr r0, r0, #0x10
	lsr r1, r1, #0x10
	bl FUN_0201ADE4
	add r6, r0, #0
	mov r1, #0x10
	bl FUN_0201AE1C
	str r0, [sp, #4]
	add r0, r6, #0
	bl FUN_0201AE14
_021D65CC:
	cmp r7, #0
	beq _021D65D2
	b _021D65D8
_021D65D2:
	ldr r0, [sp, #4]
	cmp r0, #0
	beq _021D65DC
_021D65D8:
	mov r0, #1
	b _021D65DE
_021D65DC:
	mov r0, #0
_021D65DE:
	strb r0, [r4]
	ldr r0, [sp]
	bl FUN_02008530
	ldr r1, [sp, #8]
	cmp r1, r0
	beq _021D65F4
	mov r0, #0
	add sp, #0x14
	strb r0, [r5]
	pop {r4, r5, r6, r7, pc}
_021D65F4:
	mov r0, #1
	strb r0, [r5]
	add sp, #0x14
	pop {r4, r5, r6, r7, pc}
	.balign 4, 0
_021D65FC: .word 0x000005F4

	thumb_func_start FUN_overlay_d_118__021d6600
FUN_overlay_d_118__021d6600: ; 0x021D6600
	push {r3, r4, lr}
	sub sp, #0x14
	add r4, r0, #0
	ldr r0, [r4, #0xc]
	add r0, #0xb0
	ldr r0, [r0]
	cmp r0, #0
	bne _021D6666
	mov r1, #0x80
	add r0, sp, #0xc
	strh r1, [r0]
	mov r1, #0x63
	strh r1, [r0, #2]
	mov r1, #0
	strh r1, [r0, #4]
	strb r1, [r0, #6]
	strb r1, [r0, #7]
	add r0, sp, #0xc
	str r0, [sp]
	ldr r3, _021D6670 ; =0x000008A8
	ldr r0, _021D6674 ; =0x000005F4
	str r1, [sp, #4]
	ldrh r0, [r4, r0]
	add r2, r3, #0
	sub r2, #0x1c
	str r0, [sp, #8]
	ldr r0, _021D6678 ; =0x000009C4
	ldr r1, [r4, r3]
	add r3, #0x14
	ldr r0, [r4, r0]
	ldr r2, [r4, r2]
	ldr r3, [r4, r3]
	blx FUN_0204B294
	ldr r1, [r4, #0xc]
	add r1, #0xb0
	str r0, [r1]
	ldr r0, [r4, #0xc]
	mov r1, #1
	add r0, #0xb0
	ldr r0, [r0]
	blx FUN_0204B92C
	ldr r0, [r4, #0xc]
	mov r1, #1
	add r0, #0xb0
	ldr r0, [r0]
	blx FUN_0204B3DC
	add sp, #0x14
	pop {r3, r4, pc}
	thumb_func_end FUN_overlay_d_118__021d6600
_021D6666:
	blx FUN_0204B9A0
	add sp, #0x14
	pop {r3, r4, pc}
	nop
_021D6670: .word 0x000008A8
_021D6674: .word 0x000005F4
_021D6678: .word 0x000009C4

	thumb_func_start FUN_overlay_d_118__021d667c
FUN_overlay_d_118__021d667c: ; 0x021D667C
	push {r4, r5, r6, r7, lr}
	sub sp, #0xc
	ldr r7, _021D66E0 ; =0x000005F4
	add r5, r0, #0
	ldrh r1, [r5, r7]
	mov r0, #0x67
	blx FUN_020490F4
	ldrh r1, [r5, r7]
	mov r2, #0
	mov r3, #0
	str r1, [sp]
	mov r1, #2
	add r6, r0, #0
	blx FUN_0204A6C8
	ldr r4, _021D66E4 ; =0x000008A8
	mov r1, #3
	str r0, [r5, r4]
	mov r0, #0
	str r0, [sp]
	mov r0, #1
	str r0, [sp, #4]
	ldrh r0, [r5, r7]
	mov r2, #0
	mov r3, #0xe0
	str r0, [sp, #8]
	add r0, r6, #0
	blx FUN_0204AC18
	add r1, r4, #0
	sub r1, #0x1c
	str r0, [r5, r1]
	ldrh r3, [r5, r7]
	add r0, r6, #0
	mov r1, #1
	mov r2, #0
	blx FUN_0204AF28
	add r4, #0x14
	str r0, [r5, r4]
	add r0, r6, #0
	blx FUN_02049238
	ldr r1, [r5, #0xc]
	mov r0, #0
	add r1, #0xb0
	str r0, [r1]
	add sp, #0xc
	pop {r4, r5, r6, r7, pc}
	.balign 4, 0
	thumb_func_end FUN_overlay_d_118__021d667c
_021D66E0: .word 0x000005F4
_021D66E4: .word 0x000008A8

	thumb_func_start FUN_overlay_d_118__021d66e8
FUN_overlay_d_118__021d66e8: ; 0x021D66E8
	push {r3, r4, r5, lr}
	add r5, r0, #0
	ldr r0, [r5, #0xc]
	add r0, #0xb0
	ldr r0, [r0]
	cmp r0, #0
	beq _021D66FA
	blx FUN_0204B3B4
	thumb_func_end FUN_overlay_d_118__021d66e8
_021D66FA:
	ldr r4, _021D6730 ; =0x000008A8
	ldr r0, [r5, r4]
	cmp r0, #0
	beq _021D6718
	blx FUN_0204A8D4
	add r0, r4, #0
	sub r0, #0x1c
	ldr r0, [r5, r0]
	blx FUN_0204ADA4
	add r4, #0x14
	ldr r0, [r5, r4]
	blx FUN_0204AFD8
_021D6718:
	ldr r1, _021D6730 ; =0x000008A8
	mov r2, #0
	add r0, r1, #0
	str r2, [r5, r1]
	sub r0, #0x1c
	str r2, [r5, r0]
	add r1, #0x14
	str r2, [r5, r1]
	ldr r0, [r5, #0xc]
	add r0, #0xb0
	str r2, [r0]
	pop {r3, r4, r5, pc}
	.balign 4, 0
_021D6730: .word 0x000008A8

	thumb_func_start FUN_overlay_d_118__021d6734
FUN_overlay_d_118__021d6734: ; 0x021D6734
	bx lr
	.balign 4, 0
	thumb_func_end FUN_overlay_d_118__021d6734

	thumb_func_start FUN_overlay_d_118__021d6738
FUN_overlay_d_118__021d6738: ; 0x021D6738
	ldr r2, _021D6740 ; =0x00000F2C
	str r1, [r0, r2]
	bx lr
	nop
	thumb_func_end FUN_overlay_d_118__021d6738
_021D6740: .word 0x00000F2C

	thumb_func_start FUN_overlay_d_118__021d6744
FUN_overlay_d_118__021d6744: ; 0x021D6744
	ldr r1, _021D674C ; =0x00001094
	mov r2, #1
	str r2, [r0, r1]
	bx lr
	.balign 4, 0
	thumb_func_end FUN_overlay_d_118__021d6744
_021D674C: .word 0x00001094
_021D6750:
	.byte 0x78, 0xB5
_021D6752:
	.byte 0x81, 0xB0, 0x05, 0x1C, 0x0D, 0xF0, 0x2B, 0xFA, 0x1A, 0x4C, 0x28, 0x59, 0x01, 0x28
	.byte 0x2E, 0xD1, 0x19, 0x4E, 0x01, 0x20, 0x23, 0x1C, 0x00, 0x90, 0x20, 0x3B, 0xB2, 0x1C, 0xEB, 0x58
	.byte 0x28, 0x1C, 0xA9, 0x19, 0xAA, 0x18, 0xFF, 0xF7, 0xE5, 0xFE, 0x00, 0x20, 0x00, 0x90, 0x24, 0x3C
	.byte 0x71, 0x1C, 0xF2, 0x1C, 0x2B, 0x59, 0x28, 0x1C, 0x69, 0x18, 0xAA, 0x18, 0xFF, 0xF7, 0xDA, 0xFE
	.byte 0x28, 0x1C, 0x0C, 0xF0, 0x4D, 0xFD, 0x28, 0x1C, 0x02, 0xF0, 0x44, 0xF9, 0x00, 0x28, 0x0B, 0xD0
	.byte 0x63, 0xF6, 0x02, 0xE9, 0x11, 0x21, 0x08, 0x22, 0x63, 0xF6, 0x5E, 0xEA, 0x07, 0x49, 0x28, 0x1C
	.byte 0x02, 0xF0, 0x68, 0xFB, 0x01, 0xB0, 0x78, 0xBD

	thumb_func_start LAB_overlay_d_118__021d67b8
LAB_overlay_d_118__021d67b8: ; 0x021D67B8
	ldr r1, _021D67D0 ; =0x021D67F9
	add r0, r5, #0
	bl FUN_021D8E84
	thumb_func_end LAB_overlay_d_118__021d67b8

	thumb_func_start LAB_overlay_d_118__021d67c0
LAB_overlay_d_118__021d67c0: ; 0x021D67C0
	add sp, #4
	pop {r3, r4, r5, r6, pc}
	thumb_func_end LAB_overlay_d_118__021d67c0
_021D67C4:
	.byte 0x54, 0x08, 0x00, 0x00
_021D67C8:
	.byte 0xED, 0x11, 0x00, 0x00
_021D67CC:
	.byte 0xD5, 0x67, 0x1D, 0x02
_021D67D0: .word 0x021D67F9
_021D67D4:
	.byte 0x10, 0xB5, 0x04, 0x1C, 0x63, 0xF6, 0xE6, 0xE8, 0x11, 0x21, 0x08, 0x22
	.byte 0x63, 0xF6, 0x68, 0xEA, 0x00, 0x28, 0x03, 0xD0, 0x02, 0x49, 0x20, 0x1C, 0x02, 0xF0, 0x4A, 0xFB

	thumb_func_start LAB_overlay_d_118__021d67f0
LAB_overlay_d_118__021d67f0: ; 0x021D67F0
	pop {r4, pc}
	nop
	thumb_func_end LAB_overlay_d_118__021d67f0
_021D67F4:
	.byte 0xF9, 0x67, 0x1D, 0x02, 0xF0, 0xB5, 0x87, 0xB0, 0x00, 0x21, 0x05, 0x1C
	.byte 0x00, 0x26, 0xFF, 0xF7, 0x99, 0xFF, 0xF5, 0x20, 0x00, 0x90, 0x3C, 0x48, 0x3C, 0x4B, 0x28, 0x5A
	.byte 0x04, 0x21, 0x01, 0x22, 0x59, 0xF6, 0x8E, 0xEF, 0x3A, 0x4C, 0x28, 0x51, 0x0E, 0x20, 0xFF, 0xF7
	.byte 0x89, 0xFF, 0x29, 0x59, 0x04, 0xAA, 0x08, 0x70, 0x28, 0x59, 0x0E, 0x21, 0x46, 0x70, 0x28, 0x59
	.byte 0x35, 0x4B, 0x86, 0x70, 0x28, 0x59, 0x1E, 0x39, 0xC1, 0x70, 0x03, 0xCB, 0x17, 0x1C, 0x03, 0xC2
	.byte 0x18, 0x68, 0x10, 0x60, 0x20, 0x1C, 0x44, 0x30, 0x28, 0x58, 0x09, 0xF0, 0x6B, 0xFA, 0x2A, 0x20
	.byte 0xFF, 0xF7, 0x70, 0xFF, 0x29, 0x4B, 0x01, 0x1C, 0x20, 0x1C, 0x2C, 0x30, 0xEB, 0x5A, 0x28, 0x58
	.byte 0x3A, 0x1C, 0x09, 0xF0, 0x8F, 0xF9, 0x21, 0x1C, 0x44, 0x31, 0x01, 0xAA, 0x27, 0x4B, 0x68, 0x50
	.byte 0x03, 0xCB, 0x17, 0x1C, 0x03, 0xC2, 0x18, 0x68, 0x10, 0x60, 0x20, 0x1C, 0x48, 0x30, 0x28, 0x58
	.byte 0x09, 0xF0, 0x50, 0xFA, 0x54, 0x20, 0xFF, 0xF7, 0x55, 0xFF, 0x1C, 0x4B, 0x01, 0x1C, 0x20, 0x1C
	.byte 0x30, 0x30, 0xEB, 0x5A, 0x28, 0x58, 0x3A, 0x1C, 0x09, 0xF0, 0x74, 0xF9, 0x21, 0x1C, 0x48, 0x31
	.byte 0x68, 0x50, 0x20, 0x1C, 0x2C, 0x30, 0x28, 0x58, 0x19, 0x4A, 0x29, 0x1C, 0x01, 0x23, 0x3F, 0xF6
	.byte 0x3D, 0xFB, 0x0E, 0x20, 0xFF, 0xF7, 0x3E, 0xFF, 0x03, 0x1C, 0x00, 0x96, 0x30, 0x34, 0x28, 0x59
	.byte 0xDC, 0x10, 0x24, 0x0F, 0x1C, 0x19, 0x23, 0x05, 0x00, 0x21, 0x10, 0x22, 0x1B, 0x16, 0x3F, 0xF6
	.byte 0x3F, 0xFB, 0x28, 0x1C, 0x0A, 0xF0, 0xCA, 0xFB, 0x01, 0x20, 0x00, 0x21, 0x6A, 0xF6, 0xEE, 0xEA
	.byte 0x05, 0x20, 0x00, 0x21, 0x6A, 0xF6, 0xEA, 0xEA, 0x28, 0x1C, 0x00, 0x21, 0xFF, 0xF7, 0x24, 0xFF
	.byte 0x08, 0x49, 0x28, 0x1C, 0x02, 0xF0, 0xC6, 0xFA, 0x07, 0xB0, 0xF0, 0xBD
_021D68FC:
	.byte 0xF4, 0x05, 0x00, 0x00
_021D6900:
	.byte 0x50, 0x86, 0x1D, 0x02
_021D6904:
	.byte 0x18, 0x08, 0x00, 0x00
_021D6908:
	.byte 0xC4, 0x7C, 0x1D, 0x02
_021D690C:
	.byte 0xD0, 0x7C, 0x1D, 0x02
_021D6910:
	.byte 0x0D, 0xFD, 0x1D, 0x02
_021D6914:
	.byte 0x19, 0x69, 0x1D, 0x02, 0xF0, 0xB5, 0x8B, 0xB0, 0x62, 0x4D, 0x04, 0x1C
	.byte 0x60, 0x59, 0xFF, 0xF7, 0xE7, 0xFD, 0x28, 0x1C, 0x44, 0x30, 0x20, 0x58, 0x21, 0x1C, 0x09, 0xF0
	.byte 0x9B, 0xF9, 0x48, 0x35, 0x60, 0x59, 0x21, 0x1C, 0x09, 0xF0, 0x96, 0xF9, 0x2A, 0x20, 0xFF, 0xF7
	.byte 0xF9, 0xFE, 0x5A, 0x49, 0x61, 0x58, 0x81, 0x42, 0x00, 0xDC, 0xAA, 0xE0

	thumb_func_start LAB_overlay_d_118__021d694c
LAB_overlay_d_118__021d694c: ; 0x021D694C
	add r0, r4, #0
	mov r1, #0x11
	bl FUN_021E71F0
	add r0, r4, #0
	mov r1, #0
	mov r7, #0
	bl FUN_021E7208
	add r0, r4, #0
	bl FUN_021E64B8
	add r0, r4, #0
	bl FUN_021E4888
	add r0, r4, #0
	bl FUN_021E2680
	add r0, r4, #0
	mov r1, #0
	bl FUN_overlay_d_118__021d6738
	add r0, r4, #0
	bl FUN_021D8AA8
	add r1, r0, #0
	add r0, r4, #0
	bl FUN_021D8FA4
	add r5, r0, #0
	mov r1, #7
	mov r2, #0
	bl FUN_02017E1C
	add r0, r5, #0
	mov r1, #0x4c
	mov r2, #0
	bl FUN_02017E1C
	cmp r0, #0
	bne _021D69D2
	add r0, r5, #0
	mov r1, #0xab
	add r2, r7, #0
	bl FUN_02017E1C
	add r6, r0, #0
	add r0, r5, #0
	mov r1, #0x6f
	add r2, r7, #0
	bl FUN_02017E1C
	add r5, r0, #0
	add r0, sp, #0x10
	bl FUN_02006CAC
	str r7, [sp]
	str r7, [sp, #4]
	str r7, [sp, #8]
	add r0, sp, #0x10
	str r0, [sp, #0xc]
	add r0, r6, #0
	add r1, r5, #0
	mov r2, #0x40
	add r3, r7, #0
	bl FUN_02006984
	thumb_func_end LAB_overlay_d_118__021d694c
_021D69D2:
	ldr r5, _021D6AB0 ; =0x0000085C
	ldr r0, [r4, r5]
	cmp r0, #0
	beq _021D69E2
	blx FUN_020307B0
	mov r0, #0
	str r0, [r4, r5]
_021D69E2:
	ldr r6, _021D6AB4 ; =0x000011ED
	ldr r5, _021D6AB8 ; =0x00000844
	ldrb r0, [r4, r6]
	cmp r0, #0
	bne _021D6A5A
	add r7, sp, #0x20
	ldr r0, [r4, r5]
	add r1, r7, #0
	bl FUN_02015C30
	add r0, r5, #0
	add r0, #0x18
	ldr r0, [r4, r0]
	bl FUN_021DFD24
	add r0, r6, #2
	ldrb r0, [r4, r0]
	cmp r0, #0
	ldr r0, _021D6ABC ; =0x000005F4
	beq _021D6A18
	ldrh r0, [r4, r0]
	mov r1, #0x14
	add r2, r7, #0
	str r0, [sp]
	ldr r0, [r4, r5]
	ldr r3, _021D6AC0 ; =0x021D8880
	b _021D6A24
_021D6A18:
	ldrh r0, [r4, r0]
	ldr r3, _021D6AC4 ; =_021D82C0
	mov r1, #0x12
	str r0, [sp]
	ldr r0, [r4, r5]
	add r2, r7, #0
_021D6A24:
	bl FUN_021DFBB4
	add r5, #0x18
	str r0, [r4, r5]
	add r0, r4, #0
	bl FUN_021D8AA8
	add r1, r0, #0
	add r0, r4, #0
	bl FUN_021D8FA4
	add r3, r0, #0
	mov r0, #1
	str r0, [sp]
	add r0, r4, #0
	mov r1, #2
	mov r2, #0
	bl FUN_021E36C8
	ldr r5, _021D6AC8 ; =0x0000084C
	ldr r0, [r4, r5]
	bl FUN_02015E04
	ldr r0, [r4, r5]
	bl FUN_02015EA0
	b _021D6A9A
_021D6A5A:
	add r7, sp, #0x14
	ldr r0, [r4, r5]
	add r1, r7, #0
	bl FUN_02015C30
	add r0, r5, #0
	add r0, #0x18
	ldr r0, [r4, r0]
	bl FUN_021DFD24
	add r0, r6, #2
	ldrb r0, [r4, r0]
	cmp r0, #0
	ldr r0, _021D6ABC ; =0x000005F4
	beq _021D6A86
	ldrh r0, [r4, r0]
	mov r1, #0x14
	add r2, r7, #0
	str r0, [sp]
	ldr r0, [r4, r5]
	ldr r3, _021D6AC0 ; =0x021D8880
	b _021D6A92
_021D6A86:
	ldrh r0, [r4, r0]
	ldr r3, _021D6ACC ; =_021D8470
	mov r1, #0x28
	str r0, [sp]
	ldr r0, [r4, r5]
	add r2, r7, #0
_021D6A92:
	bl FUN_021DFBB4
	add r5, #0x18
	str r0, [r4, r5]
_021D6A9A:
	ldr r1, _021D6AD0 ; =0x021D6BA5
	add r0, r4, #0
	bl FUN_021D8E84

	non_word_aligned_thumb_func_start LAB_overlay_d_118__021d6aa2
LAB_overlay_d_118__021d6aa2: ; 0x021D6AA2
	add sp, #0x2c
	pop {r4, r5, r6, r7, pc}
	nop
	thumb_func_end LAB_overlay_d_118__021d6aa2
_021D6AA8:
	.byte 0x18, 0x08, 0x00, 0x00
_021D6AAC:
	.byte 0x2C, 0x0F, 0x00, 0x00
_021D6AB0: .word 0x0000085C
_021D6AB4: .word 0x000011ED
_021D6AB8: .word 0x00000844
_021D6ABC: .word 0x000005F4
_021D6AC0: .word 0x021D8880
_021D6AC4: .word 0x021D82C0
_021D6AC8: .word 0x0000084C
_021D6ACC: .word 0x021D8470
_021D6AD0: .word 0x021D6BA5

	thumb_func_start FUN_overlay_d_118__021d6ad4
FUN_overlay_d_118__021d6ad4: ; 0x021D6AD4
	push {r4, r5, r6, r7, lr}
	sub sp, #0xc
	ldr r1, _021D6B90 ; =0x000005F4
	add r5, r0, #0
	ldrh r1, [r5, r1]
	mov r0, #0
	blx FUN_0203D34C
	ldr r0, _021D6B94 ; =0x0000118C
	ldr r1, [r5, r0]
	cmp r1, #6
	bne _021D6AF6
	mov r2, #0x72
	lsl r2, r2, #4
	ldr r0, [r5, r2]
	mov r1, #0x98
	b _021D6B1E
	thumb_func_end FUN_overlay_d_118__021d6ad4
_021D6AF6:
	cmp r1, #8
	bne _021D6B04
	mov r2, #0x72
	lsl r2, r2, #4
	ldr r0, [r5, r2]
	mov r1, #0x9b
	b _021D6B1E
_021D6B04:
	add r0, #0x61
	ldrb r0, [r5, r0]
	cmp r0, #0
	beq _021D6B16
	mov r2, #0x72
	lsl r2, r2, #4
	ldr r0, [r5, r2]
	mov r1, #0x82
	b _021D6B1E
_021D6B16:
	mov r2, #0x72
	lsl r2, r2, #4
	ldr r0, [r5, r2]
	mov r1, #0x81
_021D6B1E:
	add r2, #0x1c
	ldr r2, [r5, r2]
	blx FUN_02045CAC
	add r0, r5, #0
	bl FUN_021D8AA8
	add r1, r0, #0
	add r0, r5, #0
	bl FUN_021D8FA4
	ldr r6, _021D6B98 ; =0x00000724
	add r2, r0, #0
	ldr r0, [r5, r6]
	mov r1, #0
	mov r7, #0
	bl FUN_0201EEF4
	ldr r4, _021D6B9C ; =0x00000834
	ldr r0, [r5, r6]
	ldr r2, [r5, r4]
	mov r1, #1
	bl FUN_0201F02C
	add r1, r4, #0
	sub r1, #0xfc
	sub r4, #0xf8
	ldr r0, [r5, r6]
	ldr r1, [r5, r1]
	ldr r2, [r5, r4]
	bl FUN_0201F250
	mov r0, #0x20
	str r0, [sp]
	mov r0, #0x18
	str r0, [sp, #4]
	mov r0, #0x11
	str r0, [sp, #8]
	mov r0, #4
	mov r1, #0
	mov r2, #0
	mov r3, #0
	blx FUN_02041300
	add r0, r5, #0
	mov r1, #1
	mov r2, #0
	bl FUN_021E0FF4
	add r0, r5, #0
	mov r1, #0x14
	bl FUN_021E7208
	ldr r0, _021D6BA0 ; =0x04001050
	strh r7, [r0]
	add sp, #0xc
	pop {r4, r5, r6, r7, pc}
	.balign 4, 0
_021D6B90: .word 0x000005F4
_021D6B94: .word 0x0000118C
_021D6B98: .word 0x00000724
_021D6B9C: .word 0x00000834
_021D6BA0: .word 0x04001050
_021D6BA4:
	.byte 0x78, 0xB5
_021D6BA6:
	.byte 0x83, 0xB0, 0x2D, 0x49, 0x05, 0x1C, 0x69, 0x58, 0x0A, 0x29
	.byte 0x01, 0xD1, 0xFF, 0xF7, 0x8F, 0xFF

	non_word_aligned_thumb_func_start LAB_overlay_d_118__021d6bb6
LAB_overlay_d_118__021d6bb6: ; 0x021D6BB6
	ldr r0, _021D6C64 ; =0x000011ED
	ldrb r0, [r5, r0]
	cmp r0, #0
	bne _021D6C04
	ldr r0, _021D6C60 ; =0x00000F2C
	ldr r0, [r5, r0]
	cmp r0, #6
	bne _021D6C04
	ldr r4, _021D6C68 ; =0x00000844
	add r6, sp, #0
	ldr r0, [r5, r4]
	add r1, r6, #0
	bl FUN_02015C30
	add r0, r4, #0
	add r0, #8
	ldr r0, [r5, r0]
	add r1, r6, #0
	bl FUN_02015C48
	add r0, r4, #0
	add r0, #8
	ldr r0, [r5, r0]
	bl FUN_02015EB0
	ldr r0, [r5, r4]
	bl FUN_02015EA0
	add r0, r4, #0
	add r0, #8
	ldr r0, [r5, r0]
	bl FUN_02015E4C
	add r0, r4, #0
	add r0, #8
	add r4, #0x18
	ldr r1, [r5, r0]
	ldr r0, [r5, r4]
	str r1, [r0]
	thumb_func_end LAB_overlay_d_118__021d6bb6
_021D6C04:
	ldr r0, _021D6C60 ; =0x00000F2C
	ldr r0, [r5, r0]
	cmp r0, #0xc8
	ble _021D6C52
	add r0, r5, #0
	bl FUN_021E12AC
	cmp r0, #0
	beq _021D6C52
	add r0, r5, #0
	bl FUN_021E1098
	ldr r0, _021D6C64 ; =0x000011ED
	ldrb r0, [r5, r0]
	cmp r0, #0
	bne _021D6C3A
	add r0, r5, #0
	mov r1, #0
	mov r4, #0
	bl FUN_021E36D8
	ldr r1, _021D6C6C ; =0x0000084C
	add r0, r1, #0
	ldr r2, [r5, r1]
	sub r0, #8
	str r2, [r5, r0]
	str r4, [r5, r1]
_021D6C3A:
	ldr r4, _021D6C70 ; =0x0000085C
	ldr r0, [r5, r4]
	cmp r0, #0
	beq _021D6C4A
	blx FUN_020307B0
	mov r0, #0
	str r0, [r5, r4]
_021D6C4A:
	ldr r1, _021D6C74 ; =0x021D6F91
	add r0, r5, #0
	bl FUN_021D8E84
_021D6C52:
	ldr r0, _021D6C70 ; =0x0000085C
	add r1, r5, #0
	ldr r0, [r5, r0]
	bl FUN_021DFC68
	add sp, #0xc
	pop {r3, r4, r5, r6, pc}
	.balign 4, 0
_021D6C60: .word 0x00000F2C
_021D6C64: .word 0x000011ED
_021D6C68: .word 0x00000844
_021D6C6C: .word 0x0000084C
_021D6C70: .word 0x0000085C
_021D6C74: .word 0x021D6F91
_021D6C78:
	.byte 0x10, 0xB5, 0x04, 0x1C, 0xFF, 0xF7, 0x34, 0xFD
	.byte 0xE0, 0x68, 0x06, 0x21, 0x0C, 0xF0, 0xD6, 0xF9, 0xE0, 0x68, 0x0C, 0xF0, 0x4F, 0xF9, 0xE0, 0x68
	.byte 0x59, 0xF6, 0x8E, 0xED, 0x00, 0x20, 0xE0, 0x60, 0x02, 0x49, 0x20, 0x1C, 0x02, 0xF0, 0xF2, 0xF8
	.byte 0x10, 0xBD, 0xC0, 0x46
_021D6CA4:
	.byte 0xA1, 0xFD, 0x1D, 0x02

	thumb_func_start FUN_overlay_d_118__021d6ca8
FUN_overlay_d_118__021d6ca8: ; 0x021D6CA8
	push {r3, r4, r5, lr}
	ldr r5, _021D6CC0 ; =0x0000085C
	add r4, r0, #0
	ldr r0, [r4, r5]
	cmp r0, #0
	beq _021D6CBC
	blx FUN_020307B0
	mov r0, #0
	str r0, [r4, r5]
	thumb_func_end FUN_overlay_d_118__021d6ca8
_021D6CBC:
	pop {r3, r4, r5, pc}
	nop
_021D6CC0: .word 0x0000085C

	thumb_func_start FUN_overlay_d_118__021d6cc4
FUN_overlay_d_118__021d6cc4: ; 0x021D6CC4
	push {r4, r5, r6, r7, lr}
	sub sp, #0x2c
	add r5, r0, #0
	add r7, r1, #0
	bl FUN_021D8AA8
	add r2, r0, #0
	mov r1, #1
	add r0, r5, #0
	sub r1, r1, r2
	bl FUN_021D8FA4
	add r4, r0, #0
	mov r1, #7
	mov r2, #0
	bl FUN_02017E1C
	add r0, r4, #0
	mov r1, #0x4c
	mov r2, #0
	bl FUN_02017E1C
	cmp r0, #0
	bne _021D6D20
	add r0, r4, #0
	mov r1, #0xab
	mov r2, #0
	bl FUN_02017E1C
	add r6, r0, #0
	add r0, r4, #0
	mov r1, #0x6f
	mov r2, #0
	bl FUN_02017E1C
	add r1, r0, #0
	mov r0, #0
	str r0, [sp]
	str r0, [sp, #4]
	str r0, [sp, #8]
	str r0, [sp, #0xc]
	add r0, r6, #0
	mov r2, #0x40
	mov r3, #0
	bl FUN_02006984
	thumb_func_end FUN_overlay_d_118__021d6cc4
_021D6D20:
	ldr r0, _021D6DE8 ; =0x000011EE
	ldrb r0, [r5, r0]
	cmp r0, #0
	bne _021D6D7A
	ldr r4, _021D6DEC ; =0x00000844
	lsl r7, r7, #2
	add r6, r5, r4
	ldr r0, [r6, r7]
	add r1, sp, #0x20
	bl FUN_02015C30
	add r0, r4, #0
	add r0, #0x24
	ldr r0, [r5, r0]
	bl FUN_021DFD24
	ldr r0, _021D6DE8 ; =0x000011EE
	add r2, sp, #0x20
	add r0, r0, #2
	ldrb r0, [r5, r0]
	cmp r0, #0
	ldr r0, _021D6DF0 ; =0x000005F4
	beq _021D6D64
	ldrh r0, [r5, r0]
	ldr r3, _021D6DF4 ; =0x021D8880
	mov r1, #0x14
	str r0, [sp]
	ldr r0, [r6, r7]
	bl FUN_021DFBB4
	add r4, #0x24
	add sp, #0x2c
	str r0, [r5, r4]
	pop {r4, r5, r6, r7, pc}
_021D6D64:
	ldrh r0, [r5, r0]
	ldr r3, _021D6DF8 ; =_021D8470
	mov r1, #0x28
	str r0, [sp]
	ldr r0, [r6, r7]
	bl FUN_021DFBB4
	add r4, #0x24
	add sp, #0x2c
	str r0, [r5, r4]
	pop {r4, r5, r6, r7, pc}
_021D6D7A:
	ldr r4, _021D6DFC ; =_021D7CDC
	add r3, sp, #0x10
	add r2, r3, #0
	ldmia r4!, {r0, r1}
	stmia r3!, {r0, r1}
	ldmia r4!, {r0, r1}
	stmia r3!, {r0, r1}
	lsl r1, r7, #2
	ldr r0, [r2, r1]
	ldr r4, _021D6DEC ; =0x00000844
	lsl r0, r0, #2
	add r0, r5, r0
	ldr r6, [r0, r4]
	add r0, r5, r1
	add r7, sp, #0x20
	ldr r0, [r0, r4]
	add r1, r7, #0
	bl FUN_02015C30
	add r0, r4, #0
	add r0, #0x24
	ldr r0, [r5, r0]
	bl FUN_021DFD24
	ldr r0, _021D6DE8 ; =0x000011EE
	add r0, r0, #2
	ldrb r0, [r5, r0]
	cmp r0, #0
	ldr r0, _021D6DF0 ; =0x000005F4
	beq _021D6DCE
	ldrh r0, [r5, r0]
	ldr r3, _021D6DF4 ; =0x021D8880
	mov r1, #0x14
	str r0, [sp]
	add r0, r6, #0
	add r2, r7, #0
	bl FUN_021DFBB4
	add r4, #0x24
	add sp, #0x2c
	str r0, [r5, r4]
	pop {r4, r5, r6, r7, pc}
_021D6DCE:
	ldrh r0, [r5, r0]
	ldr r3, _021D6E00 ; =_021D8398
	mov r1, #0x12
	str r0, [sp]
	add r0, r6, #0
	add r2, r7, #0
	bl FUN_021DFBB4
	add r4, #0x24
	str r0, [r5, r4]
	add sp, #0x2c
	pop {r4, r5, r6, r7, pc}
	nop
_021D6DE8: .word 0x000011EE
_021D6DEC: .word 0x00000844
_021D6DF0: .word 0x000005F4
_021D6DF4: .word 0x021D8880
_021D6DF8: .word 0x021D8470
_021D6DFC: .word 0x021D7CDC
_021D6E00: .word 0x021D8398

	thumb_func_start FUN_overlay_d_118__021d6e04
FUN_overlay_d_118__021d6e04: ; 0x021D6E04
	push {r3, r4, r5, r6, lr}
	sub sp, #0xc
	ldr r2, _021D6E60 ; =0x00000844
	lsl r4, r1, #2
	add r5, r0, r2
	ldr r0, [r5, r4]
	bl FUN_02015EB0
	mov r0, #0
	str r0, [sp]
	ldr r0, _021D6E64 ; =0xFFFE9000
	add r6, sp, #0
	str r0, [sp, #4]
	mov r0, #0xa
	lsl r0, r0, #0xc
	str r0, [sp, #8]
	ldr r0, [r5, r4]
	add r1, r6, #0
	bl FUN_02015C48
	ldr r0, [r5, r4]
	bl FUN_02015E04
	ldr r0, [r5, r4]
	add r1, r6, #0
	bl FUN_02015C94
	ldr r0, [sp]
	cmp r0, #0
	bge _021D6E44
	ldr r0, _021D6E68 ; =0xFFFF0000
	b _021D6E48
	thumb_func_end FUN_overlay_d_118__021d6e04
_021D6E44:
	mov r0, #1
	lsl r0, r0, #0x10
_021D6E48:
	str r0, [sp]
	mov r0, #1
	lsl r0, r0, #0x10
	str r0, [sp, #4]
	lsr r0, r0, #4
	str r0, [sp, #8]
	ldr r0, [r5, r4]
	add r1, sp, #0
	bl FUN_02015CAC
	add sp, #0xc
	pop {r3, r4, r5, r6, pc}
	.balign 4, 0
_021D6E60: .word 0x00000844
_021D6E64: .word 0xFFFE9000
_021D6E68: .word 0xFFFF0000
_021D6E6C:
	.byte 0x30, 0xB5, 0x83, 0xB0
	.byte 0x05, 0x1C, 0x00, 0x29, 0x17, 0xD0, 0x00, 0x2D, 0x15, 0xD0, 0x7A, 0xF6, 0xDC, 0xED, 0xC1, 0x68
	.byte 0x98, 0x31, 0x09, 0x68, 0x00, 0x29, 0x0E, 0xD0, 0x00, 0xAC, 0x00, 0x21, 0x21, 0x60, 0x61, 0x60
	.byte 0xA1, 0x60, 0xC0, 0x68, 0x21, 0x1C, 0x98, 0x30, 0x00, 0x68, 0x3A, 0xF6, 0xB9, 0xFB, 0x28, 0x1C
	.byte 0x21, 0x1C, 0x7A, 0xF6, 0xCA, 0xEC

	non_word_aligned_thumb_func_start LAB_overlay_d_118__021d6ea6
LAB_overlay_d_118__021d6ea6: ; 0x021D6EA6
	add sp, #0xc
	pop {r4, r5, pc}
	.balign 4, 0
	thumb_func_end LAB_overlay_d_118__021d6ea6
_021D6EAC:
	.byte 0x10, 0xB5, 0x04, 0x1C
	.byte 0x7A, 0xF6, 0x60, 0xEC, 0x01, 0x1C, 0x20, 0x1C, 0x7A, 0xF6, 0xB8, 0xED, 0x02, 0x49, 0x20, 0x1C
	.byte 0x7A, 0xF6, 0xB0, 0xED, 0x10, 0xBD, 0xC0, 0x46
_021D6EC8:
	.byte 0x6D, 0x6E, 0x1D, 0x02, 0x30, 0xB5, 0x83, 0xB0
	.byte 0x05, 0x1C, 0x00, 0x29, 0x17, 0xD0, 0x00, 0x2D, 0x15, 0xD0, 0x7A, 0xF6, 0xAC, 0xED, 0xC1, 0x68
	.byte 0x9C, 0x31, 0x09, 0x68, 0x00, 0x29, 0x0E, 0xD0, 0x00, 0xAC, 0x00, 0x21, 0x21, 0x60, 0x61, 0x60
	.byte 0xA1, 0x60, 0xC0, 0x68, 0x21, 0x1C, 0x9C, 0x30, 0x00, 0x68, 0x3A, 0xF6, 0x89, 0xFB, 0x28, 0x1C
	.byte 0x21, 0x1C, 0x7A, 0xF6, 0x9A, 0xEC

	non_word_aligned_thumb_func_start LAB_overlay_d_118__021d6f06
LAB_overlay_d_118__021d6f06: ; 0x021D6F06
	add sp, #0xc
	pop {r4, r5, pc}
	.balign 4, 0
	thumb_func_end LAB_overlay_d_118__021d6f06
_021D6F0C:
	.byte 0x10, 0xB5, 0x04, 0x1C
	.byte 0x7A, 0xF6, 0x30, 0xEC, 0x01, 0x1C, 0x20, 0x1C, 0x7A, 0xF6, 0x88, 0xED, 0x02, 0x49, 0x20, 0x1C
	.byte 0x7A, 0xF6, 0x80, 0xED, 0x10, 0xBD, 0xC0, 0x46
_021D6F28:
	.byte 0xCD, 0x6E, 0x1D, 0x02

	thumb_func_start FUN_overlay_d_118__021d6f2c
FUN_overlay_d_118__021d6f2c: ; 0x021D6F2C
	push {r4, r5, r6, lr}
	add r5, r0, #0
	bl FUN_overlay_d_118__021d6744
	ldr r4, _021D6F88 ; =0x00000854
	mov r6, #1
	add r0, r4, #0
	str r6, [r5, r4]
	sub r0, #0x10
	ldr r0, [r5, r0]
	mov r1, #0
	bl FUN_02016028
	add r0, r4, #4
	str r6, [r5, r0]
	add r0, r4, #0
	sub r0, #0xc
	ldr r0, [r5, r0]
	mov r1, #0
	bl FUN_02016028
	add r0, r5, #0
	bl FUN_021D8AA8
	cmp r0, #0
	beq _021D6F76
	add r0, r4, #0
	sub r0, #0x10
	ldr r2, [r5, r0]
	add r0, r4, #0
	sub r0, #0xc
	ldr r1, [r5, r0]
	add r0, r4, #0
	sub r0, #0x10
	str r1, [r5, r0]
	sub r4, #0xc
	str r2, [r5, r4]
	thumb_func_end FUN_overlay_d_118__021d6f2c
_021D6F76:
	add r0, r5, #0
	mov r1, #0
	bl FUN_overlay_d_118__021d6738
	ldr r1, _021D6F8C ; =0x021D6751
	add r0, r5, #0
	bl FUN_021D8E84
	pop {r4, r5, r6, pc}
	.balign 4, 0
_021D6F88: .word 0x00000854
_021D6F8C: .word 0x021D6751
_021D6F90:
	.byte 0xF8, 0xB5
_021D6F92:
	.byte 0x05, 0x1C, 0x05, 0xF0, 0xC4, 0xFB, 0x73, 0xF6, 0x08, 0xEB, 0x28, 0x1C, 0x0C, 0xF0
	.byte 0x4F, 0xFF, 0x50, 0x4E, 0x03, 0x20, 0xAA, 0x5B, 0x00, 0x21, 0x03, 0x27, 0x00, 0x24, 0x74, 0xF6
	.byte 0xA8, 0xE8, 0x4D, 0x49, 0x4D, 0x4B, 0x68, 0x50, 0x9D, 0x20, 0x00, 0x90, 0xA8, 0x5B, 0xBC, 0x21
	.byte 0x01, 0x22, 0x59, 0xF6, 0xB8, 0xEB, 0xE8, 0x60, 0xA9, 0x5B, 0xBA, 0x30, 0x01, 0x80, 0x28, 0x1C
	.byte 0x00, 0x21, 0x0E, 0xF0, 0x57, 0xF9, 0x46, 0x48, 0x04, 0x80, 0x46, 0x48, 0x04, 0x80, 0x28, 0x1C
	.byte 0x01, 0xF0, 0x62, 0xFD, 0x00, 0x28, 0x21, 0xD0, 0x28, 0x1C, 0x01, 0x21, 0x01, 0xF0, 0xDA, 0xFF
	.byte 0x03, 0x1C, 0x28, 0x1C, 0x01, 0x21, 0x22, 0x1C, 0x00, 0x94, 0x0C, 0xF0, 0xD1, 0xFA, 0x28, 0x1C
	.byte 0x21, 0x1C, 0x01, 0xF0, 0xCF, 0xFF, 0x03, 0x1C, 0x28, 0x1C, 0x02, 0x21, 0x22, 0x1C, 0x00, 0x94
	.byte 0x0C, 0xF0, 0xC6, 0xFA, 0x28, 0x1C, 0x01, 0x21, 0x01, 0xF0, 0xC4, 0xFF, 0x03, 0x1C, 0x28, 0x1C
	.byte 0x39, 0x1C, 0x01, 0x22, 0x00, 0x94, 0x0C, 0xF0, 0xBB, 0xFA, 0x20, 0xE0

	thumb_func_start LAB_overlay_d_118__021d702c
LAB_overlay_d_118__021d702c: ; 0x021D702C
	add r0, r5, #0
	mov r1, #1
	bl FUN_021D8FA4
	add r3, r0, #0
	add r0, r5, #0
	mov r1, #1
	add r2, r4, #0
	str r4, [sp]
	bl FUN_021E36C8
	add r0, r5, #0
	add r1, r4, #0
	bl FUN_021D8FA4
	add r3, r0, #0
	add r0, r5, #0
	mov r1, #2
	add r2, r4, #0
	str r4, [sp]
	bl FUN_021E36C8
	add r0, r5, #0
	mov r1, #1
	bl FUN_021D8FA4
	add r3, r0, #0
	add r0, r5, #0
	add r1, r7, #0
	mov r2, #1
	str r4, [sp]
	bl FUN_021E36C8
	thumb_func_end LAB_overlay_d_118__021d702c

	non_word_aligned_thumb_func_start LAB_overlay_d_118__021d706e
LAB_overlay_d_118__021d706e: ; 0x021D706E
	ldr r4, _021D70F8 ; =0x00000844
	ldr r1, [r5, #0xc]
	ldr r0, [r5, r4]
	add r1, #0x60
	bl FUN_02015C94
	add r0, r4, #4
	ldr r1, [r5, #0xc]
	ldr r0, [r5, r0]
	add r1, #0x6c
	bl FUN_02015C94
	add r0, r4, #0
	add r0, #8
	ldr r1, [r5, #0xc]
	ldr r0, [r5, r0]
	add r1, #0x78
	bl FUN_02015C94
	add r0, r4, #0
	add r0, #0xc
	ldr r1, [r5, #0xc]
	ldr r0, [r5, r0]
	add r1, #0x84
	bl FUN_02015C94
	add r0, r4, #4
	ldr r0, [r5, r0]
	bl FUN_02015EA0
	add r0, r4, #0
	add r0, #8
	ldr r0, [r5, r0]
	bl FUN_02015EA0
	add r4, #0xc
	ldr r0, [r5, r4]
	bl FUN_02015EA0
	ldr r0, [r5, #0xc]
	bl FUN_021E2F34
	ldr r0, [r5, #0xc]
	bl FUN_021E2FB0
	ldr r0, [r5, #0xc]
	mov r1, #0
	bl FUN_021E2D70
	add r0, r5, #0
	mov r1, #0
	bl FUN_overlay_d_118__021d6738
	ldr r1, _021D70FC ; =0x021D7101
	add r0, r5, #0
	bl FUN_021D8E84
	pop {r3, r4, r5, r6, r7, pc}
	nop
	thumb_func_end LAB_overlay_d_118__021d706e
_021D70E4:
	.byte 0xF4, 0x05, 0x00, 0x00
_021D70E8:
	.byte 0xC4, 0x09, 0x00, 0x00
_021D70EC:
	.byte 0x6C, 0x86, 0x1D, 0x02
_021D70F0:
	.byte 0x50, 0x10, 0x00, 0x04
_021D70F4:
	.byte 0x50, 0x00, 0x00, 0x04
_021D70F8: .word 0x00000844
_021D70FC: .word 0x021D7101
_021D7100:
	.byte 0x10, 0xB5, 0x04, 0x1C, 0xE0, 0x68, 0x0B, 0xF0, 0x7D, 0xFF, 0x02, 0x49, 0x20, 0x1C, 0x01, 0xF0
	.byte 0xB9, 0xFE, 0x10, 0xBD
_021D7114:
	.byte 0x19, 0x71, 0x1D, 0x02, 0x10, 0xB5
_021D711A:
	.byte 0x03, 0x21, 0x04, 0x1C, 0x0C, 0xF0
	.byte 0x73, 0xF8, 0x02, 0x49, 0x20, 0x1C, 0x01, 0xF0, 0xAD, 0xFE, 0x10, 0xBD
_021D712C:
	.byte 0x31, 0x71, 0x1D, 0x02
	.byte 0xF8, 0xB5
_021D7132:
	.byte 0xA4, 0xB0, 0xCC, 0x4C, 0x05, 0x1C, 0x28, 0x59, 0x08, 0xF0, 0x91, 0xFC, 0xCB, 0x48
	.byte 0xFF, 0xF7, 0xF8, 0xFA, 0x29, 0x59, 0x81, 0x42, 0x06, 0xD1, 0x28, 0x1C, 0x0C, 0xF0, 0x70, 0xF8
	.byte 0x28, 0x1C, 0x04, 0x21, 0x0C, 0xF0, 0x58, 0xF8

	thumb_func_start LAB_overlay_d_118__021d7158
LAB_overlay_d_118__021d7158: ; 0x021D7158
	ldr r0, _021D7470 ; =0x000002B6
	bl FUN_overlay_d_118__021d6734
	ldr r1, _021D7468 ; =0x00000F2C
	ldr r1, [r5, r1]
	cmp r1, r0
	bne _021D7174
	add r0, r5, #0
	bl FUN_021E3230
	add r0, r5, #0
	mov r1, #5
	bl FUN_021E3208
	thumb_func_end LAB_overlay_d_118__021d7158
_021D7174:
	mov r0, #1
	bl FUN_overlay_d_118__021d6734
	ldr r1, _021D7468 ; =0x00000F2C
	ldr r1, [r5, r1]
	cmp r1, r0
	bne _021D7194
	ldr r0, _021D7474 ; =0x0000FFFF
	mov r1, #8
	str r0, [sp]
	ldr r0, _021D7478 ; =0x00000844
	mov r2, #8
	ldr r0, [r5, r0]
	mov r3, #0
	bl FUN_02015F50
_021D7194:
	mov r0, #2
	bl FUN_overlay_d_118__021d6734
	ldr r1, _021D7468 ; =0x00000F2C
	ldr r1, [r5, r1]
	cmp r1, r0
	bne _021D71B4
	ldr r0, _021D7474 ; =0x0000FFFF
	mov r1, #0x10
	str r0, [sp]
	ldr r0, _021D7478 ; =0x00000844
	mov r2, #0x10
	ldr r0, [r5, r0]
	mov r3, #0
	bl FUN_02015F50
_021D71B4:
	mov r0, #3
	bl FUN_overlay_d_118__021d6734
	ldr r1, _021D7468 ; =0x00000F2C
	ldr r1, [r5, r1]
	cmp r1, r0
	bne _021D71CE
	add r0, r5, #0
	bl FUN_overlay_d_118__021d667c
	add r0, r5, #0
	bl FUN_overlay_d_118__021d6600
_021D71CE:
	mov r0, #4
	bl FUN_overlay_d_118__021d6734
	ldr r1, _021D7468 ; =0x00000F2C
	ldr r1, [r5, r1]
	cmp r1, r0
	bne _021D71EC
	add r0, r5, #0
	mov r1, #0x11
	bl FUN_021E71F0
	add r0, r5, #0
	mov r1, #0x18
	bl FUN_021E7208
_021D71EC:
	mov r0, #4
	bl FUN_overlay_d_118__021d6734
	ldr r1, _021D7468 ; =0x00000F2C
	ldr r1, [r5, r1]
	cmp r1, r0
	bne _021D7202
	ldr r0, _021D7478 ; =0x00000844
	ldr r0, [r5, r0]
	bl FUN_02015EA0
_021D7202:
	ldr r0, _021D747C ; =0x00000356
	bl FUN_overlay_d_118__021d6734
	ldr r1, _021D7468 ; =0x00000F2C
	ldr r1, [r5, r1]
	cmp r1, r0
	bne _021D721E
	ldr r0, [r5, #0xc]
	mov r1, #0xa
	ldr r0, [r0]
	mov r2, #0
	add r3, r5, #0
	blx FUN_020515CC
_021D721E:
	mov r0, #0x65
	bl FUN_overlay_d_118__021d6734
	ldr r1, _021D7468 ; =0x00000F2C
	ldr r1, [r5, r1]
	cmp r1, r0
	bne _021D723A
	ldr r0, [r5, #0xc]
	mov r1, #1
	ldr r0, [r0, #4]
	mov r2, #0
	add r3, r5, #0
	blx FUN_020515CC
_021D723A:
	mov r0, #0x9a
	bl FUN_overlay_d_118__021d6734
	ldr r1, _021D7468 ; =0x00000F2C
	ldr r1, [r5, r1]
	cmp r1, r0
	bne _021D7256
	ldr r0, [r5, #0xc]
	mov r1, #2
	ldr r0, [r0, #8]
	mov r2, #0
	add r3, r5, #0
	blx FUN_020515CC
_021D7256:
	ldr r0, _021D747C ; =0x00000356
	bl FUN_overlay_d_118__021d6734
	ldr r1, _021D7468 ; =0x00000F2C
	ldr r1, [r5, r1]
	cmp r1, r0
	bne _021D7272
	ldr r0, [r5, #0xc]
	mov r1, #2
	ldr r0, [r0, #0x20]
	mov r2, #0
	add r3, r5, #0
	blx FUN_020515CC
_021D7272:
	mov r0, #0xe
	bl FUN_overlay_d_118__021d6734
	ldr r1, _021D7468 ; =0x00000F2C
	ldr r1, [r5, r1]
	cmp r1, r0
	bne _021D728E
	ldr r0, [r5, #0xc]
	mov r1, #3
	ldr r0, [r0, #0xc]
	mov r2, #0
	add r3, r5, #0
	blx FUN_020515CC
_021D728E:
	ldr r0, _021D7480 ; =0x00000483
	bl FUN_overlay_d_118__021d6734
	ldr r1, _021D7468 ; =0x00000F2C
	ldr r1, [r5, r1]
	cmp r1, r0
	bne _021D72AA
	ldr r0, [r5, #0xc]
	mov r1, #3
	ldr r0, [r0, #0x1c]
	mov r2, #0
	add r3, r5, #0
	blx FUN_020515CC
_021D72AA:
	mov r0, #0x9a
	bl FUN_overlay_d_118__021d6734
	ldr r1, _021D7468 ; =0x00000F2C
	ldr r1, [r5, r1]
	cmp r1, r0
	bne _021D72C6
	ldr r0, [r5, #0xc]
	ldr r2, _021D7484 ; =0x021D6EAD
	ldr r0, [r0, #0x10]
	mov r1, #4
	add r3, r5, #0
	blx FUN_020515CC
_021D72C6:
	ldr r0, _021D7488 ; =0x00000152
	bl FUN_overlay_d_118__021d6734
	ldr r1, _021D7468 ; =0x00000F2C
	ldr r1, [r5, r1]
	cmp r1, r0
	bne _021D72E2
	ldr r0, [r5, #0xc]
	mov r1, #5
	ldr r0, [r0, #0x14]
	mov r2, #0
	add r3, r5, #0
	blx FUN_020515CC
_021D72E2:
	mov r0, #0xaf
	lsl r0, r0, #2
	bl FUN_overlay_d_118__021d6734
	ldr r1, _021D7468 ; =0x00000F2C
	ldr r1, [r5, r1]
	cmp r1, r0
	bne _021D7300
	ldr r0, [r5, #0xc]
	ldr r2, _021D748C ; =0x021D6F0D
	ldr r0, [r0, #0x18]
	mov r1, #6
	add r3, r5, #0
	blx FUN_020515CC
_021D7300:
	ldr r0, _021D7490 ; =0x0000047F
	bl FUN_overlay_d_118__021d6734
	ldr r1, _021D7468 ; =0x00000F2C
	ldr r1, [r5, r1]
	cmp r1, r0
	bne _021D7314
	add r0, r5, #0
	bl FUN_overlay_d_118__021d6600
_021D7314:
	ldr r0, _021D7494 ; =0x0000010A
	bl FUN_overlay_d_118__021d6734
	ldr r1, _021D7468 ; =0x00000F2C
	ldr r1, [r5, r1]
	cmp r1, r0
	bne _021D7340
	mov r0, #0x14
	bl FUN_overlay_d_118__021d6734
	str r0, [sp]
	mov r0, #1
	str r0, [sp, #4]
	ldr r0, _021D7498 ; =0x000005F4
	ldr r3, _021D749C ; =0x00007FFF
	ldrh r0, [r5, r0]
	mov r1, #0
	mov r2, #0
	str r0, [sp, #8]
	mov r0, #0
	bl FUN_0202208C
_021D7340:
	mov r0, #0x13
	lsl r0, r0, #4
	bl FUN_overlay_d_118__021d6734
	ldr r1, _021D7468 ; =0x00000F2C
	ldr r1, [r5, r1]
	cmp r1, r0
	bne _021D736C
	mov r0, #0x19
	bl FUN_overlay_d_118__021d6734
	str r0, [sp]
	mov r1, #1
	ldr r0, _021D7498 ; =0x000005F4
	str r1, [sp, #4]
	ldrh r0, [r5, r0]
	ldr r3, _021D749C ; =0x00007FFF
	mov r2, #1
	str r0, [sp, #8]
	mov r0, #0
	bl FUN_0202208C
_021D736C:
	ldr r0, _021D74A0 ; =0x00000149
	bl FUN_overlay_d_118__021d6734
	ldr r1, _021D7468 ; =0x00000F2C
	ldr r1, [r5, r1]
	cmp r1, r0
	bne _021D73CE
	add r0, r5, #0
	mov r1, #0
	mov r4, #0
	bl FUN_021E36D8
	add r0, r5, #0
	bl FUN_021D8AA8
	cmp r0, #0
	beq _021D73A6
	add r0, r5, #0
	add r1, r4, #0
	bl FUN_021D8FA4
	add r3, r0, #0
	add r0, r5, #0
	add r1, r4, #0
	mov r2, #1
	str r4, [sp]
	bl FUN_021E35A0
	b _021D73BC
_021D73A6:
	add r0, r5, #0
	add r1, r4, #0
	bl FUN_021D8FA4
	add r3, r0, #0
	add r0, r5, #0
	add r1, r4, #0
	mov r2, #1
	str r4, [sp]
	bl FUN_021E36C8
_021D73BC:
	ldr r4, _021D7478 ; =0x00000844
	ldr r1, [r5, #0xc]
	ldr r0, [r5, r4]
	add r1, #0x60
	bl FUN_02015C94
	ldr r0, [r5, r4]
	bl FUN_02015EA0
_021D73CE:
	ldr r0, _021D74A4 ; =0x0000014A
	bl FUN_overlay_d_118__021d6734
	ldr r1, _021D7468 ; =0x00000F2C
	ldr r1, [r5, r1]
	cmp r1, r0
	beq _021D73DE
	b _021D74F2
_021D73DE:
	mov r0, #2
	str r0, [sp, #0x18]
	add r0, r5, #0
	bl FUN_021D8AA8
	cmp r0, #0
	beq _021D73F0
	mov r0, #1
	str r0, [sp, #0x18]
_021D73F0:
	ldr r7, _021D7478 ; =0x00000844
	ldr r0, [sp, #0x18]
	add r4, r5, r7
	lsl r6, r0, #2
	ldr r0, [r4, r6]
	bl FUN_02015EB0
	ldr r0, _021D74A8 ; =0xFFFCE000
	add r1, sp, #0x84
	str r0, [sp, #0x84]
	ldr r0, _021D74AC ; =0xFFF6A000
	str r0, [sp, #0x88]
	mov r0, #0xa
	lsl r0, r0, #0xc
	str r0, [sp, #0x8c]
	ldr r0, [r4, r6]
	bl FUN_02015C48
	ldr r0, _021D74A8 ; =0xFFFCE000
	str r0, [sp, #0x84]
	ldr r0, _021D74B0 ; =0xFFFC9000
	str r0, [sp, #0x88]
	mov r0, #0xa
	lsl r0, r0, #0xc
	str r0, [sp, #0x8c]
	add r0, r7, #0
	add r0, #0x18
	ldr r0, [r5, r0]
	bl FUN_021DFD24
	mov r0, #0xf
	bl FUN_overlay_d_118__021d6734
	ldr r3, _021D7498 ; =0x000005F4
	add r1, r0, #0
	ldrh r3, [r5, r3]
	ldr r0, [r4, r6]
	add r2, sp, #0x84
	bl FUN_021DFB84
	add r7, #0x18
	str r0, [r5, r7]
	ldr r0, [r4, r6]
	bl FUN_02015E04
	ldr r0, [sp, #0x18]
	mov r1, #0xc
	add r7, r0, #0
	ldr r0, [r5, #0xc]
	mul r7, r1
	add r0, r0, r7
	ldr r0, [r0, #0x60]
	blx FUN_0209B750
	add r2, r0, #0
	add r3, r1, #0
	ldr r0, _021D74B4 ; =0x33333333
	ldr r1, _021D74B8 ; =0x3FF33333
	b _021D74BC
	nop
_021D7468: .word 0x00000F2C
_021D746C:
	.byte 0x2D, 0x01, 0x00, 0x00
_021D7470: .word 0x000002B6
_021D7474: .word 0x0000FFFF
_021D7478: .word 0x00000844
_021D747C: .word 0x00000356
_021D7480: .word 0x00000483
_021D7484: .word 0x021D6EAD
_021D7488: .word 0x00000152
_021D748C: .word 0x021D6F0D
_021D7490: .word 0x0000047F
_021D7494: .word 0x0000010A
_021D7498: .word 0x000005F4
_021D749C: .word 0x00007FFF
_021D74A0: .word 0x00000149
_021D74A4: .word 0x0000014A
_021D74A8: .word 0xFFFCE000
_021D74AC: .word 0xFFF6A000
_021D74B0: .word 0xFFFC9000
_021D74B4: .word 0x33333333
_021D74B8: .word 0x3FF33333
_021D74BC:
	blx FUN_0209B2E8
	blx FUN_0209C508
	str r0, [sp, #0x84]
	ldr r0, [r5, #0xc]
	add r0, r0, r7
	ldr r0, [r0, #0x64]
	blx FUN_0209B750
	add r2, r0, #0
	add r3, r1, #0
	ldr r0, _021D7850 ; =0x33333333
	ldr r1, _021D7854 ; =0x3FF33333
	blx FUN_0209B2E8
	blx FUN_0209C508
	str r0, [sp, #0x88]
	ldr r0, [r5, #0xc]
	add r1, sp, #0x84
	add r0, r0, r7
	ldr r0, [r0, #0x68]
	str r0, [sp, #0x8c]
	ldr r0, [r4, r6]
	bl FUN_02015CAC
_021D74F2:
	ldr r0, _021D7858 ; =0x0000014B
	bl FUN_overlay_d_118__021d6734
	ldr r1, _021D785C ; =0x00000F2C
	ldr r1, [r5, r1]
	cmp r1, r0
	bne _021D75C2
	mov r0, #3
	str r0, [sp, #0x14]
	add r0, r5, #0
	bl FUN_021D8AA8
	cmp r0, #0
	beq _021D7512
	mov r0, #0
	str r0, [sp, #0x14]
_021D7512:
	ldr r7, _021D7860 ; =0x00000844
	ldr r0, [sp, #0x14]
	add r4, r5, r7
	lsl r6, r0, #2
	ldr r0, [r4, r6]
	bl FUN_02015EB0
	mov r0, #0xf
	lsl r0, r0, #0xe
	str r0, [sp, #0x78]
	mov r0, #5
	lsl r0, r0, #0x10
	str r0, [sp, #0x7c]
	ldr r0, _021D7864 ; =0xFFFF6000
	add r1, sp, #0x78
	str r0, [sp, #0x80]
	ldr r0, [r4, r6]
	bl FUN_02015C48
	mov r0, #0xf
	lsl r0, r0, #0xe
	str r0, [sp, #0x78]
	mov r0, #5
	lsl r0, r0, #0x10
	lsr r0, r0, #4
	str r0, [sp, #0x7c]
	ldr r0, _021D7864 ; =0xFFFF6000
	str r0, [sp, #0x80]
	add r0, r7, #0
	add r0, #0x1c
	ldr r0, [r5, r0]
	bl FUN_021DFD24
	mov r0, #0xf
	bl FUN_overlay_d_118__021d6734
	ldr r3, _021D7868 ; =0x000005F4
	add r1, r0, #0
	ldrh r3, [r5, r3]
	ldr r0, [r4, r6]
	add r2, sp, #0x78
	bl FUN_021DFB84
	add r7, #0x1c
	str r0, [r5, r7]
	ldr r0, [r4, r6]
	bl FUN_02015E04
	ldr r0, [sp, #0x14]
	mov r1, #0xc
	add r7, r0, #0
	ldr r0, [r5, #0xc]
	mul r7, r1
	add r0, r0, r7
	ldr r0, [r0, #0x60]
	blx FUN_0209B750
	add r2, r0, #0
	add r3, r1, #0
	ldr r0, _021D7850 ; =0x33333333
	ldr r1, _021D7854 ; =0x3FF33333
	blx FUN_0209B2E8
	blx FUN_0209C508
	str r0, [sp, #0x78]
	ldr r0, [r5, #0xc]
	add r0, r0, r7
	ldr r0, [r0, #0x64]
	blx FUN_0209B750
	add r2, r0, #0
	add r3, r1, #0
	ldr r0, _021D7850 ; =0x33333333
	ldr r1, _021D7854 ; =0x3FF33333
	blx FUN_0209B2E8
	blx FUN_0209C508
	str r0, [sp, #0x7c]
	ldr r0, [r5, #0xc]
	add r1, sp, #0x78
	add r0, r0, r7
	ldr r0, [r0, #0x68]
	str r0, [sp, #0x80]
	ldr r0, [r4, r6]
	bl FUN_02015CAC
_021D75C2:
	mov r0, #0x55
	lsl r0, r0, #2
	bl FUN_overlay_d_118__021d6734
	ldr r1, _021D785C ; =0x00000F2C
	ldr r1, [r5, r1]
	cmp r1, r0
	bne _021D7614
	ldr r0, _021D786C ; =0xFFFCE000
	mov r4, #0xa
	str r0, [sp, #0x6c]
	ldr r0, _021D7870 ; =0xFFFC9000
	lsl r4, r4, #0xc
	str r0, [sp, #0x70]
	mov r0, #0x1c
	str r4, [sp, #0x74]
	bl FUN_overlay_d_118__021d6734
	add r7, sp, #0x6c
	ldr r6, _021D7874 ; =0x0000085C
	add r1, r0, #0
	ldr r0, [r5, r6]
	add r2, r7, #0
	bl FUN_021DFB4C
	mov r0, #0xf
	lsl r0, r0, #0xe
	str r0, [sp, #0x6c]
	lsr r0, r4, #1
	str r0, [sp, #0x70]
	ldr r0, _021D7864 ; =0xFFFF6000
	str r0, [sp, #0x74]
	mov r0, #0x1c
	bl FUN_overlay_d_118__021d6734
	add r1, r0, #0
	add r0, r6, #4
	ldr r0, [r5, r0]
	add r2, r7, #0
	bl FUN_021DFB4C
_021D7614:
	mov r0, #0x17
	lsl r0, r0, #4
	bl FUN_overlay_d_118__021d6734
	ldr r1, _021D785C ; =0x00000F2C
	ldr r1, [r5, r1]
	cmp r1, r0
	bne _021D76CC
	ldr r4, _021D7874 ; =0x0000085C
	ldr r0, [r5, r4]
	blx FUN_020307B0
	mov r6, #0
	str r6, [r5, r4]
	add r0, r4, #4
	ldr r0, [r5, r0]
	blx FUN_020307B0
	add r0, r4, #4
	str r6, [r5, r0]
	add r0, r5, #0
	mov r4, #2
	mov r7, #3
	bl FUN_021D8AA8
	cmp r0, #0
	beq _021D764C
	add r7, r6, #0
_021D764C:
	add r0, r5, #0
	bl FUN_021D8AA8
	cmp r0, #0
	beq _021D7658
	mov r4, #1
_021D7658:
	ldr r0, _021D7878 ; =0xFFF6A000
	ldr r6, _021D7874 ; =0x0000085C
	str r0, [sp, #0x60]
	ldr r0, _021D7870 ; =0xFFFC9000
	str r0, [sp, #0x64]
	mov r0, #0
	str r0, [sp, #0x68]
	ldr r0, [r5, r6]
	bl FUN_021DFD24
	mov r0, #0x2e
	bl FUN_overlay_d_118__021d6734
	add r1, r0, #0
	lsl r0, r4, #2
	ldr r4, _021D7868 ; =0x000005F4
	add r2, r5, r0
	add r0, r6, #0
	sub r0, #0x18
	ldr r0, [r2, r0]
	ldrh r3, [r5, r4]
	add r2, sp, #0x60
	bl FUN_021DFB84
	str r0, [r5, r6]
	mov r0, #0x96
	lsl r0, r0, #0xc
	str r0, [sp, #0x60]
	mov r0, #5
	lsl r0, r0, #0xc
	str r0, [sp, #0x64]
	mov r0, #0
	str r0, [sp, #0x68]
	add r0, r6, #4
	ldr r0, [r5, r0]
	bl FUN_021DFD24
	mov r0, #0x2e
	bl FUN_overlay_d_118__021d6734
	add r1, r0, #0
	lsl r0, r7, #2
	add r2, r5, r0
	add r0, r6, #0
	sub r0, #0x18
	ldr r0, [r2, r0]
	ldrh r3, [r5, r4]
	add r2, sp, #0x60
	bl FUN_021DFB84
	add r1, r6, #4
	str r0, [r5, r1]
	ldr r0, [r5, r6]
	mov r1, #1
	strh r1, [r0, #0x16]
	add r0, r6, #4
	ldr r0, [r5, r0]
	strh r1, [r0, #0x16]
_021D76CC:
	ldr r0, _021D787C ; =0x000001B2
	bl FUN_overlay_d_118__021d6734
	ldr r1, _021D785C ; =0x00000F2C
	ldr r1, [r5, r1]
	cmp r1, r0
	bne _021D77AA
	mov r0, #0
	str r0, [sp, #0x10]
	add r0, r5, #0
	bl FUN_021D8AA8
	cmp r0, #0
	beq _021D76EC
	mov r0, #3
	str r0, [sp, #0x10]
_021D76EC:
	ldr r7, _021D7874 ; =0x0000085C
	ldr r0, [r5, r7]
	blx FUN_020307B0
	mov r0, #0
	str r0, [r5, r7]
	add r0, r7, #0
	sub r0, #0x18
	add r4, r5, r0
	ldr r0, [sp, #0x10]
	lsl r6, r0, #2
	ldr r0, [r4, r6]
	bl FUN_02015EB0
	ldr r0, _021D7880 ; =0x00007FFF
	mov r1, #0
	str r0, [sp]
	ldr r0, [r4, r6]
	mov r2, #0
	mov r3, #0
	bl FUN_02015F50
	ldr r0, _021D7878 ; =0xFFF6A000
	add r1, sp, #0x54
	str r0, [sp, #0x54]
	mov r0, #5
	lsl r0, r0, #0xc
	str r0, [sp, #0x58]
	ldr r0, _021D7864 ; =0xFFFF6000
	str r0, [sp, #0x5c]
	ldr r0, [r4, r6]
	bl FUN_02015C48
	mov r0, #0xf
	lsl r0, r0, #0xe
	str r0, [sp, #0x54]
	mov r0, #5
	lsl r0, r0, #0xc
	str r0, [sp, #0x58]
	ldr r0, _021D7864 ; =0xFFFF6000
	str r0, [sp, #0x5c]
	ldr r0, [r5, r7]
	bl FUN_021DFD24
	mov r0, #0x67
	bl FUN_overlay_d_118__021d6734
	ldr r3, _021D7868 ; =0x000005F4
	add r1, r0, #0
	ldrh r3, [r5, r3]
	ldr r0, [r4, r6]
	add r2, sp, #0x54
	bl FUN_021DFB84
	str r0, [r5, r7]
	ldr r0, [sp, #0x10]
	mov r1, #0xc
	add r7, r0, #0
	ldr r0, [r5, #0xc]
	mul r7, r1
	add r0, r0, r7
	ldr r0, [r0, #0x60]
	blx FUN_0209B750
	add r2, r0, #0
	add r3, r1, #0
	ldr r0, _021D7850 ; =0x33333333
	ldr r1, _021D7854 ; =0x3FF33333
	blx FUN_0209B2E8
	blx FUN_0209C508
	str r0, [sp, #0x54]
	ldr r0, [r5, #0xc]
	add r0, r0, r7
	ldr r0, [r0, #0x64]
	blx FUN_0209B750
	add r2, r0, #0
	add r3, r1, #0
	ldr r0, _021D7850 ; =0x33333333
	ldr r1, _021D7854 ; =0x3FF33333
	blx FUN_0209B2E8
	blx FUN_0209C508
	str r0, [sp, #0x58]
	ldr r0, [r5, #0xc]
	add r1, sp, #0x54
	add r0, r0, r7
	ldr r0, [r0, #0x68]
	str r0, [sp, #0x5c]
	ldr r0, [r4, r6]
	bl FUN_02015CAC
_021D77AA:
	ldr r0, _021D787C ; =0x000001B2
	bl FUN_overlay_d_118__021d6734
	ldr r1, _021D785C ; =0x00000F2C
	ldr r1, [r5, r1]
	cmp r1, r0
	beq _021D77BA
	b _021D78D2
_021D77BA:
	mov r0, #1
	str r0, [sp, #0xc]
	add r0, r5, #0
	bl FUN_021D8AA8
	cmp r0, #0
	beq _021D77CC
	mov r0, #2
	str r0, [sp, #0xc]
_021D77CC:
	mov r0, #0x86
	lsl r0, r0, #4
	ldr r0, [r5, r0]
	blx FUN_020307B0
	mov r0, #0x86
	mov r1, #0
	lsl r0, r0, #4
	str r1, [r5, r0]
	sub r0, #0x1c
	add r4, r5, r0
	ldr r0, [sp, #0xc]
	lsl r6, r0, #2
	ldr r0, [r4, r6]
	bl FUN_02015EB0
	mov r0, #0x96
	lsl r0, r0, #0xc
	ldr r7, _021D7870 ; =0xFFFC9000
	str r0, [sp, #0x48]
	mov r0, #0xa
	lsl r0, r0, #0xc
	str r7, [sp, #0x4c]
	str r0, [sp, #0x50]
	ldr r0, [r4, r6]
	add r1, sp, #0x48
	bl FUN_02015C48
	ldr r0, _021D7884 ; =0xFFFD3000
	str r7, [sp, #0x4c]
	str r0, [sp, #0x48]
	mov r0, #0xa
	lsl r0, r0, #0xc
	str r0, [sp, #0x50]
	mov r0, #0x86
	lsl r0, r0, #4
	ldr r0, [r5, r0]
	bl FUN_021DFD24
	mov r0, #0x67
	bl FUN_overlay_d_118__021d6734
	ldr r3, _021D7868 ; =0x000005F4
	add r1, r0, #0
	ldrh r3, [r5, r3]
	ldr r0, [r4, r6]
	add r2, sp, #0x48
	bl FUN_021DFB84
	mov r1, #0x86
	lsl r1, r1, #4
	str r0, [r5, r1]
	ldr r0, [sp, #0xc]
	mov r1, #0xc
	add r7, r0, #0
	ldr r0, [r5, #0xc]
	mul r7, r1
	add r0, r0, r7
	ldr r0, [r0, #0x60]
	blx FUN_0209B750
	add r2, r0, #0
	add r3, r1, #0
	ldr r0, _021D7850 ; =0x33333333
	ldr r1, _021D7854 ; =0x3FF33333
	b _021D7888
	.balign 4, 0
_021D7850: .word 0x33333333
_021D7854: .word 0x3FF33333
_021D7858: .word 0x0000014B
_021D785C: .word 0x00000F2C
_021D7860: .word 0x00000844
_021D7864: .word 0xFFFF6000
_021D7868: .word 0x000005F4
_021D786C: .word 0xFFFCE000
_021D7870: .word 0xFFFC9000
_021D7874: .word 0x0000085C
_021D7878: .word 0xFFF6A000
_021D787C: .word 0x000001B2
_021D7880: .word 0x00007FFF
_021D7884: .word 0xFFFD3000
_021D7888:
	blx FUN_0209B2E8
	blx FUN_0209C508
	str r0, [sp, #0x48]
	ldr r0, [r5, #0xc]
	add r0, r0, r7
	ldr r0, [r0, #0x64]
	blx FUN_0209B750
	add r2, r0, #0
	add r3, r1, #0
	ldr r0, _021D7BDC ; =0x33333333
	ldr r1, _021D7BE0 ; =0x3FF33333
	blx FUN_0209B2E8
	blx FUN_0209C508
	str r0, [sp, #0x4c]
	ldr r0, [r5, #0xc]
	add r1, sp, #0x48
	add r0, r0, r7
	ldr r0, [r0, #0x68]
	str r0, [sp, #0x50]
	ldr r0, [r4, r6]
	bl FUN_02015CAC
	mov r0, #0x86
	lsl r0, r0, #4
	sub r0, r0, #4
	ldr r0, [r5, r0]
	mov r1, #1
	strh r1, [r0, #0x16]
	mov r0, #0x86
	lsl r0, r0, #4
	ldr r0, [r5, r0]
	strh r1, [r0, #0x16]
_021D78D2:
	mov r0, #0x7e
	lsl r0, r0, #2
	bl FUN_overlay_d_118__021d6734
	ldr r1, _021D7BE4 ; =0x00000F2C
	ldr r1, [r5, r1]
	cmp r1, r0
	bne _021D790A
	mov r0, #0x80
	bl FUN_overlay_d_118__021d6734
	ldr r4, _021D7BE8 ; =0x0000085C
	add r1, r0, #0
	ldr r0, [r5, r4]
	add r2, r0, #0
	add r2, #0x28
	bl FUN_021DFB4C
	mov r0, #0x80
	bl FUN_overlay_d_118__021d6734
	add r1, r0, #0
	add r0, r4, #4
	ldr r0, [r5, r0]
	add r2, r0, #0
	add r2, #0x28
	bl FUN_021DFB4C
_021D790A:
	ldr r0, _021D7BEC ; =0x0000027D
	bl FUN_overlay_d_118__021d6734
	ldr r1, _021D7BE4 ; =0x00000F2C
	ldr r1, [r5, r1]
	cmp r1, r0
	bne _021D79B0
	add r0, r5, #0
	mov r6, #1
	mov r4, #0
	bl FUN_021D8AA8
	cmp r0, #0
	beq _021D7928
	mov r4, #3
_021D7928:
	add r0, r5, #0
	bl FUN_021D8AA8
	cmp r0, #0
	beq _021D7934
	mov r6, #2
_021D7934:
	add r0, r5, #0
	mov r1, #0
	bl FUN_overlay_d_118__021d6ca8
	add r0, r5, #0
	mov r1, #1
	bl FUN_overlay_d_118__021d6ca8
	mov r0, #0xf
	lsl r0, r0, #0xe
	str r0, [sp, #0x3c]
	mov r0, #0x19
	lsl r0, r0, #0xe
	str r0, [sp, #0x40]
	ldr r0, _021D7BF0 ; =0xFFFF6000
	ldr r7, _021D7BE8 ; =0x0000085C
	str r0, [sp, #0x44]
	ldr r0, [r5, r7]
	bl FUN_021DFD24
	mov r0, #7
	bl FUN_overlay_d_118__021d6734
	add r1, r0, #0
	lsl r0, r4, #2
	ldr r4, _021D7BF4 ; =0x000005F4
	add r2, r5, r0
	add r0, r7, #0
	sub r0, #0x18
	ldr r0, [r2, r0]
	ldrh r3, [r5, r4]
	add r2, sp, #0x3c
	bl FUN_021DFB84
	str r0, [r5, r7]
	ldr r0, _021D7BF8 ; =0xFFFD3000
	str r0, [sp, #0x3c]
	ldr r0, _021D7BF0 ; =0xFFFF6000
	lsl r0, r0, #4
	str r0, [sp, #0x40]
	mov r0, #0xa
	lsl r0, r0, #0xc
	str r0, [sp, #0x44]
	add r0, r7, #4
	ldr r0, [r5, r0]
	bl FUN_021DFD24
	mov r0, #7
	bl FUN_overlay_d_118__021d6734
	add r1, r0, #0
	lsl r0, r6, #2
	add r2, r5, r0
	add r0, r7, #0
	sub r0, #0x18
	ldr r0, [r2, r0]
	ldrh r3, [r5, r4]
	add r2, sp, #0x3c
	bl FUN_021DFB84
	add r1, r7, #4
	str r0, [r5, r1]
_021D79B0:
	ldr r0, _021D7BFC ; =0x000002B5
	bl FUN_overlay_d_118__021d6734
	ldr r1, _021D7BE4 ; =0x00000F2C
	ldr r1, [r5, r1]
	cmp r1, r0
	bne _021D79E0
	ldr r4, _021D7C00 ; =0x00000844
	ldr r0, [r5, r4]
	bl FUN_02015EA0
	add r0, r4, #4
	ldr r0, [r5, r0]
	bl FUN_02015EA0
	add r0, r4, #0
	add r0, #8
	ldr r0, [r5, r0]
	bl FUN_02015EA0
	add r4, #0xc
	ldr r0, [r5, r4]
	bl FUN_02015EA0
_021D79E0:
	ldr r3, _021D7C04 ; =_021D7CEC
	add r2, sp, #0x2c
	ldmia r3!, {r0, r1}
	stmia r2!, {r0, r1}
	ldmia r3!, {r0, r1}
	stmia r2!, {r0, r1}
	add r0, r5, #0
	mov r6, #3
	bl FUN_021D8AA8
	cmp r0, #0
	beq _021D79FA
	mov r6, #0
_021D79FA:
	lsl r4, r6, #2
	add r0, sp, #0x2c
	ldr r7, [r0, r4]
	ldr r0, _021D7C08 ; =0x0000048E
	bl FUN_overlay_d_118__021d6734
	ldr r1, _021D7BE4 ; =0x00000F2C
	ldr r1, [r5, r1]
	cmp r1, r0
	bne _021D7A66
	ldr r0, _021D7C0C ; =0x000011EE
	ldrb r0, [r5, r0]
	cmp r0, #0
	bne _021D7A2E
	add r0, r5, #0
	add r1, r6, #0
	bl FUN_overlay_d_118__021d6e04
	add r0, r5, #0
	add r1, r6, #0
	bl FUN_overlay_d_118__021d6cc4
	ldr r0, _021D7C10 ; =0x00007FFF
	add r1, r5, r4
	str r0, [sp]
	b _021D7A58
_021D7A2E:
	add r0, r5, #0
	add r1, r6, #0
	bl FUN_overlay_d_118__021d6e04
	ldr r0, _021D7C00 ; =0x00000844
	add r1, r5, r4
	ldr r0, [r1, r0]
	bl FUN_02015EA0
	add r0, r5, #0
	add r1, r7, #0
	bl FUN_overlay_d_118__021d6e04
	add r0, r5, #0
	add r1, r6, #0
	bl FUN_overlay_d_118__021d6cc4
	ldr r0, _021D7C10 ; =0x00007FFF
	str r0, [sp]
	lsl r0, r7, #2
	add r1, r5, r0
_021D7A58:
	ldr r0, _021D7C00 ; =0x00000844
	mov r2, #0x10
	ldr r0, [r1, r0]
	mov r1, #0x10
	mov r3, #0
	bl FUN_02015F50
_021D7A66:
	ldr r0, _021D7C14 ; =0x0000048F
	bl FUN_overlay_d_118__021d6734
	ldr r1, _021D7BE4 ; =0x00000F2C
	ldr r1, [r5, r1]
	cmp r1, r0
	bne _021D7A88
	ldr r0, _021D7C10 ; =0x00007FFF
	add r1, r5, r4
	str r0, [sp]
	ldr r0, _021D7C00 ; =0x00000844
	mov r2, #8
	ldr r0, [r1, r0]
	mov r1, #8
	mov r3, #0
	bl FUN_02015F50
_021D7A88:
	mov r0, #0x49
	lsl r0, r0, #4
	bl FUN_overlay_d_118__021d6734
	ldr r1, _021D7BE4 ; =0x00000F2C
	ldr r1, [r5, r1]
	cmp r1, r0
	bne _021D7AAC
	ldr r0, _021D7C10 ; =0x00007FFF
	add r1, r5, r4
	str r0, [sp]
	ldr r0, _021D7C00 ; =0x00000844
	mov r2, #0
	ldr r0, [r1, r0]
	mov r1, #0
	mov r3, #0
	bl FUN_02015F50
_021D7AAC:
	ldr r0, _021D7C08 ; =0x0000048E
	bl FUN_overlay_d_118__021d6734
	ldr r1, _021D7BE4 ; =0x00000F2C
	ldr r1, [r5, r1]
	cmp r0, r1
	bge _021D7B06
	ldr r0, _021D7C0C ; =0x000011EE
	ldrb r0, [r5, r0]
	cmp r0, #0
	beq _021D7B06
	ldr r0, _021D7C18 ; =0x00000868
	ldr r0, [r5, r0]
	cmp r0, #0
	beq _021D7B06
	ldr r0, [r0, #8]
	cmp r0, #9
	bne _021D7B06
	ldr r0, _021D7C18 ; =0x00000868
	lsl r7, r7, #2
	sub r0, #0x24
	add r0, r5, r0
	str r0, [sp, #0x1c]
	ldr r0, [r0, r7]
	add r1, sp, #0x20
	bl FUN_02015C30
	ldr r0, _021D7C18 ; =0x00000868
	add r1, sp, #0x20
	sub r0, #0x24
	add r6, r5, r0
	ldr r0, [r6, r4]
	bl FUN_02015C48
	ldr r0, [r6, r4]
	bl FUN_02015EB0
	ldr r0, [sp, #0x1c]
	ldr r0, [r0, r7]
	bl FUN_02015EA0
	ldr r0, _021D7C18 ; =0x00000868
	ldr r1, [r6, r4]
	ldr r0, [r5, r0]
	str r1, [r0]
_021D7B06:
	mov r0, #0x4a
	lsl r0, r0, #4
	bl FUN_overlay_d_118__021d6734
	ldr r1, _021D7BE4 ; =0x00000F2C
	ldr r1, [r5, r1]
	cmp r1, r0
	bne _021D7B20
	ldr r0, _021D7C00 ; =0x00000844
	add r1, r5, r4
	ldr r0, [r1, r0]
	bl FUN_02015E4C
_021D7B20:
	ldr r0, _021D7C1C ; =0x0000028B
	bl FUN_overlay_d_118__021d6734
	ldr r1, _021D7BE4 ; =0x00000F2C
	ldr r1, [r5, r1]
	cmp r1, r0
	bne _021D7B4C
	mov r0, #0xa
	bl FUN_overlay_d_118__021d6734
	str r0, [sp]
	mov r0, #1
	str r0, [sp, #4]
	ldr r0, _021D7BF4 ; =0x000005F4
	ldr r3, _021D7C10 ; =0x00007FFF
	ldrh r0, [r5, r0]
	mov r1, #0
	mov r2, #0
	str r0, [sp, #8]
	mov r0, #0
	bl FUN_0202208C
_021D7B4C:
	mov r0, #0xae
	lsl r0, r0, #2
	bl FUN_overlay_d_118__021d6734
	ldr r1, _021D7BE4 ; =0x00000F2C
	ldr r1, [r5, r1]
	cmp r1, r0
	bne _021D7B78
	mov r0, #0x19
	bl FUN_overlay_d_118__021d6734
	str r0, [sp]
	mov r1, #1
	ldr r0, _021D7BF4 ; =0x000005F4
	str r1, [sp, #4]
	ldrh r0, [r5, r0]
	ldr r3, _021D7C10 ; =0x00007FFF
	mov r2, #1
	str r0, [sp, #8]
	mov r0, #0
	bl FUN_0202208C
_021D7B78:
	mov r0, #0xe
	lsl r0, r0, #6
	bl FUN_overlay_d_118__021d6734
	ldr r1, _021D7BE4 ; =0x00000F2C
	ldr r1, [r5, r1]
	cmp r1, r0
	bne _021D7BA6
	mov r0, #0x1e
	bl FUN_overlay_d_118__021d6734
	str r0, [sp]
	mov r0, #1
	str r0, [sp, #4]
	ldr r0, _021D7BF4 ; =0x000005F4
	ldr r3, _021D7C10 ; =0x00007FFF
	ldrh r0, [r5, r0]
	mov r1, #0
	mov r2, #0
	str r0, [sp, #8]
	mov r0, #0
	bl FUN_0202208C
_021D7BA6:
	ldr r0, _021D7C20 ; =0x000003CA
	bl FUN_overlay_d_118__021d6734
	ldr r1, _021D7BE4 ; =0x00000F2C
	ldr r1, [r5, r1]
	cmp r1, r0
	bne _021D7BD0
	mov r0, #0x1e
	bl FUN_overlay_d_118__021d6734
	str r0, [sp]
	mov r1, #1
	ldr r0, _021D7BF4 ; =0x000005F4
	str r1, [sp, #4]
	ldrh r0, [r5, r0]
	ldr r3, _021D7C10 ; =0x00007FFF
	mov r2, #1
	str r0, [sp, #8]
	mov r0, #0
	bl FUN_0202208C
_021D7BD0:
	ldr r0, _021D7C24 ; =0x000004C1
	bl FUN_overlay_d_118__021d6734
	ldr r1, _021D7BE4 ; =0x00000F2C
	b _021D7C28
	nop
_021D7BDC: .word 0x33333333
_021D7BE0: .word 0x3FF33333
_021D7BE4: .word 0x00000F2C
_021D7BE8: .word 0x0000085C
_021D7BEC: .word 0x0000027D
_021D7BF0: .word 0xFFFF6000
_021D7BF4: .word 0x000005F4
_021D7BF8: .word 0xFFFD3000
_021D7BFC: .word 0x000002B5
_021D7C00: .word 0x00000844
_021D7C04: .word 0x021D7CEC
_021D7C08: .word 0x0000048E
_021D7C0C: .word 0x000011EE
_021D7C10: .word 0x00007FFF
_021D7C14: .word 0x0000048F
_021D7C18: .word 0x00000868
_021D7C1C: .word 0x0000028B
_021D7C20: .word 0x000003CA
_021D7C24: .word 0x000004C1
_021D7C28:
	ldr r1, [r5, r1]
	cmp r1, r0
	bne _021D7C4C
	add r0, r5, #0
	mov r1, #0
	bl FUN_overlay_d_118__021d6ca8
	add r0, r5, #0
	mov r1, #1
	bl FUN_overlay_d_118__021d6ca8
	add r0, r5, #0
	bl FUN_021E3230
	ldr r1, _021D7C7C ; =0x021D6C79
	add r0, r5, #0
	bl FUN_021D8E84
_021D7C4C:
	ldr r4, _021D7C80 ; =0x0000085C
	add r1, r5, #0
	ldr r0, [r5, r4]
	bl FUN_021DFC68
	add r0, r4, #4
	ldr r0, [r5, r0]
	add r1, r5, #0
	bl FUN_021DFC68
	add r0, r4, #0
	add r0, #8
	ldr r0, [r5, r0]
	add r1, r5, #0
	bl FUN_021DFC68
	add r4, #0xc
	ldr r0, [r5, r4]
	add r1, r5, #0
	bl FUN_021DFC68
	add sp, #0x90
	pop {r3, r4, r5, r6, r7, pc}
	nop
_021D7C7C: .word 0x021D6C79
_021D7C80: .word 0x0000085C
_021D7C84:
	.byte 0x00, 0x00, 0x00, 0x00, 0x00, 0x90, 0xFE, 0xFF, 0x00, 0xA0, 0x00, 0x00
	.byte 0x00, 0x00, 0x00, 0x00, 0x00, 0x90, 0xFE, 0xFF, 0x00, 0xA0, 0x00, 0x00, 0x00, 0x00, 0x00, 0x00
	.byte 0x00, 0x90, 0xFE, 0xFF, 0x00, 0x60, 0xFF, 0xFF
_021D7CA8:
	.byte 0x00, 0x00, 0x00, 0x00
_021D7CAC:
	.byte 0x00, 0x90, 0xFE, 0xFF
_021D7CB0:
	.byte 0x00, 0xA0, 0x00, 0x00
_021D7CB4:
	.byte 0x02, 0x00, 0x00, 0x00
_021D7CB8:
	.byte 0x03, 0x00, 0x00, 0x00
_021D7CBC:
	.byte 0x00, 0x00, 0x00, 0x00
_021D7CC0:
	.byte 0x01, 0x00, 0x00, 0x00
_021D7CC4:
	.byte 0x00, 0x00, 0x00, 0x00
_021D7CC8:
	.byte 0x00, 0x90, 0xFE, 0xFF
_021D7CCC:
	.byte 0x00, 0xA0, 0x00, 0x00
_021D7CD0:
	.byte 0x00, 0x00, 0x00, 0x00
_021D7CD4:
	.byte 0x00, 0x90, 0xFE, 0xFF
_021D7CD8:
	.byte 0x00, 0x60, 0xFF, 0xFF
_021D7CDC:
	.byte 0x02, 0x00, 0x00, 0x00
_021D7CE0:
	.byte 0x03, 0x00, 0x00, 0x00
_021D7CE4:
	.byte 0x00, 0x00, 0x00, 0x00
_021D7CE8:
	.byte 0x01, 0x00, 0x00, 0x00
_021D7CEC:
	.byte 0x02, 0x00, 0x00, 0x00
_021D7CF0:
	.byte 0x03, 0x00, 0x00, 0x00
_021D7CF4:
	.byte 0x00, 0x00, 0x00, 0x00
_021D7CF8:
	.byte 0x01, 0x00, 0x00, 0x00
_021D7CFC:
	.byte 0x00, 0x00, 0x00, 0x00
	.byte 0x00, 0x00, 0x00, 0x00, 0x00, 0x00, 0x00, 0x00, 0x00, 0x00, 0x00, 0x00, 0x00, 0x00, 0x00, 0x00
	.byte 0x1D, 0x3E, 0x00, 0x00, 0x00, 0x00, 0x00, 0x00, 0x00, 0x00, 0x00, 0x00, 0x00, 0x78, 0x00, 0x00
	.byte 0x00, 0x00, 0x00, 0x00, 0x00, 0x00, 0x00, 0x00, 0xB4, 0xA9, 0x00, 0x00, 0x00, 0x00, 0x00, 0x00
	.byte 0x00, 0x00, 0x00, 0x00, 0xD8, 0xCF, 0x00, 0x00, 0x00, 0x00, 0x00, 0x00, 0x00, 0x00, 0x00, 0x00
	.byte 0xD2, 0xE7, 0x00, 0x00, 0x00, 0x00, 0x00, 0x00, 0x00, 0x00, 0x00, 0x00, 0x00, 0xF0, 0x00, 0x00
	.byte 0x00, 0x00, 0x00, 0x00, 0x00, 0x00, 0x00, 0x00, 0xD2, 0xE7, 0x00, 0x00, 0x00, 0x00, 0x00, 0x00
	.byte 0x00, 0x00, 0x00, 0x00, 0xD8, 0xCF, 0x00, 0x00, 0x00, 0x00, 0x00, 0x00, 0x00, 0x00, 0x00, 0x00
	.byte 0xB4, 0xA9, 0x00, 0x00, 0x00, 0x00, 0x00, 0x00, 0x00, 0x00, 0x00, 0x00, 0x00, 0x78, 0x00, 0x00
	.byte 0x00, 0x00, 0x00, 0x00, 0x00, 0x00, 0x00, 0x00, 0x1D, 0x3E, 0x00, 0x00, 0x00, 0x00, 0x00, 0x00
	.byte 0x00, 0x00, 0x00, 0x00, 0x00, 0x00, 0x00, 0x00, 0x00, 0x00, 0x00, 0x00, 0x00, 0x00, 0x00, 0x00
	.byte 0x00, 0x00, 0x00, 0x00, 0x00, 0x00, 0x00, 0x00, 0x00, 0x00, 0x00, 0x00, 0x00, 0x00, 0x00, 0x00
	.byte 0x00, 0x00, 0x00, 0x00, 0x00, 0x00, 0x00, 0x00, 0x00, 0x00, 0x00, 0x00, 0x00, 0x00, 0x00, 0x00
	.byte 0x00, 0x00, 0x00, 0x00, 0x00, 0x00, 0x00, 0x00, 0x00, 0x00, 0x00, 0x00, 0x00, 0x00, 0x00, 0x00
	.byte 0x00, 0x00, 0x00, 0x00, 0x00, 0x00, 0x00, 0x00, 0x00, 0x00, 0x00, 0x00, 0x00, 0x00, 0x00, 0x00
	.byte 0x00, 0x00, 0x00, 0x00, 0x00, 0x00, 0x00, 0x00, 0x69, 0x29, 0x00, 0x00, 0x00, 0x00, 0x00, 0x00
	.byte 0x00, 0x00, 0x00, 0x00, 0x00, 0x50, 0x00, 0x00, 0x00, 0x00, 0x00, 0x00, 0x00, 0x00, 0x00, 0x00
	.byte 0x23, 0x71, 0x00, 0x00, 0x00, 0x00, 0x00, 0x00, 0x00, 0x00, 0x00, 0x00, 0x90, 0x8A, 0x00, 0x00
	.byte 0x00, 0x00, 0x00, 0x00, 0x00, 0x00, 0x00, 0x00, 0x8C, 0x9A, 0x00, 0x00, 0x00, 0x00, 0x00, 0x00
	.byte 0x00, 0x00, 0x00, 0x00, 0x00, 0xA0, 0x00, 0x00, 0x00, 0x00, 0x00, 0x00, 0x00, 0x00, 0x00, 0x00
	.byte 0x8C, 0x9A, 0x00, 0x00, 0x00, 0x00, 0x00, 0x00, 0x00, 0x00, 0x00, 0x00, 0x90, 0x8A, 0x00, 0x00
	.byte 0x00, 0x00, 0x00, 0x00, 0x00, 0x00, 0x00, 0x00, 0x23, 0x71, 0x00, 0x00, 0x00, 0x00, 0x00, 0x00
	.byte 0x00, 0x00, 0x00, 0x00, 0x00, 0x50, 0x00, 0x00, 0x00, 0x00, 0x00, 0x00, 0x00, 0x00, 0x00, 0x00
	.byte 0x69, 0x29, 0x00, 0x00, 0x00, 0x00, 0x00, 0x00, 0x00, 0x00, 0x00, 0x00, 0x00, 0x00, 0x00, 0x00
	.byte 0x00, 0x00, 0x00, 0x00, 0x00, 0x00, 0x00, 0x00, 0x00, 0x00, 0x00, 0x00, 0x00, 0x00, 0x00, 0x00
	.byte 0x00, 0x00, 0x00, 0x00, 0x69, 0x29, 0x00, 0x00, 0x00, 0x00, 0x00, 0x00, 0x00, 0x00, 0x00, 0x00
	.byte 0x00, 0x50, 0x00, 0x00, 0x00, 0x00, 0x00, 0x00, 0x00, 0x00, 0x00, 0x00, 0x23, 0x71, 0x00, 0x00
	.byte 0x00, 0x00, 0x00, 0x00, 0x00, 0x00, 0x00, 0x00, 0x90, 0x8A, 0x00, 0x00, 0x00, 0x00, 0x00, 0x00
	.byte 0x00, 0x00, 0x00, 0x00, 0x8C, 0x9A, 0x00, 0x00, 0x00, 0x00, 0x00, 0x00, 0x00, 0x00, 0x00, 0x00
	.byte 0x00, 0xA0, 0x00, 0x00, 0x00, 0x00, 0x00, 0x00, 0x00, 0x00, 0x00, 0x00, 0x8C, 0x9A, 0x00, 0x00
	.byte 0x00, 0x00, 0x00, 0x00, 0x00, 0x00, 0x00, 0x00, 0x90, 0x8A, 0x00, 0x00, 0x00, 0x00, 0x00, 0x00
	.byte 0x00, 0x00, 0x00, 0x00, 0x23, 0x71, 0x00, 0x00, 0x00, 0x00, 0x00, 0x00, 0x00, 0x00, 0x00, 0x00
	.byte 0x00, 0x50, 0x00, 0x00, 0x00, 0x00, 0x00, 0x00, 0x00, 0x00, 0x00, 0x00, 0x69, 0x29, 0x00, 0x00
	.byte 0x00, 0x00, 0x00, 0x00, 0x00, 0x00, 0x00, 0x00, 0x00, 0x00, 0x00, 0x00, 0x00, 0x00, 0x00, 0x00
	.byte 0x00, 0x00, 0x00, 0x00, 0x00, 0x00, 0x00, 0x00, 0x00, 0x00, 0x00, 0x00, 0x00, 0x00, 0x00, 0x00
	.byte 0x69, 0x29, 0x00, 0x00, 0x00, 0x00, 0x00, 0x00, 0x00, 0x00, 0x00, 0x00, 0x00, 0x50, 0x00, 0x00
	.byte 0x00, 0x00, 0x00, 0x00, 0x00, 0x00, 0x00, 0x00, 0x23, 0x71, 0x00, 0x00, 0x00, 0x00, 0x00, 0x00
	.byte 0x00, 0x00, 0x00, 0x00, 0x90, 0x8A, 0x00, 0x00, 0x00, 0x00, 0x00, 0x00, 0x00, 0x00, 0x00, 0x00
	.byte 0x8C, 0x9A, 0x00, 0x00, 0x00, 0x00, 0x00, 0x00, 0x00, 0x00, 0x00, 0x00, 0x00, 0xA0, 0x00, 0x00
	.byte 0x00, 0x00, 0x00, 0x00, 0x00, 0x00, 0x00, 0x00, 0x8C, 0x9A, 0x00, 0x00, 0x00, 0x00, 0x00, 0x00
	.byte 0x00, 0x00, 0x00, 0x00, 0x90, 0x8A, 0x00, 0x00, 0x00, 0x00, 0x00, 0x00, 0x00, 0x00, 0x00, 0x00
	.byte 0x23, 0x71, 0x00, 0x00, 0x00, 0x00, 0x00, 0x00, 0x00, 0x00, 0x00, 0x00, 0x00, 0x50, 0x00, 0x00
	.byte 0x00, 0x00, 0x00, 0x00, 0x00, 0x00, 0x00, 0x00, 0x69, 0x29, 0x00, 0x00, 0x00, 0x00, 0x00, 0x00
	.byte 0x00, 0x00, 0x00, 0x00, 0x00, 0x00, 0x00, 0x00, 0x00, 0x00, 0x00, 0x00, 0x00, 0x00, 0x00, 0x00
	.byte 0x00, 0x00, 0x00, 0x00, 0x00, 0x00, 0x00, 0x00, 0x70, 0x6F, 0x6B, 0x65, 0x6D, 0x6F, 0x6E, 0x74
	.byte 0x72, 0x61, 0x64, 0x65, 0x5F, 0x64, 0x65, 0x6D, 0x6F, 0x5F, 0x63, 0x6F, 0x6D, 0x6D, 0x6F, 0x6E
	.byte 0x2E, 0x63, 0x00, 0x00, 0x70, 0x6F, 0x6B, 0x65, 0x6D, 0x6F, 0x6E, 0x74, 0x72, 0x61, 0x64, 0x65
	.byte 0x5F, 0x64, 0x65, 0x6D, 0x6F, 0x5F, 0x75, 0x70, 0x2E, 0x63, 0x00, 0x00
_021D7FEC:
	.byte 0x00, 0x00, 0x00, 0x00
	.byte 0x00, 0x00, 0x00, 0x00, 0x00, 0x00, 0x00, 0x00, 0x00, 0x00, 0x00, 0x00, 0x00, 0x00, 0x00, 0x00
	.byte 0x00, 0x00, 0x00, 0x00, 0x00, 0x00, 0x00, 0x00, 0x00, 0x00, 0x00, 0x00, 0x00, 0x00, 0x00, 0x00
	.byte 0x00, 0x00, 0x00, 0x00, 0x00, 0x00, 0x00, 0x00, 0x00, 0x00, 0x00, 0x00, 0x00, 0x00, 0x00, 0x00
	.byte 0x1D, 0x3E, 0x00, 0x00, 0x00, 0x00, 0x00, 0x00, 0x00, 0x00, 0x00, 0x00, 0x00, 0x78, 0x00, 0x00
	.byte 0x00, 0x00, 0x00, 0x00, 0x00, 0x00, 0x00, 0x00, 0xB4, 0xA9, 0x00, 0x00, 0x00, 0x00, 0x00, 0x00
	.byte 0x00, 0x00, 0x00, 0x00, 0xD8, 0xCF, 0x00, 0x00, 0x00, 0x00, 0x00, 0x00, 0x00, 0x00, 0x00, 0x00
	.byte 0xD2, 0xE7, 0x00, 0x00, 0x00, 0x00, 0x00, 0x00, 0x00, 0x00, 0x00, 0x00, 0x00, 0xF0, 0x00, 0x00
	.byte 0x00, 0x00, 0x00, 0x00, 0x00, 0x00, 0x00, 0x00, 0xD2, 0xE7, 0x00, 0x00, 0x00, 0x00, 0x00, 0x00
	.byte 0x00, 0x00, 0x00, 0x00, 0xD8, 0xCF, 0x00, 0x00, 0x00, 0x00, 0x00, 0x00, 0x00, 0x00, 0x00, 0x00
	.byte 0xB4, 0xA9, 0x00, 0x00, 0x00, 0x00, 0x00, 0x00, 0x00, 0x00, 0x00, 0x00, 0x00, 0x78, 0x00, 0x00
	.byte 0x00, 0x00, 0x00, 0x00, 0x00, 0x00, 0x00, 0x00, 0x1D, 0x3E, 0x00, 0x00, 0x00, 0x00, 0x00, 0x00
	.byte 0x00, 0x00, 0x00, 0x00, 0x00, 0x00, 0x00, 0x00, 0x00, 0x00, 0x00, 0x00, 0x00, 0x00, 0x00, 0x00
	.byte 0x00, 0x00, 0x00, 0x00, 0x00, 0x00, 0x00, 0x00, 0x00, 0x00, 0x00, 0x00, 0x00, 0x00, 0x00, 0x00
	.byte 0x00, 0x00, 0x00, 0x00
_021D80C4:
	.byte 0x00, 0x00, 0x00, 0x00, 0x00, 0x00, 0x00, 0x00, 0x00, 0x00, 0x00, 0x00
	.byte 0x00, 0x00, 0x00, 0x00, 0x69, 0x29, 0x00, 0x00, 0x00, 0x00, 0x00, 0x00, 0x00, 0x00, 0x00, 0x00
	.byte 0x00, 0x50, 0x00, 0x00, 0x00, 0x00, 0x00, 0x00, 0x00, 0x00, 0x00, 0x00, 0x23, 0x71, 0x00, 0x00
	.byte 0x00, 0x00, 0x00, 0x00, 0x00, 0x00, 0x00, 0x00, 0x90, 0x8A, 0x00, 0x00, 0x00, 0x00, 0x00, 0x00
	.byte 0x00, 0x00, 0x00, 0x00, 0x8C, 0x9A, 0x00, 0x00, 0x00, 0x00, 0x00, 0x00, 0x00, 0x00, 0x00, 0x00
	.byte 0x00, 0xA0, 0x00, 0x00, 0x00, 0x00, 0x00, 0x00, 0x00, 0x00, 0x00, 0x00, 0x8C, 0x9A, 0x00, 0x00
	.byte 0x00, 0x00, 0x00, 0x00, 0x00, 0x00, 0x00, 0x00, 0x90, 0x8A, 0x00, 0x00, 0x00, 0x00, 0x00, 0x00
	.byte 0x00, 0x00, 0x00, 0x00, 0x23, 0x71, 0x00, 0x00, 0x00, 0x00, 0x00, 0x00, 0x00, 0x00, 0x00, 0x00
	.byte 0x00, 0x50, 0x00, 0x00, 0x00, 0x00, 0x00, 0x00, 0x00, 0x00, 0x00, 0x00, 0x69, 0x29, 0x00, 0x00
	.byte 0x00, 0x00, 0x00, 0x00, 0x00, 0x00, 0x00, 0x00, 0x00, 0x00, 0x00, 0x00, 0x00, 0x00, 0x00, 0x00
	.byte 0x00, 0x00, 0x00, 0x00, 0x00, 0x00, 0x00, 0x00, 0x00, 0x00, 0x00, 0x00, 0x00, 0x00, 0x00, 0x00
	.byte 0x69, 0x29, 0x00, 0x00, 0x00, 0x00, 0x00, 0x00, 0x00, 0x00, 0x00, 0x00, 0x00, 0x50, 0x00, 0x00
	.byte 0x00, 0x00, 0x00, 0x00, 0x00, 0x00, 0x00, 0x00, 0x23, 0x71, 0x00, 0x00, 0x00, 0x00, 0x00, 0x00
	.byte 0x00, 0x00, 0x00, 0x00, 0x90, 0x8A, 0x00, 0x00, 0x00, 0x00, 0x00, 0x00, 0x00, 0x00, 0x00, 0x00
	.byte 0x8C, 0x9A, 0x00, 0x00, 0x00, 0x00, 0x00, 0x00, 0x00, 0x00, 0x00, 0x00, 0x00, 0xA0, 0x00, 0x00
	.byte 0x00, 0x00, 0x00, 0x00, 0x00, 0x00, 0x00, 0x00, 0x8C, 0x9A, 0x00, 0x00, 0x00, 0x00, 0x00, 0x00
	.byte 0x00, 0x00, 0x00, 0x00, 0x90, 0x8A, 0x00, 0x00, 0x00, 0x00, 0x00, 0x00, 0x00, 0x00, 0x00, 0x00
	.byte 0x23, 0x71, 0x00, 0x00, 0x00, 0x00, 0x00, 0x00, 0x00, 0x00, 0x00, 0x00, 0x00, 0x50, 0x00, 0x00
	.byte 0x00, 0x00, 0x00, 0x00, 0x00, 0x00, 0x00, 0x00, 0x69, 0x29, 0x00, 0x00, 0x00, 0x00, 0x00, 0x00
	.byte 0x00, 0x00, 0x00, 0x00, 0x00, 0x00, 0x00, 0x00, 0x00, 0x00, 0x00, 0x00, 0x00, 0x00, 0x00, 0x00
	.byte 0x00, 0x00, 0x00, 0x00, 0x00, 0x00, 0x00, 0x00, 0x00, 0x00, 0x00, 0x00, 0x69, 0x29, 0x00, 0x00
	.byte 0x00, 0x00, 0x00, 0x00, 0x00, 0x00, 0x00, 0x00, 0x00, 0x50, 0x00, 0x00, 0x00, 0x00, 0x00, 0x00
	.byte 0x00, 0x00, 0x00, 0x00, 0x23, 0x71, 0x00, 0x00, 0x00, 0x00, 0x00, 0x00, 0x00, 0x00, 0x00, 0x00
	.byte 0x90, 0x8A, 0x00, 0x00, 0x00, 0x00, 0x00, 0x00, 0x00, 0x00, 0x00, 0x00, 0x8C, 0x9A, 0x00, 0x00
	.byte 0x00, 0x00, 0x00, 0x00, 0x00, 0x00, 0x00, 0x00, 0x00, 0xA0, 0x00, 0x00, 0x00, 0x00, 0x00, 0x00
	.byte 0x00, 0x00, 0x00, 0x00, 0x8C, 0x9A, 0x00, 0x00, 0x00, 0x00, 0x00, 0x00, 0x00, 0x00, 0x00, 0x00
	.byte 0x90, 0x8A, 0x00, 0x00, 0x00, 0x00, 0x00, 0x00, 0x00, 0x00, 0x00, 0x00, 0x23, 0x71, 0x00, 0x00
	.byte 0x00, 0x00, 0x00, 0x00, 0x00, 0x00, 0x00, 0x00, 0x00, 0x50, 0x00, 0x00, 0x00, 0x00, 0x00, 0x00
	.byte 0x00, 0x00, 0x00, 0x00, 0x69, 0x29, 0x00, 0x00, 0x00, 0x00, 0x00, 0x00, 0x00, 0x00, 0x00, 0x00
	.byte 0x00, 0x00, 0x00, 0x00, 0x00, 0x00, 0x00, 0x00, 0x00, 0x00, 0x00, 0x00, 0x00, 0x00, 0x00, 0x00
	.byte 0x00, 0x00, 0x00, 0x00
_021D82A4:
	.byte 0x70, 0x6F, 0x6B, 0x65, 0x6D, 0x6F, 0x6E, 0x74, 0x72, 0x61, 0x64, 0x65
	.byte 0x5F, 0x64, 0x65, 0x6D, 0x6F, 0x5F, 0x64, 0x6F, 0x77, 0x6E, 0x2E, 0x63, 0x00, 0x00, 0x00, 0x00
_021D82C0:
	.byte 0x00, 0x00, 0x00, 0x00, 0x00, 0x00, 0x00, 0x00, 0x00, 0x00, 0x00, 0x00, 0x00, 0x00, 0x00, 0x00
	.byte 0x1D, 0x3E, 0x00, 0x00, 0x00, 0x00, 0x00, 0x00, 0x00, 0x00, 0x00, 0x00, 0x00, 0x78, 0x00, 0x00
	.byte 0x00, 0x00, 0x00, 0x00, 0x00, 0x00, 0x00, 0x00, 0xB4, 0xA9, 0x00, 0x00, 0x00, 0x00, 0x00, 0x00
	.byte 0x00, 0x00, 0x00, 0x00, 0xD8, 0xCF, 0x00, 0x00, 0x00, 0x00, 0x00, 0x00, 0x00, 0x00, 0x00, 0x00
	.byte 0xD2, 0xE7, 0x00, 0x00, 0x00, 0x00, 0x00, 0x00, 0x00, 0x00, 0x00, 0x00, 0x00, 0xF0, 0x00, 0x00
	.byte 0x00, 0x00, 0x00, 0x00, 0x00, 0x00, 0x00, 0x00, 0xD2, 0xE7, 0x00, 0x00, 0x00, 0x00, 0x00, 0x00
	.byte 0x00, 0x00, 0x00, 0x00, 0xD8, 0xCF, 0x00, 0x00, 0x00, 0x00, 0x00, 0x00, 0x00, 0x00, 0x00, 0x00
	.byte 0xB4, 0xA9, 0x00, 0x00, 0x00, 0x00, 0x00, 0x00, 0x00, 0x00, 0x00, 0x00, 0x00, 0x78, 0x00, 0x00
	.byte 0x00, 0x00, 0x00, 0x00, 0x00, 0x00, 0x00, 0x00, 0x1D, 0x3E, 0x00, 0x00, 0x00, 0x00, 0x00, 0x00
	.byte 0x00, 0x00, 0x00, 0x00, 0x00, 0x00, 0x00, 0x00, 0x00, 0x00, 0x00, 0x00, 0x00, 0x00, 0x00, 0x00
	.byte 0x00, 0x00, 0x00, 0x00, 0x00, 0x00, 0x00, 0x00, 0x00, 0x00, 0x00, 0x00, 0x00, 0x00, 0x00, 0x00
	.byte 0x00, 0x00, 0x00, 0x00, 0x00, 0x00, 0x00, 0x00, 0x00, 0x00, 0x00, 0x00, 0x00, 0x00, 0x00, 0x00
	.byte 0x00, 0x00, 0x00, 0x00, 0x00, 0x00, 0x00, 0x00, 0x00, 0x00, 0x00, 0x00, 0x00, 0x00, 0x00, 0x00
	.byte 0x00, 0x00, 0x00, 0x00, 0x00, 0x00, 0x00, 0x00
_021D8398:
	.byte 0x00, 0x00, 0x00, 0x00, 0x00, 0x00, 0x00, 0x00
	.byte 0x00, 0x00, 0x00, 0x00, 0x00, 0x00, 0x00, 0x00, 0x00, 0x00, 0x00, 0x00, 0x00, 0x00, 0x00, 0x00
	.byte 0x00, 0x00, 0x00, 0x00, 0x00, 0x00, 0x00, 0x00, 0x00, 0x00, 0x00, 0x00, 0x00, 0x00, 0x00, 0x00
	.byte 0x00, 0x00, 0x00, 0x00, 0x00, 0x00, 0x00, 0x00, 0x00, 0x00, 0x00, 0x00, 0x1D, 0x3E, 0x00, 0x00
	.byte 0x00, 0x00, 0x00, 0x00, 0x00, 0x00, 0x00, 0x00, 0x00, 0x78, 0x00, 0x00, 0x00, 0x00, 0x00, 0x00
	.byte 0x00, 0x00, 0x00, 0x00, 0xB4, 0xA9, 0x00, 0x00, 0x00, 0x00, 0x00, 0x00, 0x00, 0x00, 0x00, 0x00
	.byte 0xD8, 0xCF, 0x00, 0x00, 0x00, 0x00, 0x00, 0x00, 0x00, 0x00, 0x00, 0x00, 0xD2, 0xE7, 0x00, 0x00
	.byte 0x00, 0x00, 0x00, 0x00, 0x00, 0x00, 0x00, 0x00, 0x00, 0xF0, 0x00, 0x00, 0x00, 0x00, 0x00, 0x00
	.byte 0x00, 0x00, 0x00, 0x00, 0xD2, 0xE7, 0x00, 0x00, 0x00, 0x00, 0x00, 0x00, 0x00, 0x00, 0x00, 0x00
	.byte 0xD8, 0xCF, 0x00, 0x00, 0x00, 0x00, 0x00, 0x00, 0x00, 0x00, 0x00, 0x00, 0xB4, 0xA9, 0x00, 0x00
	.byte 0x00, 0x00, 0x00, 0x00, 0x00, 0x00, 0x00, 0x00, 0x00, 0x78, 0x00, 0x00, 0x00, 0x00, 0x00, 0x00
	.byte 0x00, 0x00, 0x00, 0x00, 0x1D, 0x3E, 0x00, 0x00, 0x00, 0x00, 0x00, 0x00, 0x00, 0x00, 0x00, 0x00
	.byte 0x00, 0x00, 0x00, 0x00, 0x00, 0x00, 0x00, 0x00, 0x00, 0x00, 0x00, 0x00, 0x00, 0x00, 0x00, 0x00
	.byte 0x00, 0x00, 0x00, 0x00, 0x00, 0x00, 0x00, 0x00, 0x00, 0x00, 0x00, 0x00, 0x00, 0x00, 0x00, 0x00
_021D8470:
	.byte 0x00, 0x00, 0x00, 0x00, 0x00, 0x00, 0x00, 0x00, 0x00, 0x00, 0x00, 0x00, 0x00, 0x00, 0x00, 0x00
	.byte 0x69, 0x29, 0x00, 0x00, 0x00, 0x00, 0x00, 0x00, 0x00, 0x00, 0x00, 0x00, 0x00, 0x50, 0x00, 0x00
	.byte 0x00, 0x00, 0x00, 0x00, 0x00, 0x00, 0x00, 0x00, 0x23, 0x71, 0x00, 0x00, 0x00, 0x00, 0x00, 0x00
	.byte 0x00, 0x00, 0x00, 0x00, 0x90, 0x8A, 0x00, 0x00, 0x00, 0x00, 0x00, 0x00, 0x00, 0x00, 0x00, 0x00
	.byte 0x8C, 0x9A, 0x00, 0x00, 0x00, 0x00, 0x00, 0x00, 0x00, 0x00, 0x00, 0x00, 0x00, 0xA0, 0x00, 0x00
	.byte 0x00, 0x00, 0x00, 0x00, 0x00, 0x00, 0x00, 0x00, 0x8C, 0x9A, 0x00, 0x00, 0x00, 0x00, 0x00, 0x00
	.byte 0x00, 0x00, 0x00, 0x00, 0x90, 0x8A, 0x00, 0x00, 0x00, 0x00, 0x00, 0x00, 0x00, 0x00, 0x00, 0x00
	.byte 0x23, 0x71, 0x00, 0x00, 0x00, 0x00, 0x00, 0x00, 0x00, 0x00, 0x00, 0x00, 0x00, 0x50, 0x00, 0x00
	.byte 0x00, 0x00, 0x00, 0x00, 0x00, 0x00, 0x00, 0x00, 0x69, 0x29, 0x00, 0x00, 0x00, 0x00, 0x00, 0x00
	.byte 0x00, 0x00, 0x00, 0x00, 0x00, 0x00, 0x00, 0x00, 0x00, 0x00, 0x00, 0x00, 0x00, 0x00, 0x00, 0x00
	.byte 0x00, 0x00, 0x00, 0x00, 0x00, 0x00, 0x00, 0x00, 0x00, 0x00, 0x00, 0x00, 0x69, 0x29, 0x00, 0x00
	.byte 0x00, 0x00, 0x00, 0x00, 0x00, 0x00, 0x00, 0x00, 0x00, 0x50, 0x00, 0x00, 0x00, 0x00, 0x00, 0x00
	.byte 0x00, 0x00, 0x00, 0x00, 0x23, 0x71, 0x00, 0x00, 0x00, 0x00, 0x00, 0x00, 0x00, 0x00, 0x00, 0x00
	.byte 0x90, 0x8A, 0x00, 0x00, 0x00, 0x00, 0x00, 0x00, 0x00, 0x00, 0x00, 0x00, 0x8C, 0x9A, 0x00, 0x00
	.byte 0x00, 0x00, 0x00, 0x00, 0x00, 0x00, 0x00, 0x00, 0x00, 0xA0, 0x00, 0x00, 0x00, 0x00, 0x00, 0x00
	.byte 0x00, 0x00, 0x00, 0x00, 0x8C, 0x9A, 0x00, 0x00, 0x00, 0x00, 0x00, 0x00, 0x00, 0x00, 0x00, 0x00
	.byte 0x90, 0x8A, 0x00, 0x00, 0x00, 0x00, 0x00, 0x00, 0x00, 0x00, 0x00, 0x00, 0x23, 0x71, 0x00, 0x00
	.byte 0x00, 0x00, 0x00, 0x00, 0x00, 0x00, 0x00, 0x00, 0x00, 0x50, 0x00, 0x00, 0x00, 0x00, 0x00, 0x00
	.byte 0x00, 0x00, 0x00, 0x00, 0x69, 0x29, 0x00, 0x00, 0x00, 0x00, 0x00, 0x00, 0x00, 0x00, 0x00, 0x00
	.byte 0x00, 0x00, 0x00, 0x00, 0x00, 0x00, 0x00, 0x00, 0x00, 0x00, 0x00, 0x00, 0x00, 0x00, 0x00, 0x00
	.byte 0x00, 0x00, 0x00, 0x00, 0x00, 0x00, 0x00, 0x00, 0x69, 0x29, 0x00, 0x00, 0x00, 0x00, 0x00, 0x00
	.byte 0x00, 0x00, 0x00, 0x00, 0x00, 0x50, 0x00, 0x00, 0x00, 0x00, 0x00, 0x00, 0x00, 0x00, 0x00, 0x00
	.byte 0x23, 0x71, 0x00, 0x00, 0x00, 0x00, 0x00, 0x00, 0x00, 0x00, 0x00, 0x00, 0x90, 0x8A, 0x00, 0x00
	.byte 0x00, 0x00, 0x00, 0x00, 0x00, 0x00, 0x00, 0x00, 0x8C, 0x9A, 0x00, 0x00, 0x00, 0x00, 0x00, 0x00
	.byte 0x00, 0x00, 0x00, 0x00, 0x00, 0xA0, 0x00, 0x00, 0x00, 0x00, 0x00, 0x00, 0x00, 0x00, 0x00, 0x00
	.byte 0x8C, 0x9A, 0x00, 0x00, 0x00, 0x00, 0x00, 0x00, 0x00, 0x00, 0x00, 0x00, 0x90, 0x8A, 0x00, 0x00
	.byte 0x00, 0x00, 0x00, 0x00, 0x00, 0x00, 0x00, 0x00, 0x23, 0x71, 0x00, 0x00, 0x00, 0x00, 0x00, 0x00
	.byte 0x00, 0x00, 0x00, 0x00, 0x00, 0x50, 0x00, 0x00, 0x00, 0x00, 0x00, 0x00, 0x00, 0x00, 0x00, 0x00
	.byte 0x69, 0x29, 0x00, 0x00, 0x00, 0x00, 0x00, 0x00, 0x00, 0x00, 0x00, 0x00, 0x00, 0x00, 0x00, 0x00
	.byte 0x00, 0x00, 0x00, 0x00, 0x00, 0x00, 0x00, 0x00, 0x00, 0x00, 0x00, 0x00, 0x00, 0x00, 0x00, 0x00
_021D8650:
	.byte 0x70, 0x6F, 0x6B, 0x65, 0x6D, 0x6F, 0x6E, 0x74, 0x72, 0x61, 0x64, 0x65, 0x5F, 0x64, 0x65, 0x6D
	.byte 0x6F, 0x5F, 0x63, 0x6F, 0x6D, 0x6D, 0x6F, 0x6E, 0x2E, 0x63, 0x00, 0x00
_021D866C:
	.byte 0x70, 0x6F, 0x6B, 0x65
	.byte 0x6D, 0x6F, 0x6E, 0x74, 0x72, 0x61, 0x64, 0x65, 0x5F, 0x64, 0x65, 0x6D, 0x6F, 0x5F, 0x6D, 0x69
	.byte 0x64, 0x64, 0x6C, 0x65, 0x2E, 0x63, 0x00, 0x00, 0x00, 0x00, 0x00, 0x00, 0x00, 0x00, 0x00, 0x00
	.byte 0x00, 0x00, 0x00, 0x00, 0x00, 0x00, 0x00, 0x00, 0x00, 0x00, 0x00, 0x00, 0x00, 0x00, 0x00, 0x00
_021D86A0:
	; 0x021D86A0
