	.include "asm/macros/function.inc"


	.text


	thumb_func_start FUN_overlay_95__06898020
FUN_overlay_95__06898020: ; 0x06898020
	push {r3, r4, r5, lr}
	sub sp, #0x10
	add r4, r1, #0
	ldr r1, _06898068 ; =0x0689D650
	add r5, r0, #0
	mov r3, #0
_0689802C:
	lsl r2, r3, #3
	ldr r0, [r1, r2]
	cmp r5, r0
	bne _0689805A
	ldr r1, _0689806C ; =0x0689D654
	add r0, sp, #0xc
	ldr r1, [r1, r2]
	blx r1
	str r4, [sp]
	str r0, [sp, #4]
	ldr r0, [sp, #0xc]
	lsl r1, r5, #0x10
	lsl r0, r0, #0x10
	lsr r0, r0, #0x10
	str r0, [sp, #8]
	mov r0, #3
	lsr r1, r1, #0x10
	mov r2, #3
	mov r3, #0
	bl FUN_06898070
	add sp, #0x10
	pop {r3, r4, r5, pc}
_0689805A:
	add r3, r3, #1
	cmp r3, #8
	blo _0689802C
	mov r0, #0
	add sp, #0x10
	pop {r3, r4, r5, pc}
	nop
_06898068: .word 0x0689D650
_0689806C: .word 0x0689D654
	thumb_func_end FUN_overlay_95__06898020

	thumb_func_start FUN_06898070
FUN_06898070: ; 0x06898070
	bx pc
	nop
	thumb_func_end FUN_06898070
_06898074:
	.byte 0x00, 0xC0, 0x9F, 0xE5, 0x1C, 0xFF, 0x2F, 0xE1, 0x0D, 0x6F, 0x1D, 0x02
	.byte 0x00, 0x4B, 0x18, 0x47, 0x41, 0x70, 0x1D, 0x02, 0x01, 0x21, 0x01, 0x60, 0x00, 0x48, 0x70, 0x47
	.byte 0x38, 0xD6, 0x89, 0x06, 0x70, 0x47, 0x00, 0x00, 0x01, 0x21, 0x01, 0x60, 0x00, 0x48, 0x70, 0x47
	.byte 0x30, 0xD6, 0x89, 0x06, 0x01, 0x4B, 0x4A, 0x20, 0x01, 0x21, 0x18, 0x47, 0xBD, 0x76, 0x1D, 0x02
	.byte 0x02, 0x21, 0x01, 0x60, 0x00, 0x48, 0x70, 0x47, 0x40, 0xD6, 0x89, 0x06, 0x01, 0x49, 0x02, 0x4B
	.byte 0x35, 0x20, 0x18, 0x47, 0xB8, 0x1A, 0x00, 0x00, 0x05, 0x77, 0x1D, 0x02, 0x08, 0xB5, 0x16, 0x20
	.byte 0x00, 0xF0, 0x08, 0xF8, 0x04, 0x28, 0x03, 0xD1, 0x4B, 0x20, 0x01, 0x21, 0x00, 0xF0, 0x0A, 0xF8
	.byte 0x08, 0xBD, 0xC0, 0x46, 0x78, 0x47, 0xC0, 0x46, 0x00, 0xC0, 0x9F, 0xE5, 0x1C, 0xFF, 0x2F, 0xE1
	.byte 0x5D, 0x77, 0x1D, 0x02, 0x78, 0x47, 0xC0, 0x46, 0x00, 0xC0, 0x9F, 0xE5, 0x1C, 0xFF, 0x2F, 0xE1
	.byte 0xBD, 0x76, 0x1D, 0x02, 0x01, 0x21, 0x01, 0x60, 0x00, 0x48, 0x70, 0x47, 0x20, 0xD6, 0x89, 0x06
	.byte 0x08, 0xB5, 0x16, 0x20, 0x00, 0xF0, 0x0A, 0xF8, 0x09, 0x28, 0x03, 0xD1, 0x02, 0x49, 0x31, 0x20
	.byte 0x00, 0xF0, 0x0C, 0xF8, 0x08, 0xBD, 0xC0, 0x46, 0x48, 0x05, 0x00, 0x00, 0x78, 0x47, 0xC0, 0x46
	.byte 0x00, 0xC0, 0x9F, 0xE5, 0x1C, 0xFF, 0x2F, 0xE1, 0x5D, 0x77, 0x1D, 0x02, 0x78, 0x47, 0xC0, 0x46
	.byte 0x00, 0xC0, 0x9F, 0xE5, 0x1C, 0xFF, 0x2F, 0xE1, 0x05, 0x77, 0x1D, 0x02, 0x01, 0x21, 0x01, 0x60
	.byte 0x00, 0x48, 0x70, 0x47, 0x10, 0xD6, 0x89, 0x06, 0x08, 0xB5, 0x16, 0x20, 0x00, 0xF0, 0x0A, 0xF8
	.byte 0x0C, 0x28, 0x03, 0xD1, 0x02, 0x49, 0x31, 0x20, 0x00, 0xF0, 0x0C, 0xF8, 0x08, 0xBD, 0xC0, 0x46
	.byte 0x48, 0x05, 0x00, 0x00, 0x78, 0x47, 0xC0, 0x46, 0x00, 0xC0, 0x9F, 0xE5, 0x1C, 0xFF, 0x2F, 0xE1
	.byte 0x5D, 0x77, 0x1D, 0x02, 0x78, 0x47, 0xC0, 0x46, 0x00, 0xC0, 0x9F, 0xE5, 0x1C, 0xFF, 0x2F, 0xE1
	.byte 0x05, 0x77, 0x1D, 0x02, 0x01, 0x21, 0x01, 0x60, 0x00, 0x48, 0x70, 0x47, 0x28, 0xD6, 0x89, 0x06
	.byte 0x08, 0xB5, 0x3D, 0x20, 0x00, 0xF0, 0x06, 0xF8, 0x01, 0x1C, 0x3D, 0x20, 0x49, 0x1C, 0x00, 0xF0
	.byte 0x09, 0xF8, 0x08, 0xBD, 0x78, 0x47, 0xC0, 0x46, 0x00, 0xC0, 0x9F, 0xE5, 0x1C, 0xFF, 0x2F, 0xE1
	.byte 0x5D, 0x77, 0x1D, 0x02, 0x78, 0x47, 0xC0, 0x46, 0x00, 0xC0, 0x9F, 0xE5, 0x1C, 0xFF, 0x2F, 0xE1
	.byte 0xBD, 0x76, 0x1D, 0x02, 0x01, 0x21, 0x01, 0x60, 0x00, 0x48, 0x70, 0x47, 0x18, 0xD6, 0x89, 0x06
	.byte 0x01, 0x21, 0x01, 0x60, 0x00, 0x48, 0x70, 0x47, 0x08, 0xD6, 0x89, 0x06, 0x70, 0x47, 0x00, 0x00

	thumb_func_start FUN_overlay_95__068981f0
FUN_overlay_95__068981f0: ; 0x068981F0
	push {r4, r5, r6, r7, lr}
	sub sp, #0x14
	add r6, r1, #0
	str r2, [sp, #0xc]
	ldr r1, _06898274 ; =_0689D6C8
	add r4, r0, #0
	add r7, r3, #0
	mov r2, #0
	thumb_func_end FUN_overlay_95__068981f0
_06898200:
	lsl r5, r2, #3
	ldr r0, [r1, r5]
	cmp r4, r0
	bne _06898268
	add r0, r4, #0
	add r1, r6, #0
	bl FUN_overlay_95__068982c0
	cmp r0, #0
	beq _0689826E
	ldr r1, _06898278 ; =_0689D6CC
	add r0, sp, #0x10
	ldr r1, [r1, r5]
	blx r1
	lsl r1, r4, #0x10
	str r6, [sp]
	str r0, [sp, #4]
	ldr r0, [sp, #0x10]
	lsr r1, r1, #0x10
	lsl r0, r0, #0x10
	lsr r0, r0, #0x10
	str r0, [sp, #8]
	mov r0, #1
	mov r2, #1
	mov r3, #0
	mov r4, #0
	bl FUN_0689827C
	add r6, r0, #0
	beq _06898262
	add r0, sp, #0x28
	ldrb r5, [r0]
	cmp r5, #0
	bls _06898258
_06898244:
	lsl r2, r4, #2
	lsl r1, r4, #0x18
	ldr r2, [r7, r2]
	add r0, r6, #0
	lsr r1, r1, #0x18
	bl FUN_0689828C
	add r4, r4, #1
	cmp r4, r5
	blo _06898244
_06898258:
	ldr r2, [sp, #0xc]
	add r0, r6, #0
	mov r1, #6
	bl FUN_0689829C
_06898262:
	add sp, #0x14
	add r0, r6, #0
	pop {r4, r5, r6, r7, pc}
_06898268:
	add r2, r2, #1
	cmp r2, #5
	blo _06898200
_0689826E:
	mov r0, #0
	add sp, #0x14
	pop {r4, r5, r6, r7, pc}
	.balign 4, 0
_06898274: .word 0x0689D6C8
_06898278: .word 0x0689D6CC

	thumb_func_start FUN_0689827C
FUN_0689827C: ; 0x0689827C
	bx pc
	nop
	thumb_func_end FUN_0689827C

	arm_func_start thunk_EXT_FUN_021d6f0c
thunk_EXT_FUN_021d6f0c: ; 0x06898280
	ldr ip, _06898288 ; =0x021D6F0D
	bx ip
	.balign 4, 0
	arm_func_end thunk_EXT_FUN_021d6f0c
_06898288: .word 0x021D6F0D

	thumb_func_start FUN_0689828C
FUN_0689828C: ; 0x0689828C
	bx pc
	nop
	thumb_func_end FUN_0689828C
_06898290:
	.byte 0x00, 0xC0, 0x9F, 0xE5, 0x1C, 0xFF, 0x2F, 0xE1
_06898298:
	.byte 0xDD, 0x70, 0x1D, 0x02

	thumb_func_start FUN_0689829C
FUN_0689829C: ; 0x0689829C
	bx pc
	nop
	thumb_func_end FUN_0689829C

	arm_func_start thunk_EXT_FUN_021d70dc
thunk_EXT_FUN_021d70dc: ; 0x068982A0
	ldr ip, _068982A8 ; =0x021D70DD
	bx ip
	.balign 4, 0
	arm_func_end thunk_EXT_FUN_021d70dc
_068982A8: .word 0x021D70DD
_068982AC:
	.byte 0x08, 0xB5, 0x00, 0xF0
	.byte 0x07, 0xF8, 0x00, 0x28, 0x01, 0xD1, 0x01, 0x20, 0x08, 0xBD, 0x00, 0x20, 0x08, 0xBD, 0x00, 0x00

	thumb_func_start FUN_overlay_95__068982c0
FUN_overlay_95__068982c0: ; 0x068982C0
	push {r3, r4, r5, lr}
	add r5, r0, #0
	mov r0, #1
	bl FUN_068982EC
	add r4, r0, #0
	beq _068982E6
	thumb_func_end FUN_overlay_95__068982c0
_068982CE:
	add r0, r4, #0
	bl FUN_068982FC
	cmp r5, r0
	bne _068982DC
	mov r0, #0
	pop {r3, r4, r5, pc}
_068982DC:
	add r0, r4, #0
	bl FUN_0689830C
	add r4, r0, #0
	bne _068982CE
_068982E6:
	mov r0, #1
	pop {r3, r4, r5, pc}
	nop

	thumb_func_start FUN_068982EC
FUN_068982EC: ; 0x068982EC
	bx pc
	nop
	thumb_func_end FUN_068982EC

	arm_func_start thunk_EXT_FUN_021d732c
thunk_EXT_FUN_021d732c: ; 0x068982F0
	ldr ip, _068982F8 ; =0x021D732D
	bx ip
	.balign 4, 0
	arm_func_end thunk_EXT_FUN_021d732c
_068982F8: .word 0x021D732D

	thumb_func_start FUN_068982FC
FUN_068982FC: ; 0x068982FC
	bx pc
	nop
	thumb_func_end FUN_068982FC

	arm_func_start thunk_EXT_FUN_021d70a8
thunk_EXT_FUN_021d70a8: ; 0x06898300
	ldr ip, _06898308 ; =0x021D70A9
	bx ip
	.balign 4, 0
	arm_func_end thunk_EXT_FUN_021d70a8
_06898308: .word 0x021D70A9

	thumb_func_start FUN_0689830C
FUN_0689830C: ; 0x0689830C
	bx pc
	nop
	thumb_func_end FUN_0689830C

	arm_func_start thunk_EXT_FUN_021d7360
thunk_EXT_FUN_021d7360: ; 0x06898310
	ldr ip, _06898318 ; =0x021D7361
	bx ip
	.balign 4, 0
	arm_func_end thunk_EXT_FUN_021d7360
_06898318: .word 0x021D7361
_0689831C:
	.byte 0x01, 0x21, 0x01, 0x60
	.byte 0x00, 0x48, 0x70, 0x47
_06898324:
	.byte 0x98, 0xD6, 0x89, 0x06, 0xF8, 0xB5, 0x82, 0xB0, 0x00, 0x90, 0x02, 0x20
	.byte 0x0C, 0x1C, 0x16, 0x1C, 0x1D, 0x1C, 0x00, 0xF0, 0x51, 0xF8, 0x1F, 0x28, 0x4B, 0xD1, 0x20, 0x1C
	.byte 0x00, 0xF0, 0x54, 0xF8, 0x00, 0x28, 0x46, 0xD1, 0x28, 0x68, 0x00, 0x28, 0x07, 0xD1, 0x20, 0x1C
	.byte 0x00, 0xF0, 0x54, 0xF8, 0x68, 0x60, 0x01, 0x20, 0x02, 0xB0, 0x28, 0x60, 0xF8, 0xBD, 0x20, 0x1C
	.byte 0x00, 0xF0, 0x54, 0xF8, 0x69, 0x68, 0x88, 0x42, 0x35, 0xD9, 0x20, 0x1C, 0x31, 0x1C, 0x00, 0xF0
	.byte 0x55, 0xF8, 0x06, 0x1C, 0x1F, 0x2E, 0x2B, 0xD0, 0x20, 0x1C, 0x31, 0x1C, 0x00, 0xF0, 0x56, 0xF8
	.byte 0x00, 0xF0, 0x5C, 0xF8, 0x00, 0x28, 0x23, 0xD1, 0xA8, 0x69, 0x00, 0x06, 0x07, 0x0E, 0x20, 0x1C
	.byte 0x39, 0x1C, 0x00, 0xF0, 0x5B, 0xF8, 0x01, 0x90, 0x20, 0x1C, 0x05, 0x21, 0x3A, 0x1C, 0x00, 0xF0
	.byte 0x5D, 0xF8, 0x05, 0x1C, 0x01, 0x98, 0xAE, 0x71, 0x02, 0x21, 0x00, 0xF0, 0x5F, 0xF8, 0xA8, 0x80
	.byte 0x28, 0x1C, 0xAF, 0x22, 0x08, 0x30, 0x02, 0x21, 0x92, 0x00, 0x00, 0xF0, 0x5F, 0xF8, 0x28, 0x1C
	.byte 0x08, 0x30, 0x39, 0x1C, 0x00, 0xF0, 0x62, 0xF8, 0x20, 0x1C, 0x29, 0x1C, 0x00, 0xF0, 0x66, 0xF8
	.byte 0x00, 0x98, 0x00, 0xF0, 0x6B, 0xF8, 0x02, 0xB0, 0xF8, 0xBD, 0xC0, 0x46, 0x78, 0x47, 0xC0, 0x46
	.byte 0x00, 0xC0, 0x9F, 0xE5, 0x1C, 0xFF, 0x2F, 0xE1, 0x5D, 0x77, 0x1D, 0x02, 0x78, 0x47, 0xC0, 0x46
	.byte 0x00, 0xC0, 0x9F, 0xE5, 0x1C, 0xFF, 0x2F, 0xE1, 0xD5, 0x83, 0x1C, 0x02, 0x78, 0x47, 0xC0, 0x46
	.byte 0x00, 0xC0, 0x9F, 0xE5, 0x1C, 0xFF, 0x2F, 0xE1, 0x39, 0x81, 0x1C, 0x02, 0x78, 0x47, 0xC0, 0x46
	.byte 0x00, 0xC0, 0x9F, 0xE5, 0x1C, 0xFF, 0x2F, 0xE1, 0x39, 0x81, 0x1C, 0x02, 0x78, 0x47, 0xC0, 0x46
	.byte 0x00, 0xC0, 0x9F, 0xE5, 0x1C, 0xFF, 0x2F, 0xE1, 0x21, 0x80, 0x1C, 0x02, 0x78, 0x47, 0xC0, 0x46
	.byte 0x00, 0xC0, 0x9F, 0xE5, 0x1C, 0xFF, 0x2F, 0xE1, 0xF5, 0x7C, 0x1C, 0x02, 0x78, 0x47, 0xC0, 0x46
	.byte 0x00, 0xC0, 0x9F, 0xE5, 0x1C, 0xFF, 0x2F, 0xE1, 0x49, 0x5B, 0x1D, 0x02, 0x78, 0x47, 0xC0, 0x46
	.byte 0x00, 0xC0, 0x9F, 0xE5, 0x1C, 0xFF, 0x2F, 0xE1, 0xF5, 0x7C, 0x1C, 0x02, 0x78, 0x47, 0xC0, 0x46
	.byte 0x00, 0xC0, 0x9F, 0xE5, 0x1C, 0xFF, 0x2F, 0xE1, 0xA5, 0x88, 0x1C, 0x02, 0x78, 0x47, 0xC0, 0x46
	.byte 0x00, 0xC0, 0x9F, 0xE5, 0x1C, 0xFF, 0x2F, 0xE1, 0x75, 0x7B, 0x1D, 0x02, 0x78, 0x47, 0xC0, 0x46
	.byte 0x00, 0xC0, 0x9F, 0xE5, 0x1C, 0xFF, 0x2F, 0xE1, 0x39, 0x88, 0x1C, 0x02, 0x78, 0x47, 0xC0, 0x46
	.byte 0x00, 0xC0, 0x9F, 0xE5, 0x1C, 0xFF, 0x2F, 0xE1, 0x61, 0x88, 0x1C, 0x02, 0x78, 0x47, 0xC0, 0x46
	.byte 0x00, 0xC0, 0x9F, 0xE5, 0x1C, 0xFF, 0x2F, 0xE1, 0xC9, 0x88, 0x1C, 0x02, 0x78, 0x47, 0xC0, 0x46
	.byte 0x00, 0xC0, 0x9F, 0xE5, 0x1C, 0xFF, 0x2F, 0xE1, 0x41, 0x70, 0x1D, 0x02, 0x02, 0x21, 0x01, 0x60
	.byte 0x00, 0x48, 0x70, 0x47, 0xB8, 0xD6, 0x89, 0x06, 0xF0, 0xB5, 0x87, 0xB0, 0x00, 0x90, 0x02, 0x20
	.byte 0x0E, 0x1C, 0x01, 0x92, 0x00, 0xF0, 0xA8, 0xF8, 0x00, 0x06, 0x04, 0x0E, 0x30, 0x1C, 0x21, 0x1C
	.byte 0x00, 0xF0, 0xAA, 0xF8, 0x01, 0x99, 0x81, 0x42, 0x00, 0xD0, 0x9A, 0xE0, 0x30, 0x1C, 0x21, 0x1C
	.byte 0x00, 0xF0, 0xAA, 0xF8, 0x00, 0x21, 0x07, 0x1C, 0x04, 0x91, 0x00, 0xF0, 0xAD, 0xF8, 0x00, 0x28
	.byte 0x01, 0xD1, 0x01, 0x20, 0x04, 0x90, 0x38, 0x1C, 0x00, 0xF0, 0xAE, 0xF8, 0x00, 0x28, 0x01, 0xD0
	.byte 0x01, 0x20, 0x04, 0x90, 0x38, 0x1C, 0x00, 0xF0, 0xAF, 0xF8, 0x00, 0x25, 0x03, 0x90, 0x00, 0x28
	.byte 0x0C, 0xD9, 0x29, 0x06, 0x38, 0x1C, 0x09, 0x0E, 0x00, 0xF0, 0xAE, 0xF8, 0x00, 0x28, 0x01, 0xD0
	.byte 0x01, 0x20, 0x04, 0x90, 0x03, 0x98, 0x6D, 0x1C, 0x85, 0x42, 0xF2, 0xD3, 0x04, 0x98, 0x00, 0x28
	.byte 0x6C, 0xD0, 0x30, 0x1C, 0x37, 0x21, 0x22, 0x1C, 0x00, 0xF0, 0xA6, 0xF8, 0x0A, 0x22, 0x05, 0x1C
	.byte 0x92, 0x01, 0xAA, 0x80, 0x01, 0x98, 0x02, 0x21, 0xA8, 0x71, 0x06, 0x20, 0xE8, 0x71, 0x01, 0x20
	.byte 0xE8, 0x72, 0x28, 0x1C, 0x0C, 0x30, 0x36, 0x32, 0x00, 0xF0, 0x9E, 0xF8, 0x28, 0x1C, 0x0C, 0x30
	.byte 0x21, 0x1C, 0x00, 0xF0, 0xA1, 0xF8, 0x30, 0x1C, 0x29, 0x1C, 0x00, 0xF0, 0xA5, 0xF8, 0x38, 0x1C
	.byte 0x00, 0xF0, 0xAA, 0xF8, 0x00, 0x28, 0x16, 0xD1, 0x30, 0x1C, 0x05, 0x21, 0x22, 0x1C, 0x00, 0xF0
	.byte 0xAB, 0xF8, 0x05, 0x1C, 0x38, 0x1C, 0x0E, 0x21, 0xAC, 0x71, 0x00, 0xF0, 0xAD, 0xF8, 0x05, 0x90
	.byte 0x38, 0x1C, 0x0D, 0x21, 0x00, 0xF0, 0xB0, 0xF8, 0x05, 0x99, 0x08, 0x1A, 0xA8, 0x80, 0x30, 0x1C
	.byte 0x29, 0x1C, 0x00, 0xF0, 0xB1, 0xF8, 0x38, 0x1C, 0x00, 0xF0, 0xB6, 0xF8, 0x00, 0x28, 0x0D, 0xD0
	.byte 0x30, 0x1C, 0x0B, 0x21, 0x22, 0x1C, 0x00, 0xF0, 0xB7, 0xF8, 0x01, 0x1C, 0x01, 0x20, 0x08, 0x75
	.byte 0x0C, 0x72, 0x24, 0x20, 0x48, 0x60, 0x30, 0x1C, 0x00, 0xF0, 0xB6, 0xF8, 0x38, 0x1C, 0x00, 0xF0
	.byte 0xBB, 0xF8, 0x00, 0x25, 0x02, 0x90, 0x00, 0x28, 0x18, 0xD9, 0x29, 0x06, 0x38, 0x1C, 0x09, 0x0E
	.byte 0x00, 0xF0, 0xBA, 0xF8, 0x06, 0x90, 0x00, 0x28, 0x0C, 0xD0, 0x30, 0x1C, 0x09, 0x21, 0x22, 0x1C
	.byte 0x00, 0xF0, 0xBA, 0xF8, 0x01, 0x1C, 0x06, 0x98, 0x4C, 0x71, 0x08, 0x71, 0x30, 0x1C, 0x8D, 0x71
	.byte 0x00, 0xF0, 0xBA, 0xF8, 0x02, 0x98, 0x6D, 0x1C, 0x85, 0x42, 0xE6, 0xD3, 0x00, 0x98, 0x00, 0xF0
	.byte 0xBB, 0xF8, 0x07, 0xB0, 0xF0, 0xBD, 0xC0, 0x46, 0x78, 0x47, 0xC0, 0x46, 0x00, 0xC0, 0x9F, 0xE5
	.byte 0x1C, 0xFF, 0x2F, 0xE1, 0x5D, 0x77, 0x1D, 0x02, 0x78, 0x47, 0xC0, 0x46, 0x00, 0xC0, 0x9F, 0xE5
	.byte 0x1C, 0xFF, 0x2F, 0xE1, 0x11, 0x80, 0x1C, 0x02, 0x78, 0x47, 0xC0, 0x46, 0x00, 0xC0, 0x9F, 0xE5
	.byte 0x1C, 0xFF, 0x2F, 0xE1, 0xF5, 0x7C, 0x1C, 0x02, 0x78, 0x47, 0xC0, 0x46, 0x00, 0xC0, 0x9F, 0xE5
	.byte 0x1C, 0xFF, 0x2F, 0xE1, 0x49, 0x5B, 0x1D, 0x02, 0x78, 0x47, 0xC0, 0x46, 0x00, 0xC0, 0x9F, 0xE5
	.byte 0x1C, 0xFF, 0x2F, 0xE1, 0xA9, 0x62, 0x1D, 0x02, 0x78, 0x47, 0xC0, 0x46, 0x00, 0xC0, 0x9F, 0xE5
	.byte 0x1C, 0xFF, 0x2F, 0xE1, 0x49, 0x54, 0x1D, 0x02, 0x78, 0x47, 0xC0, 0x46, 0x00, 0xC0, 0x9F, 0xE5
	.byte 0x1C, 0xFF, 0x2F, 0xE1, 0x4D, 0x55, 0x1D, 0x02, 0x78, 0x47, 0xC0, 0x46, 0x00, 0xC0, 0x9F, 0xE5
	.byte 0x1C, 0xFF, 0x2F, 0xE1, 0xA5, 0x88, 0x1C, 0x02, 0x78, 0x47, 0xC0, 0x46, 0x00, 0xC0, 0x9F, 0xE5
	.byte 0x1C, 0xFF, 0x2F, 0xE1, 0x39, 0x88, 0x1C, 0x02, 0x78, 0x47, 0xC0, 0x46, 0x00, 0xC0, 0x9F, 0xE5
	.byte 0x1C, 0xFF, 0x2F, 0xE1, 0x61, 0x88, 0x1C, 0x02, 0x78, 0x47, 0xC0, 0x46, 0x00, 0xC0, 0x9F, 0xE5
	.byte 0x1C, 0xFF, 0x2F, 0xE1, 0xC9, 0x88, 0x1C, 0x02, 0x78, 0x47, 0xC0, 0x46, 0x00, 0xC0, 0x9F, 0xE5
	.byte 0x1C, 0xFF, 0x2F, 0xE1, 0x49, 0x5B, 0x1D, 0x02, 0x78, 0x47, 0xC0, 0x46, 0x00, 0xC0, 0x9F, 0xE5
	.byte 0x1C, 0xFF, 0x2F, 0xE1, 0xA5, 0x88, 0x1C, 0x02, 0x78, 0x47, 0xC0, 0x46, 0x00, 0xC0, 0x9F, 0xE5
	.byte 0x1C, 0xFF, 0x2F, 0xE1, 0xB5, 0x59, 0x1D, 0x02, 0x78, 0x47, 0xC0, 0x46, 0x00, 0xC0, 0x9F, 0xE5
	.byte 0x1C, 0xFF, 0x2F, 0xE1, 0xB5, 0x59, 0x1D, 0x02, 0x78, 0x47, 0xC0, 0x46, 0x00, 0xC0, 0x9F, 0xE5
	.byte 0x1C, 0xFF, 0x2F, 0xE1, 0xC9, 0x88, 0x1C, 0x02, 0x78, 0x47, 0xC0, 0x46, 0x00, 0xC0, 0x9F, 0xE5
	.byte 0x1C, 0xFF, 0x2F, 0xE1, 0xA9, 0x62, 0x1D, 0x02, 0x78, 0x47, 0xC0, 0x46, 0x00, 0xC0, 0x9F, 0xE5
	.byte 0x1C, 0xFF, 0x2F, 0xE1, 0xA5, 0x88, 0x1C, 0x02, 0x78, 0x47, 0xC0, 0x46, 0x00, 0xC0, 0x9F, 0xE5
	.byte 0x1C, 0xFF, 0x2F, 0xE1, 0xC9, 0x88, 0x1C, 0x02, 0x78, 0x47, 0xC0, 0x46, 0x00, 0xC0, 0x9F, 0xE5
	.byte 0x1C, 0xFF, 0x2F, 0xE1, 0x49, 0x54, 0x1D, 0x02, 0x78, 0x47, 0xC0, 0x46, 0x00, 0xC0, 0x9F, 0xE5
	.byte 0x1C, 0xFF, 0x2F, 0xE1, 0x4D, 0x55, 0x1D, 0x02, 0x78, 0x47, 0xC0, 0x46, 0x00, 0xC0, 0x9F, 0xE5
	.byte 0x1C, 0xFF, 0x2F, 0xE1, 0xA5, 0x88, 0x1C, 0x02, 0x78, 0x47, 0xC0, 0x46, 0x00, 0xC0, 0x9F, 0xE5
	.byte 0x1C, 0xFF, 0x2F, 0xE1, 0xC9, 0x88, 0x1C, 0x02, 0x78, 0x47, 0xC0, 0x46, 0x00, 0xC0, 0x9F, 0xE5
	.byte 0x1C, 0xFF, 0x2F, 0xE1, 0x41, 0x70, 0x1D, 0x02, 0x02, 0x21, 0x01, 0x60, 0x00, 0x48, 0x70, 0x47
	.byte 0xA8, 0xD6, 0x89, 0x06, 0xF0, 0xB5, 0x83, 0xB0, 0x00, 0x90, 0x02, 0x20, 0x0D, 0x1C, 0x01, 0x92
	.byte 0x00, 0xF0, 0x6E, 0xF8, 0x00, 0x06, 0x04, 0x0E, 0x28, 0x1C, 0x21, 0x1C, 0x00, 0xF0, 0x70, 0xF8
	.byte 0x01, 0x99, 0x81, 0x42, 0x5F, 0xD1, 0x28, 0x1C, 0x21, 0x1C, 0x00, 0xF0, 0x71, 0xF8, 0x07, 0x1C
	.byte 0x00, 0x26, 0x00, 0xF0, 0x75, 0xF8, 0x00, 0x28, 0x00, 0xD1, 0x01, 0x26, 0x38, 0x1C, 0x00, 0xF0
	.byte 0x77, 0xF8, 0x00, 0x28, 0x00, 0xD0, 0x01, 0x26, 0x00, 0x2E, 0x49, 0xD0, 0x28, 0x1C, 0x37, 0x21
	.byte 0x22, 0x1C, 0x00, 0xF0, 0x75, 0xF8, 0x25, 0x4A, 0x06, 0x1C, 0xB2, 0x80, 0x01, 0x98, 0x02, 0x21
	.byte 0xB0, 0x71, 0x06, 0x20, 0xF0, 0x71, 0x30, 0x1C, 0x0C, 0x30, 0x3A, 0x32, 0x00, 0xF0, 0x70, 0xF8
	.byte 0x30, 0x1C, 0x0C, 0x30, 0x21, 0x1C, 0x00, 0xF0, 0x73, 0xF8, 0x28, 0x1C, 0x31, 0x1C, 0x00, 0xF0
	.byte 0x77, 0xF8, 0x38, 0x1C, 0x00, 0xF0, 0x7C, 0xF8, 0x00, 0x28, 0x16, 0xD1, 0x28, 0x1C, 0x05, 0x21
	.byte 0x22, 0x1C, 0x00, 0xF0, 0x7D, 0xF8, 0x06, 0x1C, 0x38, 0x1C, 0x0E, 0x21, 0xB4, 0x71, 0x00, 0xF0
	.byte 0x7F, 0xF8, 0x02, 0x90, 0x38, 0x1C, 0x0D, 0x21, 0x00, 0xF0, 0x82, 0xF8, 0x02, 0x99, 0x08, 0x1A
	.byte 0xB0, 0x80, 0x28, 0x1C, 0x31, 0x1C, 0x00, 0xF0, 0x83, 0xF8, 0x38, 0x1C, 0x00, 0xF0, 0x88, 0xF8
	.byte 0x00, 0x28, 0x0D, 0xD0, 0x28, 0x1C, 0x0B, 0x21, 0x22, 0x1C, 0x00, 0xF0, 0x89, 0xF8, 0x01, 0x1C
	.byte 0x01, 0x20, 0x08, 0x75, 0x0C, 0x72, 0x24, 0x20, 0x48, 0x60, 0x28, 0x1C, 0x00, 0xF0, 0x88, 0xF8
	.byte 0x00, 0x98, 0x00, 0xF0, 0x8D, 0xF8, 0x03, 0xB0, 0xF0, 0xBD, 0xC0, 0x46, 0x7F, 0x02, 0x00, 0x00
	.byte 0x78, 0x47, 0xC0, 0x46, 0x00, 0xC0, 0x9F, 0xE5, 0x1C, 0xFF, 0x2F, 0xE1, 0x5D, 0x77, 0x1D, 0x02
	.byte 0x78, 0x47, 0xC0, 0x46, 0x00, 0xC0, 0x9F, 0xE5, 0x1C, 0xFF, 0x2F, 0xE1, 0x11, 0x80, 0x1C, 0x02
	.byte 0x78, 0x47, 0xC0, 0x46, 0x00, 0xC0, 0x9F, 0xE5, 0x1C, 0xFF, 0x2F, 0xE1, 0xF5, 0x7C, 0x1C, 0x02
	.byte 0x78, 0x47, 0xC0, 0x46, 0x00, 0xC0, 0x9F, 0xE5, 0x1C, 0xFF, 0x2F, 0xE1, 0x49, 0x5B, 0x1D, 0x02
	.byte 0x78, 0x47, 0xC0, 0x46, 0x00, 0xC0, 0x9F, 0xE5, 0x1C, 0xFF, 0x2F, 0xE1, 0xA9, 0x62, 0x1D, 0x02
	.byte 0x78, 0x47, 0xC0, 0x46, 0x00, 0xC0, 0x9F, 0xE5, 0x1C, 0xFF, 0x2F, 0xE1, 0xA5, 0x88, 0x1C, 0x02
	.byte 0x78, 0x47, 0xC0, 0x46, 0x00, 0xC0, 0x9F, 0xE5, 0x1C, 0xFF, 0x2F, 0xE1, 0x39, 0x88, 0x1C, 0x02
	.byte 0x78, 0x47, 0xC0, 0x46, 0x00, 0xC0, 0x9F, 0xE5, 0x1C, 0xFF, 0x2F, 0xE1, 0x61, 0x88, 0x1C, 0x02
	.byte 0x78, 0x47, 0xC0, 0x46, 0x00, 0xC0, 0x9F, 0xE5, 0x1C, 0xFF, 0x2F, 0xE1, 0xC9, 0x88, 0x1C, 0x02
	.byte 0x78, 0x47, 0xC0, 0x46, 0x00, 0xC0, 0x9F, 0xE5, 0x1C, 0xFF, 0x2F, 0xE1, 0x49, 0x5B, 0x1D, 0x02
	.byte 0x78, 0x47, 0xC0, 0x46, 0x00, 0xC0, 0x9F, 0xE5, 0x1C, 0xFF, 0x2F, 0xE1, 0xA5, 0x88, 0x1C, 0x02
	.byte 0x78, 0x47, 0xC0, 0x46, 0x00, 0xC0, 0x9F, 0xE5, 0x1C, 0xFF, 0x2F, 0xE1, 0xB5, 0x59, 0x1D, 0x02
	.byte 0x78, 0x47, 0xC0, 0x46, 0x00, 0xC0, 0x9F, 0xE5, 0x1C, 0xFF, 0x2F, 0xE1, 0xB5, 0x59, 0x1D, 0x02
	.byte 0x78, 0x47, 0xC0, 0x46, 0x00, 0xC0, 0x9F, 0xE5, 0x1C, 0xFF, 0x2F, 0xE1, 0xC9, 0x88, 0x1C, 0x02
	.byte 0x78, 0x47, 0xC0, 0x46, 0x00, 0xC0, 0x9F, 0xE5, 0x1C, 0xFF, 0x2F, 0xE1, 0xA9, 0x62, 0x1D, 0x02
	.byte 0x78, 0x47, 0xC0, 0x46, 0x00, 0xC0, 0x9F, 0xE5, 0x1C, 0xFF, 0x2F, 0xE1, 0xA5, 0x88, 0x1C, 0x02
	.byte 0x78, 0x47, 0xC0, 0x46, 0x00, 0xC0, 0x9F, 0xE5, 0x1C, 0xFF, 0x2F, 0xE1, 0xC9, 0x88, 0x1C, 0x02
	.byte 0x78, 0x47, 0xC0, 0x46, 0x00, 0xC0, 0x9F, 0xE5, 0x1C, 0xFF, 0x2F, 0xE1, 0x41, 0x70, 0x1D, 0x02
	.byte 0x01, 0x21, 0x01, 0x60, 0x00, 0x48, 0x70, 0x47, 0xA0, 0xD6, 0x89, 0x06, 0xF8, 0xB5, 0x82, 0xB0
	.byte 0x00, 0x90, 0x02, 0x20, 0x0D, 0x1C, 0x16, 0x1C, 0x1C, 0x1C, 0x00, 0xF0, 0x51, 0xF8, 0x1F, 0x28
	.byte 0x49, 0xD1, 0x28, 0x1C, 0x00, 0xF0, 0x54, 0xF8, 0x00, 0x28, 0x44, 0xD1, 0x28, 0x1C, 0x00, 0xF0
	.byte 0x57, 0xF8, 0x00, 0x06, 0x01, 0x0E, 0x20, 0x68, 0x81, 0x42, 0x3C, 0xDB, 0x28, 0x1C, 0x31, 0x1C
	.byte 0x00, 0xF0, 0x56, 0xF8, 0x06, 0x1C, 0xA0, 0x69, 0x00, 0x06, 0x07, 0x0E, 0x1F, 0x2E, 0x2F, 0xD0
	.byte 0xBE, 0x42, 0x2D, 0xD0, 0x28, 0x1C, 0x31, 0x1C, 0x00, 0xF0, 0x52, 0xF8, 0x00, 0xF0, 0x58, 0xF8
	.byte 0x00, 0x28, 0x25, 0xD1, 0x28, 0x1C, 0x04, 0x21, 0x3A, 0x1C, 0x00, 0xF0, 0x59, 0xF8, 0x01, 0x90
	.byte 0x12, 0x4A, 0x00, 0x1D, 0x02, 0x21, 0x00, 0xF0, 0x5B, 0xF8, 0x01, 0x98, 0x31, 0x1C, 0x00, 0x1D
	.byte 0x00, 0xF0, 0x5E, 0xF8, 0x01, 0x98, 0x61, 0x68, 0x00, 0x1D, 0x00, 0xF0, 0x61, 0xF8, 0x01, 0x99
	.byte 0x28, 0x1C, 0x00, 0xF0, 0x65, 0xF8, 0x28, 0x1C, 0x27, 0x21, 0x3A, 0x1C, 0x00, 0xF0, 0x68, 0xF8
	.byte 0x01, 0x1C, 0x0F, 0x71, 0x4E, 0x71, 0x60, 0x68, 0xC8, 0x80, 0x28, 0x1C, 0x00, 0xF0, 0x68, 0xF8
	.byte 0x00, 0x98, 0x00, 0xF0, 0x6D, 0xF8, 0x02, 0xB0, 0xF8, 0xBD, 0xC0, 0x46, 0x38, 0x04, 0x00, 0x00
	.byte 0x78, 0x47, 0xC0, 0x46, 0x00, 0xC0, 0x9F, 0xE5, 0x1C, 0xFF, 0x2F, 0xE1, 0x5D, 0x77, 0x1D, 0x02
	.byte 0x78, 0x47, 0xC0, 0x46, 0x00, 0xC0, 0x9F, 0xE5, 0x1C, 0xFF, 0x2F, 0xE1, 0xD5, 0x83, 0x1C, 0x02
	.byte 0x78, 0x47, 0xC0, 0x46, 0x00, 0xC0, 0x9F, 0xE5, 0x1C, 0xFF, 0x2F, 0xE1, 0x39, 0x81, 0x1C, 0x02
	.byte 0x78, 0x47, 0xC0, 0x46, 0x00, 0xC0, 0x9F, 0xE5, 0x1C, 0xFF, 0x2F, 0xE1, 0x21, 0x80, 0x1C, 0x02
	.byte 0x78, 0x47, 0xC0, 0x46, 0x00, 0xC0, 0x9F, 0xE5, 0x1C, 0xFF, 0x2F, 0xE1, 0xF5, 0x7C, 0x1C, 0x02
	.byte 0x78, 0x47, 0xC0, 0x46, 0x00, 0xC0, 0x9F, 0xE5, 0x1C, 0xFF, 0x2F, 0xE1, 0x69, 0x5B, 0x1D, 0x02
	.byte 0x78, 0x47, 0xC0, 0x46, 0x00, 0xC0, 0x9F, 0xE5, 0x1C, 0xFF, 0x2F, 0xE1, 0xA5, 0x88, 0x1C, 0x02
	.byte 0x78, 0x47, 0xC0, 0x46, 0x00, 0xC0, 0x9F, 0xE5, 0x1C, 0xFF, 0x2F, 0xE1, 0x39, 0x88, 0x1C, 0x02
	.byte 0x78, 0x47, 0xC0, 0x46, 0x00, 0xC0, 0x9F, 0xE5, 0x1C, 0xFF, 0x2F, 0xE1, 0x61, 0x88, 0x1C, 0x02
	.byte 0x78, 0x47, 0xC0, 0x46, 0x00, 0xC0, 0x9F, 0xE5, 0x1C, 0xFF, 0x2F, 0xE1, 0x61, 0x88, 0x1C, 0x02
	.byte 0x78, 0x47, 0xC0, 0x46, 0x00, 0xC0, 0x9F, 0xE5, 0x1C, 0xFF, 0x2F, 0xE1, 0xC9, 0x88, 0x1C, 0x02
	.byte 0x78, 0x47, 0xC0, 0x46, 0x00, 0xC0, 0x9F, 0xE5, 0x1C, 0xFF, 0x2F, 0xE1, 0xA5, 0x88, 0x1C, 0x02
	.byte 0x78, 0x47, 0xC0, 0x46, 0x00, 0xC0, 0x9F, 0xE5, 0x1C, 0xFF, 0x2F, 0xE1, 0xC9, 0x88, 0x1C, 0x02
	.byte 0x78, 0x47, 0xC0, 0x46, 0x00, 0xC0, 0x9F, 0xE5, 0x1C, 0xFF, 0x2F, 0xE1, 0x41, 0x70, 0x1D, 0x02
	.byte 0x01, 0x21, 0x01, 0x60, 0x00, 0x48, 0x70, 0x47, 0x90, 0xD6, 0x89, 0x06, 0xF8, 0xB5, 0x07, 0x1C
	.byte 0x00, 0x92, 0x02, 0x20, 0x0D, 0x1C, 0x1E, 0x1C, 0x00, 0xF0, 0x18, 0xF8, 0x00, 0x06, 0x04, 0x0E
	.byte 0x00, 0x99, 0x28, 0x1C, 0x00, 0xF0, 0x1A, 0xF8, 0x84, 0x42, 0x0E, 0xD1, 0x28, 0x1C, 0x2A, 0x21
	.byte 0x1F, 0x22, 0x00, 0xF0, 0x1B, 0xF8, 0x01, 0x1C, 0x30, 0x68, 0x08, 0x71, 0x28, 0x1C, 0x4C, 0x71
	.byte 0x00, 0xF0, 0x1C, 0xF8, 0x38, 0x1C, 0x00, 0xF0, 0x21, 0xF8, 0xF8, 0xBD, 0x78, 0x47, 0xC0, 0x46
	.byte 0x00, 0xC0, 0x9F, 0xE5, 0x1C, 0xFF, 0x2F, 0xE1, 0x5D, 0x77, 0x1D, 0x02, 0x78, 0x47, 0xC0, 0x46
	.byte 0x00, 0xC0, 0x9F, 0xE5, 0x1C, 0xFF, 0x2F, 0xE1, 0x21, 0x80, 0x1C, 0x02, 0x78, 0x47, 0xC0, 0x46
	.byte 0x00, 0xC0, 0x9F, 0xE5, 0x1C, 0xFF, 0x2F, 0xE1, 0xA5, 0x88, 0x1C, 0x02, 0x78, 0x47, 0xC0, 0x46
	.byte 0x00, 0xC0, 0x9F, 0xE5, 0x1C, 0xFF, 0x2F, 0xE1, 0xC9, 0x88, 0x1C, 0x02, 0x78, 0x47, 0xC0, 0x46
	.byte 0x00, 0xC0, 0x9F, 0xE5, 0x1C, 0xFF, 0x2F, 0xE1, 0x41, 0x70, 0x1D, 0x02, 0x07, 0x22, 0x02, 0x48
	.byte 0x02, 0x4B, 0x00, 0x21, 0x92, 0x01, 0x18, 0x47, 0xE0, 0xE7, 0x89, 0x06, 0xCC, 0x2B, 0x08, 0x02
	.byte 0x0F, 0xB4, 0xF0, 0xB5, 0x85, 0xB0, 0x03, 0x90, 0x0D, 0x1C, 0x03, 0x98, 0xE0, 0x21, 0x41, 0x43
	.byte 0x24, 0x4A, 0x28, 0x01, 0x51, 0x18, 0x0C, 0x18, 0xE0, 0x68, 0x23, 0x4F, 0x00, 0x26, 0x0C, 0x21
	.byte 0x33, 0x1C, 0x4B, 0x43, 0xF9, 0x58, 0xFA, 0x18, 0x8D, 0x42, 0x31, 0xD1, 0x00, 0x28, 0x23, 0xD1
	.byte 0x1E, 0x49, 0x04, 0xA8, 0xC9, 0x58, 0x88, 0x47, 0x03, 0x99, 0x02, 0x22, 0x00, 0x91, 0x01, 0x90
	.byte 0x04, 0x98, 0x29, 0x04, 0x00, 0x04, 0x00, 0x0C, 0x02, 0x90, 0x02, 0x20, 0x09, 0x0C, 0x00, 0x23
	.byte 0x00, 0x26, 0x00, 0xF0, 0x2D, 0xF8, 0x0C, 0x9A, 0x06, 0x21, 0x05, 0x1C, 0x00, 0xF0, 0x30, 0xF8
	.byte 0x01, 0x20, 0xE0, 0x60, 0x0C, 0x98, 0xA6, 0x60, 0x60, 0x60, 0x05, 0xB0, 0x25, 0x60, 0x28, 0x1C
	.byte 0xF0, 0xBC, 0x08, 0xBC, 0x04, 0xB0, 0x18, 0x47, 0x91, 0x68, 0x88, 0x42, 0x08, 0xD2, 0xE0, 0x68
	.byte 0x05, 0xB0, 0x40, 0x1C, 0xE0, 0x60, 0x20, 0x68, 0xF0, 0xBC, 0x08, 0xBC, 0x04, 0xB0, 0x18, 0x47
	.byte 0x76, 0x1C, 0x0E, 0x2E, 0xC3, 0xD3, 0x00, 0x20, 0x05, 0xB0, 0xF0, 0xBC, 0x08, 0xBC, 0x04, 0xB0
	.byte 0x18, 0x47, 0xC0, 0x46, 0xE0, 0xE7, 0x89, 0x06, 0x80, 0xD7, 0x89, 0x06, 0x84, 0xD7, 0x89, 0x06
	.byte 0x78, 0x47, 0xC0, 0x46, 0x00, 0xC0, 0x9F, 0xE5, 0x1C, 0xFF, 0x2F, 0xE1, 0x0D, 0x6F, 0x1D, 0x02
	.byte 0x78, 0x47, 0xC0, 0x46, 0x00, 0xC0, 0x9F, 0xE5, 0x1C, 0xFF, 0x2F, 0xE1, 0xDD, 0x70, 0x1D, 0x02
	.byte 0xE0, 0x22, 0x42, 0x43, 0x02, 0x48, 0x09, 0x01, 0x80, 0x18, 0x08, 0x58, 0x70, 0x47, 0xC0, 0x46
	.byte 0xEC, 0xE7, 0x89, 0x06, 0xE0, 0x22, 0x42, 0x43, 0x04, 0x48, 0x09, 0x01, 0x80, 0x18, 0x08, 0x58
	.byte 0x00, 0x28, 0x01, 0xD0, 0x01, 0x20, 0x70, 0x47, 0x00, 0x20, 0x70, 0x47, 0xE0, 0xE7, 0x89, 0x06
	.byte 0x10, 0xB5, 0xE0, 0x22, 0x42, 0x43, 0x0A, 0x4B, 0x08, 0x01, 0x9A, 0x18, 0x14, 0x18, 0x10, 0x58
	.byte 0x00, 0x28, 0x0A, 0xD0, 0x00, 0xF0, 0x0E, 0xF8, 0x00, 0x20, 0x20, 0x60, 0xE0, 0x60, 0x61, 0x68
	.byte 0x07, 0x20, 0x81, 0x43, 0x61, 0x60, 0x01, 0x20, 0x10, 0xBD, 0x00, 0x20, 0x10, 0xBD, 0xC0, 0x46
	.byte 0xE0, 0xE7, 0x89, 0x06, 0x78, 0x47, 0xC0, 0x46, 0x00, 0xC0, 0x9F, 0xE5, 0x1C, 0xFF, 0x2F, 0xE1
	.byte 0x41, 0x70, 0x1D, 0x02, 0xF8, 0xB5, 0x84, 0xB0, 0x00, 0x90, 0x00, 0x20, 0x01, 0x91, 0x02, 0x90
	.byte 0x02, 0x98, 0xE0, 0x21, 0x41, 0x43, 0x19, 0x4A, 0x00, 0x06, 0x00, 0x0E, 0x00, 0x24, 0x56, 0x18
	.byte 0x03, 0x90, 0x07, 0x27, 0x20, 0x01, 0x35, 0x18, 0xE8, 0x68, 0x00, 0x28, 0x1B, 0xD0, 0x68, 0x68
	.byte 0x40, 0x07, 0x40, 0x0F, 0x02, 0x28, 0x16, 0xD1, 0xA8, 0x68, 0x40, 0x1C, 0xA8, 0x60, 0x69, 0x68
	.byte 0xC9, 0x05, 0x89, 0x0E, 0x88, 0x42, 0x0E, 0xD3, 0x00, 0x20, 0xE8, 0x60, 0x68, 0x68, 0xB8, 0x43
	.byte 0x68, 0x60, 0x28, 0x68, 0x00, 0xF0, 0x14, 0xF8, 0x00, 0x20, 0x28, 0x60, 0x03, 0x98, 0x01, 0x9A
	.byte 0x00, 0x9B, 0x21, 0x1C, 0x98, 0x47, 0x64, 0x1C, 0x0E, 0x2C, 0xDB, 0xD3, 0x02, 0x98, 0x40, 0x1C
	.byte 0x02, 0x90, 0x02, 0x28, 0xCC, 0xD3, 0x04, 0xB0, 0xF8, 0xBD, 0xC0, 0x46, 0xE0, 0xE7, 0x89, 0x06
	.byte 0x78, 0x47, 0xC0, 0x46, 0x00, 0xC0, 0x9F, 0xE5, 0x1C, 0xFF, 0x2F, 0xE1, 0x41, 0x70, 0x1D, 0x02
	.byte 0x10, 0xB5, 0x0C, 0x1C, 0x00, 0xF0, 0x12, 0xF8, 0x0E, 0x28, 0x0B, 0xDA, 0x02, 0x2C, 0x09, 0xD2
	.byte 0xE0, 0x21, 0x23, 0x1C, 0x4B, 0x43, 0x04, 0x4A, 0x01, 0x01, 0xD0, 0x18, 0x08, 0x58, 0x00, 0x06
	.byte 0x00, 0x0E, 0x10, 0xBD, 0x00, 0x20, 0x10, 0xBD, 0xEC, 0xE7, 0x89, 0x06, 0x78, 0x47, 0xC0, 0x46
	.byte 0x00, 0xC0, 0x9F, 0xE5, 0x1C, 0xFF, 0x2F, 0xE1, 0xA9, 0x70, 0x1D, 0x02, 0x01, 0x21, 0x01, 0x60
	.byte 0x00, 0x48, 0x70, 0x47, 0xF0, 0xD6, 0x89, 0x06, 0x02, 0x4B, 0x08, 0x1C, 0x11, 0x1C, 0x01, 0x22
	.byte 0x18, 0x47, 0xC0, 0x46, 0x55, 0x8E, 0x89, 0x06, 0x01, 0x21, 0x01, 0x60, 0x00, 0x48, 0x70, 0x47
	.byte 0x10, 0xD7, 0x89, 0x06, 0x02, 0x4B, 0x08, 0x1C, 0x11, 0x1C, 0x02, 0x22, 0x18, 0x47, 0xC0, 0x46
	.byte 0x55, 0x8E, 0x89, 0x06, 0x70, 0xB5, 0x06, 0x1C, 0x04, 0x20, 0x0D, 0x1C, 0x14, 0x1C, 0x00, 0xF0
	.byte 0x21, 0xF8, 0x00, 0x06, 0x00, 0x0E, 0x00, 0xF0, 0x25, 0xF8, 0x85, 0x42, 0x17, 0xD1, 0x1A, 0x20
	.byte 0x00, 0xF0, 0x28, 0xF8, 0x84, 0x42, 0x12, 0xD1, 0x45, 0x20, 0x00, 0xF0, 0x2B, 0xF8, 0x00, 0x28
	.byte 0x0D, 0xD1, 0x30, 0x1C, 0x00, 0xF0, 0x2E, 0xF8, 0x00, 0x28, 0x01, 0xD0, 0x03, 0x28, 0x02, 0xD1
	.byte 0x02, 0x21, 0x89, 0x02, 0x00, 0xE0, 0x02, 0x49, 0x35, 0x20, 0x00, 0xF0, 0x2B, 0xF8, 0x70, 0xBD
	.byte 0x8F, 0x0A, 0x00, 0x00, 0x78, 0x47, 0xC0, 0x46, 0x00, 0xC0, 0x9F, 0xE5, 0x1C, 0xFF, 0x2F, 0xE1
	.byte 0x5D, 0x77, 0x1D, 0x02, 0x78, 0x47, 0xC0, 0x46, 0x00, 0xC0, 0x9F, 0xE5, 0x1C, 0xFF, 0x2F, 0xE1
	.byte 0x41, 0x9A, 0x1B, 0x02, 0x78, 0x47, 0xC0, 0x46, 0x00, 0xC0, 0x9F, 0xE5, 0x1C, 0xFF, 0x2F, 0xE1
	.byte 0x5D, 0x77, 0x1D, 0x02, 0x78, 0x47, 0xC0, 0x46, 0x00, 0xC0, 0x9F, 0xE5, 0x1C, 0xFF, 0x2F, 0xE1
	.byte 0x5D, 0x77, 0x1D, 0x02, 0x78, 0x47, 0xC0, 0x46, 0x00, 0xC0, 0x9F, 0xE5, 0x1C, 0xFF, 0x2F, 0xE1
	.byte 0x5D, 0x81, 0x1C, 0x02, 0x78, 0x47, 0xC0, 0x46, 0x00, 0xC0, 0x9F, 0xE5, 0x1C, 0xFF, 0x2F, 0xE1
	.byte 0x05, 0x77, 0x1D, 0x02, 0x02, 0x21, 0x01, 0x60, 0x00, 0x48, 0x70, 0x47, 0x48, 0xD7, 0x89, 0x06
	.byte 0x70, 0xB5, 0x04, 0x20, 0x15, 0x1C, 0x1C, 0x1C, 0x00, 0xF0, 0x1E, 0xF8, 0x00, 0x06, 0x06, 0x0E
	.byte 0x30, 0x1C, 0x00, 0xF0, 0x21, 0xF8, 0x85, 0x42, 0x15, 0xD1, 0x03, 0x20, 0x00, 0xF0, 0x24, 0xF8
	.byte 0x86, 0x42, 0x10, 0xD0, 0x1D, 0x20, 0x00, 0xF0, 0x27, 0xF8, 0x05, 0x1C, 0x00, 0xF0, 0x2C, 0xF8
	.byte 0x00, 0x28, 0x03, 0xD1, 0x06, 0x2D, 0x01, 0xD0, 0x0E, 0x2D, 0x04, 0xD1, 0x41, 0x20, 0x01, 0x21
	.byte 0x00, 0xF0, 0x2A, 0xF8, 0x20, 0x60, 0x70, 0xBD, 0x78, 0x47, 0xC0, 0x46, 0x00, 0xC0, 0x9F, 0xE5
	.byte 0x1C, 0xFF, 0x2F, 0xE1, 0x5D, 0x77, 0x1D, 0x02, 0x78, 0x47, 0xC0, 0x46, 0x00, 0xC0, 0x9F, 0xE5
	.byte 0x1C, 0xFF, 0x2F, 0xE1, 0x41, 0x9A, 0x1B, 0x02, 0x78, 0x47, 0xC0, 0x46, 0x00, 0xC0, 0x9F, 0xE5
	.byte 0x1C, 0xFF, 0x2F, 0xE1, 0x5D, 0x77, 0x1D, 0x02, 0x78, 0x47, 0xC0, 0x46, 0x00, 0xC0, 0x9F, 0xE5
	.byte 0x1C, 0xFF, 0x2F, 0xE1, 0x5D, 0x77, 0x1D, 0x02, 0x78, 0x47, 0xC0, 0x46, 0x00, 0xC0, 0x9F, 0xE5
	.byte 0x1C, 0xFF, 0x2F, 0xE1, 0x6D, 0x7D, 0x1D, 0x02, 0x78, 0x47, 0xC0, 0x46, 0x00, 0xC0, 0x9F, 0xE5
	.byte 0x1C, 0xFF, 0x2F, 0xE1, 0xBD, 0x76, 0x1D, 0x02, 0xF8, 0xB5, 0x1E, 0x1C, 0x30, 0x68, 0x0D, 0x1C
	.byte 0x00, 0x28, 0x19, 0xD0, 0x04, 0x20, 0x00, 0xF0, 0x1B, 0xF8, 0x00, 0x06, 0x07, 0x0E, 0x28, 0x1C
	.byte 0x04, 0x21, 0x3A, 0x1C, 0x00, 0xF0, 0x1C, 0xF8, 0x04, 0x1C, 0x08, 0x4A, 0x20, 0x1D, 0x02, 0x21
	.byte 0x00, 0xF0, 0x1E, 0xF8, 0x20, 0x1D, 0x39, 0x1C, 0x00, 0xF0, 0x22, 0xF8, 0x28, 0x1C, 0x21, 0x1C
	.byte 0x00, 0xF0, 0x26, 0xF8, 0x00, 0x20, 0x30, 0x60, 0xF8, 0xBD, 0xC0, 0x46, 0x47, 0x03, 0x00, 0x00
	.byte 0x78, 0x47, 0xC0, 0x46, 0x00, 0xC0, 0x9F, 0xE5, 0x1C, 0xFF, 0x2F, 0xE1, 0x5D, 0x77, 0x1D, 0x02
	.byte 0x78, 0x47, 0xC0, 0x46, 0x00, 0xC0, 0x9F, 0xE5, 0x1C, 0xFF, 0x2F, 0xE1, 0xA5, 0x88, 0x1C, 0x02
	.byte 0x78, 0x47, 0xC0, 0x46, 0x00, 0xC0, 0x9F, 0xE5, 0x1C, 0xFF, 0x2F, 0xE1, 0x39, 0x88, 0x1C, 0x02
	.byte 0x78, 0x47, 0xC0, 0x46, 0x00, 0xC0, 0x9F, 0xE5, 0x1C, 0xFF, 0x2F, 0xE1, 0x61, 0x88, 0x1C, 0x02
	.byte 0x78, 0x47, 0xC0, 0x46, 0x00, 0xC0, 0x9F, 0xE5, 0x1C, 0xFF, 0x2F, 0xE1, 0xC9, 0x88, 0x1C, 0x02
	.byte 0x02, 0x21, 0x01, 0x60, 0x00, 0x48, 0x70, 0x47, 0x58, 0xD7, 0x89, 0x06, 0x70, 0xB5, 0x02, 0x20
	.byte 0x15, 0x1C, 0x1C, 0x1C, 0x00, 0xF0, 0x18, 0xF8, 0x00, 0x06, 0x06, 0x0E, 0x30, 0x1C, 0x00, 0xF0
	.byte 0x1B, 0xF8, 0x85, 0x42, 0x0E, 0xD1, 0x20, 0x20, 0x00, 0xF0, 0x1E, 0xF8, 0x00, 0x28, 0x09, 0xDA
	.byte 0x03, 0x20, 0x00, 0xF0, 0x21, 0xF8, 0x86, 0x42, 0x04, 0xD0, 0x41, 0x20, 0x01, 0x21, 0x00, 0xF0
	.byte 0x23, 0xF8, 0x20, 0x60, 0x70, 0xBD, 0xC0, 0x46, 0x78, 0x47, 0xC0, 0x46, 0x00, 0xC0, 0x9F, 0xE5
	.byte 0x1C, 0xFF, 0x2F, 0xE1, 0x5D, 0x77, 0x1D, 0x02, 0x78, 0x47, 0xC0, 0x46, 0x00, 0xC0, 0x9F, 0xE5
	.byte 0x1C, 0xFF, 0x2F, 0xE1, 0x41, 0x9A, 0x1B, 0x02, 0x78, 0x47, 0xC0, 0x46, 0x00, 0xC0, 0x9F, 0xE5
	.byte 0x1C, 0xFF, 0x2F, 0xE1, 0x5D, 0x77, 0x1D, 0x02, 0x78, 0x47, 0xC0, 0x46, 0x00, 0xC0, 0x9F, 0xE5
	.byte 0x1C, 0xFF, 0x2F, 0xE1, 0x5D, 0x77, 0x1D, 0x02, 0x78, 0x47, 0xC0, 0x46, 0x00, 0xC0, 0x9F, 0xE5
	.byte 0x1C, 0xFF, 0x2F, 0xE1, 0xBD, 0x76, 0x1D, 0x02, 0xF8, 0xB5, 0x1D, 0x1C, 0x28, 0x68, 0x0F, 0x1C
	.byte 0x00, 0x28, 0x23, 0xD0, 0x19, 0x20, 0x00, 0xF0, 0x25, 0xF8, 0x04, 0x1C, 0x02, 0xD0, 0x68, 0x68
	.byte 0xA0, 0x42, 0x19, 0xD0, 0x02, 0x20, 0x00, 0xF0, 0x25, 0xF8, 0x00, 0x06, 0x00, 0x0E, 0x00, 0x90
	.byte 0x00, 0x9A, 0x38, 0x1C, 0x04, 0x21, 0x00, 0xF0, 0x25, 0xF8, 0x06, 0x1C, 0x08, 0x4A, 0x30, 0x1D
	.byte 0x02, 0x21, 0x00, 0xF0, 0x27, 0xF8, 0x00, 0x99, 0x30, 0x1D, 0x00, 0xF0, 0x2B, 0xF8, 0x38, 0x1C
	.byte 0x31, 0x1C, 0x00, 0xF0, 0x2F, 0xF8, 0x6C, 0x60, 0x00, 0x20, 0x28, 0x60, 0xF8, 0xBD, 0xC0, 0x46
	.byte 0x4A, 0x03, 0x00, 0x00, 0x78, 0x47, 0xC0, 0x46, 0x00, 0xC0, 0x9F, 0xE5, 0x1C, 0xFF, 0x2F, 0xE1
	.byte 0x5D, 0x77, 0x1D, 0x02, 0x78, 0x47, 0xC0, 0x46, 0x00, 0xC0, 0x9F, 0xE5, 0x1C, 0xFF, 0x2F, 0xE1
	.byte 0x5D, 0x77, 0x1D, 0x02, 0x78, 0x47, 0xC0, 0x46, 0x00, 0xC0, 0x9F, 0xE5, 0x1C, 0xFF, 0x2F, 0xE1
	.byte 0xA5, 0x88, 0x1C, 0x02, 0x78, 0x47, 0xC0, 0x46, 0x00, 0xC0, 0x9F, 0xE5, 0x1C, 0xFF, 0x2F, 0xE1
	.byte 0x39, 0x88, 0x1C, 0x02, 0x78, 0x47, 0xC0, 0x46, 0x00, 0xC0, 0x9F, 0xE5, 0x1C, 0xFF, 0x2F, 0xE1
	.byte 0x61, 0x88, 0x1C, 0x02, 0x78, 0x47, 0xC0, 0x46, 0x00, 0xC0, 0x9F, 0xE5, 0x1C, 0xFF, 0x2F, 0xE1
	.byte 0xC9, 0x88, 0x1C, 0x02, 0x01, 0x21, 0x01, 0x60, 0x00, 0x48, 0x70, 0x47, 0x38, 0xD7, 0x89, 0x06
	.byte 0x38, 0xB5, 0x02, 0x20, 0x15, 0x1C, 0x02, 0x24, 0x00, 0xF0, 0x0C, 0xF8, 0x00, 0x06, 0x00, 0x0E
	.byte 0x00, 0xF0, 0x10, 0xF8, 0x85, 0x42, 0x03, 0xD1, 0x35, 0x20, 0x21, 0x03, 0x00, 0xF0, 0x12, 0xF8
	.byte 0x38, 0xBD, 0xC0, 0x46, 0x78, 0x47, 0xC0, 0x46, 0x00, 0xC0, 0x9F, 0xE5, 0x1C, 0xFF, 0x2F, 0xE1
	.byte 0x5D, 0x77, 0x1D, 0x02, 0x78, 0x47, 0xC0, 0x46, 0x00, 0xC0, 0x9F, 0xE5, 0x1C, 0xFF, 0x2F, 0xE1
	.byte 0x41, 0x9A, 0x1B, 0x02, 0x78, 0x47, 0xC0, 0x46, 0x00, 0xC0, 0x9F, 0xE5, 0x1C, 0xFF, 0x2F, 0xE1
	.byte 0x05, 0x77, 0x1D, 0x02, 0x01, 0x21, 0x01, 0x60, 0x00, 0x48, 0x70, 0x47, 0x30, 0xD7, 0x89, 0x06
	.byte 0x10, 0xB5, 0x04, 0x20, 0x14, 0x1C, 0x00, 0xF0, 0x0B, 0xF8, 0x00, 0x06, 0x00, 0x0E, 0x00, 0xF0
	.byte 0x0F, 0xF8, 0x84, 0x42, 0x03, 0xD1, 0x41, 0x20, 0x01, 0x21, 0x00, 0xF0, 0x11, 0xF8, 0x10, 0xBD
	.byte 0x78, 0x47, 0xC0, 0x46, 0x00, 0xC0, 0x9F, 0xE5, 0x1C, 0xFF, 0x2F, 0xE1, 0x5D, 0x77, 0x1D, 0x02
	.byte 0x78, 0x47, 0xC0, 0x46, 0x00, 0xC0, 0x9F, 0xE5, 0x1C, 0xFF, 0x2F, 0xE1, 0x41, 0x9A, 0x1B, 0x02
	.byte 0x78, 0x47, 0xC0, 0x46, 0x00, 0xC0, 0x9F, 0xE5, 0x1C, 0xFF, 0x2F, 0xE1, 0xBD, 0x76, 0x1D, 0x02
	.byte 0x01, 0x21, 0x01, 0x60, 0x00, 0x48, 0x70, 0x47, 0x28, 0xD7, 0x89, 0x06, 0xF8, 0xB5, 0x02, 0x20
	.byte 0x0F, 0x1C, 0x15, 0x1C, 0x02, 0x24, 0x00, 0xF0, 0x45, 0xF8, 0x00, 0x06, 0x06, 0x0E, 0x30, 0x1C
	.byte 0x00, 0xF0, 0x48, 0xF8, 0x85, 0x42, 0x3A, 0xD1, 0x38, 0x1C, 0x31, 0x1C, 0x00, 0xF0, 0x4A, 0xF8
	.byte 0x00, 0x90, 0x00, 0xF0, 0x4F, 0xF8, 0x01, 0x1C, 0x05, 0x20, 0x00, 0xF0, 0x53, 0xF8, 0x05, 0x28
	.byte 0x0B, 0xD8, 0x00, 0x18, 0x78, 0x44, 0xC0, 0x88, 0x00, 0x04, 0x00, 0x14, 0x87, 0x44, 0x0A, 0x00
	.byte 0x0A, 0x00, 0x0E, 0x00, 0x12, 0x00, 0x16, 0x00, 0x18, 0x00, 0x20, 0x24, 0x04, 0xE0, 0x10, 0x24
	.byte 0x02, 0xE0, 0x08, 0x24, 0x00, 0xE0, 0x04, 0x24, 0x38, 0x1C, 0x07, 0x21, 0x1F, 0x22, 0x00, 0xF0
	.byte 0x41, 0xF8, 0x05, 0x1C, 0x00, 0x98, 0xAE, 0x71, 0x21, 0x1C, 0x00, 0xF0, 0x43, 0xF8, 0xA8, 0x80
	.byte 0x28, 0x1C, 0x07, 0x4A, 0x0C, 0x30, 0x02, 0x21, 0x00, 0xF0, 0x44, 0xF8, 0x28, 0x1C, 0x0C, 0x30
	.byte 0x31, 0x1C, 0x00, 0xF0, 0x47, 0xF8, 0x38, 0x1C, 0x29, 0x1C, 0x00, 0xF0, 0x4B, 0xF8, 0xF8, 0xBD
	.byte 0x56, 0x03, 0x00, 0x00, 0x78, 0x47, 0xC0, 0x46, 0x00, 0xC0, 0x9F, 0xE5, 0x1C, 0xFF, 0x2F, 0xE1
	.byte 0x5D, 0x77, 0x1D, 0x02, 0x78, 0x47, 0xC0, 0x46, 0x00, 0xC0, 0x9F, 0xE5, 0x1C, 0xFF, 0x2F, 0xE1
	.byte 0x41, 0x9A, 0x1B, 0x02, 0x78, 0x47, 0xC0, 0x46, 0x00, 0xC0, 0x9F, 0xE5, 0x1C, 0xFF, 0x2F, 0xE1
	.byte 0xF5, 0x7C, 0x1C, 0x02, 0x78, 0x47, 0xC0, 0x46, 0x00, 0xC0, 0x9F, 0xE5, 0x1C, 0xFF, 0x2F, 0xE1
	.byte 0xFD, 0x57, 0x1D, 0x02, 0x78, 0x47, 0xC0, 0x46, 0x00, 0xC0, 0x9F, 0xE5, 0x1C, 0xFF, 0x2F, 0xE1
	.byte 0x9D, 0x79, 0x1D, 0x02, 0x78, 0x47, 0xC0, 0x46, 0x00, 0xC0, 0x9F, 0xE5, 0x1C, 0xFF, 0x2F, 0xE1
	.byte 0xA5, 0x88, 0x1C, 0x02, 0x78, 0x47, 0xC0, 0x46, 0x00, 0xC0, 0x9F, 0xE5, 0x1C, 0xFF, 0x2F, 0xE1
	.byte 0x75, 0x7B, 0x1D, 0x02, 0x78, 0x47, 0xC0, 0x46, 0x00, 0xC0, 0x9F, 0xE5, 0x1C, 0xFF, 0x2F, 0xE1
	.byte 0x39, 0x88, 0x1C, 0x02, 0x78, 0x47, 0xC0, 0x46, 0x00, 0xC0, 0x9F, 0xE5, 0x1C, 0xFF, 0x2F, 0xE1
	.byte 0x61, 0x88, 0x1C, 0x02, 0x78, 0x47, 0xC0, 0x46, 0x00, 0xC0, 0x9F, 0xE5, 0x1C, 0xFF, 0x2F, 0xE1
	.byte 0xC9, 0x88, 0x1C, 0x02, 0x01, 0x21, 0x01, 0x60, 0x00, 0x48, 0x70, 0x47, 0x00, 0xD7, 0x89, 0x06
	.byte 0x70, 0xB5, 0x04, 0x20, 0x14, 0x1C, 0x00, 0xF0, 0x2F, 0xF8, 0x00, 0x06, 0x06, 0x0E, 0x30, 0x1C
	.byte 0x00, 0xF0, 0x32, 0xF8, 0x84, 0x42, 0x23, 0xD1, 0x12, 0x20, 0x00, 0xF0, 0x35, 0xF8, 0x00, 0x04
	.byte 0x05, 0x0C, 0x28, 0x1C, 0x1B, 0x21, 0x00, 0xF0, 0x37, 0xF8, 0x04, 0x1C, 0x28, 0x1C, 0x00, 0xF0
	.byte 0x3B, 0xF8, 0x00, 0x28, 0x14, 0xD0, 0x20, 0x1F, 0x01, 0x28, 0x11, 0xD8, 0x40, 0x20, 0x01, 0x21
	.byte 0x00, 0xF0, 0x3A, 0xF8, 0x00, 0x28, 0x0B, 0xD0, 0x3F, 0x20, 0x00, 0xF0, 0x3D, 0xF8, 0x05, 0x4A
	.byte 0x04, 0x1C, 0x02, 0x21, 0x00, 0xF0, 0x40, 0xF8, 0x20, 0x1C, 0x31, 0x1C, 0x00, 0xF0, 0x44, 0xF8
	.byte 0x70, 0xBD, 0xC0, 0x46, 0x1D, 0x03, 0x00, 0x00, 0x78, 0x47, 0xC0, 0x46, 0x00, 0xC0, 0x9F, 0xE5
	.byte 0x1C, 0xFF, 0x2F, 0xE1, 0x5D, 0x77, 0x1D, 0x02, 0x78, 0x47, 0xC0, 0x46, 0x00, 0xC0, 0x9F, 0xE5
	.byte 0x1C, 0xFF, 0x2F, 0xE1, 0x41, 0x9A, 0x1B, 0x02, 0x78, 0x47, 0xC0, 0x46, 0x00, 0xC0, 0x9F, 0xE5
	.byte 0x1C, 0xFF, 0x2F, 0xE1, 0x5D, 0x77, 0x1D, 0x02, 0x78, 0x47, 0xC0, 0x46, 0x00, 0xC0, 0x9F, 0xE5
	.byte 0x1C, 0xFF, 0x2F, 0xE1, 0x29, 0xBD, 0x01, 0x02, 0x78, 0x47, 0xC0, 0x46, 0x00, 0xC0, 0x9F, 0xE5
	.byte 0x1C, 0xFF, 0x2F, 0xE1, 0x15, 0xC3, 0x01, 0x02, 0x78, 0x47, 0xC0, 0x46, 0x00, 0xC0, 0x9F, 0xE5
	.byte 0x1C, 0xFF, 0x2F, 0xE1, 0xBD, 0x76, 0x1D, 0x02, 0x78, 0x47, 0xC0, 0x46, 0x00, 0xC0, 0x9F, 0xE5
	.byte 0x1C, 0xFF, 0x2F, 0xE1, 0x5D, 0x77, 0x1D, 0x02, 0x78, 0x47, 0xC0, 0x46, 0x00, 0xC0, 0x9F, 0xE5
	.byte 0x1C, 0xFF, 0x2F, 0xE1, 0x39, 0x88, 0x1C, 0x02, 0x78, 0x47, 0xC0, 0x46, 0x00, 0xC0, 0x9F, 0xE5
	.byte 0x1C, 0xFF, 0x2F, 0xE1, 0x61, 0x88, 0x1C, 0x02, 0x01, 0x21, 0x01, 0x60, 0x00, 0x48, 0x70, 0x47
	.byte 0x18, 0xD7, 0x89, 0x06, 0x38, 0xB5, 0x04, 0x20, 0x15, 0x1C, 0x00, 0xF0, 0x2B, 0xF8, 0x00, 0x06
	.byte 0x04, 0x0E, 0x20, 0x1C, 0x00, 0xF0, 0x2E, 0xF8, 0x85, 0x42, 0x21, 0xD1, 0x03, 0x20, 0x00, 0xF0
	.byte 0x31, 0xF8, 0x84, 0x42, 0x1C, 0xD0, 0x12, 0x20, 0x00, 0xF0, 0x34, 0xF8, 0x00, 0x04, 0x00, 0x0C
	.byte 0x06, 0x21, 0x00, 0xF0, 0x37, 0xF8, 0x01, 0x28, 0x12, 0xDB, 0x40, 0x20, 0x01, 0x21, 0x00, 0xF0
	.byte 0x39, 0xF8, 0x00, 0x28, 0x0C, 0xD0, 0x3F, 0x20, 0x00, 0xF0, 0x3C, 0xF8, 0x32, 0x22, 0x05, 0x1C
	.byte 0x02, 0x21, 0x12, 0x01, 0x00, 0xF0, 0x3E, 0xF8, 0x28, 0x1C, 0x21, 0x1C, 0x00, 0xF0, 0x42, 0xF8
	.byte 0x38, 0xBD, 0xC0, 0x46, 0x78, 0x47, 0xC0, 0x46, 0x00, 0xC0, 0x9F, 0xE5, 0x1C, 0xFF, 0x2F, 0xE1
	.byte 0x5D, 0x77, 0x1D, 0x02, 0x78, 0x47, 0xC0, 0x46, 0x00, 0xC0, 0x9F, 0xE5, 0x1C, 0xFF, 0x2F, 0xE1
	.byte 0x41, 0x9A, 0x1B, 0x02, 0x78, 0x47, 0xC0, 0x46, 0x00, 0xC0, 0x9F, 0xE5, 0x1C, 0xFF, 0x2F, 0xE1
	.byte 0x5D, 0x77, 0x1D, 0x02, 0x78, 0x47, 0xC0, 0x46, 0x00, 0xC0, 0x9F, 0xE5, 0x1C, 0xFF, 0x2F, 0xE1
	.byte 0x5D, 0x77, 0x1D, 0x02, 0x78, 0x47, 0xC0, 0x46, 0x00, 0xC0, 0x9F, 0xE5, 0x1C, 0xFF, 0x2F, 0xE1
	.byte 0x29, 0xBD, 0x01, 0x02, 0x78, 0x47, 0xC0, 0x46, 0x00, 0xC0, 0x9F, 0xE5, 0x1C, 0xFF, 0x2F, 0xE1
	.byte 0xBD, 0x76, 0x1D, 0x02, 0x78, 0x47, 0xC0, 0x46, 0x00, 0xC0, 0x9F, 0xE5, 0x1C, 0xFF, 0x2F, 0xE1
	.byte 0x5D, 0x77, 0x1D, 0x02, 0x78, 0x47, 0xC0, 0x46, 0x00, 0xC0, 0x9F, 0xE5, 0x1C, 0xFF, 0x2F, 0xE1
	.byte 0x39, 0x88, 0x1C, 0x02, 0x78, 0x47, 0xC0, 0x46, 0x00, 0xC0, 0x9F, 0xE5, 0x1C, 0xFF, 0x2F, 0xE1
	.byte 0x61, 0x88, 0x1C, 0x02, 0x01, 0x21, 0x01, 0x60, 0x00, 0x48, 0x70, 0x47, 0x40, 0xD7, 0x89, 0x06
	.byte 0xF8, 0xB5, 0x07, 0x1C, 0x02, 0x20, 0x0E, 0x1C, 0x14, 0x1C, 0x00, 0xF0, 0x3D, 0xF8, 0x00, 0x06
	.byte 0x05, 0x0E, 0x28, 0x1C, 0x00, 0xF0, 0x40, 0xF8, 0x84, 0x42, 0x32, 0xD1, 0x30, 0x1C, 0x29, 0x1C
	.byte 0x00, 0xF0, 0x42, 0xF8, 0x00, 0x28, 0x2C, 0xD1, 0x38, 0x1C, 0x21, 0x1C, 0xFF, 0xF7, 0x00, 0xFC
	.byte 0x01, 0x28, 0x03, 0xD0, 0x02, 0x28, 0x03, 0xD0, 0x03, 0x28, 0x03, 0xD0, 0x08, 0x27, 0x02, 0xE0
	.byte 0x06, 0x27, 0x00, 0xE0, 0x04, 0x27, 0x30, 0x1C, 0x07, 0x21, 0x1F, 0x22, 0x00, 0xF0, 0x34, 0xF8
	.byte 0x04, 0x1C, 0x30, 0x1C, 0x29, 0x1C, 0x00, 0xF0, 0x37, 0xF8, 0xA5, 0x71, 0x39, 0x1C, 0x00, 0xF0
	.byte 0x3B, 0xF8, 0xA0, 0x80, 0x20, 0x1C, 0x07, 0x4A, 0x0C, 0x30, 0x02, 0x21, 0x00, 0xF0, 0x3C, 0xF8
	.byte 0x20, 0x1C, 0x0C, 0x30, 0x29, 0x1C, 0x00, 0xF0, 0x3F, 0xF8, 0x30, 0x1C, 0x21, 0x1C, 0x00, 0xF0
	.byte 0x43, 0xF8, 0xF8, 0xBD, 0x53, 0x03, 0x00, 0x00, 0x78, 0x47, 0xC0, 0x46, 0x00, 0xC0, 0x9F, 0xE5
	.byte 0x1C, 0xFF, 0x2F, 0xE1, 0x5D, 0x77, 0x1D, 0x02, 0x78, 0x47, 0xC0, 0x46, 0x00, 0xC0, 0x9F, 0xE5
	.byte 0x1C, 0xFF, 0x2F, 0xE1, 0x41, 0x9A, 0x1B, 0x02, 0x78, 0x47, 0xC0, 0x46, 0x00, 0xC0, 0x9F, 0xE5
	.byte 0x1C, 0xFF, 0x2F, 0xE1, 0x35, 0x82, 0x1C, 0x02, 0x78, 0x47, 0xC0, 0x46, 0x00, 0xC0, 0x9F, 0xE5
	.byte 0x1C, 0xFF, 0x2F, 0xE1, 0xA5, 0x88, 0x1C, 0x02, 0x78, 0x47, 0xC0, 0x46, 0x00, 0xC0, 0x9F, 0xE5
	.byte 0x1C, 0xFF, 0x2F, 0xE1, 0xF5, 0x7C, 0x1C, 0x02, 0x78, 0x47, 0xC0, 0x46, 0x00, 0xC0, 0x9F, 0xE5
	.byte 0x1C, 0xFF, 0x2F, 0xE1, 0x75, 0x7B, 0x1D, 0x02, 0x78, 0x47, 0xC0, 0x46, 0x00, 0xC0, 0x9F, 0xE5
	.byte 0x1C, 0xFF, 0x2F, 0xE1, 0x39, 0x88, 0x1C, 0x02, 0x78, 0x47, 0xC0, 0x46, 0x00, 0xC0, 0x9F, 0xE5
	.byte 0x1C, 0xFF, 0x2F, 0xE1, 0x61, 0x88, 0x1C, 0x02, 0x78, 0x47, 0xC0, 0x46, 0x00, 0xC0, 0x9F, 0xE5
	.byte 0x1C, 0xFF, 0x2F, 0xE1, 0xC9, 0x88, 0x1C, 0x02, 0x01, 0x21, 0x01, 0x60, 0x00, 0x48, 0x70, 0x47
	.byte 0x08, 0xD7, 0x89, 0x06, 0xF0, 0xB5, 0x83, 0xB0, 0x00, 0x90, 0x02, 0x20, 0x0D, 0x1C, 0x16, 0x1C
	.byte 0x00, 0xF0, 0x4E, 0xF8, 0x00, 0x06, 0x07, 0x0E, 0x38, 0x1C, 0x00, 0xF0, 0x51, 0xF8, 0x86, 0x42
	.byte 0x43, 0xD1, 0x28, 0x1C, 0x39, 0x1C, 0x00, 0xF0, 0x53, 0xF8, 0x00, 0x28, 0x3D, 0xD1, 0x28, 0x1C
	.byte 0x39, 0x1C, 0x00, 0xF0, 0x55, 0xF8, 0x03, 0x21, 0x03, 0x24, 0x00, 0xF0, 0x59, 0xF8, 0x00, 0x28
	.byte 0x1A, 0xD0, 0x28, 0x1C, 0x1A, 0x21, 0x3A, 0x1C, 0x00, 0xF0, 0x5A, 0xF8, 0x01, 0x1C, 0xCE, 0x71
	.byte 0x0C, 0x71, 0x01, 0x23, 0x00, 0x22, 0xC8, 0x18, 0x5B, 0x1C, 0x02, 0x71, 0x03, 0x2B, 0xFA, 0xD3
	.byte 0x08, 0x79, 0x01, 0x28, 0x03, 0xD9, 0x4A, 0x79, 0x80, 0x20, 0x10, 0x43, 0x48, 0x71, 0x28, 0x1C
	.byte 0x00, 0xF0, 0x4E, 0xF8, 0x03, 0xB0, 0xF0, 0xBD, 0x28, 0x1C, 0x0C, 0x21, 0x1F, 0x22, 0x00, 0xF0
	.byte 0x4F, 0xF8, 0x04, 0x1C, 0x05, 0x20, 0x60, 0x60, 0x00, 0x98, 0x31, 0x1C, 0xFF, 0xF7, 0x40, 0xFB
	.byte 0x01, 0x28, 0x02, 0xD9, 0x00, 0xF0, 0x4C, 0xF8, 0x01, 0xE0, 0x00, 0xF0, 0x51, 0xF8, 0xA0, 0x60
	.byte 0x28, 0x1C, 0x21, 0x1C, 0xE7, 0x73, 0x00, 0xF0, 0x53, 0xF8, 0x03, 0xB0, 0xF0, 0xBD, 0xC0, 0x46
	.byte 0x78, 0x47, 0xC0, 0x46, 0x00, 0xC0, 0x9F, 0xE5, 0x1C, 0xFF, 0x2F, 0xE1, 0x5D, 0x77, 0x1D, 0x02
	.byte 0x78, 0x47, 0xC0, 0x46, 0x00, 0xC0, 0x9F, 0xE5, 0x1C, 0xFF, 0x2F, 0xE1, 0x41, 0x9A, 0x1B, 0x02
	.byte 0x78, 0x47, 0xC0, 0x46, 0x00, 0xC0, 0x9F, 0xE5, 0x1C, 0xFF, 0x2F, 0xE1, 0x35, 0x82, 0x1C, 0x02
	.byte 0x78, 0x47, 0xC0, 0x46, 0x00, 0xC0, 0x9F, 0xE5, 0x1C, 0xFF, 0x2F, 0xE1, 0xF5, 0x7C, 0x1C, 0x02
	.byte 0x78, 0x47, 0xC0, 0x46, 0x00, 0xC0, 0x9F, 0xE5, 0x1C, 0xFF, 0x2F, 0xE1, 0x15, 0x58, 0x1D, 0x02
	.byte 0x78, 0x47, 0xC0, 0x46, 0x00, 0xC0, 0x9F, 0xE5, 0x1C, 0xFF, 0x2F, 0xE1, 0xA5, 0x88, 0x1C, 0x02
	.byte 0x78, 0x47, 0xC0, 0x46, 0x00, 0xC0, 0x9F, 0xE5, 0x1C, 0xFF, 0x2F, 0xE1, 0xC9, 0x88, 0x1C, 0x02
	.byte 0x78, 0x47, 0xC0, 0x46, 0x00, 0xC0, 0x9F, 0xE5, 0x1C, 0xFF, 0x2F, 0xE1, 0xA5, 0x88, 0x1C, 0x02
	.byte 0x78, 0x47, 0xC0, 0x46, 0x00, 0xC0, 0x9F, 0xE5, 0x1C, 0xFF, 0x2F, 0xE1, 0x59, 0x8A, 0x1E, 0x02
	.byte 0x78, 0x47, 0xC0, 0x46, 0x00, 0xC0, 0x9F, 0xE5, 0x1C, 0xFF, 0x2F, 0xE1, 0xC1, 0x89, 0x1E, 0x02
	.byte 0x78, 0x47, 0xC0, 0x46, 0x00, 0xC0, 0x9F, 0xE5, 0x1C, 0xFF, 0x2F, 0xE1, 0xC9, 0x88, 0x1C, 0x02
	.byte 0x03, 0x21, 0x01, 0x60, 0x00, 0x48, 0x70, 0x47, 0x68, 0xD7, 0x89, 0x06, 0x10, 0xB5, 0x03, 0x20
	.byte 0x14, 0x1C, 0x00, 0xF0, 0x0F, 0xF8, 0x00, 0x06, 0x00, 0x0E, 0x00, 0xF0, 0x13, 0xF8, 0x84, 0x42
	.byte 0x07, 0xD1, 0x26, 0x20, 0x00, 0xF0, 0x16, 0xF8, 0x40, 0x04, 0x01, 0x0C, 0x26, 0x20, 0x00, 0xF0
	.byte 0x19, 0xF8, 0x10, 0xBD, 0x78, 0x47, 0xC0, 0x46, 0x00, 0xC0, 0x9F, 0xE5, 0x1C, 0xFF, 0x2F, 0xE1
	.byte 0x5D, 0x77, 0x1D, 0x02, 0x78, 0x47, 0xC0, 0x46, 0x00, 0xC0, 0x9F, 0xE5, 0x1C, 0xFF, 0x2F, 0xE1
	.byte 0x41, 0x9A, 0x1B, 0x02, 0x78, 0x47, 0xC0, 0x46, 0x00, 0xC0, 0x9F, 0xE5, 0x1C, 0xFF, 0x2F, 0xE1
	.byte 0x5D, 0x77, 0x1D, 0x02, 0x78, 0x47, 0xC0, 0x46, 0x00, 0xC0, 0x9F, 0xE5, 0x1C, 0xFF, 0x2F, 0xE1
	.byte 0xBD, 0x76, 0x1D, 0x02, 0x10, 0xB5, 0x03, 0x20, 0x14, 0x1C, 0x00, 0xF0, 0x0B, 0xF8, 0x00, 0x06
	.byte 0x00, 0x0E, 0x00, 0xF0, 0x0F, 0xF8, 0x84, 0x42, 0x03, 0xD1, 0x45, 0x20, 0x01, 0x21, 0x00, 0xF0
	.byte 0x11, 0xF8, 0x10, 0xBD, 0x78, 0x47, 0xC0, 0x46, 0x00, 0xC0, 0x9F, 0xE5, 0x1C, 0xFF, 0x2F, 0xE1
	.byte 0x5D, 0x77, 0x1D, 0x02, 0x78, 0x47, 0xC0, 0x46, 0x00, 0xC0, 0x9F, 0xE5, 0x1C, 0xFF, 0x2F, 0xE1
	.byte 0x41, 0x9A, 0x1B, 0x02, 0x78, 0x47, 0xC0, 0x46, 0x00, 0xC0, 0x9F, 0xE5, 0x1C, 0xFF, 0x2F, 0xE1
	.byte 0xBD, 0x76, 0x1D, 0x02, 0x01, 0x21, 0x01, 0x60, 0x00, 0x48, 0x70, 0x47, 0xF8, 0xD6, 0x89, 0x06
	.byte 0xF8, 0xB5, 0x02, 0x20, 0x0D, 0x1C, 0x16, 0x1C, 0x00, 0xF0, 0x52, 0xF8, 0x00, 0x06, 0x04, 0x0E
	.byte 0x1F, 0x2C, 0x47, 0xD0, 0x28, 0x1C, 0x21, 0x1C, 0x00, 0xF0, 0x52, 0xF8, 0x00, 0x28, 0x41, 0xD0
	.byte 0x28, 0x1C, 0x00, 0xF0, 0x55, 0xF8, 0x00, 0x28, 0x3C, 0xD1, 0x20, 0x1C, 0x00, 0xF0, 0x58, 0xF8
	.byte 0x86, 0x42, 0x37, 0xD1, 0x28, 0x1C, 0x21, 0x1C, 0x00, 0xF0, 0x5A, 0xF8, 0x09, 0x21, 0x07, 0x1C
	.byte 0x00, 0xF0, 0x5E, 0xF8, 0x00, 0x28, 0x2D, 0xD1, 0x28, 0x1C, 0x37, 0x21, 0x22, 0x1C, 0x00, 0xF0
	.byte 0x5F, 0xF8, 0x06, 0x1C, 0x28, 0x1C, 0x21, 0x1C, 0x00, 0xF0, 0x62, 0xF8, 0xB0, 0x71, 0x06, 0x20
	.byte 0xF0, 0x71, 0x11, 0x48, 0x31, 0x1C, 0xB0, 0x80, 0x28, 0x1C, 0x00, 0xF0, 0x61, 0xF8, 0x28, 0x1C
	.byte 0x07, 0x21, 0x1F, 0x22, 0x00, 0xF0, 0x64, 0xF8, 0x06, 0x1C, 0xB4, 0x71, 0x38, 0x1C, 0x08, 0x21
	.byte 0x00, 0xF0, 0x66, 0xF8, 0xB0, 0x80, 0x30, 0x1C, 0x08, 0x4A, 0x0C, 0x30, 0x02, 0x21, 0x00, 0xF0
	.byte 0x67, 0xF8, 0x30, 0x1C, 0x0C, 0x30, 0x21, 0x1C, 0x00, 0xF0, 0x6A, 0xF8, 0x28, 0x1C, 0x31, 0x1C
	.byte 0x00, 0xF0, 0x6E, 0xF8, 0xF8, 0xBD, 0xC0, 0x46, 0x8E, 0x02, 0x00, 0x00, 0x84, 0x04, 0x00, 0x00
	.byte 0x78, 0x47, 0xC0, 0x46, 0x00, 0xC0, 0x9F, 0xE5, 0x1C, 0xFF, 0x2F, 0xE1, 0x5D, 0x77, 0x1D, 0x02
	.byte 0x78, 0x47, 0xC0, 0x46, 0x00, 0xC0, 0x9F, 0xE5, 0x1C, 0xFF, 0x2F, 0xE1, 0x4D, 0x81, 0x1C, 0x02
	.byte 0x78, 0x47, 0xC0, 0x46, 0x00, 0xC0, 0x9F, 0xE5, 0x1C, 0xFF, 0x2F, 0xE1, 0xD5, 0x83, 0x1C, 0x02
	.byte 0x78, 0x47, 0xC0, 0x46, 0x00, 0xC0, 0x9F, 0xE5, 0x1C, 0xFF, 0x2F, 0xE1, 0x41, 0x9A, 0x1B, 0x02
	.byte 0x78, 0x47, 0xC0, 0x46, 0x00, 0xC0, 0x9F, 0xE5, 0x1C, 0xFF, 0x2F, 0xE1, 0xF5, 0x7C, 0x1C, 0x02
	.byte 0x78, 0x47, 0xC0, 0x46, 0x00, 0xC0, 0x9F, 0xE5, 0x1C, 0xFF, 0x2F, 0xE1, 0x15, 0x58, 0x1D, 0x02
	.byte 0x78, 0x47, 0xC0, 0x46, 0x00, 0xC0, 0x9F, 0xE5, 0x1C, 0xFF, 0x2F, 0xE1, 0xA5, 0x88, 0x1C, 0x02
	.byte 0x78, 0x47, 0xC0, 0x46, 0x00, 0xC0, 0x9F, 0xE5, 0x1C, 0xFF, 0x2F, 0xE1, 0x11, 0x80, 0x1C, 0x02
	.byte 0x78, 0x47, 0xC0, 0x46, 0x00, 0xC0, 0x9F, 0xE5, 0x1C, 0xFF, 0x2F, 0xE1, 0xC9, 0x88, 0x1C, 0x02
	.byte 0x78, 0x47, 0xC0, 0x46, 0x00, 0xC0, 0x9F, 0xE5, 0x1C, 0xFF, 0x2F, 0xE1, 0xA5, 0x88, 0x1C, 0x02
	.byte 0x78, 0x47, 0xC0, 0x46, 0x00, 0xC0, 0x9F, 0xE5, 0x1C, 0xFF, 0x2F, 0xE1, 0x75, 0x7B, 0x1D, 0x02
	.byte 0x78, 0x47, 0xC0, 0x46, 0x00, 0xC0, 0x9F, 0xE5, 0x1C, 0xFF, 0x2F, 0xE1, 0x39, 0x88, 0x1C, 0x02
	.byte 0x78, 0x47, 0xC0, 0x46, 0x00, 0xC0, 0x9F, 0xE5, 0x1C, 0xFF, 0x2F, 0xE1, 0x61, 0x88, 0x1C, 0x02
	.byte 0x78, 0x47, 0xC0, 0x46, 0x00, 0xC0, 0x9F, 0xE5, 0x1C, 0xFF, 0x2F, 0xE1, 0xC9, 0x88, 0x1C, 0x02
	.byte 0x01, 0x21, 0x01, 0x60, 0x00, 0x48, 0x70, 0x47, 0x20, 0xD7, 0x89, 0x06, 0x38, 0xB5, 0x02, 0x20
	.byte 0x15, 0x1C, 0x02, 0x24, 0x00, 0xF0, 0x0C, 0xF8, 0x00, 0x06, 0x00, 0x0E, 0x00, 0xF0, 0x10, 0xF8
	.byte 0x85, 0x42, 0x03, 0xD1, 0x35, 0x20, 0x61, 0x02, 0x00, 0xF0, 0x12, 0xF8, 0x38, 0xBD, 0xC0, 0x46
	.byte 0x78, 0x47, 0xC0, 0x46, 0x00, 0xC0, 0x9F, 0xE5, 0x1C, 0xFF, 0x2F, 0xE1, 0x5D, 0x77, 0x1D, 0x02
	.byte 0x78, 0x47, 0xC0, 0x46, 0x00, 0xC0, 0x9F, 0xE5, 0x1C, 0xFF, 0x2F, 0xE1, 0x41, 0x9A, 0x1B, 0x02
	.byte 0x78, 0x47, 0xC0, 0x46, 0x00, 0xC0, 0x9F, 0xE5, 0x1C, 0xFF, 0x2F, 0xE1, 0x05, 0x77, 0x1D, 0x02
	.byte 0xF8, 0xB5, 0x06, 0x1C, 0xC8, 0x20, 0x00, 0x90, 0x06, 0xA8, 0x0F, 0x1C, 0x15, 0x1C, 0x80, 0x89
	.byte 0x26, 0x4B, 0xB4, 0x21, 0x01, 0x22, 0x00, 0xF0, 0x4C, 0xE8, 0x04, 0x1C, 0x9C, 0x30, 0x06, 0x60
	.byte 0x20, 0x1C, 0xA0, 0x30, 0x07, 0x60, 0x20, 0x1C, 0xA4, 0x30, 0x05, 0x60, 0x06, 0xA8, 0x81, 0x89
	.byte 0x20, 0x1C, 0xAC, 0x30, 0x01, 0x80, 0x06, 0x98, 0xA0, 0x60, 0x07, 0x98, 0x20, 0x61, 0x00, 0xF0
	.byte 0x3B, 0xF8, 0x01, 0x1C, 0x28, 0x1C, 0x00, 0xF0, 0x3F, 0xF8, 0x21, 0x1C, 0xA8, 0x31, 0x08, 0x60
	.byte 0x06, 0xA9, 0x89, 0x89, 0x80, 0x20, 0x00, 0xF0, 0x40, 0xE8, 0xE0, 0x60, 0x00, 0x20, 0x21, 0x1C
	.byte 0x08, 0x9A, 0x60, 0x67, 0x90, 0x31, 0x0A, 0x70, 0x21, 0x1C, 0x91, 0x31, 0x08, 0x70, 0x21, 0x1C
	.byte 0x92, 0x31, 0x0A, 0x78, 0x7F, 0x21, 0x8A, 0x43, 0x21, 0x1C, 0x92, 0x31, 0x0A, 0x70, 0x21, 0x1C
	.byte 0x92, 0x31, 0x0A, 0x78, 0x80, 0x21, 0x8A, 0x43, 0x21, 0x1C, 0x92, 0x31, 0x0A, 0x70, 0x21, 0x1C
	.byte 0x8F, 0x31, 0x08, 0x70, 0x20, 0x1C, 0xAC, 0x30, 0x00, 0x88, 0x00, 0xF0, 0x21, 0xF8, 0x60, 0x61
	.byte 0x20, 0x1C, 0x00, 0xF0, 0x4B, 0xF9, 0x20, 0x1C, 0xF8, 0xBD, 0xC0, 0x46, 0xB8, 0xE7, 0x89, 0x06
	.byte 0x04, 0xF0, 0x1F, 0xE5, 0x34, 0x07, 0x03, 0x02, 0x78, 0x47, 0xC0, 0x46, 0x00, 0xC0, 0x9F, 0xE5
	.byte 0x1C, 0xFF, 0x2F, 0xE1, 0x71, 0x3D, 0x1D, 0x02, 0x78, 0x47, 0xC0, 0x46, 0x00, 0xC0, 0x9F, 0xE5
	.byte 0x1C, 0xFF, 0x2F, 0xE1, 0xF9, 0x9A, 0x1B, 0x02, 0x04, 0xF0, 0x1F, 0xE5, 0xB0, 0x57, 0x04, 0x02
	.byte 0x78, 0x47, 0xC0, 0x46, 0x00, 0xC0, 0x9F, 0xE5, 0x1C, 0xFF, 0x2F, 0xE1, 0x41, 0xC4, 0x01, 0x02
	.byte 0xF8, 0xB5, 0x84, 0xB0, 0x05, 0x1C, 0xA0, 0x30, 0x00, 0x68, 0x00, 0xF0, 0x2F, 0xF8, 0x04, 0x1C
	.byte 0x28, 0x1C, 0xA0, 0x30, 0x00, 0x68, 0x00, 0xF0, 0x31, 0xF8, 0x06, 0x1C, 0x28, 0x1C, 0xA0, 0x30
	.byte 0x00, 0x68, 0x00, 0xF0, 0x33, 0xF8, 0x07, 0x1C, 0x00, 0xF0, 0x38, 0xF8, 0x03, 0x1C, 0xA8, 0x68
	.byte 0x31, 0x1C, 0x00, 0x90, 0x28, 0x1C, 0x8F, 0x30, 0x01, 0x90, 0x28, 0x1C, 0x90, 0x30, 0x00, 0x78
	.byte 0x3A, 0x1C, 0x02, 0x90, 0x28, 0x1C, 0xAC, 0x30, 0x00, 0x88, 0x03, 0x90, 0x20, 0x1C, 0x00, 0xF0
	.byte 0x2D, 0xF8, 0x29, 0x1C, 0xB0, 0x31, 0x08, 0x60, 0x10, 0x20, 0x01, 0x21, 0x00, 0xF0, 0x2E, 0xE8
	.byte 0x28, 0x1C, 0x00, 0xF0, 0x79, 0xF8, 0x04, 0xB0, 0xF8, 0xBD, 0xC0, 0x46, 0x78, 0x47, 0xC0, 0x46
	.byte 0x00, 0xC0, 0x9F, 0xE5, 0x1C, 0xFF, 0x2F, 0xE1, 0x49, 0x87, 0x1B, 0x02, 0x78, 0x47, 0xC0, 0x46
	.byte 0x00, 0xC0, 0x9F, 0xE5, 0x1C, 0xFF, 0x2F, 0xE1, 0x89, 0x85, 0x1B, 0x02, 0x78, 0x47, 0xC0, 0x46
	.byte 0x00, 0xC0, 0x9F, 0xE5, 0x1C, 0xFF, 0x2F, 0xE1, 0xB9, 0x86, 0x1B, 0x02, 0x78, 0x47, 0xC0, 0x46
	.byte 0x00, 0xC0, 0x9F, 0xE5, 0x1C, 0xFF, 0x2F, 0xE1, 0xE1, 0x86, 0x1F, 0x02, 0x78, 0x47, 0xC0, 0x46
	.byte 0x00, 0xC0, 0x9F, 0xE5, 0x1C, 0xFF, 0x2F, 0xE1, 0x7D, 0x20, 0x20, 0x02, 0x04, 0xF0, 0x1F, 0xE5
	.byte 0x98, 0x35, 0x04, 0x02, 0x10, 0xB5, 0x02, 0x1C, 0x00, 0x24, 0x8C, 0x32, 0x14, 0x70, 0x00, 0x23
	.byte 0x02, 0x1C, 0x10, 0x3B, 0x8D, 0x32, 0x13, 0x70, 0x02, 0x1C, 0xB0, 0x30, 0x00, 0x68, 0x63, 0x1E
	.byte 0x8E, 0x32, 0x13, 0x70, 0x00, 0xF0, 0x02, 0xF8, 0x10, 0xBD, 0xC0, 0x46, 0x78, 0x47, 0xC0, 0x46
	.byte 0x00, 0xC0, 0x9F, 0xE5, 0x1C, 0xFF, 0x2F, 0xE1, 0xD9, 0x25, 0x20, 0x02, 0x0F, 0x22, 0x01, 0x1C
	.byte 0xD2, 0x43, 0x8C, 0x31, 0x0A, 0x70, 0x01, 0x1C, 0x00, 0x22, 0x8D, 0x31, 0x0A, 0x70, 0x01, 0x1C
	.byte 0xB0, 0x30, 0x00, 0x68, 0x02, 0x4B, 0x01, 0x22, 0x8E, 0x31, 0x0A, 0x70, 0x18, 0x47, 0xC0, 0x46
	.byte 0x6D, 0x26, 0x20, 0x02, 0x08, 0xB5, 0xB0, 0x30, 0x00, 0x68, 0x00, 0xF0, 0x07, 0xF8, 0x00, 0x28
	.byte 0x01, 0xD1, 0x01, 0x20, 0x08, 0xBD, 0x00, 0x20, 0x08, 0xBD, 0xC0, 0x46, 0x78, 0x47, 0xC0, 0x46
	.byte 0x00, 0xC0, 0x9F, 0xE5, 0x1C, 0xFF, 0x2F, 0xE1, 0xFD, 0x26, 0x20, 0x02, 0x70, 0x47, 0x00, 0x00
	.byte 0x00, 0x4B, 0x18, 0x47, 0x39, 0x9D, 0x89, 0x06, 0x70, 0x47, 0x00, 0x00

	thumb_func_start FUN_overlay_95__06899d3c
FUN_overlay_95__06899d3c: ; 0x06899D3C
	push {r4, lr}
	add r4, r0, #0
	add r0, #0xb0
	ldr r0, [r0]
	bl FUN_06899D54
	cmp r0, #0
	beq _06899D52
	add r0, r4, #0
	bl FUN_overlay_95__06899d64
	thumb_func_end FUN_overlay_95__06899d3c
_06899D52:
	pop {r4, pc}

	thumb_func_start FUN_06899D54
FUN_06899D54: ; 0x06899D54
	bx pc
	nop
	thumb_func_end FUN_06899D54

	arm_func_start thunk_EXT_FUN_022033f0
thunk_EXT_FUN_022033f0: ; 0x06899D58
	ldr ip, _06899D60 ; =0x022033F1
	bx ip
	.balign 4, 0
	arm_func_end thunk_EXT_FUN_022033f0
_06899D60: .word 0x022033F1

	thumb_func_start FUN_overlay_95__06899d64
FUN_overlay_95__06899d64: ; 0x06899D64
	push {r3, lr}
	add r0, #0xb0
	ldr r0, [r0]
	mov r1, #0
	mov r2, #0
	bl FUN_06899D80
	mov r0, #8
	bl FUN_06899D90
	bl FUN_06899DA0
	pop {r3, pc}
	nop
	thumb_func_end FUN_overlay_95__06899d64

	thumb_func_start FUN_06899D80
FUN_06899D80: ; 0x06899D80
	bx pc
	nop
	thumb_func_end FUN_06899D80
_06899D84:
	.byte 0x00, 0xC0, 0x9F, 0xE5, 0x1C, 0xFF, 0x2F, 0xE1
_06899D8C:
	.byte 0x0D, 0x27, 0x20, 0x02

	thumb_func_start FUN_06899D90
FUN_06899D90: ; 0x06899D90
	bx pc
	nop
	thumb_func_end FUN_06899D90
_06899D94:
	.byte 0x00, 0xC0, 0x9F, 0xE5, 0x1C, 0xFF, 0x2F, 0xE1
_06899D9C:
	.byte 0xED, 0x81, 0x1F, 0x02

	thumb_func_start FUN_06899DA0
FUN_06899DA0: ; 0x06899DA0
	bx pc
	nop
	thumb_func_end FUN_06899DA0
_06899DA4:
	.byte 0x00, 0xC0, 0x9F, 0xE5, 0x1C, 0xFF, 0x2F, 0xE1
_06899DAC:
	.byte 0x79, 0x8A, 0x1F, 0x02
	.byte 0x08, 0xB5, 0xB0, 0x30, 0x00, 0x68, 0x00, 0xF0, 0x07, 0xF8, 0x00, 0x28, 0x01, 0xD1, 0x01, 0x20
	.byte 0x08, 0xBD, 0x00, 0x20, 0x08, 0xBD, 0xC0, 0x46, 0x78, 0x47, 0xC0, 0x46, 0x00, 0xC0, 0x9F, 0xE5
	.byte 0x1C, 0xFF, 0x2F, 0xE1, 0xCD, 0x33, 0x20, 0x02, 0x10, 0xB5, 0x04, 0x1C, 0x60, 0x69, 0x00, 0xF0
	.byte 0x0D, 0xF8, 0xE0, 0x68, 0x00, 0xF0, 0x12, 0xE8, 0x20, 0x1C, 0xB0, 0x30, 0x00, 0x68, 0x00, 0xF0
	.byte 0x11, 0xF8, 0x20, 0x1C, 0x00, 0xF0, 0x16, 0xE8, 0x10, 0xBD, 0xC0, 0x46, 0x78, 0x47, 0xC0, 0x46
	.byte 0x00, 0xC0, 0x9F, 0xE5, 0x1C, 0xFF, 0x2F, 0xE1, 0xC1, 0xC4, 0x01, 0x02, 0x04, 0xF0, 0x1F, 0xE5
	.byte 0x08, 0x58, 0x04, 0x02, 0x78, 0x47, 0xC0, 0x46, 0x00, 0xC0, 0x9F, 0xE5, 0x1C, 0xFF, 0x2F, 0xE1
	.byte 0xF5, 0x21, 0x20, 0x02, 0x04, 0xF0, 0x1F, 0xE5, 0xB0, 0x07, 0x03, 0x02, 0x00, 0x23, 0x19, 0x1C
	.byte 0x1A, 0x01, 0x82, 0x18, 0x11, 0x62, 0x51, 0x62, 0x91, 0x62, 0x5B, 0x1C, 0xD1, 0x62, 0x04, 0x2B
	.byte 0xF6, 0xDB, 0x01, 0x66, 0x70, 0x47, 0x00, 0x00

	thumb_func_start FUN_overlay_95__06899e48
FUN_overlay_95__06899e48: ; 0x06899E48
	push {r4, r5}
	ldr r5, [r0, #0x60]
	add r4, r0, #0
	add r3, r5, #1
	str r3, [r0, #0x60]
	add r4, #0x20
	lsl r3, r5, #4
	add r5, r4, r3
	str r1, [r4, r3]
	str r2, [r5, #4]
	str r0, [r5, #8]
	mov r0, #0
	str r0, [r5, #0xc]
	pop {r4, r5}
	bx lr
	.balign 4, 0
	thumb_func_end FUN_overlay_95__06899e48

	thumb_func_start FUN_overlay_95__06899e68
FUN_overlay_95__06899e68: ; 0x06899E68
	push {r3, r4, r5, lr}
	add r5, r0, #0
	ldr r0, [r5, #0x60]
	cmp r0, #0
	beq _06899ECC
	add r1, r5, #0
	sub r0, r0, #1
	add r1, #0x20
	lsl r0, r0, #4
	ldr r2, [r1, r0]
	add r4, r1, r0
	cmp r2, #0
	beq _06899E98
	add r0, r4, #0
	ldr r1, [r4, #8]
	add r0, #0xc
	blx r2
	cmp r0, #0
	beq _06899E94
	mov r0, #0
	str r0, [r4]
	str r0, [r4, #0xc]
	thumb_func_end FUN_overlay_95__06899e68
_06899E94:
	mov r0, #0
	b _06899EB4
_06899E98:
	ldr r2, [r4, #4]
	cmp r2, #0
	beq _06899EB2
	add r0, r4, #0
	ldr r1, [r4, #8]
	add r0, #0xc
	blx r2
	cmp r0, #0
	beq _06899EB0
	mov r0, #0
	str r0, [r4, #4]
	b _06899EB2
_06899EB0:
	b _06899E94
_06899EB2:
	mov r0, #1
_06899EB4:
	cmp r0, #0
	beq _06899EC8
	mov r0, #0
	str r0, [r4]
	str r0, [r4, #4]
	str r0, [r4, #8]
	str r0, [r4, #0xc]
	ldr r0, [r5, #0x60]
	sub r0, r0, #1
	str r0, [r5, #0x60]
_06899EC8:
	mov r0, #0
	pop {r3, r4, r5, pc}
_06899ECC:
	mov r0, #1
	pop {r3, r4, r5, pc}

	thumb_func_start FUN_overlay_95__06899ed0
FUN_overlay_95__06899ed0: ; 0x06899ED0
	push {r4, lr}
	str r1, [r0, #0x6c]
	ldr r1, [sp, #8]
	mov r4, #0
	str r1, [r0, #0x70]
	add r1, r0, #0
	add r1, #0x98
	str r4, [r1]
	add r1, r0, #0
	add r1, #0x8b
	strb r2, [r1]
	add r1, r0, #0
	add r1, #0x91
	strb r3, [r1]
	ldr r1, _06899EF8 ; =0x0689A031
	ldr r2, _06899EFC ; =0x0689A76D
	bl FUN_overlay_95__06899e48
	pop {r4, pc}
	nop
	thumb_func_end FUN_overlay_95__06899ed0
_06899EF8: .word 0x0689A031
_06899EFC: .word 0x0689A76D
_06899F00:
	.byte 0xC1, 0x66, 0x01, 0x1C, 0x03, 0x67, 0x00, 0x23, 0x98, 0x31, 0x0B, 0x60, 0x01, 0x1C, 0x8B, 0x31
	.byte 0x0A, 0x70, 0x02, 0x49, 0x02, 0x4A, 0x03, 0x4B, 0x18, 0x47, 0xC0, 0x46, 0x31, 0xA0, 0x89, 0x06
	.byte 0x4D, 0xA8, 0x89, 0x06, 0x49, 0x9E, 0x89, 0x06

	thumb_func_start FUN_overlay_95__06899f28
FUN_overlay_95__06899f28: ; 0x06899F28
	push {r4, lr}
	add r4, r0, #0
	bl FUN_overlay_95__06899e68
	cmp r0, #0
	beq _06899F3A
	add r4, #0x98
	ldr r0, [r4]
	pop {r4, pc}
	thumb_func_end FUN_overlay_95__06899f28
_06899F3A:
	mov r0, #0
	pop {r4, pc}
	.balign 4, 0
_06899F40:
	.byte 0xC1, 0x66, 0x01, 0x1C, 0x02, 0x67, 0x00, 0x22, 0x98, 0x31, 0x0A, 0x60, 0x02, 0x4A, 0x03, 0x49
	.byte 0x03, 0x4B, 0x82, 0x66, 0x18, 0x47, 0xC0, 0x46, 0x89, 0xA9, 0x89, 0x06, 0x79, 0xA8, 0x89, 0x06
	.byte 0x49, 0x9E, 0x89, 0x06

	thumb_func_start FUN_overlay_95__06899f64
FUN_overlay_95__06899f64: ; 0x06899F64
	push {r4, r5, r6, lr}
	add r5, r0, #0
	add r4, r1, #0
	ldr r6, _06899F9C ; =FUN_overlay_95__0689aba0
	mov r1, #0
	add r0, #0x98
	str r1, [r0]
	add r0, r2, #0
	str r4, [r5, #0x7c]
	str r2, [r5, #0x70]
	str r6, [r5, #0x68]
	bl FUN_06899FA4
	add r0, r4, #0
	add r0, #0x18
	bl FUN_06899FB4
	add r4, #0x1c
	add r0, r4, #0
	bl FUN_06899FC4
	ldr r1, _06899FA0 ; =FUN_overlay_95__0689ab48
	add r0, r5, #0
	add r2, r6, #0
	bl FUN_overlay_95__06899e48
	pop {r4, r5, r6, pc}
	nop
	thumb_func_end FUN_overlay_95__06899f64
_06899F9C: .word 0x0689ABA1
_06899FA0: .word 0x0689AB49

	thumb_func_start FUN_06899FA4
FUN_06899FA4: ; 0x06899FA4
	bx pc
	nop
	thumb_func_end FUN_06899FA4
_06899FA8:
	.byte 0x00, 0xC0, 0x9F, 0xE5, 0x1C, 0xFF, 0x2F, 0xE1
_06899FB0:
	.byte 0x35, 0x84, 0x1D, 0x02

	thumb_func_start FUN_06899FB4
FUN_06899FB4: ; 0x06899FB4
	bx pc
	nop
	thumb_func_end FUN_06899FB4
_06899FB8:
	.byte 0x00, 0xC0, 0x9F, 0xE5, 0x1C, 0xFF, 0x2F, 0xE1
_06899FC0:
	.byte 0x35, 0x84, 0x1D, 0x02

	thumb_func_start FUN_06899FC4
FUN_06899FC4: ; 0x06899FC4
	bx pc
	nop
	thumb_func_end FUN_06899FC4
_06899FC8:
	.byte 0x00, 0xC0, 0x9F, 0xE5, 0x1C, 0xFF, 0x2F, 0xE1
_06899FD0:
	.byte 0x35, 0x84, 0x1D, 0x02, 0x00, 0x4B, 0x18, 0x47, 0x69, 0x9E, 0x89, 0x06, 0x82, 0x6E, 0x01, 0x4B
	.byte 0x00, 0x21, 0x18, 0x47, 0x49, 0x9E, 0x89, 0x06, 0xC1, 0x66, 0x01, 0x1C, 0x02, 0x67, 0x00, 0x22
	.byte 0x98, 0x31, 0x0A, 0x60, 0x01, 0x49, 0x02, 0x4A, 0x02, 0x4B, 0x18, 0x47, 0x79, 0xA8, 0x89, 0x06
	.byte 0x4D, 0xA8, 0x89, 0x06, 0x49, 0x9E, 0x89, 0x06, 0xC1, 0x66, 0x02, 0x67, 0x01, 0x49, 0x02, 0x4A
	.byte 0x02, 0x4B, 0x18, 0x47, 0xD5, 0xB0, 0x89, 0x06, 0xE5, 0xB1, 0x89, 0x06, 0x49, 0x9E, 0x89, 0x06
	.byte 0x00, 0x4B, 0x18, 0x47, 0x69, 0x9E, 0x89, 0x06, 0x00, 0x4B, 0x18, 0x47, 0x2D, 0x9E, 0x89, 0x06
	.byte 0xF0, 0xB5
_0689A032:
	.byte 0xBB, 0xB0, 0x00, 0x91, 0x00, 0x20, 0x07, 0xA9, 0x02, 0x90, 0x08, 0x60, 0x02, 0x98
	.byte 0xC8, 0x22, 0x48, 0x60, 0x06, 0xA9, 0x08, 0x80, 0x02, 0x98, 0x48, 0x80, 0x00, 0x20, 0x09, 0xA9
	.byte 0x00, 0xF0, 0xC8, 0xE9, 0x00, 0x98, 0x90, 0x30, 0x00, 0x78, 0x39, 0x90, 0x00, 0x98, 0x91, 0x30
	.byte 0x01, 0x78, 0x39, 0xA8, 0x01, 0x71, 0x00, 0x98, 0xC0, 0x6E, 0x00, 0xF0, 0xBF, 0xF9, 0x02, 0x1C
	.byte 0x00, 0x98, 0x00, 0x99, 0xA0, 0x30, 0xA4, 0x31, 0x00, 0x68, 0x09, 0x68, 0x00, 0xF0, 0xBE, 0xF9
	.byte 0x01, 0x1C, 0x00, 0x98, 0xA0, 0x30, 0x00, 0x68, 0x00, 0xF0, 0xC0, 0xF9, 0x38, 0x90, 0x00, 0xF0
	.byte 0xC5, 0xF9, 0x00, 0x98, 0xA0, 0x30, 0x00, 0x68, 0x00, 0xF0, 0xC8, 0xF9, 0x01, 0x90
_0689A09E:
	ldr r0, [sp, #8]
	mov r4, #0
	str r4, [sp, #0x1c]
	str r4, [sp, #0x20]
	cmp r0, #0
	beq _0689A0AC
	b _0689A262
_0689A0AC:
	ldr r0, [sp]
	add r0, #0xa0
	ldr r0, [r0]
	bl FUN_0689A43C
	add r5, r0, #0
	ldr r0, [sp]
	add r0, #0xa0
	ldr r0, [r0]
	bl FUN_0689A44C
	add r4, r0, #0
	ldr r0, [sp, #4]
	cmp r0, #1
	bne _0689A120
	cmp r4, #4
	beq _0689A120
	cmp r5, r4
	bhs _0689A100
	ldr r0, [sp]
	add r1, r5, #0
	add r0, #0xa4
	ldr r0, [r0]
	bl FUN_0689A45C
	str r0, [sp, #0x1c]
	bl FUN_0689A46C
	add r1, sp, #0x18
	strh r0, [r1]
	ldr r0, [sp]
	add r1, r4, #0
	add r0, #0xa4
	ldr r0, [r0]
_0689A0F0:
	bl FUN_0689A47C
	str r0, [sp, #0x20]
	bl FUN_0689A48C
	add r1, sp, #0x18
	strh r0, [r1, #2]
	b _0689A130
_0689A100:
	ldr r0, [sp]
	add r1, r4, #0
	add r0, #0xa4
	ldr r0, [r0]
	bl FUN_0689A49C
	str r0, [sp, #0x1c]
	bl FUN_0689A4AC
	add r1, sp, #0x18
	strh r0, [r1]
	ldr r0, [sp]
	add r1, r5, #0
	add r0, #0xa4
	ldr r0, [r0]
	b _0689A0F0
_0689A120:
	ldr r0, [sp]
	add r0, #0xa8
	ldr r0, [r0]
	str r0, [sp, #0x1c]
	bl FUN_0689A4BC
	add r1, sp, #0x18
	strh r0, [r1]
_0689A130:
	ldr r0, [sp, #4]
	cmp r0, #3
	bhi _0689A16E
	add r0, r0, r0
	add r0, pc
	ldrh r0, [r0, #6]
	lsl r0, r0, #0x10
	asr r0, r0, #0x10
	add pc, r0
_0689A142: ; jump table
	.hword 0x0006 ; case 0
	.hword 0x0094 ; case 1
	.hword 0x0050 ; case 2
	.hword 0x0094 ; case 3
_0689A14A:
	ldr r0, [sp]
	mov r1, #0
	add r0, #0xa0
	ldr r0, [r0]
	mov r5, #0
	bl FUN_0689A4CC
	add r1, r0, #0
	ldr r0, [sp]
	add r0, #0xa4
	ldr r0, [r0]
	bl FUN_0689A4DC
	add r4, r0, #0
	bl FUN_0689A4EC
	cmp r0, #0
	beq _0689A170
_0689A16E:
	b _0689A2D6
_0689A170:
	add r0, r4, #0
	bl FUN_0689A4FC
	str r0, [sp, #0xbc]
	add r0, r4, #0
	bl FUN_0689A50C
	mov r1, #0x6f
	add r2, r5, #0
	bl FUN_0689A51C
	str r0, [sp, #0xc8]
	add r0, r4, #0
	mov r1, #0x12
	bl FUN_0689A52C
	str r0, [sp, #0xd4]
	b _0689A2D6
_0689A194:
	ldr r0, [sp]
	mov r1, #6
	add r0, #0xa0
	ldr r0, [r0]
	bl FUN_0689A53C
	add r1, r0, #0
	ldr r0, [sp]
	add r0, #0xa4
	ldr r0, [r0]
	bl FUN_0689A54C
	add r4, r0, #0
	bl FUN_0689A55C
	cmp r0, #0
	bne _0689A1D8
	add r0, r4, #0
	bl FUN_0689A56C
	str r0, [sp, #0xc4]
	add r0, r4, #0
	bl FUN_0689A57C
	mov r1, #0x6f
	mov r2, #0
	bl FUN_0689A58C
	str r0, [sp, #0xd0]
	add r0, r4, #0
	mov r1, #0x12
	bl FUN_0689A59C
	str r0, [sp, #0xdc]
_0689A1D8:
	ldr r0, [sp]
	mov r1, #2
	add r0, #0xa0
	ldr r0, [r0]
	bl FUN_0689A5AC
	add r1, r0, #0
	ldr r0, [sp]
	add r0, #0xa4
	ldr r0, [r0]
	bl FUN_0689A5BC
	add r4, r0, #0
	bl FUN_0689A5CC
	cmp r0, #0
	bne _0689A21C
	add r0, r4, #0
	bl FUN_0689A5DC
	str r0, [sp, #0xbc]
	add r0, r4, #0
	bl FUN_0689A5EC
	mov r1, #0x6f
	mov r2, #0
	bl FUN_0689A5FC
	str r0, [sp, #0xc8]
	add r0, r4, #0
	mov r1, #0x12
	bl FUN_0689A60C
	str r0, [sp, #0xd4]
_0689A21C:
	ldr r0, [sp]
	mov r1, #4
	add r0, #0xa0
	ldr r0, [r0]
	bl FUN_0689A61C
	add r1, r0, #0
	ldr r0, [sp]
	add r0, #0xa4
	ldr r0, [r0]
	bl FUN_0689A62C
	add r4, r0, #0
	bl FUN_0689A63C
	cmp r0, #0
	bne _0689A2D6
	add r0, r4, #0
	bl FUN_0689A64C
	str r0, [sp, #0xc0]
	add r0, r4, #0
	bl FUN_0689A65C
	mov r1, #0x6f
	mov r2, #0
	bl FUN_0689A66C
	str r0, [sp, #0xcc]
	add r0, r4, #0
	mov r1, #0x12
	bl FUN_0689A67C
	str r0, [sp, #0xd8]
	b _0689A2D6
_0689A262:
	ldr r0, [sp]
	add r0, #0xa0
	ldr r0, [r0]
	bl FUN_0689A68C
	cmp r0, #0
	beq _0689A27E
	ldr r0, [sp]
	add r0, #0xa0
	ldr r0, [r0]
	bl FUN_0689A69C
	cmp r0, #4
	bne _0689A280
_0689A27E:
	b _0689A3BA
_0689A280:
	ldr r0, [sp]
	add r1, r4, #0
	add r0, #0xa0
	ldr r0, [r0]
	bl FUN_0689A6AC
	add r4, r0, #0
	ldr r0, [sp]
	mov r1, #1
	add r0, #0xa0
	ldr r0, [r0]
	mov r6, #1
	bl FUN_0689A6BC
	add r5, r0, #0
	ldr r0, [sp]
	str r6, [sp, #0xb8]
	add r0, #0xa4
	ldr r0, [r0]
	add r1, r4, #0
	bl FUN_0689A6CC
	str r0, [sp, #0x1c]
	bl FUN_0689A6DC
	add r1, sp, #0x18
	strh r0, [r1]
	ldr r0, [sp, #4]
	cmp r0, #1
	bne _0689A2D6
	cmp r4, r5
	beq _0689A2D6
	ldr r0, [sp]
	add r1, r5, #0
	add r0, #0xa4
	ldr r0, [r0]
	bl FUN_0689A6EC
	str r0, [sp, #0x20]
	bl FUN_0689A6FC
	add r1, sp, #0x18
	strh r0, [r1, #2]
_0689A2D6:
	ldr r0, [sp, #0x20]
	cmp r0, #0
	add r0, sp, #0x18
	bne _0689A2E2
	ldrh r0, [r0]
	b _0689A308
_0689A2E2:
	ldrh r0, [r0]
	cmp r0, #3
	bls _0689A2EE
	mov r1, #3
	add r0, sp, #0x18
	strh r1, [r0]
_0689A2EE:
	add r0, sp, #0x18
	ldrh r0, [r0, #2]
	cmp r0, #3
	bls _0689A2FC
	mov r1, #3
	add r0, sp, #0x18
	strh r1, [r0, #2]
_0689A2FC:
	add r0, sp, #0x18
	ldrh r1, [r0]
	ldrh r0, [r0, #2]
	add r0, r1, r0
	lsl r0, r0, #0x10
	lsr r0, r0, #0x10
_0689A308:
	str r0, [sp, #0xc]
	ldr r0, [sp, #0xc]
	mov r6, #0
	cmp r0, #0
	bls _0689A3AA
	ldr r0, [sp, #8]
	mov r1, #0x48
	mul r1, r0
	add r0, sp, #0x18
	ldrh r0, [r0]
	add r2, sp, #0x24
	add r7, r2, r1
	str r0, [sp, #0x10]
_0689A322:
	ldr r0, [sp, #0x10]
	cmp r6, r0
	bhs _0689A32E
	mov r4, #0
	add r5, r6, #0
	b _0689A332
_0689A32E:
	mov r4, #1
	sub r5, r6, r0
_0689A332:
	lsl r1, r4, #2
	add r0, sp, #0x1c
	ldr r0, [r0, r1]
	lsl r1, r5, #0x18
	lsr r1, r1, #0x18
	bl FUN_0689A70C
	str r0, [sp, #0x14]
	bl FUN_0689A71C
	cmp r0, #0
	bne _0689A38E
	ldr r0, [sp, #0x14]
	bl FUN_0689A72C
	cmp r0, #0
	beq _0689A364
	lsl r0, r4, #1
	add r0, r4, r0
	add r1, r5, r0
	mov r0, #0xc
	mul r0, r1
	add r1, r7, r0
	mov r0, #3
	b _0689A39C
_0689A364:
	ldr r0, [sp, #0x14]
	bl FUN_0689A73C
	cmp r0, #0
	bne _0689A37E
	lsl r0, r4, #1
	add r0, r4, r0
	add r1, r5, r0
	mov r0, #0xc
	mul r0, r1
	add r1, r7, r0
	mov r0, #0
	b _0689A39C
_0689A37E:
	lsl r0, r4, #1
	add r0, r4, r0
	add r1, r5, r0
	mov r0, #0xc
	mul r0, r1
	add r1, r7, r0
	mov r0, #1
	b _0689A39C
_0689A38E:
	lsl r0, r4, #1
	add r0, r4, r0
	add r1, r5, r0
	mov r0, #0xc
	mul r0, r1
	add r1, r7, r0
	mov r0, #2
_0689A39C:
	strb r0, [r1, #1]
	add r0, r6, #1
	lsl r0, r0, #0x10
	lsr r6, r0, #0x10
	ldr r0, [sp, #0xc]
	cmp r6, r0
	blo _0689A322
_0689A3AA:
	ldr r0, [sp, #8]
	add r0, r0, #1
	lsl r0, r0, #0x10
	lsr r0, r0, #0x10
	str r0, [sp, #8]
	cmp r0, #2
	bhs _0689A3BA
	b _0689A09E
_0689A3BA:
	ldr r0, [sp]
	add r0, #0x8b
	ldrb r0, [r0]
	str r0, [sp, #0xb4]
	ldr r0, [sp]
	ldr r0, [r0, #0x10]
	bl FUN_0689A74C
	add r1, sp, #0xe4
	strb r0, [r1, #5]
	ldr r0, [sp]
	mov r1, #1
	add r0, #0xb0
	str r0, [sp]
	ldr r0, [r0]
	add r2, sp, #0x24
	bl FUN_0689A75C
	mov r0, #1
	add sp, #0xec
	pop {r4, r5, r6, r7, pc}
_0689A3E4:
	.byte 0x04, 0xF0, 0x1F, 0xE5
_0689A3E8:
	.byte 0x48, 0x2A, 0x08, 0x02, 0x78, 0x47, 0xC0, 0x46
	.byte 0x00, 0xC0, 0x9F, 0xE5, 0x1C, 0xFF, 0x2F, 0xE1
_0689A3F8:
	.byte 0x41, 0x54, 0x1D, 0x02, 0x78, 0x47, 0xC0, 0x46
	.byte 0x00, 0xC0, 0x9F, 0xE5, 0x1C, 0xFF, 0x2F, 0xE1
_0689A408:
	.byte 0x8D, 0x8D, 0x1B, 0x02, 0x78, 0x47, 0xC0, 0x46
	.byte 0x00, 0xC0, 0x9F, 0xE5, 0x1C, 0xFF, 0x2F, 0xE1
_0689A418:
	.byte 0x71, 0x8E, 0x1B, 0x02, 0x78, 0x47, 0xC0, 0x46
	.byte 0x00, 0xC0, 0x9F, 0xE5, 0x1C, 0xFF, 0x2F, 0xE1
_0689A428:
	.byte 0xED, 0x81, 0x1F, 0x02, 0x78, 0x47, 0xC0, 0x46
	.byte 0x00, 0xC0, 0x9F, 0xE5, 0x1C, 0xFF, 0x2F, 0xE1
_0689A438:
	.byte 0x89, 0x85, 0x1B, 0x02

	thumb_func_start FUN_0689A43C
FUN_0689A43C: ; 0x0689A43C
	bx pc
	nop
	thumb_func_end FUN_0689A43C

	arm_func_start thunk_EXT_FUN_021b8ff4
thunk_EXT_FUN_021b8ff4: ; 0x0689A440
	ldr ip, _0689A448 ; =0x021B8FF5
	bx ip
	.balign 4, 0
	arm_func_end thunk_EXT_FUN_021b8ff4
_0689A448: .word 0x021B8FF5

	thumb_func_start FUN_0689A44C
FUN_0689A44C: ; 0x0689A44C
	bx pc
	nop
	thumb_func_end FUN_0689A44C

	arm_func_start thunk_EXT_FUN_021b9000
thunk_EXT_FUN_021b9000: ; 0x0689A450
	ldr ip, _0689A458 ; =0x021B9001
	bx ip
	.balign 4, 0
	arm_func_end thunk_EXT_FUN_021b9000
_0689A458: .word 0x021B9001

	thumb_func_start FUN_0689A45C
FUN_0689A45C: ; 0x0689A45C
	bx pc
	nop
	thumb_func_end FUN_0689A45C
_0689A460:
	.byte 0x00, 0xC0, 0x9F, 0xE5, 0x1C, 0xFF, 0x2F, 0xE1
_0689A468:
	.byte 0xF9, 0x9A, 0x1B, 0x02

	thumb_func_start FUN_0689A46C
FUN_0689A46C: ; 0x0689A46C
	bx pc
	nop
	thumb_func_end FUN_0689A46C
_0689A470:
	.byte 0x00, 0xC0, 0x9F, 0xE5, 0x1C, 0xFF, 0x2F, 0xE1
_0689A478:
	.byte 0x95, 0x9B, 0x1B, 0x02

	thumb_func_start FUN_0689A47C
FUN_0689A47C: ; 0x0689A47C
	bx pc
	nop
	thumb_func_end FUN_0689A47C
_0689A480:
	.byte 0x00, 0xC0, 0x9F, 0xE5, 0x1C, 0xFF, 0x2F, 0xE1
_0689A488:
	.byte 0xF9, 0x9A, 0x1B, 0x02

	thumb_func_start FUN_0689A48C
FUN_0689A48C: ; 0x0689A48C
	bx pc
	nop
	thumb_func_end FUN_0689A48C
_0689A490:
	.byte 0x00, 0xC0, 0x9F, 0xE5, 0x1C, 0xFF, 0x2F, 0xE1
_0689A498:
	.byte 0x95, 0x9B, 0x1B, 0x02

	thumb_func_start FUN_0689A49C
FUN_0689A49C: ; 0x0689A49C
	bx pc
	nop
	thumb_func_end FUN_0689A49C
_0689A4A0:
	.byte 0x00, 0xC0, 0x9F, 0xE5, 0x1C, 0xFF, 0x2F, 0xE1
_0689A4A8:
	.byte 0xF9, 0x9A, 0x1B, 0x02

	thumb_func_start FUN_0689A4AC
FUN_0689A4AC: ; 0x0689A4AC
	bx pc
	nop
	thumb_func_end FUN_0689A4AC
_0689A4B0:
	.byte 0x00, 0xC0, 0x9F, 0xE5, 0x1C, 0xFF, 0x2F, 0xE1
_0689A4B8:
	.byte 0x95, 0x9B, 0x1B, 0x02

	thumb_func_start FUN_0689A4BC
FUN_0689A4BC: ; 0x0689A4BC
	bx pc
	nop
	thumb_func_end FUN_0689A4BC
_0689A4C0:
	.byte 0x00, 0xC0, 0x9F, 0xE5, 0x1C, 0xFF, 0x2F, 0xE1
_0689A4C8:
	.byte 0x95, 0x9B, 0x1B, 0x02

	thumb_func_start FUN_0689A4CC
FUN_0689A4CC: ; 0x0689A4CC
	bx pc
	nop
	thumb_func_end FUN_0689A4CC
_0689A4D0:
	.byte 0x00, 0xC0, 0x9F, 0xE5, 0x1C, 0xFF, 0x2F, 0xE1
_0689A4D8:
	.byte 0xD9, 0x8E, 0x1B, 0x02

	thumb_func_start FUN_0689A4DC
FUN_0689A4DC: ; 0x0689A4DC
	bx pc
	nop
	thumb_func_end FUN_0689A4DC
_0689A4E0:
	.byte 0x00, 0xC0, 0x9F, 0xE5, 0x1C, 0xFF, 0x2F, 0xE1
_0689A4E8:
	.byte 0xAD, 0x98, 0x1B, 0x02

	thumb_func_start FUN_0689A4EC
FUN_0689A4EC: ; 0x0689A4EC
	bx pc
	nop
	thumb_func_end FUN_0689A4EC
_0689A4F0:
	.byte 0x00, 0xC0, 0x9F, 0xE5, 0x1C, 0xFF, 0x2F, 0xE1
_0689A4F8:
	.byte 0x69, 0x5B, 0x1D, 0x02

	thumb_func_start FUN_0689A4FC
FUN_0689A4FC: ; 0x0689A4FC
	bx pc
	nop
	thumb_func_end FUN_0689A4FC
_0689A500:
	.byte 0x00, 0xC0, 0x9F, 0xE5, 0x1C, 0xFF, 0x2F, 0xE1
_0689A508:
	.byte 0x45, 0x54, 0x1D, 0x02

	thumb_func_start FUN_0689A50C
FUN_0689A50C: ; 0x0689A50C
	bx pc
	nop
	thumb_func_end FUN_0689A50C
_0689A510:
	.byte 0x00, 0xC0, 0x9F, 0xE5, 0x1C, 0xFF, 0x2F, 0xE1
_0689A518:
	.byte 0x65, 0x58, 0x1D, 0x02

	thumb_func_start FUN_0689A51C
FUN_0689A51C: ; 0x0689A51C
	bx pc
	nop
	thumb_func_end FUN_0689A51C
_0689A520:
	.byte 0x00, 0xC0, 0x9F, 0xE5, 0x1C, 0xFF, 0x2F, 0xE1
_0689A528:
	.byte 0x1D, 0x7E, 0x01, 0x02

	thumb_func_start FUN_0689A52C
FUN_0689A52C: ; 0x0689A52C
	bx pc
	nop
	thumb_func_end FUN_0689A52C
_0689A530:
	.byte 0x00, 0xC0, 0x9F, 0xE5, 0x1C, 0xFF, 0x2F, 0xE1
_0689A538:
	.byte 0xB5, 0x59, 0x1D, 0x02

	thumb_func_start FUN_0689A53C
FUN_0689A53C: ; 0x0689A53C
	bx pc
	nop
	thumb_func_end FUN_0689A53C
_0689A540:
	.byte 0x00, 0xC0, 0x9F, 0xE5, 0x1C, 0xFF, 0x2F, 0xE1
_0689A548:
	.byte 0xD9, 0x8E, 0x1B, 0x02

	thumb_func_start FUN_0689A54C
FUN_0689A54C: ; 0x0689A54C
	bx pc
	nop
	thumb_func_end FUN_0689A54C
_0689A550:
	.byte 0x00, 0xC0, 0x9F, 0xE5, 0x1C, 0xFF, 0x2F, 0xE1
_0689A558:
	.byte 0xAD, 0x98, 0x1B, 0x02

	thumb_func_start FUN_0689A55C
FUN_0689A55C: ; 0x0689A55C
	bx pc
	nop
	thumb_func_end FUN_0689A55C
_0689A560:
	.byte 0x00, 0xC0, 0x9F, 0xE5, 0x1C, 0xFF, 0x2F, 0xE1
_0689A568:
	.byte 0x69, 0x5B, 0x1D, 0x02

	thumb_func_start FUN_0689A56C
FUN_0689A56C: ; 0x0689A56C
	bx pc
	nop
	thumb_func_end FUN_0689A56C
_0689A570:
	.byte 0x00, 0xC0, 0x9F, 0xE5, 0x1C, 0xFF, 0x2F, 0xE1
_0689A578:
	.byte 0x45, 0x54, 0x1D, 0x02

	thumb_func_start FUN_0689A57C
FUN_0689A57C: ; 0x0689A57C
	bx pc
	nop
	thumb_func_end FUN_0689A57C
_0689A580:
	.byte 0x00, 0xC0, 0x9F, 0xE5, 0x1C, 0xFF, 0x2F, 0xE1
_0689A588:
	.byte 0x65, 0x58, 0x1D, 0x02

	thumb_func_start FUN_0689A58C
FUN_0689A58C: ; 0x0689A58C
	bx pc
	nop
	thumb_func_end FUN_0689A58C
_0689A590:
	.byte 0x00, 0xC0, 0x9F, 0xE5, 0x1C, 0xFF, 0x2F, 0xE1
_0689A598:
	.byte 0x1D, 0x7E, 0x01, 0x02

	thumb_func_start FUN_0689A59C
FUN_0689A59C: ; 0x0689A59C
	bx pc
	nop
	thumb_func_end FUN_0689A59C
_0689A5A0:
	.byte 0x00, 0xC0, 0x9F, 0xE5, 0x1C, 0xFF, 0x2F, 0xE1
_0689A5A8:
	.byte 0xB5, 0x59, 0x1D, 0x02

	thumb_func_start FUN_0689A5AC
FUN_0689A5AC: ; 0x0689A5AC
	bx pc
	nop
	thumb_func_end FUN_0689A5AC
_0689A5B0:
	.byte 0x00, 0xC0, 0x9F, 0xE5, 0x1C, 0xFF, 0x2F, 0xE1
_0689A5B8:
	.byte 0xD9, 0x8E, 0x1B, 0x02

	thumb_func_start FUN_0689A5BC
FUN_0689A5BC: ; 0x0689A5BC
	bx pc
	nop
	thumb_func_end FUN_0689A5BC
_0689A5C0:
	.byte 0x00, 0xC0, 0x9F, 0xE5, 0x1C, 0xFF, 0x2F, 0xE1
_0689A5C8:
	.byte 0xAD, 0x98, 0x1B, 0x02

	thumb_func_start FUN_0689A5CC
FUN_0689A5CC: ; 0x0689A5CC
	bx pc
	nop
	thumb_func_end FUN_0689A5CC
_0689A5D0:
	.byte 0x00, 0xC0, 0x9F, 0xE5, 0x1C, 0xFF, 0x2F, 0xE1
_0689A5D8:
	.byte 0x69, 0x5B, 0x1D, 0x02

	thumb_func_start FUN_0689A5DC
FUN_0689A5DC: ; 0x0689A5DC
	bx pc
	nop
	thumb_func_end FUN_0689A5DC
_0689A5E0:
	.byte 0x00, 0xC0, 0x9F, 0xE5, 0x1C, 0xFF, 0x2F, 0xE1
_0689A5E8:
	.byte 0x45, 0x54, 0x1D, 0x02

	thumb_func_start FUN_0689A5EC
FUN_0689A5EC: ; 0x0689A5EC
	bx pc
	nop
	thumb_func_end FUN_0689A5EC
_0689A5F0:
	.byte 0x00, 0xC0, 0x9F, 0xE5, 0x1C, 0xFF, 0x2F, 0xE1
_0689A5F8:
	.byte 0x65, 0x58, 0x1D, 0x02

	thumb_func_start FUN_0689A5FC
FUN_0689A5FC: ; 0x0689A5FC
	bx pc
	nop
	thumb_func_end FUN_0689A5FC
_0689A600:
	.byte 0x00, 0xC0, 0x9F, 0xE5, 0x1C, 0xFF, 0x2F, 0xE1
_0689A608:
	.byte 0x1D, 0x7E, 0x01, 0x02

	thumb_func_start FUN_0689A60C
FUN_0689A60C: ; 0x0689A60C
	bx pc
	nop
	thumb_func_end FUN_0689A60C
_0689A610:
	.byte 0x00, 0xC0, 0x9F, 0xE5, 0x1C, 0xFF, 0x2F, 0xE1
_0689A618:
	.byte 0xB5, 0x59, 0x1D, 0x02

	thumb_func_start FUN_0689A61C
FUN_0689A61C: ; 0x0689A61C
	bx pc
	nop
	thumb_func_end FUN_0689A61C
_0689A620:
	.byte 0x00, 0xC0, 0x9F, 0xE5, 0x1C, 0xFF, 0x2F, 0xE1
_0689A628:
	.byte 0xD9, 0x8E, 0x1B, 0x02

	thumb_func_start FUN_0689A62C
FUN_0689A62C: ; 0x0689A62C
	bx pc
	nop
	thumb_func_end FUN_0689A62C
_0689A630:
	.byte 0x00, 0xC0, 0x9F, 0xE5, 0x1C, 0xFF, 0x2F, 0xE1
_0689A638:
	.byte 0xAD, 0x98, 0x1B, 0x02

	thumb_func_start FUN_0689A63C
FUN_0689A63C: ; 0x0689A63C
	bx pc
	nop
	thumb_func_end FUN_0689A63C
_0689A640:
	.byte 0x00, 0xC0, 0x9F, 0xE5, 0x1C, 0xFF, 0x2F, 0xE1
_0689A648:
	.byte 0x69, 0x5B, 0x1D, 0x02

	thumb_func_start FUN_0689A64C
FUN_0689A64C: ; 0x0689A64C
	bx pc
	nop
	thumb_func_end FUN_0689A64C
_0689A650:
	.byte 0x00, 0xC0, 0x9F, 0xE5, 0x1C, 0xFF, 0x2F, 0xE1
_0689A658:
	.byte 0x45, 0x54, 0x1D, 0x02

	thumb_func_start FUN_0689A65C
FUN_0689A65C: ; 0x0689A65C
	bx pc
	nop
	thumb_func_end FUN_0689A65C
_0689A660:
	.byte 0x00, 0xC0, 0x9F, 0xE5, 0x1C, 0xFF, 0x2F, 0xE1
_0689A668:
	.byte 0x65, 0x58, 0x1D, 0x02

	thumb_func_start FUN_0689A66C
FUN_0689A66C: ; 0x0689A66C
	bx pc
	nop
	thumb_func_end FUN_0689A66C

	arm_func_start thunk_FUN_02017e1c
thunk_FUN_02017e1c: ; 0x0689A670
	ldr ip, _0689A678 ; =0x02017E1D
	bx ip
	.balign 4, 0
	arm_func_end thunk_FUN_02017e1c
_0689A678: .word 0x02017E1D

	thumb_func_start FUN_0689A67C
FUN_0689A67C: ; 0x0689A67C
	bx pc
	nop
	thumb_func_end FUN_0689A67C
_0689A680:
	.byte 0x00, 0xC0, 0x9F, 0xE5, 0x1C, 0xFF, 0x2F, 0xE1
_0689A688:
	.byte 0xB5, 0x59, 0x1D, 0x02

	thumb_func_start FUN_0689A68C
FUN_0689A68C: ; 0x0689A68C
	bx pc
	nop
	thumb_func_end FUN_0689A68C
_0689A690:
	.byte 0x00, 0xC0, 0x9F, 0xE5, 0x1C, 0xFF, 0x2F, 0xE1
_0689A698:
	.byte 0xB9, 0x86, 0x1B, 0x02

	thumb_func_start FUN_0689A69C
FUN_0689A69C: ; 0x0689A69C
	bx pc
	nop
	thumb_func_end FUN_0689A69C

	arm_func_start thunk_EXT_FUN_021b86b8
thunk_EXT_FUN_021b86b8: ; 0x0689A6A0
	ldr ip, _0689A6A8 ; =0x021B86B9
	bx ip
	.balign 4, 0
	arm_func_end thunk_EXT_FUN_021b86b8
_0689A6A8: .word 0x021B86B9

	thumb_func_start FUN_0689A6AC
FUN_0689A6AC: ; 0x0689A6AC
	bx pc
	nop
	thumb_func_end FUN_0689A6AC
_0689A6B0:
	.byte 0x00, 0xC0, 0x9F, 0xE5, 0x1C, 0xFF, 0x2F, 0xE1
_0689A6B8:
	.byte 0x4D, 0x90, 0x1B, 0x02

	thumb_func_start FUN_0689A6BC
FUN_0689A6BC: ; 0x0689A6BC
	bx pc
	nop
	thumb_func_end FUN_0689A6BC

	arm_func_start thunk_EXT_FUN_021b904c
thunk_EXT_FUN_021b904c: ; 0x0689A6C0
	ldr ip, _0689A6C8 ; =0x021B904D
	bx ip
	.balign 4, 0
	arm_func_end thunk_EXT_FUN_021b904c
_0689A6C8: .word 0x021B904D

	thumb_func_start FUN_0689A6CC
FUN_0689A6CC: ; 0x0689A6CC
	bx pc
	nop
	thumb_func_end FUN_0689A6CC
_0689A6D0:
	.byte 0x00, 0xC0, 0x9F, 0xE5, 0x1C, 0xFF, 0x2F, 0xE1
_0689A6D8:
	.byte 0xF9, 0x9A, 0x1B, 0x02

	thumb_func_start FUN_0689A6DC
FUN_0689A6DC: ; 0x0689A6DC
	bx pc
	nop
	thumb_func_end FUN_0689A6DC
_0689A6E0:
	.byte 0x00, 0xC0, 0x9F, 0xE5, 0x1C, 0xFF, 0x2F, 0xE1
_0689A6E8:
	.byte 0x95, 0x9B, 0x1B, 0x02

	thumb_func_start FUN_0689A6EC
FUN_0689A6EC: ; 0x0689A6EC
	bx pc
	nop
	thumb_func_end FUN_0689A6EC

	arm_func_start thunk_EXT_FUN_021b9af8
thunk_EXT_FUN_021b9af8: ; 0x0689A6F0
	ldr ip, _0689A6F8 ; =0x021B9AF9
	bx ip
	.balign 4, 0
	arm_func_end thunk_EXT_FUN_021b9af8
_0689A6F8: .word 0x021B9AF9

	thumb_func_start FUN_0689A6FC
FUN_0689A6FC: ; 0x0689A6FC
	bx pc
	nop
	thumb_func_end FUN_0689A6FC

	arm_func_start thunk_EXT_FUN_021b9b94
thunk_EXT_FUN_021b9b94: ; 0x0689A700
	ldr ip, _0689A708 ; =0x021B9B95
	bx ip
	.balign 4, 0
	arm_func_end thunk_EXT_FUN_021b9b94
_0689A708: .word 0x021B9B95

	thumb_func_start FUN_0689A70C
FUN_0689A70C: ; 0x0689A70C
	bx pc
	nop
	thumb_func_end FUN_0689A70C
_0689A710:
	.byte 0x00, 0xC0, 0x9F, 0xE5, 0x1C, 0xFF, 0x2F, 0xE1
_0689A718:
	.byte 0x01, 0x9C, 0x1B, 0x02

	thumb_func_start FUN_0689A71C
FUN_0689A71C: ; 0x0689A71C
	bx pc
	nop
	thumb_func_end FUN_0689A71C
_0689A720:
	.byte 0x00, 0xC0, 0x9F, 0xE5, 0x1C, 0xFF, 0x2F, 0xE1
_0689A728:
	.byte 0x69, 0x5B, 0x1D, 0x02

	thumb_func_start FUN_0689A72C
FUN_0689A72C: ; 0x0689A72C
	bx pc
	nop
	thumb_func_end FUN_0689A72C
_0689A730:
	.byte 0x00, 0xC0, 0x9F, 0xE5, 0x1C, 0xFF, 0x2F, 0xE1
_0689A738:
	.byte 0xA9, 0x62, 0x1D, 0x02

	thumb_func_start FUN_0689A73C
FUN_0689A73C: ; 0x0689A73C
	bx pc
	nop
	thumb_func_end FUN_0689A73C

	arm_func_start thunk_EXT_FUN_021d5b7c
thunk_EXT_FUN_021d5b7c: ; 0x0689A740
	ldr ip, _0689A748 ; =0x021D5B7D
	bx ip
	.balign 4, 0
	arm_func_end thunk_EXT_FUN_021d5b7c
_0689A748: .word 0x021D5B7D

	thumb_func_start FUN_0689A74C
FUN_0689A74C: ; 0x0689A74C
	bx pc
	nop
	thumb_func_end FUN_0689A74C

	arm_func_start thunk_EXT_FUN_021d3d84
thunk_EXT_FUN_021d3d84: ; 0x0689A750
	ldr ip, _0689A758 ; =0x021D3D85
	bx ip
	.balign 4, 0
	arm_func_end thunk_EXT_FUN_021d3d84
_0689A758: .word 0x021D3D85

	thumb_func_start FUN_0689A75C
FUN_0689A75C: ; 0x0689A75C
	bx pc
	nop
	thumb_func_end FUN_0689A75C
_0689A760:
	.byte 0x00, 0xC0, 0x9F, 0xE5, 0x1C, 0xFF, 0x2F, 0xE1
_0689A768:
	.byte 0x0D, 0x27, 0x20, 0x02, 0x38, 0xB5
_0689A76E:
	.byte 0x05, 0x1C
	.byte 0x28, 0x68, 0x0C, 0x1C, 0x00, 0x28, 0x02, 0xD0, 0x01, 0x28, 0x26, 0xD0, 0x2D, 0xE0

	non_word_aligned_thumb_func_start LAB_overlay_95__0689a77e
LAB_overlay_95__0689a77e: ; 0x0689A77E
	add r0, r4, #0
	add r0, #0xb0
	ldr r0, [r0]
	ldr r1, _0689A7E0 ; =_0689D8D4
	ldr r2, _0689A7E4 ; =_0689DF64
	bl FUN_0689A7EC
	mov r1, #0
	mvn r1, r1
	cmp r0, r1
	beq _0689A7DA
	ldr r1, _0689A7E8 ; =_0689D828
	ldrb r1, [r1, r0]
	add r0, r4, #0
	add r0, #0x98
	str r1, [r0]
	cmp r1, #4
	bne _0689A7C6
	ldr r0, [r4, #0x70]
	bl FUN_0689A7FC
	add r4, #0xb0
	ldr r0, [r4]
	mov r1, #0
	mov r2, #0
	bl FUN_0689A80C
	mov r0, #8
	bl FUN_0689A81C
	bl FUN_0689A82C
	ldr r0, [r5]
	add r0, r0, #1
	str r0, [r5]
	b _0689A7DA
	thumb_func_end LAB_overlay_95__0689a77e
_0689A7C6:
	mov r0, #1
	pop {r3, r4, r5, pc}

	non_word_aligned_thumb_func_start LAB_overlay_95__0689a7ca
LAB_overlay_95__0689a7ca: ; 0x0689A7CA
	add r4, #0xb0
	ldr r0, [r4]
	bl FUN_0689A83C
	cmp r0, #0
	bne _0689A7DA
	mov r0, #1
	pop {r3, r4, r5, pc}
	thumb_func_end LAB_overlay_95__0689a7ca
_0689A7DA:
	mov r0, #0
	pop {r3, r4, r5, pc}
	nop
_0689A7E0: .word 0x0689D8D4
_0689A7E4: .word 0x0689DF64
_0689A7E8: .word 0x0689D828

	thumb_func_start FUN_0689A7EC
FUN_0689A7EC: ; 0x0689A7EC
	bx pc
	nop
	thumb_func_end FUN_0689A7EC
_0689A7F0:
	.byte 0x00, 0xC0, 0x9F, 0xE5, 0x1C, 0xFF, 0x2F, 0xE1
_0689A7F8:
	.byte 0xC5, 0x2D, 0x20, 0x02

	thumb_func_start FUN_0689A7FC
FUN_0689A7FC: ; 0x0689A7FC
	bx pc
	nop
	thumb_func_end FUN_0689A7FC

	arm_func_start thunk_EXT_FUN_021d8414
thunk_EXT_FUN_021d8414: ; 0x0689A800
	ldr ip, _0689A808 ; =0x021D8415
	bx ip
	.balign 4, 0
	arm_func_end thunk_EXT_FUN_021d8414
_0689A808: .word 0x021D8415

	thumb_func_start FUN_0689A80C
FUN_0689A80C: ; 0x0689A80C
	bx pc
	nop
	thumb_func_end FUN_0689A80C
_0689A810:
	.byte 0x00, 0xC0, 0x9F, 0xE5, 0x1C, 0xFF, 0x2F, 0xE1
_0689A818:
	.byte 0x0D, 0x27, 0x20, 0x02

	thumb_func_start FUN_0689A81C
FUN_0689A81C: ; 0x0689A81C
	bx pc
	nop
	thumb_func_end FUN_0689A81C
_0689A820:
	.byte 0x00, 0xC0, 0x9F, 0xE5, 0x1C, 0xFF, 0x2F, 0xE1
_0689A828:
	.byte 0xED, 0x81, 0x1F, 0x02

	thumb_func_start FUN_0689A82C
FUN_0689A82C: ; 0x0689A82C
	bx pc
	nop
	thumb_func_end FUN_0689A82C
_0689A830:
	.byte 0x00, 0xC0, 0x9F, 0xE5, 0x1C, 0xFF, 0x2F, 0xE1
_0689A838:
	.byte 0x79, 0x8A, 0x1F, 0x02

	thumb_func_start FUN_0689A83C
FUN_0689A83C: ; 0x0689A83C
	bx pc
	nop
	thumb_func_end FUN_0689A83C
_0689A840:
	.byte 0x00, 0xC0, 0x9F, 0xE5, 0x1C, 0xFF, 0x2F, 0xE1
_0689A848:
	.byte 0xCD, 0x33, 0x20, 0x02

	thumb_func_start FUN_overlay_95__0689a84c
FUN_overlay_95__0689a84c: ; 0x0689A84C
	push {r4, lr}
	add r4, r1, #0
	add r0, r4, #0
	add r0, #0xb0
	ldr r0, [r0]
	bl FUN_0689A868
	cmp r0, #1
	bne _0689A864
	mov r1, #1
	add r4, #0x98
	str r1, [r4]
	thumb_func_end FUN_overlay_95__0689a84c
_0689A864:
	pop {r4, pc}
	nop

	thumb_func_start FUN_0689A868
FUN_0689A868: ; 0x0689A868
	bx pc
	nop
	thumb_func_end FUN_0689A868

	arm_func_start thunk_EXT_FUN_02203040
thunk_EXT_FUN_02203040: ; 0x0689A86C
	ldr ip, _0689A874 ; =0x02203041
	bx ip
	.balign 4, 0
	arm_func_end thunk_EXT_FUN_02203040
_0689A874: .word 0x02203041

	thumb_func_start FUN_overlay_95__0689a878
FUN_overlay_95__0689a878: ; 0x0689A878
	push {r4, r5, r6, r7, lr}
	sub sp, #0x1c
	add r5, r1, #0
	ldr r0, [r5, #0x6c]
	bl FUN_0689A918
	add r6, r0, #0
	ldr r0, [r5, #0x6c]
	bl FUN_0689A928
	mov r4, #0
	str r0, [sp, #0x18]
	cmp r6, #0
	bls _0689A8C2
	add r7, sp, #4
	thumb_func_end FUN_overlay_95__0689a878
_0689A896:
	lsl r1, r4, #0x18
	add r2, sp, #0
	ldr r0, [r5, #0x6c]
	lsr r1, r1, #0x18
	add r2, #1
	add r3, sp, #0
	bl FUN_0689A938
	lsl r1, r4, #1
	strh r0, [r7, r1]
	add r1, sp, #0
	ldrb r1, [r1, #1]
	add r0, r7, r4
	strb r1, [r0, #8]
	add r1, sp, #0
	ldrb r1, [r1]
	strb r1, [r0, #0xc]
	add r0, r4, #1
	lsl r0, r0, #0x10
	lsr r4, r0, #0x10
	cmp r4, r6
	blo _0689A896
_0689A8C2:
	cmp r4, #4
	bhs _0689A8DE
	mov r0, #0
	add r2, sp, #4
_0689A8CA:
	lsl r1, r4, #1
	strh r0, [r2, r1]
	add r1, r2, r4
	strb r0, [r1, #8]
	strb r0, [r1, #0xc]
	add r1, r4, #1
	lsl r1, r1, #0x10
	lsr r4, r1, #0x10
	cmp r4, #4
	blo _0689A8CA
_0689A8DE:
	ldr r0, [r5, #0x6c]
	bl FUN_0689A948
	add r2, r0, #0
	add r0, r5, #0
	add r1, r5, #0
	add r0, #0xa0
	add r1, #0xa4
	ldr r0, [r0]
	ldr r1, [r1]
	bl FUN_0689A958
	add r1, r0, #0
	add r0, r5, #0
	add r0, #0xa0
	ldr r0, [r0]
	bl FUN_0689A968
	add r5, #0xb0
	str r0, [sp, #0x14]
	ldr r0, [r5]
	mov r1, #2
	add r2, sp, #4
	bl FUN_0689A978
	mov r0, #1
	add sp, #0x1c
	pop {r4, r5, r6, r7, pc}
	nop

	thumb_func_start FUN_0689A918
FUN_0689A918: ; 0x0689A918
	bx pc
	nop
	thumb_func_end FUN_0689A918
_0689A91C:
	.byte 0x00, 0xC0, 0x9F, 0xE5
	.byte 0x1C, 0xFF, 0x2F, 0xE1
_0689A924:
	.byte 0x49, 0x54, 0x1D, 0x02

	thumb_func_start FUN_0689A928
FUN_0689A928: ; 0x0689A928
	bx pc
	nop
	thumb_func_end FUN_0689A928

	arm_func_start thunk_EXT_FUN_021d6d54
thunk_EXT_FUN_021d6d54: ; 0x0689A92C
	ldr ip, _0689A934 ; =0x021D6D55
	bx ip
	.balign 4, 0
	arm_func_end thunk_EXT_FUN_021d6d54
_0689A934: .word 0x021D6D55

	thumb_func_start FUN_0689A938
FUN_0689A938: ; 0x0689A938
	bx pc
	nop
	thumb_func_end FUN_0689A938

	arm_func_start thunk_EXT_FUN_021d5528
thunk_EXT_FUN_021d5528: ; 0x0689A93C
	ldr ip, _0689A944 ; =0x021D5529
	bx ip
	.balign 4, 0
	arm_func_end thunk_EXT_FUN_021d5528
_0689A944: .word 0x021D5529

	thumb_func_start FUN_0689A948
FUN_0689A948: ; 0x0689A948
	bx pc
	nop
	thumb_func_end FUN_0689A948
_0689A94C:
	.byte 0x00, 0xC0, 0x9F, 0xE5
	.byte 0x1C, 0xFF, 0x2F, 0xE1
_0689A954:
	.byte 0x41, 0x54, 0x1D, 0x02

	thumb_func_start FUN_0689A958
FUN_0689A958: ; 0x0689A958
	bx pc
	nop
	thumb_func_end FUN_0689A958
_0689A95C:
	.byte 0x00, 0xC0, 0x9F, 0xE5
	.byte 0x1C, 0xFF, 0x2F, 0xE1
_0689A964:
	.byte 0x8D, 0x8D, 0x1B, 0x02

	thumb_func_start FUN_0689A968
FUN_0689A968: ; 0x0689A968
	bx pc
	nop
	thumb_func_end FUN_0689A968
_0689A96C:
	.byte 0x00, 0xC0, 0x9F, 0xE5
	.byte 0x1C, 0xFF, 0x2F, 0xE1
_0689A974:
	.byte 0x71, 0x8E, 0x1B, 0x02

	thumb_func_start FUN_0689A978
FUN_0689A978: ; 0x0689A978
	bx pc
	nop
	thumb_func_end FUN_0689A978
_0689A97C:
	.byte 0x00, 0xC0, 0x9F, 0xE5
	.byte 0x1C, 0xFF, 0x2F, 0xE1
_0689A984:
	.byte 0x0D, 0x27, 0x20, 0x02

	thumb_func_start FUN_overlay_95__0689a988
FUN_overlay_95__0689a988: ; 0x0689A988
	push {r4, r5, r6, lr}
	add r5, r1, #0
	ldr r0, [r5, #0x6c]
	bl FUN_0689AA78
	add r2, r0, #0
	add r0, r5, #0
	add r1, r5, #0
	add r0, #0xa0
	add r1, #0xa4
	ldr r0, [r0]
	ldr r1, [r1]
	bl FUN_0689AA88
	add r1, r0, #0
	add r0, r5, #0
	add r0, #0xa0
	ldr r0, [r0]
	bl FUN_0689AA98
	add r4, r0, #0
	add r0, r5, #0
	add r0, #0xa0
	ldr r0, [r0]
	bl FUN_0689AAA8
	cmp r0, #2
	bne _0689A9C8
	cmp r4, #4
	beq _0689A9C8
	ldr r6, _0689AA64 ; =_0689D880
	b _0689A9CA
	thumb_func_end FUN_overlay_95__0689a988
_0689A9C8:
	ldr r6, _0689AA68 ; =0x0689D91C
_0689A9CA:
	add r0, r5, #0
	add r0, #0xa0
	ldr r0, [r0]
	bl FUN_0689AAB8
	cmp r0, #2
	bne _0689A9E0
	cmp r4, #4
	beq _0689A9E0
	ldr r2, _0689AA6C ; =_0689E128
	b _0689A9E2
_0689A9E0:
	ldr r2, _0689AA70 ; =_0689E054
_0689A9E2:
	add r0, r5, #0
	add r0, #0xb0
	ldr r0, [r0]
	add r1, r6, #0
	bl FUN_0689AAC8
	add r4, r0, #0
	mov r0, #0
	mvn r0, r0
	cmp r4, r0
	beq _0689AA60
	mov r0, #2
	lsl r0, r0, #0xe
	tst r0, r4
	beq _0689AA04
	mov r6, #1
	b _0689AA06
_0689AA04:
	mov r6, #0
_0689AA06:
	ldr r0, _0689AA74 ; =0xFFFF7FFF
	and r4, r0
	cmp r4, #4
	bne _0689AA18
	ldr r0, [r5, #0x70]
	bl FUN_0689AAD8
	mov r0, #1
	pop {r4, r5, r6, pc}
_0689AA18:
	ldr r0, [r5, #0x6c]
	bl FUN_0689AAE8
	cmp r4, r0
	bge _0689AA44
	lsl r1, r4, #0x18
	ldr r0, [r5, #0x6c]
	lsr r1, r1, #0x18
	bl FUN_0689AAF8
	add r1, r0, #0
	ldr r0, [r5, #0x70]
	mov r2, #6
	bl FUN_0689AB08
	cmp r6, #0
	beq _0689AA40
	ldr r0, [r5, #0x70]
	bl FUN_0689AB18
_0689AA40:
	mov r0, #1
	pop {r4, r5, r6, pc}
_0689AA44:
	add r0, r5, #0
	add r0, #0xa0
	ldr r0, [r0]
	bl FUN_0689AB28
	cmp r0, #2
	bne _0689AA60
	cmp r4, #5
	bne _0689AA60
	ldr r0, [r5, #0x70]
	bl FUN_0689AB38
	mov r0, #1
	pop {r4, r5, r6, pc}
_0689AA60:
	mov r0, #0
	pop {r4, r5, r6, pc}
	.balign 4, 0
_0689AA64: .word 0x0689D880
_0689AA68: .word 0x0689D91C
_0689AA6C: .word 0x0689E128
_0689AA70: .word 0x0689E054
_0689AA74: .word 0xFFFF7FFF

	thumb_func_start FUN_0689AA78
FUN_0689AA78: ; 0x0689AA78
	bx pc
	nop
	thumb_func_end FUN_0689AA78
_0689AA7C:
	.byte 0x00, 0xC0, 0x9F, 0xE5
	.byte 0x1C, 0xFF, 0x2F, 0xE1
_0689AA84:
	.byte 0x41, 0x54, 0x1D, 0x02

	thumb_func_start FUN_0689AA88
FUN_0689AA88: ; 0x0689AA88
	bx pc
	nop
	thumb_func_end FUN_0689AA88
_0689AA8C:
	.byte 0x00, 0xC0, 0x9F, 0xE5
	.byte 0x1C, 0xFF, 0x2F, 0xE1
_0689AA94:
	.byte 0x8D, 0x8D, 0x1B, 0x02

	thumb_func_start FUN_0689AA98
FUN_0689AA98: ; 0x0689AA98
	bx pc
	nop
	thumb_func_end FUN_0689AA98
_0689AA9C:
	.byte 0x00, 0xC0, 0x9F, 0xE5
	.byte 0x1C, 0xFF, 0x2F, 0xE1
_0689AAA4:
	.byte 0x71, 0x8E, 0x1B, 0x02

	thumb_func_start FUN_0689AAA8
FUN_0689AAA8: ; 0x0689AAA8
	bx pc
	nop
	thumb_func_end FUN_0689AAA8
_0689AAAC:
	.byte 0x00, 0xC0, 0x9F, 0xE5
	.byte 0x1C, 0xFF, 0x2F, 0xE1
_0689AAB4:
	.byte 0x89, 0x85, 0x1B, 0x02

	thumb_func_start FUN_0689AAB8
FUN_0689AAB8: ; 0x0689AAB8
	bx pc
	nop
	thumb_func_end FUN_0689AAB8
_0689AABC:
	.byte 0x00, 0xC0, 0x9F, 0xE5
	.byte 0x1C, 0xFF, 0x2F, 0xE1
_0689AAC4:
	.byte 0x89, 0x85, 0x1B, 0x02

	thumb_func_start FUN_0689AAC8
FUN_0689AAC8: ; 0x0689AAC8
	bx pc
	nop
	thumb_func_end FUN_0689AAC8
_0689AACC:
	.byte 0x00, 0xC0, 0x9F, 0xE5
	.byte 0x1C, 0xFF, 0x2F, 0xE1
_0689AAD4:
	.byte 0xC5, 0x2D, 0x20, 0x02

	thumb_func_start FUN_0689AAD8
FUN_0689AAD8: ; 0x0689AAD8
	bx pc
	nop
	thumb_func_end FUN_0689AAD8
_0689AADC:
	.byte 0x00, 0xC0, 0x9F, 0xE5
	.byte 0x1C, 0xFF, 0x2F, 0xE1
_0689AAE4:
	.byte 0x35, 0x84, 0x1D, 0x02

	thumb_func_start FUN_0689AAE8
FUN_0689AAE8: ; 0x0689AAE8
	bx pc
	nop
	thumb_func_end FUN_0689AAE8

	arm_func_start thunk_EXT_FUN_021d5448
thunk_EXT_FUN_021d5448: ; 0x0689AAEC
	ldr ip, _0689AAF4 ; =0x021D5449
	bx ip
	.balign 4, 0
	arm_func_end thunk_EXT_FUN_021d5448
_0689AAF4: .word 0x021D5449

	thumb_func_start FUN_0689AAF8
FUN_0689AAF8: ; 0x0689AAF8
	bx pc
	nop
	thumb_func_end FUN_0689AAF8
_0689AAFC:
	.byte 0x00, 0xC0, 0x9F, 0xE5
	.byte 0x1C, 0xFF, 0x2F, 0xE1
_0689AB04:
	.byte 0xC1, 0x54, 0x1D, 0x02

	thumb_func_start FUN_0689AB08
FUN_0689AB08: ; 0x0689AB08
	bx pc
	nop
	thumb_func_end FUN_0689AB08
_0689AB0C:
	.byte 0x00, 0xC0, 0x9F, 0xE5
	.byte 0x1C, 0xFF, 0x2F, 0xE1
_0689AB14:
	.byte 0xD1, 0x82, 0x1D, 0x02

	thumb_func_start FUN_0689AB18
FUN_0689AB18: ; 0x0689AB18
	bx pc
	nop
	thumb_func_end FUN_0689AB18
_0689AB1C:
	.byte 0x00, 0xC0, 0x9F, 0xE5
	.byte 0x1C, 0xFF, 0x2F, 0xE1
_0689AB24:
	.byte 0x19, 0x83, 0x1D, 0x02

	thumb_func_start FUN_0689AB28
FUN_0689AB28: ; 0x0689AB28
	bx pc
	nop
	thumb_func_end FUN_0689AB28
_0689AB2C:
	.byte 0x00, 0xC0, 0x9F, 0xE5
	.byte 0x1C, 0xFF, 0x2F, 0xE1
_0689AB34:
	.byte 0x89, 0x85, 0x1B, 0x02

	thumb_func_start FUN_0689AB38
FUN_0689AB38: ; 0x0689AB38
	bx pc
	nop
	thumb_func_end FUN_0689AB38

	arm_func_start thunk_EXT_FUN_021d8424
thunk_EXT_FUN_021d8424: ; 0x0689AB3C
	ldr ip, _0689AB44 ; =0x021D8425
	bx ip
	.balign 4, 0
	arm_func_end thunk_EXT_FUN_021d8424
_0689AB44: .word 0x021D8425

	thumb_func_start FUN_overlay_95__0689ab48
FUN_overlay_95__0689ab48: ; 0x0689AB48
	push {r4, r5, r6, r7, lr}
	sub sp, #0x3c
	add r5, r1, #0
	mov r1, #0
	add r7, sp, #0
	thumb_func_end FUN_overlay_95__0689ab48
_0689AB52:
	ldr r0, [r5, #0x7c]
	lsl r3, r1, #3
	ldr r2, [r0, r3]
	lsl r0, r1, #2
	str r2, [r7, r0]
	lsl r0, r1, #4
	mov r2, #0
	add r4, r7, r0
_0689AB62:
	ldr r0, [r5, #0x7c]
	lsl r6, r2, #2
	add r0, r3, r0
	add r0, r2, r0
	ldrb r0, [r0, #4]
	add r6, r4, r6
	add r2, r2, #1
	str r0, [r6, #0xc]
	cmp r2, #4
	blt _0689AB62
	add r1, r1, #1
	cmp r1, #3
	blt _0689AB52
	add r5, #0xb0
	ldr r0, [r5]
	mov r1, #5
	add r2, sp, #0
	bl FUN_0689AB90
	mov r0, #1
	add sp, #0x3c
	pop {r4, r5, r6, r7, pc}
	nop

	thumb_func_start FUN_0689AB90
FUN_0689AB90: ; 0x0689AB90
	bx pc
	nop
	thumb_func_end FUN_0689AB90
_0689AB94:
	.byte 0x00, 0xC0, 0x9F, 0xE5, 0x1C, 0xFF, 0x2F, 0xE1
_0689AB9C:
	.byte 0x0D, 0x27, 0x20, 0x02

	thumb_func_start FUN_overlay_95__0689aba0
FUN_overlay_95__0689aba0: ; 0x0689ABA0
	push {r4, r5, r6, lr}
	sub sp, #8
	add r5, r1, #0
	add r0, r5, #0
	add r0, #0xb0
	ldr r0, [r0]
	add r1, sp, #0
	add r2, sp, #4
	bl FUN_0689AC4C
	cmp r0, #0
	beq _0689AC40
	mov r0, #2
	ldr r1, [sp, #4]
	lsl r0, r0, #0xe
	tst r0, r1
	beq _0689ABC6
	mov r4, #1
	b _0689ABC8
	thumb_func_end FUN_overlay_95__0689aba0
_0689ABC6:
	mov r4, #0
_0689ABC8:
	ldr r1, [sp, #4]
	ldr r0, _0689AC48 ; =0xFFFF7FFF
	add r2, r1, #0
	and r2, r0
	str r2, [sp, #4]
	cmp r2, #4
	beq _0689AC32
	add r0, sp, #0
	ldrb r1, [r0]
	cmp r1, #0
	bne _0689ABE2
	mov r1, #1
	strb r1, [r0]
_0689ABE2:
	cmp r2, #7
	beq _0689AC02
	add r0, sp, #0
	ldrb r0, [r0]
	bl FUN_0689AC5C
	ldr r1, [r5, #0x7c]
	lsl r0, r0, #3
	ldr r0, [r1, r0]
	ldr r1, [sp, #4]
	lsl r1, r1, #0x18
	lsr r1, r1, #0x18
	bl FUN_0689AC6C
	add r6, r0, #0
	b _0689AC04
_0689AC02:
	mov r6, #0xa5
_0689AC04:
	add r1, sp, #0
	ldr r0, [r5, #0x7c]
	ldrb r1, [r1]
	add r0, #0x18
	bl FUN_0689AC7C
	ldr r0, [r5, #0x7c]
	add r1, r6, #0
	add r0, #0x1c
	mov r2, #6
	bl FUN_0689AC8C
	ldr r0, [r5, #0x70]
	add r1, r6, #0
	mov r2, #6
	bl FUN_0689AC9C
	cmp r4, #0
	beq _0689AC3A
	ldr r0, [r5, #0x70]
	bl FUN_0689ACAC
	b _0689AC3A
_0689AC32:
	bne _0689AC3A
	ldr r0, [r5, #0x70]
	bl FUN_0689ACBC
_0689AC3A:
	add sp, #8
	mov r0, #1
	pop {r4, r5, r6, pc}
_0689AC40:
	mov r0, #0
	add sp, #8
	pop {r4, r5, r6, pc}
	nop
_0689AC48: .word 0xFFFF7FFF

	thumb_func_start FUN_0689AC4C
FUN_0689AC4C: ; 0x0689AC4C
	bx pc
	nop
	thumb_func_end FUN_0689AC4C

	arm_func_start thunk_EXT_FUN_022030f0
thunk_EXT_FUN_022030f0: ; 0x0689AC50
	ldr ip, _0689AC58 ; =0x022030F1
	bx ip
	.balign 4, 0
	arm_func_end thunk_EXT_FUN_022030f0
_0689AC58: .word 0x022030F1

	thumb_func_start FUN_0689AC5C
FUN_0689AC5C: ; 0x0689AC5C
	bx pc
	nop
	thumb_func_end FUN_0689AC5C
_0689AC60:
	.byte 0x00, 0xC0, 0x9F, 0xE5, 0x1C, 0xFF, 0x2F, 0xE1
_0689AC68:
	.byte 0xB1, 0x9A, 0x1B, 0x02

	thumb_func_start FUN_0689AC6C
FUN_0689AC6C: ; 0x0689AC6C
	bx pc
	nop
	thumb_func_end FUN_0689AC6C

	arm_func_start thunk_EXT_FUN_021d54c0
thunk_EXT_FUN_021d54c0: ; 0x0689AC70
	ldr ip, _0689AC78 ; =0x021D54C1
	bx ip
	.balign 4, 0
	arm_func_end thunk_EXT_FUN_021d54c0
_0689AC78: .word 0x021D54C1

	thumb_func_start FUN_0689AC7C
FUN_0689AC7C: ; 0x0689AC7C
	bx pc
	nop
	thumb_func_end FUN_0689AC7C

	arm_func_start thunk_EXT_FUN_021d83fc
thunk_EXT_FUN_021d83fc: ; 0x0689AC80
	ldr ip, _0689AC88 ; =0x021D83FD
	bx ip
	.balign 4, 0
	arm_func_end thunk_EXT_FUN_021d83fc
_0689AC88: .word 0x021D83FD

	thumb_func_start FUN_0689AC8C
FUN_0689AC8C: ; 0x0689AC8C
	bx pc
	nop
	thumb_func_end FUN_0689AC8C
_0689AC90:
	.byte 0x00, 0xC0, 0x9F, 0xE5, 0x1C, 0xFF, 0x2F, 0xE1
_0689AC98:
	.byte 0xD1, 0x82, 0x1D, 0x02

	thumb_func_start FUN_0689AC9C
FUN_0689AC9C: ; 0x0689AC9C
	bx pc
	nop
	thumb_func_end FUN_0689AC9C
_0689ACA0:
	.byte 0x00, 0xC0, 0x9F, 0xE5, 0x1C, 0xFF, 0x2F, 0xE1
_0689ACA8:
	.byte 0xD1, 0x82, 0x1D, 0x02

	thumb_func_start FUN_0689ACAC
FUN_0689ACAC: ; 0x0689ACAC
	bx pc
	nop
	thumb_func_end FUN_0689ACAC

	arm_func_start thunk_EXT_FUN_021d8318
thunk_EXT_FUN_021d8318: ; 0x0689ACB0
	ldr ip, _0689ACB8 ; =0x021D8319
	bx ip
	.balign 4, 0
	arm_func_end thunk_EXT_FUN_021d8318
_0689ACB8: .word 0x021D8319

	thumb_func_start FUN_0689ACBC
FUN_0689ACBC: ; 0x0689ACBC
	bx pc
	nop
	thumb_func_end FUN_0689ACBC

	arm_func_start thunk_EXT_FUN_021d8434
thunk_EXT_FUN_021d8434: ; 0x0689ACC0
	ldr ip, _0689ACC8 ; =0x021D8435
	bx ip
	.balign 4, 0
	arm_func_end thunk_EXT_FUN_021d8434
_0689ACC8: .word 0x021D8435

	thumb_func_start FUN_overlay_95__0689accc
FUN_overlay_95__0689accc: ; 0x0689ACCC
	ldr r3, _0689ACD4 ; =MI_CpuFill8
	mov r1, #0
	mov r2, #9
	bx r3
	.balign 4, 0
	thumb_func_end FUN_overlay_95__0689accc
_0689ACD4: .word 0x02082BCC

	thumb_func_start FUN_overlay_95__0689acd8
FUN_overlay_95__0689acd8: ; 0x0689ACD8
	push {r4, lr}
	add r4, r0, #0
	add r0, r1, #0
	add r1, r2, #0
	add r2, r4, #3
	bl FUN_0689ACEC
	strb r0, [r4]
	pop {r4, pc}
	nop
	thumb_func_end FUN_overlay_95__0689acd8

	thumb_func_start FUN_0689ACEC
FUN_0689ACEC: ; 0x0689ACEC
	bx pc
	nop
	thumb_func_end FUN_0689ACEC
_0689ACF0:
	.byte 0x00, 0xC0, 0x9F, 0xE5, 0x1C, 0xFF, 0x2F, 0xE1
_0689ACF8:
	.byte 0x79, 0x87, 0x1B, 0x02

	thumb_func_start FUN_overlay_95__0689acfc
FUN_overlay_95__0689acfc: ; 0x0689ACFC
	push {r4, lr}
	add r4, r0, #0
	add r0, r1, #0
	add r1, r2, #0
	add r2, r4, #3
	bl FUN_0689AD14
	strb r0, [r4, #1]
	mov r0, #1
	strb r0, [r4, #2]
	pop {r4, pc}
	nop
	thumb_func_end FUN_overlay_95__0689acfc

	thumb_func_start FUN_0689AD14
FUN_0689AD14: ; 0x0689AD14
	bx pc
	nop
	thumb_func_end FUN_0689AD14
_0689AD18:
	.byte 0x00, 0xC0, 0x9F, 0xE5, 0x1C, 0xFF, 0x2F, 0xE1
_0689AD20:
	.byte 0x79, 0x87, 0x1B, 0x02

	thumb_func_start FUN_overlay_95__0689ad24
FUN_overlay_95__0689ad24: ; 0x0689AD24
	push {r4, lr}
	add r4, r0, #0
	add r0, r1, #0
	add r1, r2, #0
	add r2, r4, #3
	bl FUN_0689AD3C
	strb r0, [r4, #1]
	mov r0, #2
	strb r0, [r4, #2]
	pop {r4, pc}
	nop
	thumb_func_end FUN_overlay_95__0689ad24

	thumb_func_start FUN_0689AD3C
FUN_0689AD3C: ; 0x0689AD3C
	bx pc
	nop
	thumb_func_end FUN_0689AD3C

	arm_func_start thunk_EXT_FUN_021b8778
thunk_EXT_FUN_021b8778: ; 0x0689AD40
	ldr ip, _0689AD48 ; =0x021B8779
	bx ip
	.balign 4, 0
	arm_func_end thunk_EXT_FUN_021b8778
_0689AD48: .word 0x021B8779

	thumb_func_start FUN_overlay_95__0689ad4c
FUN_overlay_95__0689ad4c: ; 0x0689AD4C
	push {r3, r4, r5, r6, lr}
	sub sp, #4
	add r5, r0, #0
	add r0, r1, #0
	add r4, r2, #0
	add r6, r3, #0
	bl FUN_0689AD9C
	cmp r0, #2
	bne _0689AD98
	add r0, r4, #0
	mov r1, #0xb
	bl FUN_0689ADAC
	cmp r0, #0
	beq _0689AD98
	add r0, r6, #0
	add r1, sp, #0
	bl FUN_0689ADBC
	cmp r0, #0
	beq _0689AD98
	ldrb r3, [r5]
	add r1, sp, #0
	add r0, r3, #1
	strb r0, [r5]
	ldrb r2, [r1]
	add r0, r5, r3
	strb r2, [r0, #3]
	ldrb r1, [r1]
	mov r0, #2
	bl FUN_0689ADCC
	ldrb r2, [r5]
	add r1, r2, #1
	strb r1, [r5]
	add r1, r5, r2
	strb r0, [r1, #3]
	thumb_func_end FUN_overlay_95__0689ad4c
_0689AD98:
	add sp, #4
	pop {r3, r4, r5, r6, pc}

	thumb_func_start FUN_0689AD9C
FUN_0689AD9C: ; 0x0689AD9C
	bx pc
	nop
	thumb_func_end FUN_0689AD9C
_0689ADA0:
	.byte 0x00, 0xC0, 0x9F, 0xE5, 0x1C, 0xFF, 0x2F, 0xE1
_0689ADA8:
	.byte 0x89, 0x85, 0x1B, 0x02

	thumb_func_start FUN_0689ADAC
FUN_0689ADAC: ; 0x0689ADAC
	bx pc
	nop
	thumb_func_end FUN_0689ADAC
_0689ADB0:
	.byte 0x00, 0xC0, 0x9F, 0xE5, 0x1C, 0xFF, 0x2F, 0xE1
_0689ADB8:
	.byte 0xB9, 0xBE, 0x01, 0x02

	thumb_func_start FUN_0689ADBC
FUN_0689ADBC: ; 0x0689ADBC
	bx pc
	nop
	thumb_func_end FUN_0689ADBC

	arm_func_start thunk_EXT_FUN_021b9a00
thunk_EXT_FUN_021b9a00: ; 0x0689ADC0
	ldr ip, _0689ADC8 ; =0x021B9A01
	bx ip
	.balign 4, 0
	arm_func_end thunk_EXT_FUN_021b9a00
_0689ADC8: .word 0x021B9A01

	thumb_func_start FUN_0689ADCC
FUN_0689ADCC: ; 0x0689ADCC
	bx pc
	nop
	thumb_func_end FUN_0689ADCC

	arm_func_start thunk_EXT_FUN_021b8c5c
thunk_EXT_FUN_021b8c5c: ; 0x0689ADD0
	ldr ip, _0689ADD8 ; =0x021B8C5D
	bx ip
	.balign 4, 0
	arm_func_end thunk_EXT_FUN_021b8c5c
_0689ADD8: .word 0x021B8C5D

	thumb_func_start FUN_overlay_95__0689addc
FUN_overlay_95__0689addc: ; 0x0689ADDC
	push {r3, r4, r5, lr}
	add r5, r0, #0
	ldrb r0, [r5]
	add r4, r3, #0
	cmp r0, #0
	beq _0689AE18
	add r0, r2, #0
	ldr r2, _0689AE20 ; =_0689D82C
	ldrb r1, [r2, r1]
	bl FUN_0689AE24
	strb r0, [r4]
	ldrb r0, [r5]
	mov r2, #0
	cmp r0, #0
	bls _0689AE14
	ldrb r3, [r4]
	thumb_func_end FUN_overlay_95__0689addc
_0689ADFE:
	add r1, r5, r2
	ldrb r1, [r1, #3]
	cmp r3, r1
	bne _0689AE0A
	mov r0, #1
	pop {r3, r4, r5, pc}
_0689AE0A:
	add r1, r2, #1
	lsl r1, r1, #0x18
	lsr r2, r1, #0x18
	cmp r2, r0
	blo _0689ADFE
_0689AE14:
	mov r0, #0
	pop {r3, r4, r5, pc}
_0689AE18:
	mov r0, #6
	strb r0, [r4]
	mov r0, #1
	pop {r3, r4, r5, pc}
	.balign 4, 0
_0689AE20: .word 0x0689D82C

	thumb_func_start FUN_0689AE24
FUN_0689AE24: ; 0x0689AE24
	bx pc
	nop
	thumb_func_end FUN_0689AE24

	arm_func_start thunk_EXT_FUN_021b8ed8
thunk_EXT_FUN_021b8ed8: ; 0x0689AE28
	ldr ip, _0689AE30 ; =0x021B8ED9
	bx ip
	.balign 4, 0
	arm_func_end thunk_EXT_FUN_021b8ed8
_0689AE30: .word 0x021B8ED9

	thumb_func_start FUN_overlay_95__0689ae34
FUN_overlay_95__0689ae34: ; 0x0689AE34
	push {r3, r4, r5, r6, r7, lr}
	sub sp, #0x60
	str r1, [sp]
	add r6, r0, #0
	ldr r0, [r3, #0x70]
	str r3, [sp, #4]
	ldr r0, [r0]
	add r1, sp, #0x14
	lsl r0, r0, #9
	lsr r0, r0, #0x10
	lsl r0, r0, #0x10
	lsr r4, r0, #0x10
	mov r0, #0
	mov r2, #0x4c
	blx thunk_EXT_FUN_02082a48
	ldr r0, [sp, #4]
	ldr r0, [r0, #0x6c]
	bl FUN_0689AF98
	add r2, r0, #0
	ldr r0, [sp, #4]
	ldr r1, [sp, #4]
	add r0, #0xa0
	add r1, #0xa4
	ldr r0, [r0]
	ldr r1, [r1]
	bl FUN_0689AFA8
	add r1, r0, #0
	ldr r0, [sp, #4]
	add r0, #0xa0
	ldr r0, [r0]
	bl FUN_0689AFB8
	add r5, sp, #0x54
	strb r0, [r5, #8]
	add r0, r4, #0
	mov r1, #0x1b
	bl FUN_0689AFC8
	strb r0, [r5, #9]
	cmp r4, #0xae
	bne _0689AE96
	ldr r0, [sp, #4]
	ldr r0, [r0, #0x6c]
	bl FUN_0689AFD8
	strb r0, [r5, #9]
	thumb_func_end FUN_overlay_95__0689ae34
_0689AE96:
	add r5, sp, #0x54
	ldrb r0, [r5, #9]
	cmp r0, #0
	bne _0689AEAE
	add r0, r4, #0
	mov r1, #0xb
	bl FUN_0689AFE8
	cmp r0, #0
	beq _0689AEAE
	mov r0, #0xe
	strb r0, [r5, #9]
_0689AEAE:
	ldr r1, [sp]
	add r0, r1, #0
	sub r0, r0, #1
	lsl r0, r0, #0x18
	lsr r0, r0, #0x18
	str r0, [sp]
	cmp r1, #0
	beq _0689AF7A
	mov r0, #3
	str r0, [sp, #0x10]
	str r0, [sp, #0xc]
_0689AEC4:
	ldr r0, [sp, #4]
	ldrb r1, [r6]
	add r0, #0xa4
	ldr r0, [r0]
	bl FUN_0689AFF8
	add r4, r0, #0
	bl FUN_0689B008
	str r0, [sp, #8]
	ldr r0, [sp, #4]
	ldrb r1, [r6]
	add r0, #0xa0
	ldr r0, [r0]
	bl FUN_0689B018
	sub r0, r0, #2
	lsl r0, r0, #0x18
	lsr r1, r0, #0x18
	add r7, r1, #0
	mov r0, #0xc
	mul r7, r0
	add r0, sp, #0x14
	add r5, r0, r7
	add r0, r4, #0
	mov r1, #0xd
	bl FUN_0689B028
	strh r0, [r5, #4]
	add r0, sp, #0x14
	ldrb r1, [r0, r7]
	mov r0, #4
	orr r1, r0
	add r0, sp, #0x14
	strb r1, [r0, r7]
	mov r0, #4
	ldrsh r0, [r5, r0]
	cmp r0, #0
	beq _0689AF64
	add r0, r4, #0
	bl FUN_0689B038
	add r7, r0, #0
	ldr r0, [sp, #8]
	mov r1, #0xe
	str r0, [r5, #8]
	add r0, r4, #0
	bl FUN_0689B048
	strh r0, [r5, #6]
	cmp r7, #0x20
	beq _0689AF30
	cmp r7, #0x1d
	bne _0689AF3A
_0689AF30:
	ldrb r1, [r5]
	ldr r0, [sp, #0xc]
	bic r1, r0
	mov r0, #2
	b _0689AF4E
_0689AF3A:
	add r0, r4, #0
	bl FUN_0689B058
	bl FUN_0689B068
	ldrb r1, [r5]
	ldr r2, [sp, #0x10]
	bic r1, r2
	mov r2, #3
	and r0, r2
_0689AF4E:
	orr r0, r1
	strb r0, [r5]
	add r0, r4, #0
	bl FUN_0689B078
	cmp r0, #0
	beq _0689AF60
	mov r0, #3
	b _0689AF66
_0689AF60:
	mov r0, #1
	b _0689AF66
_0689AF64:
	mov r0, #2
_0689AF66:
	strb r0, [r5, #1]
	ldr r1, [sp]
	add r6, r6, #1
	add r0, r1, #0
	sub r0, r0, #1
	lsl r0, r0, #0x18
	lsr r0, r0, #0x18
	str r0, [sp]
	cmp r1, #0
	bne _0689AEC4
_0689AF7A:
	ldr r0, [sp, #4]
	mov r1, #3
	add r0, #0xb0
	str r0, [sp, #4]
	ldr r0, [r0]
	add r2, sp, #0x14
	bl FUN_0689B088
	add sp, #0x60
	pop {r3, r4, r5, r6, r7, pc}
	nop

	arm_func_start thunk_EXT_FUN_02082a48
thunk_EXT_FUN_02082a48: ; 0x0689AF90
	ldr pc, _0689AF94 ; =FUN_02082A48
	.balign 4, 0
	arm_func_end thunk_EXT_FUN_02082a48
_0689AF94: .word 0x02082A48

	thumb_func_start FUN_0689AF98
FUN_0689AF98: ; 0x0689AF98
	bx pc
	nop
	thumb_func_end FUN_0689AF98
_0689AF9C:
	.byte 0x00, 0xC0, 0x9F, 0xE5
	.byte 0x1C, 0xFF, 0x2F, 0xE1
_0689AFA4:
	.byte 0x41, 0x54, 0x1D, 0x02

	thumb_func_start FUN_0689AFA8
FUN_0689AFA8: ; 0x0689AFA8
	bx pc
	nop
	thumb_func_end FUN_0689AFA8
_0689AFAC:
	.byte 0x00, 0xC0, 0x9F, 0xE5
	.byte 0x1C, 0xFF, 0x2F, 0xE1
_0689AFB4:
	.byte 0x8D, 0x8D, 0x1B, 0x02

	thumb_func_start FUN_0689AFB8
FUN_0689AFB8: ; 0x0689AFB8
	bx pc
	nop
	thumb_func_end FUN_0689AFB8
_0689AFBC:
	.byte 0x00, 0xC0, 0x9F, 0xE5
	.byte 0x1C, 0xFF, 0x2F, 0xE1
_0689AFC4:
	.byte 0x71, 0x8E, 0x1B, 0x02

	thumb_func_start FUN_0689AFC8
FUN_0689AFC8: ; 0x0689AFC8
	bx pc
	nop
	thumb_func_end FUN_0689AFC8
_0689AFCC:
	.byte 0x00, 0xC0, 0x9F, 0xE5
	.byte 0x1C, 0xFF, 0x2F, 0xE1
_0689AFD4:
	.byte 0x29, 0xBD, 0x01, 0x02

	thumb_func_start FUN_0689AFD8
FUN_0689AFD8: ; 0x0689AFD8
	bx pc
	nop
	thumb_func_end FUN_0689AFD8
_0689AFDC:
	.byte 0x00, 0xC0, 0x9F, 0xE5
	.byte 0x1C, 0xFF, 0x2F, 0xE1
_0689AFE4:
	.byte 0xA9, 0x80, 0x1D, 0x02

	thumb_func_start FUN_0689AFE8
FUN_0689AFE8: ; 0x0689AFE8
	bx pc
	nop
	thumb_func_end FUN_0689AFE8
_0689AFEC:
	.byte 0x00, 0xC0, 0x9F, 0xE5
	.byte 0x1C, 0xFF, 0x2F, 0xE1
_0689AFF4:
	.byte 0xB9, 0xBE, 0x01, 0x02

	thumb_func_start FUN_0689AFF8
FUN_0689AFF8: ; 0x0689AFF8
	bx pc
	nop
	thumb_func_end FUN_0689AFF8

	arm_func_start thunk_EXT_FUN_021b98ac
thunk_EXT_FUN_021b98ac: ; 0x0689AFFC
	ldr ip, _0689B004 ; =0x021B98AD
	bx ip
	.balign 4, 0
	arm_func_end thunk_EXT_FUN_021b98ac
_0689B004: .word 0x021B98AD

	thumb_func_start FUN_0689B008
FUN_0689B008: ; 0x0689B008
	bx pc
	nop
	thumb_func_end FUN_0689B008
_0689B00C:
	.byte 0x00, 0xC0, 0x9F, 0xE5
	.byte 0x1C, 0xFF, 0x2F, 0xE1
_0689B014:
	.byte 0x65, 0x58, 0x1D, 0x02

	thumb_func_start FUN_0689B018
FUN_0689B018: ; 0x0689B018
	bx pc
	nop
	thumb_func_end FUN_0689B018
_0689B01C:
	.byte 0x00, 0xC0, 0x9F, 0xE5
	.byte 0x1C, 0xFF, 0x2F, 0xE1
_0689B024:
	.byte 0x71, 0x8E, 0x1B, 0x02

	thumb_func_start FUN_0689B028
FUN_0689B028: ; 0x0689B028
	bx pc
	nop
	thumb_func_end FUN_0689B028
_0689B02C:
	.byte 0x00, 0xC0, 0x9F, 0xE5
	.byte 0x1C, 0xFF, 0x2F, 0xE1
_0689B034:
	.byte 0xB5, 0x59, 0x1D, 0x02

	thumb_func_start FUN_0689B038
FUN_0689B038: ; 0x0689B038
	bx pc
	nop
	thumb_func_end FUN_0689B038

	arm_func_start thunk_EXT_FUN_021d5444
thunk_EXT_FUN_021d5444: ; 0x0689B03C
	ldr ip, _0689B044 ; =0x021D5445
	bx ip
	.balign 4, 0
	arm_func_end thunk_EXT_FUN_021d5444
_0689B044: .word 0x021D5445

	thumb_func_start FUN_0689B048
FUN_0689B048: ; 0x0689B048
	bx pc
	nop
	thumb_func_end FUN_0689B048

	arm_func_start thunk_EXT_FUN_021d59b4
thunk_EXT_FUN_021d59b4: ; 0x0689B04C
	ldr ip, _0689B054 ; =0x021D59B5
	bx ip
	.balign 4, 0
	arm_func_end thunk_EXT_FUN_021d59b4
_0689B054: .word 0x021D59B5

	thumb_func_start FUN_0689B058
FUN_0689B058: ; 0x0689B058
	bx pc
	nop
	thumb_func_end FUN_0689B058

	arm_func_start thunk_EXT_FUN_021d5864
thunk_EXT_FUN_021d5864: ; 0x0689B05C
	ldr ip, _0689B064 ; =0x021D5865
	bx ip
	.balign 4, 0
	arm_func_end thunk_EXT_FUN_021d5864
_0689B064: .word 0x021D5865

	thumb_func_start FUN_0689B068
FUN_0689B068: ; 0x0689B068
	bx pc
	nop
	thumb_func_end FUN_0689B068

	arm_func_start thunk_FUN_02017f00
thunk_FUN_02017f00: ; 0x0689B06C
	ldr ip, _0689B074 ; =0x02017F01
	bx ip
	.balign 4, 0
	arm_func_end thunk_FUN_02017f00
_0689B074: .word 0x02017F01

	thumb_func_start FUN_0689B078
FUN_0689B078: ; 0x0689B078
	bx pc
	nop
	thumb_func_end FUN_0689B078

	arm_func_start thunk_EXT_FUN_021d62a8
thunk_EXT_FUN_021d62a8: ; 0x0689B07C
	ldr ip, _0689B084 ; =0x021D62A9
	bx ip
	.balign 4, 0
	arm_func_end thunk_EXT_FUN_021d62a8
_0689B084: .word 0x021D62A9

	thumb_func_start FUN_0689B088
FUN_0689B088: ; 0x0689B088
	bx pc
	nop
	thumb_func_end FUN_0689B088
_0689B08C:
	.byte 0x00, 0xC0, 0x9F, 0xE5
	.byte 0x1C, 0xFF, 0x2F, 0xE1
_0689B094:
	.byte 0x0D, 0x27, 0x20, 0x02

	thumb_func_start FUN_overlay_95__0689b098
FUN_overlay_95__0689b098: ; 0x0689B098
	push {r3, lr}
	add r2, r0, #0
	add r3, r1, #0
	ldrb r1, [r2]
	cmp r1, #0
	beq _0689B0AE
	add r0, r2, #3
	mov r2, #0
	bl FUN_overlay_95__0689ae34
	pop {r3, pc}
	thumb_func_end FUN_overlay_95__0689b098
_0689B0AE:
	ldrb r0, [r2, #2]
	cmp r0, #1
	bne _0689B0C0
	ldrb r1, [r2, #1]
	add r0, r2, #3
	mov r2, #1
	bl FUN_overlay_95__0689ae34
	pop {r3, pc}
_0689B0C0:
	ldrb r1, [r2, #1]
	add r0, r2, #3
	mov r2, #2
	bl FUN_overlay_95__0689ae34
	pop {r3, pc}
_0689B0CC:
	.byte 0x89, 0x30, 0x00, 0x78
	.byte 0x70, 0x47, 0x00, 0x00

	thumb_func_start FUN_overlay_95__0689b0d4
FUN_overlay_95__0689b0d4: ; 0x0689B0D4
	push {r4, lr}
	add r4, r1, #0
	add r0, r4, #0
	add r0, #0x80
	bl FUN_overlay_95__0689b354
	add r0, r4, #0
	add r0, #0xa0
	ldr r0, [r0]
	bl FUN_0689B174
	cmp r0, #2
	bne _0689B130
	add r0, r4, #0
	add r0, #0x80
	ldrb r0, [r0]
	mov r2, #6
	cmp r0, #0
	beq _0689B118
	ldr r0, [r4, #0x6c]
	bl FUN_0689B184
	add r2, r0, #0
	add r0, r4, #0
	add r1, r4, #0
	add r0, #0xa0
	add r1, #0xa4
	ldr r0, [r0]
	ldr r1, [r1]
	bl FUN_0689B194
	bl FUN_0689B1A4
	ldrb r2, [r0, #4]
	thumb_func_end FUN_overlay_95__0689b0d4
_0689B118:
	ldr r0, [r4, #0x70]
	ldr r1, [r0]
	lsl r1, r1, #9
	lsr r1, r1, #0x10
	lsl r1, r1, #0x10
	lsr r1, r1, #0x10
	bl FUN_0689B1B4
	add r0, r4, #0
	mov r1, #1
	add r0, #0x89
	strb r1, [r0]
_0689B130:
	add r0, r4, #0
	add r0, #0x80
	add r1, r4, #0
	bl FUN_overlay_95__0689b098
	add r0, r4, #0
	mov r1, #0
	add r0, #0x89
	strb r1, [r0]
	ldr r0, [r4, #0x70]
	mov r1, #0x1b
	ldr r0, [r0]
	lsl r0, r0, #9
	lsr r0, r0, #0x10
	lsl r0, r0, #0x10
	lsr r0, r0, #0x10
	bl FUN_0689B1C4
	add r1, r4, #0
	add r1, #0x8a
	strb r0, [r1]
	ldr r0, [r4, #0x70]
	ldr r0, [r0]
	lsl r0, r0, #9
	lsr r0, r0, #0x10
	cmp r0, #0xae
	bne _0689B170
	ldr r0, [r4, #0x6c]
	bl FUN_0689B1D4
	add r4, #0x8a
	strb r0, [r4]
_0689B170:
	mov r0, #1
	pop {r4, pc}

	thumb_func_start FUN_0689B174
FUN_0689B174: ; 0x0689B174
	bx pc
	nop
	thumb_func_end FUN_0689B174
_0689B178:
	.byte 0x00, 0xC0, 0x9F, 0xE5, 0x1C, 0xFF, 0x2F, 0xE1
_0689B180:
	.byte 0x89, 0x85, 0x1B, 0x02

	thumb_func_start FUN_0689B184
FUN_0689B184: ; 0x0689B184
	bx pc
	nop
	thumb_func_end FUN_0689B184
_0689B188:
	.byte 0x00, 0xC0, 0x9F, 0xE5, 0x1C, 0xFF, 0x2F, 0xE1
_0689B190:
	.byte 0x41, 0x54, 0x1D, 0x02

	thumb_func_start FUN_0689B194
FUN_0689B194: ; 0x0689B194
	bx pc
	nop
	thumb_func_end FUN_0689B194
_0689B198:
	.byte 0x00, 0xC0, 0x9F, 0xE5, 0x1C, 0xFF, 0x2F, 0xE1
_0689B1A0:
	.byte 0x8D, 0x8D, 0x1B, 0x02

	thumb_func_start FUN_0689B1A4
FUN_0689B1A4: ; 0x0689B1A4
	bx pc
	nop
	thumb_func_end FUN_0689B1A4

	arm_func_start thunk_EXT_FUN_021b99e0
thunk_EXT_FUN_021b99e0: ; 0x0689B1A8
	ldr ip, _0689B1B0 ; =0x021B99E1
	bx ip
	.balign 4, 0
	arm_func_end thunk_EXT_FUN_021b99e0
_0689B1B0: .word 0x021B99E1

	thumb_func_start FUN_0689B1B4
FUN_0689B1B4: ; 0x0689B1B4
	bx pc
	nop
	thumb_func_end FUN_0689B1B4
_0689B1B8:
	.byte 0x00, 0xC0, 0x9F, 0xE5, 0x1C, 0xFF, 0x2F, 0xE1
_0689B1C0:
	.byte 0xD1, 0x82, 0x1D, 0x02

	thumb_func_start FUN_0689B1C4
FUN_0689B1C4: ; 0x0689B1C4
	bx pc
	nop
	thumb_func_end FUN_0689B1C4
_0689B1C8:
	.byte 0x00, 0xC0, 0x9F, 0xE5, 0x1C, 0xFF, 0x2F, 0xE1
_0689B1D0:
	.byte 0x29, 0xBD, 0x01, 0x02

	thumb_func_start FUN_0689B1D4
FUN_0689B1D4: ; 0x0689B1D4
	bx pc
	nop
	thumb_func_end FUN_0689B1D4
_0689B1D8:
	.byte 0x00, 0xC0, 0x9F, 0xE5, 0x1C, 0xFF, 0x2F, 0xE1
_0689B1E0:
	.byte 0xA9, 0x80, 0x1D, 0x02, 0x78, 0xB5
_0689B1E6:
	.byte 0x81, 0xB0, 0x00, 0x68, 0x0D, 0x1C, 0x00, 0x28, 0x6E, 0xD1
	.byte 0xE8, 0x6E, 0x00, 0xF0, 0x77, 0xF8, 0x02, 0x1C, 0x28, 0x1C, 0x29, 0x1C, 0xA0, 0x30, 0xA4, 0x31
	.byte 0x00, 0x68, 0x09, 0x68, 0x00, 0xF0, 0x76, 0xF8, 0x01, 0x1C, 0x28, 0x1C, 0xA0, 0x30, 0x00, 0x68
	.byte 0x00, 0xF0, 0x78, 0xF8, 0x29, 0x1C, 0x8A, 0x31, 0x0C, 0x78, 0x81, 0x1E, 0xC8, 0x0F, 0x08, 0x18
	.byte 0xC0, 0x05, 0x06, 0x0E, 0x28, 0x1C, 0xA0, 0x30, 0x00, 0x68, 0x00, 0xF0, 0x73, 0xF8, 0x02, 0x28
	.byte 0x0A, 0xD0, 0x3C, 0x20, 0x27, 0x49, 0x70, 0x43, 0xA2, 0x00, 0x09, 0x18, 0x26, 0x4B, 0x51, 0x58
	.byte 0x18, 0x18, 0x12, 0x58, 0x04, 0x24, 0x17, 0xE0

	thumb_func_start LAB_overlay_95__0689b248
LAB_overlay_95__0689b248: ; 0x0689B248
	cmp r4, #0
	bne _0689B264
	ldr r0, [r5, #0x70]
	mov r1, #0xb
	ldr r0, [r0]
	lsl r0, r0, #9
	lsr r0, r0, #0x10
	lsl r0, r0, #0x10
	lsr r0, r0, #0x10
	bl FUN_0689B324
	cmp r0, #0
	beq _0689B264
	mov r4, #0xe
	thumb_func_end LAB_overlay_95__0689b248
_0689B264:
	mov r0, #0x3c
	ldr r1, _0689B2DC ; =0x0689E650
	mul r0, r6
	lsl r2, r4, #2
	add r1, r1, r0
	ldr r3, _0689B2E0 ; =_0689E704
	ldr r1, [r2, r1]
	add r0, r3, r0
	ldr r2, [r2, r0]
	mov r4, #6

	thumb_func_start LAB_overlay_95__0689b278
LAB_overlay_95__0689b278: ; 0x0689B278
	add r0, r5, #0
	add r0, #0xb0
	ldr r0, [r0]
	bl FUN_0689B334
	add r1, r0, #0
	mov r0, #0
	mvn r0, r0
	cmp r1, r0
	beq _0689B2CE
	cmp r1, r4
	beq _0689B2C2
	add r2, r5, #0
	add r2, #0xa0
	add r0, r5, #0
	ldr r2, [r2]
	add r0, #0x80
	add r3, sp, #0
	bl FUN_overlay_95__0689addc
	cmp r0, #0
	beq _0689B2CE
	ldr r0, [r5, #0x70]
	add r2, sp, #0
	ldr r1, [r0]
	ldrb r2, [r2]
	lsl r1, r1, #9
	lsr r1, r1, #0x10
	lsl r1, r1, #0x10
	lsr r1, r1, #0x10
	bl FUN_0689B344
	mov r0, #1
	add r5, #0x89
	add sp, #4
	strb r0, [r5]
	pop {r3, r4, r5, r6, pc}
	thumb_func_end LAB_overlay_95__0689b278
_0689B2C2:
	mov r0, #0
	add r5, #0x89
	strb r0, [r5]
	add sp, #4
	mov r0, #1
	pop {r3, r4, r5, r6, pc}
_0689B2CE:
	mov r0, #0
	add sp, #4
	pop {r3, r4, r5, r6, pc}
_0689B2D4:
	.byte 0xD8, 0xE5, 0x89, 0x06
_0689B2D8:
	.byte 0x60, 0xE5, 0x89, 0x06
_0689B2DC: .word 0x0689E650
_0689B2E0: .word 0x0689E704
_0689B2E4:
	.byte 0x78, 0x47, 0xC0, 0x46, 0x00, 0xC0, 0x9F, 0xE5, 0x1C, 0xFF, 0x2F, 0xE1
_0689B2F0:
	.byte 0x41, 0x54, 0x1D, 0x02, 0x78, 0x47, 0xC0, 0x46, 0x00, 0xC0, 0x9F, 0xE5, 0x1C, 0xFF, 0x2F, 0xE1
_0689B300:
	.byte 0x8D, 0x8D, 0x1B, 0x02, 0x78, 0x47, 0xC0, 0x46

	arm_func_start thunk_EXT_FUN_021b8e70
thunk_EXT_FUN_021b8e70: ; 0x0689B308
	ldr ip, _0689B310 ; =0x021B8E71
	bx ip
	.balign 4, 0
	arm_func_end thunk_EXT_FUN_021b8e70
_0689B310: .word 0x021B8E71
_0689B314:
	.byte 0x78, 0x47, 0xC0, 0x46

	arm_func_start thunk_EXT_FUN_021b8588
thunk_EXT_FUN_021b8588: ; 0x0689B318
	ldr ip, _0689B320 ; =0x021B8589
	bx ip
	.balign 4, 0
	arm_func_end thunk_EXT_FUN_021b8588
_0689B320: .word 0x021B8589

	thumb_func_start FUN_0689B324
FUN_0689B324: ; 0x0689B324
	bx pc
	nop
	thumb_func_end FUN_0689B324

	arm_func_start thunk_FUN_0201beb8
thunk_FUN_0201beb8: ; 0x0689B328
	ldr ip, _0689B330 ; =0x0201BEB9
	bx ip
	.balign 4, 0
	arm_func_end thunk_FUN_0201beb8
_0689B330: .word 0x0201BEB9

	thumb_func_start FUN_0689B334
FUN_0689B334: ; 0x0689B334
	bx pc
	nop
	thumb_func_end FUN_0689B334

	arm_func_start thunk_EXT_FUN_02202dc4
thunk_EXT_FUN_02202dc4: ; 0x0689B338
	ldr ip, _0689B340 ; =0x02202DC5
	bx ip
	.balign 4, 0
	arm_func_end thunk_EXT_FUN_02202dc4
_0689B340: .word 0x02202DC5

	thumb_func_start FUN_0689B344
FUN_0689B344: ; 0x0689B344
	bx pc
	nop
	thumb_func_end FUN_0689B344

	arm_func_start thunk_EXT_FUN_021d82d0
thunk_EXT_FUN_021d82d0: ; 0x0689B348
	ldr ip, _0689B350 ; =0x021D82D1
	bx ip
	.balign 4, 0
	arm_func_end thunk_EXT_FUN_021d82d0
_0689B350: .word 0x021D82D1

	thumb_func_start FUN_overlay_95__0689b354
FUN_overlay_95__0689b354: ; 0x0689B354
	push {r3, r4, r5, r6, r7, lr}
	add r4, r1, #0
	add r6, r0, #0
	ldr r0, [r4, #0x70]
	mov r1, #0x1b
	ldr r0, [r0]
	lsl r0, r0, #9
	lsr r0, r0, #0x10
	lsl r0, r0, #0x10
	lsr r0, r0, #0x10
	str r0, [sp]
	bl FUN_0689B4D4
	add r7, r0, #0
	ldr r0, [r4, #0x6c]
	bl FUN_0689B4E4
	add r2, r0, #0
	add r0, r4, #0
	add r1, r4, #0
	add r0, #0xa0
	add r1, #0xa4
	ldr r0, [r0]
	ldr r1, [r1]
	bl FUN_0689B4F4
	add r5, r0, #0
	add r0, r6, #0
	bl FUN_overlay_95__0689accc
	ldr r0, [sp]
	cmp r0, #0xae
	bne _0689B39E
	ldr r0, [r4, #0x6c]
	bl FUN_0689B504
	add r7, r0, #0
	thumb_func_end FUN_overlay_95__0689b354
_0689B39E:
	cmp r7, #0xd
	bls _0689B3A4
	b _0689B4D0
_0689B3A4:
	add r0, r7, r7
	add r0, pc
	ldrh r0, [r0, #6]
	lsl r0, r0, #0x10
	asr r0, r0, #0x10
	add pc, r0
_0689B3B0: ; jump table
	.hword 0x001A ; case 0
	.hword 0x0066 ; case 1
	.hword 0x007C ; case 2
	.hword 0x0040 ; case 3
	.hword 0x00A8 ; case 4
	.hword 0x0092 ; case 5
	.hword 0x00CE ; case 6
	.hword 0x00BE ; case 7
	.hword 0x00FA ; case 8
	.hword 0x00BE ; case 9
	.hword 0x00FA ; case 10
	.hword 0x00E4 ; case 11
	.hword 0x00CE ; case 12
	.hword 0x0110 ; case 13
_0689B3CC:
	mov r2, #2
	add r1, r4, #0
	lsl r2, r2, #8
	add r1, #0xa0
	orr r2, r5
	lsl r2, r2, #0x10
	ldr r1, [r1]
	add r0, r6, #0
	lsr r2, r2, #0x10
	bl FUN_overlay_95__0689acd8
	add r4, #0xa0
	ldr r1, [r4]
	ldr r2, [sp]
	add r0, r6, #0
	add r3, r5, #0
	bl FUN_overlay_95__0689ad4c
	pop {r3, r4, r5, r6, r7, pc}
_0689B3F2:
	mov r2, #1
	add r1, r4, #0
	lsl r2, r2, #8
	add r1, #0xa0
	orr r2, r5
	lsl r2, r2, #0x10
	ldr r1, [r1]
	add r0, r6, #0
	lsr r2, r2, #0x10
	bl FUN_overlay_95__0689acd8
	add r4, #0xa0
	ldr r1, [r4]
	ldr r2, [sp]
	add r0, r6, #0
	add r3, r5, #0
	bl FUN_overlay_95__0689ad4c
	pop {r3, r4, r5, r6, r7, pc}
_0689B418:
	mov r2, #3
	lsl r2, r2, #8
	add r4, #0xa0
	orr r2, r5
	lsl r2, r2, #0x10
	ldr r1, [r4]
	add r0, r6, #0
	lsr r2, r2, #0x10
	bl FUN_overlay_95__0689acd8
	pop {r3, r4, r5, r6, r7, pc}
_0689B42E:
	mov r2, #1
	lsl r2, r2, #0xa
	add r4, #0xa0
	orr r2, r5
	lsl r2, r2, #0x10
	ldr r1, [r4]
	add r0, r6, #0
	lsr r2, r2, #0x10
	bl FUN_overlay_95__0689acd8
	pop {r3, r4, r5, r6, r7, pc}
_0689B444:
	mov r2, #1
	lsl r2, r2, #8
	add r4, #0xa0
	orr r2, r5
	lsl r2, r2, #0x10
	ldr r1, [r4]
	add r0, r6, #0
	lsr r2, r2, #0x10
	bl FUN_overlay_95__0689acfc
	pop {r3, r4, r5, r6, r7, pc}
_0689B45A:
	mov r2, #2
	lsl r2, r2, #8
	add r4, #0xa0
	orr r2, r5
	lsl r2, r2, #0x10
	ldr r1, [r4]
	add r0, r6, #0
	lsr r2, r2, #0x10
	bl FUN_overlay_95__0689acfc
	pop {r3, r4, r5, r6, r7, pc}
_0689B470:
	add r4, #0xa0
	lsl r2, r5, #0x10
	ldr r1, [r4]
	add r0, r6, #0
	lsr r2, r2, #0x10
	bl FUN_overlay_95__0689acfc
	pop {r3, r4, r5, r6, r7, pc}
_0689B480:
	mov r2, #7
	lsl r2, r2, #8
	add r4, #0xa0
	orr r2, r5
	lsl r2, r2, #0x10
	ldr r1, [r4]
	add r0, r6, #0
	lsr r2, r2, #0x10
	bl FUN_overlay_95__0689ad24
	pop {r3, r4, r5, r6, r7, pc}
_0689B496:
	mov r2, #6
	lsl r2, r2, #8
	add r4, #0xa0
	orr r2, r5
	lsl r2, r2, #0x10
	ldr r1, [r4]
	add r0, r6, #0
	lsr r2, r2, #0x10
	bl FUN_overlay_95__0689ad24
	pop {r3, r4, r5, r6, r7, pc}
_0689B4AC:
	mov r2, #2
	lsl r2, r2, #0xa
	add r4, #0xa0
	orr r2, r5
	lsl r2, r2, #0x10
	ldr r1, [r4]
	add r0, r6, #0
	lsr r2, r2, #0x10
	bl FUN_overlay_95__0689ad24
	pop {r3, r4, r5, r6, r7, pc}
_0689B4C2:
	add r4, #0xa0
	lsl r2, r5, #0x10
	ldr r1, [r4]
	add r0, r6, #0
	lsr r2, r2, #0x10
	bl FUN_overlay_95__0689acfc
_0689B4D0:
	pop {r3, r4, r5, r6, r7, pc}
	nop

	thumb_func_start FUN_0689B4D4
FUN_0689B4D4: ; 0x0689B4D4
	bx pc
	nop
	thumb_func_end FUN_0689B4D4

	arm_func_start thunk_FUN_0201bd28
thunk_FUN_0201bd28: ; 0x0689B4D8
	ldr ip, _0689B4E0 ; =0x0201BD29
	bx ip
	.balign 4, 0
	arm_func_end thunk_FUN_0201bd28
_0689B4E0: .word 0x0201BD29

	thumb_func_start FUN_0689B4E4
FUN_0689B4E4: ; 0x0689B4E4
	bx pc
	nop
	thumb_func_end FUN_0689B4E4
_0689B4E8:
	.byte 0x00, 0xC0, 0x9F, 0xE5, 0x1C, 0xFF, 0x2F, 0xE1
_0689B4F0:
	.byte 0x41, 0x54, 0x1D, 0x02

	thumb_func_start FUN_0689B4F4
FUN_0689B4F4: ; 0x0689B4F4
	bx pc
	nop
	thumb_func_end FUN_0689B4F4

	arm_func_start thunk_EXT_FUN_021b8d8c
thunk_EXT_FUN_021b8d8c: ; 0x0689B4F8
	ldr ip, _0689B500 ; =0x021B8D8D
	bx ip
	.balign 4, 0
	arm_func_end thunk_EXT_FUN_021b8d8c
_0689B500: .word 0x021B8D8D

	thumb_func_start FUN_0689B504
FUN_0689B504: ; 0x0689B504
	bx pc
	nop
	thumb_func_end FUN_0689B504

	arm_func_start thunk_EXT_FUN_021d80a8
thunk_EXT_FUN_021d80a8: ; 0x0689B508
	ldr ip, _0689B510 ; =0x021D80A9
	bx ip
	.balign 4, 0
	arm_func_end thunk_EXT_FUN_021d80a8
_0689B510: .word 0x021D80A9
_0689B514:
	.byte 0xB0, 0x30, 0x00, 0x68, 0x0A, 0x1C, 0x01, 0x4B, 0x05, 0x21, 0x18, 0x47
	.byte 0x0D, 0x27, 0x20, 0x02, 0x38, 0xB5, 0xB0, 0x30, 0x00, 0x68, 0x0D, 0x1C, 0x00, 0x24, 0x00, 0x21
	.byte 0x00, 0x22, 0x00, 0xF0, 0x09, 0xF8, 0x61, 0x1E, 0x88, 0x42, 0x02, 0xD0, 0x28, 0x70, 0x01, 0x20
	.byte 0x38, 0xBD, 0x20, 0x1C, 0x38, 0xBD, 0xC0, 0x46, 0x78, 0x47, 0xC0, 0x46, 0x00, 0xC0, 0x9F, 0xE5
	.byte 0x1C, 0xFF, 0x2F, 0xE1, 0xC5, 0x2D, 0x20, 0x02, 0x08, 0xB5, 0xB0, 0x30, 0x00, 0x68, 0x00, 0x21
	.byte 0x00, 0x22, 0x00, 0xF0, 0x07, 0xF8, 0x08, 0x20, 0x00, 0xF0, 0x0C, 0xF8, 0x00, 0xF0, 0x12, 0xF8
	.byte 0x08, 0xBD, 0xC0, 0x46, 0x78, 0x47, 0xC0, 0x46, 0x00, 0xC0, 0x9F, 0xE5, 0x1C, 0xFF, 0x2F, 0xE1
	.byte 0x0D, 0x27, 0x20, 0x02, 0x78, 0x47, 0xC0, 0x46, 0x00, 0xC0, 0x9F, 0xE5, 0x1C, 0xFF, 0x2F, 0xE1
	.byte 0xED, 0x81, 0x1F, 0x02, 0x78, 0x47, 0xC0, 0x46, 0x00, 0xC0, 0x9F, 0xE5, 0x1C, 0xFF, 0x2F, 0xE1
	.byte 0x79, 0x8A, 0x1F, 0x02, 0x10, 0xB5, 0x04, 0x1C, 0xB0, 0x30, 0x0A, 0x1C, 0x00, 0x68, 0x04, 0x21
	.byte 0x00, 0xF0, 0x04, 0xF8, 0x00, 0x20, 0x93, 0x34, 0x20, 0x70, 0x10, 0xBD, 0x78, 0x47, 0xC0, 0x46
	.byte 0x00, 0xC0, 0x9F, 0xE5, 0x1C, 0xFF, 0x2F, 0xE1, 0x0D, 0x27, 0x20, 0x02, 0x38, 0xB5, 0x05, 0x1C
	.byte 0x93, 0x30, 0x00, 0x78, 0x0C, 0x1C, 0x00, 0x28, 0x02, 0xD0, 0x01, 0x28, 0x1C, 0xD0, 0x27, 0xE0
	.byte 0x28, 0x1C, 0xB0, 0x30, 0x00, 0x68, 0x13, 0x49, 0x13, 0x4A, 0x00, 0xF0, 0x27, 0xF8, 0x00, 0x21
	.byte 0xC9, 0x43, 0x88, 0x42, 0x1C, 0xD0, 0x29, 0x1C, 0x94, 0x31, 0x08, 0x60, 0x28, 0x1C, 0xB0, 0x30
	.byte 0x00, 0x68, 0x00, 0x21, 0x00, 0x22, 0x00, 0xF0, 0x21, 0xF8, 0x28, 0x1C, 0x93, 0x30, 0x00, 0x78
	.byte 0x93, 0x35, 0x40, 0x1C, 0x28, 0x70, 0x0B, 0xE0, 0x28, 0x1C, 0xB0, 0x30, 0x00, 0x68, 0x00, 0xF0
	.byte 0x1D, 0xF8, 0x00, 0x28, 0x04, 0xD1, 0x94, 0x35, 0x28, 0x68, 0x20, 0x60, 0x01, 0x20, 0x38, 0xBD
	.byte 0x00, 0x20, 0x38, 0xBD, 0x8C, 0xD8, 0x89, 0x06, 0x48, 0xDC, 0x89, 0x06, 0x78, 0x47, 0xC0, 0x46
	.byte 0x00, 0xC0, 0x9F, 0xE5, 0x1C, 0xFF, 0x2F, 0xE1, 0xC5, 0x2D, 0x20, 0x02, 0x78, 0x47, 0xC0, 0x46
	.byte 0x00, 0xC0, 0x9F, 0xE5, 0x1C, 0xFF, 0x2F, 0xE1, 0x0D, 0x27, 0x20, 0x02, 0x78, 0x47, 0xC0, 0x46
	.byte 0x00, 0xC0, 0x9F, 0xE5, 0x1C, 0xFF, 0x2F, 0xE1, 0xCD, 0x33, 0x20, 0x02, 0x8F, 0x30, 0x70, 0x47
	.byte 0x01, 0x1C, 0x92, 0x31, 0x09, 0x78, 0x09, 0x06, 0xC9, 0x0F, 0x0E, 0xD1, 0x01, 0x1C, 0x92, 0x31
	.byte 0x0A, 0x78, 0x7F, 0x21, 0x8A, 0x43, 0x01, 0x1C, 0x92, 0x31, 0x0A, 0x70, 0x01, 0x1C, 0x92, 0x31
	.byte 0x0A, 0x78, 0x80, 0x21, 0x92, 0x30, 0x11, 0x43, 0x01, 0x70, 0x70, 0x47

	thumb_func_start FUN_overlay_95__0689b69c
FUN_overlay_95__0689b69c: ; 0x0689B69C
	push {r4, lr}
	add r4, r0, #0
	add r0, #0x92
	ldrb r0, [r0]
	lsl r0, r0, #0x19
	lsr r0, r0, #0x19
	cmp r0, #3
	bhi _0689B72C
	add r0, r0, r0
	add r0, pc
	ldrh r0, [r0, #6]
	lsl r0, r0, #0x10
	asr r0, r0, #0x10
	add pc, r0
	thumb_func_end FUN_overlay_95__0689b69c
_0689B6B8: ; jump table
	.hword 0x0006 ; case 0
	.hword 0x0036 ; case 1
	.hword 0x0050 ; case 2
	.hword 0x0060 ; case 3
_0689B6C0:
	add r0, r4, #0
	add r0, #0xb0
	ldr r0, [r0]
	bl FUN_0689B730
	cmp r0, #0
	bne _0689B72C
_0689B6CE:
	add r0, r4, #0
	add r0, #0x92
	ldrb r2, [r0]
	mov r1, #0x7f
	add r4, #0x92
	add r0, r2, #0
	bic r0, r1
	lsl r1, r2, #0x19
	lsr r1, r1, #0x19
	add r1, r1, #1
	lsl r1, r1, #0x18
	lsr r2, r1, #0x18
	mov r1, #0x7f
	and r1, r2
	orr r0, r1
	strb r0, [r4]
	b _0689B72C
_0689B6F0:
	add r0, r4, #0
	add r0, #0xb0
	ldr r0, [r0]
	mov r1, #0
	mov r2, #0
	bl FUN_0689B740
	mov r0, #8
	bl FUN_0689B750
	bl FUN_0689B760
	b _0689B6CE
_0689B70A:
	add r0, r4, #0
	add r0, #0xb0
	ldr r0, [r0]
	bl FUN_0689B770
	cmp r0, #0
	bne _0689B72C
	b _0689B6CE
_0689B71A:
	add r0, r4, #0
	add r0, #0x92
	ldrb r1, [r0]
	mov r0, #0x80
	add r4, #0x92
	bic r1, r0
	strb r1, [r4]
	mov r0, #1
	pop {r4, pc}
_0689B72C:
	mov r0, #0
	pop {r4, pc}

	thumb_func_start FUN_0689B730
FUN_0689B730: ; 0x0689B730
	bx pc
	nop
	thumb_func_end FUN_0689B730
_0689B734:
	.byte 0x00, 0xC0, 0x9F, 0xE5, 0x1C, 0xFF, 0x2F, 0xE1
_0689B73C:
	.byte 0xCD, 0x33, 0x20, 0x02

	thumb_func_start FUN_0689B740
FUN_0689B740: ; 0x0689B740
	bx pc
	nop
	thumb_func_end FUN_0689B740

	arm_func_start thunk_EXT_FUN_0220270c
thunk_EXT_FUN_0220270c: ; 0x0689B744
	ldr ip, _0689B74C ; =0x0220270D
	bx ip
	.balign 4, 0
	arm_func_end thunk_EXT_FUN_0220270c
_0689B74C: .word 0x0220270D

	thumb_func_start FUN_0689B750
FUN_0689B750: ; 0x0689B750
	bx pc
	nop
	thumb_func_end FUN_0689B750

	arm_func_start thunk_EXT_FUN_021f81ec
thunk_EXT_FUN_021f81ec: ; 0x0689B754
	ldr ip, _0689B75C ; =0x021F81ED
	bx ip
	.balign 4, 0
	arm_func_end thunk_EXT_FUN_021f81ec
_0689B75C: .word 0x021F81ED

	thumb_func_start FUN_0689B760
FUN_0689B760: ; 0x0689B760
	bx pc
	nop
	thumb_func_end FUN_0689B760

	arm_func_start thunk_EXT_FUN_021f8a78
thunk_EXT_FUN_021f8a78: ; 0x0689B764
	ldr ip, _0689B76C ; =0x021F8A79
	bx ip
	.balign 4, 0
	arm_func_end thunk_EXT_FUN_021f8a78
_0689B76C: .word 0x021F8A79

	thumb_func_start FUN_0689B770
FUN_0689B770: ; 0x0689B770
	bx pc
	nop
	thumb_func_end FUN_0689B770

	arm_func_start thunk_EXT_FUN_022033cc
thunk_EXT_FUN_022033cc: ; 0x0689B774
	ldr ip, _0689B77C ; =0x022033CD
	bx ip
	.balign 4, 0
	arm_func_end thunk_EXT_FUN_022033cc
_0689B77C: .word 0x022033CD
_0689B780:
	.byte 0xB0, 0x30, 0x00, 0x68, 0x0A, 0x1C, 0x01, 0x4B, 0x06, 0x21, 0x18, 0x47, 0x0D, 0x27, 0x20, 0x02
	.byte 0xB0, 0x30, 0x00, 0x68, 0x01, 0x49, 0x02, 0x4A, 0x02, 0x4B, 0x18, 0x47, 0x34, 0xD9, 0x89, 0x06
	.byte 0xBC, 0xDE, 0x89, 0x06, 0xC5, 0x2D, 0x20, 0x02, 0x0F, 0xB4, 0x78, 0xB5, 0x81, 0xB0, 0x05, 0x1C
	.byte 0x0C, 0x1C, 0x1E, 0x1C, 0x00, 0xF0, 0x1A, 0xF8, 0x02, 0x1C, 0x00, 0x2E, 0x0B, 0xD0, 0x08, 0x98
	.byte 0x29, 0x1C, 0x00, 0x90, 0x0A, 0x98, 0x23, 0x1C, 0x00, 0xF0, 0xB8, 0xFB, 0x01, 0xB0, 0x78, 0xBC
	.byte 0x08, 0xBC, 0x04, 0xB0, 0x18, 0x47, 0x0A, 0x98, 0x29, 0x1C, 0x23, 0x1C, 0x00, 0xF0, 0x0E, 0xF8
	.byte 0x01, 0xB0, 0x78, 0xBC, 0x08, 0xBC, 0x04, 0xB0, 0x18, 0x47, 0xC0, 0x46, 0x78, 0x47, 0xC0, 0x46
	.byte 0x00, 0xC0, 0x9F, 0xE5, 0x1C, 0xFF, 0x2F, 0xE1, 0x41, 0x54, 0x1D, 0x02, 0xF8, 0xB5, 0x0C, 0x1C
	.byte 0x06, 0x1C, 0x20, 0x1C, 0x17, 0x1C, 0x1D, 0x1C, 0x00, 0xF0, 0x48, 0xF8, 0x00, 0x28, 0x44, 0xD1
	.byte 0x20, 0x1C, 0x29, 0x1C, 0x00, 0xF0, 0x4A, 0xF8, 0x03, 0x1C, 0x04, 0xD0, 0x30, 0x1C, 0x21, 0x1C
	.byte 0x2A, 0x1C, 0x00, 0xF0, 0x4B, 0xF8, 0x17, 0x2D, 0x11, 0xDC, 0x28, 0x1C, 0x12, 0x38, 0x0B, 0xD4
	.byte 0x00, 0x18, 0x78, 0x44, 0xC0, 0x88, 0x00, 0x04, 0x00, 0x14, 0x87, 0x44, 0x22, 0x00, 0x5C, 0x00
	.byte 0x16, 0x00, 0x2E, 0x00, 0x5C, 0x00, 0x52, 0x00, 0x08, 0x2D, 0x15, 0xD0, 0xF8, 0xBD, 0x23, 0x2D
	.byte 0x18, 0xD0, 0xF8, 0xBD, 0x30, 0x1C, 0x21, 0x1C, 0x3A, 0x1C, 0x00, 0xF0, 0x8B, 0xF8, 0xF8, 0xBD
	.byte 0x30, 0x1C, 0x21, 0x1C, 0x3A, 0x1C, 0x00, 0xF0, 0xC5, 0xF8, 0xF8, 0xBD, 0x30, 0x1C, 0x21, 0x1C
	.byte 0x3A, 0x1C, 0x00, 0xF0, 0x83, 0xF9, 0xF8, 0xBD, 0x30, 0x1C, 0x21, 0x1C, 0x3A, 0x1C, 0x00, 0xF0
	.byte 0xD7, 0xF9, 0xF8, 0xBD, 0x30, 0x1C, 0x21, 0x1C, 0x3A, 0x1C, 0x00, 0xF0, 0xA9, 0xFA, 0xF8, 0xBD
	.byte 0x30, 0x1C, 0x21, 0x1C, 0x3A, 0x1C, 0x00, 0xF0, 0x09, 0xFB, 0xF8, 0xBD, 0x78, 0x47, 0xC0, 0x46
	.byte 0x00, 0xC0, 0x9F, 0xE5, 0x1C, 0xFF, 0x2F, 0xE1, 0x69, 0x5B, 0x1D, 0x02, 0x78, 0x47, 0xC0, 0x46
	.byte 0x00, 0xC0, 0x9F, 0xE5, 0x1C, 0xFF, 0x2F, 0xE1, 0x25, 0x63, 0x1D, 0x02, 0x78, 0x47, 0xC0, 0x46
	.byte 0x00, 0xC0, 0x9F, 0xE5, 0x1C, 0xFF, 0x2F, 0xE1, 0x65, 0x4A, 0x1C, 0x02, 0x38, 0xB5, 0x05, 0x1C
	.byte 0x10, 0x1C, 0x0C, 0x1C, 0x00, 0xF0, 0x2A, 0xF8, 0x02, 0x1C, 0x00, 0x2A, 0x0C, 0xDD, 0x12, 0x04
	.byte 0x28, 0x1C, 0x02, 0x21, 0x12, 0x0C, 0x00, 0xF0, 0x09, 0xF8, 0x20, 0x1C, 0x00, 0xF0, 0x0E, 0xF8
	.byte 0x01, 0x1C, 0x28, 0x1C, 0x00, 0xF0, 0x12, 0xF8, 0x00, 0x20, 0x38, 0xBD, 0x78, 0x47, 0xC0, 0x46
	.byte 0x00, 0xC0, 0x9F, 0xE5, 0x1C, 0xFF, 0x2F, 0xE1, 0x39, 0x88, 0x1C, 0x02, 0x78, 0x47, 0xC0, 0x46
	.byte 0x00, 0xC0, 0x9F, 0xE5, 0x1C, 0xFF, 0x2F, 0xE1, 0x41, 0x54, 0x1D, 0x02, 0x78, 0x47, 0xC0, 0x46
	.byte 0x00, 0xC0, 0x9F, 0xE5, 0x1C, 0xFF, 0x2F, 0xE1, 0x61, 0x88, 0x1C, 0x02, 0x0A, 0x28, 0x19, 0xD8
	.byte 0x00, 0x18, 0x78, 0x44, 0xC0, 0x88, 0x00, 0x04, 0x00, 0x14, 0x87, 0x44, 0x26, 0x00, 0x26, 0x00
	.byte 0x26, 0x00, 0x26, 0x00, 0x18, 0x00, 0x14, 0x00, 0x26, 0x00, 0x26, 0x00, 0x26, 0x00, 0x1C, 0x00
	.byte 0x22, 0x00, 0xF3, 0x20, 0x70, 0x47, 0x05, 0x48, 0x70, 0x47, 0x51, 0x20, 0x80, 0x00, 0x70, 0x47
	.byte 0x03, 0x48, 0x70, 0x47, 0x00, 0x20, 0xC0, 0x43, 0x70, 0x47, 0xC0, 0x46, 0x05, 0x01, 0x00, 0x00
	.byte 0x2F, 0x04, 0x00, 0x00, 0x70, 0xB5, 0x82, 0xB0, 0x0D, 0x1C, 0x06, 0x1C, 0x28, 0x1C, 0x00, 0xF0
	.byte 0x19, 0xF8, 0x00, 0x28, 0x13, 0xD1, 0x28, 0x1C, 0x14, 0x21, 0x00, 0xF0, 0x1B, 0xF8, 0x00, 0xF0
	.byte 0x21, 0xF8, 0x04, 0x1C, 0x28, 0x1C, 0x14, 0x21, 0x00, 0xF0, 0x24, 0xF8, 0x22, 0x1A, 0x00, 0x2A
	.byte 0x05, 0xDD, 0x12, 0x06, 0x30, 0x1C, 0x29, 0x1C, 0x12, 0x0E, 0x00, 0xF0, 0xAB, 0xFB, 0x02, 0xB0
	.byte 0x70, 0xBD, 0xC0, 0x46, 0x78, 0x47, 0xC0, 0x46, 0x00, 0xC0, 0x9F, 0xE5, 0x1C, 0xFF, 0x2F, 0xE1
	.byte 0x69, 0x5B, 0x1D, 0x02, 0x78, 0x47, 0xC0, 0x46, 0x00, 0xC0, 0x9F, 0xE5, 0x1C, 0xFF, 0x2F, 0xE1
	.byte 0x15, 0x63, 0x1D, 0x02, 0x78, 0x47, 0xC0, 0x46, 0x00, 0xC0, 0x9F, 0xE5, 0x1C, 0xFF, 0x2F, 0xE1
	.byte 0xFD, 0x8A, 0x1E, 0x02, 0x78, 0x47, 0xC0, 0x46, 0x00, 0xC0, 0x9F, 0xE5, 0x1C, 0xFF, 0x2F, 0xE1
	.byte 0x1D, 0x63, 0x1D, 0x02, 0xF0, 0xB5, 0x85, 0xB0, 0x0C, 0x1C, 0x07, 0x1C, 0x20, 0x1C, 0x12, 0x21
	.byte 0x15, 0x1C, 0x00, 0xF0, 0x5B, 0xF8, 0x00, 0xF0, 0x61, 0xF8, 0x00, 0x06, 0x00, 0x0E, 0x01, 0x90
	.byte 0x01, 0x99, 0x38, 0x1C, 0x00, 0xF0, 0x62, 0xF8, 0x00, 0x90, 0x1F, 0x28, 0x49, 0xD0, 0x20, 0x1C
	.byte 0x08, 0x21, 0x00, 0xF0, 0x63, 0xF8, 0x00, 0x04, 0x06, 0x0C, 0x20, 0x1C, 0x0D, 0x21, 0x00, 0xF0
	.byte 0x65, 0xF8, 0x00, 0x04, 0x00, 0x0C, 0x86, 0x42, 0x00, 0xD9, 0x06, 0x1C, 0x38, 0x1C, 0x07, 0x21
	.byte 0x2A, 0x1C, 0x00, 0xF0, 0x63, 0xF8, 0x04, 0x1C, 0x1B, 0x4A, 0xA5, 0x71, 0x0C, 0x30, 0x02, 0x21
	.byte 0xA6, 0x80, 0x02, 0x92, 0x00, 0xF0, 0x62, 0xF8, 0x20, 0x1C, 0x0C, 0x30, 0x29, 0x1C, 0x00, 0xF0
	.byte 0x65, 0xF8, 0xE1, 0x79, 0x02, 0x20, 0x08, 0x43, 0xE0, 0x71, 0x02, 0x98, 0x29, 0x1C, 0x13, 0x30
	.byte 0x02, 0x90, 0x20, 0x81, 0x01, 0x98, 0xA0, 0x72, 0x38, 0x1C, 0x00, 0xF0, 0x5F, 0xF8, 0xE0, 0x72
	.byte 0x38, 0x1C, 0x21, 0x1C, 0x00, 0xF0, 0x62, 0xF8, 0x00, 0x98, 0x1F, 0x28, 0x11, 0xD0, 0x38, 0x1C
	.byte 0x06, 0x21, 0x2A, 0x1C, 0x00, 0xF0, 0x62, 0xF8, 0x01, 0x1C, 0x02, 0x20, 0x0A, 0x68, 0xC0, 0x05
	.byte 0x10, 0x43, 0x08, 0x60, 0x00, 0x98, 0x88, 0x71, 0xCD, 0x71, 0x38, 0x1C, 0x8E, 0x80, 0x00, 0xF0
	.byte 0x5D, 0xF8, 0x05, 0xB0, 0xF0, 0xBD, 0xC0, 0x46, 0x62, 0x02, 0x00, 0x00, 0x78, 0x47, 0xC0, 0x46
	.byte 0x00, 0xC0, 0x9F, 0xE5, 0x1C, 0xFF, 0x2F, 0xE1, 0x15, 0x63, 0x1D, 0x02, 0x78, 0x47, 0xC0, 0x46
	.byte 0x00, 0xC0, 0x9F, 0xE5, 0x1C, 0xFF, 0x2F, 0xE1, 0x81, 0x8B, 0x1E, 0x02, 0x78, 0x47, 0xC0, 0x46
	.byte 0x00, 0xC0, 0x9F, 0xE5, 0x1C, 0xFF, 0x2F, 0xE1, 0x45, 0x7D, 0x1C, 0x02, 0x78, 0x47, 0xC0, 0x46
	.byte 0x00, 0xC0, 0x9F, 0xE5, 0x1C, 0xFF, 0x2F, 0xE1, 0x75, 0x7B, 0x1D, 0x02, 0x78, 0x47, 0xC0, 0x46
	.byte 0x00, 0xC0, 0x9F, 0xE5, 0x1C, 0xFF, 0x2F, 0xE1, 0xB5, 0x59, 0x1D, 0x02, 0x78, 0x47, 0xC0, 0x46
	.byte 0x00, 0xC0, 0x9F, 0xE5, 0x1C, 0xFF, 0x2F, 0xE1, 0xA5, 0x88, 0x1C, 0x02, 0x78, 0x47, 0xC0, 0x46
	.byte 0x00, 0xC0, 0x9F, 0xE5, 0x1C, 0xFF, 0x2F, 0xE1, 0x39, 0x88, 0x1C, 0x02, 0x78, 0x47, 0xC0, 0x46
	.byte 0x00, 0xC0, 0x9F, 0xE5, 0x1C, 0xFF, 0x2F, 0xE1, 0x61, 0x88, 0x1C, 0x02, 0x78, 0x47, 0xC0, 0x46
	.byte 0x00, 0xC0, 0x9F, 0xE5, 0x1C, 0xFF, 0x2F, 0xE1, 0x11, 0x80, 0x1C, 0x02, 0x78, 0x47, 0xC0, 0x46
	.byte 0x00, 0xC0, 0x9F, 0xE5, 0x1C, 0xFF, 0x2F, 0xE1, 0xC9, 0x88, 0x1C, 0x02, 0x78, 0x47, 0xC0, 0x46
	.byte 0x00, 0xC0, 0x9F, 0xE5, 0x1C, 0xFF, 0x2F, 0xE1, 0xA5, 0x88, 0x1C, 0x02, 0x78, 0x47, 0xC0, 0x46
	.byte 0x00, 0xC0, 0x9F, 0xE5, 0x1C, 0xFF, 0x2F, 0xE1, 0xC9, 0x88, 0x1C, 0x02, 0xF8, 0xB5, 0x0F, 0x1C
	.byte 0x06, 0x1C, 0x38, 0x1C, 0x15, 0x1C, 0x00, 0xF0, 0x23, 0xF8, 0x00, 0x28, 0x1C, 0xD1, 0x30, 0x1C
	.byte 0x06, 0x21, 0x2A, 0x1C, 0x00, 0xF0, 0x24, 0xF8, 0x04, 0x1C, 0xA5, 0x71, 0x1F, 0x20, 0xE0, 0x71
	.byte 0x38, 0x1C, 0x10, 0x21, 0x00, 0xF0, 0x24, 0xF8, 0xA0, 0x80, 0x20, 0x1C, 0x07, 0x4A, 0x08, 0x30
	.byte 0x02, 0x21, 0x00, 0xF0, 0x25, 0xF8, 0x20, 0x1C, 0x08, 0x30, 0x29, 0x1C, 0x00, 0xF0, 0x28, 0xF8
	.byte 0x30, 0x1C, 0x21, 0x1C, 0x00, 0xF0, 0x2C, 0xF8, 0xF8, 0xBD, 0xC0, 0x46, 0xE3, 0x02, 0x00, 0x00
	.byte 0x78, 0x47, 0xC0, 0x46, 0x00, 0xC0, 0x9F, 0xE5, 0x1C, 0xFF, 0x2F, 0xE1, 0x49, 0x5B, 0x1D, 0x02
	.byte 0x78, 0x47, 0xC0, 0x46, 0x00, 0xC0, 0x9F, 0xE5, 0x1C, 0xFF, 0x2F, 0xE1, 0xA5, 0x88, 0x1C, 0x02
	.byte 0x78, 0x47, 0xC0, 0x46, 0x00, 0xC0, 0x9F, 0xE5, 0x1C, 0xFF, 0x2F, 0xE1, 0x75, 0x7B, 0x1D, 0x02
	.byte 0x78, 0x47, 0xC0, 0x46, 0x00, 0xC0, 0x9F, 0xE5, 0x1C, 0xFF, 0x2F, 0xE1, 0x39, 0x88, 0x1C, 0x02
	.byte 0x78, 0x47, 0xC0, 0x46, 0x00, 0xC0, 0x9F, 0xE5, 0x1C, 0xFF, 0x2F, 0xE1, 0x61, 0x88, 0x1C, 0x02
	.byte 0x78, 0x47, 0xC0, 0x46, 0x00, 0xC0, 0x9F, 0xE5, 0x1C, 0xFF, 0x2F, 0xE1, 0xC9, 0x88, 0x1C, 0x02
	.byte 0xF0, 0xB5, 0x85, 0xB0, 0x00, 0x90, 0x08, 0x1C, 0x01, 0x91, 0x17, 0x1C, 0x00, 0xF0, 0x78, 0xF8
	.byte 0x00, 0x28, 0x68, 0xD1, 0x01, 0x98, 0x08, 0x21, 0x00, 0xF0, 0x7A, 0xF8, 0x02, 0x90, 0x00, 0xF0
	.byte 0x7F, 0xF8, 0x00, 0x26, 0x05, 0x1C, 0xF6, 0x43, 0x80, 0x2D, 0x09, 0xDC, 0x1C, 0xDA, 0x23, 0x2D
	.byte 0x03, 0xDC, 0x11, 0xDA, 0x14, 0x2D, 0x11, 0xD0, 0x1C, 0xE0, 0x53, 0x2D, 0x10, 0xD0, 0x19, 0xE0
	.byte 0x52, 0x20, 0x80, 0x00, 0x85, 0x42, 0x03, 0xDC, 0x12, 0xDA, 0xFA, 0x2D, 0x0E, 0xD0, 0x11, 0xE0
	.byte 0x87, 0x30, 0x85, 0x42, 0x06, 0xD0, 0x0D, 0xE0, 0x24, 0x4E, 0x0B, 0xE0, 0x24, 0x4E, 0x09, 0xE0
	.byte 0x9E, 0x26, 0x06, 0xE0, 0x23, 0x4E, 0x05, 0xE0, 0x23, 0x4E, 0x03, 0xE0, 0x23, 0x4E, 0x01, 0xE0
	.byte 0x9F, 0x26, 0xB6, 0x00, 0x00, 0x98, 0x07, 0x21, 0x3A, 0x1C, 0x00, 0xF0, 0x59, 0xF8, 0x04, 0x1C
	.byte 0x02, 0x98, 0xA7, 0x71, 0x00, 0xF0, 0x5C, 0xF8, 0x00, 0x28, 0x02, 0xD0, 0x01, 0x98, 0x08, 0x21
	.byte 0x01, 0xE0, 0x01, 0x98, 0x10, 0x21, 0x00, 0xF0, 0x5B, 0xF8, 0xA0, 0x80, 0x00, 0x20, 0xC0, 0x43
	.byte 0x86, 0x42, 0x0B, 0xD0, 0xE1, 0x79, 0x02, 0x20, 0x08, 0x43, 0xE0, 0x71, 0x00, 0x98, 0x39, 0x1C
	.byte 0x26, 0x81, 0x00, 0xF0, 0x55, 0xF8, 0xA0, 0x72, 0x06, 0x20, 0xE0, 0x72, 0x20, 0x1C, 0x5D, 0x22
	.byte 0x0C, 0x30, 0x02, 0x21, 0x92, 0x00, 0x00, 0xF0, 0x53, 0xF8, 0x20, 0x1C, 0x0C, 0x30, 0x39, 0x1C
	.byte 0x00, 0xF0, 0x56, 0xF8, 0x20, 0x1C, 0x0C, 0x30, 0x29, 0x1C, 0x00, 0xF0, 0x59, 0xF8, 0x00, 0x98
	.byte 0x21, 0x1C, 0x00, 0xF0, 0x5D, 0xF8, 0x05, 0xB0, 0xF0, 0xBD, 0xC0, 0x46, 0x77, 0x02, 0x00, 0x00
	.byte 0x76, 0x02, 0x00, 0x00, 0x79, 0x02, 0x00, 0x00, 0x7A, 0x02, 0x00, 0x00, 0x7B, 0x02, 0x00, 0x00
	.byte 0x78, 0x47, 0xC0, 0x46, 0x00, 0xC0, 0x9F, 0xE5, 0x1C, 0xFF, 0x2F, 0xE1, 0x69, 0x5B, 0x1D, 0x02
	.byte 0x78, 0x47, 0xC0, 0x46, 0x00, 0xC0, 0x9F, 0xE5, 0x1C, 0xFF, 0x2F, 0xE1, 0x15, 0x63, 0x1D, 0x02
	.byte 0x78, 0x47, 0xC0, 0x46, 0x00, 0xC0, 0x9F, 0xE5, 0x1C, 0xFF, 0x2F, 0xE1, 0x81, 0x8B, 0x1E, 0x02
	.byte 0x78, 0x47, 0xC0, 0x46, 0x00, 0xC0, 0x9F, 0xE5, 0x1C, 0xFF, 0x2F, 0xE1, 0xA5, 0x88, 0x1C, 0x02
	.byte 0x78, 0x47, 0xC0, 0x46, 0x00, 0xC0, 0x9F, 0xE5, 0x1C, 0xFF, 0x2F, 0xE1, 0x25, 0x8C, 0x1E, 0x02
	.byte 0x78, 0x47, 0xC0, 0x46, 0x00, 0xC0, 0x9F, 0xE5, 0x1C, 0xFF, 0x2F, 0xE1, 0x75, 0x7B, 0x1D, 0x02
	.byte 0x78, 0x47, 0xC0, 0x46, 0x00, 0xC0, 0x9F, 0xE5, 0x1C, 0xFF, 0x2F, 0xE1, 0x11, 0x80, 0x1C, 0x02
	.byte 0x78, 0x47, 0xC0, 0x46, 0x00, 0xC0, 0x9F, 0xE5, 0x1C, 0xFF, 0x2F, 0xE1, 0x39, 0x88, 0x1C, 0x02
	.byte 0x78, 0x47, 0xC0, 0x46, 0x00, 0xC0, 0x9F, 0xE5, 0x1C, 0xFF, 0x2F, 0xE1, 0x61, 0x88, 0x1C, 0x02
	.byte 0x78, 0x47, 0xC0, 0x46, 0x00, 0xC0, 0x9F, 0xE5, 0x1C, 0xFF, 0x2F, 0xE1, 0x61, 0x88, 0x1C, 0x02
	.byte 0x78, 0x47, 0xC0, 0x46, 0x00, 0xC0, 0x9F, 0xE5, 0x1C, 0xFF, 0x2F, 0xE1, 0xC9, 0x88, 0x1C, 0x02
	.byte 0xF8, 0xB5, 0x0E, 0x1C, 0x07, 0x1C, 0x30, 0x1C, 0x15, 0x1C, 0x00, 0xF0, 0x27, 0xF8, 0x00, 0x28
	.byte 0x22, 0xD1, 0x30, 0x1C, 0x00, 0xF0, 0x2A, 0xF8, 0x00, 0x28, 0x1D, 0xD1, 0x38, 0x1C, 0x06, 0x21
	.byte 0x2A, 0x1C, 0x00, 0xF0, 0x2B, 0xF8, 0x04, 0x1C, 0xA5, 0x71, 0x1F, 0x20, 0xE0, 0x71, 0x30, 0x1C
	.byte 0x10, 0x21, 0x00, 0xF0, 0x2B, 0xF8, 0xA0, 0x80, 0x20, 0x1C, 0x97, 0x22, 0x08, 0x30, 0x02, 0x21
	.byte 0x92, 0x00, 0x00, 0xF0, 0x2B, 0xF8, 0x20, 0x1C, 0x08, 0x30, 0x29, 0x1C, 0x00, 0xF0, 0x2E, 0xF8
	.byte 0x38, 0x1C, 0x21, 0x1C, 0x00, 0xF0, 0x32, 0xF8, 0xF8, 0xBD, 0xC0, 0x46, 0x78, 0x47, 0xC0, 0x46
	.byte 0x00, 0xC0, 0x9F, 0xE5, 0x1C, 0xFF, 0x2F, 0xE1, 0x49, 0x5B, 0x1D, 0x02, 0x78, 0x47, 0xC0, 0x46
	.byte 0x00, 0xC0, 0x9F, 0xE5, 0x1C, 0xFF, 0x2F, 0xE1, 0x69, 0x5B, 0x1D, 0x02, 0x78, 0x47, 0xC0, 0x46
	.byte 0x00, 0xC0, 0x9F, 0xE5, 0x1C, 0xFF, 0x2F, 0xE1, 0xA5, 0x88, 0x1C, 0x02, 0x78, 0x47, 0xC0, 0x46
	.byte 0x00, 0xC0, 0x9F, 0xE5, 0x1C, 0xFF, 0x2F, 0xE1, 0x75, 0x7B, 0x1D, 0x02, 0x78, 0x47, 0xC0, 0x46
	.byte 0x00, 0xC0, 0x9F, 0xE5, 0x1C, 0xFF, 0x2F, 0xE1, 0x39, 0x88, 0x1C, 0x02, 0x78, 0x47, 0xC0, 0x46
	.byte 0x00, 0xC0, 0x9F, 0xE5, 0x1C, 0xFF, 0x2F, 0xE1, 0x61, 0x88, 0x1C, 0x02, 0x78, 0x47, 0xC0, 0x46
	.byte 0x00, 0xC0, 0x9F, 0xE5, 0x1C, 0xFF, 0x2F, 0xE1, 0xC9, 0x88, 0x1C, 0x02, 0xF8, 0xB5, 0x0E, 0x1C
	.byte 0x05, 0x1C, 0x30, 0x1C, 0x17, 0x21, 0x14, 0x1C, 0x17, 0x27, 0x00, 0xF0, 0x17, 0xF8, 0x00, 0xF0
	.byte 0x1D, 0xF8, 0x01, 0x1C, 0x30, 0x1C, 0x00, 0xF0, 0x21, 0xF8, 0x00, 0x28, 0x0C, 0xD1, 0x28, 0x1C
	.byte 0x0B, 0x21, 0x22, 0x1C, 0x00, 0xF0, 0x22, 0xF8, 0x01, 0x1C, 0x4F, 0x60, 0x0C, 0x72, 0x01, 0x20
	.byte 0x08, 0x75, 0x28, 0x1C, 0x00, 0xF0, 0x22, 0xF8, 0xF8, 0xBD, 0xC0, 0x46, 0x78, 0x47, 0xC0, 0x46
	.byte 0x00, 0xC0, 0x9F, 0xE5, 0x1C, 0xFF, 0x2F, 0xE1, 0x15, 0x63, 0x1D, 0x02, 0x78, 0x47, 0xC0, 0x46
	.byte 0x00, 0xC0, 0x9F, 0xE5, 0x1C, 0xFF, 0x2F, 0xE1, 0x81, 0x8B, 0x1E, 0x02, 0x78, 0x47, 0xC0, 0x46
	.byte 0x00, 0xC0, 0x9F, 0xE5, 0x1C, 0xFF, 0x2F, 0xE1, 0xA1, 0x55, 0x1D, 0x02, 0x78, 0x47, 0xC0, 0x46
	.byte 0x00, 0xC0, 0x9F, 0xE5, 0x1C, 0xFF, 0x2F, 0xE1, 0xA5, 0x88, 0x1C, 0x02, 0x78, 0x47, 0xC0, 0x46
	.byte 0x00, 0xC0, 0x9F, 0xE5, 0x1C, 0xFF, 0x2F, 0xE1, 0xC9, 0x88, 0x1C, 0x02, 0xF8, 0xB5, 0x8C, 0xB0
	.byte 0x0E, 0x1C, 0x12, 0xA9, 0x1F, 0x1C, 0x04, 0x1C, 0x01, 0x92, 0x03, 0xAD, 0x09, 0x68, 0x38, 0x1C
	.byte 0x32, 0x1C, 0x00, 0x23, 0x00, 0x95, 0x00, 0xF0, 0x85, 0xFA, 0x00, 0x28, 0x14, 0xD0, 0x04, 0x21
	.byte 0x02, 0x91, 0x01, 0x9A, 0x20, 0x1C, 0x04, 0x21, 0x00, 0xF0, 0x36, 0xF8, 0x03, 0x1C, 0x1A, 0x1D
	.byte 0x03, 0xCD, 0x03, 0xC2, 0x02, 0x98, 0x40, 0x1E, 0x02, 0x90, 0xF9, 0xD1, 0x28, 0x68, 0x19, 0x1C
	.byte 0x10, 0x60, 0x20, 0x1C, 0x00, 0xF0, 0x30, 0xF8, 0x0E, 0x3F, 0x06, 0x2F, 0x22, 0xD8, 0xF8, 0x19
	.byte 0x78, 0x44, 0xC0, 0x88, 0x00, 0x04, 0x00, 0x14, 0x87, 0x44, 0x0C, 0x00, 0x30, 0x00, 0x38, 0x00
	.byte 0x38, 0x00, 0x38, 0x00, 0x24, 0x00, 0x18, 0x00, 0x20, 0x1C, 0x31, 0x1C, 0x00, 0xF0, 0x24, 0xF8
	.byte 0x0C, 0xB0, 0xF8, 0xBD, 0x20, 0x1C, 0x31, 0x1C, 0x00, 0xF0, 0x76, 0xF8, 0x0C, 0xB0, 0xF8, 0xBD
	.byte 0x20, 0x1C, 0x31, 0x1C, 0x00, 0xF0, 0xEE, 0xF8, 0x0C, 0xB0, 0xF8, 0xBD, 0x20, 0x1C, 0x31, 0x1C
	.byte 0x00, 0xF0, 0x20, 0xF9, 0x0C, 0xB0, 0xF8, 0xBD, 0x78, 0x47, 0xC0, 0x46, 0x00, 0xC0, 0x9F, 0xE5
	.byte 0x1C, 0xFF, 0x2F, 0xE1, 0xA5, 0x88, 0x1C, 0x02, 0x78, 0x47, 0xC0, 0x46, 0x00, 0xC0, 0x9F, 0xE5
	.byte 0x1C, 0xFF, 0x2F, 0xE1, 0xC9, 0x88, 0x1C, 0x02, 0xF8, 0xB5, 0x04, 0x1C, 0x0D, 0x1C, 0x02, 0x20
	.byte 0x04, 0x21, 0x00, 0xF0, 0x21, 0xF8, 0x06, 0x1C, 0x00, 0x2E, 0x1C, 0xDD, 0x28, 0x1C, 0x00, 0xF0
	.byte 0x23, 0xF8, 0x00, 0x28, 0x17, 0xD1, 0x28, 0x1C, 0x00, 0xF0, 0x26, 0xF8, 0x07, 0x1C, 0x20, 0x1C
	.byte 0x0C, 0x21, 0x3A, 0x1C, 0x00, 0xF0, 0x28, 0xF8, 0x05, 0x1C, 0x01, 0x20, 0x28, 0x73, 0x02, 0x20
	.byte 0x68, 0x60, 0x30, 0x06, 0x00, 0x0E, 0x00, 0xF0, 0x27, 0xF8, 0xA8, 0x60, 0x20, 0x1C, 0x29, 0x1C
	.byte 0xEF, 0x73, 0x00, 0xF0, 0x29, 0xF8, 0xF8, 0xBD, 0x78, 0x47, 0xC0, 0x46, 0x00, 0xC0, 0x9F, 0xE5
	.byte 0x1C, 0xFF, 0x2F, 0xE1, 0x8D, 0x7B, 0x1D, 0x02, 0x78, 0x47, 0xC0, 0x46, 0x00, 0xC0, 0x9F, 0xE5
	.byte 0x1C, 0xFF, 0x2F, 0xE1, 0xA9, 0x62, 0x1D, 0x02, 0x78, 0x47, 0xC0, 0x46, 0x00, 0xC0, 0x9F, 0xE5
	.byte 0x1C, 0xFF, 0x2F, 0xE1, 0x41, 0x54, 0x1D, 0x02, 0x78, 0x47, 0xC0, 0x46, 0x00, 0xC0, 0x9F, 0xE5
	.byte 0x1C, 0xFF, 0x2F, 0xE1, 0xA5, 0x88, 0x1C, 0x02, 0x78, 0x47, 0xC0, 0x46, 0x00, 0xC0, 0x9F, 0xE5
	.byte 0x1C, 0xFF, 0x2F, 0xE1, 0x41, 0x89, 0x1E, 0x02, 0x78, 0x47, 0xC0, 0x46, 0x00, 0xC0, 0x9F, 0xE5
	.byte 0x1C, 0xFF, 0x2F, 0xE1, 0xC9, 0x88, 0x1C, 0x02, 0x38, 0xB5, 0x0D, 0x1C, 0x00, 0x22, 0x04, 0x1C
	.byte 0x00, 0xF0, 0x28, 0xF8, 0x28, 0x1C, 0x00, 0xF0, 0x0D, 0xF8, 0x05, 0x1C, 0x20, 0x1C, 0x13, 0x21
	.byte 0x2A, 0x1C, 0x00, 0xF0, 0x0F, 0xF8, 0x01, 0x1C, 0x20, 0x1C, 0x0D, 0x71, 0x00, 0xF0, 0x12, 0xF8
	.byte 0x38, 0xBD, 0xC0, 0x46, 0x78, 0x47, 0xC0, 0x46, 0x00, 0xC0, 0x9F, 0xE5, 0x1C, 0xFF, 0x2F, 0xE1
	.byte 0x41, 0x54, 0x1D, 0x02, 0x78, 0x47, 0xC0, 0x46, 0x00, 0xC0, 0x9F, 0xE5, 0x1C, 0xFF, 0x2F, 0xE1
	.byte 0xA5, 0x88, 0x1C, 0x02, 0x78, 0x47, 0xC0, 0x46, 0x00, 0xC0, 0x9F, 0xE5, 0x1C, 0xFF, 0x2F, 0xE1
	.byte 0xC9, 0x88, 0x1C, 0x02, 0xF8, 0xB5, 0x05, 0x1C, 0x08, 0x1C, 0x16, 0x1C, 0x00, 0xF0, 0x1A, 0xF8
	.byte 0x07, 0x1C, 0x28, 0x1C, 0x04, 0x21, 0x3A, 0x1C, 0x00, 0xF0, 0x1C, 0xF8, 0x04, 0x1C, 0xD7, 0x22
	.byte 0x20, 0x1D, 0x02, 0x21, 0x92, 0x00, 0x00, 0xF0, 0x1D, 0xF8, 0x20, 0x1D, 0x39, 0x1C, 0x00, 0xF0
	.byte 0x21, 0xF8, 0x20, 0x1D, 0x31, 0x1C, 0x00, 0xF0, 0x25, 0xF8, 0x28, 0x1C, 0x21, 0x1C, 0x00, 0xF0
	.byte 0x29, 0xF8, 0xF8, 0xBD, 0x78, 0x47, 0xC0, 0x46, 0x00, 0xC0, 0x9F, 0xE5, 0x1C, 0xFF, 0x2F, 0xE1
	.byte 0x41, 0x54, 0x1D, 0x02, 0x78, 0x47, 0xC0, 0x46, 0x00, 0xC0, 0x9F, 0xE5, 0x1C, 0xFF, 0x2F, 0xE1
	.byte 0xA5, 0x88, 0x1C, 0x02, 0x78, 0x47, 0xC0, 0x46, 0x00, 0xC0, 0x9F, 0xE5, 0x1C, 0xFF, 0x2F, 0xE1
	.byte 0x39, 0x88, 0x1C, 0x02, 0x78, 0x47, 0xC0, 0x46, 0x00, 0xC0, 0x9F, 0xE5, 0x1C, 0xFF, 0x2F, 0xE1
	.byte 0x61, 0x88, 0x1C, 0x02, 0x78, 0x47, 0xC0, 0x46, 0x00, 0xC0, 0x9F, 0xE5, 0x1C, 0xFF, 0x2F, 0xE1
	.byte 0x61, 0x88, 0x1C, 0x02, 0x78, 0x47, 0xC0, 0x46, 0x00, 0xC0, 0x9F, 0xE5, 0x1C, 0xFF, 0x2F, 0xE1
	.byte 0xC9, 0x88, 0x1C, 0x02, 0x70, 0xB5, 0x0E, 0x1C, 0x05, 0x1C, 0x30, 0x1C, 0x00, 0xF0, 0x12, 0xF8
	.byte 0x02, 0x1C, 0x28, 0x1C, 0x21, 0x21, 0x00, 0xF0, 0x15, 0xF8, 0x04, 0x1C, 0x30, 0x1C, 0x00, 0xF0
	.byte 0x19, 0xF8, 0x20, 0x71, 0x00, 0x20, 0xA0, 0x60, 0x28, 0x1C, 0x21, 0x1C, 0x00, 0xF0, 0x1A, 0xF8
	.byte 0x70, 0xBD, 0xC0, 0x46, 0x78, 0x47, 0xC0, 0x46, 0x00, 0xC0, 0x9F, 0xE5, 0x1C, 0xFF, 0x2F, 0xE1
	.byte 0x41, 0x54, 0x1D, 0x02, 0x78, 0x47, 0xC0, 0x46, 0x00, 0xC0, 0x9F, 0xE5, 0x1C, 0xFF, 0x2F, 0xE1
	.byte 0xA5, 0x88, 0x1C, 0x02, 0x78, 0x47, 0xC0, 0x46, 0x00, 0xC0, 0x9F, 0xE5, 0x1C, 0xFF, 0x2F, 0xE1
	.byte 0x41, 0x54, 0x1D, 0x02, 0x78, 0x47, 0xC0, 0x46, 0x00, 0xC0, 0x9F, 0xE5, 0x1C, 0xFF, 0x2F, 0xE1
	.byte 0xC9, 0x88, 0x1C, 0x02, 0x70, 0xB5, 0x0E, 0x1C, 0x05, 0x1C, 0x30, 0x1C, 0x00, 0xF0, 0x12, 0xF8
	.byte 0x02, 0x1C, 0x28, 0x1C, 0x21, 0x21, 0x00, 0xF0, 0x15, 0xF8, 0x04, 0x1C, 0x30, 0x1C, 0x00, 0xF0
	.byte 0x19, 0xF8, 0x20, 0x71, 0x01, 0x20, 0xA0, 0x60, 0x28, 0x1C, 0x21, 0x1C, 0x00, 0xF0, 0x1A, 0xF8
	.byte 0x70, 0xBD, 0xC0, 0x46, 0x78, 0x47, 0xC0, 0x46, 0x00, 0xC0, 0x9F, 0xE5, 0x1C, 0xFF, 0x2F, 0xE1
	.byte 0x41, 0x54, 0x1D, 0x02, 0x78, 0x47, 0xC0, 0x46, 0x00, 0xC0, 0x9F, 0xE5, 0x1C, 0xFF, 0x2F, 0xE1
	.byte 0xA5, 0x88, 0x1C, 0x02, 0x78, 0x47, 0xC0, 0x46, 0x00, 0xC0, 0x9F, 0xE5, 0x1C, 0xFF, 0x2F, 0xE1
	.byte 0x41, 0x54, 0x1D, 0x02, 0x78, 0x47, 0xC0, 0x46, 0x00, 0xC0, 0x9F, 0xE5, 0x1C, 0xFF, 0x2F, 0xE1
	.byte 0xC9, 0x88, 0x1C, 0x02, 0x0F, 0xB4, 0x08, 0xB5, 0x00, 0x21, 0xC9, 0x43, 0x15, 0x28, 0x45, 0xD8
	.byte 0x00, 0x18, 0x78, 0x44, 0xC0, 0x88, 0x00, 0x04, 0x00, 0x14, 0x87, 0x44, 0x7E, 0x00, 0x2E, 0x00
	.byte 0x38, 0x00, 0x32, 0x00, 0x2A, 0x00, 0x6E, 0x00, 0x3C, 0x00, 0x40, 0x00, 0x7E, 0x00, 0x44, 0x00
	.byte 0x7E, 0x00, 0x48, 0x00, 0x4E, 0x00, 0x66, 0x00, 0x52, 0x00, 0x6A, 0x00, 0x7E, 0x00, 0x5A, 0x00
	.byte 0x56, 0x00, 0x62, 0x00, 0x7E, 0x00, 0x5E, 0x00, 0xFF, 0x21, 0x27, 0xE0, 0x16, 0x49, 0x25, 0xE0
	.byte 0x12, 0x21, 0x09, 0x01, 0x22, 0xE0, 0x15, 0x49, 0x20, 0xE0, 0x15, 0x49, 0x1E, 0xE0, 0x15, 0x49
	.byte 0x1C, 0xE0, 0x15, 0x49, 0x1A, 0xE0, 0x8E, 0x21, 0x89, 0x00, 0x17, 0xE0, 0x13, 0x49, 0x15, 0xE0
	.byte 0x13, 0x49, 0x13, 0xE0, 0x13, 0x49, 0x11, 0xE0, 0x13, 0x49, 0x0F, 0xE0, 0x2E, 0x21, 0xE8, 0xE7
	.byte 0x12, 0x49, 0x0B, 0xE0, 0x25, 0x21, 0xE4, 0xE7, 0x11, 0x49, 0x07, 0xE0, 0x03, 0xA8, 0x00, 0x68
	.byte 0x00, 0xF0, 0x20, 0xF8, 0xED, 0x21, 0x00, 0x28, 0x00, 0xD1, 0xEA, 0x21, 0x08, 0x1C, 0x08, 0xBC
	.byte 0x08, 0xBC, 0x04, 0xB0, 0x18, 0x47, 0xC0, 0x46, 0x11, 0x01, 0x00, 0x00, 0x32, 0x01, 0x00, 0x00
	.byte 0x59, 0x01, 0x00, 0x00, 0x47, 0x01, 0x00, 0x00, 0x41, 0x01, 0x00, 0x00, 0x41, 0x02, 0x00, 0x00
	.byte 0x9B, 0x02, 0x00, 0x00, 0x5F, 0x02, 0x00, 0x00, 0x71, 0x01, 0x00, 0x00, 0xD7, 0x02, 0x00, 0x00
	.byte 0x71, 0x03, 0x00, 0x00, 0x78, 0x47, 0xC0, 0x46, 0x00, 0xC0, 0x9F, 0xE5, 0x1C, 0xFF, 0x2F, 0xE1
	.byte 0x79, 0x8A, 0x1E, 0x02, 0x0F, 0xB4, 0x70, 0xB5, 0x05, 0xA9, 0x09, 0x68, 0x05, 0x1C, 0x16, 0x1C
	.byte 0x1C, 0x1C, 0xFF, 0xF7, 0x87, 0xFF, 0x02, 0x1C, 0x1C, 0xD4, 0x12, 0x04, 0x20, 0x1C, 0x02, 0x21
	.byte 0x12, 0x0C, 0x00, 0xF0, 0x1F, 0xF8, 0x30, 0x1C, 0x00, 0xF0, 0x24, 0xF8, 0x01, 0x1C, 0x20, 0x1C
	.byte 0x00, 0xF0, 0x28, 0xF8, 0x08, 0x2D, 0x01, 0xD0, 0x0D, 0x2D, 0x0E, 0xD1, 0x05, 0xA8, 0x00, 0x68
	.byte 0x00, 0xF0, 0x28, 0xF8, 0x01, 0x1C, 0x20, 0x1C, 0x00, 0xF0, 0x2C, 0xF8, 0x70, 0xBC, 0x08, 0xBC
	.byte 0x04, 0xB0, 0x18, 0x47, 0x20, 0x1C, 0x00, 0xF0, 0x2D, 0xF8, 0x70, 0xBC, 0x08, 0xBC, 0x04, 0xB0
	.byte 0x18, 0x47, 0xC0, 0x46, 0x78, 0x47, 0xC0, 0x46, 0x00, 0xC0, 0x9F, 0xE5, 0x1C, 0xFF, 0x2F, 0xE1
	.byte 0x39, 0x88, 0x1C, 0x02, 0x78, 0x47, 0xC0, 0x46, 0x00, 0xC0, 0x9F, 0xE5, 0x1C, 0xFF, 0x2F, 0xE1
	.byte 0x41, 0x54, 0x1D, 0x02, 0x78, 0x47, 0xC0, 0x46, 0x00, 0xC0, 0x9F, 0xE5, 0x1C, 0xFF, 0x2F, 0xE1
	.byte 0x61, 0x88, 0x1C, 0x02, 0x78, 0x47, 0xC0, 0x46, 0x00, 0xC0, 0x9F, 0xE5, 0x1C, 0xFF, 0x2F, 0xE1
	.byte 0x81, 0x8B, 0x1E, 0x02, 0x78, 0x47, 0xC0, 0x46, 0x00, 0xC0, 0x9F, 0xE5, 0x1C, 0xFF, 0x2F, 0xE1
	.byte 0x61, 0x88, 0x1C, 0x02, 0x78, 0x47, 0xC0, 0x46, 0x00, 0xC0, 0x9F, 0xE5, 0x1C, 0xFF, 0x2F, 0xE1
	.byte 0x11, 0x88, 0x1C, 0x02, 0x30, 0xB4, 0x0C, 0x4C, 0x00, 0x25, 0xEA, 0x00, 0xA3, 0x58, 0x98, 0x42
	.byte 0x0B, 0xD1, 0x00, 0x29, 0x01, 0xD0, 0x09, 0x48, 0x00, 0xE0, 0x09, 0x48, 0x80, 0x5E, 0x00, 0x28
	.byte 0x08, 0xDA, 0x07, 0x48, 0x80, 0x5E, 0x30, 0xBC, 0x70, 0x47, 0x6D, 0x1C, 0x11, 0x2D, 0xEC, 0xD3
	.byte 0x00, 0x20, 0xC0, 0x43, 0x30, 0xBC, 0x70, 0x47, 0x1C, 0xE2, 0x89, 0x06, 0x22, 0xE2, 0x89, 0x06
	.byte 0x20, 0xE2, 0x89, 0x06, 0x0F, 0xB4, 0xF8, 0xB5, 0x00, 0x93, 0x05, 0x1C, 0x00, 0x98, 0x17, 0x1C
	.byte 0x01, 0x26, 0x0A, 0x9C, 0x00, 0x28, 0x00, 0xD1, 0x00, 0x26, 0x28, 0x1C, 0x31, 0x1C, 0xFF, 0xF7
	.byte 0xD1, 0xFF, 0x02, 0x1C, 0x27, 0xD4, 0x12, 0x04, 0x20, 0x1C, 0x02, 0x21, 0x12, 0x0C, 0x00, 0xF0
	.byte 0x27, 0xF8, 0x38, 0x1C, 0x00, 0xF0, 0x2C, 0xF8, 0x01, 0x1C, 0x20, 0x1C, 0x00, 0xF0, 0x30, 0xF8
	.byte 0x00, 0x2E, 0x03, 0xD0, 0x00, 0x99, 0x20, 0x1C, 0x00, 0xF0, 0x32, 0xF8, 0x08, 0x2D, 0x02, 0xD0
	.byte 0x12, 0x2D, 0x07, 0xD0, 0x0A, 0xE0, 0x07, 0xA8, 0x00, 0x68, 0x00, 0xF0, 0x31, 0xF8, 0x01, 0x1C
	.byte 0x20, 0x1C, 0x01, 0xE0, 0x20, 0x1C, 0x49, 0x21, 0x00, 0xF0, 0x32, 0xF8, 0x01, 0x20, 0xF8, 0xBC
	.byte 0x08, 0xBC, 0x04, 0xB0, 0x18, 0x47, 0x00, 0x20, 0xF8, 0xBC, 0x08, 0xBC, 0x04, 0xB0, 0x18, 0x47
	.byte 0x78, 0x47, 0xC0, 0x46, 0x00, 0xC0, 0x9F, 0xE5, 0x1C, 0xFF, 0x2F, 0xE1, 0x39, 0x88, 0x1C, 0x02
	.byte 0x78, 0x47, 0xC0, 0x46, 0x00, 0xC0, 0x9F, 0xE5, 0x1C, 0xFF, 0x2F, 0xE1, 0x41, 0x54, 0x1D, 0x02
	.byte 0x78, 0x47, 0xC0, 0x46, 0x00, 0xC0, 0x9F, 0xE5, 0x1C, 0xFF, 0x2F, 0xE1, 0x61, 0x88, 0x1C, 0x02
	.byte 0x78, 0x47, 0xC0, 0x46, 0x00, 0xC0, 0x9F, 0xE5, 0x1C, 0xFF, 0x2F, 0xE1, 0x61, 0x88, 0x1C, 0x02
	.byte 0x78, 0x47, 0xC0, 0x46, 0x00, 0xC0, 0x9F, 0xE5, 0x1C, 0xFF, 0x2F, 0xE1, 0x81, 0x8B, 0x1E, 0x02
	.byte 0x78, 0x47, 0xC0, 0x46, 0x00, 0xC0, 0x9F, 0xE5, 0x1C, 0xFF, 0x2F, 0xE1, 0x61, 0x88, 0x1C, 0x02
	.byte 0x70, 0xB5, 0x82, 0xB0, 0x0D, 0x1C, 0x28, 0x1C, 0x11, 0x21, 0x11, 0x24, 0x00, 0xF0, 0x3E, 0xF8
	.byte 0x00, 0x28, 0x1A, 0xD0, 0x28, 0x1C, 0x21, 0x1C, 0x00, 0xF0, 0x40, 0xF8, 0x06, 0x1C, 0x00, 0xF0
	.byte 0x45, 0xF8, 0x00, 0x06, 0x04, 0x0E, 0x15, 0x20, 0x00, 0xF0, 0x48, 0xF8, 0x00, 0x06, 0x00, 0x0E
	.byte 0x84, 0x42, 0x0A, 0xD1, 0x30, 0x1C, 0x00, 0xF0, 0x49, 0xF8, 0x00, 0x28, 0x01, 0xD1, 0x4B, 0x20
	.byte 0x00, 0xE0, 0x4C, 0x20, 0x01, 0x21, 0x00, 0xF0, 0x49, 0xF8, 0x28, 0x1C, 0x15, 0x21, 0x00, 0xF0
	.byte 0x4D, 0xF8, 0x00, 0x28, 0x08, 0xD0, 0x16, 0x20, 0x00, 0xF0, 0x50, 0xF8, 0x04, 0x28, 0x03, 0xD1
	.byte 0x4B, 0x20, 0x01, 0x21, 0x00, 0xF0, 0x52, 0xF8, 0x28, 0x1C, 0x1F, 0x21, 0x00, 0xF0, 0x56, 0xF8
	.byte 0x00, 0x28, 0x08, 0xD0, 0x16, 0x20, 0x00, 0xF0, 0x59, 0xF8, 0x04, 0x28, 0x03, 0xD1, 0x4B, 0x20
	.byte 0x01, 0x21, 0x00, 0xF0, 0x5B, 0xF8, 0x02, 0xB0, 0x70, 0xBD, 0xC0, 0x46, 0x78, 0x47, 0xC0, 0x46
	.byte 0x00, 0xC0, 0x9F, 0xE5, 0x1C, 0xFF, 0x2F, 0xE1, 0xC5, 0x62, 0x1D, 0x02, 0x78, 0x47, 0xC0, 0x46
	.byte 0x00, 0xC0, 0x9F, 0xE5, 0x1C, 0xFF, 0x2F, 0xE1, 0x15, 0x63, 0x1D, 0x02, 0x78, 0x47, 0xC0, 0x46
	.byte 0x00, 0xC0, 0x9F, 0xE5, 0x1C, 0xFF, 0x2F, 0xE1, 0x81, 0x8B, 0x1E, 0x02, 0x78, 0x47, 0xC0, 0x46
	.byte 0x00, 0xC0, 0x9F, 0xE5, 0x1C, 0xFF, 0x2F, 0xE1, 0x5D, 0x77, 0x1D, 0x02, 0x78, 0x47, 0xC0, 0x46
	.byte 0x00, 0xC0, 0x9F, 0xE5, 0x1C, 0xFF, 0x2F, 0xE1, 0x25, 0x8C, 0x1E, 0x02, 0x78, 0x47, 0xC0, 0x46
	.byte 0x00, 0xC0, 0x9F, 0xE5, 0x1C, 0xFF, 0x2F, 0xE1, 0xBD, 0x76, 0x1D, 0x02, 0x78, 0x47, 0xC0, 0x46
	.byte 0x00, 0xC0, 0x9F, 0xE5, 0x1C, 0xFF, 0x2F, 0xE1, 0xC5, 0x62, 0x1D, 0x02, 0x78, 0x47, 0xC0, 0x46
	.byte 0x00, 0xC0, 0x9F, 0xE5, 0x1C, 0xFF, 0x2F, 0xE1, 0x5D, 0x77, 0x1D, 0x02, 0x78, 0x47, 0xC0, 0x46
	.byte 0x00, 0xC0, 0x9F, 0xE5, 0x1C, 0xFF, 0x2F, 0xE1, 0xBD, 0x76, 0x1D, 0x02, 0x78, 0x47, 0xC0, 0x46
	.byte 0x00, 0xC0, 0x9F, 0xE5, 0x1C, 0xFF, 0x2F, 0xE1, 0xC5, 0x62, 0x1D, 0x02, 0x78, 0x47, 0xC0, 0x46
	.byte 0x00, 0xC0, 0x9F, 0xE5, 0x1C, 0xFF, 0x2F, 0xE1, 0x5D, 0x77, 0x1D, 0x02, 0x78, 0x47, 0xC0, 0x46
	.byte 0x00, 0xC0, 0x9F, 0xE5, 0x1C, 0xFF, 0x2F, 0xE1, 0xBD, 0x76, 0x1D, 0x02, 0x10, 0xB5, 0x0C, 0x1C
	.byte 0x20, 0x1C, 0x16, 0x21, 0x00, 0xF0, 0x0E, 0xF8, 0x00, 0x28, 0x05, 0xD1, 0x20, 0x1C, 0x08, 0x21
	.byte 0x00, 0xF0, 0x10, 0xF8, 0x00, 0x28, 0x03, 0xD0, 0x41, 0x20, 0x01, 0x21, 0x00, 0xF0, 0x12, 0xF8
	.byte 0x10, 0xBD, 0xC0, 0x46, 0x78, 0x47, 0xC0, 0x46, 0x00, 0xC0, 0x9F, 0xE5, 0x1C, 0xFF, 0x2F, 0xE1
	.byte 0xC5, 0x62, 0x1D, 0x02, 0x78, 0x47, 0xC0, 0x46, 0x00, 0xC0, 0x9F, 0xE5, 0x1C, 0xFF, 0x2F, 0xE1
	.byte 0xC5, 0x62, 0x1D, 0x02, 0x78, 0x47, 0xC0, 0x46, 0x00, 0xC0, 0x9F, 0xE5, 0x1C, 0xFF, 0x2F, 0xE1
	.byte 0xBD, 0x76, 0x1D, 0x02, 0x10, 0xB5, 0x0C, 0x1C, 0x20, 0x1C, 0x15, 0x21, 0x00, 0xF0, 0x22, 0xF8
	.byte 0x00, 0x28, 0x03, 0xD0, 0x41, 0x20, 0x01, 0x21, 0x00, 0xF0, 0x24, 0xF8, 0x20, 0x1C, 0x1F, 0x21
	.byte 0x00, 0xF0, 0x28, 0xF8, 0x00, 0x28, 0x03, 0xD0, 0x41, 0x20, 0x01, 0x21, 0x00, 0xF0, 0x2A, 0xF8
	.byte 0x20, 0x1C, 0x20, 0x21, 0x00, 0xF0, 0x2E, 0xF8, 0x00, 0x28, 0x05, 0xD1, 0x20, 0x1C, 0x1E, 0x21
	.byte 0x00, 0xF0, 0x30, 0xF8, 0x00, 0x28, 0x03, 0xD0, 0x51, 0x20, 0x01, 0x21, 0x00, 0xF0, 0x32, 0xF8
	.byte 0x10, 0xBD, 0xC0, 0x46, 0x78, 0x47, 0xC0, 0x46, 0x00, 0xC0, 0x9F, 0xE5, 0x1C, 0xFF, 0x2F, 0xE1
	.byte 0xC5, 0x62, 0x1D, 0x02, 0x78, 0x47, 0xC0, 0x46, 0x00, 0xC0, 0x9F, 0xE5, 0x1C, 0xFF, 0x2F, 0xE1
	.byte 0xBD, 0x76, 0x1D, 0x02, 0x78, 0x47, 0xC0, 0x46, 0x00, 0xC0, 0x9F, 0xE5, 0x1C, 0xFF, 0x2F, 0xE1
	.byte 0xC5, 0x62, 0x1D, 0x02, 0x78, 0x47, 0xC0, 0x46, 0x00, 0xC0, 0x9F, 0xE5, 0x1C, 0xFF, 0x2F, 0xE1
	.byte 0xBD, 0x76, 0x1D, 0x02, 0x78, 0x47, 0xC0, 0x46, 0x00, 0xC0, 0x9F, 0xE5, 0x1C, 0xFF, 0x2F, 0xE1
	.byte 0xC5, 0x62, 0x1D, 0x02, 0x78, 0x47, 0xC0, 0x46, 0x00, 0xC0, 0x9F, 0xE5, 0x1C, 0xFF, 0x2F, 0xE1
	.byte 0xC5, 0x62, 0x1D, 0x02, 0x78, 0x47, 0xC0, 0x46, 0x00, 0xC0, 0x9F, 0xE5, 0x1C, 0xFF, 0x2F, 0xE1
	.byte 0xBD, 0x76, 0x1D, 0x02, 0x70, 0xB5, 0x0C, 0x1C, 0x05, 0x1C, 0x20, 0x1C, 0x15, 0x21, 0x00, 0xF0
	.byte 0x23, 0xF8, 0x00, 0x28, 0x1C, 0xD0, 0x41, 0x20, 0x01, 0x21, 0x00, 0xF0, 0x25, 0xF8, 0x00, 0x28
	.byte 0x16, 0xD0, 0x20, 0x1C, 0x00, 0xF0, 0x28, 0xF8, 0x06, 0x1C, 0x28, 0x1C, 0x04, 0x21, 0x32, 0x1C
	.byte 0x00, 0xF0, 0x2A, 0xF8, 0x04, 0x1C, 0x07, 0x4A, 0x20, 0x1D, 0x02, 0x21, 0x00, 0xF0, 0x2C, 0xF8
	.byte 0x20, 0x1D, 0x31, 0x1C, 0x00, 0xF0, 0x30, 0xF8, 0x28, 0x1C, 0x21, 0x1C, 0x00, 0xF0, 0x34, 0xF8
	.byte 0x70, 0xBD, 0xC0, 0x46, 0xE6, 0x02, 0x00, 0x00, 0x78, 0x47, 0xC0, 0x46, 0x00, 0xC0, 0x9F, 0xE5
	.byte 0x1C, 0xFF, 0x2F, 0xE1, 0xC5, 0x62, 0x1D, 0x02, 0x78, 0x47, 0xC0, 0x46, 0x00, 0xC0, 0x9F, 0xE5
	.byte 0x1C, 0xFF, 0x2F, 0xE1, 0xBD, 0x76, 0x1D, 0x02, 0x78, 0x47, 0xC0, 0x46, 0x00, 0xC0, 0x9F, 0xE5
	.byte 0x1C, 0xFF, 0x2F, 0xE1, 0x41, 0x54, 0x1D, 0x02, 0x78, 0x47, 0xC0, 0x46, 0x00, 0xC0, 0x9F, 0xE5
	.byte 0x1C, 0xFF, 0x2F, 0xE1, 0xA5, 0x88, 0x1C, 0x02, 0x78, 0x47, 0xC0, 0x46, 0x00, 0xC0, 0x9F, 0xE5
	.byte 0x1C, 0xFF, 0x2F, 0xE1, 0x39, 0x88, 0x1C, 0x02, 0x78, 0x47, 0xC0, 0x46, 0x00, 0xC0, 0x9F, 0xE5
	.byte 0x1C, 0xFF, 0x2F, 0xE1, 0x61, 0x88, 0x1C, 0x02, 0x78, 0x47, 0xC0, 0x46, 0x00, 0xC0, 0x9F, 0xE5
	.byte 0x1C, 0xFF, 0x2F, 0xE1, 0xC9, 0x88, 0x1C, 0x02, 0x06, 0x4A, 0x00, 0x23, 0x59, 0x00, 0x51, 0x5A
	.byte 0x88, 0x42, 0x01, 0xD1, 0x01, 0x20, 0x70, 0x47, 0x5B, 0x1C, 0x0E, 0x2B, 0xF6, 0xD3, 0x00, 0x20
	.byte 0x70, 0x47, 0xC0, 0x46, 0x00, 0xE2, 0x89, 0x06, 0x18, 0xB4, 0x00, 0x24, 0x00, 0x2A, 0x09, 0xD9
	.byte 0x63, 0x00, 0xCB, 0x5A, 0x98, 0x42, 0x02, 0xD1, 0x01, 0x20, 0x18, 0xBC, 0x70, 0x47, 0x64, 0x1C
	.byte 0x94, 0x42, 0xF5, 0xD3, 0x00, 0x20, 0x18, 0xBC, 0x70, 0x47, 0x00, 0x00, 0x01, 0x49, 0x02, 0x4B
	.byte 0x06, 0x22, 0x18, 0x47, 0xDA, 0xE2, 0x89, 0x06, 0x89, 0xC8, 0x89, 0x06, 0x01, 0x49, 0x02, 0x4B
	.byte 0x0A, 0x22, 0x18, 0x47, 0x1C, 0xE3, 0x89, 0x06, 0x89, 0xC8, 0x89, 0x06, 0x01, 0x49, 0x02, 0x4B
	.byte 0x03, 0x22, 0x18, 0x47, 0xB6, 0xE2, 0x89, 0x06, 0x89, 0xC8, 0x89, 0x06, 0x01, 0x49, 0x02, 0x4B
	.byte 0x05, 0x22, 0x18, 0x47, 0xC4, 0xE2, 0x89, 0x06, 0x89, 0xC8, 0x89, 0x06, 0x01, 0x49, 0x02, 0x4B
	.byte 0x03, 0x22, 0x18, 0x47, 0xB0, 0xE2, 0x89, 0x06, 0x89, 0xC8, 0x89, 0x06, 0x01, 0x49, 0x02, 0x4B
	.byte 0x09, 0x22, 0x18, 0x47, 0xF6, 0xE2, 0x89, 0x06, 0x89, 0xC8, 0x89, 0x06, 0x01, 0x49, 0x02, 0x4B
	.byte 0x03, 0x22, 0x18, 0x47, 0xAA, 0xE2, 0x89, 0x06, 0x89, 0xC8, 0x89, 0x06, 0x10, 0xB5, 0x04, 0x1C
	.byte 0x00, 0xF0, 0x28, 0xF8, 0x00, 0x28, 0x01, 0xD0, 0x01, 0x20, 0x10, 0xBD, 0x02, 0x49, 0x20, 0x1C
	.byte 0x08, 0x22, 0xFF, 0xF7, 0xA9, 0xFF, 0x10, 0xBD, 0xE6, 0xE2, 0x89, 0x06, 0x00, 0x4B, 0x18, 0x47
	.byte 0x45, 0xC9, 0x89, 0x06, 0x08, 0xB5, 0x19, 0x28, 0x01, 0xD1, 0x00, 0x20, 0x08, 0xBD, 0xFF, 0xF7
	.byte 0xE5, 0xFF, 0x08, 0xBD, 0x10, 0xB5, 0x04, 0x1C, 0x00, 0xF0, 0x0C, 0xF8, 0x00, 0x28, 0x01, 0xD0
	.byte 0x01, 0x20, 0x10, 0xBD, 0x02, 0x49, 0x20, 0x1C, 0x03, 0x22, 0xFF, 0xF7, 0x8D, 0xFF, 0x10, 0xBD
	.byte 0xA4, 0xE2, 0x89, 0x06, 0x79, 0x28, 0x01, 0xD1, 0x01, 0x20, 0x70, 0x47, 0x00, 0x20, 0x70, 0x47
	.byte 0x01, 0x49, 0x02, 0x4B, 0x10, 0x22, 0x18, 0x47, 0x8C, 0xE3, 0x89, 0x06, 0x89, 0xC8, 0x89, 0x06
	.byte 0x01, 0x49, 0x02, 0x4B, 0x04, 0x22, 0x18, 0x47, 0xBC, 0xE2, 0x89, 0x06, 0x89, 0xC8, 0x89, 0x06
	.byte 0x01, 0x49, 0x02, 0x4B, 0x0A, 0x22, 0x18, 0x47, 0x08, 0xE3, 0x89, 0x06, 0x89, 0xC8, 0x89, 0x06
	.byte 0x01, 0x49, 0x02, 0x4B, 0x37, 0x22, 0x18, 0x47, 0x50, 0xE4, 0x89, 0x06, 0x89, 0xC8, 0x89, 0x06
	.byte 0x03, 0x49, 0x88, 0x42, 0x01, 0xD1, 0x01, 0x20, 0x70, 0x47, 0x00, 0x20, 0x70, 0x47, 0xC0, 0x46
	.byte 0xED, 0x01, 0x00, 0x00, 0x01, 0x49, 0x02, 0x4B, 0x0C, 0x22, 0x18, 0x47, 0x5C, 0xE3, 0x89, 0x06
	.byte 0x89, 0xC8, 0x89, 0x06, 0x06, 0x28, 0x03, 0xD2, 0x81, 0x00, 0x02, 0x48, 0x40, 0x58, 0x70, 0x47
	.byte 0x00, 0x20, 0x70, 0x47, 0x74, 0xE3, 0x89, 0x06, 0x23, 0x28, 0x03, 0xD2, 0x81, 0x00, 0x02, 0x48
	.byte 0x40, 0x58, 0x70, 0x47, 0x00, 0x20, 0x70, 0x47, 0xC0, 0xE4, 0x89, 0x06, 0x01, 0x49, 0x02, 0x4B
	.byte 0x0B, 0x22, 0x18, 0x47, 0x30, 0xE3, 0x89, 0x06, 0x89, 0xC8, 0x89, 0x06, 0x10, 0xB5, 0x04, 0x1C
	.byte 0xFF, 0xF7, 0xF4, 0xFF, 0x00, 0x28, 0x01, 0xD0, 0x01, 0x20, 0x10, 0xBD, 0x02, 0x49, 0x20, 0x1C
	.byte 0x0B, 0x22, 0xFF, 0xF7, 0x29, 0xFF, 0x10, 0xBD, 0x46, 0xE3, 0x89, 0x06, 0x10, 0xB5, 0x04, 0x1C
	.byte 0xFF, 0xF7, 0xE4, 0xFF, 0x00, 0x28, 0x01, 0xD0, 0x01, 0x20, 0x10, 0xBD, 0x02, 0x49, 0x20, 0x1C
	.byte 0x14, 0x22, 0xFF, 0xF7, 0x19, 0xFF, 0x10, 0xBD, 0xD4, 0xE3, 0x89, 0x06, 0x10, 0xB5, 0x04, 0x1C
	.byte 0xFF, 0xF7, 0xD4, 0xFF, 0x00, 0x28, 0x01, 0xD0, 0x01, 0x20, 0x10, 0xBD, 0x02, 0x49, 0x20, 0x1C
	.byte 0x14, 0x22, 0xFF, 0xF7, 0x09, 0xFF, 0x10, 0xBD, 0xAC, 0xE3, 0x89, 0x06, 0x01, 0x49, 0x02, 0x4B
	.byte 0x06, 0x22, 0x18, 0x47, 0xCE, 0xE2, 0x89, 0x06, 0x89, 0xC8, 0x89, 0x06, 0x29, 0x21, 0x01, 0x60
	.byte 0x00, 0x48, 0x70, 0x47, 0xFC, 0xE3, 0x89, 0x06, 0xC3, 0x72, 0x00, 0x23, 0x02, 0x71, 0x01, 0x60
	.byte 0x1A, 0x1C, 0xC1, 0x18, 0x5B, 0x1C, 0x4A, 0x71, 0x06, 0x2B, 0xFA, 0xD3, 0x70, 0x47, 0x00, 0x00

	thumb_func_start FUN_overlay_95__0689cab0
FUN_overlay_95__0689cab0: ; 0x0689CAB0
	push {r3, r4, r5, r6, r7, lr}
	add r6, r0, #0
	add r5, r1, #0
	ldr r4, _0689CAD4 ; =0x00000000
	beq _0689CAD0
	mov r7, #2
	thumb_func_end FUN_overlay_95__0689cab0
_0689CABC:
	add r0, r6, #0
	add r1, r7, #0
	add r2, r4, #0
	bl FUN_overlay_95__0689cad8
	add r0, r4, #1
	lsl r0, r0, #0x18
	lsr r4, r0, #0x18
	cmp r4, r5
	blo _0689CABC
_0689CAD0:
	pop {r3, r4, r5, r6, r7, pc}
	nop
_0689CAD4: .word 0x00000000

	thumb_func_start FUN_overlay_95__0689cad8
FUN_overlay_95__0689cad8: ; 0x0689CAD8
	add r0, r0, r2
	strb r1, [r0, #5]
	bx lr
	.balign 4, 0
	thumb_func_end FUN_overlay_95__0689cad8
_0689CAE0:
	.byte 0x09, 0x79, 0x00, 0x22, 0x82, 0x71, 0xC1, 0x71, 0x70, 0x47, 0x00, 0x00, 0x18, 0xB4, 0x84, 0x79
	.byte 0xC3, 0x79, 0x9C, 0x42, 0x06, 0xD2, 0x02, 0x55, 0x82, 0x79, 0x82, 0x18, 0xD1, 0x70, 0x81, 0x79
	.byte 0x49, 0x1C, 0x81, 0x71, 0x18, 0xBC, 0x70, 0x47, 0x81, 0x79, 0x00, 0x29, 0x01, 0xD0, 0x49, 0x1E
	.byte 0x81, 0x71, 0x70, 0x47, 0x00, 0x7A, 0x70, 0x47, 0x80, 0x79, 0x70, 0x47, 0x81, 0x79, 0x00, 0x29
	.byte 0x02, 0xD0, 0x49, 0x1E, 0x40, 0x5C, 0x70, 0x47, 0x06, 0x20, 0x70, 0x47, 0x82, 0x79, 0x91, 0x42
	.byte 0x01, 0xD2, 0x40, 0x5C, 0x70, 0x47, 0x06, 0x20, 0x70, 0x47, 0x00, 0x00

	thumb_func_start FUN_overlay_95__0689cb3c
FUN_overlay_95__0689cb3c: ; 0x0689CB3C
	ldr r3, _0689CB44 ; =MI_CpuFill8
	mov r1, #0
	mov r2, #0x48
	bx r3
	.balign 4, 0
	thumb_func_end FUN_overlay_95__0689cb3c
_0689CB44: .word 0x02082BCC

	thumb_func_start FUN_overlay_95__0689cb48
FUN_overlay_95__0689cb48: ; 0x0689CB48
	push {r3, r4}
	add r2, r0, #0
	add r2, #0x42
	ldrb r4, [r2]
	cmp r4, #6
	bhs _0689CBB4
	mov r3, #0
	cmp r4, #0
	bls _0689CB68
	thumb_func_end FUN_overlay_95__0689cb48
_0689CB5A:
	lsl r2, r3, #2
	ldr r2, [r0, r2]
	cmp r2, r1
	beq _0689CBB4
	add r3, r3, #1
	cmp r3, r4
	blo _0689CB5A
_0689CB68:
	lsl r2, r4, #2
	str r1, [r0, r2]
	add r2, r0, #0
	add r2, #0x42
	ldrb r2, [r2]
	mov r1, #0
	add r2, r0, r2
	add r2, #0x30
	strb r1, [r2]
	add r2, r0, #0
	add r2, #0x42
	ldrb r2, [r2]
	lsl r2, r2, #1
	add r2, r0, r2
	strh r1, [r2, #0x18]
	add r2, r0, #0
	add r2, #0x42
	ldrb r2, [r2]
	lsl r2, r2, #1
	add r2, r0, r2
	strh r1, [r2, #0x24]
	add r1, r0, #0
	add r1, #0x42
	ldrb r1, [r1]
	add r2, r1, #1
	add r1, r0, #0
	add r1, #0x42
	strb r2, [r1]
	add r1, r0, #0
	add r1, #0x42
	ldrb r2, [r1]
	add r1, r0, #0
	add r1, #0x43
	ldrb r1, [r1]
	cmp r2, r1
	bls _0689CBB4
	add r0, #0x43
	strb r2, [r0]
_0689CBB4:
	pop {r3, r4}
	bx lr

	thumb_func_start FUN_overlay_95__0689cbb8
FUN_overlay_95__0689cbb8: ; 0x0689CBB8
	push {r3, r4, r5, r6, r7, lr}
	add r5, r0, #0
	add r6, r1, #0
	add r4, r2, #0
	add r7, r3, #0
	bl FUN_overlay_95__0689cb48
	add r0, r5, #0
	add r0, #0x42
	ldrb r0, [r0]
	mov r2, #0
	cmp r0, #0
	bls _0689CC10
	mov r1, #2
	thumb_func_end FUN_overlay_95__0689cbb8
_0689CBD4:
	lsl r0, r2, #2
	ldr r0, [r5, r0]
	cmp r0, r6
	bne _0689CC04
	cmp r7, #0
	beq _0689CBF2
	lsl r0, r2, #1
	add r0, r5, r0
	ldrh r3, [r0, #0x24]
	add r3, r3, r4
	strh r3, [r0, #0x24]
	add r0, r5, r2
	add r0, #0x30
	strb r1, [r0]
	b _0689CC04
_0689CBF2:
	lsl r0, r2, #1
	add r0, r5, r0
	ldrh r3, [r0, #0x18]
	add r3, r3, r4
	strh r3, [r0, #0x18]
	add r3, r5, r2
	add r3, #0x30
	mov r0, #1
	strb r0, [r3]
_0689CC04:
	add r0, r5, #0
	add r0, #0x42
	ldrb r0, [r0]
	add r2, r2, #1
	cmp r2, r0
	blo _0689CBD4
_0689CC10:
	pop {r3, r4, r5, r6, r7, pc}
	.balign 4, 0
_0689CC14:
	.byte 0x30, 0xB4, 0x02, 0x1C, 0x42, 0x32, 0x15, 0x78, 0x00, 0x23, 0x00, 0x2D
	.byte 0x23, 0xD9, 0x9A, 0x00, 0x82, 0x58, 0x8A, 0x42, 0x1C, 0xD1, 0x5C, 0x1C, 0xAC, 0x42, 0x0A, 0xD2
	.byte 0xA1, 0x00, 0x43, 0x18, 0x42, 0x58, 0x19, 0x1F, 0x0A, 0x60, 0x01, 0x1C, 0x42, 0x31, 0x09, 0x78
	.byte 0x64, 0x1C, 0x8C, 0x42, 0xF4, 0xD3, 0x01, 0x1C, 0x42, 0x31, 0x09, 0x78, 0x4A, 0x1E, 0x01, 0x1C
	.byte 0x42, 0x31, 0x0A, 0x70, 0x01, 0x1C, 0x44, 0x31, 0x09, 0x78, 0x44, 0x30, 0x49, 0x1E, 0x01, 0x70
	.byte 0x30, 0xBC, 0x70, 0x47, 0x5B, 0x1C, 0xAB, 0x42, 0xDB, 0xD3, 0x30, 0xBC, 0x70, 0x47, 0x00, 0x00

	thumb_func_start FUN_overlay_95__0689cc70
FUN_overlay_95__0689cc70: ; 0x0689CC70
	add r2, r0, #0
	add r2, #0x42
	ldrb r2, [r2]
	cmp r1, r2
	bhs _0689CC80
	lsl r1, r1, #2
	ldr r0, [r0, r1]
	bx lr
	thumb_func_end FUN_overlay_95__0689cc70
_0689CC80:
	mov r0, #0
	bx lr
_0689CC84:
	.byte 0x00, 0x21, 0x44, 0x30, 0x01, 0x70, 0x70, 0x47, 0x01, 0x1C, 0x44, 0x31
	.byte 0x0B, 0x78, 0x01, 0x1C, 0x42, 0x31, 0x09, 0x78, 0x8B, 0x42, 0x09, 0xD2, 0x01, 0x1C, 0x44, 0x31
	.byte 0x09, 0x78, 0x4A, 0x1C, 0x01, 0x1C, 0x44, 0x31, 0x0A, 0x70, 0x99, 0x00, 0x40, 0x58, 0x70, 0x47
	.byte 0x00, 0x20, 0x70, 0x47, 0x18, 0xB4, 0x04, 0x1C, 0x42, 0x34, 0x24, 0x78, 0x00, 0x23, 0x00, 0x2C
	.byte 0x17, 0xD9, 0x9C, 0x00, 0x04, 0x59, 0x8C, 0x42, 0x0D, 0xD1, 0xC4, 0x18, 0x30, 0x34, 0x24, 0x78
	.byte 0x00, 0x2C, 0x08, 0xD0, 0x59, 0x00, 0x40, 0x18, 0x01, 0x8B, 0x80, 0x8C, 0x08, 0x18, 0x10, 0x60
	.byte 0x01, 0x20, 0x18, 0xBC, 0x70, 0x47, 0x04, 0x1C, 0x42, 0x34, 0x24, 0x78, 0x5B, 0x1C, 0xA3, 0x42
	.byte 0xE7, 0xD3, 0x00, 0x20, 0x18, 0xBC, 0x70, 0x47, 0x18, 0xB4, 0x04, 0x1C, 0x42, 0x34, 0x24, 0x78
	.byte 0x00, 0x23, 0x00, 0x2C, 0x15, 0xD9, 0x9C, 0x00, 0x04, 0x59, 0x8C, 0x42, 0x0B, 0xD1, 0xC4, 0x18
	.byte 0x30, 0x34, 0x24, 0x78, 0x01, 0x2C, 0x06, 0xD1, 0x59, 0x00, 0x40, 0x18, 0x00, 0x8B, 0x10, 0x60
	.byte 0x01, 0x20, 0x18, 0xBC, 0x70, 0x47, 0x04, 0x1C, 0x42, 0x34, 0x24, 0x78, 0x5B, 0x1C, 0xA3, 0x42
	.byte 0xE9, 0xD3, 0x00, 0x20, 0x18, 0xBC, 0x70, 0x47

	thumb_func_start FUN_overlay_95__0689cd38
FUN_overlay_95__0689cd38: ; 0x0689CD38
	add r0, #0x42
	ldrb r0, [r0]
	bx lr
	.balign 4, 0
	thumb_func_end FUN_overlay_95__0689cd38
_0689CD40:
	.byte 0x43, 0x30, 0x00, 0x78, 0x70, 0x47, 0x00, 0x00, 0x45, 0x30, 0x01, 0x70, 0x70, 0x47, 0x00, 0x00
	.byte 0x01, 0x1C, 0x43, 0x31, 0x09, 0x78, 0x00, 0x29, 0x04, 0xD1, 0x01, 0x1C, 0x45, 0x31, 0x09, 0x78
	.byte 0x00, 0x29, 0x07, 0xD0, 0x42, 0x30, 0x00, 0x78, 0x00, 0x28, 0x01, 0xD1, 0x01, 0x20, 0x70, 0x47
	.byte 0x00, 0x20, 0x70, 0x47, 0x00, 0x20, 0x70, 0x47

	thumb_func_start FUN_overlay_95__0689cd78
FUN_overlay_95__0689cd78: ; 0x0689CD78
	push {r3, r4, r5, r6, r7, lr}
	add r6, r0, #0
	add r0, r1, #0
	str r1, [sp]
	bl FUN_overlay_95__0689cb3c
	add r0, r6, #0
	bl FUN_overlay_95__0689cd38
	add r7, r0, #0
	ldr r5, _0689CDB8 ; =0x00000000
	beq _0689CDB0
	thumb_func_end FUN_overlay_95__0689cd78
_0689CD90:
	add r0, r6, #0
	add r1, r5, #0
	bl FUN_overlay_95__0689cc70
	add r4, r0, #0
	bl FUN_0689CDBC
	cmp r0, #0
	bne _0689CDAA
	ldr r0, [sp]
	add r1, r4, #0
	bl FUN_overlay_95__0689cb48
_0689CDAA:
	add r5, r5, #1
	cmp r5, r7
	blo _0689CD90
_0689CDB0:
	ldr r0, [sp]
	bl FUN_overlay_95__0689cd38
	pop {r3, r4, r5, r6, r7, pc}
	.balign 4, 0
_0689CDB8: .word 0x00000000

	thumb_func_start FUN_0689CDBC
FUN_0689CDBC: ; 0x0689CDBC
	bx pc
	nop
	thumb_func_end FUN_0689CDBC
_0689CDC0:
	.byte 0x00, 0xC0, 0x9F, 0xE5, 0x1C, 0xFF, 0x2F, 0xE1
_0689CDC8:
	.byte 0x69, 0x5B, 0x1D, 0x02, 0xF8, 0xB5, 0x82, 0xB0
	.byte 0x06, 0x1C, 0x0C, 0x1C, 0x10, 0x1C, 0x00, 0x92, 0xFF, 0xF7, 0xB0, 0xFE, 0x20, 0x1C, 0x00, 0xF0
	.byte 0x23, 0xF8, 0x01, 0x90, 0x30, 0x1C, 0xFF, 0xF7, 0xA7, 0xFF, 0x07, 0x1C, 0x0D, 0x4D, 0x13, 0xD0
	.byte 0x30, 0x1C, 0x29, 0x1C, 0xFF, 0xF7, 0x3C, 0xFF, 0x04, 0x1C, 0x00, 0xF0, 0x1D, 0xF8, 0x01, 0x1C
	.byte 0x01, 0x98, 0x00, 0xF0, 0x21, 0xF8, 0x00, 0x28, 0x03, 0xD0, 0x00, 0x98, 0x21, 0x1C, 0xFF, 0xF7
	.byte 0x9B, 0xFE, 0x6D, 0x1C, 0xBD, 0x42, 0xEB, 0xD3, 0x00, 0x98, 0xFF, 0xF7, 0x8D, 0xFF, 0x02, 0xB0
	.byte 0xF8, 0xBD, 0xC0, 0x46, 0x00, 0x00, 0x00, 0x00, 0x78, 0x47, 0xC0, 0x46, 0x00, 0xC0, 0x9F, 0xE5
	.byte 0x1C, 0xFF, 0x2F, 0xE1, 0x41, 0x54, 0x1D, 0x02, 0x78, 0x47, 0xC0, 0x46, 0x00, 0xC0, 0x9F, 0xE5
	.byte 0x1C, 0xFF, 0x2F, 0xE1, 0x41, 0x54, 0x1D, 0x02, 0x78, 0x47, 0xC0, 0x46, 0x00, 0xC0, 0x9F, 0xE5
	.byte 0x1C, 0xFF, 0x2F, 0xE1, 0x25, 0x9A, 0x1B, 0x02, 0xF8, 0xB5, 0x82, 0xB0, 0x06, 0x1C, 0x0C, 0x1C
	.byte 0x10, 0x1C, 0x00, 0x92, 0xFF, 0xF7, 0x6A, 0xFE, 0x20, 0x1C, 0x00, 0xF0, 0x23, 0xF8, 0x01, 0x90
	.byte 0x30, 0x1C, 0xFF, 0xF7, 0x61, 0xFF, 0x07, 0x1C, 0x0D, 0x4D, 0x13, 0xD0, 0x30, 0x1C, 0x29, 0x1C
	.byte 0xFF, 0xF7, 0xF6, 0xFE, 0x04, 0x1C, 0x00, 0xF0, 0x1D, 0xF8, 0x01, 0x1C, 0x01, 0x98, 0x00, 0xF0
	.byte 0x21, 0xF8, 0x00, 0x28, 0x03, 0xD1, 0x00, 0x98, 0x21, 0x1C, 0xFF, 0xF7, 0x55, 0xFE, 0x6D, 0x1C
	.byte 0xBD, 0x42, 0xEB, 0xD3, 0x00, 0x98, 0xFF, 0xF7, 0x47, 0xFF, 0x02, 0xB0, 0xF8, 0xBD, 0xC0, 0x46
	.byte 0x00, 0x00, 0x00, 0x00, 0x78, 0x47, 0xC0, 0x46, 0x00, 0xC0, 0x9F, 0xE5, 0x1C, 0xFF, 0x2F, 0xE1
	.byte 0x41, 0x54, 0x1D, 0x02, 0x78, 0x47, 0xC0, 0x46, 0x00, 0xC0, 0x9F, 0xE5, 0x1C, 0xFF, 0x2F, 0xE1
	.byte 0x41, 0x54, 0x1D, 0x02, 0x78, 0x47, 0xC0, 0x46, 0x00, 0xC0, 0x9F, 0xE5, 0x1C, 0xFF, 0x2F, 0xE1
	.byte 0x25, 0x9A, 0x1B, 0x02, 0x38, 0xB5, 0x05, 0x1C, 0xFF, 0xF7, 0xCC, 0xFE, 0x28, 0x1C, 0xFF, 0xF7
	.byte 0xCD, 0xFE, 0x04, 0x1C, 0x0D, 0xD0, 0x20, 0x1C, 0x00, 0xF0, 0x0C, 0xF8, 0x00, 0x28, 0x03, 0xD0
	.byte 0x28, 0x1C, 0x21, 0x1C, 0xFF, 0xF7, 0x86, 0xFE, 0x28, 0x1C, 0xFF, 0xF7, 0xBF, 0xFE, 0x04, 0x1C
	.byte 0xF1, 0xD1, 0x38, 0xBD, 0x78, 0x47, 0xC0, 0x46, 0x00, 0xC0, 0x9F, 0xE5, 0x1C, 0xFF, 0x2F, 0xE1
	.byte 0x69, 0x5B, 0x1D, 0x02, 0xF0, 0xB5, 0x83, 0xB0, 0x04, 0x1C, 0x42, 0x30, 0x00, 0x78, 0x0E, 0x1C
	.byte 0x01, 0x28, 0x4B, 0xD9, 0x00, 0x25, 0x00, 0x28, 0x0F, 0xD9, 0x01, 0x27, 0xA9, 0x00, 0x61, 0x58
	.byte 0x30, 0x1C, 0x3A, 0x1C, 0x00, 0xF0, 0x44, 0xF8, 0x69, 0x00, 0x61, 0x18, 0xC8, 0x86, 0x20, 0x1C
	.byte 0x42, 0x30, 0x00, 0x78, 0x6D, 0x1C, 0x85, 0x42, 0xF0, 0xD3, 0x00, 0x21, 0x00, 0x91, 0x00, 0x28
	.byte 0x34, 0xD9, 0x00, 0x99, 0x4D, 0x1C, 0x85, 0x42, 0x2B, 0xD2, 0x08, 0x1C, 0x40, 0x00, 0x27, 0x18
	.byte 0x08, 0x1C, 0x80, 0x00, 0x01, 0x90, 0x68, 0x00, 0x26, 0x18, 0xF9, 0x8E, 0xF0, 0x8E, 0x88, 0x42
	.byte 0x06, 0xD8, 0x88, 0x42, 0x17, 0xD1, 0x02, 0x20, 0x00, 0xF0, 0x2A, 0xF8, 0x00, 0x28, 0x12, 0xD0
	.byte 0x01, 0x98, 0x3B, 0x8B, 0x22, 0x58, 0xF8, 0x8E, 0x02, 0x90, 0xA8, 0x00, 0x84, 0x46, 0x21, 0x58
	.byte 0x01, 0x98, 0x21, 0x50, 0x30, 0x8B, 0x38, 0x83, 0xF0, 0x8E, 0xF8, 0x86, 0x60, 0x46, 0x22, 0x50
	.byte 0x02, 0x98, 0x33, 0x83, 0xF0, 0x86, 0x20, 0x1C, 0x42, 0x30, 0x00, 0x78, 0x6D, 0x1C, 0x85, 0x42
	.byte 0xD9, 0xD3, 0x00, 0x99, 0x49, 0x1C, 0x00, 0x91, 0x81, 0x42, 0xCA, 0xD3, 0x03, 0xB0, 0xF0, 0xBD
	.byte 0x78, 0x47, 0xC0, 0x46, 0x00, 0xC0, 0x9F, 0xE5, 0x1C, 0xFF, 0x2F, 0xE1, 0xC9, 0x81, 0x1C, 0x02
	.byte 0x78, 0x47, 0xC0, 0x46, 0x00, 0xC0, 0x9F, 0xE5, 0x1C, 0xFF, 0x2F, 0xE1, 0xAD, 0x78, 0x1D, 0x02
	.byte 0x38, 0xB5, 0xF1, 0x22, 0x00, 0x21, 0x92, 0x00, 0x05, 0x1C, 0x00, 0x24, 0x00, 0xF0, 0x0A, 0xE8
	.byte 0x2C, 0x60, 0x21, 0x1C, 0xE0, 0x00, 0x28, 0x18, 0x64, 0x1C, 0x01, 0x81, 0x78, 0x2C, 0xF9, 0xD3
	.byte 0x38, 0xBD, 0xC0, 0x46, 0x04, 0xF0, 0x1F, 0xE5, 0xCC, 0x2B, 0x08, 0x02, 0x18, 0xB4, 0x04, 0x68
	.byte 0xE4, 0x00, 0x04, 0x19, 0x21, 0x81, 0x01, 0x68, 0xC9, 0x00, 0x41, 0x18, 0x4A, 0x60, 0x01, 0x68
	.byte 0x00, 0x22, 0xC9, 0x00, 0x41, 0x18, 0x8B, 0x72, 0x01, 0x68, 0xC9, 0x00, 0x41, 0x18, 0xCA, 0x72
	.byte 0x01, 0x68, 0x49, 0x1C, 0x01, 0x60, 0x78, 0x29, 0x00, 0xD3, 0x02, 0x60, 0x18, 0xBC, 0x70, 0x47
	.byte 0x01, 0x68, 0x49, 0x1E, 0x00, 0xD5, 0x77, 0x21, 0xC9, 0x00, 0x01, 0x22, 0x40, 0x18, 0xC2, 0x72
	.byte 0x70, 0x47, 0x00, 0x00, 0xF0, 0xB4, 0x05, 0x68, 0x77, 0x23, 0x2C, 0x1C, 0x64, 0x1E, 0x00, 0xD5
	.byte 0x1C, 0x1C, 0xAC, 0x42, 0x0C, 0xD0, 0xE6, 0x00, 0x87, 0x19, 0x3E, 0x89, 0x00, 0x2E, 0x07, 0xD0
	.byte 0xB1, 0x42, 0xF3, 0xD1, 0x7E, 0x68, 0xB2, 0x42, 0xF0, 0xD1, 0x01, 0x20, 0xF0, 0xBC, 0x70, 0x47
	.byte 0x00, 0x20, 0xF0, 0xBC, 0x70, 0x47, 0x00, 0x00, 0xF0, 0xB4, 0x05, 0x68, 0x00, 0x24, 0x2B, 0x1C
	.byte 0x5B, 0x1E, 0x00, 0xD5, 0x77, 0x23, 0xAB, 0x42, 0x0B, 0xD0, 0xDE, 0x00, 0x87, 0x19, 0x3E, 0x89
	.byte 0x00, 0x2E, 0x06, 0xD0, 0xB1, 0x42, 0xF3, 0xD1, 0x7E, 0x68, 0xB2, 0x42, 0xF0, 0xD1, 0x64, 0x1C
	.byte 0xEE, 0xE7, 0x20, 0x1C, 0xF0, 0xBC, 0x70, 0x47, 0xF0, 0xB4, 0x04, 0x68, 0x77, 0x22, 0x23, 0x1C
	.byte 0x5B, 0x1E, 0x00, 0xD5, 0x13, 0x1C, 0xA3, 0x42, 0x0D, 0xD0, 0xDD, 0x00, 0x47, 0x19, 0x3E, 0x89
	.byte 0x00, 0x2E, 0x08, 0xD0, 0xFD, 0x7A, 0x00, 0x2D, 0xF2, 0xD0, 0x7D, 0x68, 0xA9, 0x42, 0xEF, 0xD1
	.byte 0x30, 0x1C, 0xF0, 0xBC, 0x70, 0x47, 0x00, 0x20, 0xF0, 0xBC, 0x70, 0x47

	thumb_func_start FUN_overlay_95__0689d0fc
FUN_overlay_95__0689d0fc: ; 0x0689D0FC
	push {r3, r4}
	mov r4, #0
	strb r4, [r0]
	mov r2, #0x1f
	add r1, r4, #0
	thumb_func_end FUN_overlay_95__0689d0fc
_0689D106:
	add r3, r0, r4
	strb r2, [r3, #0x19]
	add r4, r4, #1
	strb r1, [r3, #1]
	cmp r4, #0x18
	blo _0689D106
	pop {r3, r4}
	bx lr
	.balign 4, 0

	thumb_func_start FUN_overlay_95__0689d118
FUN_overlay_95__0689d118: ; 0x0689D118
	push {r4, r5, r6, lr}
	add r5, r0, #0
	mov r4, #0
	mov r6, #0x31
	thumb_func_end FUN_overlay_95__0689d118
_0689D120:
	add r0, r4, #0
	mul r0, r6
	add r0, r5, r0
	bl FUN_overlay_95__0689d0fc
	add r4, r4, #1
	cmp r4, #4
	blo _0689D120
	pop {r4, r5, r6, pc}
	.balign 4, 0
_0689D134:
	.byte 0x70, 0xB5, 0x03, 0x21, 0x31, 0x22, 0x0B, 0x1C, 0x53, 0x43, 0xC6, 0x18
	.byte 0x35, 0x1C, 0x31, 0x3D, 0x31, 0x24, 0x2B, 0x78, 0x6D, 0x1C, 0x33, 0x70, 0x76, 0x1C, 0x64, 0x1E
	.byte 0xF9, 0xD1, 0x49, 0x1E, 0xF1, 0xD1, 0xFF, 0xF7, 0xD1, 0xFF, 0x70, 0xBD, 0x02, 0x78, 0x18, 0x2A
	.byte 0x06, 0xD2, 0x82, 0x18, 0x51, 0x76, 0x00, 0x21, 0x51, 0x70, 0x01, 0x78, 0x49, 0x1C, 0x01, 0x70
	.byte 0x70, 0x47, 0x00, 0x00, 0x04, 0x29, 0x03, 0xD2, 0x31, 0x22, 0x4A, 0x43, 0x80, 0x5C, 0x70, 0x47
	.byte 0x00, 0x20, 0x70, 0x47, 0x04, 0x29, 0x08, 0xD2, 0x31, 0x23, 0x4B, 0x43, 0xC1, 0x5C, 0x8A, 0x42
	.byte 0x03, 0xD2, 0xC0, 0x18, 0x80, 0x18, 0x40, 0x7E, 0x70, 0x47, 0x1F, 0x20, 0x70, 0x47, 0x00, 0x00
	.byte 0x04, 0x29, 0x08, 0xD2, 0x31, 0x23, 0x4B, 0x43, 0xC1, 0x5C, 0x8A, 0x42, 0x03, 0xD2, 0xC0, 0x18
	.byte 0x80, 0x18, 0x40, 0x78, 0x70, 0x47, 0x00, 0x20, 0x70, 0x47, 0x00, 0x00, 0x04, 0x29, 0x08, 0xD2
	.byte 0x31, 0x23, 0x4B, 0x43, 0xC1, 0x5C, 0x8A, 0x42, 0x03, 0xD2, 0xC0, 0x18, 0x01, 0x21, 0x80, 0x18
	.byte 0x41, 0x70, 0x70, 0x47, 0x18, 0xB4, 0x00, 0x24, 0x31, 0x21, 0x23, 0x1C, 0x4B, 0x43, 0xC2, 0x5C
	.byte 0x00, 0x2A, 0x05, 0xD0, 0xC1, 0x18, 0x50, 0x1E, 0x08, 0x18, 0x40, 0x7E, 0x18, 0xBC, 0x70, 0x47
	.byte 0x64, 0x1C, 0x04, 0x2C, 0xF1, 0xD3, 0x1F, 0x20, 0x18, 0xBC, 0x70, 0x47

	thumb_func_start FUN_overlay_95__0689d1fc
FUN_overlay_95__0689d1fc: ; 0x0689D1FC
	push {r3, r4, r5, r6, r7, lr}
	add r5, r0, #0
	mov r0, #0
	add r6, r1, #0
	str r2, [sp]
	add r1, r0, #0
	mov r3, #0x1f
	thumb_func_end FUN_overlay_95__0689d1fc
_0689D20A:
	lsl r2, r0, #1
	add r2, r0, r2
	add r4, r5, r2
	strb r1, [r5, r2]
	add r0, r0, #1
	strb r3, [r4, #2]
	cmp r0, #6
	blo _0689D20A
	mov r2, #6
_0689D21C:
	add r0, r5, r1
	add r1, r1, #1
	strb r2, [r0, #0x12]
	cmp r1, #6
	blo _0689D21C
	add r0, r6, #0
	bl FUN_0689D248
	add r7, r0, #0
	mov r4, #0
_0689D230:
	lsl r3, r4, #0x18
	ldr r2, [sp]
	add r0, r5, #0
	add r1, r6, #0
	lsr r3, r3, #0x18
	bl FUN_overlay_95__0689d258
	add r4, r4, #1
	cmp r4, r7
	bls _0689D230
	pop {r3, r4, r5, r6, r7, pc}
	nop

	thumb_func_start FUN_0689D248
FUN_0689D248: ; 0x0689D248
	bx pc
	nop
	thumb_func_end FUN_0689D248

	arm_func_start thunk_EXT_FUN_021b8640
thunk_EXT_FUN_021b8640: ; 0x0689D24C
	ldr ip, _0689D254 ; =0x021B8641
	bx ip
	.balign 4, 0
	arm_func_end thunk_EXT_FUN_021b8640
_0689D254: .word 0x021B8641

	thumb_func_start FUN_overlay_95__0689d258
FUN_overlay_95__0689d258: ; 0x0689D258
	push {r3, r4, r5, r6, lr}
	sub sp, #4
	add r6, r2, #0
	add r4, r3, #0
	add r2, sp, #0
	add r5, r0, #0
	add r0, r1, #0
	add r1, r4, #0
	add r2, #1
	add r3, sp, #0
	bl FUN_0689D2B8
	add r2, sp, #0
	ldrb r1, [r2, #1]
	ldrb r2, [r2]
	add r0, r6, #0
	bl FUN_0689D2C8
	add r6, r0, #0
	beq _0689D29C
	bl FUN_0689D2D8
	cmp r0, #0
	bne _0689D29C
	add r0, r6, #0
	bl FUN_0689D2E8
	lsl r1, r4, #1
	add r1, r4, r1
	add r2, r5, r1
	strb r0, [r2, #2]
	add r0, r5, r0
	strb r4, [r0, #0x12]
	b _0689D2A6
	thumb_func_end FUN_overlay_95__0689d258
_0689D29C:
	lsl r0, r4, #1
	add r1, r4, r0
	mov r2, #0x1f
	add r0, r5, r1
	strb r2, [r0, #2]
_0689D2A6:
	add r0, sp, #0
	ldrb r2, [r0, #1]
	add r0, r5, r1
	strb r2, [r0, #1]
	mov r0, #1
	strb r0, [r5, r1]
	add sp, #4
	pop {r3, r4, r5, r6, pc}
	nop

	thumb_func_start FUN_0689D2B8
FUN_0689D2B8: ; 0x0689D2B8
	bx pc
	nop
	thumb_func_end FUN_0689D2B8

	arm_func_start thunk_EXT_FUN_021b8e28
thunk_EXT_FUN_021b8e28: ; 0x0689D2BC
	ldr ip, _0689D2C4 ; =0x021B8E29
	bx ip
	.balign 4, 0
	arm_func_end thunk_EXT_FUN_021b8e28
_0689D2C4: .word 0x021B8E29

	thumb_func_start FUN_0689D2C8
FUN_0689D2C8: ; 0x0689D2C8
	bx pc
	nop
	thumb_func_end FUN_0689D2C8

	arm_func_start thunk_EXT_FUN_021b9920
thunk_EXT_FUN_021b9920: ; 0x0689D2CC
	ldr ip, _0689D2D4 ; =0x021B9921
	bx ip
	.balign 4, 0
	arm_func_end thunk_EXT_FUN_021b9920
_0689D2D4: .word 0x021B9921

	thumb_func_start FUN_0689D2D8
FUN_0689D2D8: ; 0x0689D2D8
	bx pc
	nop
	thumb_func_end FUN_0689D2D8
_0689D2DC:
	.byte 0x00, 0xC0, 0x9F, 0xE5
	.byte 0x1C, 0xFF, 0x2F, 0xE1
_0689D2E4:
	.byte 0x69, 0x5B, 0x1D, 0x02

	thumb_func_start FUN_0689D2E8
FUN_0689D2E8: ; 0x0689D2E8
	bx pc
	nop
	thumb_func_end FUN_0689D2E8
_0689D2EC:
	.byte 0x00, 0xC0, 0x9F, 0xE5
	.byte 0x1C, 0xFF, 0x2F, 0xE1
_0689D2F4:
	.byte 0x41, 0x54, 0x1D, 0x02, 0x18, 0xB4, 0x00, 0x24, 0x62, 0x00, 0xA2, 0x18
	.byte 0x83, 0x18, 0x82, 0x5C, 0x00, 0x2A, 0x06, 0xD0, 0x9A, 0x78, 0x91, 0x42, 0x03, 0xD1, 0x1F, 0x20
	.byte 0x98, 0x70, 0x18, 0xBC, 0x70, 0x47, 0x64, 0x1C, 0x06, 0x2C, 0xEF, 0xD3, 0x18, 0xBC, 0x70, 0x47

	thumb_func_start FUN_overlay_95__0689d320
FUN_overlay_95__0689d320: ; 0x0689D320
	push {r4, lr}
	lsl r4, r1, #1
	add r4, r1, r4
	add r4, r0, r4
	strb r2, [r4, #2]
	add r2, r0, r2
	strb r1, [r2, #0x12]
	add r2, r3, #0
	bl FUN_overlay_95__0689d448
	pop {r4, pc}
	.balign 4, 0
	thumb_func_end FUN_overlay_95__0689d320

	thumb_func_start FUN_overlay_95__0689d338
FUN_overlay_95__0689d338: ; 0x0689D338
	push {r3, r4, r5, r6, r7, lr}
	sub sp, #0x10
	add r7, r1, #0
	add r6, r0, #0
	str r3, [sp]
	cmp r7, #1
	bls _0689D402
	add r1, sp, #8
	mov r5, #0
	mov r4, #0
	add r1, #3
	thumb_func_end FUN_overlay_95__0689d338
_0689D34E:
	lsl r0, r4, #1
	add r0, r4, r0
	add r0, r6, r0
	ldrb r0, [r0, #1]
	cmp r2, r0
	bne _0689D35E
	strb r4, [r1, r5]
	add r5, r5, #1
_0689D35E:
	add r4, r4, #1
	cmp r4, #6
	blo _0689D34E
	add r0, r7, #0
	bl FUN_0689D408
	str r0, [sp, #4]
	add r0, r7, #0
	bl FUN_0689D418
	add r1, sp, #8
	ldrb r2, [r1, #3]
	lsl r1, r2, #1
	add r2, r2, r1
	ldrb r3, [r6, r2]
	add r1, r6, r2
	add r2, sp, #8
	strb r3, [r2]
	ldrb r3, [r1, #1]
	strb r3, [r2, #1]
	ldrb r2, [r1, #2]
	add r1, sp, #8
	strb r2, [r1, #2]
	add r1, sp, #8
	add r1, #3
	ldrb r2, [r1, r0]
	lsl r0, r2, #1
	add r2, r2, r0
	ldr r0, [sp, #4]
	add r3, r6, r2
	ldrb r1, [r1, r0]
	lsl r0, r1, #1
	add r1, r1, r0
	ldrb r0, [r6, r2]
	add r7, r6, r1
	strb r0, [r6, r1]
	ldrb r0, [r3, #1]
	strb r0, [r7, #1]
	ldrb r0, [r3, #2]
	strb r0, [r7, #2]
	add r0, sp, #8
	ldrb r0, [r0]
	strb r0, [r6, r2]
	add r0, sp, #8
	ldrb r0, [r0, #1]
	strb r0, [r3, #1]
	add r0, sp, #8
	ldrb r0, [r0, #2]
	strb r0, [r3, #2]
	ldr r0, [sp]
	bl FUN_0689D428
	cmp r0, #0
	bne _0689D3E0
	ldr r0, [sp]
	bl FUN_0689D438
	add r1, sp, #8
	add r2, r0, #0
	ldrb r1, [r1, #3]
	ldr r3, [sp, #0x28]
	add r0, r6, #0
	bl FUN_overlay_95__0689d320
	b _0689D3EA
_0689D3E0:
	lsl r0, r4, #1
	add r0, r4, r0
	mov r1, #0x1f
	add r0, r6, r0
	strb r1, [r0, #2]
_0689D3EA:
	mov r4, #0
	cmp r5, #0
	bls _0689D402
	add r7, sp, #8
	add r7, #3
_0689D3F4:
	ldrb r1, [r7, r4]
	add r0, r6, #0
	bl FUN_overlay_95__0689d544
	add r4, r4, #1
	cmp r4, r5
	blo _0689D3F4
_0689D402:
	add sp, #0x10
	pop {r3, r4, r5, r6, r7, pc}
	nop

	thumb_func_start FUN_0689D408
FUN_0689D408: ; 0x0689D408
	bx pc
	nop
	thumb_func_end FUN_0689D408

	arm_func_start thunk_EXT_FUN_021b9ab0
thunk_EXT_FUN_021b9ab0: ; 0x0689D40C
	ldr ip, _0689D414 ; =0x021B9AB1
	bx ip
	.balign 4, 0
	arm_func_end thunk_EXT_FUN_021b9ab0
_0689D414: .word 0x021B9AB1

	thumb_func_start FUN_0689D418
FUN_0689D418: ; 0x0689D418
	bx pc
	nop
	thumb_func_end FUN_0689D418

	arm_func_start thunk_EXT_FUN_021b9ac8
thunk_EXT_FUN_021b9ac8: ; 0x0689D41C
	ldr ip, _0689D424 ; =0x021B9AC9
	bx ip
	.balign 4, 0
	arm_func_end thunk_EXT_FUN_021b9ac8
_0689D424: .word 0x021B9AC9

	thumb_func_start FUN_0689D428
FUN_0689D428: ; 0x0689D428
	bx pc
	nop
	thumb_func_end FUN_0689D428

	arm_func_start thunk_EXT_FUN_021d5b68
thunk_EXT_FUN_021d5b68: ; 0x0689D42C
	ldr ip, _0689D434 ; =0x021D5B69
	bx ip
	.balign 4, 0
	arm_func_end thunk_EXT_FUN_021d5b68
_0689D434: .word 0x021D5B69

	thumb_func_start FUN_0689D438
FUN_0689D438: ; 0x0689D438
	bx pc
	nop
	thumb_func_end FUN_0689D438

	arm_func_start thunk_EXT_FUN_021d5440
thunk_EXT_FUN_021d5440: ; 0x0689D43C
	ldr ip, _0689D444 ; =0x021D5441
	bx ip
	.balign 4, 0
	arm_func_end thunk_EXT_FUN_021d5440
_0689D444: .word 0x021D5441

	thumb_func_start FUN_overlay_95__0689d448
FUN_overlay_95__0689d448: ; 0x0689D448
	push {r3, r4, r5, r6, r7, lr}
	str r0, [sp]
	lsl r0, r1, #1
	add r1, r1, r0
	ldr r0, [sp]
	add r7, r2, #0
	add r0, r0, r1
	ldrb r5, [r0, #2]
	cmp r5, #0x1f
	beq _0689D49C
	mov r4, #0
	thumb_func_end FUN_overlay_95__0689d448
_0689D45E:
	lsl r0, r4, #1
	add r1, r4, r0
	ldr r0, [sp]
	add r6, r0, r1
	ldrb r0, [r6, #2]
	cmp r0, #0x1f
	beq _0689D496
	cmp r5, r0
	beq _0689D496
	add r1, r5, #0
	bl FUN_0689D4A0
	cmp r0, #0
	bne _0689D496
	ldrb r1, [r6, #2]
	add r0, r7, #0
	bl FUN_0689D4B0
	add r1, r5, #0
	bl FUN_0689D4C0
	add r0, r7, #0
	add r1, r5, #0
	bl FUN_0689D4D0
	ldrb r1, [r6, #2]
	bl FUN_0689D4E0
_0689D496:
	add r4, r4, #1
	cmp r4, #6
	blo _0689D45E
_0689D49C:
	pop {r3, r4, r5, r6, r7, pc}
	nop

	thumb_func_start FUN_0689D4A0
FUN_0689D4A0: ; 0x0689D4A0
	bx pc
	nop
	thumb_func_end FUN_0689D4A0

	arm_func_start thunk_EXT_FUN_021b9a24
thunk_EXT_FUN_021b9a24: ; 0x0689D4A4
	ldr ip, _0689D4AC ; =0x021B9A25
	bx ip
	.balign 4, 0
	arm_func_end thunk_EXT_FUN_021b9a24
_0689D4AC: .word 0x021B9A25

	thumb_func_start FUN_0689D4B0
FUN_0689D4B0: ; 0x0689D4B0
	bx pc
	nop
	thumb_func_end FUN_0689D4B0
_0689D4B4:
	.byte 0x00, 0xC0, 0x9F, 0xE5, 0x1C, 0xFF, 0x2F, 0xE1
_0689D4BC:
	.byte 0x35, 0x99, 0x1B, 0x02

	thumb_func_start FUN_0689D4C0
FUN_0689D4C0: ; 0x0689D4C0
	bx pc
	nop
	thumb_func_end FUN_0689D4C0
_0689D4C4:
	.byte 0x00, 0xC0, 0x9F, 0xE5, 0x1C, 0xFF, 0x2F, 0xE1
_0689D4CC:
	.byte 0xCD, 0x6D, 0x1D, 0x02

	thumb_func_start FUN_0689D4D0
FUN_0689D4D0: ; 0x0689D4D0
	bx pc
	nop
	thumb_func_end FUN_0689D4D0

	arm_func_start thunk_EXT_FUN_021b9934
thunk_EXT_FUN_021b9934: ; 0x0689D4D4
	ldr ip, _0689D4DC ; =0x021B9935
	bx ip
	.balign 4, 0
	arm_func_end thunk_EXT_FUN_021b9934
_0689D4DC: .word 0x021B9935

	thumb_func_start FUN_0689D4E0
FUN_0689D4E0: ; 0x0689D4E0
	bx pc
	nop
	thumb_func_end FUN_0689D4E0

	arm_func_start thunk_EXT_FUN_021d6dcc
thunk_EXT_FUN_021d6dcc: ; 0x0689D4E4
	ldr ip, _0689D4EC ; =0x021D6DCD
	bx ip
	.balign 4, 0
	arm_func_end thunk_EXT_FUN_021d6dcc
_0689D4EC: .word 0x021D6DCD
_0689D4F0:
	.byte 0xF8, 0xB5, 0x82, 0xB0, 0x00, 0x92, 0x4A, 0x00, 0x04, 0x1C, 0x8F, 0x18, 0xE2, 0x5D, 0x01, 0xAE
	.byte 0xE3, 0x19, 0x32, 0x70, 0x5A, 0x78, 0x72, 0x70, 0x9A, 0x78, 0xB2, 0x70, 0x00, 0x9A, 0x55, 0x00
	.byte 0x52, 0x19, 0x94, 0x46, 0x65, 0x46, 0x65, 0x5D, 0xA2, 0x18, 0xE5, 0x55, 0x55, 0x78, 0x5D, 0x70
	.byte 0x95, 0x78, 0x9D, 0x70, 0x33, 0x78, 0x65, 0x46, 0x63, 0x55, 0x73, 0x78, 0x53, 0x70, 0xB3, 0x78
	.byte 0x93, 0x70, 0x00, 0xF0, 0x07, 0xF8, 0x00, 0x99, 0x20, 0x1C, 0x00, 0xF0, 0x03, 0xF8, 0x02, 0xB0
	.byte 0xF8, 0xBD, 0x00, 0x00

	thumb_func_start FUN_overlay_95__0689d544
FUN_overlay_95__0689d544: ; 0x0689D544
	lsl r2, r1, #1
	add r2, r1, r2
	add r2, r0, r2
	ldrb r2, [r2, #2]
	cmp r2, #0x1f
	beq _0689D554
	add r0, r0, r2
	strb r1, [r0, #0x12]
	thumb_func_end FUN_overlay_95__0689d544
_0689D554:
	bx lr
	.balign 4, 0
_0689D558:
	.byte 0x78, 0xB4, 0x00, 0x25, 0x00, 0x24, 0x63, 0x00
	.byte 0xE6, 0x18, 0x83, 0x19, 0x86, 0x5D, 0x00, 0x2E, 0x07, 0xD0, 0x5E, 0x78, 0xB1, 0x42, 0x04, 0xD1
	.byte 0x9B, 0x78, 0x1F, 0x2B, 0x01, 0xD1, 0x54, 0x55, 0x6D, 0x1C, 0x64, 0x1C, 0x06, 0x2C, 0xEE, 0xD3
	.byte 0x28, 0x06, 0x00, 0x0E, 0x78, 0xBC, 0x70, 0x47, 0x08, 0xB5, 0x00, 0xF0, 0x1D, 0xF8, 0x06, 0x28
	.byte 0x01, 0xD0, 0x01, 0x20, 0x08, 0xBD, 0x00, 0x20, 0x08, 0xBD, 0x00, 0x00

	thumb_func_start FUN_overlay_95__0689d59c
FUN_overlay_95__0689d59c: ; 0x0689D59C
	push {r4, lr}
	add r4, r1, #0
	add r1, r2, #0
	bl FUN_overlay_95__0689d5c8
	add r1, r0, #0
	cmp r1, #6
	beq _0689D5B4
	add r0, r4, #0
	bl FUN_0689D5B8
	pop {r4, pc}
	thumb_func_end FUN_overlay_95__0689d59c
_0689D5B4:
	mov r0, #0
	pop {r4, pc}

	thumb_func_start FUN_0689D5B8
FUN_0689D5B8: ; 0x0689D5B8
	bx pc
	nop
	thumb_func_end FUN_0689D5B8

	arm_func_start thunk_EXT_FUN_021b86a0
thunk_EXT_FUN_021b86a0: ; 0x0689D5BC
	ldr ip, _0689D5C4 ; =0x021B86A1
	bx ip
	.balign 4, 0
	arm_func_end thunk_EXT_FUN_021b86a0
_0689D5C4: .word 0x021B86A1

	thumb_func_start FUN_overlay_95__0689d5c8
FUN_overlay_95__0689d5c8: ; 0x0689D5C8
	push {r3, r4}
	mov r4, #0
	thumb_func_end FUN_overlay_95__0689d5c8
_0689D5CC:
	lsl r2, r4, #1
	add r2, r4, r2
	add r3, r0, r2
	ldrb r2, [r0, r2]
	cmp r2, #0
	beq _0689D5E6
	ldrb r2, [r3, #2]
	cmp r1, r2
	bne _0689D5E6
	lsl r0, r4, #0x18
	lsr r0, r0, #0x18
	pop {r3, r4}
	bx lr
_0689D5E6:
	add r4, r4, #1
	cmp r4, #6
	blo _0689D5CC
	mov r0, #6
	pop {r3, r4}
	bx lr
	.balign 4, 0
_0689D5F4:
	.byte 0x40, 0x18, 0x80, 0x7C, 0x70, 0x47, 0x00, 0x00, 0x4A, 0x00, 0x89, 0x18
	.byte 0x40, 0x18, 0x80, 0x78, 0x70, 0x47, 0x00, 0x00, 0x00, 0x00, 0x00, 0x00, 0xED, 0x81, 0x89, 0x06
	.byte 0x38, 0x00, 0x00, 0x00, 0x59, 0x81, 0x89, 0x06, 0x00, 0x00, 0x00, 0x00, 0xED, 0x81, 0x89, 0x06
	.byte 0x38, 0x00, 0x00, 0x00, 0x11, 0x81, 0x89, 0x06, 0x3A, 0x00, 0x00, 0x00, 0xA1, 0x81, 0x89, 0x06
	.byte 0x13, 0x00, 0x00, 0x00, 0xA5, 0x80, 0x89, 0x06, 0x47, 0x00, 0x00, 0x00, 0x95, 0x80, 0x89, 0x06
	.byte 0x34, 0x00, 0x00, 0x00, 0xBD, 0x80, 0x89, 0x06, 0x3E, 0x00, 0x00, 0x00, 0xCD, 0x80, 0x89, 0x06
	.byte 0x00, 0x00, 0x00, 0x00, 0x89, 0x80, 0x89, 0x06, 0x01, 0x00, 0x00, 0x00, 0x99, 0x80, 0x89, 0x06
	.byte 0x02, 0x00, 0x00, 0x00, 0xB1, 0x80, 0x89, 0x06, 0x03, 0x00, 0x00, 0x00, 0xD5, 0x81, 0x89, 0x06
	.byte 0x04, 0x00, 0x00, 0x00, 0x05, 0x81, 0x89, 0x06, 0x05, 0x00, 0x00, 0x00, 0x4D, 0x81, 0x89, 0x06
	.byte 0x06, 0x00, 0x00, 0x00, 0x95, 0x81, 0x89, 0x06, 0x07, 0x00, 0x00, 0x00, 0xE1, 0x81, 0x89, 0x06
	.byte 0x55, 0x00, 0x00, 0x00, 0x6D, 0x8B, 0x89, 0x06
_0689D698:
	.byte 0x76, 0x00, 0x00, 0x00, 0x29, 0x83, 0x89, 0x06
	.byte 0x76, 0x00, 0x00, 0x00, 0xCD, 0x89, 0x89, 0x06, 0x55, 0x00, 0x00, 0x00, 0xB5, 0x87, 0x89, 0x06
	.byte 0xA4, 0x00, 0x00, 0x00, 0xB5, 0x87, 0x89, 0x06, 0x55, 0x00, 0x00, 0x00, 0xC9, 0x84, 0x89, 0x06
	.byte 0xA4, 0x00, 0x00, 0x00, 0xC9, 0x84, 0x89, 0x06
_0689D6C8:
	.byte 0x00, 0x00, 0x00, 0x00
_0689D6CC:
	.byte 0x1D, 0x83, 0x89, 0x06
_0689D6D0:
	.byte 0x01, 0x00, 0x00, 0x00, 0xBD, 0x84, 0x89, 0x06, 0x02, 0x00, 0x00, 0x00, 0xA9, 0x87, 0x89, 0x06
	.byte 0x03, 0x00, 0x00, 0x00, 0xC1, 0x89, 0x89, 0x06, 0x04, 0x00, 0x00, 0x00, 0x61, 0x8B, 0x89, 0x06
	.byte 0x47, 0x00, 0x00, 0x00, 0x29, 0x8E, 0x89, 0x06, 0x76, 0x00, 0x00, 0x00, 0x01, 0x99, 0x89, 0x06
	.byte 0x2C, 0x00, 0x00, 0x00, 0xB1, 0x93, 0x89, 0x06, 0x55, 0x00, 0x00, 0x00, 0xD5, 0x96, 0x89, 0x06
	.byte 0x47, 0x00, 0x00, 0x00, 0x45, 0x8E, 0x89, 0x06, 0x2C, 0x00, 0x00, 0x00, 0xB5, 0x94, 0x89, 0x06
	.byte 0x13, 0x00, 0x00, 0x00, 0x9D, 0x9A, 0x89, 0x06, 0x55, 0x00, 0x00, 0x00, 0x6D, 0x92, 0x89, 0x06
	.byte 0x36, 0x00, 0x00, 0x00, 0x11, 0x92, 0x89, 0x06, 0x13, 0x00, 0x00, 0x00, 0xB1, 0x91, 0x89, 0x06
	.byte 0x55, 0x00, 0x00, 0x00, 0xB1, 0x95, 0x89, 0x06, 0x65, 0x00, 0x00, 0x00, 0x11, 0x8F, 0x89, 0x06
	.byte 0x67, 0x00, 0x00, 0x00, 0xB9, 0x8F, 0x89, 0x06, 0x5B, 0x00, 0x00, 0x00, 0x5D, 0x90, 0x89, 0x06
	.byte 0x5C, 0x00, 0x00, 0x00, 0xE9, 0x90, 0x89, 0x06, 0x64, 0x00, 0x00, 0x00, 0x3D, 0x98, 0x89, 0x06
	.byte 0x51, 0x00, 0x00, 0x00, 0x3D, 0x98, 0x89, 0x06, 0x6C, 0x00, 0x00, 0x00, 0xA5, 0x98, 0x89, 0x06
	.byte 0x00, 0x00, 0x00, 0x00, 0x1D, 0x8E, 0x89, 0x06, 0x01, 0x00, 0x00, 0x00, 0x01, 0x00, 0x00, 0x00
	.byte 0x39, 0x8E, 0x89, 0x06, 0x01, 0x00, 0x00, 0x00, 0x02, 0x00, 0x00, 0x00, 0x05, 0x8F, 0x89, 0x06
	.byte 0x01, 0x00, 0x00, 0x00, 0x03, 0x00, 0x00, 0x00, 0x51, 0x90, 0x89, 0x06, 0x01, 0x00, 0x00, 0x00
	.byte 0x04, 0x00, 0x00, 0x00, 0xA5, 0x91, 0x89, 0x06, 0x01, 0x00, 0x00, 0x00, 0x05, 0x00, 0x00, 0x00
	.byte 0x05, 0x92, 0x89, 0x06, 0x01, 0x00, 0x00, 0x00, 0x06, 0x00, 0x00, 0x00, 0xA5, 0x95, 0x89, 0x06
	.byte 0x03, 0x00, 0x00, 0x00, 0x07, 0x00, 0x00, 0x00, 0xC9, 0x96, 0x89, 0x06, 0x02, 0x00, 0x00, 0x00
	.byte 0x08, 0x00, 0x00, 0x00, 0x61, 0x92, 0x89, 0x06, 0x01, 0x00, 0x00, 0x00, 0x09, 0x00, 0x00, 0x00
	.byte 0xA5, 0x93, 0x89, 0x06, 0x01, 0x00, 0x00, 0x00, 0x0A, 0x00, 0x00, 0x00, 0xA9, 0x94, 0x89, 0x06
	.byte 0x01, 0x00, 0x00, 0x00, 0x0B, 0x00, 0x00, 0x00, 0x31, 0x98, 0x89, 0x06, 0x01, 0x00, 0x00, 0x00
	.byte 0x0C, 0x00, 0x00, 0x00, 0xF5, 0x98, 0x89, 0x06, 0x01, 0x00, 0x00, 0x00, 0x0D, 0x00, 0x00, 0x00
	.byte 0x91, 0x9A, 0x89, 0x06, 0x01, 0x00, 0x00, 0x00
_0689D828:
	.byte 0x01, 0x02, 0x03, 0x04
_0689D82C:
	.byte 0x02, 0x03, 0x04, 0x05
	.byte 0x06, 0x07, 0x00, 0x00
_0689D834:
	.byte 0x04, 0x00, 0x00, 0x00, 0x08, 0x00, 0x00, 0x00
_0689D83C:
	.byte 0x00, 0x00, 0x00, 0x00
	.byte 0x00, 0x00, 0x00, 0x00
_0689D844:
	.byte 0xC4, 0xDD, 0x89, 0x06, 0x90, 0xDC, 0x89, 0x06, 0xAC, 0xDC, 0x89, 0x06
_0689D850:
	.byte 0xC4, 0xDD, 0x89, 0x06, 0x90, 0xDC, 0x89, 0x06, 0x38, 0xDD, 0x89, 0x06
_0689D85C:
	.byte 0xA0, 0xDB, 0x89, 0x06
	.byte 0xD8, 0xD9, 0x89, 0x06, 0xC4, 0xD9, 0x89, 0x06
_0689D868:
	.byte 0xA0, 0xDB, 0x89, 0x06, 0xD8, 0xD9, 0x89, 0x06
	.byte 0xEC, 0xD9, 0x89, 0x06
_0689D874:
	.byte 0xC4, 0xDD, 0x89, 0x06, 0x90, 0xDC, 0x89, 0x06, 0xC8, 0xDC, 0x89, 0x06
_0689D880:
	.byte 0x54, 0xDD, 0x89, 0x06, 0x78, 0xDC, 0x89, 0x06, 0x10, 0xDB, 0x89, 0x06, 0xF8, 0xD8, 0x89, 0x06
	.byte 0x3C, 0xD8, 0x89, 0x06, 0x34, 0xD8, 0x89, 0x06
_0689D898:
	.byte 0xA0, 0xDB, 0x89, 0x06, 0xD8, 0xD9, 0x89, 0x06
	.byte 0x88, 0xD9, 0x89, 0x06
_0689D8A4:
	.byte 0xC4, 0xDD, 0x89, 0x06, 0x90, 0xDC, 0x89, 0x06, 0x00, 0xDD, 0x89, 0x06
_0689D8B0:
	.byte 0x04, 0x00, 0x00, 0x00, 0x08, 0x00, 0x00, 0x00, 0x10, 0x00, 0x00, 0x00
_0689D8BC:
	.byte 0xC4, 0xDD, 0x89, 0x06
	.byte 0x90, 0xDC, 0x89, 0x06, 0x70, 0xDD, 0x89, 0x06
_0689D8C8:
	.byte 0xA0, 0xDB, 0x89, 0x06, 0xD8, 0xD9, 0x89, 0x06
	.byte 0x00, 0xDA, 0x89, 0x06
_0689D8D4:
	.byte 0x28, 0xDA, 0x89, 0x06, 0x78, 0xD9, 0x89, 0x06, 0x68, 0xD9, 0x89, 0x06
_0689D8E0:
	.byte 0x00, 0x00, 0x00, 0x00, 0x00, 0x00, 0x00, 0x00, 0x00, 0x00, 0x00, 0x00
_0689D8EC:
	.byte 0xA0, 0xDB, 0x89, 0x06
	.byte 0xD8, 0xD9, 0x89, 0x06, 0x9C, 0xD9, 0x89, 0x06
_0689D8F8:
	.byte 0x20, 0x50, 0x00, 0xFF, 0x50, 0x80, 0x00, 0xFF
	.byte 0xFF, 0x00, 0x00, 0x00
_0689D904:
	.byte 0xA0, 0xDB, 0x89, 0x06, 0xD8, 0xD9, 0x89, 0x06, 0x14, 0xDA, 0x89, 0x06
_0689D910:
	.byte 0xC4, 0xDD, 0x89, 0x06, 0x90, 0xDC, 0x89, 0x06, 0x1C, 0xDD, 0x89, 0x06, 0x70, 0xDB, 0x89, 0x06
	.byte 0xB0, 0xD9, 0x89, 0x06, 0x3C, 0xDA, 0x89, 0x06
_0689D928:
	.byte 0xC4, 0xDD, 0x89, 0x06, 0x90, 0xDC, 0x89, 0x06
	.byte 0xE4, 0xDC, 0x89, 0x06, 0x58, 0xD9, 0x89, 0x06, 0xE0, 0xD8, 0x89, 0x06, 0xB0, 0xD8, 0x89, 0x06
_0689D940:
	.byte 0xC4, 0xDD, 0x89, 0x06, 0x90, 0xDC, 0x89, 0x06, 0xA8, 0xDD, 0x89, 0x06
_0689D94C:
	.byte 0xC4, 0xDD, 0x89, 0x06
	.byte 0x90, 0xDC, 0x89, 0x06, 0x8C, 0xDD, 0x89, 0x06
_0689D958:
	.byte 0x90, 0xC0, 0x00, 0x50, 0x90, 0xC0, 0xB0, 0xFF
	.byte 0x98, 0xC0, 0x58, 0xA8, 0xFF, 0x00, 0x00, 0x00
_0689D968:
	.byte 0x03, 0x00, 0x01, 0x00, 0x04, 0x00, 0x00, 0x00
	.byte 0x08, 0x00, 0x00, 0x00, 0x10, 0x00, 0x00, 0x00
_0689D978:
	.byte 0x00, 0x00, 0x00, 0x00, 0x00, 0x00, 0x00, 0x00
	.byte 0x00, 0x00, 0x00, 0x00, 0x02, 0x00, 0x00, 0x00
_0689D988:
	.byte 0x00, 0x02, 0x00, 0x00, 0x00, 0x01, 0x00, 0x00
	.byte 0x00, 0x04, 0x00, 0x00, 0x80, 0x00, 0x00, 0x00, 0x10, 0x00, 0x00, 0x00
_0689D99C:
	.byte 0x80, 0x03, 0x00, 0x00
	.byte 0x80, 0x03, 0x00, 0x00, 0x80, 0x03, 0x00, 0x00, 0x80, 0x03, 0x00, 0x00, 0x10, 0x00, 0x00, 0x00
_0689D9B0:
	.byte 0x00, 0x00, 0x00, 0x00, 0x00, 0x00, 0x00, 0x00, 0x00, 0x00, 0x00, 0x00, 0x00, 0x00, 0x00, 0x00
	.byte 0x01, 0x00, 0x00, 0x00
_0689D9C4:
	.byte 0x00, 0x06, 0x00, 0x00, 0x00, 0x06, 0x00, 0x00, 0x00, 0x06, 0x00, 0x00
	.byte 0x00, 0x06, 0x00, 0x00, 0x10, 0x00, 0x00, 0x00
_0689D9D8:
	.byte 0x00, 0x00, 0x00, 0x00, 0x00, 0x00, 0x00, 0x00
	.byte 0x00, 0x00, 0x00, 0x00, 0x00, 0x00, 0x00, 0x00, 0x01, 0x00, 0x00, 0x00
_0689D9EC:
	.byte 0x80, 0x05, 0x00, 0x00
	.byte 0x80, 0x05, 0x00, 0x00, 0x80, 0x05, 0x00, 0x00, 0x80, 0x05, 0x00, 0x00, 0x10, 0x00, 0x00, 0x00
_0689DA00:
	.byte 0x80, 0x01, 0x00, 0x00, 0x80, 0x01, 0x00, 0x00, 0x80, 0x01, 0x00, 0x00, 0x80, 0x01, 0x00, 0x00
	.byte 0x10, 0x00, 0x00, 0x00
_0689DA14:
	.byte 0x80, 0x07, 0x00, 0x00, 0x80, 0x07, 0x00, 0x00, 0x80, 0x07, 0x00, 0x00
	.byte 0x80, 0x07, 0x00, 0x00, 0x10, 0x00, 0x00, 0x00
_0689DA28:
	.byte 0x18, 0x90, 0x00, 0xFF, 0x90, 0xC0, 0x00, 0x50
	.byte 0x90, 0xC0, 0xB0, 0xFF, 0x98, 0xC0, 0x58, 0xA8, 0xFF, 0x00, 0x00, 0x00
_0689DA3C:
	.byte 0x00, 0x02, 0x00, 0x00
	.byte 0x00, 0x04, 0x00, 0x00, 0x00, 0x08, 0x00, 0x00, 0x00, 0x10, 0x00, 0x00, 0x10, 0x00, 0x00, 0x00
_0689DA50:
	.byte 0x03, 0x01, 0x00, 0x01, 0xFF, 0x00, 0x80, 0x01, 0x80, 0x80, 0x03, 0x04, 0x04, 0x04, 0x04, 0x04
	.byte 0xFF, 0xFF, 0x00, 0x80, 0x80, 0x80, 0x04, 0x04
_0689DA68:
	.byte 0x03, 0x01, 0x03, 0x01, 0xFF, 0xFF, 0x80, 0x01
	.byte 0x80, 0x80, 0x03, 0x04, 0x04, 0x04, 0x04, 0x04, 0xFF, 0xFF, 0x00, 0x80, 0x80, 0x80, 0x04, 0x04
_0689DA80:
	.byte 0x00, 0x00, 0x00, 0x00, 0xFF, 0xFF, 0x80, 0x01, 0x80, 0x80, 0x00, 0x04, 0x04, 0x04, 0x04, 0x04
	.byte 0xFF, 0xFF, 0x00, 0x80, 0x80, 0x80, 0x04, 0x04
_0689DA98:
	.byte 0x02, 0x02, 0x02, 0x02, 0xFF, 0xFF, 0x80, 0x01
	.byte 0x80, 0x80, 0x02, 0x06, 0x06, 0x06, 0x06, 0x06, 0xFF, 0xFF, 0x00, 0x80, 0x80, 0x80, 0x06, 0x06
_0689DAB0:
	.byte 0x00, 0x02, 0x00, 0x02, 0xFF, 0xFF, 0x80, 0x01, 0x80, 0x80, 0x00, 0x04, 0x04, 0x04, 0x04, 0x04
	.byte 0xFF, 0xFF, 0x00, 0x80, 0x80, 0x80, 0x04, 0x04
_0689DAC8:
	.byte 0x05, 0x01, 0x00, 0x04, 0x04, 0x00, 0x80, 0x01
	.byte 0x80, 0x80, 0x05, 0x06, 0x06, 0x06, 0x06, 0x06, 0xFF, 0xFF, 0x00, 0x80, 0x80, 0x80, 0x06, 0x06
_0689DAE0:
	.byte 0x05, 0x01, 0x05, 0x01, 0xFF, 0xFF, 0x80, 0x01, 0x80, 0x80, 0x05, 0x06, 0x06, 0x06, 0x06, 0x06
	.byte 0xFF, 0xFF, 0x00, 0x80, 0x80, 0x80, 0x06, 0x06
_0689DAF8:
	.byte 0x03, 0x01, 0x02, 0x02, 0xFF, 0x01, 0x80, 0x01
	.byte 0x80, 0x80, 0x03, 0x06, 0x06, 0x06, 0x06, 0x06, 0xFF, 0xFF, 0x00, 0x80, 0x80, 0x80, 0x06, 0x06
_0689DB10:
	.byte 0x00, 0x02, 0x00, 0x00, 0x00, 0x04, 0x00, 0x00, 0x00, 0x08, 0x00, 0x00, 0x00, 0x10, 0x00, 0x00
	.byte 0x10, 0x00, 0x00, 0x00, 0x04, 0x00, 0x00, 0x00
_0689DB28:
	.byte 0x05, 0x01, 0x00, 0x04, 0xFF, 0xFF, 0x80, 0x01
	.byte 0x80, 0x80, 0x05, 0x06, 0x06, 0x06, 0x06, 0x06, 0xFF, 0xFF, 0x00, 0x80, 0x80, 0x80, 0x06, 0x06
_0689DB40:
	.byte 0x00, 0x04, 0x00, 0x04, 0xFF, 0xFF, 0x80, 0x01, 0x80, 0x80, 0x00, 0x06, 0x06, 0x06, 0x06, 0x06
	.byte 0xFF, 0xFF, 0x00, 0x80, 0x80, 0x80, 0x06, 0x06
_0689DB58:
	.byte 0x03, 0x01, 0x03, 0x01, 0xFF, 0xFF, 0x80, 0x01
	.byte 0x80, 0x80, 0x03, 0x06, 0x06, 0x06, 0x06, 0x06, 0xFF, 0xFF, 0x00, 0x80, 0x80, 0x80, 0x06, 0x06
_0689DB70:
	.byte 0x20, 0x50, 0x00, 0x80, 0x20, 0x50, 0x80, 0xFF, 0x50, 0x80, 0x00, 0x80, 0x50, 0x80, 0x80, 0xFF
	.byte 0x90, 0xC0, 0xB0, 0xFF, 0xFF, 0x00, 0x00, 0x00
_0689DB88:
	.byte 0x00, 0x00, 0x00, 0x00, 0xFF, 0xFF, 0x80, 0x01
	.byte 0x80, 0x80, 0x00, 0x06, 0x06, 0x06, 0x06, 0x06, 0xFF, 0xFF, 0x00, 0x80, 0x80, 0x80, 0x06, 0x06
_0689DBA0:
	.byte 0x58, 0x80, 0x00, 0x80, 0x20, 0x58, 0x80, 0xFF, 0x58, 0x80, 0x80, 0xFF, 0x20, 0x58, 0x00, 0x80
	.byte 0x90, 0xC0, 0xB0, 0xFF, 0xFF, 0x00, 0x00, 0x00
_0689DBB8:
	.byte 0x03, 0x01, 0x00, 0x02, 0xFF, 0xFF, 0x80, 0x01
	.byte 0x80, 0x80, 0x03, 0x04, 0x04, 0x04, 0x04, 0x04, 0xFF, 0xFF, 0x00, 0x80, 0x80, 0x80, 0x04, 0x04
_0689DBD0:
	.byte 0x05, 0x03, 0x05, 0x02, 0x02, 0xFF, 0x80, 0x01, 0x80, 0x80, 0x05, 0x06, 0x06, 0x06, 0x06, 0x06
	.byte 0xFF, 0xFF, 0x00, 0x80, 0x80, 0x80, 0x06, 0x06
_0689DBE8:
	.byte 0x02, 0x02, 0x02, 0x02, 0xFF, 0xFF, 0x80, 0x01
	.byte 0x80, 0x80, 0x02, 0x04, 0x04, 0x04, 0x04, 0x04, 0xFF, 0xFF, 0x00, 0x80, 0x80, 0x80, 0x04, 0x04
_0689DC00:
	.byte 0x02, 0x02, 0x02, 0x02, 0xFF, 0xFF, 0x80, 0x01, 0x80, 0x80, 0x02, 0x06, 0x06, 0x06, 0x06, 0x06
	.byte 0xFF, 0xFF, 0x00, 0x80, 0x80, 0x80, 0x06, 0x06
_0689DC18:
	.byte 0x04, 0x04, 0x04, 0x04, 0xFF, 0xFF, 0x80, 0x01
	.byte 0x80, 0x80, 0x04, 0x06, 0x06, 0x06, 0x06, 0x06, 0xFF, 0xFF, 0x00, 0x80, 0x80, 0x80, 0x06, 0x06
_0689DC30:
	.byte 0x03, 0x01, 0x03, 0x02, 0x02, 0xFF, 0x80, 0x01, 0x80, 0x80, 0x03, 0x04, 0x04, 0x04, 0x04, 0x04
	.byte 0xFF, 0xFF, 0x00, 0x80, 0x80, 0x80, 0x04, 0x04, 0x00, 0x00, 0x00, 0x00, 0xFF, 0xFF, 0x80, 0x01
	.byte 0x80, 0x80, 0x00, 0x01, 0x01, 0x01, 0x01, 0x01, 0xFF, 0xFF, 0x00, 0x80, 0x80, 0x80, 0x01, 0x01
_0689DC60:
	.byte 0x05, 0x03, 0x05, 0x03, 0xFF, 0xFF, 0x80, 0x01, 0x80, 0x80, 0x05, 0x06, 0x06, 0x06, 0x06, 0x06
	.byte 0xFF, 0xFF, 0x00, 0x80, 0x80, 0x80, 0x06, 0x06
_0689DC78:
	.byte 0x00, 0x00, 0x00, 0x00, 0x00, 0x00, 0x00, 0x00
	.byte 0x00, 0x00, 0x00, 0x00, 0x00, 0x00, 0x00, 0x00, 0x01, 0x00, 0x00, 0x00, 0x00, 0x00, 0x00, 0x00
_0689DC90:
	.byte 0x00, 0x00, 0x00, 0x00, 0x00, 0x00, 0x00, 0x00, 0x00, 0x00, 0x00, 0x00, 0x00, 0x00, 0x00, 0x00
	.byte 0x00, 0x00, 0x00, 0x00, 0x00, 0x00, 0x00, 0x00, 0x03, 0x00, 0x00, 0x00
_0689DCAC:
	.byte 0x00, 0x04, 0x00, 0x00
	.byte 0x00, 0x02, 0x00, 0x00, 0x00, 0x08, 0x00, 0x00, 0x00, 0x01, 0x00, 0x00, 0x00, 0x10, 0x00, 0x00
	.byte 0x80, 0x00, 0x00, 0x00, 0x10, 0x00, 0x00, 0x00
_0689DCC8:
	.byte 0x80, 0x09, 0x00, 0x00, 0x80, 0x09, 0x00, 0x00
	.byte 0x80, 0x09, 0x00, 0x00, 0x80, 0x09, 0x00, 0x00, 0x80, 0x09, 0x00, 0x00, 0x80, 0x09, 0x00, 0x00
	.byte 0x10, 0x00, 0x00, 0x00
_0689DCE4:
	.byte 0x80, 0x17, 0x00, 0x00, 0x80, 0x17, 0x00, 0x00, 0x80, 0x17, 0x00, 0x00
	.byte 0x80, 0x17, 0x00, 0x00, 0x80, 0x17, 0x00, 0x00, 0x80, 0x17, 0x00, 0x00, 0x10, 0x00, 0x00, 0x00
_0689DD00:
	.byte 0x00, 0x0B, 0x00, 0x00, 0x00, 0x0B, 0x00, 0x00, 0x00, 0x0B, 0x00, 0x00, 0x00, 0x0B, 0x00, 0x00
	.byte 0x00, 0x0B, 0x00, 0x00, 0x00, 0x0B, 0x00, 0x00, 0x10, 0x00, 0x00, 0x00
_0689DD1C:
	.byte 0x80, 0x01, 0x00, 0x00
	.byte 0x80, 0x01, 0x00, 0x00, 0x80, 0x01, 0x00, 0x00, 0x80, 0x01, 0x00, 0x00, 0x80, 0x01, 0x00, 0x00
	.byte 0x80, 0x01, 0x00, 0x00, 0x10, 0x00, 0x00, 0x00
_0689DD38:
	.byte 0x80, 0x03, 0x00, 0x00, 0x80, 0x03, 0x00, 0x00
	.byte 0x80, 0x03, 0x00, 0x00, 0x80, 0x03, 0x00, 0x00, 0x80, 0x03, 0x00, 0x00, 0x80, 0x03, 0x00, 0x00
	.byte 0x10, 0x00, 0x00, 0x00
_0689DD54:
	.byte 0x20, 0x50, 0x00, 0x80, 0x20, 0x50, 0x80, 0xFF, 0x50, 0x80, 0x00, 0x80
	.byte 0x50, 0x80, 0x80, 0xFF, 0x90, 0xC0, 0xB0, 0xFF, 0x90, 0xC0, 0x00, 0x50, 0xFF, 0x00, 0x00, 0x00
_0689DD70:
	.byte 0x00, 0x03, 0x00, 0x00, 0x00, 0x03, 0x00, 0x00, 0x00, 0x03, 0x00, 0x00, 0x00, 0x03, 0x00, 0x00
	.byte 0x00, 0x03, 0x00, 0x00, 0x00, 0x03, 0x00, 0x00, 0x10, 0x00, 0x00, 0x00
_0689DD8C:
	.byte 0x00, 0x1C, 0x00, 0x00
	.byte 0x00, 0x1C, 0x00, 0x00, 0x00, 0x1C, 0x00, 0x00, 0x00, 0x1C, 0x00, 0x00, 0x00, 0x1C, 0x00, 0x00
	.byte 0x00, 0x1C, 0x00, 0x00, 0x10, 0x00, 0x00, 0x00
_0689DDA8:
	.byte 0x80, 0x1F, 0x00, 0x00, 0x80, 0x1F, 0x00, 0x00
	.byte 0x80, 0x1F, 0x00, 0x00, 0x80, 0x1F, 0x00, 0x00, 0x80, 0x1F, 0x00, 0x00, 0x80, 0x1F, 0x00, 0x00
	.byte 0x10, 0x00, 0x00, 0x00
_0689DDC4:
	.byte 0x58, 0x80, 0x08, 0x58, 0x20, 0x58, 0xA8, 0xF8, 0x58, 0x80, 0x58, 0xA8
	.byte 0x20, 0x58, 0x58, 0xA8, 0x58, 0x80, 0xA8, 0xF8, 0x20, 0x58, 0x08, 0x58, 0x90, 0xC0, 0xB0, 0xFF
	.byte 0xFF, 0x00, 0x00, 0x00
_0689DDE4:
	.byte 0x03, 0x03, 0x03, 0x03, 0xFF, 0xFF, 0x80, 0x02, 0x80, 0x01, 0x03, 0x04
	.byte 0x01, 0x01, 0x01, 0x01, 0xFF, 0xFF, 0x80, 0x02, 0x00, 0x80, 0x01, 0x04, 0x04, 0x04, 0x04, 0x04
	.byte 0xFF, 0xFF, 0xFF, 0x80, 0x80, 0x80, 0x04, 0x04
_0689DE08:
	.byte 0x02, 0x02, 0x02, 0x02, 0xFF, 0xFF, 0x80, 0x02
	.byte 0x80, 0x01, 0x02, 0x06, 0x04, 0x04, 0x04, 0x04, 0xFF, 0xFF, 0x80, 0x02, 0x00, 0x80, 0x04, 0x06
	.byte 0x06, 0x06, 0x06, 0x06, 0xFF, 0xFF, 0xFF, 0x80, 0x80, 0x80, 0x06, 0x06
_0689DE2C:
	.byte 0x00, 0x00, 0x00, 0x00
	.byte 0xFF, 0xFF, 0x80, 0x02, 0x80, 0x01, 0x00, 0x04, 0x02, 0x02, 0x02, 0x02, 0xFF, 0xFF, 0x80, 0x02
	.byte 0x00, 0x80, 0x02, 0x04, 0x04, 0x04, 0x04, 0x04, 0xFF, 0xFF, 0xFF, 0x80, 0x80, 0x80, 0x04, 0x04
_0689DE50:
	.byte 0x00, 0x00, 0x00, 0x00, 0xFF, 0xFF, 0x80, 0x02, 0x80, 0x01, 0x00, 0x06, 0x04, 0x04, 0x04, 0x04
	.byte 0xFF, 0xFF, 0x80, 0x02, 0x00, 0x80, 0x04, 0x06, 0x06, 0x06, 0x06, 0x06, 0xFF, 0xFF, 0xFF, 0x80
	.byte 0x80, 0x80, 0x06, 0x06
_0689DE74:
	.byte 0x05, 0x05, 0x05, 0x05, 0xFF, 0xFF, 0x80, 0x02, 0x80, 0x01, 0x05, 0x06
	.byte 0x03, 0x03, 0x03, 0x03, 0xFF, 0xFF, 0x80, 0x02, 0x00, 0x80, 0x03, 0x06, 0x06, 0x06, 0x06, 0x06
	.byte 0xFF, 0xFF, 0xFF, 0x80, 0x80, 0x80, 0x06, 0x06
_0689DE98:
	.byte 0x03, 0x03, 0x03, 0x03, 0xFF, 0xFF, 0x80, 0x02
	.byte 0x80, 0x01, 0x03, 0x06, 0x01, 0x01, 0x01, 0x01, 0xFF, 0xFF, 0x80, 0x02, 0x00, 0x80, 0x01, 0x06
	.byte 0x06, 0x06, 0x06, 0x06, 0xFF, 0xFF, 0xFF, 0x80, 0x80, 0x80, 0x06, 0x06, 0x00, 0x00, 0x00, 0x00
	.byte 0xFF, 0xFF, 0x80, 0x80, 0x80, 0x02, 0x00, 0x80, 0x01, 0x01, 0x01, 0x01, 0xFF, 0xFF, 0x80, 0x80
	.byte 0x02, 0x80, 0x01, 0x80, 0x02, 0x02, 0x02, 0x02, 0xFF, 0xFF, 0x80, 0x80, 0x00, 0x01, 0x02, 0x80
_0689DEE0:
	.byte 0x00, 0x00, 0x00, 0x00, 0xFF, 0xFF, 0x80, 0x02, 0x80, 0x01, 0x00, 0x06, 0x02, 0x02, 0x02, 0x02
	.byte 0xFF, 0xFF, 0x80, 0x02, 0x00, 0x80, 0x02, 0x06, 0x06, 0x06, 0x06, 0x06, 0xFF, 0xFF, 0xFF, 0x80
	.byte 0x80, 0x80, 0x06, 0x06
_0689DF04:
	.byte 0x03, 0x03, 0x03, 0x03, 0xFF, 0xFF, 0x80, 0x02, 0x80, 0x01, 0x03, 0x06
	.byte 0x01, 0x01, 0x01, 0x01, 0xFF, 0xFF, 0x80, 0x03, 0x00, 0x80, 0x01, 0x06, 0x02, 0x02, 0x02, 0x02
	.byte 0xFF, 0xFF, 0x00, 0x03, 0x80, 0x80, 0x02, 0x06, 0x06, 0x06, 0x06, 0x06, 0xFF, 0xFF, 0xFF, 0x80
	.byte 0x80, 0x80, 0x06, 0x06
_0689DF34:
	.byte 0x05, 0x05, 0x05, 0x05, 0xFF, 0xFF, 0x80, 0x03, 0x80, 0x01, 0x05, 0x06
	.byte 0x03, 0x03, 0x03, 0x03, 0xFF, 0xFF, 0x80, 0x03, 0x00, 0x02, 0x03, 0x06, 0x01, 0x01, 0x01, 0x01
	.byte 0xFF, 0xFF, 0x80, 0x03, 0x01, 0x80, 0x01, 0x06, 0x06, 0x06, 0x06, 0x06, 0xFF, 0xFF, 0xFF, 0x80
	.byte 0x80, 0x80, 0x06, 0x06
_0689DF64:
	.byte 0x00, 0x00, 0x00, 0x00, 0xFF, 0xFF, 0x80, 0xFF, 0x01, 0x02, 0x00, 0xFD
	.byte 0x01, 0x01, 0x01, 0x01, 0xFF, 0xFF, 0x00, 0x80, 0x80, 0x03, 0x01, 0xFD, 0x02, 0x02, 0x02, 0x02
	.byte 0xFF, 0xFF, 0x00, 0x80, 0x03, 0x80, 0x02, 0xFD, 0x03, 0x03, 0x03, 0x03, 0xFF, 0xFF, 0x80, 0x80
	.byte 0x01, 0x02, 0x03, 0xFD
_0689DF94:
	.byte 0x00, 0x00, 0x00, 0x00, 0xFF, 0xFF, 0x80, 0x03, 0x80, 0x01, 0x00, 0x06
	.byte 0x02, 0x02, 0x02, 0x02, 0xFF, 0xFF, 0x80, 0x03, 0x00, 0x02, 0x02, 0x06, 0x04, 0x04, 0x04, 0x04
	.byte 0xFF, 0xFF, 0x80, 0x03, 0x01, 0x80, 0x04, 0x06, 0x06, 0x06, 0x06, 0x06, 0xFF, 0xFF, 0xFF, 0x80
	.byte 0x80, 0x80, 0x06, 0x06
_0689DFC4:
	.byte 0x03, 0x03, 0x03, 0x03, 0xFF, 0xFF, 0x80, 0x03, 0x80, 0x01, 0x03, 0x04
	.byte 0x01, 0x01, 0x01, 0x01, 0xFF, 0xFF, 0x80, 0x02, 0x00, 0x80, 0x01, 0x04, 0x02, 0x02, 0x02, 0x02
	.byte 0xFF, 0xFF, 0x01, 0x03, 0x80, 0x80, 0x02, 0x04, 0x04, 0x04, 0x04, 0x04, 0xFF, 0xFF, 0xFE, 0x80
	.byte 0x80, 0x80, 0x04, 0x04
_0689DFF4:
	.byte 0x03, 0x03, 0x03, 0x03, 0xFF, 0xFF, 0x80, 0x02, 0x80, 0x01, 0x03, 0x04
	.byte 0x01, 0x01, 0x01, 0x01, 0xFF, 0xFF, 0x80, 0x03, 0x00, 0x80, 0x01, 0x04, 0x00, 0x00, 0x00, 0x00
	.byte 0xFF, 0xFF, 0x00, 0x03, 0x80, 0x80, 0x00, 0x04, 0x04, 0x04, 0x04, 0x04, 0xFF, 0xFF, 0xFE, 0x80
	.byte 0x80, 0x80, 0x04, 0x04
_0689E024:
	.byte 0x05, 0x05, 0x05, 0x05, 0xFF, 0xFF, 0x80, 0x03, 0x80, 0x01, 0x05, 0x06
	.byte 0x03, 0x03, 0x03, 0x03, 0xFF, 0xFF, 0x80, 0x02, 0x00, 0x80, 0x03, 0x06, 0x02, 0x02, 0x02, 0x02
	.byte 0xFF, 0xFF, 0x01, 0x03, 0x80, 0x80, 0x02, 0x06, 0x06, 0x06, 0x06, 0x06, 0xFF, 0xFF, 0xFE, 0x80
	.byte 0x80, 0x80, 0x06, 0x06
_0689E054:
	.byte 0x00, 0x00, 0x00, 0x00, 0xFF, 0xFF, 0x80, 0x02, 0x80, 0x01, 0x00, 0x04
	.byte 0x01, 0x01, 0x01, 0x01, 0xFF, 0xFF, 0x80, 0x03, 0x00, 0x80, 0x01, 0x04, 0x02, 0x02, 0x02, 0x02
	.byte 0xFF, 0xFF, 0x00, 0x04, 0x80, 0x03, 0x02, 0x04, 0x03, 0x03, 0x03, 0x03, 0xFF, 0xFF, 0x01, 0x04
	.byte 0x02, 0x80, 0x03, 0x04, 0x04, 0x04, 0x04, 0x04, 0xFF, 0xFF, 0xFE, 0x80, 0x80, 0x80, 0x04, 0x04
	.byte 0x04, 0x03, 0x02, 0x03, 0x02, 0x02, 0x02, 0x02, 0x02, 0x02, 0x02, 0x02, 0x02, 0x02, 0x04, 0x04
	.byte 0x03, 0x02, 0x03, 0x02, 0x02, 0x02, 0x02, 0x02, 0x02, 0x02, 0x02, 0x02, 0x02, 0x04, 0x00, 0x00
	.byte 0x04, 0x03, 0x02, 0x03, 0x02, 0x02, 0x02, 0x02, 0x02, 0x02, 0x02, 0x02, 0x02, 0x02, 0x06, 0x06
	.byte 0x04, 0x03, 0x04, 0x02, 0x02, 0x02, 0x02, 0x02, 0x02, 0x02, 0x02, 0x02, 0x02, 0x06, 0x04, 0x03
	.byte 0x02, 0x03, 0x02, 0x02, 0x02, 0x02, 0x02, 0x02, 0x02, 0x02, 0x02, 0x02, 0x06, 0x00, 0x00, 0x00
_0689E0E0:
	.byte 0x05, 0x05, 0x05, 0x05, 0xFF, 0xFF, 0x80, 0x03, 0x80, 0x01, 0x05, 0x06, 0x03, 0x03, 0x03, 0x03
	.byte 0xFF, 0xFF, 0x80, 0x05, 0x00, 0x02, 0x03, 0x06, 0x01, 0x01, 0x01, 0x01, 0xFF, 0xFF, 0x80, 0x04
	.byte 0x01, 0x80, 0x01, 0x06, 0x00, 0x00, 0x00, 0x00, 0xFF, 0xFF, 0x00, 0x05, 0x80, 0x04, 0x00, 0x06
	.byte 0x04, 0x04, 0x04, 0x04, 0xFF, 0xFF, 0x02, 0x05, 0x03, 0x80, 0x04, 0x06, 0x06, 0x06, 0x06, 0x06
	.byte 0xFF, 0xFF, 0xFF, 0x80, 0x80, 0x80, 0x06, 0x06
_0689E128:
	.byte 0x00, 0x00, 0x00, 0x00, 0xFF, 0xFF, 0x80, 0x02
	.byte 0x80, 0x01, 0x00, 0x04, 0x01, 0x01, 0x01, 0x01, 0xFF, 0xFF, 0x80, 0x03, 0x00, 0x80, 0x01, 0x04
	.byte 0x02, 0x02, 0x02, 0x02, 0xFF, 0xFF, 0x00, 0x05, 0x80, 0x03, 0x02, 0x04, 0x03, 0x03, 0x03, 0x03
	.byte 0xFF, 0xFF, 0x01, 0x04, 0x02, 0x80, 0x03, 0x04, 0x04, 0x04, 0x04, 0x04, 0xFF, 0xFF, 0x03, 0x80
	.byte 0x05, 0x80, 0x04, 0x04, 0x05, 0x05, 0x05, 0x05, 0xFF, 0xFF, 0x02, 0x80, 0x80, 0x04, 0x05, 0x04
_0689E170:
	.byte 0x05, 0x05, 0x05, 0x05, 0xFF, 0xFF, 0x80, 0x05, 0x80, 0x01, 0x05, 0x06, 0x03, 0x03, 0x03, 0x03
	.byte 0xFF, 0xFF, 0x80, 0x03, 0x00, 0x02, 0x03, 0x06, 0x01, 0x01, 0x01, 0x01, 0xFF, 0xFF, 0x80, 0x04
	.byte 0x01, 0x80, 0x01, 0x06, 0x02, 0x02, 0x02, 0x02, 0xFF, 0xFF, 0x01, 0x05, 0x80, 0x04, 0x02, 0x06
	.byte 0x04, 0x04, 0x04, 0x04, 0xFF, 0xFF, 0x02, 0x05, 0x03, 0x80, 0x04, 0x06, 0x06, 0x06, 0x06, 0x06
	.byte 0xFF, 0xFF, 0xFF, 0x80, 0x80, 0x80, 0x06, 0x06
_0689E1B8:
	.byte 0x05, 0x05, 0x05, 0x05, 0xFF, 0xFF, 0x80, 0x03
	.byte 0x80, 0x01, 0x05, 0x06, 0x03, 0x03, 0x03, 0x03, 0xFF, 0xFF, 0x80, 0x04, 0x00, 0x02, 0x03, 0x06
	.byte 0x01, 0x01, 0x01, 0x01, 0xFF, 0xFF, 0x80, 0x05, 0x01, 0x80, 0x01, 0x06, 0x00, 0x00, 0x00, 0x00
	.byte 0xFF, 0xFF, 0x00, 0x05, 0x80, 0x04, 0x00, 0x06, 0x02, 0x02, 0x02, 0x02, 0xFF, 0xFF, 0x02, 0x05
	.byte 0x03, 0x80, 0x02, 0x06, 0x06, 0x06, 0x06, 0x06, 0xFF, 0xFF, 0xFF, 0x80, 0x80, 0x80, 0x06, 0x06
	.byte 0x06, 0x00, 0x0F, 0x00, 0x10, 0x00, 0x12, 0x00, 0x13, 0x00, 0x14, 0x00, 0x15, 0x00, 0x16, 0x00
	.byte 0x1D, 0x00, 0x1E, 0x00, 0x16, 0x00, 0x0A, 0x00, 0x20, 0x00, 0x23, 0x00
_0689E21C:
	.byte 0x05, 0x00, 0x00, 0x00
_0689E220:
	.byte 0xF6, 0x00
_0689E222:
	.byte 0x95, 0x03, 0x04, 0x00, 0x00, 0x00, 0x08, 0x01, 0xA1, 0x03, 0x02, 0x00, 0x00, 0x00
	.byte 0x38, 0x01, 0x9B, 0x03, 0x03, 0x00, 0x00, 0x00, 0x26, 0x01, 0x9E, 0x03, 0x01, 0x00, 0x00, 0x00
	.byte 0x17, 0x01, 0x98, 0x03, 0x17, 0x00, 0x00, 0x00, 0x32, 0x02, 0xFF, 0xFF, 0x0D, 0x00, 0x00, 0x00
	.byte 0x56, 0x02, 0xFF, 0xFF, 0x13, 0x00, 0x00, 0x00, 0xDA, 0x02, 0xFF, 0xFF, 0x08, 0x00, 0x00, 0x00
	.byte 0x77, 0x01, 0x77, 0x01, 0x12, 0x00, 0x00, 0x00, 0x77, 0x01, 0x77, 0x01, 0x20, 0x00, 0x00, 0x00
	.byte 0x77, 0x04, 0xFF, 0xFF, 0x0B, 0x00, 0x00, 0x00, 0x3E, 0x02, 0xFF, 0xFF, 0x1E, 0x00, 0x00, 0x00
	.byte 0x95, 0x02, 0xFF, 0xFF, 0x0F, 0x00, 0x00, 0x00, 0x74, 0x03, 0xFF, 0xFF, 0x0C, 0x00, 0x00, 0x00
	.byte 0x47, 0x02, 0xFF, 0xFF, 0x06, 0x00, 0x00, 0x00, 0x5F, 0x01, 0xA4, 0x03, 0x07, 0x00, 0x00, 0x00
	.byte 0x53, 0x01, 0xA7, 0x03, 0x19, 0x00, 0x79, 0x00, 0x95, 0x00, 0x40, 0x00, 0x3F, 0x00, 0x41, 0x02
	.byte 0x07, 0x02, 0x08, 0x02, 0x06, 0x02, 0x00, 0x00, 0xF8, 0x00, 0x61, 0x01, 0x74, 0x00, 0x75, 0x00
	.byte 0x76, 0x00, 0x77, 0x00, 0x21, 0x01, 0x1E, 0x01, 0xBF, 0x00, 0x86, 0x01, 0xBE, 0x01, 0x00, 0x00
	.byte 0xA6, 0x00, 0x66, 0x00, 0x90, 0x00, 0xA5, 0x00, 0xC0, 0x01, 0x00, 0x00, 0xE3, 0x00, 0x77, 0x00
	.byte 0x90, 0x00, 0x66, 0x00, 0xA6, 0x00, 0x24, 0x00, 0x3B, 0x00, 0x79, 0x00, 0x7A, 0x00, 0xA1, 0x00
	.byte 0x95, 0x00, 0x96, 0x00, 0x19, 0x00, 0xE6, 0x00, 0x0F, 0x01, 0x23, 0x02, 0xD3, 0x00, 0xD4, 0x00
	.byte 0xD2, 0x00, 0xD9, 0x00, 0x21, 0x02, 0x22, 0x02, 0x00, 0x00, 0x01, 0x00, 0x02, 0x00, 0x03, 0x00
	.byte 0x04, 0x00, 0x05, 0x00, 0x06, 0x00, 0x07, 0x00, 0x08, 0x00, 0x0A, 0x00, 0x00, 0x00, 0xF3, 0x00
	.byte 0x44, 0x00, 0x70, 0x01, 0x08, 0x01, 0x7E, 0x01, 0xA8, 0x00, 0x57, 0x01, 0xC0, 0x01, 0xA5, 0x00
	.byte 0x76, 0x00, 0xD6, 0x00, 0x12, 0x01, 0x7F, 0x01, 0x7E, 0x01, 0x77, 0x00, 0x0B, 0x01, 0xC0, 0x01
	.byte 0xA5, 0x00, 0xA6, 0x00, 0x66, 0x00, 0xFD, 0x00, 0x82, 0x00, 0x8F, 0x00, 0x4C, 0x00, 0x75, 0x00
	.byte 0x0D, 0x00, 0x13, 0x00, 0x54, 0x01, 0xD3, 0x01, 0x08, 0x01, 0xFB, 0x01, 0x56, 0x02, 0x5A, 0x02
	.byte 0x57, 0x02, 0x58, 0x02, 0x59, 0x02, 0x5B, 0x02, 0x5C, 0x02, 0x73, 0x02, 0x74, 0x02, 0x82, 0x02
	.byte 0x5E, 0x02, 0x63, 0x02, 0x07, 0x00, 0x00, 0x00, 0x0C, 0x00, 0x00, 0x00, 0x0D, 0x00, 0x00, 0x00
	.byte 0x0F, 0x00, 0x00, 0x00, 0x17, 0x00, 0x00, 0x00, 0x0B, 0x00, 0x00, 0x00, 0x2A, 0x01, 0x2B, 0x01
	.byte 0x2C, 0x01, 0x2D, 0x01, 0x2E, 0x01, 0x2F, 0x01, 0x30, 0x01, 0x31, 0x01, 0x32, 0x01, 0x33, 0x01
	.byte 0x34, 0x01, 0x35, 0x01, 0x36, 0x01, 0x37, 0x01, 0x38, 0x01, 0x39, 0x01, 0x44, 0x00, 0xF3, 0x00
	.byte 0xB6, 0x00, 0xC5, 0x00, 0xCB, 0x00, 0xC2, 0x00, 0x0A, 0x01, 0xDC, 0x01, 0x21, 0x01, 0x0E, 0x01
	.byte 0xA8, 0x00, 0x57, 0x01, 0x0F, 0x01, 0x9F, 0x01, 0x6C, 0x01, 0x08, 0x01, 0x90, 0x00, 0x04, 0x02
	.byte 0x0D, 0x02, 0xFD, 0x01, 0x44, 0x00, 0xF3, 0x00, 0xB6, 0x00, 0xC5, 0x00, 0xCB, 0x00, 0xC2, 0x00
	.byte 0x0A, 0x01, 0xDC, 0x01, 0x21, 0x01, 0x0E, 0x01, 0xA8, 0x00, 0x57, 0x01, 0x0F, 0x01, 0x9F, 0x01
	.byte 0x6C, 0x01, 0x08, 0x01, 0x90, 0x00, 0x04, 0x02, 0x0D, 0x02, 0xFD, 0x01, 0x76, 0x00, 0xD6, 0x00
	.byte 0xA5, 0x00, 0x12, 0x01, 0x7F, 0x01, 0x7E, 0x01, 0x77, 0x00, 0x0B, 0x01, 0xC0, 0x01, 0xA6, 0x00
	.byte 0x66, 0x00, 0x44, 0x00, 0xF3, 0x00, 0xB6, 0x00, 0xC5, 0x00, 0xCB, 0x00, 0xC2, 0x00, 0x90, 0x00
	.byte 0x0A, 0x01, 0xDC, 0x01, 0x08, 0x01, 0x21, 0x01, 0x0E, 0x01, 0xA8, 0x00, 0x57, 0x01, 0x0F, 0x01
	.byte 0x9F, 0x01, 0x6C, 0x01, 0xFF, 0x01, 0x04, 0x02, 0x22, 0x02, 0x23, 0x02, 0x24, 0x02, 0x29, 0x02
	.byte 0x2A, 0x02, 0x2B, 0x02, 0x2D, 0x02, 0xAD, 0x00, 0xF5, 0x01, 0xD5, 0x01, 0xEF, 0x01, 0x00, 0x00
	.byte 0x19, 0x00, 0x2B, 0x00, 0x1A, 0x00, 0x08, 0x00, 0x51, 0x00, 0x0B, 0x00, 0x04, 0x00, 0x1F, 0x00
	.byte 0x72, 0x00, 0x4B, 0x00, 0x6D, 0x00, 0x1F, 0x00, 0x72, 0x00, 0x15, 0x00, 0x56, 0x00, 0x4D, 0x00
	.byte 0x74, 0x00, 0x6F, 0x00, 0x12, 0x00, 0x4E, 0x00, 0x3C, 0x00, 0x3F, 0x00, 0x2F, 0x00, 0x55, 0x00
	.byte 0x49, 0x00, 0x1D, 0x00, 0x33, 0x00, 0x34, 0x00, 0x27, 0x00, 0x13, 0x00, 0x05, 0x00, 0x06, 0x00
	.byte 0x0C, 0x00, 0x07, 0x00, 0x14, 0x00, 0x29, 0x00, 0x66, 0x00, 0x0F, 0x00, 0x91, 0x00, 0x48, 0x00
	.byte 0x11, 0x00, 0x28, 0x00, 0x7E, 0x00, 0x84, 0x00, 0x88, 0x00, 0x8C, 0x00, 0x91, 0x00, 0x93, 0x00
	.byte 0x9C, 0x00, 0x9D, 0x00, 0x0A, 0x00, 0x57, 0x00, 0x7A, 0x00, 0x86, 0x00, 0x87, 0x00, 0x00, 0x00
	.byte 0x23, 0x00, 0x00, 0x00, 0x15, 0x00, 0x00, 0x00, 0x12, 0x00, 0x00, 0x00, 0x05, 0x00, 0x00, 0x00
	.byte 0x04, 0x00, 0x00, 0x00, 0x09, 0x00, 0x00, 0x00, 0x0A, 0x00, 0x00, 0x00, 0x08, 0x00, 0x00, 0x00
	.byte 0x0B, 0x00, 0x00, 0x00, 0x0C, 0x00, 0x00, 0x00, 0x17, 0x00, 0x00, 0x00, 0x0D, 0x00, 0x00, 0x00
	.byte 0x1E, 0x00, 0x00, 0x00, 0x20, 0x00, 0x00, 0x00, 0x0F, 0x00, 0x00, 0x00, 0x13, 0x00, 0x00, 0x00
	.byte 0x1C, 0x00, 0x00, 0x00, 0x1D, 0x00, 0x00, 0x00, 0x0E, 0x00, 0x00, 0x00, 0x14, 0x00, 0x00, 0x00
	.byte 0x01, 0x00, 0x00, 0x00, 0x02, 0x00, 0x00, 0x00, 0x03, 0x00, 0x00, 0x00, 0x07, 0x00, 0x00, 0x00
	.byte 0x06, 0x00, 0x00, 0x00, 0x10, 0x00, 0x00, 0x00, 0x11, 0x00, 0x00, 0x00, 0x16, 0x00, 0x00, 0x00
	.byte 0x18, 0x00, 0x00, 0x00, 0x19, 0x00, 0x00, 0x00, 0x1A, 0x00, 0x00, 0x00, 0x1B, 0x00, 0x00, 0x00
	.byte 0x1F, 0x00, 0x00, 0x00, 0x21, 0x00, 0x00, 0x00, 0x22, 0x00, 0x00, 0x00

	.section .data, 4
	.global overlay_095_06898020_data
overlay_095_06898020_data:
_0689E560:
	.byte 0xC4, 0xDF, 0x89, 0x06, 0x2C, 0xDE, 0x89, 0x06, 0xE8, 0xDB, 0x89, 0x06, 0xE4, 0xDD, 0x89, 0x06
	.byte 0x30, 0xDC, 0x89, 0x06, 0x68, 0xDA, 0x89, 0x06, 0xB0, 0xDA, 0x89, 0x06, 0x80, 0xDA, 0x89, 0x06
	.byte 0xB8, 0xDB, 0x89, 0x06, 0x80, 0xDA, 0x89, 0x06, 0xB8, 0xDB, 0x89, 0x06, 0x68, 0xDA, 0x89, 0x06
	.byte 0xB0, 0xDA, 0x89, 0x06, 0x80, 0xDA, 0x89, 0x06, 0xC4, 0xDF, 0x89, 0x06, 0xF4, 0xDF, 0x89, 0x06
	.byte 0x2C, 0xDE, 0x89, 0x06, 0x80, 0xDA, 0x89, 0x06, 0xE4, 0xDD, 0x89, 0x06, 0x50, 0xDA, 0x89, 0x06
	.byte 0x68, 0xDA, 0x89, 0x06, 0xB0, 0xDA, 0x89, 0x06, 0xE8, 0xDB, 0x89, 0x06, 0xB8, 0xDB, 0x89, 0x06
	.byte 0xE8, 0xDB, 0x89, 0x06, 0xB8, 0xDB, 0x89, 0x06, 0x68, 0xDA, 0x89, 0x06, 0xB0, 0xDA, 0x89, 0x06
	.byte 0xE8, 0xDB, 0x89, 0x06, 0xF4, 0xDF, 0x89, 0x06, 0x98, 0xD8, 0x89, 0x06, 0x98, 0xD8, 0x89, 0x06
	.byte 0x98, 0xD8, 0x89, 0x06, 0x98, 0xD8, 0x89, 0x06, 0x68, 0xD8, 0x89, 0x06, 0xC8, 0xD8, 0x89, 0x06
	.byte 0x5C, 0xD8, 0x89, 0x06, 0x98, 0xD8, 0x89, 0x06, 0x04, 0xD9, 0x89, 0x06, 0x98, 0xD8, 0x89, 0x06
	.byte 0x04, 0xD9, 0x89, 0x06, 0xC8, 0xD8, 0x89, 0x06, 0x5C, 0xD8, 0x89, 0x06, 0x98, 0xD8, 0x89, 0x06
	.byte 0x98, 0xD8, 0x89, 0x06, 0x98, 0xD8, 0x89, 0x06, 0x98, 0xD8, 0x89, 0x06, 0x98, 0xD8, 0x89, 0x06
	.byte 0x98, 0xD8, 0x89, 0x06, 0xEC, 0xD8, 0x89, 0x06, 0xC8, 0xD8, 0x89, 0x06, 0x5C, 0xD8, 0x89, 0x06
	.byte 0x98, 0xD8, 0x89, 0x06, 0x04, 0xD9, 0x89, 0x06, 0x98, 0xD8, 0x89, 0x06, 0x04, 0xD9, 0x89, 0x06
	.byte 0xC8, 0xD8, 0x89, 0x06, 0x5C, 0xD8, 0x89, 0x06, 0x98, 0xD8, 0x89, 0x06, 0x98, 0xD8, 0x89, 0x06
	.byte 0x44, 0xD8, 0x89, 0x06, 0x44, 0xD8, 0x89, 0x06, 0x44, 0xD8, 0x89, 0x06, 0x44, 0xD8, 0x89, 0x06
	.byte 0x74, 0xD8, 0x89, 0x06, 0x10, 0xD9, 0x89, 0x06, 0x4C, 0xD9, 0x89, 0x06, 0x44, 0xD8, 0x89, 0x06
	.byte 0x40, 0xD9, 0x89, 0x06, 0x44, 0xD8, 0x89, 0x06, 0x40, 0xD9, 0x89, 0x06, 0x50, 0xD8, 0x89, 0x06
	.byte 0x4C, 0xD9, 0x89, 0x06, 0x44, 0xD8, 0x89, 0x06
_0689E688:
	.byte 0x44, 0xD8, 0x89, 0x06, 0x44, 0xD8, 0x89, 0x06
	.byte 0x44, 0xD8, 0x89, 0x06, 0x44, 0xD8, 0x89, 0x06, 0x44, 0xD8, 0x89, 0x06, 0x28, 0xD9, 0x89, 0x06
	.byte 0x50, 0xD8, 0x89, 0x06, 0x4C, 0xD9, 0x89, 0x06, 0x44, 0xD8, 0x89, 0x06, 0x40, 0xD9, 0x89, 0x06
	.byte 0x44, 0xD8, 0x89, 0x06, 0x40, 0xD9, 0x89, 0x06, 0x50, 0xD8, 0x89, 0x06, 0x4C, 0xD9, 0x89, 0x06
	.byte 0x44, 0xD8, 0x89, 0x06, 0x44, 0xD8, 0x89, 0x06, 0x44, 0xD8, 0x89, 0x06, 0x44, 0xD8, 0x89, 0x06
	.byte 0x44, 0xD8, 0x89, 0x06, 0x44, 0xD8, 0x89, 0x06, 0xA4, 0xD8, 0x89, 0x06, 0xBC, 0xD8, 0x89, 0x06
	.byte 0x4C, 0xD9, 0x89, 0x06, 0x44, 0xD8, 0x89, 0x06, 0x40, 0xD9, 0x89, 0x06, 0x44, 0xD8, 0x89, 0x06
	.byte 0x40, 0xD9, 0x89, 0x06, 0x50, 0xD8, 0x89, 0x06, 0x4C, 0xD9, 0x89, 0x06, 0x44, 0xD8, 0x89, 0x06
	.byte 0x44, 0xD8, 0x89, 0x06
_0689E704:
	.byte 0x24, 0xE0, 0x89, 0x06, 0xE0, 0xDE, 0x89, 0x06, 0x98, 0xDA, 0x89, 0x06
	.byte 0x74, 0xDE, 0x89, 0x06, 0xD0, 0xDB, 0x89, 0x06, 0x60, 0xDC, 0x89, 0x06, 0x40, 0xDB, 0x89, 0x06
	.byte 0x88, 0xDB, 0x89, 0x06, 0x28, 0xDB, 0x89, 0x06, 0x88, 0xDB, 0x89, 0x06, 0x28, 0xDB, 0x89, 0x06
	.byte 0xE0, 0xDA, 0x89, 0x06, 0x40, 0xDB, 0x89, 0x06, 0x88, 0xDB, 0x89, 0x06
_0689E73C:
	.byte 0x70, 0xE1, 0x89, 0x06
	.byte 0xE0, 0xE0, 0x89, 0x06, 0x94, 0xDF, 0x89, 0x06, 0x50, 0xDE, 0x89, 0x06, 0x34, 0xDF, 0x89, 0x06
	.byte 0xC8, 0xDA, 0x89, 0x06, 0xE0, 0xDA, 0x89, 0x06, 0x40, 0xDB, 0x89, 0x06, 0x00, 0xDC, 0x89, 0x06
	.byte 0x28, 0xDB, 0x89, 0x06, 0x00, 0xDC, 0x89, 0x06, 0x28, 0xDB, 0x89, 0x06, 0xE0, 0xDA, 0x89, 0x06
	.byte 0x40, 0xDB, 0x89, 0x06, 0x00, 0xDC, 0x89, 0x06, 0xE0, 0xE0, 0x89, 0x06, 0x04, 0xDF, 0x89, 0x06
	.byte 0x08, 0xDE, 0x89, 0x06, 0x98, 0xDA, 0x89, 0x06, 0x98, 0xDE, 0x89, 0x06, 0xF8, 0xDA, 0x89, 0x06
	.byte 0x58, 0xDB, 0x89, 0x06, 0x40, 0xDB, 0x89, 0x06, 0x18, 0xDC, 0x89, 0x06, 0x28, 0xDB, 0x89, 0x06
	.byte 0x18, 0xDC, 0x89, 0x06, 0x28, 0xDB, 0x89, 0x06, 0xE0, 0xDA, 0x89, 0x06, 0x40, 0xDB, 0x89, 0x06
	.byte 0x18, 0xDC, 0x89, 0x06, 0xB8, 0xE1, 0x89, 0x06, 0x62, 0x74, 0x6C, 0x76, 0x5F, 0x73, 0x63, 0x64
	.byte 0x2E, 0x63, 0x00, 0x00, 0x00, 0x00, 0x00, 0x00, 0x00, 0x00, 0x00, 0x00, 0x00, 0x00, 0x00, 0x00
	.byte 0x00, 0x00, 0x00, 0x00, 0x00, 0x00, 0x00, 0x00, 0x00, 0x00, 0x00, 0x00, 0x00, 0x00, 0x00, 0x00
	; 0x0689E7E0

	.section .bss, 4
	.global overlay_095_06898020_bss
overlay_095_06898020_bss:
	.space 0x1c0
