	.include "asm/macros/function.inc"

	.extern FUN_02004EB0
	.extern FUN_0202EB0C
	.extern FUN_020726D0
	.extern FUN_020737C0
	.extern FUN_02082AC0
	.extern FUN_02082BCC
	.extern FUN_020870D0
	.extern FUN_02087170
	.extern FUN_02087988
	.extern FUN_0208799C
	.extern FUN_0208B24C
	.extern FUN_0208B2BC
	.extern FUN_0208B4B8
	.extern FUN_0208B4C8
	.extern FUN_0208B8B0
	.extern FUN_0208BEF0
	.extern FUN_0208BF38
	.extern FUN_020923B0

	.text


	thumb_func_start FUN_overlay_13__021aeb20
FUN_overlay_13__021aeb20: ; 0x021AEB20
	push {r4, r5, r6, lr}
	blx FUN_0208B24C
	blx FUN_0208B8B0
	mov r0, #1
	blx FUN_0208BEF0
	mov r0, #3
	blx FUN_0208BF38
	mov r0, #1
	blx FUN_021B0CD8
	blx FUN_020726D0
	ldr r5, _021AEB6C ; =0x021B3C80
	ldr r4, _021AEB70 ; =0x000019B8
	ldr r0, [r5]
	add r0, r0, r4
	blx FUN_020737C0
	ldr r2, [r5]
	ldr r1, _021AEB74 ; =0x00001104
	mov r0, #0
	add r1, r2, r1
	mov r2, #0x22
	lsl r2, r2, #6
	mov r6, #0
	blx FUN_02082AC0
	ldr r0, [r5]
	add r4, #0x8c
	str r6, [r0, r4]
	mov r0, #1
	blx_unaligned FUN_021B0D08
	pop {r4, r5, r6, pc}
	.balign 4, 0
_021AEB6C: .word 0x021B3C80
_021AEB70: .word 0x000019B8
_021AEB74: .word 0x00001104
	thumb_func_end FUN_overlay_13__021aeb20
_021AEB78:
	.byte 0x70, 0x47, 0x00, 0x00

	thumb_func_start FUN_overlay_d_13__021aeb7c
FUN_overlay_d_13__021aeb7c: ; 0x021AEB7C
	push {r3, r4, r5, r6, r7, lr}
	add r4, r1, #0
	ldr r1, [sp, #0x1c]
	ldr r5, _021AEC54 ; =0x021B3C80
	add r7, r2, #0
	add r6, r3, #0
	str r1, [sp]
	cmp r0, #0
	bne _021AEBA8
	mov r5, #0
	cmp r4, #0
	bls _021AEC52
	thumb_func_end FUN_overlay_d_13__021aeb7c
_021AEB94:
	lsl r0, r5, #2
	ldr r0, [r7, r0]
	mov r1, #0
	add r2, r6, #0
	blx FUN_02082BCC
	add r5, r5, #1
	cmp r5, r4
	blo _021AEB94
	pop {r3, r4, r5, r6, r7, pc}
_021AEBA8:
	bl FUN_0202EB0C
	cmp r0, #0
	ldr r0, [r5]
	ldr r1, _021AEC58 ; =0x00001A4B
	bne _021AEBCA
	ldrb r1, [r0, r1]
	cmp r1, #0
	beq _021AEBE6
	ldr r1, _021AEC58 ; =0x00001A4B
	mov r2, #0
	sub r1, #0x2b
	add r0, r0, r1
	ldr r1, _021AEC5C ; =0x021AEB79
	blx FUN_0208B2BC
	b _021AEBDE
_021AEBCA:
	ldrb r1, [r0, r1]
	cmp r1, #0
	beq _021AEBE6
	ldr r1, _021AEC58 ; =0x00001A4B
	mov r2, #0
	sub r1, #0x2b
	add r0, r0, r1
	ldr r1, _021AEC5C ; =0x021AEB79
	blx FUN_0208B4C8
_021AEBDE:
	ldr r2, [r5]
	ldr r0, _021AEC58 ; =0x00001A4B
	mov r1, #0
	strb r1, [r2, r0]
_021AEBE6:
	blx FUN_0208B4B8
	ldr r1, [sp]
	sub r0, r0, r1
	cmp r0, r6
	bhs _021AEBF8
	add r0, r1, #0
	add r0, r0, r6
	str r0, [sp]
_021AEBF8:
	ldr r0, _021AEC60 ; =0x02FFFFA8
	ldrh r1, [r0]
	mov r0, #2
	lsl r0, r0, #0xe
	and r0, r1
	asr r0, r0, #0xf
	bne _021AEC12
	ldr r0, _021AEC54 ; =0x021B3C80
	ldr r1, [r0]
	ldr r0, _021AEC64 ; =0x000019B2
	ldrh r0, [r1, r0]
	cmp r0, #0
	beq _021AEC1C
_021AEC12:
	ldr r0, _021AEC54 ; =0x021B3C80
	ldr r1, [r0]
	ldr r0, _021AEC68 ; =0x00001104
	add r0, r1, r0
	str r0, [sp]
_021AEC1C:
	mov r5, #0
	cmp r4, #0
	bls _021AEC34
_021AEC22:
	lsl r0, r5, #2
	ldr r0, [r7, r0]
	add r1, r6, #0
	mov r2, #0
	blx_unaligned FUN_overlay_d_13__021b0b48
	add r5, r5, #1
	cmp r5, r4
	blo _021AEC22
_021AEC34:
	ldr r0, _021AEC54 ; =0x021B3C80
	ldr r1, [r0]
	ldr r0, _021AEC6C ; =0x000019B0
	ldrh r0, [r1, r0]
	cmp r0, #0
	bne _021AEC48
	ldr r0, [sp]
	add r1, r6, #0
	blx FUN_overlay_d_13__021b07f8
_021AEC48:
	ldr r0, _021AEC54 ; =0x021B3C80
	mov r2, #2
	ldr r1, [r0]
	ldr r0, _021AEC70 ; =0x00001A4A
	strb r2, [r1, r0]
_021AEC52:
	pop {r3, r4, r5, r6, r7, pc}
_021AEC54:
	.byte 0x80, 0x3C, 0x1B, 0x02
_021AEC58:
	.byte 0x4B, 0x1A, 0x00, 0x00
_021AEC5C:
	.byte 0x79, 0xEB, 0x1A, 0x02
_021AEC60:
	.byte 0xA8, 0xFF, 0xFF, 0x02
_021AEC64:
	.byte 0xB2, 0x19, 0x00, 0x00
_021AEC68:
	.byte 0x04, 0x11, 0x00, 0x00
_021AEC6C:
	.byte 0xB0, 0x19, 0x00, 0x00
_021AEC70:
	.byte 0x4A, 0x1A, 0x00, 0x00

	thumb_func_start FUN_overlay_d_13__021aec74
FUN_overlay_d_13__021aec74: ; 0x021AEC74
	push {r4, lr}
	ldr r1, _021AECBC ; =0x021B3C80
	ldr r2, [r1]
	ldr r1, _021AECC0 ; =0x00001A1C
	ldr r4, [r2, r1]
	cmp r4, #0
	bne _021AEC90
	blx_unaligned FUN_overlay_d_13__021b1f2c
	add r4, r0, #0
	bne _021AEC8E
	mov r0, #0
	pop {r4, pc}
	thumb_func_end FUN_overlay_d_13__021aec74
_021AEC8E:
	b _021AEC92
_021AEC90:
	add r0, r4, #0
_021AEC92:
	mov r1, #0
	blx FUN_overlay_d_13__021b20b0
	cmp r0, #0
	beq _021AECAE
	add r0, r4, #0
	blx_unaligned FUN_overlay_d_13__021b1f54
	ldr r1, _021AECBC ; =0x021B3C80
	mov r0, #0
	ldr r2, [r1]
	ldr r1, _021AECC0 ; =0x00001A1C
	str r0, [r2, r1]
	pop {r4, pc}
_021AECAE:
	ldr r0, _021AECBC ; =0x021B3C80
	ldr r1, [r0]
	ldr r0, _021AECC0 ; =0x00001A1C
	str r4, [r1, r0]
	mov r0, #1
	pop {r4, pc}
	nop
_021AECBC:
	.byte 0x80, 0x3C, 0x1B, 0x02
_021AECC0:
	.byte 0x1C, 0x1A, 0x00, 0x00

	thumb_func_start FUN_overlay_d_13__021aecc4
FUN_overlay_d_13__021aecc4: ; 0x021AECC4
	push {r4, r5, r6, lr}
	ldr r4, _021AED00 ; =0x021B3C80
	ldr r6, _021AED04 ; =0x00001A1C
	ldr r0, [r4]
	ldr r0, [r0, r6]
	cmp r0, #0
	beq _021AECFA
	ldr r1, [r0, #0xc]
	cmp r1, #4
	bne _021AECFA
	mov r1, #0
	mov r5, #0
	blx FUN_overlay_d_13__021b2180
	cmp r0, #0
	beq _021AECE8
	add r0, r5, #0
	pop {r4, r5, r6, pc}
	thumb_func_end FUN_overlay_d_13__021aecc4
_021AECE8:
	ldr r0, [r4]
	ldr r0, [r0, r6]
	blx FUN_overlay_d_13__021b0614
	cmp r0, #0
	beq _021AECF6
	mov r5, #1
_021AECF6:
	add r0, r5, #0
	pop {r4, r5, r6, pc}
_021AECFA:
	mov r0, #0
	pop {r4, r5, r6, pc}
	nop
_021AED00:
	.byte 0x80, 0x3C, 0x1B, 0x02
_021AED04:
	.byte 0x1C, 0x1A, 0x00, 0x00, 0x08, 0xB5, 0x07, 0x29, 0x08, 0xD0, 0x09, 0x29
	.byte 0x02, 0xD0, 0x0C, 0x29, 0x08, 0xD0, 0x08, 0xBD, 0x10, 0x1C, 0x00, 0xF0, 0x67, 0xF8, 0x08, 0xBD
	.byte 0x10, 0x1C, 0x01, 0xF0, 0x78, 0xEC, 0x08, 0xBD, 0x10, 0x1C, 0x00, 0xF0, 0x5F, 0xF8, 0x08, 0xBD
	.byte 0x70, 0xB5, 0x14, 0x1C, 0x0C, 0x29, 0x52, 0xD8, 0x48, 0x18, 0x78, 0x44, 0xC0, 0x88, 0x00, 0x04
	.byte 0x00, 0x14, 0x87, 0x44, 0x98, 0x00, 0x18, 0x00, 0x8A, 0x00, 0x92, 0x00, 0x50, 0x00, 0x98, 0x00
	.byte 0x98, 0x00, 0x60, 0x00, 0x38, 0x00, 0x48, 0x00, 0x98, 0x00, 0x92, 0x00, 0x92, 0x00, 0x20, 0x48
	.byte 0x02, 0x68, 0x20, 0x48, 0x11, 0x58, 0x00, 0x29, 0x07, 0xD0, 0x20, 0x1C, 0x03, 0x21, 0x03, 0xF0
	.byte 0x08, 0xEA, 0x20, 0x1C, 0x03, 0xF0, 0xEE, 0xE8, 0x70, 0xBD, 0x14, 0x50, 0x70, 0xBD, 0x20, 0x1C
	.byte 0x00, 0x21, 0x03, 0xF0, 0xFE, 0xE9, 0x20, 0x1C, 0x00, 0xF0, 0x30, 0xF8, 0x70, 0xBD, 0x20, 0x1C
	.byte 0x00, 0xF0, 0x2C, 0xF8, 0x70, 0xBD, 0x20, 0x1C, 0x04, 0x21, 0x03, 0xF0, 0xF2, 0xE9, 0x20, 0x1C
	.byte 0x00, 0xF0, 0x24, 0xF8, 0x70, 0xBD, 0x0E, 0x4D, 0x0F, 0x4E, 0x28, 0x68, 0x21, 0x68, 0x80, 0x59
	.byte 0x81, 0x42, 0x03, 0xD0, 0x20, 0x1C, 0x00, 0xF0, 0x19, 0xF8, 0x70, 0xBD, 0x20, 0x1C, 0x01, 0xF0
	.byte 0x2A, 0xEC, 0x00, 0x28, 0x0B, 0xD0, 0x29, 0x68, 0x02, 0x22, 0x30, 0x1D, 0x0A, 0x50, 0x70, 0xBD
	.byte 0x20, 0x1C, 0x00, 0xF0, 0x0B, 0xF8, 0x70, 0xBD, 0x20, 0x1C, 0x00, 0xF0, 0x07, 0xF8, 0x70, 0xBD
	.byte 0x80, 0x3C, 0x1B, 0x02, 0x1C, 0x1A, 0x00, 0x00, 0xA8, 0x19, 0x00, 0x00, 0x10, 0xB5, 0x04, 0x1C
	.byte 0x01, 0xF0, 0xAC, 0xEC, 0x20, 0x1C, 0x03, 0xF0, 0xAE, 0xE8, 0x04, 0x48, 0x00, 0x22, 0x01, 0x68
	.byte 0x03, 0x48, 0x0A, 0x50, 0xA7, 0xF7, 0xFC, 0xFA, 0x10, 0xBD, 0xC0, 0x46, 0x80, 0x3C, 0x1B, 0x02
	.byte 0x1C, 0x1A, 0x00, 0x00, 0xF8, 0xB5, 0x82, 0xB0, 0x43, 0x4D, 0x44, 0x4C, 0x29, 0x68, 0x08, 0x53
	.byte 0xD8, 0xF6, 0x56, 0xE9, 0x07, 0x1C, 0x20, 0x1C, 0x2E, 0x68, 0x8C, 0x30, 0x30, 0x58, 0x01, 0x91
	.byte 0x39, 0x1A, 0xFA, 0x20, 0x00, 0x02, 0x48, 0x43, 0x3D, 0x49, 0xED, 0xF6, 0x3A, 0xEA, 0x21, 0x1C
	.byte 0x94, 0x31, 0x3C, 0x4A, 0x71, 0x58, 0x80, 0x1A, 0x09, 0x18, 0x20, 0x1C, 0x94, 0x30, 0x31, 0x50
	.byte 0x21, 0x1C, 0x28, 0x68, 0x94, 0x31, 0x42, 0x58, 0x37, 0x49, 0x8A, 0x42, 0x02, 0xDA, 0x00, 0x21
	.byte 0x94, 0x34, 0x01, 0x51, 0x35, 0x4C, 0x2A, 0x68, 0x01, 0x98, 0x17, 0x51, 0x21, 0x1D, 0x50, 0x50
	.byte 0x04, 0xF0, 0xFC, 0xEC, 0x21, 0x1C, 0x28, 0x68, 0x08, 0x31, 0x42, 0x58, 0x2D, 0x49, 0x8A, 0x42
	.byte 0x10, 0xDB, 0x27, 0x1C, 0x26, 0x1C, 0x08, 0x37, 0x08, 0x36, 0x08, 0x34, 0x04, 0xF0, 0xEE, 0xEC
	.byte 0x28, 0x68, 0x28, 0x49, 0xC2, 0x59, 0x51, 0x1A, 0x81, 0x51, 0x28, 0x68, 0x25, 0x49, 0x02, 0x59
	.byte 0x8A, 0x42, 0xF3, 0xDA, 0x26, 0x4C, 0x01, 0x59, 0x03, 0x29, 0x3A, 0xD0, 0x21, 0x1D, 0x41, 0x58
	.byte 0x00, 0x29, 0x04, 0xD0, 0x01, 0x29, 0x24, 0xD0, 0x02, 0xB0, 0x02, 0x29, 0xF8, 0xBD, 0xBC, 0xF7
	.byte 0xBC, 0xEC, 0x00, 0x28, 0x0E, 0xD1, 0x01, 0x20, 0x01, 0x26, 0xFF, 0xF7, 0xD3, 0xFE, 0x00, 0x28
	.byte 0x27, 0xD0, 0x29, 0x68, 0x20, 0x1D, 0x0E, 0x50, 0x28, 0x68, 0x3C, 0x21, 0xA0, 0x34, 0x02, 0xB0
	.byte 0x01, 0x53, 0xF8, 0xBD, 0xBC, 0xF7, 0xA8, 0xEC, 0x01, 0x28, 0x1A, 0xD1, 0x00, 0x20, 0xFF, 0xF7
	.byte 0xE9, 0xFE, 0x00, 0x28, 0x15, 0xD0, 0x29, 0x68, 0x02, 0x22, 0x20, 0x1D, 0x0A, 0x50, 0x02, 0xB0
	.byte 0xF8, 0xBD, 0x21, 0x1C, 0xA0, 0x31, 0x41, 0x5A, 0x4A, 0x1E, 0x21, 0x1C, 0xA0, 0x31, 0x42, 0x52
	.byte 0x20, 0x1C, 0x2A, 0x68, 0xA0, 0x30, 0x10, 0x5A, 0x00, 0x28, 0x02, 0xD1, 0x00, 0x21, 0x20, 0x1D
	.byte 0x11, 0x50, 0x02, 0xB0, 0xF8, 0xBD, 0xC0, 0x46, 0x80, 0x3C, 0x1B, 0x02, 0xB0, 0x19, 0x00, 0x00
	.byte 0xEA, 0x82, 0x00, 0x00, 0x1A, 0x41, 0x00, 0x00, 0xF0, 0xD8, 0xFF, 0xFF, 0x3C, 0x1A, 0x00, 0x00
	.byte 0xA8, 0x19, 0x00, 0x00, 0x08, 0xB5, 0x08, 0x4B, 0x1B, 0x68, 0x00, 0x2B, 0x01, 0xD1, 0x00, 0x20
	.byte 0x08, 0xBD, 0x00, 0x06, 0x00, 0x0E, 0x04, 0xF0, 0xAC, 0xEC, 0x00, 0x28, 0x01, 0xD0, 0x01, 0x20
	.byte 0x08, 0xBD, 0x00, 0x20, 0x08, 0xBD, 0xC0, 0x46, 0x80, 0x3C, 0x1B, 0x02, 0xF8, 0xB5, 0x8E, 0xB0
	.byte 0x5E, 0x4C, 0x04, 0x91, 0x16, 0x1C, 0x05, 0xAA, 0x00, 0x21, 0x11, 0x70, 0x51, 0x70, 0x91, 0x70
	.byte 0x21, 0x68, 0x07, 0x1C, 0x00, 0x29, 0x1B, 0xD1, 0x59, 0x4D, 0x20, 0x22, 0x29, 0x1C, 0xA7, 0xF7
	.byte 0xE5, 0xFF, 0x00, 0x21, 0x2A, 0x1C, 0x20, 0x60, 0xD3, 0xF6, 0x18, 0xEE, 0x8F, 0x21, 0x89, 0x01
	.byte 0x71, 0x43, 0x38, 0x1C, 0x20, 0x31, 0x20, 0x22, 0xA7, 0xF7, 0xD8, 0xFF, 0x22, 0x21, 0x22, 0x68
	.byte 0x89, 0x01, 0x50, 0x50, 0x21, 0x68, 0xC8, 0x3D, 0x00, 0x20, 0x48, 0x51, 0xFF, 0xF7, 0xB0, 0xFD
	.byte 0x20, 0x68, 0x4C, 0x4D, 0x03, 0x21, 0x41, 0x51, 0x22, 0x22, 0x21, 0x68, 0x28, 0x1D, 0x09, 0x50
	.byte 0x28, 0x1C, 0x21, 0x68, 0x92, 0x01, 0x08, 0x30, 0x0A, 0x50, 0x7F, 0xF6, 0x97, 0xFD, 0x00, 0x28
	.byte 0x02, 0xD1, 0x41, 0x21, 0x89, 0x01, 0x00, 0xE0, 0x43, 0x49, 0x20, 0x68, 0x0C, 0x35, 0x41, 0x51
	.byte 0x42, 0x4D, 0x20, 0x68, 0x01, 0x21, 0x41, 0x51, 0x23, 0x68, 0x00, 0x20, 0x2A, 0x1D, 0x98, 0x50
	.byte 0x2A, 0x1C, 0x23, 0x68, 0x08, 0x32, 0x98, 0x50, 0x28, 0x1C, 0x22, 0x68, 0x1B, 0x30, 0x11, 0x54
	.byte 0x28, 0x1C, 0x21, 0x68, 0x78, 0x38, 0x08, 0x18, 0x01, 0x21, 0x05, 0xAA, 0xC4, 0xF6, 0x0C, 0xEC
	.byte 0x20, 0x68, 0x78, 0x3D, 0x40, 0x19, 0x00, 0x21, 0xC4, 0xF6, 0x52, 0xED, 0x7F, 0xF6, 0x6E, 0xFD
	.byte 0x00, 0x28, 0x01, 0xD0, 0x40, 0x20, 0x00, 0xE0, 0x41, 0x20, 0x22, 0x68, 0x30, 0x4B, 0x00, 0x90
	.byte 0x02, 0x20, 0x01, 0x90, 0x2F, 0x48, 0x01, 0x21, 0x02, 0x90, 0x2F, 0x48, 0x03, 0x92, 0x10, 0x18
	.byte 0xD2, 0x18, 0x1B, 0x1F, 0xC4, 0xF6, 0x34, 0xEC, 0x00, 0x28, 0x04, 0xD1, 0x2B, 0x48, 0x00, 0x21
	.byte 0x02, 0x1C, 0x85, 0xF6, 0x58, 0xEB, 0x20, 0x68, 0x29, 0x49, 0x00, 0x25, 0x45, 0x50, 0x08, 0x1C
	.byte 0x22, 0x68, 0x70, 0x30, 0x15, 0x50, 0x01, 0x27, 0x08, 0x1F, 0x22, 0x68, 0x08, 0x97, 0x17, 0x50
	.byte 0x20, 0x68, 0x24, 0x39, 0x40, 0x18, 0x06, 0x90, 0x07, 0x96, 0xBC, 0xF7, 0xD6, 0xEB, 0x05, 0xA9
	.byte 0x08, 0x74, 0x09, 0x7C, 0xB8, 0x1E, 0x81, 0x42, 0x04, 0xD1, 0x1C, 0x48, 0x29, 0x1C, 0x02, 0x1C
	.byte 0x85, 0xF6, 0x38, 0xEB, 0x20, 0x68, 0x1B, 0x49, 0x41, 0x58, 0x03, 0x29, 0x01, 0xD1, 0x1A, 0x49
	.byte 0x00, 0xE0, 0x1A, 0x49, 0x0C, 0x91, 0x00, 0x25, 0x22, 0x21, 0x0D, 0x95, 0x89, 0x01, 0x40, 0x58
	.byte 0x0A, 0x90, 0x8F, 0x20, 0x80, 0x01, 0x70, 0x43, 0x20, 0x30, 0x0B, 0x90, 0x06, 0xA8, 0x04, 0xF0
	.byte 0x1E, 0xEB, 0x21, 0x68, 0x12, 0x48, 0x0D, 0x52, 0x04, 0x98, 0x01, 0xF0, 0xC4, 0xED, 0x00, 0xF0
	.byte 0x21, 0xF8, 0x01, 0x20, 0x01, 0xF0, 0x10, 0xEE, 0x0E, 0xB0, 0xF8, 0xBD, 0x80, 0x3C, 0x1B, 0x02
	.byte 0x4C, 0x1A, 0x00, 0x00, 0x20, 0x1A, 0x00, 0x00, 0x01, 0x10, 0x00, 0x00, 0x30, 0x1A, 0x00, 0x00
	.byte 0x84, 0x08, 0x00, 0x00, 0x7D, 0xEB, 0x1A, 0x02, 0xB8, 0x19, 0x00, 0x00, 0x20, 0x3C, 0x1B, 0x02
	.byte 0xAC, 0x19, 0x00, 0x00, 0xA8, 0x19, 0x00, 0x00, 0x09, 0xED, 0x1A, 0x02, 0x31, 0xED, 0x1A, 0x02
	.byte 0xB0, 0x19, 0x00, 0x00, 0x02, 0x48, 0x03, 0x4B, 0x01, 0x68, 0x03, 0x48, 0x08, 0x18, 0x18, 0x47
	.byte 0x80, 0x3C, 0x1B, 0x02, 0x60, 0x3A, 0x07, 0x02, 0xB8, 0x19, 0x00, 0x00, 0x08, 0xB5, 0x11, 0x48
	.byte 0x11, 0x49, 0x02, 0x68, 0x50, 0x58, 0x00, 0x28, 0x03, 0xD0, 0x70, 0x39, 0x51, 0x58, 0x00, 0x29
	.byte 0x02, 0xD1, 0xA7, 0xF7, 0x55, 0xF9, 0x08, 0xBD, 0x01, 0x29, 0x07, 0xD1, 0x02, 0x21, 0x02, 0xF0
	.byte 0xA8, 0xEF, 0x00, 0x28, 0x02, 0xD0, 0xA7, 0xF7, 0x4B, 0xF9, 0x08, 0xBD, 0x05, 0x48, 0x01, 0x68
	.byte 0x05, 0x48, 0x08, 0x58, 0x01, 0x21, 0x02, 0xF0, 0x9C, 0xEF, 0x00, 0x28, 0x01, 0xD0, 0xA7, 0xF7
	.byte 0x3F, 0xF9, 0x08, 0xBD, 0x80, 0x3C, 0x1B, 0x02, 0x1C, 0x1A, 0x00, 0x00, 0x02, 0x49, 0x0A, 0x68
	.byte 0x02, 0x49, 0x50, 0x50, 0x70, 0x47, 0xC0, 0x46, 0x80, 0x3C, 0x1B, 0x02, 0x84, 0x19, 0x00, 0x00
	.byte 0x70, 0xB5, 0x18, 0x48, 0x01, 0x68, 0x00, 0x29, 0x2B, 0xD0, 0x17, 0x48, 0x0D, 0x58, 0x7F, 0xF6
	.byte 0xAD, 0xFC, 0x00, 0x28, 0x02, 0xD1, 0xDC, 0xF6, 0x64, 0xE9, 0x01, 0xE0, 0xDC, 0xF6, 0xB4, 0xE9
	.byte 0x10, 0x4C, 0x12, 0x4E, 0x20, 0x68, 0x80, 0x19, 0xC4, 0xF6, 0x74, 0xEC, 0x20, 0x68, 0x80, 0x19
	.byte 0xC4, 0xF6, 0x62, 0xEB, 0x04, 0xF0, 0x36, 0xEB, 0x00, 0x20, 0x00, 0x26, 0xDC, 0xF6, 0x88, 0xEE
	.byte 0x22, 0x21, 0x22, 0x68, 0x89, 0x01, 0x51, 0x58, 0x00, 0x20, 0x00, 0x22, 0xA7, 0xF7, 0xF6, 0xFE
	.byte 0x21, 0x68, 0x00, 0x20, 0x00, 0x22, 0xA7, 0xF7, 0xF1, 0xFE, 0x26, 0x60, 0x00, 0x2D, 0x00, 0xD0
	.byte 0xA8, 0x47, 0x70, 0xBD, 0x80, 0x3C, 0x1B, 0x02, 0x84, 0x19, 0x00, 0x00, 0xB8, 0x19, 0x00, 0x00
	.byte 0x08, 0xB5, 0x84, 0xB0, 0x07, 0x48, 0x00, 0x68, 0x00, 0x28, 0x08, 0xD0, 0x00, 0xA8, 0x03, 0xF0
	.byte 0x22, 0xEF, 0x01, 0x98, 0x02, 0x28, 0x02, 0xDD, 0x00, 0x98, 0x04, 0xB0, 0x08, 0xBD, 0x00, 0x20
	.byte 0x04, 0xB0, 0x08, 0xBD, 0x80, 0x3C, 0x1B, 0x02, 0xF8, 0xB5, 0x82, 0xB0, 0x00, 0x90, 0x19, 0x48
	.byte 0x01, 0x91, 0x00, 0x68, 0x00, 0x28, 0x03, 0xD0, 0x17, 0x4E, 0x80, 0x59, 0x03, 0x28, 0x02, 0xD0
	.byte 0x02, 0xB0, 0x00, 0x20, 0xF8, 0xBD, 0x37, 0x1C, 0x00, 0x24, 0x08, 0x3F, 0x08, 0x3E, 0x01, 0x98
	.byte 0x84, 0x42, 0x19, 0xD0, 0x01, 0x21, 0xA1, 0x40, 0x00, 0x98, 0x08, 0x42, 0x14, 0xD0, 0x0D, 0x48
	.byte 0xA5, 0x00, 0x00, 0x68, 0x40, 0x19, 0x80, 0x59, 0x01, 0x28, 0x0D, 0xD0, 0x20, 0x06, 0x00, 0x0E
	.byte 0x02, 0xF0, 0x90, 0xEF, 0x00, 0x28, 0x02, 0xD0, 0x02, 0xB0, 0x00, 0x20, 0xF8, 0xBD, 0x05, 0x48
	.byte 0x00, 0x68, 0x41, 0x19, 0x01, 0x20, 0xC8, 0x51, 0x64, 0x1C, 0x02, 0x2C, 0xDF, 0xDB, 0x01, 0x20
	.byte 0x02, 0xB0, 0xF8, 0xBD, 0x80, 0x3C, 0x1B, 0x02, 0xA8, 0x19, 0x00, 0x00, 0xF8, 0xB5, 0x00, 0x90
	.byte 0x14, 0x48, 0x00, 0x68, 0x00, 0x28, 0x03, 0xD0, 0x13, 0x4E, 0x80, 0x59, 0x03, 0x28, 0x01, 0xD0
	.byte 0x00, 0x20, 0xF8, 0xBD, 0x37, 0x1C, 0x00, 0x24, 0x08, 0x3F, 0x08, 0x3E, 0x00, 0x98, 0x84, 0x42
	.byte 0x13, 0xD0, 0x0C, 0x48, 0xA5, 0x00, 0x00, 0x68, 0x40, 0x19, 0x80, 0x59, 0x01, 0x28, 0x0C, 0xD1
	.byte 0x20, 0x06, 0x00, 0x0E, 0x02, 0xF0, 0xB6, 0xEF, 0x00, 0x28, 0x01, 0xD0, 0x00, 0x20, 0xF8, 0xBD
	.byte 0x04, 0x48, 0x00, 0x68, 0x41, 0x19, 0x00, 0x20, 0xC8, 0x51, 0x64, 0x1C, 0x02, 0x2C, 0xE5, 0xDB
	.byte 0x01, 0x20, 0xF8, 0xBD, 0x80, 0x3C, 0x1B, 0x02, 0xA8, 0x19, 0x00, 0x00, 0x08, 0xB5, 0x0A, 0x4A
	.byte 0x13, 0x68, 0x00, 0x2B, 0x0F, 0xD0, 0x09, 0x49, 0x58, 0x52, 0x12, 0x68, 0x6A, 0x31, 0x51, 0x58
	.byte 0x00, 0x29, 0x08, 0xD0, 0x00, 0x28, 0x03, 0xD0, 0x08, 0x1C, 0x01, 0xF0, 0x10, 0xEA, 0x08, 0xBD
	.byte 0x08, 0x1C, 0x01, 0xF0, 0x70, 0xE9, 0x08, 0xBD, 0x80, 0x3C, 0x1B, 0x02, 0xB2, 0x19, 0x00, 0x00

	arm_func_start FUN_overlay_d_13__021af340
FUN_overlay_d_13__021af340: ; 0x021AF340
	stmdb sp!, {r3, r4, r5, r6, r7, r8, sb, sl, fp, lr}
	mov r6, #0
	cmp r2, #0
	ldmlsia sp!, {r3, r4, r5, r6, r7, r8, sb, sl, fp, pc}
	mov r4, #0x8000
	ldr lr, _021AF488 ; =0x00007FFF
	ldr ip, _021AF48C ; =_021B3A0C
	ldr r5, _021AF490 ; =_021B3A1C
	rsb r4, r4, #0
	arm_func_end FUN_overlay_d_13__021af340
_021AF364:
	.byte 0x02, 0x70, 0xD3, 0xE5, 0x00, 0xA0, 0xD0, 0xE5, 0xF0, 0x80, 0xD3, 0xE1
	.byte 0x87, 0x90, 0xA0, 0xE1, 0xF9, 0xB0, 0x95, 0xE1, 0x0F, 0xA0, 0x0A, 0xE2, 0x04, 0x00, 0x1A, 0xE3
	.byte 0xCB, 0x91, 0xA0, 0xE1, 0x0B, 0x90, 0x89, 0x10, 0x02, 0x00, 0x1A, 0xE3, 0xCB, 0x90, 0x89, 0x10
	.byte 0x01, 0x00, 0x1A, 0xE3, 0x4B, 0x91, 0x89, 0x10, 0x08, 0x00, 0x1A, 0xE3, 0x03, 0x00, 0x00, 0x0A
	.byte 0x09, 0x80, 0x48, 0xE0, 0x04, 0x00, 0x58, 0xE1, 0x04, 0x80, 0xA0, 0xB1, 0x02, 0x00, 0x00, 0xEA
_021AF3B0:
	.byte 0x09, 0x80, 0x88, 0xE0, 0x0E, 0x00, 0x58, 0xE1, 0x0E, 0x80, 0xA0, 0xC1
_021AF3BC:
	.byte 0xDA, 0x90, 0x9C, 0xE1
	.byte 0x09, 0x70, 0x97, 0xE0, 0x00, 0x70, 0xA0, 0x43, 0x01, 0x00, 0x00, 0x4A, 0x58, 0x00, 0x57, 0xE3
	.byte 0x58, 0x70, 0xA0, 0xC3
_021AF3D4:
	.byte 0x02, 0x70, 0xC3, 0xE5, 0x08, 0x78, 0xA0, 0xE1, 0x47, 0x78, 0xA0, 0xE1
	.byte 0xB0, 0x70, 0xC3, 0xE1, 0xB0, 0x70, 0xC1, 0xE1, 0x02, 0x70, 0xD3, 0xE5, 0x00, 0xA0, 0xD0, 0xE5
	.byte 0xF0, 0x80, 0xD3, 0xE1, 0x87, 0x90, 0xA0, 0xE1, 0xF9, 0xB0, 0x95, 0xE1, 0x4A, 0xA2, 0xA0, 0xE1
	.byte 0x0F, 0xA0, 0x0A, 0xE2, 0xCB, 0x91, 0xA0, 0xE1, 0x04, 0x00, 0x1A, 0xE3, 0x0B, 0x90, 0x89, 0x10
	.byte 0x02, 0x00, 0x1A, 0xE3, 0xCB, 0x90, 0x89, 0x10, 0x01, 0x00, 0x1A, 0xE3, 0x4B, 0x91, 0x89, 0x10
	.byte 0x08, 0x00, 0x1A, 0xE3, 0x03, 0x00, 0x00, 0x0A, 0x09, 0x80, 0x48, 0xE0, 0x04, 0x00, 0x58, 0xE1
	.byte 0x04, 0x80, 0xA0, 0xB1, 0x02, 0x00, 0x00, 0xEA
_021AF438:
	.byte 0x09, 0x80, 0x88, 0xE0, 0x0E, 0x00, 0x58, 0xE1
	.byte 0x0E, 0x80, 0xA0, 0xC1
_021AF444:
	.byte 0xDA, 0x90, 0x9C, 0xE1, 0x09, 0x70, 0x97, 0xE0, 0x00, 0x70, 0xA0, 0x43
	.byte 0x01, 0x00, 0x00, 0x4A, 0x58, 0x00, 0x57, 0xE3, 0x58, 0x70, 0xA0, 0xC3
_021AF45C:
	.byte 0x02, 0x70, 0xC3, 0xE5
	.byte 0x08, 0x78, 0xA0, 0xE1, 0x47, 0x88, 0xA0, 0xE1, 0xB0, 0x80, 0xC3, 0xE1, 0x01, 0x60, 0x86, 0xE2
	.byte 0xB2, 0x80, 0xC1, 0xE1, 0x02, 0x00, 0x56, 0xE1, 0x04, 0x10, 0x81, 0xE2, 0x01, 0x00, 0x80, 0xE2
	.byte 0xB7, 0xFF, 0xFF, 0x3A, 0xF8, 0x8F, 0xBD, 0xE8
_021AF488:
	.byte 0xFF, 0x7F, 0x00, 0x00
_021AF48C:
	.byte 0x0C, 0x3A, 0x1B, 0x02
_021AF490:
	.byte 0x1C, 0x3A, 0x1B, 0x02

	arm_func_start FUN_overlay_d_13__021af494
FUN_overlay_d_13__021af494: ; 0x021AF494
	stmdb sp!, {r3, r4, r5, r6, r7, r8, sb, sl, fp, lr}
	movs r8, r2, lsr #1
	mov r4, #0
	ldmeqia sp!, {r3, r4, r5, r6, r7, r8, sb, sl, fp, pc}
	mov ip, #0x8000
	rsb ip, ip, #0
	ldr lr, _021AF620 ; =_021B3A1C
	mov r2, ip, lsr #0x11
	arm_func_end FUN_overlay_d_13__021af494
_021AF4B4:
	.byte 0x02, 0x60, 0xD3, 0xE5, 0xF0, 0x70, 0xD3, 0xE1, 0xF0, 0x50, 0xD1, 0xE1
	.byte 0x86, 0x90, 0xA0, 0xE1, 0xF9, 0x90, 0x9E, 0xE1, 0x07, 0xA0, 0x55, 0xE0, 0x08, 0x50, 0xA0, 0x43
	.byte 0x00, 0xA0, 0x6A, 0x42, 0x00, 0x50, 0xA0, 0x53, 0x09, 0x00, 0x5A, 0xE1, 0x04, 0x50, 0x85, 0xA3
	.byte 0x09, 0xA0, 0x4A, 0xA0, 0xC9, 0x00, 0x5A, 0xE1, 0x02, 0x50, 0x85, 0xA3, 0xC9, 0xA0, 0x4A, 0xA0
	.byte 0x49, 0x01, 0x5A, 0xE1, 0x01, 0x50, 0x85, 0xA3, 0xC9, 0xA1, 0xA0, 0xE1, 0x04, 0x00, 0x15, 0xE3
	.byte 0x09, 0xA0, 0x8A, 0x10, 0x02, 0x00, 0x15, 0xE3, 0xC9, 0xA0, 0x8A, 0x10, 0x01, 0x00, 0x15, 0xE3
	.byte 0x49, 0xA1, 0x8A, 0x10, 0x08, 0x00, 0x15, 0xE3, 0x00, 0xA0, 0x6A, 0x12, 0x0A, 0x90, 0x87, 0xE0
	.byte 0xFC, 0x70, 0x9F, 0xE5, 0x0C, 0x00, 0x59, 0xE1, 0x0C, 0x90, 0xA0, 0xB1, 0xAC, 0x08, 0x59, 0xE1
	.byte 0xD5, 0x70, 0x97, 0xE1, 0x02, 0x90, 0xA0, 0xC1, 0x07, 0x60, 0x96, 0xE0, 0x00, 0x60, 0xA0, 0x43
	.byte 0x01, 0x00, 0x00, 0x4A, 0x58, 0x00, 0x56, 0xE3, 0x58, 0x60, 0xA0, 0xC3
_021AF54C:
	.byte 0xB0, 0x90, 0xC3, 0xE1
	.byte 0xFF, 0x70, 0x06, 0xE2, 0x02, 0x60, 0xC3, 0xE5, 0xF2, 0x60, 0xD1, 0xE1, 0xF0, 0x90, 0xD3, 0xE1
	.byte 0x87, 0xA0, 0xA0, 0xE1, 0xFA, 0xA0, 0x9E, 0xE1, 0x09, 0xB0, 0x56, 0xE0, 0x08, 0x60, 0xA0, 0x43
	.byte 0x00, 0xB0, 0x6B, 0x42, 0x00, 0x60, 0xA0, 0x53, 0x0A, 0x00, 0x5B, 0xE1, 0x04, 0x60, 0x86, 0xA3
	.byte 0x0A, 0xB0, 0x4B, 0xA0, 0xCA, 0x00, 0x5B, 0xE1, 0x02, 0x60, 0x86, 0xA3, 0xCA, 0xB0, 0x4B, 0xA0
	.byte 0x4A, 0x01, 0x5B, 0xE1, 0x01, 0x60, 0x86, 0xA3, 0xCA, 0xB1, 0xA0, 0xE1, 0x04, 0x00, 0x16, 0xE3
	.byte 0x0A, 0xB0, 0x8B, 0x10, 0x02, 0x00, 0x16, 0xE3, 0xCA, 0xB0, 0x8B, 0x10, 0x01, 0x00, 0x16, 0xE3
	.byte 0x4A, 0xB1, 0x8B, 0x10, 0x08, 0x00, 0x16, 0xE3, 0x00, 0xB0, 0x6B, 0x12, 0x0B, 0xA0, 0x89, 0xE0
	.byte 0x5C, 0x90, 0x9F, 0xE5, 0x0C, 0x00, 0x5A, 0xE1, 0x0C, 0xA0, 0xA0, 0xB1, 0xAC, 0x08, 0x5A, 0xE1
	.byte 0xD6, 0x90, 0x99, 0xE1, 0x02, 0xA0, 0xA0, 0xC1, 0xFF, 0x50, 0x05, 0xE2, 0x09, 0x70, 0x97, 0xE0
	.byte 0x04, 0x10, 0x81, 0xE2, 0x00, 0x70, 0xA0, 0x43, 0x01, 0x00, 0x00, 0x4A, 0x58, 0x00, 0x57, 0xE3
	.byte 0x58, 0x70, 0xA0, 0xC3
_021AF5F4:
	.byte 0xB0, 0xA0, 0xC3, 0xE1, 0x02, 0x70, 0xC3, 0xE5, 0xFF, 0x60, 0x06, 0xE2
	.byte 0x06, 0x62, 0xA0, 0xE1, 0xFF, 0x60, 0x06, 0xE2, 0x06, 0x50, 0x85, 0xE1, 0x01, 0x50, 0xC0, 0xE4
	.byte 0x01, 0x40, 0x84, 0xE2, 0x08, 0x00, 0x54, 0xE1, 0xA5, 0xFF, 0xFF, 0x3A, 0xF8, 0x8F, 0xBD, 0xE8
_021AF620:
	.byte 0x1C, 0x3A, 0x1B, 0x02
_021AF624:
	.byte 0x0C, 0x3A, 0x1B, 0x02

	arm_func_start FUN_overlay_d_13__021af628
FUN_overlay_d_13__021af628: ; 0x021AF628
	stmdb sp!, {r3, r4, r5, r6, r7, r8, sb, sl, fp, lr}
	sub sp, sp, #0x10
	ldr r4, _021AFAAC ; =0xAAAAAAAB
	umull r5, r4, r2, r4
	movs r2, r4, lsr #1
	str r2, [sp]
	mov r2, #0
	str r2, [sp, #0xc]
	addeq sp, sp, #0x10
	ldmeqia sp!, {r3, r4, r5, r6, r7, r8, sb, sl, fp, pc}
	mov r4, #0x8000
	ldr lr, _021AFAB0 ; =0x00007FFF
	ldr r5, _021AFAB4 ; =_021B3A1C
	rsb r4, r4, #0
	arm_func_end FUN_overlay_d_13__021af628
_021AF660:
	.byte 0x02, 0x70, 0xD3, 0xE5, 0x00, 0xB0, 0xD0, 0xE5, 0x01, 0x20, 0xD0, 0xE5, 0x87, 0x60, 0xA0, 0xE1
	.byte 0xF6, 0x60, 0x95, 0xE1, 0xCB, 0x92, 0xA0, 0xE1, 0x02, 0x00, 0x19, 0xE3, 0x08, 0x60, 0x8D, 0xE5
	.byte 0x08, 0xA0, 0x9D, 0x15, 0x46, 0x61, 0xA0, 0xE1, 0x0A, 0x60, 0x86, 0x10, 0x01, 0x00, 0x19, 0xE3
	.byte 0x08, 0xA0, 0x9D, 0x15, 0x02, 0xC0, 0xD0, 0xE5, 0xCA, 0x60, 0x86, 0x10, 0xF0, 0x80, 0xD3, 0xE1
	.byte 0x04, 0x00, 0x19, 0xE3, 0x03, 0x00, 0x00, 0x0A, 0x06, 0x80, 0x48, 0xE0, 0x04, 0x00, 0x58, 0xE1
	.byte 0x04, 0x80, 0xA0, 0xB1, 0x02, 0x00, 0x00, 0xEA
_021AF6B8:
	.byte 0x06, 0x80, 0x88, 0xE0, 0x0E, 0x00, 0x58, 0xE1
	.byte 0x0E, 0x80, 0xA0, 0xC1
_021AF6C4:
	.byte 0xEC, 0x63, 0x9F, 0xE5, 0xD9, 0x60, 0x96, 0xE1, 0x06, 0x70, 0x97, 0xE0
	.byte 0x00, 0x70, 0xA0, 0x43, 0x01, 0x00, 0x00, 0x4A, 0x58, 0x00, 0x57, 0xE3, 0x58, 0x70, 0xA0, 0xC3
_021AF6E0:
	.byte 0x08, 0x68, 0xA0, 0xE1, 0x46, 0x68, 0xA0, 0xE1, 0x02, 0x70, 0xC3, 0xE5, 0xB0, 0x60, 0xC3, 0xE1
	.byte 0xB0, 0x60, 0xC1, 0xE1, 0x02, 0x70, 0xD3, 0xE5, 0x4B, 0x91, 0xA0, 0xE1, 0x02, 0x00, 0x19, 0xE3
	.byte 0x87, 0x60, 0xA0, 0xE1, 0xF6, 0x60, 0x95, 0xE1, 0xF0, 0x80, 0xD3, 0xE1, 0x04, 0x60, 0x8D, 0xE5
	.byte 0x04, 0xA0, 0x9D, 0x15, 0x46, 0x61, 0xA0, 0xE1, 0x0A, 0x60, 0x86, 0x10, 0x01, 0x00, 0x19, 0xE3
	.byte 0x04, 0xA0, 0x9D, 0x15, 0xCA, 0x60, 0x86, 0x10, 0x04, 0x00, 0x19, 0xE3, 0x03, 0x00, 0x00, 0x0A
	.byte 0x06, 0x80, 0x48, 0xE0, 0x04, 0x00, 0x58, 0xE1, 0x04, 0x80, 0xA0, 0xB1, 0x02, 0x00, 0x00, 0xEA
_021AF740:
	.byte 0x06, 0x80, 0x88, 0xE0, 0x0E, 0x00, 0x58, 0xE1, 0x0E, 0x80, 0xA0, 0xC1
_021AF74C:
	.byte 0x64, 0x63, 0x9F, 0xE5
	.byte 0x07, 0x90, 0x09, 0xE2, 0xD9, 0x60, 0x96, 0xE1, 0x06, 0x70, 0x97, 0xE0, 0x00, 0x70, 0xA0, 0x43
	.byte 0x01, 0x00, 0x00, 0x4A, 0x58, 0x00, 0x57, 0xE3, 0x58, 0x70, 0xA0, 0xC3
_021AF76C:
	.byte 0x08, 0x68, 0xA0, 0xE1
	.byte 0x02, 0x70, 0xC3, 0xE5, 0x46, 0x78, 0xA0, 0xE1, 0x8B, 0x60, 0xA0, 0xE1, 0xB0, 0x70, 0xC3, 0xE1
	.byte 0x07, 0x60, 0x06, 0xE2, 0xB2, 0x70, 0xC1, 0xE1, 0xC2, 0x83, 0x86, 0xE1, 0x02, 0x60, 0xD3, 0xE5
	.byte 0x02, 0x00, 0x18, 0xE3, 0xF0, 0x70, 0xD3, 0xE1, 0x86, 0x90, 0xA0, 0xE1, 0xF9, 0xA0, 0x95, 0xE1
	.byte 0x4A, 0x91, 0xA0, 0xE1, 0x0A, 0x90, 0x89, 0x10, 0x01, 0x00, 0x18, 0xE3, 0xCA, 0x90, 0x89, 0x10
	.byte 0x04, 0x00, 0x18, 0xE3, 0x03, 0x00, 0x00, 0x0A, 0x09, 0x70, 0x47, 0xE0, 0x04, 0x00, 0x57, 0xE1
	.byte 0x04, 0x70, 0xA0, 0xB1, 0x02, 0x00, 0x00, 0xEA
_021AF7C8:
	.byte 0x09, 0x70, 0x87, 0xE0, 0x0E, 0x00, 0x57, 0xE1
	.byte 0x0E, 0x70, 0xA0, 0xC1
_021AF7D4:
	.byte 0xDC, 0x92, 0x9F, 0xE5, 0xD8, 0x80, 0x99, 0xE1, 0x08, 0x60, 0x96, 0xE0
	.byte 0x00, 0x60, 0xA0, 0x43, 0x01, 0x00, 0x00, 0x4A, 0x58, 0x00, 0x56, 0xE3, 0x58, 0x60, 0xA0, 0xC3
_021AF7F0:
	.byte 0x02, 0x60, 0xC3, 0xE5, 0x07, 0x68, 0xA0, 0xE1, 0x46, 0x68, 0xA0, 0xE1, 0xB0, 0x60, 0xC3, 0xE1
	.byte 0xB4, 0x60, 0xC1, 0xE1, 0x02, 0x60, 0xD3, 0xE5, 0x42, 0x82, 0xA0, 0xE1, 0x02, 0x00, 0x18, 0xE3
	.byte 0x86, 0x90, 0xA0, 0xE1, 0xF9, 0xA0, 0x95, 0xE1, 0xF0, 0x70, 0xD3, 0xE1, 0x4A, 0x91, 0xA0, 0xE1
	.byte 0x0A, 0x90, 0x89, 0x10, 0x01, 0x00, 0x18, 0xE3, 0xCA, 0x90, 0x89, 0x10, 0x04, 0x00, 0x18, 0xE3
	.byte 0x03, 0x00, 0x00, 0x0A, 0x09, 0x70, 0x47, 0xE0, 0x04, 0x00, 0x57, 0xE1, 0x04, 0x70, 0xA0, 0xB1
	.byte 0x02, 0x00, 0x00, 0xEA
_021AF844:
	.byte 0x09, 0x70, 0x87, 0xE0, 0x0E, 0x00, 0x57, 0xE1, 0x0E, 0x70, 0xA0, 0xC1
_021AF850:
	.byte 0x07, 0x90, 0x08, 0xE2, 0x5C, 0x82, 0x9F, 0xE5, 0xD9, 0x80, 0x98, 0xE1, 0x08, 0x60, 0x96, 0xE0
	.byte 0x00, 0x60, 0xA0, 0x43, 0x01, 0x00, 0x00, 0x4A, 0x58, 0x00, 0x56, 0xE3, 0x58, 0x60, 0xA0, 0xC3
_021AF870:
	.byte 0x02, 0x60, 0xC3, 0xE5, 0x07, 0x68, 0xA0, 0xE1, 0x46, 0x68, 0xA0, 0xE1, 0xB0, 0x60, 0xC3, 0xE1
	.byte 0xB6, 0x60, 0xC1, 0xE1, 0x02, 0x60, 0xD3, 0xE5, 0xC2, 0x80, 0xA0, 0xE1, 0x02, 0x00, 0x18, 0xE3
	.byte 0x86, 0x90, 0xA0, 0xE1, 0xF9, 0xA0, 0x95, 0xE1, 0xF0, 0x70, 0xD3, 0xE1, 0x4A, 0x91, 0xA0, 0xE1
	.byte 0x0A, 0x90, 0x89, 0x10, 0x01, 0x00, 0x18, 0xE3, 0xCA, 0x90, 0x89, 0x10, 0x04, 0x00, 0x18, 0xE3
	.byte 0x03, 0x00, 0x00, 0x0A, 0x09, 0x70, 0x47, 0xE0, 0x04, 0x00, 0x57, 0xE1, 0x04, 0x70, 0xA0, 0xB1
	.byte 0x02, 0x00, 0x00, 0xEA
_021AF8C4:
	.byte 0x09, 0x70, 0x87, 0xE0, 0x0E, 0x00, 0x57, 0xE1, 0x0E, 0x70, 0xA0, 0xC1
_021AF8D0:
	.byte 0x07, 0x90, 0x08, 0xE2, 0xDC, 0x81, 0x9F, 0xE5, 0xD9, 0x80, 0x98, 0xE1, 0x08, 0x60, 0x96, 0xE0
	.byte 0x00, 0x60, 0xA0, 0x43, 0x01, 0x00, 0x00, 0x4A, 0x58, 0x00, 0x56, 0xE3, 0x58, 0x60, 0xA0, 0xC3
_021AF8F0:
	.byte 0x02, 0x60, 0xC3, 0xE5, 0x07, 0x68, 0xA0, 0xE1, 0x46, 0x68, 0xA0, 0xE1, 0x02, 0x21, 0xA0, 0xE1
	.byte 0xB0, 0x60, 0xC3, 0xE1, 0x07, 0x20, 0x02, 0xE2, 0xB8, 0x60, 0xC1, 0xE1, 0x4C, 0x73, 0x82, 0xE1
	.byte 0x02, 0x20, 0xD3, 0xE5, 0x02, 0x00, 0x17, 0xE3, 0xF0, 0x60, 0xD3, 0xE1, 0x82, 0x80, 0xA0, 0xE1
	.byte 0xF8, 0x90, 0x95, 0xE1, 0x49, 0x81, 0xA0, 0xE1, 0x09, 0x80, 0x88, 0x10, 0x01, 0x00, 0x17, 0xE3
	.byte 0xC9, 0x80, 0x88, 0x10, 0x04, 0x00, 0x17, 0xE3, 0x03, 0x00, 0x00, 0x0A, 0x08, 0x60, 0x46, 0xE0
	.byte 0x04, 0x00, 0x56, 0xE1, 0x04, 0x60, 0xA0, 0xB1, 0x02, 0x00, 0x00, 0xEA
_021AF94C:
	.byte 0x08, 0x60, 0x86, 0xE0
	.byte 0x0E, 0x00, 0x56, 0xE1, 0x0E, 0x60, 0xA0, 0xC1
_021AF958:
	.byte 0x58, 0x81, 0x9F, 0xE5, 0xD7, 0x70, 0x98, 0xE1
	.byte 0x07, 0x20, 0x92, 0xE0, 0x00, 0x20, 0xA0, 0x43, 0x01, 0x00, 0x00, 0x4A, 0x58, 0x00, 0x52, 0xE3
	.byte 0x58, 0x20, 0xA0, 0xC3
_021AF974:
	.byte 0x02, 0x20, 0xC3, 0xE5, 0x06, 0x28, 0xA0, 0xE1, 0x42, 0x28, 0xA0, 0xE1
	.byte 0xB0, 0x20, 0xC3, 0xE1, 0xBA, 0x20, 0xC1, 0xE1, 0x02, 0x20, 0xD3, 0xE5, 0xCC, 0x91, 0xA0, 0xE1
	.byte 0x02, 0x00, 0x19, 0xE3, 0x82, 0x70, 0xA0, 0xE1, 0xF7, 0x80, 0x95, 0xE1, 0xF0, 0x60, 0xD3, 0xE1
	.byte 0x48, 0x71, 0xA0, 0xE1, 0x08, 0x70, 0x87, 0x10, 0x01, 0x00, 0x19, 0xE3, 0xC8, 0x70, 0x87, 0x10
	.byte 0x04, 0x00, 0x19, 0xE3, 0x03, 0x00, 0x00, 0x0A, 0x07, 0x60, 0x46, 0xE0, 0x04, 0x00, 0x56, 0xE1
	.byte 0x04, 0x60, 0xA0, 0xB1, 0x02, 0x00, 0x00, 0xEA
_021AF9C8:
	.byte 0x07, 0x60, 0x86, 0xE0, 0x0E, 0x00, 0x56, 0xE1
	.byte 0x0E, 0x60, 0xA0, 0xC1
_021AF9D4:
	.byte 0xDC, 0x70, 0x9F, 0xE5, 0x07, 0x80, 0x09, 0xE2, 0xD8, 0x70, 0x97, 0xE1
	.byte 0x07, 0x20, 0x92, 0xE0, 0x00, 0x20, 0xA0, 0x43, 0x01, 0x00, 0x00, 0x4A, 0x58, 0x00, 0x52, 0xE3
	.byte 0x58, 0x20, 0xA0, 0xC3
_021AF9F4:
	.byte 0x02, 0x20, 0xC3, 0xE5, 0x06, 0x28, 0xA0, 0xE1, 0x42, 0x28, 0xA0, 0xE1
	.byte 0xB0, 0x20, 0xC3, 0xE1, 0xBC, 0x20, 0xC1, 0xE1, 0x02, 0x20, 0xD3, 0xE5, 0x02, 0x00, 0x1C, 0xE3
	.byte 0xF0, 0x60, 0xD3, 0xE1, 0x82, 0x70, 0xA0, 0xE1, 0xF7, 0x80, 0x95, 0xE1, 0x48, 0x71, 0xA0, 0xE1
	.byte 0x08, 0x70, 0x87, 0x10, 0x01, 0x00, 0x1C, 0xE3, 0xC8, 0x70, 0x87, 0x10, 0x04, 0x00, 0x1C, 0xE3
	.byte 0x03, 0x00, 0x00, 0x0A, 0x07, 0x60, 0x46, 0xE0, 0x04, 0x00, 0x56, 0xE1, 0x04, 0x60, 0xA0, 0xB1
	.byte 0x02, 0x00, 0x00, 0xEA
_021AFA44:
	.byte 0x07, 0x60, 0x86, 0xE0, 0x0E, 0x00, 0x56, 0xE1, 0x0E, 0x60, 0xA0, 0xC1
_021AFA50:
	.byte 0x60, 0x70, 0x9F, 0xE5, 0x07, 0x80, 0x0C, 0xE2, 0xD8, 0x70, 0x97, 0xE1, 0x07, 0x20, 0x92, 0xE0
	.byte 0x00, 0x20, 0xA0, 0x43, 0x01, 0x00, 0x00, 0x4A, 0x58, 0x00, 0x52, 0xE3, 0x58, 0x20, 0xA0, 0xC3
_021AFA70:
	.byte 0x02, 0x20, 0xC3, 0xE5, 0x06, 0x28, 0xA0, 0xE1, 0x42, 0x28, 0xA0, 0xE1, 0xB0, 0x20, 0xC3, 0xE1
	.byte 0xBE, 0x20, 0xC1, 0xE1, 0x0C, 0x20, 0x9D, 0xE5, 0x03, 0x00, 0x80, 0xE2, 0x01, 0x60, 0x82, 0xE2
	.byte 0x00, 0x20, 0x9D, 0xE5, 0x10, 0x10, 0x81, 0xE2, 0x0C, 0x60, 0x8D, 0xE5, 0x02, 0x00, 0x56, 0xE1
	.byte 0xEE, 0xFE, 0xFF, 0x3A, 0x10, 0xD0, 0x8D, 0xE2, 0xF8, 0x8F, 0xBD, 0xE8
_021AFAAC:
	.byte 0xAB, 0xAA, 0xAA, 0xAA
_021AFAB0:
	.byte 0xFF, 0x7F, 0x00, 0x00
_021AFAB4:
	.byte 0x1C, 0x3A, 0x1B, 0x02
_021AFAB8:
	.byte 0x04, 0x3A, 0x1B, 0x02

	arm_func_start FUN_overlay_d_13__021afabc
FUN_overlay_d_13__021afabc: ; 0x021AFABC
	stmdb sp!, {r3, r4, r5, r6, r7, r8, sb, sl, fp, lr}
	sub sp, sp, #0x10
	movs r2, r2, lsr #3
	str r2, [sp, #8]
	mov r2, #0
	str r2, [sp, #0xc]
	mov fp, #4
	addeq sp, sp, #0x10
	ldmeqia sp!, {r3, r4, r5, r6, r7, r8, sb, sl, fp, pc}
	mov lr, #0x8000
	rsb lr, lr, #0
	ldr r4, _021AFFDC ; =_021B3A1C
	ldr r2, _021AFFE0 ; =_021B3A04
	mov ip, lr, lsr #0x11
	arm_func_end FUN_overlay_d_13__021afabc
_021AFAF4:
	.byte 0x02, 0x60, 0xD3, 0xE5, 0xF0, 0x70, 0xD3, 0xE1, 0xF0, 0x50, 0xD1, 0xE1
	.byte 0x86, 0x80, 0xA0, 0xE1, 0xF8, 0x80, 0x94, 0xE1, 0x07, 0x90, 0x55, 0xE0, 0x0B, 0x50, 0xA0, 0x41
	.byte 0x00, 0x90, 0x69, 0x42, 0x00, 0x50, 0xA0, 0x53, 0x08, 0x00, 0x59, 0xE1, 0x02, 0x50, 0x85, 0xA3
	.byte 0x08, 0x90, 0x49, 0xA0, 0xC8, 0x00, 0x59, 0xE1, 0x01, 0x50, 0x85, 0xA3, 0x48, 0x91, 0xA0, 0xE1
	.byte 0x02, 0x00, 0x15, 0xE3, 0x08, 0x90, 0x89, 0x10, 0x01, 0x00, 0x15, 0xE3, 0xC8, 0x90, 0x89, 0x10
	.byte 0x04, 0x00, 0x15, 0xE3, 0x00, 0x90, 0x69, 0x12, 0x09, 0x80, 0x87, 0xE0, 0x0E, 0x00, 0x58, 0xE1
	.byte 0x0E, 0x80, 0xA0, 0xB1, 0xAE, 0x08, 0x58, 0xE1, 0xD5, 0x70, 0x92, 0xE1, 0x0C, 0x80, 0xA0, 0xC1
	.byte 0x07, 0x60, 0x96, 0xE0, 0x00, 0x60, 0xA0, 0x43, 0x01, 0x00, 0x00, 0x4A, 0x58, 0x00, 0x56, 0xE3
	.byte 0x58, 0x60, 0xA0, 0xC3
_021AFB74:
	.byte 0xFF, 0x50, 0x05, 0xE2, 0x85, 0x52, 0xA0, 0xE1, 0xB0, 0x80, 0xC3, 0xE1
	.byte 0xFF, 0x70, 0x05, 0xE2, 0x02, 0x60, 0xC3, 0xE5, 0xFF, 0xA0, 0x06, 0xE2, 0xF0, 0x50, 0xD3, 0xE1
	.byte 0xF2, 0x60, 0xD1, 0xE1, 0x05, 0x90, 0x56, 0xE0, 0x8A, 0x60, 0xA0, 0xE1, 0x0B, 0x80, 0xA0, 0x41
	.byte 0xF6, 0x60, 0x94, 0xE1, 0x00, 0x90, 0x69, 0x42, 0x00, 0x80, 0xA0, 0x53, 0x06, 0x00, 0x59, 0xE1
	.byte 0x02, 0x80, 0x88, 0xA3, 0x06, 0x90, 0x49, 0xA0, 0xC6, 0x00, 0x59, 0xE1, 0x01, 0x80, 0x88, 0xA3
	.byte 0x46, 0x91, 0xA0, 0xE1, 0x02, 0x00, 0x18, 0xE3, 0x06, 0x90, 0x89, 0x10, 0x01, 0x00, 0x18, 0xE3
	.byte 0xC6, 0x90, 0x89, 0x10, 0x04, 0x00, 0x18, 0xE3, 0x00, 0x90, 0x69, 0x12, 0x09, 0x60, 0x85, 0xE0
	.byte 0x0E, 0x00, 0x56, 0xE1, 0x0E, 0x60, 0xA0, 0xB1, 0xAE, 0x08, 0x56, 0xE1, 0xD8, 0x50, 0x92, 0xE1
	.byte 0x0C, 0x60, 0xA0, 0xC1, 0x05, 0xA0, 0x9A, 0xE0, 0x00, 0xA0, 0xA0, 0x43, 0x01, 0x00, 0x00, 0x4A
	.byte 0x58, 0x00, 0x5A, 0xE3, 0x58, 0xA0, 0xA0, 0xC3
_021AFC08:
	.byte 0xFF, 0x50, 0x08, 0xE2, 0x05, 0x51, 0xA0, 0xE1
	.byte 0xFF, 0x50, 0x05, 0xE2, 0x02, 0xA0, 0xC3, 0xE5, 0xB0, 0x60, 0xC3, 0xE1, 0x05, 0x70, 0x87, 0xE1
	.byte 0xF0, 0x50, 0xD3, 0xE1, 0xF4, 0x60, 0xD1, 0xE1, 0xFF, 0xA0, 0x0A, 0xE2, 0x05, 0x90, 0x56, 0xE0
	.byte 0x8A, 0x60, 0xA0, 0xE1, 0x0B, 0x80, 0xA0, 0x41, 0xF6, 0x60, 0x94, 0xE1, 0x00, 0x90, 0x69, 0x42
	.byte 0x00, 0x80, 0xA0, 0x53, 0x06, 0x00, 0x59, 0xE1, 0x02, 0x80, 0x88, 0xA3, 0x06, 0x90, 0x49, 0xA0
	.byte 0xC6, 0x00, 0x59, 0xE1, 0x01, 0x80, 0x88, 0xA3, 0x46, 0x91, 0xA0, 0xE1, 0x02, 0x00, 0x18, 0xE3
	.byte 0x06, 0x90, 0x89, 0x10, 0x01, 0x00, 0x18, 0xE3, 0xC6, 0x90, 0x89, 0x10, 0x04, 0x00, 0x18, 0xE3
	.byte 0x00, 0x90, 0x69, 0x12, 0x09, 0x60, 0x85, 0xE0, 0x0E, 0x00, 0x56, 0xE1, 0x0E, 0x60, 0xA0, 0xB1
	.byte 0xAE, 0x08, 0x56, 0xE1, 0xD8, 0x50, 0x92, 0xE1, 0x0C, 0x60, 0xA0, 0xC1, 0x05, 0xA0, 0x9A, 0xE0
	.byte 0x00, 0xA0, 0xA0, 0x43, 0x01, 0x00, 0x00, 0x4A, 0x58, 0x00, 0x5A, 0xE3, 0x58, 0xA0, 0xA0, 0xC3
_021AFCA0:
	.byte 0xFF, 0x50, 0x08, 0xE2, 0x04, 0x50, 0x8D, 0xE5, 0xB0, 0x60, 0xC3, 0xE1, 0x02, 0xA0, 0xC3, 0xE5
	.byte 0xC5, 0x50, 0x87, 0xE1, 0x00, 0x50, 0xC0, 0xE5, 0x02, 0x70, 0xD3, 0xE5, 0xF0, 0x60, 0xD3, 0xE1
	.byte 0xF6, 0x50, 0xD1, 0xE1, 0x87, 0x80, 0xA0, 0xE1, 0xF8, 0x80, 0x94, 0xE1, 0x06, 0x90, 0x55, 0xE0
	.byte 0x0B, 0x50, 0xA0, 0x41, 0x00, 0x90, 0x69, 0x42, 0x00, 0x50, 0xA0, 0x53, 0x08, 0x00, 0x59, 0xE1
	.byte 0x02, 0x50, 0x85, 0xA3, 0x08, 0x90, 0x49, 0xA0, 0xC8, 0x00, 0x59, 0xE1, 0x01, 0x50, 0x85, 0xA3
	.byte 0x48, 0x91, 0xA0, 0xE1, 0x02, 0x00, 0x15, 0xE3, 0x08, 0x90, 0x89, 0x10, 0x01, 0x00, 0x15, 0xE3
	.byte 0xC8, 0x90, 0x89, 0x10, 0x04, 0x00, 0x15, 0xE3, 0x00, 0x90, 0x69, 0x12, 0x09, 0x80, 0x86, 0xE0
	.byte 0x0E, 0x00, 0x58, 0xE1, 0x0E, 0x80, 0xA0, 0xB1, 0xAE, 0x08, 0x58, 0xE1, 0xD5, 0x60, 0x92, 0xE1
	.byte 0x0C, 0x80, 0xA0, 0xC1, 0x06, 0x70, 0x97, 0xE0, 0x00, 0x70, 0xA0, 0x43, 0x01, 0x00, 0x00, 0x4A
	.byte 0x58, 0x00, 0x57, 0xE3, 0x58, 0x70, 0xA0, 0xC3
_021AFD38:
	.byte 0xFF, 0x50, 0x05, 0xE2, 0x05, 0x52, 0xA0, 0xE1
	.byte 0xB0, 0x80, 0xC3, 0xE1, 0xFF, 0x60, 0x05, 0xE2, 0x02, 0x70, 0xC3, 0xE5, 0xFF, 0xA0, 0x07, 0xE2
	.byte 0xF0, 0x50, 0xD3, 0xE1, 0xF8, 0x70, 0xD1, 0xE1, 0x05, 0x90, 0x57, 0xE0, 0x8A, 0x70, 0xA0, 0xE1
	.byte 0x0B, 0x80, 0xA0, 0x41, 0xF7, 0x70, 0x94, 0xE1, 0x00, 0x90, 0x69, 0x42, 0x00, 0x80, 0xA0, 0x53
	.byte 0x07, 0x00, 0x59, 0xE1, 0x02, 0x80, 0x88, 0xA3, 0x07, 0x90, 0x49, 0xA0, 0xC7, 0x00, 0x59, 0xE1
	.byte 0x01, 0x80, 0x88, 0xA3, 0x47, 0x91, 0xA0, 0xE1, 0x02, 0x00, 0x18, 0xE3, 0x07, 0x90, 0x89, 0x10
	.byte 0x01, 0x00, 0x18, 0xE3, 0xC7, 0x90, 0x89, 0x10, 0x04, 0x00, 0x18, 0xE3, 0x00, 0x90, 0x69, 0x12
	.byte 0x09, 0x70, 0x85, 0xE0, 0x0E, 0x00, 0x57, 0xE1, 0x0E, 0x70, 0xA0, 0xB1, 0xAE, 0x08, 0x57, 0xE1
	.byte 0xD8, 0x50, 0x92, 0xE1, 0x0C, 0x70, 0xA0, 0xC1, 0x05, 0xA0, 0x9A, 0xE0, 0x00, 0xA0, 0xA0, 0x43
	.byte 0x01, 0x00, 0x00, 0x4A, 0x58, 0x00, 0x5A, 0xE3, 0x58, 0xA0, 0xA0, 0xC3
_021AFDCC:
	.byte 0xFF, 0x50, 0x08, 0xE2
	.byte 0x85, 0x50, 0xA0, 0xE1, 0xFF, 0x50, 0x05, 0xE2, 0x02, 0xA0, 0xC3, 0xE5, 0xB0, 0x70, 0xC3, 0xE1
	.byte 0x05, 0x60, 0x86, 0xE1, 0xF0, 0x50, 0xD3, 0xE1, 0xFA, 0x70, 0xD1, 0xE1, 0xFF, 0xA0, 0x0A, 0xE2
	.byte 0x05, 0x90, 0x57, 0xE0, 0x8A, 0x70, 0xA0, 0xE1, 0x0B, 0x80, 0xA0, 0x41, 0xF7, 0x70, 0x94, 0xE1
	.byte 0x00, 0x90, 0x69, 0x42, 0x00, 0x80, 0xA0, 0x53, 0x07, 0x00, 0x59, 0xE1, 0x02, 0x80, 0x88, 0xA3
	.byte 0x07, 0x90, 0x49, 0xA0, 0xC7, 0x00, 0x59, 0xE1, 0x01, 0x80, 0x88, 0xA3, 0x47, 0x91, 0xA0, 0xE1
	.byte 0x02, 0x00, 0x18, 0xE3, 0x07, 0x90, 0x89, 0x10, 0x01, 0x00, 0x18, 0xE3, 0xC7, 0x90, 0x89, 0x10
	.byte 0x04, 0x00, 0x18, 0xE3, 0x00, 0x90, 0x69, 0x12, 0x09, 0x50, 0x85, 0xE0, 0x0E, 0x00, 0x55, 0xE1
	.byte 0x0E, 0x50, 0xA0, 0xB1, 0xAE, 0x08, 0x55, 0xE1, 0xD8, 0x70, 0x92, 0xE1, 0x0C, 0x50, 0xA0, 0xC1
	.byte 0x07, 0xA0, 0x9A, 0xE0, 0x00, 0xA0, 0xA0, 0x43, 0x01, 0x00, 0x00, 0x4A, 0x58, 0x00, 0x5A, 0xE3
	.byte 0x58, 0xA0, 0xA0, 0xC3
_021AFE64:
	.byte 0x04, 0x70, 0x9D, 0xE5, 0xB0, 0x50, 0xC3, 0xE1, 0xFF, 0x50, 0x08, 0xE2
	.byte 0x87, 0x63, 0x86, 0xE1, 0x00, 0x50, 0x8D, 0xE5, 0x02, 0xA0, 0xC3, 0xE5, 0x45, 0x51, 0x86, 0xE1
	.byte 0x01, 0x50, 0xC0, 0xE5, 0x02, 0x70, 0xD3, 0xE5, 0xF0, 0x60, 0xD3, 0xE1, 0xFC, 0x50, 0xD1, 0xE1
	.byte 0x87, 0x80, 0xA0, 0xE1, 0xF8, 0x80, 0x94, 0xE1, 0x06, 0x90, 0x55, 0xE0, 0x0B, 0x50, 0xA0, 0x41
	.byte 0x00, 0x90, 0x69, 0x42, 0x00, 0x50, 0xA0, 0x53, 0x08, 0x00, 0x59, 0xE1, 0x02, 0x50, 0x85, 0xA3
	.byte 0x08, 0x90, 0x49, 0xA0, 0xC8, 0x00, 0x59, 0xE1, 0x01, 0x50, 0x85, 0xA3, 0x48, 0x91, 0xA0, 0xE1
	.byte 0x02, 0x00, 0x15, 0xE3, 0x08, 0x90, 0x89, 0x10, 0x01, 0x00, 0x15, 0xE3, 0xC8, 0x90, 0x89, 0x10
	.byte 0x04, 0x00, 0x15, 0xE3, 0x00, 0x90, 0x69, 0x12, 0x09, 0x80, 0x86, 0xE0, 0x0E, 0x00, 0x58, 0xE1
	.byte 0x0E, 0x80, 0xA0, 0xB1, 0xAE, 0x08, 0x58, 0xE1, 0xD5, 0x60, 0x92, 0xE1, 0x0C, 0x80, 0xA0, 0xC1
	.byte 0x06, 0x70, 0x97, 0xE0, 0x00, 0x70, 0xA0, 0x43, 0x01, 0x00, 0x00, 0x4A, 0x58, 0x00, 0x57, 0xE3
	.byte 0x58, 0x70, 0xA0, 0xC3
_021AFF04:
	.byte 0xFF, 0x50, 0x05, 0xE2, 0x85, 0x51, 0xA0, 0xE1, 0xB0, 0x80, 0xC3, 0xE1
	.byte 0xFF, 0x60, 0x05, 0xE2, 0x02, 0x70, 0xC3, 0xE5, 0xFF, 0xA0, 0x07, 0xE2, 0xFE, 0x70, 0xD1, 0xE1
	.byte 0xF0, 0x50, 0xD3, 0xE1, 0x10, 0x10, 0x81, 0xE2, 0x05, 0x90, 0x57, 0xE0, 0x8A, 0x70, 0xA0, 0xE1
	.byte 0x0B, 0x80, 0xA0, 0x41, 0xF7, 0x70, 0x94, 0xE1, 0x00, 0x90, 0x69, 0x42, 0x00, 0x80, 0xA0, 0x53
	.byte 0x07, 0x00, 0x59, 0xE1, 0x02, 0x80, 0x88, 0xA3, 0x07, 0x90, 0x49, 0xA0, 0xC7, 0x00, 0x59, 0xE1
	.byte 0x01, 0x80, 0x88, 0xA3, 0x47, 0x91, 0xA0, 0xE1, 0x02, 0x00, 0x18, 0xE3, 0x07, 0x90, 0x89, 0x10
	.byte 0x01, 0x00, 0x18, 0xE3, 0xC7, 0x90, 0x89, 0x10, 0x04, 0x00, 0x18, 0xE3, 0x00, 0x90, 0x69, 0x12
	.byte 0x09, 0x70, 0x85, 0xE0, 0x0E, 0x00, 0x57, 0xE1, 0x0E, 0x70, 0xA0, 0xB1, 0xAE, 0x08, 0x57, 0xE1
	.byte 0xD8, 0x50, 0x92, 0xE1, 0x0C, 0x70, 0xA0, 0xC1, 0x05, 0xA0, 0x9A, 0xE0, 0x00, 0xA0, 0xA0, 0x43
	.byte 0x01, 0x00, 0x00, 0x4A, 0x58, 0x00, 0x5A, 0xE3, 0x58, 0xA0, 0xA0, 0xC3
_021AFF9C:
	.byte 0xFF, 0x50, 0x08, 0xE2
	.byte 0x05, 0x60, 0x86, 0xE1, 0x00, 0x50, 0x9D, 0xE5, 0xB0, 0x70, 0xC3, 0xE1, 0x02, 0xA0, 0xC3, 0xE5
	.byte 0x05, 0x53, 0x86, 0xE1, 0x02, 0x50, 0xC0, 0xE5, 0x0C, 0x50, 0x9D, 0xE5, 0x03, 0x00, 0x80, 0xE2
	.byte 0x01, 0x60, 0x85, 0xE2, 0x08, 0x50, 0x9D, 0xE5, 0x0C, 0x60, 0x8D, 0xE5, 0x05, 0x00, 0x56, 0xE1
	.byte 0xC7, 0xFE, 0xFF, 0x3A, 0x10, 0xD0, 0x8D, 0xE2, 0xF8, 0x8F, 0xBD, 0xE8
_021AFFDC:
	.byte 0x1C, 0x3A, 0x1B, 0x02
_021AFFE0:
	.byte 0x04, 0x3A, 0x1B, 0x02

	arm_func_start FUN_overlay_d_13__021affe4
FUN_overlay_d_13__021affe4: ; 0x021AFFE4
	stmdb sp!, {r3, r4, r5, r6, r7, r8, sb, sl, fp, lr}
	mov r5, #0
	mov r7, r5
	cmp r2, #0
	ldmlsia sp!, {r3, r4, r5, r6, r7, r8, sb, sl, fp, pc}
	mov r4, #0x8000
	ldr lr, _021B01F0 ; =0x00007FFF
	ldr ip, _021B01F4 ; =_021B3A00
	ldr r6, _021B01F8 ; =_021B3A1C
	rsb r4, r4, #0
	arm_func_end FUN_overlay_d_13__021affe4
_021B000C:
	.byte 0x00, 0xA0, 0xD0, 0xE5
	.byte 0x02, 0x80, 0xD3, 0xE5, 0xF0, 0x90, 0xD3, 0xE1, 0x03, 0xB0, 0x0A, 0xE2, 0x88, 0xA0, 0xA0, 0xE1
	.byte 0xFA, 0xA0, 0x96, 0xE1, 0x01, 0x00, 0x1B, 0xE3, 0x05, 0xA0, 0xA0, 0x01, 0x02, 0x00, 0x1B, 0xE3
	.byte 0x03, 0x00, 0x00, 0x0A, 0x0A, 0x90, 0x49, 0xE0, 0x04, 0x00, 0x59, 0xE1, 0x04, 0x90, 0xA0, 0xB1
	.byte 0x02, 0x00, 0x00, 0xEA
_021B0044:
	.byte 0x0A, 0x90, 0x89, 0xE0, 0x0E, 0x00, 0x59, 0xE1, 0x0E, 0x90, 0xA0, 0xC1
_021B0050:
	.byte 0xDB, 0xA0, 0x9C, 0xE1, 0x0A, 0x80, 0x98, 0xE0, 0x00, 0x80, 0xA0, 0x43, 0x01, 0x00, 0x00, 0x4A
	.byte 0x58, 0x00, 0x58, 0xE3, 0x58, 0x80, 0xA0, 0xC3
_021B0068:
	.byte 0x02, 0x80, 0xC3, 0xE5, 0x09, 0x88, 0xA0, 0xE1
	.byte 0x48, 0x88, 0xA0, 0xE1, 0xB0, 0x80, 0xC3, 0xE1, 0xB0, 0x80, 0xC1, 0xE1, 0x00, 0xA0, 0xD0, 0xE5
	.byte 0x02, 0x80, 0xD3, 0xE5, 0xF0, 0x90, 0xD3, 0xE1, 0x4A, 0xA1, 0xA0, 0xE1, 0x03, 0xB0, 0x0A, 0xE2
	.byte 0x88, 0xA0, 0xA0, 0xE1, 0xFA, 0xA0, 0x96, 0xE1, 0x01, 0x00, 0x1B, 0xE3, 0x00, 0xA0, 0xA0, 0x03
	.byte 0x02, 0x00, 0x1B, 0xE3, 0x03, 0x00, 0x00, 0x0A, 0x0A, 0x90, 0x49, 0xE0, 0x04, 0x00, 0x59, 0xE1
	.byte 0x04, 0x90, 0xA0, 0xB1, 0x02, 0x00, 0x00, 0xEA
_021B00B8:
	.byte 0x0A, 0x90, 0x89, 0xE0, 0x0E, 0x00, 0x59, 0xE1
	.byte 0x0E, 0x90, 0xA0, 0xC1
_021B00C4:
	.byte 0xDB, 0xA0, 0x9C, 0xE1, 0x0A, 0x80, 0x98, 0xE0, 0x00, 0x80, 0xA0, 0x43
	.byte 0x01, 0x00, 0x00, 0x4A, 0x58, 0x00, 0x58, 0xE3, 0x58, 0x80, 0xA0, 0xC3
_021B00DC:
	.byte 0x02, 0x80, 0xC3, 0xE5
	.byte 0x09, 0x88, 0xA0, 0xE1, 0x48, 0x88, 0xA0, 0xE1, 0xB0, 0x80, 0xC3, 0xE1, 0xB2, 0x80, 0xC1, 0xE1
	.byte 0x00, 0xA0, 0xD0, 0xE5, 0x02, 0x80, 0xD3, 0xE5, 0xF0, 0x90, 0xD3, 0xE1, 0x4A, 0xA2, 0xA0, 0xE1
	.byte 0x03, 0xB0, 0x0A, 0xE2, 0x88, 0xA0, 0xA0, 0xE1, 0xFA, 0xA0, 0x96, 0xE1, 0x01, 0x00, 0x1B, 0xE3
	.byte 0x00, 0xA0, 0xA0, 0x03, 0x02, 0x00, 0x1B, 0xE3, 0x03, 0x00, 0x00, 0x0A, 0x0A, 0x90, 0x49, 0xE0
	.byte 0x04, 0x00, 0x59, 0xE1, 0x04, 0x90, 0xA0, 0xB1, 0x02, 0x00, 0x00, 0xEA
_021B012C:
	.byte 0x0A, 0x90, 0x89, 0xE0
	.byte 0x0E, 0x00, 0x59, 0xE1, 0x0E, 0x90, 0xA0, 0xC1
_021B0138:
	.byte 0xDB, 0xA0, 0x9C, 0xE1, 0x0A, 0x80, 0x98, 0xE0
	.byte 0x00, 0x80, 0xA0, 0x43, 0x01, 0x00, 0x00, 0x4A, 0x58, 0x00, 0x58, 0xE3, 0x58, 0x80, 0xA0, 0xC3
_021B0150:
	.byte 0x02, 0x80, 0xC3, 0xE5, 0x09, 0x88, 0xA0, 0xE1, 0x48, 0x88, 0xA0, 0xE1, 0xB0, 0x80, 0xC3, 0xE1
	.byte 0xB4, 0x80, 0xC1, 0xE1, 0x00, 0xA0, 0xD0, 0xE5, 0x02, 0x80, 0xD3, 0xE5, 0xF0, 0x90, 0xD3, 0xE1
	.byte 0x4A, 0xA3, 0xA0, 0xE1, 0x03, 0xB0, 0x0A, 0xE2, 0x88, 0xA0, 0xA0, 0xE1, 0xFA, 0xA0, 0x96, 0xE1
	.byte 0x01, 0x00, 0x1B, 0xE3, 0x00, 0xA0, 0xA0, 0x03, 0x02, 0x00, 0x1B, 0xE3, 0x03, 0x00, 0x00, 0x0A
	.byte 0x0A, 0x90, 0x49, 0xE0, 0x04, 0x00, 0x59, 0xE1, 0x04, 0x90, 0xA0, 0xB1, 0x02, 0x00, 0x00, 0xEA
_021B01A0:
	.byte 0x0A, 0x90, 0x89, 0xE0, 0x0E, 0x00, 0x59, 0xE1, 0x0E, 0x90, 0xA0, 0xC1
_021B01AC:
	.byte 0xDB, 0xA0, 0x9C, 0xE1
	.byte 0x0A, 0x80, 0x98, 0xE0, 0x00, 0x80, 0xA0, 0x43, 0x01, 0x00, 0x00, 0x4A, 0x58, 0x00, 0x58, 0xE3
	.byte 0x58, 0x80, 0xA0, 0xC3
_021B01C4:
	.byte 0x02, 0x80, 0xC3, 0xE5, 0x09, 0x88, 0xA0, 0xE1, 0x48, 0x98, 0xA0, 0xE1
	.byte 0xB0, 0x90, 0xC3, 0xE1, 0x01, 0x70, 0x87, 0xE2, 0xB6, 0x90, 0xC1, 0xE1, 0x08, 0x10, 0x81, 0xE2
	.byte 0x01, 0x00, 0x80, 0xE2, 0x02, 0x00, 0x57, 0xE1, 0x87, 0xFF, 0xFF, 0x3A, 0xF8, 0x8F, 0xBD, 0xE8
_021B01F0:
	.byte 0xFF, 0x7F, 0x00, 0x00
_021B01F4:
	.byte 0x00, 0x3A, 0x1B, 0x02
_021B01F8:
	.byte 0x1C, 0x3A, 0x1B, 0x02

	arm_func_start FUN_overlay_d_13__021b01fc
FUN_overlay_d_13__021b01fc: ; 0x021B01FC
	stmdb sp!, {r3, r4, r5, r6, r7, r8, sb, sl, fp, lr}
	movs r2, r2, lsr #2
	mov fp, #0
	str r2, [sp]
	ldmeqia sp!, {r3, r4, r5, r6, r7, r8, sb, sl, fp, pc}
	mov r4, #0x8000
	rsb r4, r4, #0
	ldr r5, _021B0434 ; =_021B3A1C
	ldr ip, _021B0438 ; =_021B3A00
	mov lr, r4, lsr #0x11
	arm_func_end FUN_overlay_d_13__021b01fc
_021B0224:
	.byte 0x02, 0x70, 0xD3, 0xE5, 0xF0, 0x60, 0xD3, 0xE1, 0xF0, 0x20, 0xD1, 0xE1
	.byte 0x87, 0x80, 0xA0, 0xE1, 0xF8, 0x80, 0x95, 0xE1, 0x06, 0x90, 0x52, 0xE0, 0x02, 0x20, 0xA0, 0x43
	.byte 0x00, 0x90, 0x69, 0x42, 0x00, 0x20, 0xA0, 0x53, 0x08, 0x00, 0x59, 0xE1, 0x01, 0x20, 0x82, 0xA3
	.byte 0x01, 0x00, 0x12, 0xE3, 0x00, 0x80, 0xA0, 0x03, 0x02, 0x00, 0x12, 0xE3, 0x00, 0x80, 0x68, 0x12
	.byte 0x08, 0x80, 0x86, 0xE0, 0x04, 0x00, 0x58, 0xE1, 0x04, 0x80, 0xA0, 0xB1, 0xA4, 0x08, 0x58, 0xE1
	.byte 0xD2, 0x60, 0x9C, 0xE1, 0x0E, 0x80, 0xA0, 0xC1, 0x06, 0x70, 0x97, 0xE0, 0x00, 0x70, 0xA0, 0x43
	.byte 0x01, 0x00, 0x00, 0x4A, 0x58, 0x00, 0x57, 0xE3, 0x58, 0x70, 0xA0, 0xC3
_021B028C:
	.byte 0xB0, 0x80, 0xC3, 0xE1
	.byte 0x02, 0x70, 0xC3, 0xE5, 0xFF, 0x60, 0x02, 0xE2, 0xF0, 0xA0, 0xD3, 0xE1, 0xF2, 0x20, 0xD1, 0xE1
	.byte 0xFF, 0x90, 0x07, 0xE2, 0x0A, 0x80, 0x52, 0xE0, 0x89, 0x20, 0xA0, 0xE1, 0x02, 0x70, 0xA0, 0x43
	.byte 0xF2, 0x20, 0x95, 0xE1, 0x00, 0x80, 0x68, 0x42, 0x00, 0x70, 0xA0, 0x53, 0x02, 0x00, 0x58, 0xE1
	.byte 0x01, 0x70, 0x87, 0xA3, 0x01, 0x00, 0x17, 0xE3, 0x00, 0x20, 0xA0, 0x03, 0x02, 0x00, 0x17, 0xE3
	.byte 0x00, 0x20, 0x62, 0x12, 0x02, 0x80, 0x8A, 0xE0, 0x04, 0x00, 0x58, 0xE1, 0x04, 0x80, 0xA0, 0xB1
	.byte 0xA4, 0x08, 0x58, 0xE1, 0xD7, 0x20, 0x9C, 0xE1, 0x0E, 0x80, 0xA0, 0xC1, 0x02, 0x90, 0x99, 0xE0
	.byte 0x00, 0x90, 0xA0, 0x43, 0x01, 0x00, 0x00, 0x4A, 0x58, 0x00, 0x59, 0xE3, 0x58, 0x90, 0xA0, 0xC3
_021B0300:
	.byte 0xFF, 0x20, 0x07, 0xE2, 0x02, 0x21, 0xA0, 0xE1, 0xB0, 0x80, 0xC3, 0xE1, 0xFF, 0x20, 0x02, 0xE2
	.byte 0x02, 0x90, 0xC3, 0xE5, 0x02, 0x60, 0x86, 0xE1, 0xF0, 0xA0, 0xD3, 0xE1, 0xF4, 0x20, 0xD1, 0xE1
	.byte 0xFF, 0x90, 0x09, 0xE2, 0x0A, 0x80, 0x52, 0xE0, 0x89, 0x20, 0xA0, 0xE1, 0x02, 0x70, 0xA0, 0x43
	.byte 0xF2, 0x20, 0x95, 0xE1, 0x00, 0x80, 0x68, 0x42, 0x00, 0x70, 0xA0, 0x53, 0x02, 0x00, 0x58, 0xE1
	.byte 0x01, 0x70, 0x87, 0xA3, 0x01, 0x00, 0x17, 0xE3, 0x00, 0x20, 0xA0, 0x03, 0x02, 0x00, 0x17, 0xE3
	.byte 0x00, 0x20, 0x62, 0x12, 0x02, 0x80, 0x8A, 0xE0, 0x04, 0x00, 0x58, 0xE1, 0x04, 0x80, 0xA0, 0xB1
	.byte 0xA4, 0x08, 0x58, 0xE1, 0xD7, 0x20, 0x9C, 0xE1, 0x0E, 0x80, 0xA0, 0xC1, 0x02, 0x90, 0x99, 0xE0
	.byte 0x00, 0x90, 0xA0, 0x43, 0x01, 0x00, 0x00, 0x4A, 0x58, 0x00, 0x59, 0xE3, 0x58, 0x90, 0xA0, 0xC3
_021B0380:
	.byte 0xFF, 0x20, 0x07, 0xE2, 0x02, 0x22, 0xA0, 0xE1, 0xB0, 0x80, 0xC3, 0xE1, 0xFF, 0x20, 0x02, 0xE2
	.byte 0x02, 0x90, 0xC3, 0xE5, 0x02, 0x60, 0x86, 0xE1, 0xF6, 0x20, 0xD1, 0xE1, 0xF0, 0xA0, 0xD3, 0xE1
	.byte 0xFF, 0x90, 0x09, 0xE2, 0x08, 0x10, 0x81, 0xE2, 0x0A, 0x80, 0x52, 0xE0, 0x89, 0x20, 0xA0, 0xE1
	.byte 0x02, 0x70, 0xA0, 0x43, 0xF2, 0x20, 0x95, 0xE1, 0x00, 0x80, 0x68, 0x42, 0x00, 0x70, 0xA0, 0x53
	.byte 0x02, 0x00, 0x58, 0xE1, 0x01, 0x70, 0x87, 0xA3, 0x01, 0x00, 0x17, 0xE3, 0x00, 0x20, 0xA0, 0x03
	.byte 0x02, 0x00, 0x17, 0xE3, 0x00, 0x20, 0x62, 0x12, 0x02, 0x80, 0x8A, 0xE0, 0x04, 0x00, 0x58, 0xE1
	.byte 0x04, 0x80, 0xA0, 0xB1, 0xA4, 0x08, 0x58, 0xE1, 0xD7, 0x20, 0x9C, 0xE1, 0x0E, 0x80, 0xA0, 0xC1
	.byte 0x02, 0x90, 0x99, 0xE0, 0x00, 0x90, 0xA0, 0x43, 0x01, 0x00, 0x00, 0x4A, 0x58, 0x00, 0x59, 0xE3
	.byte 0x58, 0x90, 0xA0, 0xC3
_021B0404:
	.byte 0xFF, 0x20, 0x07, 0xE2, 0x02, 0x23, 0xA0, 0xE1, 0xFF, 0x20, 0x02, 0xE2
	.byte 0xB0, 0x80, 0xC3, 0xE1, 0x02, 0x90, 0xC3, 0xE5, 0x02, 0x20, 0x86, 0xE1, 0x01, 0x20, 0xC0, 0xE4
	.byte 0x00, 0x20, 0x9D, 0xE5, 0x01, 0xB0, 0x8B, 0xE2, 0x02, 0x00, 0x5B, 0xE1, 0x7C, 0xFF, 0xFF, 0x3A
	.byte 0xF8, 0x8F, 0xBD, 0xE8
_021B0434:
	.byte 0x1C, 0x3A, 0x1B, 0x02
_021B0438:
	.byte 0x00, 0x3A, 0x1B, 0x02

	arm_func_start FUN_overlay_d_13__021b043c
FUN_overlay_d_13__021b043c: ; 0x021B043C
	stmdb sp!, {r3, lr}
	ldrsh ip, [r0]
	cmp r3, #2
	strh ip, [sp]
	ldrb ip, [r0, #2]
	strb ip, [sp, #2]
	beq _021B046C
	cmp r3, #3
	beq _021B0480
	cmp r3, #4
	beq _021B0494
	ldmia sp!, {r3, pc}
	arm_func_end FUN_overlay_d_13__021b043c
_021B046C:
	.byte 0x00, 0x30, 0x8D, 0xE2
	.byte 0x04, 0x00, 0x80, 0xE2, 0x04, 0x20, 0x42, 0xE2, 0xD9, 0xFE, 0xFF, 0xEB, 0x08, 0x80, 0xBD, 0xE8
_021B0480:
	.byte 0x00, 0x30, 0x8D, 0xE2, 0x04, 0x00, 0x80, 0xE2, 0x04, 0x20, 0x42, 0xE2, 0x65, 0xFC, 0xFF, 0xEB
	.byte 0x08, 0x80, 0xBD, 0xE8
_021B0494:
	.byte 0x00, 0x30, 0x8D, 0xE2, 0x04, 0x00, 0x80, 0xE2, 0x04, 0x20, 0x42, 0xE2
	.byte 0xA6, 0xFB, 0xFF, 0xEB, 0x08, 0x80, 0xBD, 0xE8

	arm_func_start FUN_overlay_d_13__021b04a8
FUN_overlay_d_13__021b04a8: ; 0x021B04A8
	stmdb sp!, {r4, lr}
	ldrsh r4, [r3]
	ldr ip, [sp, #8]
	mov lr, #0
	strh r4, [r0]
	ldrb r4, [r3, #2]
	cmp ip, #2
	strb r4, [r0, #2]
	strb lr, [r0, #3]
	beq _021B04E4
	cmp ip, #3
	beq _021B04F0
	cmp ip, #4
	beq _021B04FC
	ldmia sp!, {r4, pc}
	arm_func_end FUN_overlay_d_13__021b04a8
_021B04E4:
	.byte 0x04, 0x00, 0x80, 0xE2, 0x43, 0xFF, 0xFF, 0xEB, 0x10, 0x80, 0xBD, 0xE8
_021B04F0:
	.byte 0x04, 0x00, 0x80, 0xE2, 0x70, 0xFD, 0xFF, 0xEB, 0x10, 0x80, 0xBD, 0xE8
_021B04FC:
	.byte 0x04, 0x00, 0x80, 0xE2
	.byte 0xE3, 0xFB, 0xFF, 0xEB, 0x10, 0x80, 0xBD, 0xE8

	arm_func_start FUN_overlay_d_13__021b0508
FUN_overlay_d_13__021b0508: ; 0x021B0508
	stmdb sp!, {r3, r4, r5, r6, r7, r8, sb, lr}
	bl FUN_02087170
	ldr r2, _021B05E4 ; =0x021B3C84
	ldr r1, _021B05E8 ; =_021B3C24
	mov r3, #1
	strh r0, [r2]
	str r3, [r1]
	mov r4, #0
	str r4, [r2, #0x20]
	ldr r0, _021B05EC ; =0x021B60D8
	str r4, [r2, #4]
	ldr r0, [r0, #0x10]
	mov sb, #0
	cmp r0, #1
	movne r4, #4
	str r4, [r2, #0x1c]
	ldr r2, _021B05F0 ; =_021B3AD0
	mov r0, #0x44
	add r1, r2, r4, lsl #1
	ldrb r3, [r1, #1]
	ldrb r2, [r2, r4, lsl #1]
	ldr r1, _021B05E4 ; =0x021B3C84
	mov r4, #0x440
	mla r0, r2, r0, r3
	add r2, r0, #0xc
	str r4, [r1, #0x24]
	ldr r0, _021B05F4 ; =0x021B42C0
	str r2, [r1, #0xc]
	str sb, [r0, #0x8c0]
	str sb, [r0, #0x8c4]
	str sb, [r0, #0x8cc]
	str sb, [r0, #0x8c8]
	str sb, [r0, #0x8d0]
	str sb, [r0, #0x8d4]
	bl FUN_overlay_d_13__021b3250
	mov r8, sb
	ldr r7, _021B05F8 ; =0x021B3CB0
	ldr r6, _021B05FC ; =0x021B3CBC
	mvn r5, #0
	mov r4, #0x94
	b _021B05CC
	arm_func_end FUN_overlay_d_13__021b0508
_021B05AC:
	.byte 0x09, 0x00, 0xA0, 0xE1
	.byte 0x09, 0x81, 0x87, 0xE7, 0x4A, 0x04, 0x00, 0xEB, 0x99, 0x64, 0x20, 0xE0, 0x09, 0x10, 0xA0, 0xE1
	.byte 0x05, 0x20, 0xA0, 0xE1, 0xFC, 0x04, 0x00, 0xEB, 0x01, 0x90, 0x89, 0xE2
_021B05CC:
	.byte 0x03, 0x00, 0x59, 0xE3
	.byte 0xF5, 0xFF, 0xFF, 0x3A, 0x48, 0x03, 0x00, 0xEB, 0x61, 0x0B, 0x00, 0xEB, 0x01, 0x00, 0xA0, 0xE3
	.byte 0xF8, 0x83, 0xBD, 0xE8
_021B05E4:
	.byte 0x84, 0x3C, 0x1B, 0x02
_021B05E8:
	.byte 0x24, 0x3C, 0x1B, 0x02
_021B05EC:
	.byte 0xD8, 0x60, 0x1B, 0x02
_021B05F0:
	.byte 0xD0, 0x3A, 0x1B, 0x02
_021B05F4:
	.byte 0xC0, 0x42, 0x1B, 0x02
_021B05F8:
	.byte 0xB0, 0x3C, 0x1B, 0x02
_021B05FC:
	.byte 0xBC, 0x3C, 0x1B, 0x02
	.byte 0x08, 0x00, 0x9F, 0xE5, 0x00, 0x10, 0xA0, 0xE3, 0x20, 0x10, 0x80, 0xE5, 0x1E, 0xFF, 0x2F, 0xE1
	.byte 0x84, 0x3C, 0x1B, 0x02

	arm_func_start FUN_overlay_d_13__021b0614
FUN_overlay_d_13__021b0614: ; 0x021B0614
	stmdb sp!, {r3, r4, r5, r6, r7, lr}
	movs r6, r0
	mov r4, #0
	moveq r0, r4
	ldmeqia sp!, {r3, r4, r5, r6, r7, pc}
	ldr r0, _021B073C ; =0x021B3C84
	ldr r0, [r0, #0x20]
	cmp r0, #3
	moveq r0, r4
	ldmeqia sp!, {r3, r4, r5, r6, r7, pc}
	ldr r0, [r6, #0xc]
	cmp r0, #2
	cmpne r0, #3
	movne r0, r4
	ldmneia sp!, {r3, r4, r5, r6, r7, pc}
	mov r5, #0
	ldr r1, _021B0740 ; =0x021B3CB0
	b _021B0670
	arm_func_end FUN_overlay_d_13__021b0614
_021B065C:
	.byte 0x05, 0x01, 0x91, 0xE7
	.byte 0x06, 0x00, 0x50, 0xE1, 0x01, 0x00, 0xA0, 0x03, 0xF8, 0x80, 0xBD, 0x08, 0x01, 0x50, 0x85, 0xE2
_021B0670:
	.byte 0x03, 0x00, 0x55, 0xE3, 0xF8, 0xFF, 0xFF, 0x3A, 0x00, 0x50, 0xA0, 0xE3, 0xBC, 0x10, 0x9F, 0xE5
	.byte 0x04, 0x00, 0x00, 0xEA
_021B0684:
	.byte 0x05, 0x01, 0x91, 0xE7, 0x00, 0x00, 0x50, 0xE3, 0x05, 0x61, 0x81, 0x07
	.byte 0x02, 0x00, 0x00, 0x0A, 0x01, 0x50, 0x85, 0xE2
_021B0698:
	.byte 0x03, 0x00, 0x55, 0xE3, 0xF8, 0xFF, 0xFF, 0x3A
_021B06A0:
	.byte 0x94, 0x70, 0x9F, 0xE5, 0x98, 0x10, 0x9F, 0xE5, 0x20, 0x20, 0x97, 0xE5, 0x94, 0x00, 0xA0, 0xE3
	.byte 0x01, 0x20, 0x82, 0xE2, 0x20, 0x20, 0x87, 0xE5, 0x04, 0x30, 0x97, 0xE5, 0x08, 0x20, 0x96, 0xE5
	.byte 0x95, 0x10, 0x20, 0xE0, 0x02, 0x10, 0x83, 0xE1, 0x04, 0x10, 0x87, 0xE5, 0x05, 0x20, 0xD6, 0xE5
	.byte 0x05, 0x10, 0xA0, 0xE1, 0xB8, 0x04, 0x00, 0xEB, 0x05, 0x00, 0xA0, 0xE1, 0x00, 0x04, 0x00, 0xEB
	.byte 0x0C, 0x00, 0x96, 0xE5, 0x02, 0x00, 0x50, 0xE3, 0x01, 0x00, 0xA0, 0x13, 0xF8, 0x80, 0xBD, 0x18
	.byte 0x20, 0x00, 0x97, 0xE5, 0x01, 0x00, 0x50, 0xE3, 0x0D, 0x00, 0x00, 0x1A, 0x45, 0x0A, 0x00, 0xEB
	.byte 0x9A, 0x5A, 0xFB, 0xEB, 0xB0, 0x00, 0xC7, 0xE1, 0xB0, 0x41, 0xC7, 0xE1, 0x12, 0x40, 0xC7, 0xE5
	.byte 0x01, 0x10, 0xA0, 0xE3, 0x2C, 0x00, 0x9F, 0xE5, 0x14, 0x10, 0x87, 0xE5, 0xC0, 0x48, 0x80, 0xE5
	.byte 0xC4, 0x48, 0x80, 0xE5, 0xCC, 0x48, 0x80, 0xE5, 0xC8, 0x48, 0x80, 0xE5, 0xD0, 0x48, 0x80, 0xE5
	.byte 0xD4, 0x48, 0x80, 0xE5
_021B0734:
	.byte 0x01, 0x00, 0xA0, 0xE3, 0xF8, 0x80, 0xBD, 0xE8
_021B073C:
	.byte 0x84, 0x3C, 0x1B, 0x02
_021B0740:
	.byte 0xB0, 0x3C, 0x1B, 0x02
_021B0744:
	.byte 0xBC, 0x3C, 0x1B, 0x02
_021B0748:
	.byte 0xC0, 0x42, 0x1B, 0x02

	arm_func_start FUN_overlay_d_13__021b074c
FUN_overlay_d_13__021b074c: ; 0x021B074C
	stmdb sp!, {r4, r5, r6, lr}
	ldr r3, _021B07EC ; =0x021B3CB0
	mov r5, r0
	mov r4, #0
	arm_func_end FUN_overlay_d_13__021b074c
_021B075C:
	.byte 0x04, 0x01, 0x93, 0xE7
	.byte 0x05, 0x00, 0x50, 0xE1, 0x13, 0x00, 0x00, 0x1A, 0x80, 0x10, 0x9F, 0xE5, 0x94, 0x00, 0xA0, 0xE3
	.byte 0x94, 0x10, 0x20, 0xE0, 0x78, 0x60, 0x9F, 0xE5, 0x00, 0x20, 0xA0, 0xE3, 0x20, 0x10, 0x96, 0xE5
	.byte 0x04, 0x21, 0x83, 0xE7, 0x01, 0x10, 0x41, 0xE2, 0x20, 0x10, 0x86, 0xE5, 0xAD, 0x04, 0x00, 0xEB
	.byte 0x04, 0x00, 0xA0, 0xE1, 0xE1, 0x03, 0x00, 0xEB, 0x04, 0x00, 0xA0, 0xE1, 0xE6, 0x02, 0x00, 0xEB
	.byte 0x08, 0x00, 0x95, 0xE5, 0x04, 0x10, 0x96, 0xE5, 0x00, 0x00, 0xE0, 0xE1, 0x00, 0x00, 0x01, 0xE0
	.byte 0x04, 0x00, 0x86, 0xE5, 0x02, 0x00, 0x00, 0xEA
_021B07B8:
	.byte 0x01, 0x40, 0x84, 0xE2, 0x03, 0x00, 0x54, 0xE3
	.byte 0xE5, 0xFF, 0xFF, 0x3A
_021B07C4:
	.byte 0x28, 0x40, 0x9F, 0xE5, 0x20, 0x00, 0x94, 0xE5, 0x00, 0x00, 0x50, 0xE3
	.byte 0x70, 0x80, 0xBD, 0x18, 0x01, 0x00, 0xA0, 0xE3, 0x14, 0x00, 0x84, 0xE5, 0x0D, 0x0A, 0x00, 0xEB
	.byte 0x00, 0x00, 0xA0, 0xE3, 0x04, 0x00, 0x84, 0xE5, 0x70, 0x80, 0xBD, 0xE8
_021B07EC:
	.byte 0xB0, 0x3C, 0x1B, 0x02
_021B07F0:
	.byte 0xBC, 0x3C, 0x1B, 0x02
_021B07F4:
	.byte 0x84, 0x3C, 0x1B, 0x02

	arm_func_start FUN_overlay_d_13__021b07f8
FUN_overlay_d_13__021b07f8: ; 0x021B07F8
	stmdb sp!, {r3, r4, r5, lr}
	ldr r3, _021B08F4 ; =0x021B3C84
	mov r2, r1
	ldr r1, [r3, #0x24]
	mov r5, #0
	cmp r2, r1
	movne r0, r5
	ldmneia sp!, {r3, r4, r5, pc}
	ldr r1, [r3, #0x20]
	cmp r1, #0
	moveq r0, r5
	ldmeqia sp!, {r3, r4, r5, pc}
	mov r4, r5
	ldr r3, _021B08F8 ; =0x021B3CB0
	b _021B0854
	arm_func_end FUN_overlay_d_13__021b07f8
_021B0834:
	.byte 0x04, 0x11, 0x93, 0xE7, 0x00, 0x00, 0x51, 0xE3, 0x03, 0x00, 0x00, 0x0A
	.byte 0x0C, 0x10, 0x91, 0xE5, 0x02, 0x00, 0x51, 0xE3, 0x01, 0x50, 0xA0, 0x03, 0x02, 0x00, 0x00, 0x0A
_021B0850:
	.byte 0x01, 0x40, 0x84, 0xE2
_021B0854:
	.byte 0x03, 0x00, 0x54, 0xE3, 0xF5, 0xFF, 0xFF, 0x3A
_021B085C:
	.byte 0x00, 0x00, 0x55, 0xE3
	.byte 0x00, 0x00, 0xA0, 0x03, 0x38, 0x80, 0xBD, 0x08, 0x8C, 0x10, 0x9F, 0xE5, 0x88, 0x40, 0x9F, 0xE5
	.byte 0xC4, 0x18, 0x91, 0xE5, 0x84, 0x30, 0x9F, 0xE5, 0x01, 0x00, 0x11, 0xE3, 0x70, 0x10, 0x9F, 0xE5
	.byte 0x00, 0x50, 0xA0, 0x13, 0x46, 0x5E, 0xA0, 0x03, 0x1C, 0x10, 0x91, 0xE5, 0x05, 0x30, 0x84, 0xE7
	.byte 0x02, 0x00, 0x51, 0xE3, 0x05, 0x50, 0x84, 0xE0, 0x01, 0x00, 0x00, 0xBA, 0x10, 0x10, 0x85, 0xE2
	.byte 0x00, 0x00, 0x00, 0xEA
_021B08A4:
	.byte 0x0C, 0x10, 0x85, 0xE2
_021B08A8:
	.byte 0x97, 0x48, 0xFB, 0xEB, 0x40, 0x00, 0x9F, 0xE5
	.byte 0x40, 0x40, 0xA0, 0xE3, 0xB0, 0x20, 0xD0, 0xE1, 0x04, 0x40, 0xC5, 0xE5, 0x01, 0x10, 0x82, 0xE2
	.byte 0xB0, 0x10, 0xC0, 0xE1, 0xB6, 0x20, 0xC5, 0xE1, 0x00, 0x5A, 0xFB, 0xEB, 0x04, 0x20, 0xA0, 0xE1
	.byte 0x00, 0x30, 0xA0, 0xE3, 0xCC, 0xAD, 0xFB, 0xEB, 0x08, 0x00, 0x85, 0xE5, 0x18, 0x10, 0x9F, 0xE5
	.byte 0x01, 0x00, 0xA0, 0xE3, 0xC4, 0x28, 0x91, 0xE5, 0x01, 0x20, 0x82, 0xE2, 0xC4, 0x28, 0x81, 0xE5
	.byte 0x38, 0x80, 0xBD, 0xE8
_021B08F4:
	.byte 0x84, 0x3C, 0x1B, 0x02
_021B08F8:
	.byte 0xB0, 0x3C, 0x1B, 0x02
_021B08FC:
	.byte 0xC0, 0x42, 0x1B, 0x02
_021B0900:
	.byte 0x54, 0x43, 0x56, 0x5F

	arm_func_start FUN_overlay_d_13__021b0904
FUN_overlay_d_13__021b0904: ; 0x021B0904
	stmdb sp!, {r3, r4, r5, r6, r7, r8, sb, sl, fp, lr}
	sub sp, sp, #8
	ldr r4, _021B0B40 ; =0x021B3CBC
	mov sl, r2
	mov r2, #0x94
	mla r6, sl, r2, r4
	str r0, [sp]
	mov r0, sl
	str r1, [sp, #4]
	mov fp, r3
	mov r7, #1
	bl FUN_overlay_d_13__021b19ac
	movs r4, r0
	beq _021B0B1C
	arm_func_end FUN_overlay_d_13__021b0904
_021B093C:
	.byte 0xE3, 0x59, 0xFB, 0xEB
	.byte 0x00, 0x80, 0xA0, 0xE1, 0x0A, 0x00, 0xA0, 0xE1, 0x01, 0x90, 0xA0, 0xE1, 0xEE, 0x03, 0x00, 0xEB
	.byte 0x00, 0x50, 0xB0, 0xE1, 0x6A, 0x00, 0x00, 0x0A, 0x6C, 0x44, 0x95, 0xE5, 0x34, 0x10, 0x98, 0xE2
	.byte 0x70, 0x24, 0x95, 0xE5, 0x00, 0x00, 0xA9, 0xE2, 0x00, 0x00, 0x52, 0xE1, 0x01, 0x00, 0x54, 0x01
	.byte 0x1D, 0x00, 0x00, 0x9A, 0x5C, 0x04, 0x95, 0xE5, 0x01, 0x40, 0xA0, 0xE3, 0x00, 0x00, 0x50, 0xE3
	.byte 0x00, 0x70, 0xA0, 0xE3, 0x15, 0x00, 0x00, 0x1A, 0x3C, 0x00, 0x96, 0xE5, 0x00, 0x00, 0x50, 0xE3
	.byte 0x12, 0x00, 0x00, 0x0A, 0x20, 0x00, 0x96, 0xE5, 0x00, 0x10, 0x9D, 0xE5, 0x01, 0x00, 0x80, 0xE2
	.byte 0x20, 0x00, 0x86, 0xE5, 0x3C, 0x00, 0x96, 0xE5, 0x04, 0x20, 0x9D, 0xE5, 0x74, 0x04, 0x90, 0xE5
	.byte 0x55, 0x48, 0xFB, 0xEB, 0x3C, 0x00, 0x96, 0xE5, 0x89, 0x09, 0x00, 0xEB, 0x3C, 0x70, 0x86, 0xE5
	.byte 0x00, 0x00, 0x5B, 0xE3, 0x10, 0x00, 0xD5, 0x15, 0x00, 0x10, 0x9B, 0x15, 0x08, 0xD0, 0x8D, 0xE2
	.byte 0x14, 0x00, 0x81, 0x11, 0x00, 0x00, 0x8B, 0x15, 0x01, 0x00, 0xA0, 0xE3, 0xF8, 0x8F, 0xBD, 0xE8
_021B09E0:
	.byte 0x08, 0xD0, 0x8D, 0xE2, 0x00, 0x00, 0xA0, 0xE3, 0xF8, 0x8F, 0xBD, 0xE8
_021B09EC:
	.byte 0x50, 0x01, 0x9F, 0xE5
	.byte 0x00, 0x10, 0x94, 0xE0, 0x00, 0x00, 0xA2, 0xE2, 0x00, 0x00, 0x59, 0xE1, 0x01, 0x00, 0x58, 0x01
	.byte 0x09, 0x00, 0x00, 0x9A, 0x18, 0x20, 0x95, 0xE5, 0x06, 0x00, 0xA0, 0xE1, 0x05, 0x10, 0xA0, 0xE1
	.byte 0x58, 0x20, 0x86, 0xE5, 0x16, 0x04, 0x00, 0xEB, 0x00, 0x40, 0xA0, 0xE1, 0x0A, 0x00, 0xA0, 0xE1
	.byte 0xB9, 0x03, 0x00, 0xEB, 0x00, 0x70, 0xA0, 0xE3, 0x39, 0x00, 0x00, 0xEA
_021B0A2C:
	.byte 0x58, 0x10, 0x96, 0xE5
	.byte 0x18, 0x20, 0x95, 0xE5, 0x01, 0x00, 0x81, 0xE2, 0x02, 0x00, 0x50, 0xE1, 0x00, 0x00, 0x51, 0x13
	.byte 0x06, 0x00, 0x00, 0x0A, 0x02, 0x00, 0x51, 0xE1, 0x04, 0x00, 0x00, 0x8A, 0x5C, 0x04, 0x95, 0xE5
	.byte 0x00, 0x00, 0x50, 0xE3, 0x14, 0x00, 0x96, 0x05, 0x01, 0x00, 0x80, 0x02, 0x14, 0x00, 0x86, 0x05
_021B0A60:
	.byte 0x18, 0x00, 0x95, 0xE5, 0x00, 0x00, 0x57, 0xE3, 0x58, 0x00, 0x86, 0xE5, 0x70, 0x00, 0x96, 0x15
	.byte 0x00, 0x00, 0x50, 0x13, 0x09, 0x00, 0x00, 0x0A, 0x06, 0x00, 0xA0, 0xE1, 0x05, 0x10, 0xA0, 0xE1
	.byte 0xFB, 0x03, 0x00, 0xEB, 0x00, 0x40, 0xA0, 0xE1, 0x0A, 0x00, 0xA0, 0xE1, 0x9E, 0x03, 0x00, 0xEB
	.byte 0x70, 0x00, 0x96, 0xE5, 0x01, 0x00, 0x40, 0xE2, 0x70, 0x00, 0x86, 0xE5, 0x1C, 0x00, 0x00, 0xEA
_021B0AA0:
	.byte 0x64, 0x24, 0x95, 0xE5, 0x28, 0x00, 0x96, 0xE5, 0x02, 0x10, 0x58, 0xE0, 0x00, 0x00, 0x41, 0xE0
	.byte 0x01, 0x00, 0x40, 0xE0, 0x28, 0x10, 0x86, 0xE5, 0x20, 0x02, 0x81, 0xE0, 0x2C, 0x00, 0x86, 0xE5
	.byte 0x00, 0x00, 0x86, 0xE5, 0x74, 0x04, 0x95, 0xE5, 0x00, 0x10, 0x9D, 0xE5, 0x04, 0x20, 0x9D, 0xE5
	.byte 0x01, 0x40, 0xA0, 0xE3, 0x0C, 0x48, 0xFB, 0xEB, 0x06, 0x00, 0xA0, 0xE1, 0x05, 0x10, 0xA0, 0xE1
	.byte 0xE3, 0x03, 0x00, 0xEB, 0x00, 0x00, 0x5B, 0xE3, 0x10, 0x00, 0xD5, 0x15, 0x00, 0x10, 0x9B, 0x15
	.byte 0x08, 0xD0, 0x8D, 0xE2, 0x14, 0x00, 0x81, 0x11, 0x00, 0x00, 0x8B, 0x15, 0x01, 0x00, 0xA0, 0xE3
	.byte 0xF8, 0x8F, 0xBD, 0xE8
_021B0B04:
	.byte 0x08, 0xD0, 0x8D, 0xE2, 0x08, 0x40, 0x86, 0xE5, 0x00, 0x00, 0xA0, 0xE3
	.byte 0xF8, 0x8F, 0xBD, 0xE8
_021B0B14:
	.byte 0x00, 0x00, 0x54, 0xE3, 0x87, 0xFF, 0xFF, 0x1A
_021B0B1C:
	.byte 0x3C, 0x00, 0x96, 0xE5
	.byte 0x00, 0x00, 0x50, 0xE3, 0x02, 0x00, 0x00, 0x0A, 0x2D, 0x09, 0x00, 0xEB, 0x00, 0x00, 0xA0, 0xE3
	.byte 0x3C, 0x00, 0x86, 0xE5
_021B0B34:
	.byte 0x00, 0x00, 0xA0, 0xE3, 0x08, 0xD0, 0x8D, 0xE2, 0xF8, 0x8F, 0xBD, 0xE8
_021B0B40:
	.byte 0xBC, 0x3C, 0x1B, 0x02
_021B0B44:
	.byte 0x4C, 0x8B, 0x00, 0x00

	arm_func_start FUN_overlay_d_13__021b0b48
FUN_overlay_d_13__021b0b48: ; 0x021B0B48
	stmdb sp!, {r3, r4, r5, r6, r7, r8, sb, lr}
	movs r5, r2
	mov r7, r0
	movne r0, #0
	strne r0, [r5]
	ldr r0, _021B0C5C ; =0x021B3C84
	mov r6, r1
	ldr r1, [r0, #0x24]
	mov r4, #0
	cmp r6, r1
	bne _021B0C24
	ldr r0, [r0, #0x20]
	cmp r0, #0
	beq _021B0C24
	mov r8, r4
	arm_func_end FUN_overlay_d_13__021b0b48
_021B0B84:
	.byte 0x07, 0x00, 0xA0, 0xE1, 0x06, 0x10, 0xA0, 0xE1, 0x08, 0x20, 0xA0, 0xE1
	.byte 0x05, 0x30, 0xA0, 0xE1, 0x5A, 0xFF, 0xFF, 0xEB, 0x01, 0x00, 0x50, 0xE3, 0x01, 0x40, 0xA0, 0x03
	.byte 0x02, 0x00, 0x00, 0x0A, 0x01, 0x80, 0x88, 0xE2, 0x03, 0x00, 0x58, 0xE3, 0xF4, 0xFF, 0xFF, 0x3A
_021B0BB0:
	.byte 0x00, 0x00, 0x54, 0xE3, 0x15, 0x00, 0x00, 0x0A, 0x01, 0x90, 0x88, 0xE2, 0x03, 0x00, 0x59, 0xE3
	.byte 0x01, 0x40, 0xA0, 0x03, 0x1B, 0x00, 0x00, 0x0A, 0x1A, 0x00, 0x00, 0x2A, 0x8C, 0x80, 0x9F, 0xE5
_021B0BD0:
	.byte 0x08, 0x00, 0xA0, 0xE1, 0x06, 0x10, 0xA0, 0xE1, 0x09, 0x20, 0xA0, 0xE1, 0x05, 0x30, 0xA0, 0xE1
	.byte 0x47, 0xFF, 0xFF, 0xEB, 0x01, 0x00, 0x50, 0xE3, 0x04, 0x00, 0x00, 0x1A, 0x07, 0x00, 0xA0, 0xE1
	.byte 0x08, 0x10, 0xA0, 0xE1, 0x07, 0x20, 0xA0, 0xE1, 0x06, 0x30, 0xA0, 0xE1, 0x88, 0x0A, 0x00, 0xEB
_021B0C00:
	.byte 0x01, 0x90, 0x89, 0xE2, 0x03, 0x00, 0x59, 0xE3, 0xF0, 0xFF, 0xFF, 0x3A, 0x09, 0x00, 0x00, 0xEA
_021B0C10:
	.byte 0x07, 0x10, 0xA0, 0xE1, 0x06, 0x20, 0xA0, 0xE1, 0x00, 0x00, 0xA0, 0xE3, 0xA7, 0x47, 0xFB, 0xEB
	.byte 0x04, 0x00, 0x00, 0xEA
_021B0C24:
	.byte 0x00, 0x40, 0xA0, 0xE3, 0x04, 0x00, 0xA0, 0xE1, 0x07, 0x10, 0xA0, 0xE1
	.byte 0x06, 0x20, 0xA0, 0xE1, 0xA1, 0x47, 0xFB, 0xEB
_021B0C38:
	.byte 0x1C, 0x00, 0x9F, 0xE5, 0x18, 0x00, 0x90, 0xE5
	.byte 0x00, 0x00, 0x50, 0xE3, 0x02, 0x00, 0x00, 0x0A, 0x07, 0x00, 0xA0, 0xE1, 0x06, 0x10, 0xA0, 0xE1
	.byte 0xE2, 0x09, 0x00, 0xEB
_021B0C54:
	.byte 0x04, 0x00, 0xA0, 0xE1, 0xF8, 0x83, 0xBD, 0xE8
_021B0C5C:
	.byte 0x84, 0x3C, 0x1B, 0x02
_021B0C60:
	.byte 0x78, 0x3E, 0x1B, 0x02, 0x05, 0x00, 0x50, 0xE3, 0x00, 0x00, 0xA0, 0xA3, 0x1E, 0xFF, 0x2F, 0xA1
	.byte 0x50, 0x10, 0x9F, 0xE5, 0x10, 0x10, 0x91, 0xE5, 0x01, 0x00, 0x51, 0xE3, 0x02, 0x00, 0x00, 0x0A
	.byte 0x01, 0x00, 0x50, 0xE3, 0x00, 0x00, 0xA0, 0x93, 0x1E, 0xFF, 0x2F, 0x91, 0x38, 0x20, 0x9F, 0xE5
	.byte 0x38, 0x10, 0x9F, 0xE5, 0x80, 0xC0, 0xD2, 0xE7, 0x80, 0x30, 0xD1, 0xE7, 0x44, 0x10, 0xA0, 0xE3
	.byte 0x2C, 0x20, 0x9F, 0xE5, 0x93, 0xC1, 0x21, 0xE0, 0x0C, 0x10, 0x81, 0xE2, 0x0C, 0x10, 0x82, 0xE5
	.byte 0x1C, 0x00, 0x82, 0xE5, 0x00, 0x00, 0xA0, 0xE3, 0xB0, 0x01, 0xC2, 0xE1, 0x12, 0x00, 0xC2, 0xE5
	.byte 0x01, 0x00, 0xA0, 0xE3, 0x1E, 0xFF, 0x2F, 0xE1, 0xD8, 0x60, 0x1B, 0x02, 0xD1, 0x3A, 0x1B, 0x02
	.byte 0xD0, 0x3A, 0x1B, 0x02, 0x84, 0x3C, 0x1B, 0x02

	arm_func_start FUN_021B0CD8
FUN_021B0CD8: ; 0x021B0CD8
	stmdb sp!, {r4, lr}
	ldr r1, _021B0D00 ; =_021B3C24
	mov r4, r0
	str r4, [r1]
	bl FUN_overlay_d_13__021b3018
	cmp r4, #0
	ldreq r0, _021B0D04 ; =0x021B3C84
	moveq r1, #1
	streq r1, [r0, #8]
	ldmia sp!, {r4, pc}
	.balign 4, 0
_021B0D00: .word 0x021B3C24
_021B0D04: .word 0x021B3C84
	arm_func_end FUN_021B0CD8

	arm_func_start FUN_021B0D08
FUN_021B0D08: ; 0x021B0D08
	ldr r1, _021B0D14 ; =0x021B3C84
	str r0, [r1, #0x18]
	bx lr
	.balign 4, 0
_021B0D14: .word 0x021B3C84
	arm_func_end FUN_021B0D08

	arm_func_start FUN_overlay_d_13__021b0d18
FUN_overlay_d_13__021b0d18: ; 0x021B0D18
	stmdb sp!, {r3, r4, r5, r6, r7, r8, sb, sl, fp, lr}
	ldr r6, _021B0F1C ; =0x021B42C0
	ldr r4, _021B0F20 ; =0x021B3C84
	ldr r1, [r6, #0x8c4]
	ldr r0, [r6, #0x8c0]
	ldr sl, [r4, #0x1c]
	sub r0, r1, r0
	cmp r0, #1
	subhi r0, r1, #1
	strhi r0, [r6, #0x8c0]
	movhi r0, #1
	cmp r0, #0
	mov r5, #0
	moveq r0, #0
	ldmeqia sp!, {r3, r4, r5, r6, r7, r8, sb, sl, fp, pc}
	ldr r0, [r6, #0x8c0]
	ldr r1, [r4, #0x24]
	tst r0, #1
	movne r0, #0
	moveq r0, #0x460
	add r8, r6, r0
	add r7, r8, #0xc
	cmp sl, #2
	addge r7, r7, #4
	mov r0, r7
	bl FUN_overlay_d_13__021b3278
	ldr r1, _021B0F24 ; =0x040002B0
	mov fp, r0
	strh r5, [r1]
	str fp, [r1, #8]
	arm_func_end FUN_overlay_d_13__021b0d18
_021B0D90:
	.byte 0xB0, 0x00, 0xD1, 0xE1, 0x02, 0x09, 0x10, 0xE3, 0xFC, 0xFF, 0xFF, 0x1A, 0x18, 0x00, 0x94, 0xE5
	.byte 0x80, 0x11, 0x9F, 0xE5, 0x00, 0x00, 0x50, 0xE3, 0x00, 0x90, 0x91, 0xE5, 0x03, 0x00, 0x00, 0x0A
	.byte 0x24, 0x10, 0x94, 0xE5, 0x07, 0x00, 0xA0, 0xE1, 0x09, 0x20, 0xA0, 0xE1, 0x10, 0x0A, 0x00, 0xEB
_021B0DC0:
	.byte 0x64, 0x01, 0x9F, 0xE5, 0x05, 0xA0, 0xC8, 0xE5, 0x00, 0x00, 0x90, 0xE5, 0x00, 0x00, 0x50, 0xE3
	.byte 0x14, 0x00, 0x00, 0x0A, 0x0B, 0x00, 0xA0, 0xE1, 0x09, 0x10, 0xA0, 0xE1, 0x05, 0x20, 0xA0, 0xE1
	.byte 0xA7, 0x08, 0x00, 0xEB, 0x28, 0x00, 0x84, 0xE5, 0x00, 0x00, 0x50, 0xE3, 0x05, 0x00, 0x00, 0x0A
	.byte 0x01, 0x00, 0x50, 0xE3, 0x08, 0x00, 0x00, 0x0A, 0x03, 0x00, 0x50, 0xE3, 0x41, 0x00, 0xA0, 0x03
	.byte 0x04, 0x00, 0xC8, 0x05, 0x07, 0x00, 0x00, 0xEA
_021B0E08:
	.byte 0xC0, 0x18, 0x96, 0xE5, 0x05, 0x00, 0xA0, 0xE1
	.byte 0x01, 0x10, 0x81, 0xE2, 0xC0, 0x18, 0x86, 0xE5, 0xF8, 0x8F, 0xBD, 0xE8
_021B0E1C:
	.byte 0x05, 0x00, 0xD8, 0xE5
	.byte 0x80, 0x00, 0x80, 0xE3, 0x05, 0x00, 0xC8, 0xE5
_021B0E28:
	.byte 0xFC, 0x00, 0x9F, 0xE5, 0x00, 0x00, 0x90, 0xE5
	.byte 0x00, 0x00, 0x50, 0xE3, 0x05, 0x00, 0x00, 0x1A, 0x08, 0x00, 0x94, 0xE5, 0x00, 0x00, 0x50, 0xE3
	.byte 0x05, 0x00, 0xD8, 0x15, 0x80, 0x00, 0x80, 0x13, 0x05, 0x00, 0xC8, 0x15, 0x08, 0x50, 0x84, 0x15
_021B0E50:
	.byte 0x14, 0x00, 0x94, 0xE5, 0x00, 0x00, 0x50, 0xE3, 0x05, 0x00, 0xD8, 0x15, 0x80, 0x00, 0x80, 0x13
	.byte 0x05, 0x00, 0xC8, 0x15, 0x14, 0x50, 0x84, 0x15, 0x02, 0x00, 0x5A, 0xE3, 0x0B, 0x00, 0x00, 0xBA
	.byte 0x05, 0x00, 0xD8, 0xE5, 0xB4, 0x30, 0x9F, 0xE5, 0x07, 0x10, 0xA0, 0xE1, 0x80, 0x00, 0x10, 0xE3
	.byte 0xB0, 0x51, 0xC4, 0x11, 0x12, 0x50, 0xC4, 0x15, 0x00, 0xA0, 0x8D, 0xE5, 0x24, 0x20, 0x94, 0xE5
	.byte 0x04, 0x00, 0x47, 0xE2, 0xA2, 0x20, 0xA0, 0xE1, 0x82, 0xFD, 0xFF, 0xEB, 0x0E, 0x00, 0x00, 0xEA
_021B0EA0:
	.byte 0x01, 0x00, 0x5A, 0xE3, 0x05, 0x00, 0x00, 0x1A, 0x24, 0x20, 0x94, 0xE5, 0x07, 0x00, 0xA0, 0xE1
	.byte 0x07, 0x10, 0xA0, 0xE1, 0xA2, 0x20, 0xA0, 0xE1, 0xB2, 0x01, 0x00, 0xEB, 0x06, 0x00, 0x00, 0xEA
_021B0EC0:
	.byte 0x00, 0x00, 0x5A, 0xE3, 0x04, 0x00, 0x00, 0x1A, 0x24, 0x20, 0x94, 0xE5, 0x07, 0x00, 0xA0, 0xE1
	.byte 0x07, 0x10, 0xA0, 0xE1, 0xA2, 0x20, 0xA0, 0xE1, 0xEA, 0x01, 0x00, 0xEB
_021B0EDC:
	.byte 0x04, 0x20, 0x94, 0xE5
	.byte 0x4C, 0x00, 0x9F, 0xE5, 0xCC, 0x28, 0x86, 0xE5, 0x00, 0x00, 0xD0, 0xE5, 0x01, 0x10, 0xA0, 0xE3
	.byte 0x11, 0x00, 0xE0, 0xE1, 0x00, 0x00, 0x02, 0xE0, 0xCC, 0x08, 0x86, 0xE5, 0x88, 0x3F, 0xFB, 0xEB
	.byte 0x01, 0x00, 0x40, 0xE2, 0xD4, 0x08, 0x86, 0xE5, 0x07, 0x00, 0x50, 0xE3, 0x00, 0x00, 0xA0, 0xC3
	.byte 0x08, 0x00, 0xA0, 0xD1, 0xD0, 0x58, 0x86, 0xD5, 0xF8, 0x8F, 0xBD, 0xE8
_021B0F1C:
	.byte 0xC0, 0x42, 0x1B, 0x02
_021B0F20:
	.byte 0x84, 0x3C, 0x1B, 0x02
_021B0F24:
	.byte 0xB0, 0x02, 0x00, 0x04
_021B0F28:
	.byte 0xB4, 0x02, 0x00, 0x04
_021B0F2C:
	.byte 0x24, 0x3C, 0x1B, 0x02
_021B0F30:
	.byte 0x94, 0x3C, 0x1B, 0x02
_021B0F34:
	.byte 0xD8, 0x60, 0x1B, 0x02

	arm_func_start FUN_overlay_d_13__021b0f38
FUN_overlay_d_13__021b0f38: ; 0x021B0F38
	stmdb sp!, {r3, r4, r5, r6, r7, r8, sb, sl, fp, lr}
	ldr r4, _021B110C ; =0x021B3C84
	mov sl, r0
	ldr r0, [r4, #0x20]
	ldr r7, [sp, #0x28]
	mov sb, r1
	mov r8, r2
	mov fp, r3
	mov r5, #0
	cmp r0, #0
	moveq r0, r5
	ldmeqia sp!, {r3, r4, r5, r6, r7, r8, sb, sl, fp, pc}
	ldr r2, _021B1110 ; =0x021B3CBC
	mov r4, r5
	mov r0, #0x94
	arm_func_end FUN_overlay_d_13__021b0f38
_021B0F74:
	.byte 0x94, 0x20, 0x23, 0xE0, 0x38, 0x10, 0x93, 0xE5, 0x01, 0x00, 0x5A, 0xE1
	.byte 0x03, 0x50, 0xA0, 0x01, 0x02, 0x00, 0x00, 0x0A, 0x01, 0x40, 0x84, 0xE2, 0x03, 0x00, 0x54, 0xE3
	.byte 0xF7, 0xFF, 0xFF, 0x3A
_021B0F94:
	.byte 0x00, 0x00, 0x55, 0xE3, 0x00, 0x00, 0xA0, 0x03, 0xF8, 0x8F, 0xBD, 0x08
	.byte 0x04, 0x00, 0xD9, 0xE5, 0x41, 0x00, 0x50, 0xE3, 0x06, 0x00, 0x00, 0x1A, 0xB6, 0x20, 0xD9, 0xE1
	.byte 0x00, 0x00, 0xA0, 0xE3, 0x01, 0x10, 0xA0, 0xE3, 0x30, 0x20, 0x85, 0xE5, 0x4C, 0x00, 0x85, 0xE5
	.byte 0x6C, 0x10, 0x85, 0xE5, 0xF8, 0x8F, 0xBD, 0xE8
_021B0FC8:
	.byte 0x40, 0x00, 0x50, 0xE3, 0x00, 0x00, 0xA0, 0x13
	.byte 0xF8, 0x8F, 0xBD, 0x18, 0x05, 0x00, 0xD9, 0xE5, 0x7F, 0x60, 0x00, 0xE2, 0x05, 0x00, 0x56, 0xE3
	.byte 0x24, 0x60, 0x85, 0xE5, 0x00, 0x00, 0xA0, 0xA3, 0xF8, 0x8F, 0xBD, 0xA8, 0x20, 0x11, 0x9F, 0xE5
	.byte 0x20, 0x01, 0x9F, 0xE5, 0x86, 0x20, 0xD1, 0xE7, 0x86, 0x10, 0xD0, 0xE7, 0x44, 0x00, 0xA0, 0xE3
	.byte 0x91, 0x20, 0x20, 0xE0, 0x0C, 0x00, 0x80, 0xE2, 0x00, 0x00, 0x58, 0xE1, 0x00, 0x00, 0xA0, 0x13
	.byte 0xF8, 0x8F, 0xBD, 0x18, 0x00, 0x00, 0x5A, 0xE3, 0x01, 0x00, 0xA0, 0x13, 0x10, 0x1A, 0xA0, 0x11
	.byte 0xE4, 0x00, 0x9F, 0xE5, 0x01, 0x10, 0xA0, 0x03, 0x04, 0x00, 0x90, 0xE5, 0x01, 0x00, 0x10, 0xE1
	.byte 0x00, 0x00, 0xA0, 0x03, 0xF8, 0x8F, 0xBD, 0x08, 0xDC, 0x07, 0x00, 0xEB, 0x00, 0x40, 0xB0, 0xE1
	.byte 0x0D, 0x00, 0x00, 0x1A, 0x34, 0x00, 0x95, 0xE5, 0xB4, 0x01, 0x00, 0xEB, 0x34, 0x00, 0x95, 0xE5
	.byte 0xB9, 0x00, 0x00, 0xEB, 0xD5, 0x07, 0x00, 0xEB, 0x00, 0x40, 0xB0, 0xE1, 0x03, 0x00, 0x00, 0x1A
	.byte 0xCA, 0x01, 0x00, 0xEB, 0xCB, 0x00, 0x00, 0xEB, 0xD0, 0x07, 0x00, 0xEB, 0x00, 0x40, 0xA0, 0xE1
_021B1070:
	.byte 0x00, 0x00, 0x54, 0xE3, 0x00, 0x00, 0xA0, 0x03, 0xF8, 0x8F, 0xBD, 0x08
_021B107C:
	.byte 0x5C, 0x00, 0x84, 0xE2
	.byte 0x01, 0x0B, 0x80, 0xE2, 0x0C, 0x20, 0x48, 0xE2, 0x02, 0x10, 0x40, 0xE0, 0x0C, 0x00, 0x89, 0xE2
	.byte 0x00, 0x10, 0x8D, 0xE5, 0x2A, 0x47, 0xFB, 0xEB, 0x34, 0x00, 0x95, 0xE5, 0x0C, 0x10, 0x48, 0xE2
	.byte 0x11, 0x00, 0xC4, 0xE5, 0x00, 0x00, 0x9D, 0xE5, 0x0C, 0x60, 0x84, 0xE5, 0x74, 0x04, 0x84, 0xE5
	.byte 0x14, 0x10, 0x84, 0xE5, 0x64, 0xB4, 0x84, 0xE5, 0x68, 0x74, 0x84, 0xE5, 0x10, 0xA0, 0xC4, 0xE5
	.byte 0x05, 0x20, 0xD9, 0xE5, 0x05, 0x00, 0xA0, 0xE1, 0x04, 0x10, 0xA0, 0xE1, 0x80, 0x20, 0x02, 0xE2
	.byte 0x5C, 0x24, 0x84, 0xE5, 0x08, 0x20, 0x99, 0xE5, 0x60, 0x24, 0x84, 0xE5, 0xB6, 0x20, 0xD9, 0xE1
	.byte 0x18, 0x20, 0x84, 0xE5, 0xAA, 0x02, 0x00, 0xEB, 0x00, 0x00, 0x50, 0xE3, 0x04, 0x00, 0xA0, 0xE1
	.byte 0x02, 0x00, 0x00, 0x1A, 0xBA, 0x07, 0x00, 0xEB, 0x00, 0x00, 0xA0, 0xE3, 0xF8, 0x8F, 0xBD, 0xE8
_021B1100:
	.byte 0xBF, 0x00, 0x00, 0xEB, 0x01, 0x00, 0xA0, 0xE3, 0xF8, 0x8F, 0xBD, 0xE8
_021B110C:
	.byte 0x84, 0x3C, 0x1B, 0x02
_021B1110:
	.byte 0xBC, 0x3C, 0x1B, 0x02
_021B1114:
	.byte 0xD1, 0x3A, 0x1B, 0x02
_021B1118:
	.byte 0xD0, 0x3A, 0x1B, 0x02

	arm_func_start FUN_overlay_d_13__021b111c
FUN_overlay_d_13__021b111c: ; 0x021B111C
	stmdb sp!, {r4, r5, r6, r7, r8, lr}
	bl FUN_overlay_d_13__021b1488
	movs r4, r0
	moveq r0, #0
	ldmeqia sp!, {r4, r5, r6, r7, r8, pc}
	bl FUN_02087988
	ldrb r6, [r4, #0x11]
	mov r7, r0
	mov r0, r6
	bl FUN_overlay_d_13__021b1498
	mov r5, r0
	cmp r5, #0
	mov r4, #0
	ble _021B11D8
	arm_func_end FUN_overlay_d_13__021b111c
_021B1154:
	.byte 0x06, 0x00, 0xA0, 0xE1, 0xD2, 0x00, 0x00, 0xEB, 0x00, 0x80, 0xA0, 0xE1
	.byte 0x0C, 0x30, 0x98, 0xE5, 0x02, 0x00, 0x53, 0xE3, 0x04, 0x00, 0x00, 0xBA, 0x74, 0x04, 0x98, 0xE5
	.byte 0x14, 0x20, 0x98, 0xE5, 0x1C, 0x10, 0x88, 0xE2, 0xAF, 0xFC, 0xFF, 0xEB, 0x07, 0x00, 0x00, 0xEA
_021B1180:
	.byte 0x01, 0x00, 0x53, 0xE3, 0x74, 0x04, 0x98, 0xE5, 0x14, 0x20, 0x98, 0xE5, 0x1C, 0x10, 0x88, 0xE2
	.byte 0x01, 0x00, 0x00, 0x1A, 0x26, 0x01, 0x00, 0xEB, 0x00, 0x00, 0x00, 0xEA
_021B119C:
	.byte 0x44, 0x01, 0x00, 0xEB
_021B11A0:
	.byte 0x1C, 0x10, 0x88, 0xE2, 0x08, 0x00, 0xA0, 0xE1, 0x74, 0x14, 0x88, 0xE5, 0xD1, 0x00, 0x00, 0xEB
	.byte 0x11, 0x10, 0xD8, 0xE5, 0x08, 0x00, 0xA0, 0xE1, 0x94, 0x01, 0x00, 0xEB, 0x00, 0x00, 0x50, 0xE3
	.byte 0x01, 0x00, 0x00, 0xAA, 0x08, 0x00, 0xA0, 0xE1, 0x85, 0x07, 0x00, 0xEB
_021B11CC:
	.byte 0x01, 0x40, 0x84, 0xE2
	.byte 0x05, 0x00, 0x54, 0xE1, 0xDE, 0xFF, 0xFF, 0xBA
_021B11D8:
	.byte 0x07, 0x00, 0xA0, 0xE1, 0xEE, 0x59, 0xFB, 0xEB
	.byte 0x05, 0x00, 0xA0, 0xE1, 0xF0, 0x81, 0xBD, 0xE8

	arm_func_start FUN_overlay_d_13__021b11e8
FUN_overlay_d_13__021b11e8: ; 0x021B11E8
	stmdb sp!, {r4, r5, r6, r7, r8, lr}
	ldr r5, _021B12EC ; =0x021B3C84
	ldr r0, [r5, #0x20]
	cmp r0, #0
	moveq r0, #1
	ldmeqia sp!, {r4, r5, r6, r7, r8, pc}
	ldr r4, _021B12F0 ; =0x021B42C0
	ldr r0, [r4, #0x8c8]
	cmp r0, #0
	bne _021B1230
	bl FUN_overlay_d_13__021b0d18
	str r0, [r4, #0x8c8]
	cmp r0, #0
	ldrne r0, [r5, #0x18]
	cmpne r0, #0
	movne r0, #0
	moveq r0, #1
	ldmia sp!, {r4, r5, r6, r7, r8, pc}
	arm_func_end FUN_overlay_d_13__021b11e8
_021B1230:
	.byte 0xBC, 0x00, 0x9F, 0xE5, 0x01, 0x50, 0xA0, 0xE3, 0x10, 0x00, 0x90, 0xE5, 0x02, 0x00, 0x50, 0xE3
	.byte 0x07, 0x00, 0x00, 0x1A, 0xD0, 0x28, 0x94, 0xE5, 0xA8, 0x00, 0x9F, 0xE5, 0x01, 0x10, 0x82, 0xE2
	.byte 0xD0, 0x18, 0x84, 0xE5, 0xD4, 0x18, 0x94, 0xE5, 0x81, 0x10, 0x81, 0xE0, 0x01, 0x00, 0x80, 0xE0
	.byte 0x00, 0x50, 0xD2, 0xE7
_021B1264:
	.byte 0x00, 0x40, 0xA0, 0xE3, 0x02, 0x81, 0xA0, 0xE3, 0x7C, 0x70, 0x9F, 0xE5
	.byte 0x74, 0x60, 0x9F, 0xE5, 0x18, 0x00, 0x00, 0xEA
_021B1278:
	.byte 0xCC, 0x18, 0x97, 0xE5, 0x01, 0x20, 0xA0, 0xE1
	.byte 0x12, 0x2F, 0x6F, 0xE1, 0x20, 0x00, 0x52, 0xE3, 0x15, 0x00, 0x00, 0x0A, 0x38, 0x02, 0xE0, 0xE1
	.byte 0x00, 0x00, 0x01, 0xE0, 0xCC, 0x08, 0x87, 0xE5, 0x1F, 0x00, 0x62, 0xE2, 0xC8, 0x18, 0x97, 0xE5
	.byte 0x0C, 0x20, 0x96, 0xE5, 0xFF, 0x00, 0x00, 0xE2, 0x65, 0x17, 0xFF, 0xEB, 0xCC, 0x08, 0x97, 0xE5
	.byte 0x00, 0x00, 0x50, 0xE3, 0x07, 0x00, 0x00, 0x1A, 0x30, 0x00, 0x9F, 0xE5, 0x00, 0x10, 0xA0, 0xE3
	.byte 0xC0, 0x28, 0x90, 0xE5, 0x01, 0x20, 0x82, 0xE2, 0xC0, 0x28, 0x80, 0xE5, 0xC8, 0x18, 0x80, 0xE5
	.byte 0xCC, 0x18, 0x80, 0xE5, 0x02, 0x00, 0x00, 0xEA
_021B12D8:
	.byte 0x01, 0x40, 0x84, 0xE2
_021B12DC:
	.byte 0x05, 0x00, 0x54, 0xE1
	.byte 0xE4, 0xFF, 0xFF, 0xBA
_021B12E4:
	.byte 0x01, 0x00, 0xA0, 0xE3, 0xF0, 0x81, 0xBD, 0xE8
_021B12EC:
	.byte 0x84, 0x3C, 0x1B, 0x02
_021B12F0:
	.byte 0xC0, 0x42, 0x1B, 0x02
_021B12F4:
	.byte 0xD8, 0x60, 0x1B, 0x02
_021B12F8:
	.byte 0xDA, 0x3A, 0x1B, 0x02

	arm_func_start FUN_overlay_d_13__021b12fc
FUN_overlay_d_13__021b12fc: ; 0x021B12FC
	stmdb sp!, {r3, lr}
	bl FUN_02087988
	mov r3, #0
	ldr r1, _021B1334 ; =0x021B4B98
	mov r2, r3
	str r3, [r1, #4]
	str r3, [r1]
	ldr r1, _021B1338 ; =0x021B4BA0
	arm_func_end FUN_overlay_d_13__021b12fc
_021B131C:
	.byte 0x03, 0x21, 0x81, 0xE7
	.byte 0x01, 0x30, 0x83, 0xE2, 0x03, 0x00, 0x53, 0xE3, 0xFB, 0xFF, 0xFF, 0xBA, 0x9A, 0x59, 0xFB, 0xEB
	.byte 0x08, 0x80, 0xBD, 0xE8
_021B1334:
	.byte 0x98, 0x4B, 0x1B, 0x02
_021B1338:
	.byte 0xA0, 0x4B, 0x1B, 0x02

	arm_func_start FUN_overlay_d_13__021b133c
FUN_overlay_d_13__021b133c: ; 0x021B133C
	stmdb sp!, {r4, r5, r6, lr}
	mov r6, r0
	bl FUN_02087988
	mov r4, r0
	mov r0, r6
	bl FUN_overlay_d_13__021b14a8
	movs r5, r0
	beq _021B137C
	arm_func_end FUN_overlay_d_13__021b133c
_021B135C:
	.byte 0x05, 0x00, 0xA0, 0xE1
	.byte 0x64, 0x00, 0x00, 0xEB, 0x05, 0x00, 0xA0, 0xE1, 0x1D, 0x07, 0x00, 0xEB, 0x06, 0x00, 0xA0, 0xE1
	.byte 0x4C, 0x00, 0x00, 0xEB, 0x00, 0x50, 0xB0, 0xE1, 0xF7, 0xFF, 0xFF, 0x1A
_021B137C:
	.byte 0x10, 0x10, 0x9F, 0xE5
	.byte 0x00, 0x20, 0xA0, 0xE3, 0x04, 0x00, 0xA0, 0xE1, 0x06, 0x21, 0x81, 0xE7, 0x82, 0x59, 0xFB, 0xEB
	.byte 0x70, 0x80, 0xBD, 0xE8
_021B1394:
	.byte 0xA0, 0x4B, 0x1B, 0x02

	arm_func_start FUN_overlay_d_13__021b1398
FUN_overlay_d_13__021b1398: ; 0x021B1398
	stmdb sp!, {r3, r4, r5, lr}
	bl FUN_02087988
	ldr r1, _021B13FC ; =0x021B4B98
	mov r4, r0
	ldr r5, [r1]
	cmp r5, #0
	beq _021B13C8
	arm_func_end FUN_overlay_d_13__021b1398
_021B13B4:
	.byte 0x05, 0x00, 0xA0, 0xE1, 0x08, 0x50, 0x95, 0xE5, 0x08, 0x07, 0x00, 0xEB
	.byte 0x00, 0x00, 0x55, 0xE3, 0xFA, 0xFF, 0xFF, 0x1A
_021B13C8:
	.byte 0x2C, 0x00, 0x9F, 0xE5, 0x00, 0x20, 0xA0, 0xE3
	.byte 0x00, 0x20, 0x80, 0xE5, 0x04, 0x20, 0x80, 0xE5, 0x20, 0x00, 0x9F, 0xE5, 0x02, 0x10, 0xA0, 0xE1
_021B13E0:
	.byte 0x02, 0x11, 0x80, 0xE7, 0x01, 0x20, 0x82, 0xE2, 0x03, 0x00, 0x52, 0xE3, 0xFB, 0xFF, 0xFF, 0xBA
	.byte 0x04, 0x00, 0xA0, 0xE1, 0x68, 0x59, 0xFB, 0xEB, 0x38, 0x80, 0xBD, 0xE8
_021B13FC:
	.byte 0x98, 0x4B, 0x1B, 0x02
_021B1400:
	.byte 0xA0, 0x4B, 0x1B, 0x02

	arm_func_start FUN_overlay_d_13__021b1404
FUN_overlay_d_13__021b1404: ; 0x021B1404
	stmdb sp!, {r3, r4, r5, lr}
	mov r4, r0
	bl FUN_02087988
	ldr r1, _021B1480 ; =0x021B4B98
	ldr r2, [r1]
	cmp r2, #0
	bne _021B1440
	str r4, [r1]
	mov r3, #0
	str r3, [r4, #4]
	ldr r2, [r1]
	str r3, [r2, #8]
	ldr r2, [r1]
	str r2, [r1, #4]
	b _021B145C
	arm_func_end FUN_overlay_d_13__021b1404
_021B1440:
	.byte 0x04, 0x30, 0x91, 0xE5, 0x00, 0x20, 0xA0, 0xE3, 0x04, 0x30, 0x84, 0xE5, 0x08, 0x20, 0x84, 0xE5
	.byte 0x04, 0x20, 0x91, 0xE5, 0x08, 0x40, 0x82, 0xE5, 0x04, 0x40, 0x81, 0xE5
_021B145C:
	.byte 0x11, 0x20, 0xD4, 0xE5
	.byte 0x1C, 0x50, 0x9F, 0xE5, 0x02, 0x11, 0x95, 0xE7, 0x01, 0x10, 0x81, 0xE2, 0x02, 0x11, 0x85, 0xE7
	.byte 0x49, 0x59, 0xFB, 0xEB, 0x11, 0x00, 0xD4, 0xE5, 0x00, 0x01, 0x95, 0xE7, 0x38, 0x80, 0xBD, 0xE8
_021B1480:
	.byte 0x98, 0x4B, 0x1B, 0x02
_021B1484:
	.byte 0xA0, 0x4B, 0x1B, 0x02

	arm_func_start FUN_overlay_d_13__021b1488
FUN_overlay_d_13__021b1488: ; 0x021B1488
	ldr r0, _021B1494 ; =0x021B4B98
	ldr r0, [r0]
	bx lr
	arm_func_end FUN_overlay_d_13__021b1488
_021B1494:
	.byte 0x98, 0x4B, 0x1B, 0x02

	arm_func_start FUN_overlay_d_13__021b1498
FUN_overlay_d_13__021b1498: ; 0x021B1498
	ldr r1, _021B14A4 ; =0x021B4BA0
	ldr r0, [r1, r0, lsl #2]
	bx lr
	arm_func_end FUN_overlay_d_13__021b1498
_021B14A4:
	.byte 0xA0, 0x4B, 0x1B, 0x02

	arm_func_start FUN_overlay_d_13__021b14a8
FUN_overlay_d_13__021b14a8: ; 0x021B14A8
	stmdb sp!, {r3, r4, r5, lr}
	ldr r1, _021B14F4 ; =0x021B4B98
	mov r5, r0
	ldr r4, [r1]
	bl FUN_02087988
	cmp r4, #0
	beq _021B14E8
	arm_func_end FUN_overlay_d_13__021b14a8
_021B14C4:
	.byte 0x11, 0x10, 0xD4, 0xE5, 0x05, 0x00, 0x51, 0xE1, 0x02, 0x00, 0x00, 0x1A
	.byte 0x31, 0x59, 0xFB, 0xEB, 0x04, 0x00, 0xA0, 0xE1, 0x38, 0x80, 0xBD, 0xE8
_021B14DC:
	.byte 0x08, 0x40, 0x94, 0xE5
	.byte 0x00, 0x00, 0x54, 0xE3, 0xF6, 0xFF, 0xFF, 0x1A
_021B14E8:
	.byte 0x2B, 0x59, 0xFB, 0xEB, 0x00, 0x00, 0xA0, 0xE3
	.byte 0x38, 0x80, 0xBD, 0xE8
_021B14F4:
	.byte 0x98, 0x4B, 0x1B, 0x02

	arm_func_start FUN_overlay_d_13__021b14f8
FUN_overlay_d_13__021b14f8: ; 0x021B14F8
	stmdb sp!, {r3, r4, r5, lr}
	mov r4, r0
	bl FUN_02087988
	ldr r2, [r4, #4]
	cmp r2, #0
	ldrne r1, [r4, #8]
	strne r1, [r2, #8]
	bne _021B1530
	ldr r2, [r4, #8]
	ldr r1, _021B1580 ; =0x021B4B98
	cmp r2, #0
	str r2, [r1]
	movne r1, #0
	strne r1, [r2, #4]
	arm_func_end FUN_overlay_d_13__021b14f8
_021B1530:
	.byte 0x08, 0x20, 0x94, 0xE5, 0x00, 0x00, 0x52, 0xE3, 0x04, 0x10, 0x94, 0x15, 0x04, 0x10, 0x82, 0x15
	.byte 0x05, 0x00, 0x00, 0x1A, 0x04, 0x20, 0x94, 0xE5, 0x30, 0x10, 0x9F, 0xE5, 0x00, 0x00, 0x52, 0xE3
	.byte 0x04, 0x20, 0x81, 0xE5, 0x00, 0x10, 0xA0, 0x13, 0x08, 0x10, 0x82, 0x15
_021B155C:
	.byte 0x11, 0x20, 0xD4, 0xE5
	.byte 0x1C, 0x50, 0x9F, 0xE5, 0x02, 0x11, 0x95, 0xE7, 0x01, 0x10, 0x41, 0xE2, 0x02, 0x11, 0x85, 0xE7
	.byte 0x09, 0x59, 0xFB, 0xEB, 0x11, 0x00, 0xD4, 0xE5, 0x00, 0x01, 0x95, 0xE7, 0x38, 0x80, 0xBD, 0xE8
_021B1580:
	.byte 0x98, 0x4B, 0x1B, 0x02
_021B1584:
	.byte 0xA0, 0x4B, 0x1B, 0x02

	arm_func_start FUN_overlay_d_13__021b1588
FUN_overlay_d_13__021b1588: ; 0x021B1588
	stmdb sp!, {r3, r4, r5, r6, r7, r8, sb, sl, fp, lr}
	mov r7, #0
	cmp r2, #0
	ldmlsia sp!, {r3, r4, r5, r6, r7, r8, sb, sl, fp, pc}
	ldr ip, _021B162C ; =0x00001FDF
	ldr r3, _021B1630 ; =_021B3C28
	mov lr, #0xff
	mov r4, #0x7f
	arm_func_end FUN_overlay_d_13__021b1588
_021B15A8:
	.byte 0x87, 0x50, 0xA0, 0xE1, 0xF5, 0x50, 0x91, 0xE1
	.byte 0x03, 0xB0, 0xA0, 0xE1, 0x45, 0xA1, 0xB0, 0xE1, 0x04, 0x60, 0xA0, 0x41, 0x68, 0x50, 0x9F, 0xE5
	.byte 0x00, 0xA0, 0x6A, 0x42, 0x0E, 0x60, 0xA0, 0x51, 0x05, 0x00, 0x5A, 0xE1, 0x0C, 0xA0, 0xA0, 0xC1
	.byte 0x00, 0x50, 0xA0, 0xE3, 0x21, 0x90, 0x8A, 0xE2
_021B15D8:
	.byte 0x04, 0x80, 0x9B, 0xE4, 0x08, 0x00, 0x59, 0xE1
	.byte 0x03, 0x00, 0x00, 0xDA, 0x01, 0x50, 0x85, 0xE2, 0x08, 0x00, 0x55, 0xE3, 0xF9, 0xFF, 0xFF, 0xBA
	.byte 0x08, 0x50, 0xA0, 0xE3
_021B15F4:
	.byte 0x08, 0x00, 0x55, 0xE3, 0x7F, 0x50, 0x26, 0xA2, 0x05, 0x00, 0x00, 0xAA
	.byte 0x21, 0x90, 0x8A, 0xE2, 0x01, 0x80, 0x85, 0xE2, 0x59, 0x88, 0xA0, 0xE1, 0x0F, 0x80, 0x08, 0xE2
	.byte 0x05, 0x52, 0x88, 0xE1, 0x06, 0x50, 0x25, 0xE0
_021B1618:
	.byte 0x07, 0x50, 0xC0, 0xE7, 0x01, 0x70, 0x87, 0xE2
	.byte 0x02, 0x00, 0x57, 0xE1, 0xDF, 0xFF, 0xFF, 0x3A, 0xF8, 0x8F, 0xBD, 0xE8
_021B162C:
	.byte 0xDF, 0x1F, 0x00, 0x00
_021B1630:
	.byte 0x28, 0x3C, 0x1B, 0x02

	arm_func_start FUN_overlay_d_13__021b1634
FUN_overlay_d_13__021b1634: ; 0x021B1634
	stmdb sp!, {r4, lr}
	mov r4, #0
	cmp r2, #0
	ldmlsia sp!, {r4, pc}
	arm_func_end FUN_overlay_d_13__021b1634
_021B1644:
	.byte 0x04, 0x30, 0xD0, 0xE7, 0x03, 0xE0, 0xE0, 0xE1, 0x0E, 0x3E, 0xA0, 0xE1
	.byte 0xA3, 0xCC, 0xA0, 0xE1, 0x70, 0x30, 0x0E, 0xE2, 0x84, 0xC0, 0x8C, 0xE2, 0x43, 0x32, 0xA0, 0xE1
	.byte 0x1C, 0x33, 0xA0, 0xE1, 0x80, 0x00, 0x1E, 0xE3, 0x84, 0xC0, 0x63, 0x12, 0x84, 0xC0, 0x43, 0x02
	.byte 0x84, 0x30, 0xA0, 0xE1, 0x01, 0x40, 0x84, 0xE2, 0xB3, 0xC0, 0x81, 0xE1, 0x02, 0x00, 0x54, 0xE1
	.byte 0xEF, 0xFF, 0xFF, 0x3A, 0x10, 0x80, 0xBD, 0xE8

	arm_func_start FUN_overlay_d_13__021b1688
FUN_overlay_d_13__021b1688: ; 0x021B1688
	cmp r2, #0
	mov ip, #0
	bxls lr
	arm_func_end FUN_overlay_d_13__021b1688
_021B1694:
	.byte 0x8C, 0x30, 0xA0, 0xE1, 0xF3, 0x30, 0x91, 0xE1, 0x43, 0x34, 0xA0, 0xE1
	.byte 0x0C, 0x30, 0xC0, 0xE7, 0x01, 0xC0, 0x8C, 0xE2, 0x02, 0x00, 0x5C, 0xE1, 0xF8, 0xFF, 0xFF, 0x3A
	.byte 0x1E, 0xFF, 0x2F, 0xE1

	arm_func_start FUN_overlay_d_13__021b16b4
FUN_overlay_d_13__021b16b4: ; 0x021B16B4
	stmdb sp!, {r3, lr}
	cmp r2, #0
	mov lr, #0
	ldmlsia sp!, {r3, pc}
	arm_func_end FUN_overlay_d_13__021b16b4
_021B16C4:
	.byte 0xDE, 0xC0, 0x90, 0xE1, 0x8E, 0x30, 0xA0, 0xE1, 0x01, 0xE0, 0x8E, 0xE2
	.byte 0x0C, 0xC4, 0xA0, 0xE1, 0xB3, 0xC0, 0x81, 0xE1, 0x02, 0x00, 0x5E, 0xE1, 0xF8, 0xFF, 0xFF, 0x3A
	.byte 0x08, 0x80, 0xBD, 0xE8

	arm_func_start FUN_overlay_d_13__021b16e4
FUN_overlay_d_13__021b16e4: ; 0x021B16E4
	stmdb sp!, {r4, lr}
	mov r4, r0
	bl FUN_02087988
	ldr r3, _021B1714 ; =0x021B4BC4
	mov ip, #0
	ldr r2, _021B1718 ; =0x021B4BAC
	ldr r1, _021B171C ; =0x021B4BB8
	str ip, [r3, r4, lsl #2]
	str ip, [r2, r4, lsl #2]
	str ip, [r1, r4, lsl #2]
	bl FUN_0208799C
	ldmia sp!, {r4, pc}
	arm_func_end FUN_overlay_d_13__021b16e4
_021B1714:
	.byte 0xC4, 0x4B, 0x1B, 0x02
_021B1718:
	.byte 0xAC, 0x4B, 0x1B, 0x02
_021B171C:
	.byte 0xB8, 0x4B, 0x1B, 0x02

	arm_func_start FUN_overlay_d_13__021b1720
FUN_overlay_d_13__021b1720: ; 0x021B1720
	stmdb sp!, {r3, r4, r5, r6, r7, lr}
	mov r5, r0
	bl FUN_02087988
	ldr r7, _021B1784 ; =0x021B4BAC
	mov r4, r0
	ldr r0, [r7, r5, lsl #2]
	cmp r0, #0
	beq _021B1764
	mov r6, #0
	arm_func_end FUN_overlay_d_13__021b1720
_021B1744:
	.byte 0x08, 0x10, 0x90, 0xE5, 0x05, 0x11, 0x87, 0xE7, 0x00, 0x00, 0x51, 0xE3
	.byte 0x04, 0x60, 0x81, 0x15, 0x22, 0x06, 0x00, 0xEB, 0x05, 0x01, 0x97, 0xE7, 0x00, 0x00, 0x50, 0xE3
	.byte 0xF7, 0xFF, 0xFF, 0x1A
_021B1764:
	.byte 0x1C, 0x20, 0x9F, 0xE5, 0x00, 0x30, 0xA0, 0xE3, 0x18, 0x10, 0x9F, 0xE5
	.byte 0x04, 0x00, 0xA0, 0xE1, 0x05, 0x31, 0x82, 0xE7, 0x05, 0x31, 0x81, 0xE7, 0x86, 0x58, 0xFB, 0xEB
	.byte 0xF8, 0x80, 0xBD, 0xE8
_021B1784:
	.byte 0xAC, 0x4B, 0x1B, 0x02
_021B1788:
	.byte 0xC4, 0x4B, 0x1B, 0x02
_021B178C:
	.byte 0xB8, 0x4B, 0x1B, 0x02

	arm_func_start FUN_overlay_d_13__021b1790
FUN_overlay_d_13__021b1790: ; 0x021B1790
	stmdb sp!, {r4, r5, r6, r7, r8, sb, sl, lr}
	bl FUN_02087988
	mov r6, #0
	mov r5, r0
	mov sl, r6
	ldr r4, _021B1804 ; =0x021B4BAC
	mov sb, r6
	ldr r8, _021B1808 ; =0x021B4BC4
	ldr r7, _021B180C ; =0x021B4BB8
	b _021B17F0
	arm_func_end FUN_overlay_d_13__021b1790
_021B17B8:
	.byte 0x06, 0x01, 0x94, 0xE7, 0x00, 0x00, 0x50, 0xE3
	.byte 0x07, 0x00, 0x00, 0x0A
_021B17C4:
	.byte 0x08, 0x10, 0x90, 0xE5, 0x06, 0x11, 0x84, 0xE7, 0x00, 0x00, 0x51, 0xE3
	.byte 0x04, 0xA0, 0x81, 0x15, 0x02, 0x06, 0x00, 0xEB, 0x06, 0x01, 0x94, 0xE7, 0x00, 0x00, 0x50, 0xE3
	.byte 0xF7, 0xFF, 0xFF, 0x1A
_021B17E4:
	.byte 0x06, 0x91, 0x88, 0xE7, 0x06, 0x91, 0x87, 0xE7, 0x01, 0x60, 0x86, 0xE2
_021B17F0:
	.byte 0x03, 0x00, 0x56, 0xE3, 0xEF, 0xFF, 0xFF, 0xBA, 0x05, 0x00, 0xA0, 0xE1, 0x66, 0x58, 0xFB, 0xEB
	.byte 0xF0, 0x87, 0xBD, 0xE8
_021B1804:
	.byte 0xAC, 0x4B, 0x1B, 0x02
_021B1808:
	.byte 0xC4, 0x4B, 0x1B, 0x02
_021B180C:
	.byte 0xB8, 0x4B, 0x1B, 0x02

	arm_func_start FUN_overlay_d_13__021b1810
FUN_overlay_d_13__021b1810: ; 0x021B1810
	stmdb sp!, {r3, r4, r5, lr}
	movs r5, r0
	mov r4, r1
	mvneq r0, #0
	ldmeqia sp!, {r3, r4, r5, pc}
	cmp r4, #3
	mvnhs r0, #0
	ldmhsia sp!, {r3, r4, r5, pc}
	bl FUN_02087988
	ldr ip, _021B1900 ; =0x021B4BAC
	ldr r1, [ip, r4, lsl #2]
	cmp r1, #0
	bne _021B1868
	str r5, [ip, r4, lsl #2]
	mov r3, #0
	str r3, [r5, #4]
	ldr r2, [ip, r4, lsl #2]
	ldr r1, _021B1904 ; =0x021B4BC4
	str r3, [r2, #8]
	ldr r2, [ip, r4, lsl #2]
	str r2, [r1, r4, lsl #2]
	b _021B18E4
	arm_func_end FUN_overlay_d_13__021b1810
_021B1868:
	.byte 0x94, 0x10, 0x9F, 0xE5, 0x04, 0x31, 0x91, 0xE7
	.byte 0x00, 0x00, 0x53, 0xE3, 0x12, 0x00, 0x00, 0x0A, 0x18, 0x20, 0x95, 0xE5
_021B187C:
	.byte 0x18, 0x10, 0x93, 0xE5
	.byte 0x02, 0x00, 0x51, 0xE1, 0x0B, 0x00, 0x00, 0x2A, 0x04, 0x30, 0x85, 0xE5, 0x08, 0x10, 0x93, 0xE5
	.byte 0x6C, 0x20, 0x9F, 0xE5, 0x08, 0x10, 0x85, 0xE5, 0x08, 0x50, 0x83, 0xE5, 0x08, 0x10, 0x95, 0xE5
	.byte 0x00, 0x00, 0x51, 0xE3, 0x04, 0x50, 0x81, 0x15, 0x04, 0x11, 0x92, 0xE7, 0x01, 0x00, 0x53, 0xE1
	.byte 0x04, 0x51, 0x82, 0x07, 0x0A, 0x00, 0x00, 0xEA
_021B18B8:
	.byte 0x04, 0x30, 0x93, 0xE5, 0x00, 0x00, 0x53, 0xE3
	.byte 0xED, 0xFF, 0xFF, 0x1A
_021B18C4:
	.byte 0x00, 0x10, 0xA0, 0xE3, 0x30, 0x20, 0x9F, 0xE5, 0x04, 0x10, 0x85, 0xE5
	.byte 0x04, 0x11, 0x92, 0xE7, 0x08, 0x10, 0x85, 0xE5, 0x04, 0x11, 0x92, 0xE7, 0x04, 0x50, 0x81, 0xE5
	.byte 0x04, 0x51, 0x82, 0xE7
_021B18E4:
	.byte 0x1C, 0x50, 0x9F, 0xE5, 0x04, 0x11, 0x95, 0xE7, 0x01, 0x10, 0x81, 0xE2
	.byte 0x04, 0x11, 0x85, 0xE7, 0x28, 0x58, 0xFB, 0xEB, 0x04, 0x01, 0x95, 0xE7, 0x38, 0x80, 0xBD, 0xE8
_021B1900:
	.byte 0xAC, 0x4B, 0x1B, 0x02
_021B1904:
	.byte 0xC4, 0x4B, 0x1B, 0x02
_021B1908:
	.byte 0xB8, 0x4B, 0x1B, 0x02

	arm_func_start FUN_overlay_d_13__021b190c
FUN_overlay_d_13__021b190c: ; 0x021B190C
	stmdb sp!, {r3, r4, r5, lr}
	mov r5, r0
	bl FUN_02087988
	ldr r4, _021B1940 ; =0x021B4BAC
	ldr r1, [r4, r5, lsl #2]
	cmp r1, #0
	beq _021B1934
	bl FUN_0208799C
	ldr r0, [r4, r5, lsl #2]
	ldmia sp!, {r3, r4, r5, pc}
	arm_func_end FUN_overlay_d_13__021b190c
_021B1934:
	.byte 0x18, 0x58, 0xFB, 0xEB, 0x00, 0x00, 0xA0, 0xE3, 0x38, 0x80, 0xBD, 0xE8
_021B1940:
	.byte 0xAC, 0x4B, 0x1B, 0x02

	arm_func_start FUN_overlay_d_13__021b1944
FUN_overlay_d_13__021b1944: ; 0x021B1944
	stmdb sp!, {r4, lr}
	mov r4, r0
	bl FUN_02087988
	ldr ip, _021B19A0 ; =0x021B4BAC
	ldr r1, [ip, r4, lsl #2]
	cmp r1, #0
	beq _021B1990
	ldr r2, _021B19A4 ; =0x021B4BB8
	ldr r3, [r1, #8]
	ldr r1, [r2, r4, lsl #2]
	str r3, [ip, r4, lsl #2]
	sub r1, r1, #1
	str r1, [r2, r4, lsl #2]
	cmp r3, #0
	movne r1, #0
	strne r1, [r3, #4]
	ldreq r1, _021B19A8 ; =0x021B4BC4
	moveq r2, #0
	streq r2, [r1, r4, lsl #2]
	arm_func_end FUN_overlay_d_13__021b1944
_021B1990:
	.byte 0x01, 0x58, 0xFB, 0xEB, 0x08, 0x00, 0x9F, 0xE5, 0x04, 0x01, 0x90, 0xE7, 0x10, 0x80, 0xBD, 0xE8
_021B19A0:
	.byte 0xAC, 0x4B, 0x1B, 0x02
_021B19A4:
	.byte 0xB8, 0x4B, 0x1B, 0x02
_021B19A8:
	.byte 0xC4, 0x4B, 0x1B, 0x02

	arm_func_start FUN_overlay_d_13__021b19ac
FUN_overlay_d_13__021b19ac: ; 0x021B19AC
	ldr r1, _021B19B8 ; =0x021B4BB8
	ldr r0, [r1, r0, lsl #2]
	bx lr
	arm_func_end FUN_overlay_d_13__021b19ac
_021B19B8:
	.byte 0xB8, 0x4B, 0x1B, 0x02

	arm_func_start FUN_overlay_d_13__021b19bc
FUN_overlay_d_13__021b19bc: ; 0x021B19BC
	stmdb sp!, {r3, r4, r5, r6, r7, lr}
	mov r4, #0
	mov r6, r1
	mov r5, r2
	mov r1, r4
	mov r2, #0x28
	mov r7, r0
	bl FUN_02082BCC
	ldr r1, _021B1A44 ; =0x000134DF
	mov r0, #1
	str r1, [r7, #4]
	str r4, [r7, #0x28]
	str r4, [r7, #0x2c]
	str r6, [r7, #0x34]
	str r5, [r7, #0x38]
	str r4, [r7, #0x7c]
	str r4, [r7, #0x80]
	str r4, [r7, #0x84]
	str r4, [r7, #0x88]
	str r1, [r7, #0x8c]
	str r4, [r7, #0x90]
	str r4, [r7, #0x4c]
	str r4, [r7, #0x44]
	str r4, [r7, #0x48]
	str r4, [r7, #0x6c]
	str r4, [r7, #0x70]
	str r4, [r7, #0x50]
	str r4, [r7, #0x54]
	str r4, [r7, #0x58]
	str r0, [r7, #0x5c]
	str r4, [r7, #0x3c]
	str r4, [r7, #0x40]
	str r4, [r7, #0x30]
	ldmia sp!, {r3, r4, r5, r6, r7, pc}
	arm_func_end FUN_overlay_d_13__021b19bc
_021B1A44:
	.byte 0xDF, 0x34, 0x01, 0x00

	arm_func_start FUN_overlay_d_13__021b1a48
FUN_overlay_d_13__021b1a48: ; 0x021B1A48
	stmdb sp!, {r4, lr}
	mov r4, r0
	ldr r0, [r4, #0x3c]
	cmp r0, #0
	beq _021B1A68
	bl FUN_overlay_d_13__021b2fe4
	mov r0, #0
	str r0, [r4, #0x3c]
	arm_func_end FUN_overlay_d_13__021b1a48
_021B1A68:
	.byte 0x00, 0x00, 0xE0, 0xE3, 0x38, 0x00, 0x84, 0xE5
	.byte 0x10, 0x80, 0xBD, 0xE8

	arm_func_start FUN_overlay_d_13__021b1a74
FUN_overlay_d_13__021b1a74: ; 0x021B1A74
	stmdb sp!, {r3, r4, r5, lr}
	mov r5, r0
	ldr r0, [r5, #0x3c]
	mov r4, r1
	cmp r0, #0
	beq _021B1A90
	bl FUN_overlay_d_13__021b2fe4
	arm_func_end FUN_overlay_d_13__021b1a74
_021B1A90:
	.byte 0x34, 0x00, 0x95, 0xE5, 0x3C, 0x40, 0x85, 0xE5, 0xA9, 0xFF, 0xFF, 0xEB, 0x38, 0x80, 0xBD, 0xE8

	arm_func_start FUN_overlay_d_13__021b1aa0
FUN_overlay_d_13__021b1aa0: ; 0x021B1AA0
	ldr r3, _021B1ABC ; =0x00010001
	mov r2, #0
	strh r1, [r0, #0x68]
	str r3, [r0, #0x64]
	str r2, [r0, #0x60]
	str r2, [r0, #0x5c]
	bx lr
	arm_func_end FUN_overlay_d_13__021b1aa0
_021B1ABC:
	.byte 0x01, 0x00, 0x01, 0x00

	arm_func_start FUN_overlay_d_13__021b1ac0
FUN_overlay_d_13__021b1ac0: ; 0x021B1AC0
	stmdb sp!, {r4, r5, r6, lr}
	mov r6, r0
	ldrh ip, [r6, #0x68]
	mov r4, r2
	ldr r3, _021B1B8C ; =0x00000BB8
	sub r2, r4, ip
	mov r2, r2, lsl #0x10
	mov r5, r1
	cmp r3, r2, lsr #16
	mov r2, r2, lsr #0x10
	bls _021B1B04
	cmp r4, ip
	ldrlo r0, [r6, #0x60]
	strh r4, [r6, #0x68]
	addlo r0, r0, #0x10000
	strlo r0, [r6, #0x60]
	b _021B1B78
	arm_func_end FUN_overlay_d_13__021b1ac0
_021B1B04:
	.byte 0x84, 0x10, 0x9F, 0xE5, 0x01, 0x00, 0x52, 0xE1, 0x0F, 0x00, 0x00, 0x8A
	.byte 0x64, 0x10, 0x96, 0xE5, 0x01, 0x00, 0x54, 0xE1, 0x06, 0x00, 0x00, 0x1A, 0x04, 0x10, 0xA0, 0xE1
	.byte 0xDE, 0xFF, 0xFF, 0xEB, 0x01, 0x00, 0x44, 0xE2, 0x00, 0x08, 0xA0, 0xE1, 0x20, 0x08, 0xA0, 0xE1
	.byte 0x54, 0x00, 0x86, 0xE5, 0x0F, 0x00, 0x00, 0xEA
_021B1B38:
	.byte 0x01, 0x00, 0x84, 0xE2, 0x00, 0x08, 0xA0, 0xE1
	.byte 0x20, 0x08, 0xA0, 0xE1, 0x64, 0x00, 0x86, 0xE5, 0x00, 0x00, 0xA0, 0xE3, 0x70, 0x80, 0xBD, 0xE8
_021B1B50:
	.byte 0x54, 0x00, 0x96, 0xE5, 0x60, 0x10, 0x96, 0xE5, 0xE7, 0x0F, 0x80, 0xE2, 0x01, 0x10, 0x84, 0xE0
	.byte 0x3F, 0x0B, 0x80, 0xE2, 0x00, 0x00, 0x51, 0xE1, 0x01, 0x08, 0x41, 0x82, 0x18, 0x00, 0x85, 0x85
	.byte 0x01, 0x00, 0xA0, 0x83, 0x70, 0x80, 0xBD, 0x88
_021B1B78:
	.byte 0x60, 0x10, 0x96, 0xE5, 0x01, 0x00, 0xA0, 0xE3
	.byte 0x01, 0x10, 0x84, 0xE0, 0x18, 0x10, 0x85, 0xE5, 0x70, 0x80, 0xBD, 0xE8
_021B1B8C:
	.byte 0xB8, 0x0B, 0x00, 0x00
_021B1B90:
	.byte 0x9C, 0xFF, 0x00, 0x00

	arm_func_start FUN_overlay_d_13__021b1b94
FUN_overlay_d_13__021b1b94: ; 0x021B1B94
	stmdb sp!, {r4, r5, r6, r7, r8, lr}
	mov r7, r0
	ldr r2, [r7, #0x5c]
	mov r8, #0
	mov r6, r1
	cmp r2, #0
	mov r5, r8
	beq _021B1BC8
	ldr r1, [r6, #0x18]
	mov r1, r1, lsl #0x10
	mov r1, r1, lsr #0x10
	bl FUN_overlay_d_13__021b1aa0
	b _021B1C58
	arm_func_end FUN_overlay_d_13__021b1b94
_021B1BC8:
	.byte 0x18, 0x20, 0x96, 0xE5, 0x02, 0x28, 0xA0, 0xE1
	.byte 0x22, 0x28, 0xA0, 0xE1, 0xB9, 0xFF, 0xFF, 0xEB, 0x00, 0x00, 0x50, 0xE3, 0x14, 0x10, 0x97, 0x05
	.byte 0x05, 0x00, 0xA0, 0x01, 0x01, 0x10, 0x81, 0x02, 0x14, 0x10, 0x87, 0x05, 0xF0, 0x81, 0xBD, 0x08
	.byte 0x18, 0x00, 0x96, 0xE5, 0x54, 0x20, 0x97, 0xE5, 0x10, 0x00, 0x87, 0xE5, 0x18, 0x10, 0x96, 0xE5
	.byte 0x01, 0x00, 0x52, 0xE1, 0x14, 0x10, 0x97, 0x05, 0x05, 0x00, 0xA0, 0x01, 0x01, 0x10, 0x81, 0x02
	.byte 0x14, 0x10, 0x87, 0x05, 0xF0, 0x81, 0xBD, 0x08, 0x01, 0x00, 0x82, 0xE2, 0x01, 0x00, 0x50, 0xE1
	.byte 0x0C, 0x00, 0x00, 0x0A, 0x5C, 0x04, 0x96, 0xE5, 0x00, 0x00, 0x50, 0xE3, 0x09, 0x00, 0x00, 0x1A
	.byte 0x02, 0x00, 0x51, 0xE0, 0x00, 0x00, 0x60, 0x42, 0x64, 0x00, 0x50, 0xE3, 0x54, 0x10, 0x87, 0xC5
	.byte 0x00, 0x00, 0xA0, 0xC3, 0xF0, 0x81, 0xBD, 0xC8, 0x01, 0x00, 0x52, 0xE1, 0x1C, 0x00, 0x97, 0x85
	.byte 0x01, 0x00, 0x80, 0x82, 0x1C, 0x00, 0x87, 0x85
_021B1C58:
	.byte 0x18, 0x10, 0x96, 0xE5, 0x4C, 0x00, 0x97, 0xE5
	.byte 0x54, 0x10, 0x87, 0xE5, 0x00, 0x00, 0x50, 0xE3, 0x07, 0x00, 0x00, 0x1A, 0x60, 0x14, 0x96, 0xE5
	.byte 0x64, 0x00, 0x86, 0xE2, 0x4C, 0x10, 0x87, 0xE5, 0x01, 0x1B, 0x80, 0xE2, 0x44, 0x00, 0x87, 0xE2
	.byte 0x0C, 0x00, 0x91, 0xE8, 0x0C, 0x00, 0x80, 0xE8, 0x6C, 0x80, 0x87, 0xE5
_021B1C8C:
	.byte 0x60, 0x14, 0x96, 0xE5
	.byte 0x4C, 0x00, 0x97, 0xE5, 0x64, 0xC4, 0x96, 0xE5, 0x00, 0x00, 0x41, 0xE0, 0x44, 0x40, 0x97, 0xE5
	.byte 0x80, 0x20, 0x97, 0xE5, 0x00, 0x03, 0xA0, 0xE1, 0x04, 0x10, 0x5C, 0xE0, 0x01, 0x40, 0x50, 0xE0
	.byte 0x00, 0x00, 0x52, 0xE3, 0x02, 0x00, 0x00, 0x0A, 0x5C, 0x14, 0x96, 0xE5, 0x00, 0x00, 0x51, 0xE3
	.byte 0x01, 0x00, 0x00, 0x0A
_021B1CC4:
	.byte 0x80, 0x40, 0x87, 0xE5, 0x1A, 0x00, 0x00, 0xEA
_021B1CCC:
	.byte 0x02, 0x10, 0x54, 0xE0
	.byte 0x7C, 0x20, 0x97, 0xE5, 0x00, 0x10, 0x61, 0x42, 0xC6, 0x2F, 0x82, 0xE2, 0x22, 0x2B, 0x82, 0xE2
	.byte 0x24, 0x32, 0x9F, 0xE5, 0x82, 0x20, 0xA0, 0xE1, 0x03, 0x30, 0x92, 0xE0, 0xC1, 0xCF, 0xA0, 0xE1
	.byte 0xC2, 0x2F, 0xA8, 0xE0, 0x02, 0x00, 0x5C, 0xE1, 0x80, 0x40, 0x87, 0xE5, 0x03, 0x00, 0x51, 0x01
	.byte 0x05, 0x00, 0x00, 0x9A, 0x04, 0x82, 0x9F, 0xE5, 0xA1, 0x2F, 0xA0, 0xE1, 0x98, 0x31, 0xCC, 0xE0
	.byte 0x4C, 0xC7, 0x82, 0xE0, 0x02, 0x20, 0x8C, 0xE2, 0x84, 0x20, 0x87, 0xE5
_021B1D1C:
	.byte 0x84, 0x20, 0x97, 0xE5
	.byte 0x00, 0x00, 0x52, 0xE3, 0x7C, 0x20, 0x97, 0xD5, 0x02, 0x10, 0x41, 0xD0, 0x41, 0x12, 0x82, 0xD0
	.byte 0x7C, 0x10, 0x87, 0xD5, 0x18, 0x10, 0x87, 0xD5
_021B1D38:
	.byte 0x44, 0x20, 0x97, 0xE5, 0x48, 0x30, 0x97, 0xE5
	.byte 0x02, 0x10, 0x90, 0xE0, 0x04, 0x20, 0x97, 0xE5, 0x00, 0x00, 0xA3, 0xE2, 0x01, 0x20, 0x92, 0xE0
	.byte 0x00, 0x30, 0xA0, 0xE2, 0x6C, 0x24, 0x86, 0xE5, 0x70, 0x34, 0x86, 0xE5, 0xDB, 0x54, 0xFB, 0xEB
	.byte 0x6C, 0xE4, 0x96, 0xE5, 0xA8, 0x21, 0x9F, 0xE5, 0x70, 0xC4, 0x96, 0xE5, 0x02, 0x60, 0x9E, 0xE0
	.byte 0x00, 0x30, 0xAC, 0xE2, 0x01, 0x00, 0x53, 0xE1, 0x00, 0x00, 0x56, 0x01, 0x00, 0x60, 0xA0, 0xE3
	.byte 0x06, 0x00, 0xA0, 0x31, 0xF0, 0x81, 0xBD, 0x38, 0x88, 0x81, 0x9F, 0xE5, 0x06, 0x30, 0xA0, 0xE1
	.byte 0x08, 0x80, 0x90, 0xE0, 0x06, 0x00, 0xA1, 0xE0, 0x00, 0x00, 0x5C, 0xE1, 0x08, 0x00, 0x5E, 0x01
	.byte 0x06, 0x00, 0xA0, 0x81, 0xF0, 0x81, 0xBD, 0x88, 0x84, 0x00, 0x97, 0xE5, 0x00, 0x00, 0x50, 0xE3
	.byte 0x50, 0x00, 0x00, 0xCA, 0x7C, 0x00, 0x97, 0xE5, 0x50, 0x81, 0x9F, 0xE5, 0x80, 0xC0, 0x80, 0xE0
	.byte 0x98, 0x1C, 0xC0, 0xE0, 0x8C, 0x80, 0x97, 0xE5, 0xAC, 0x1F, 0xA0, 0xE1, 0x08, 0x00, 0x5C, 0xE1
	.byte 0x40, 0x07, 0x81, 0xE0, 0x0D, 0x00, 0x00, 0x9A, 0x01, 0x10, 0x80, 0xE2, 0x91, 0x02, 0x08, 0xE0
	.byte 0x90, 0x02, 0x01, 0xE0, 0xDF, 0x00, 0x88, 0xE2, 0x4D, 0x8B, 0x80, 0xE2, 0x28, 0x01, 0x9F, 0xE5
	.byte 0xDF, 0x10, 0x81, 0xE2, 0x00, 0x20, 0x88, 0xE0, 0x4D, 0x0B, 0x81, 0xE2, 0x8C, 0x80, 0x87, 0xE5
	.byte 0x88, 0x20, 0x87, 0xE5, 0x04, 0x00, 0x87, 0xE5, 0x90, 0x60, 0x87, 0xE5, 0x17, 0x00, 0x00, 0xEA
_021B1E10:
	.byte 0x88, 0x10, 0x97, 0xE5, 0x01, 0x00, 0x5C, 0xE1, 0x14, 0x00, 0x00, 0xAA, 0x90, 0x10, 0x97, 0xE5
	.byte 0x01, 0x10, 0x81, 0xE2, 0x90, 0x10, 0x87, 0xE5, 0x46, 0x00, 0x51, 0xE3, 0x0F, 0x00, 0x00, 0x9A
	.byte 0x01, 0x10, 0x80, 0xE2, 0x91, 0x02, 0x08, 0xE0, 0xDF, 0x10, 0x88, 0xE2, 0x4D, 0x8B, 0x81, 0xE2
	.byte 0x90, 0x02, 0x02, 0xE0, 0xD4, 0x10, 0x9F, 0xE5, 0x8C, 0x80, 0x87, 0xE5, 0x01, 0x10, 0x92, 0xE0
	.byte 0x88, 0x10, 0x87, 0xE5, 0xB8, 0x10, 0x9F, 0xE5, 0x88, 0x60, 0x87, 0x45, 0x90, 0x01, 0x01, 0xE0
	.byte 0xDF, 0x00, 0x81, 0xE2, 0x4D, 0x0B, 0x80, 0xE2, 0x04, 0x00, 0x87, 0xE5, 0x90, 0x30, 0x87, 0xE5
_021B1E70:
	.byte 0x04, 0x10, 0x97, 0xE5, 0xA8, 0x00, 0x9F, 0xE5, 0x00, 0x00, 0x51, 0xE1, 0x04, 0x00, 0x87, 0x85
	.byte 0x6C, 0x00, 0x97, 0xE5, 0x10, 0x00, 0x50, 0xE3, 0x01, 0x00, 0x80, 0x32, 0x6C, 0x00, 0x87, 0x35
	.byte 0x74, 0x40, 0x87, 0x35, 0x78, 0x40, 0x87, 0x35, 0x06, 0x00, 0x00, 0x3A, 0x74, 0x00, 0x97, 0xE5
	.byte 0x80, 0x02, 0x60, 0xE0, 0x00, 0x10, 0x84, 0xE0, 0x41, 0x02, 0xA0, 0xE1, 0xA0, 0x0D, 0x81, 0xE0
	.byte 0xC0, 0x02, 0xA0, 0xE1, 0x74, 0x00, 0x87, 0xE5
_021B1EB8:
	.byte 0x78, 0x20, 0x97, 0xE5, 0x74, 0x10, 0x97, 0xE5
	.byte 0x60, 0x00, 0x9F, 0xE5, 0x01, 0x10, 0x42, 0xE0, 0x00, 0x00, 0x51, 0xE1, 0x87, 0x0C, 0xE0, 0xE3
	.byte 0x01, 0x50, 0xA0, 0xC3, 0x00, 0x00, 0x51, 0xE1, 0x0C, 0x10, 0x87, 0xE5, 0x70, 0x10, 0x97, 0xB5
	.byte 0x87, 0x5C, 0x80, 0xB2, 0x01, 0x00, 0x81, 0xB2, 0x70, 0x00, 0x87, 0xB5, 0x00, 0x00, 0x55, 0xE3
	.byte 0x6C, 0x30, 0x87, 0x15, 0x4C, 0x30, 0x87, 0x15
_021B1EF8:
	.byte 0x84, 0x10, 0x97, 0xE5, 0x01, 0x00, 0xA0, 0xE3
	.byte 0x01, 0x10, 0x41, 0xE2, 0x84, 0x10, 0x87, 0xE5, 0xF0, 0x81, 0xBD, 0xE8
_021B1F0C:
	.byte 0x8D, 0xCC, 0x00, 0x00
_021B1F10:
	.byte 0xCB, 0x82, 0xCA, 0x75
_021B1F14:
	.byte 0x18, 0x8B, 0x00, 0x00
_021B1F18:
	.byte 0x88, 0xFD, 0x07, 0x00
_021B1F1C:
	.byte 0x5C, 0x2F, 0xFF, 0xFF
_021B1F20:
	.byte 0x74, 0xBA, 0xFF, 0xFF
_021B1F24:
	.byte 0x20, 0x85, 0x06, 0x00
_021B1F28:
	.byte 0x01, 0x87, 0x00, 0x00

	arm_func_start FUN_overlay_d_13__021b1f2c
FUN_overlay_d_13__021b1f2c: ; 0x021B1F2C
	stmdb sp!, {r3, lr}
	ldr r1, _021B1F50 ; =0x021B60D8
	ldr r1, [r1, #0x10]
	cmp r1, #0
	cmpne r1, #2
	moveq r0, #0
	ldmeqia sp!, {r3, pc}
	bl FUN_overlay_d_13__021b24fc
	ldmia sp!, {r3, pc}
	arm_func_end FUN_overlay_d_13__021b1f2c
_021B1F50:
	.byte 0xD8, 0x60, 0x1B, 0x02

	arm_func_start FUN_overlay_d_13__021b1f54
FUN_overlay_d_13__021b1f54: ; 0x021B1F54
	stmdb sp!, {r3, lr}
	ldr r2, _021B2004 ; =0x021B4BE0
	mov ip, #0
	cmp r0, #0
	ldr lr, [r2, #4]
	moveq r0, ip
	ldmeqia sp!, {r3, pc}
	ldr r1, _021B2008 ; =0x021B60D8
	ldr r1, [r1, #0x10]
	cmp r1, #2
	bne _021B1F94
	ldr r1, _021B200C ; =0x021B4C0C
	cmp r0, r1
	streq ip, [r2, #0x2c]
	mov r0, #1
	ldmia sp!, {r3, pc}
	arm_func_end FUN_overlay_d_13__021b1f54
_021B1F94:
	.byte 0x00, 0x00, 0x5E, 0xE3, 0x17, 0x00, 0x00, 0x0A
_021B1F9C:
	.byte 0x00, 0x00, 0x5E, 0xE1
	.byte 0x11, 0x00, 0x00, 0x1A, 0x00, 0x30, 0xA0, 0xE3, 0x00, 0x00, 0x5C, 0xE3, 0x14, 0x10, 0x90, 0x15
	.byte 0x00, 0x30, 0x80, 0xE5, 0x14, 0x10, 0x8C, 0x15, 0x05, 0x00, 0x00, 0x1A, 0x14, 0x20, 0x9E, 0xE5
	.byte 0x00, 0x00, 0x52, 0xE3, 0x38, 0x10, 0x9F, 0x15, 0x04, 0x20, 0x81, 0x15, 0x30, 0x10, 0x9F, 0x05
	.byte 0x04, 0x30, 0x81, 0x05
_021B1FD4:
	.byte 0x28, 0x10, 0x9F, 0xE5, 0x00, 0x20, 0x91, 0xE5, 0x14, 0x20, 0x80, 0xE5
	.byte 0x00, 0x00, 0x81, 0xE5, 0x01, 0x00, 0xA0, 0xE3, 0x08, 0x80, 0xBD, 0xE8
_021B1FEC:
	.byte 0x0E, 0xC0, 0xA0, 0xE1
	.byte 0x14, 0xE0, 0x9E, 0xE5, 0x00, 0x00, 0x5E, 0xE3, 0xE7, 0xFF, 0xFF, 0x1A
_021B1FFC:
	.byte 0x00, 0x00, 0xA0, 0xE3
	.byte 0x08, 0x80, 0xBD, 0xE8
_021B2004:
	.byte 0xE0, 0x4B, 0x1B, 0x02
_021B2008:
	.byte 0xD8, 0x60, 0x1B, 0x02
_021B200C:
	.byte 0x0C, 0x4C, 0x1B, 0x02

	arm_func_start FUN_overlay_d_13__021b2010
FUN_overlay_d_13__021b2010: ; 0x021B2010
	stmdb sp!, {r4, r5, r6, r7, r8, lr}
	movs r8, r0
	mov r7, r1
	mov r6, r2
	mvneq r0, #0
	ldmeqia sp!, {r4, r5, r6, r7, r8, pc}
	cmp r3, #0x10
	mvnlo r0, #0
	ldmloia sp!, {r4, r5, r6, r7, r8, pc}
	ldr r4, _021B20AC ; =0x021B60D8
	ldr r1, [r4, #0xc]
	cmp r1, #1
	mvneq r0, #2
	ldmeqia sp!, {r4, r5, r6, r7, r8, pc}
	cmp r7, #5
	mvnhs r0, #2
	ldmhsia sp!, {r4, r5, r6, r7, r8, pc}
	mov r5, #0xff
	mov r1, r6
	and r2, r7, #0xff
	strb r5, [r6, #4]
	bl FUN_overlay_d_13__021b2848
	mov r0, r8
	mov r1, r6
	bl FUN_overlay_d_13__021b29a4
	cmp r0, #0
	rsbeq r0, r5, #0xfc
	ldmeqia sp!, {r4, r5, r6, r7, r8, pc}
	ldr r0, [r4, #0x10]
	cmp r0, #1
	cmpeq r7, #0
	bne _021B20A4
	mov r0, r8
	bl FUN_overlay_d_13__021b2958
	cmp r0, #0
	rsbeq r0, r5, #0xfc
	ldmeqia sp!, {r4, r5, r6, r7, r8, pc}
	arm_func_end FUN_overlay_d_13__021b2010
_021B20A4:
	.byte 0x00, 0x00, 0xA0, 0xE3, 0xF0, 0x81, 0xBD, 0xE8
_021B20AC:
	.byte 0xD8, 0x60, 0x1B, 0x02

	arm_func_start FUN_overlay_d_13__021b20b0
FUN_overlay_d_13__021b20b0: ; 0x021B20B0
	stmdb sp!, {r3, lr}
	ldr r2, _021B20D0 ; =0x021B60D8
	ldr r2, [r2, #0x10]
	cmp r2, #2
	mvneq r0, #2
	ldmeqia sp!, {r3, pc}
	bl FUN_overlay_d_13__021b2564
	ldmia sp!, {r3, pc}
	arm_func_end FUN_overlay_d_13__021b20b0
_021B20D0:
	.byte 0xD8, 0x60, 0x1B, 0x02

	arm_func_start FUN_overlay_d_13__021b20d4
FUN_overlay_d_13__021b20d4: ; 0x021B20D4
	stmdb sp!, {r3, r4, r5, r6, r7, lr}
	movs r5, r0
	mov r7, r1
	mov r4, r2
	mvneq r0, #0
	ldmeqia sp!, {r3, r4, r5, r6, r7, pc}
	cmp r3, #0x10
	mvnlo r0, #0
	ldmloia sp!, {r3, r4, r5, r6, r7, pc}
	cmp r7, #6
	mvnhs r0, #2
	ldmhsia sp!, {r3, r4, r5, r6, r7, pc}
	mov r6, #0
	mov r1, r4
	and r2, r7, #0xff
	strb r6, [r4, #4]
	bl FUN_overlay_d_13__021b2848
	cmp r7, #0
	bne _021B2160
	ldr r0, _021B217C ; =0x021B60D8
	ldr r0, [r0, #0x10]
	cmp r0, #1
	ldreq r0, [r5, #0xc]
	cmpeq r0, #4
	bne _021B214C
	mov r0, r5
	bl FUN_overlay_d_13__021b2958
	cmp r0, #0
	subeq r0, r6, #3
	ldmeqia sp!, {r3, r4, r5, r6, r7, pc}
	arm_func_end FUN_overlay_d_13__021b20d4
_021B214C:
	.byte 0x04, 0x10, 0xD5, 0xE5
	.byte 0x01, 0x00, 0xA0, 0xE3, 0x00, 0x00, 0x51, 0xE3, 0x10, 0x01, 0xA0, 0x11, 0x08, 0x00, 0x85, 0xE5
_021B2160:
	.byte 0x05, 0x00, 0xA0, 0xE1, 0x04, 0x10, 0xA0, 0xE1, 0x0D, 0x02, 0x00, 0xEB, 0x00, 0x00, 0x50, 0xE3
	.byte 0x02, 0x00, 0xE0, 0x03, 0x00, 0x00, 0xA0, 0x13, 0xF8, 0x80, 0xBD, 0xE8
_021B217C:
	.byte 0xD8, 0x60, 0x1B, 0x02

	arm_func_start FUN_overlay_d_13__021b2180
FUN_overlay_d_13__021b2180: ; 0x021B2180
	stmdb sp!, {r3, lr}
	ldr r2, _021B21A0 ; =0x021B60D8
	ldr r2, [r2, #0x10]
	cmp r2, #2
	mvneq r0, #2
	ldmeqia sp!, {r3, pc}
	bl FUN_overlay_d_13__021b25b0
	ldmia sp!, {r3, pc}
	arm_func_end FUN_overlay_d_13__021b2180
_021B21A0:
	.byte 0xD8, 0x60, 0x1B, 0x02

	arm_func_start FUN_overlay_d_13__021b21a4
FUN_overlay_d_13__021b21a4: ; 0x021B21A4
	stmdb sp!, {r4, r5, r6, lr}
	ldr r6, _021B224C ; =0x021B60D8
	mov r4, r0
	ldr r1, [r6, #0x10]
	cmp r1, #3
	mvnne r0, #1
	ldmneia sp!, {r4, r5, r6, pc}
	ldr r5, _021B2250 ; =0x021B4BD0
	ldr r1, [r5]
	cmp r1, #3
	mvneq r0, #5
	ldmeqia sp!, {r4, r5, r6, pc}
	ldrb r1, [r6]
	cmp r4, r1
	mvneq r0, #0
	ldmeqia sp!, {r4, r5, r6, pc}
	bl FUN_overlay_d_13__021b2a20
	cmp r0, #0
	movne r0, #0
	ldmneia sp!, {r4, r5, r6, pc}
	mov r0, r4
	bl FUN_overlay_d_13__021b1f2c
	movs r2, r0
	mvneq r0, #0
	ldmeqia sp!, {r4, r5, r6, pc}
	strb r4, [r2, #4]
	mov r0, #1
	strb r4, [r2, #5]
	mov r1, #2
	mov r0, r0, lsl r4
	str r1, [r2, #0xc]
	str r0, [r2, #8]
	ldr r3, [r6, #8]
	ldr r6, [r6, #4]
	mov r0, r4
	mov r1, #7
	blx r6
	ldr r1, [r5]
	mov r0, #0
	add r1, r1, #1
	str r1, [r5]
	ldmia sp!, {r4, r5, r6, pc}
	arm_func_end FUN_overlay_d_13__021b21a4
_021B224C:
	.byte 0xD8, 0x60, 0x1B, 0x02
_021B2250:
	.byte 0xD0, 0x4B, 0x1B, 0x02

	arm_func_start FUN_overlay_d_13__021b2254
FUN_overlay_d_13__021b2254: ; 0x021B2254
	stmdb sp!, {r3, r4, r5, lr}
	ldr r4, _021B22AC ; =0x021B60D8
	mov r5, r0
	ldr r1, [r4, #0x10]
	cmp r1, #3
	mvnne r0, #1
	ldmneia sp!, {r3, r4, r5, pc}
	bl FUN_overlay_d_13__021b2a20
	movs r2, r0
	mvneq r0, #0
	ldmeqia sp!, {r3, r4, r5, pc}
	ldr r3, [r4, #8]
	ldr r4, [r4, #4]
	mov r0, r5
	mov r1, #9
	blx r4
	ldr r1, _021B22B0 ; =0x021B4BD0
	mov r0, #0
	ldr r2, [r1]
	sub r2, r2, #1
	str r2, [r1]
	ldmia sp!, {r3, r4, r5, pc}
	arm_func_end FUN_overlay_d_13__021b2254
_021B22AC:
	.byte 0xD8, 0x60, 0x1B, 0x02
_021B22B0:
	.byte 0xD0, 0x4B, 0x1B, 0x02

	arm_func_start FUN_overlay_d_13__021b22b4
FUN_overlay_d_13__021b22b4: ; 0x021B22B4
	stmdb sp!, {r3, r4, r5, r6, r7, lr}
	mov r5, r0
	ldr r0, [r5]
	cmp r0, #0
	ldrne r1, [r5, #4]
	cmpne r1, #0
	beq _021B22D8
	cmp r1, #8
	bls _021B22E0
	arm_func_end FUN_overlay_d_13__021b22b4
_021B22D8:
	.byte 0x00, 0x00, 0xA0, 0xE3, 0xF8, 0x80, 0xBD, 0xE8
_021B22E0:
	.byte 0x18, 0x70, 0xA0, 0xE3, 0x91, 0x07, 0x02, 0xE0, 0xB8, 0x60, 0x9F, 0xE5, 0x00, 0x40, 0xA0, 0xE3
	.byte 0x04, 0x10, 0xA0, 0xE1, 0x00, 0x00, 0x86, 0xE5, 0x33, 0x42, 0xFB, 0xEB, 0xA8, 0x00, 0x9F, 0xE5
	.byte 0x04, 0x10, 0xA0, 0xE1, 0x07, 0x20, 0xA0, 0xE1, 0x2F, 0x42, 0xFB, 0xEB, 0x9C, 0x00, 0x9F, 0xE5
	.byte 0x04, 0x10, 0xA0, 0xE1, 0x07, 0x20, 0xA0, 0xE1, 0x2B, 0x42, 0xFB, 0xEB, 0x04, 0x70, 0x95, 0xE5
	.byte 0x01, 0x00, 0x57, 0xE2, 0x0B, 0x00, 0x00, 0x0A, 0x18, 0x00, 0xA0, 0xE3, 0x00, 0x10, 0xA0, 0xE1
_021B2330:
	.byte 0x00, 0xC0, 0x96, 0xE5, 0x01, 0x30, 0x84, 0xE2, 0x94, 0xC1, 0x22, 0xE0, 0x93, 0xC0, 0x24, 0xE0
	.byte 0x14, 0x40, 0x82, 0xE5, 0x04, 0x70, 0x95, 0xE5, 0x03, 0x40, 0xA0, 0xE1, 0x01, 0x20, 0x47, 0xE2
	.byte 0x02, 0x00, 0x53, 0xE1, 0xF5, 0xFF, 0xFF, 0x3A
_021B2358:
	.byte 0x48, 0x20, 0x9F, 0xE5, 0x18, 0x00, 0xA0, 0xE3
	.byte 0x00, 0x10, 0x92, 0xE5, 0x00, 0x40, 0xA0, 0xE3, 0x97, 0x10, 0x20, 0xE0, 0x04, 0x40, 0x00, 0xE5
	.byte 0x3C, 0x10, 0x9F, 0xE5, 0x04, 0x40, 0x82, 0xE5, 0x04, 0x40, 0x81, 0xE5, 0x34, 0x00, 0x9F, 0xE5
	.byte 0x00, 0x40, 0x81, 0xE5, 0x30, 0x30, 0x9F, 0xE5, 0x14, 0x40, 0x80, 0xE5, 0x2C, 0x10, 0x9F, 0xE5
	.byte 0x08, 0x30, 0x82, 0xE5, 0x28, 0x00, 0x9F, 0xE5, 0x0C, 0x10, 0x82, 0xE5, 0x10, 0x00, 0x82, 0xE5
	.byte 0x01, 0x00, 0xA0, 0xE3, 0xF8, 0x80, 0xBD, 0xE8
_021B23A8:
	.byte 0xE0, 0x4B, 0x1B, 0x02
_021B23AC:
	.byte 0x0C, 0x4C, 0x1B, 0x02
_021B23B0:
	.byte 0xF4, 0x4B, 0x1B, 0x02
_021B23B4:
	.byte 0xD0, 0x4B, 0x1B, 0x02
_021B23B8:
	.byte 0xD8, 0x60, 0x1B, 0x02
_021B23BC:
	.byte 0xD0, 0x70, 0x08, 0x02
_021B23C0:
	.byte 0x65, 0x8B, 0x58, 0x5D
_021B23C4:
	.byte 0xC3, 0x9E, 0x26, 0x00

	arm_func_start FUN_overlay_d_13__021b23c8
FUN_overlay_d_13__021b23c8: ; 0x021B23C8
	ldr r0, _021B23DC ; =0x021B4BE0
	mov r1, #0
	str r1, [r0, #4]
	str r1, [r0]
	bx lr
	arm_func_end FUN_overlay_d_13__021b23c8
_021B23DC:
	.byte 0xE0, 0x4B, 0x1B, 0x02

	arm_func_start FUN_overlay_d_13__021b23e0
FUN_overlay_d_13__021b23e0: ; 0x021B23E0
	stmdb sp!, {r3, r4, r5, lr}
	bl FUN_020870D0
	ldr r5, _021B2474 ; =0x021B60D8
	ldr r2, [r5, #0x10]
	cmp r2, #2
	ldmneia sp!, {r3, r4, r5, pc}
	ldr r2, [r5, #0xc]
	cmp r2, #0
	ldmeqia sp!, {r3, r4, r5, pc}
	ldr r3, _021B2478 ; =0x021B4BD0
	mov ip, #0
	ldr lr, [r3, #0xc]
	ldr r4, [r3, #8]
	cmp lr, #0
	cmpeq r4, #0
	ldmeqia sp!, {r3, r4, r5, pc}
	ldr r2, _021B247C ; =_021B3C48
	subs r4, r0, r4
	sbc r1, r1, lr
	ldmia r2, {r0, r2}
	cmp r1, r2
	cmpeq r4, r0
	ldmlsia sp!, {r3, r4, r5, pc}
	str ip, [r3, #8]
	ldr r4, _021B2480 ; =0x021B4BE0
	str ip, [r3, #0xc]
	str ip, [r4, #0x2c]
	mov r0, ip
	str ip, [r4, #0x38]
	bl FUN_overlay_d_13__021b26dc
	ldrb r0, [r4, #0x30]
	ldr r3, [r5, #8]
	ldr r4, [r5, #4]
	ldr r2, _021B2484 ; =0x021B4C0C
	mov r1, #9
	blx r4
	ldmia sp!, {r3, r4, r5, pc}
	arm_func_end FUN_overlay_d_13__021b23e0
_021B2474:
	.byte 0xD8, 0x60, 0x1B, 0x02
_021B2478:
	.byte 0xD0, 0x4B, 0x1B, 0x02
_021B247C:
	.byte 0x48, 0x3C, 0x1B, 0x02
_021B2480:
	.byte 0xE0, 0x4B, 0x1B, 0x02
_021B2484:
	.byte 0x0C, 0x4C, 0x1B, 0x02

	arm_func_start FUN_overlay_d_13__021b2488
FUN_overlay_d_13__021b2488: ; 0x021B2488
	stmdb sp!, {r3, lr}
	cmp r2, #0x10
	movne r0, #0
	ldmneia sp!, {r3, pc}
	ldrb r2, [r1, #8]
	cmp r2, r0
	ldreq r0, _021B24F8 ; =0x021B60D8
	ldreqb ip, [r1, #9]
	ldreqb r2, [r0]
	cmpeq ip, r2
	movne r0, #0
	ldmneia sp!, {r3, pc}
	ldrb r2, [r1, #5]
	cmp r2, #0x10
	beq _021B24D4
	mov r0, r1
	mov r1, r3
	bl FUN_overlay_d_13__021b2d54
	ldmia sp!, {r3, pc}
	arm_func_end FUN_overlay_d_13__021b2488
_021B24D4:
	.byte 0x0C, 0x00, 0x90, 0xE5, 0x00, 0x00, 0x50, 0xE3, 0x01, 0x00, 0xA0, 0xE1
	.byte 0x03, 0x10, 0xA0, 0xE1, 0x01, 0x00, 0x00, 0x1A, 0x6C, 0x01, 0x00, 0xEB, 0x08, 0x80, 0xBD, 0xE8
_021B24F0:
	.byte 0xBA, 0x01, 0x00, 0xEB, 0x08, 0x80, 0xBD, 0xE8
_021B24F8:
	.byte 0xD8, 0x60, 0x1B, 0x02

	arm_func_start FUN_overlay_d_13__021b24fc
FUN_overlay_d_13__021b24fc: ; 0x021B24FC
	stmdb sp!, {r3, r4, r5, lr}
	mov r1, r0
	cmp r1, #0x20
	movhs r0, #0
	ldmhsia sp!, {r3, r4, r5, pc}
	ldr r0, _021B255C ; =0x021B60D8
	ldrb r0, [r0]
	cmp r1, r0
	moveq r0, #0
	ldmeqia sp!, {r3, r4, r5, pc}
	ldr r4, _021B2560 ; =0x021B4BE0
	ldr r5, [r4]
	cmp r5, #0
	moveq r0, #0
	ldmeqia sp!, {r3, r4, r5, pc}
	ldr r2, [r5, #0x14]
	mov r0, r5
	str r2, [r4]
	bl FUN_overlay_d_13__021b2724
	ldr r1, [r4, #4]
	mov r0, r5
	str r1, [r5, #0x14]
	str r5, [r4, #4]
	ldmia sp!, {r3, r4, r5, pc}
	arm_func_end FUN_overlay_d_13__021b24fc
_021B255C:
	.byte 0xD8, 0x60, 0x1B, 0x02
_021B2560:
	.byte 0xE0, 0x4B, 0x1B, 0x02

	arm_func_start FUN_overlay_d_13__021b2564
FUN_overlay_d_13__021b2564: ; 0x021B2564
	stmdb sp!, {r4, r5, r6, lr}
	sub sp, sp, #0x10
	add r5, sp, #0
	mov r4, #0x10
	mov r2, r5
	mov r3, r4
	mov r6, r0
	bl FUN_overlay_d_13__021b2010
	cmp r0, #0
	addne sp, sp, #0x10
	ldmneia sp!, {r4, r5, r6, pc}
	mov r0, r6
	mov r1, r5
	bl FUN_overlay_d_13__021b275c
	cmp r0, #0
	movne r0, #0
	subeq r0, r4, #0x14
	add sp, sp, #0x10
	ldmia sp!, {r4, r5, r6, pc}
	arm_func_end FUN_overlay_d_13__021b2564

	arm_func_start FUN_overlay_d_13__021b25b0
FUN_overlay_d_13__021b25b0: ; 0x021B25B0
	stmdb sp!, {r4, r5, r6, lr}
	sub sp, sp, #0x10
	add r5, sp, #0
	mov r4, #0x10
	mov r2, r5
	mov r3, r4
	mov r6, r0
	bl FUN_overlay_d_13__021b20d4
	cmp r0, #0
	addne sp, sp, #0x10
	ldmneia sp!, {r4, r5, r6, pc}
	mov r0, r6
	mov r1, r5
	bl FUN_overlay_d_13__021b275c
	cmp r0, #0
	movne r0, #0
	subeq r0, r4, #0x14
	add sp, sp, #0x10
	ldmia sp!, {r4, r5, r6, pc}
	arm_func_end FUN_overlay_d_13__021b25b0

	arm_func_start FUN_overlay_d_13__021b25fc
FUN_overlay_d_13__021b25fc: ; 0x021B25FC
	ldrb r2, [r1, #0xa]
	cmp r2, #1
	ldreqb r2, [r0, #4]
	ldreq r0, _021B261C ; =0x021B4BD0
	streqb r2, [r1, #0xb]
	ldreq r0, [r0, #4]
	streq r0, [r1, #0xc]
	bx lr
	arm_func_end FUN_overlay_d_13__021b25fc
_021B261C:
	.byte 0xD0, 0x4B, 0x1B, 0x02

	arm_func_start FUN_overlay_d_13__021b2620
FUN_overlay_d_13__021b2620: ; 0x021B2620
	stmdb sp!, {r3, r4, r5, r6, r7, r8, sb, sl, fp, lr}
	str r0, [sp]
	mov sl, r1
	mov r8, #0
	bl FUN_overlay_d_13__021b25fc
	mov r6, #1
	ldr r4, _021B26D4 ; =0x021B60D8
	ldr r5, _021B26D8 ; =0x021B4BD0
	mov sb, r8
	mov r7, r6
	mov fp, #0x10
	arm_func_end FUN_overlay_d_13__021b2620
_021B264C:
	.byte 0x17, 0x19, 0xA0, 0xE1
	.byte 0x00, 0x00, 0x59, 0xE3, 0x04, 0x00, 0x95, 0xE5, 0x06, 0x10, 0xA0, 0x01, 0x01, 0x00, 0x10, 0xE1
	.byte 0x00, 0x00, 0xD4, 0x15, 0x00, 0x00, 0x59, 0x11, 0x06, 0x00, 0x00, 0x0A, 0x09, 0x00, 0xA0, 0xE1
	.byte 0x0A, 0x10, 0xA0, 0xE1, 0x0B, 0x20, 0xA0, 0xE1, 0x09, 0x90, 0xCA, 0xE5, 0x03, 0x12, 0xFF, 0xEB
	.byte 0x00, 0x00, 0x50, 0xE3, 0x01, 0x80, 0x88, 0x12
_021B2688:
	.byte 0x01, 0x00, 0x89, 0xE2, 0xFF, 0x90, 0x00, 0xE2
	.byte 0x20, 0x00, 0x59, 0xE3, 0xEC, 0xFF, 0xFF, 0x3A, 0x0A, 0x00, 0xDA, 0xE5, 0x01, 0x00, 0x50, 0xE3
	.byte 0x30, 0x00, 0x9F, 0x05, 0x04, 0x10, 0x90, 0x05, 0x00, 0x00, 0x9D, 0x05, 0x08, 0x10, 0x80, 0x05
	.byte 0x03, 0x00, 0x00, 0x0A, 0x00, 0x00, 0x50, 0xE3, 0x00, 0x00, 0x9D, 0x05, 0x00, 0x10, 0xA0, 0x03
	.byte 0x08, 0x10, 0x80, 0x05
_021B26C4:
	.byte 0x03, 0x00, 0xE0, 0xE3, 0x00, 0x00, 0x58, 0xE3, 0x00, 0x00, 0xA0, 0x13
	.byte 0xF8, 0x8F, 0xBD, 0xE8
_021B26D4:
	.byte 0xD8, 0x60, 0x1B, 0x02
_021B26D8:
	.byte 0xD0, 0x4B, 0x1B, 0x02

	arm_func_start FUN_overlay_d_13__021b26dc
FUN_overlay_d_13__021b26dc: ; 0x021B26DC
	stmdb sp!, {r4, r5, r6, lr}
	sub sp, sp, #0x10
	ldr r5, _021B2720 ; =0x021B4C0C
	add r4, sp, #0
	mov r6, r0
	mov r3, #0xff
	mov r0, r5
	mov r1, r4
	mov r2, #4
	strb r3, [sp, #4]
	bl FUN_overlay_d_13__021b2848
	mov r0, r5
	mov r1, r4
	strb r6, [sp, #0xa]
	bl FUN_overlay_d_13__021b2620
	add sp, sp, #0x10
	ldmia sp!, {r4, r5, r6, pc}
	arm_func_end FUN_overlay_d_13__021b26dc
_021B2720:
	.byte 0x0C, 0x4C, 0x1B, 0x02

	arm_func_start FUN_overlay_d_13__021b2724
FUN_overlay_d_13__021b2724: ; 0x021B2724
	stmdb sp!, {r4, r5, r6, lr}
	mov r4, #0
	mov r5, r1
	mov r1, r4
	mov r2, #0x18
	mov r6, r0
	bl FUN_020923B0
	ldr r0, _021B2758 ; =0x021B60D8
	ldr r0, [r0, #0x10]
	str r0, [r6]
	str r4, [r6, #0xc]
	strb r5, [r6, #4]
	ldmia sp!, {r4, r5, r6, pc}
	arm_func_end FUN_overlay_d_13__021b2724
_021B2758:
	.byte 0xD8, 0x60, 0x1B, 0x02

	arm_func_start FUN_overlay_d_13__021b275c
FUN_overlay_d_13__021b275c: ; 0x021B275C
	stmdb sp!, {r3, lr}
	ldrb r2, [r1, #4]
	cmp r2, #0xff
	ldreqb r2, [r1, #6]
	cmpeq r2, #4
	bne _021B277C
	bl FUN_overlay_d_13__021b2620
	b _021B2794
	arm_func_end FUN_overlay_d_13__021b275c
_021B277C:
	.byte 0x04, 0x00, 0xD0, 0xE5
	.byte 0x10, 0x20, 0xA0, 0xE3, 0xC1, 0x11, 0xFF, 0xEB, 0x00, 0x00, 0x50, 0xE3, 0x00, 0x00, 0xA0, 0x03
	.byte 0x08, 0x80, 0xBD, 0x08
_021B2794:
	.byte 0x01, 0x00, 0xA0, 0xE3, 0x08, 0x80, 0xBD, 0xE8

	arm_func_start FUN_overlay_d_13__021b279c
FUN_overlay_d_13__021b279c: ; 0x021B279C
	ldrb r2, [r0, #0xb]
	strb r2, [r1, #5]
	ldrb r2, [r0, #4]
	cmp r2, #0xff
	bne _021B27E0
	ldrb r2, [r0, #6]
	cmp r2, #0
	bne _021B27D0
	ldrb r3, [r1, #4]
	mov r2, #1
	cmp r3, #0
	movne r2, r2, lsl r3
	str r2, [r1, #8]
	arm_func_end FUN_overlay_d_13__021b279c
_021B27D0:
	.byte 0x06, 0x10, 0xD0, 0xE5, 0x64, 0x00, 0x9F, 0xE5, 0x01, 0x00, 0xD0, 0xE7, 0x1E, 0xFF, 0x2F, 0xE1
_021B27E0:
	.byte 0x00, 0x00, 0x52, 0xE3, 0x13, 0x00, 0x00, 0x1A, 0x06, 0x20, 0xD0, 0xE5, 0x00, 0x00, 0x52, 0xE3
	.byte 0x0D, 0x00, 0x00, 0x1A, 0x0C, 0x00, 0x91, 0xE5, 0x01, 0x00, 0x50, 0xE3, 0x06, 0x00, 0x00, 0x1A
	.byte 0x04, 0x20, 0xD1, 0xE5, 0x01, 0x00, 0xA0, 0xE3, 0x00, 0x00, 0x52, 0xE3, 0x10, 0x02, 0xA0, 0x11
	.byte 0x08, 0x00, 0x81, 0xE5, 0x07, 0x00, 0xA0, 0xE3, 0x1E, 0xFF, 0x2F, 0xE1
_021B281C:
	.byte 0x05, 0x00, 0x50, 0xE3
	.byte 0x09, 0x00, 0xA0, 0x03, 0x0C, 0x00, 0xA0, 0x13, 0x1E, 0xFF, 0x2F, 0xE1
_021B282C:
	.byte 0x10, 0x00, 0x9F, 0xE5
	.byte 0x02, 0x00, 0xD0, 0xE7, 0x1E, 0xFF, 0x2F, 0xE1
_021B2838:
	.byte 0x0C, 0x00, 0xA0, 0xE3, 0x1E, 0xFF, 0x2F, 0xE1
_021B2840:
	.byte 0xF0, 0x3A, 0x1B, 0x02
_021B2844:
	.byte 0xF5, 0x3A, 0x1B, 0x02

	arm_func_start FUN_overlay_d_13__021b2848
FUN_overlay_d_13__021b2848: ; 0x021B2848
	stmdb sp!, {r3, lr}
	ldr lr, _021B288C ; =0x5F564354
	mov ip, #0x10
	ldr r3, _021B2890 ; =0x021B60D8
	str lr, [r1]
	strb ip, [r1, #5]
	strb r2, [r1, #6]
	ldrb r2, [r3]
	strb r2, [r1, #8]
	ldrb r2, [r0, #4]
	mov r0, #0
	strb r2, [r1, #9]
	strb r0, [r1, #0xa]
	ldrb r2, [r3]
	strb r2, [r1, #0xb]
	str r0, [r1, #0xc]
	ldmia sp!, {r3, pc}
	arm_func_end FUN_overlay_d_13__021b2848
_021B288C:
	.byte 0x54, 0x43, 0x56, 0x5F
_021B2890:
	.byte 0xD8, 0x60, 0x1B, 0x02

	arm_func_start FUN_overlay_d_13__021b2894
FUN_overlay_d_13__021b2894: ; 0x021B2894
	stmdb sp!, {r3, r4, r5, lr}
	ldrb r2, [r1, #4]
	ldrb r3, [r1, #6]
	mov r4, r0
	cmp r2, #0
	addeq r3, r3, #5
	cmp r3, #0xb
	mvnhs r3, #0
	cmp r3, #0
	mvnlt r0, #0
	ldmltia sp!, {r3, r4, r5, pc}
	ldr r0, _021B294C ; =0x021B60D8
	ldr r1, _021B2950 ; =0x021B3BC8
	ldr r0, [r0, #0x10]
	ldr r2, [r4, #0xc]
	cmp r0, #1
	ldrne r1, _021B2954 ; =0x021B3AFC
	mov r0, #0xb
	mla r0, r2, r0, r1
	ldrsb r5, [r3, r0]
	mvn r1, #2
	cmp r5, r1
	beq _021B292C
	add r0, r1, #1
	cmp r5, r0
	beq _021B290C
	add r0, r1, #2
	cmp r5, r0
	mov r0, r5
	ldmia sp!, {r3, r4, r5, pc}
	arm_func_end FUN_overlay_d_13__021b2894
_021B290C:
	.byte 0x04, 0x00, 0xA0, 0xE1
	.byte 0x01, 0x10, 0xA0, 0xE3, 0x25, 0xFF, 0xFF, 0xEB, 0x00, 0x10, 0xA0, 0xE3, 0x05, 0x00, 0xA0, 0xE1
	.byte 0x0C, 0x10, 0x84, 0xE5, 0x00, 0x10, 0x84, 0xE5, 0x38, 0x80, 0xBD, 0xE8
_021B292C:
	.byte 0x04, 0x00, 0xA0, 0xE1
	.byte 0x03, 0x10, 0xA0, 0xE3, 0x1D, 0xFF, 0xFF, 0xEB, 0x00, 0x10, 0xA0, 0xE3, 0x05, 0x00, 0xA0, 0xE1
	.byte 0x0C, 0x10, 0x84, 0xE5, 0x00, 0x10, 0x84, 0xE5, 0x38, 0x80, 0xBD, 0xE8
_021B294C:
	.byte 0xD8, 0x60, 0x1B, 0x02
_021B2950:
	.byte 0xC8, 0x3B, 0x1B, 0x02
_021B2954:
	.byte 0xFC, 0x3A, 0x1B, 0x02

	arm_func_start FUN_overlay_d_13__021b2958
FUN_overlay_d_13__021b2958: ; 0x021B2958
	ldr r1, _021B29A0 ; =0x021B4BE0
	ldr r2, [r1, #4]
	cmp r2, #0
	beq _021B2998
	arm_func_end FUN_overlay_d_13__021b2958
_021B2968:
	.byte 0x00, 0x10, 0x92, 0xE5, 0x00, 0x00, 0x51, 0xE3
	.byte 0x05, 0x00, 0x00, 0x0A, 0x0C, 0x10, 0x92, 0xE5, 0x02, 0x00, 0x51, 0xE3, 0x02, 0x00, 0x00, 0x1A
	.byte 0x02, 0x00, 0x50, 0xE1, 0x00, 0x00, 0xA0, 0x13, 0x1E, 0xFF, 0x2F, 0x11
_021B298C:
	.byte 0x14, 0x20, 0x92, 0xE5
	.byte 0x00, 0x00, 0x52, 0xE3, 0xF3, 0xFF, 0xFF, 0x1A
_021B2998:
	.byte 0x01, 0x00, 0xA0, 0xE3, 0x1E, 0xFF, 0x2F, 0xE1
_021B29A0:
	.byte 0xE0, 0x4B, 0x1B, 0x02

	arm_func_start FUN_overlay_d_13__021b29a4
FUN_overlay_d_13__021b29a4: ; 0x021B29A4
	ldrb r2, [r1, #4]
	ldrb ip, [r1, #6]
	cmp r2, #0
	addeq ip, ip, #5
	cmp ip, #0xb
	mvnhs ip, #0
	cmp ip, #0
	mvnlt r0, #0
	bxlt lr
	ldr r1, _021B2A14 ; =0x021B60D8
	ldr r2, _021B2A18 ; =0x021B3B40
	ldr r1, [r1, #0x10]
	ldr r3, [r0, #0xc]
	cmp r1, #1
	ldrne r2, _021B2A1C ; =0x021B3B84
	mov r1, #0xb
	mla r1, r3, r1, r2
	ldrsb r2, [ip, r1]
	mvn r1, #0
	cmp r2, r1
	moveq r0, #1
	bxeq lr
	sub r1, r1, #1
	cmp r2, r1
	moveq r0, #0
	strne r2, [r0, #0xc]
	movne r0, #1
	bx lr
	arm_func_end FUN_overlay_d_13__021b29a4
_021B2A14:
	.byte 0xD8, 0x60, 0x1B, 0x02
_021B2A18:
	.byte 0x40, 0x3B, 0x1B, 0x02
_021B2A1C:
	.byte 0x84, 0x3B, 0x1B, 0x02

	arm_func_start FUN_overlay_d_13__021b2a20
FUN_overlay_d_13__021b2a20: ; 0x021B2A20
	ldr r1, _021B2A94 ; =0x021B60D8
	ldr r2, _021B2A98 ; =0x021B4BE0
	ldr r1, [r1, #0x10]
	ldr r3, [r2, #4]
	cmp r1, #2
	bne _021B2A5C
	ldr r1, [r2, #0x2c]
	cmp r1, #0
	beq _021B2A54
	ldrb r1, [r2, #0x30]
	cmp r1, r0
	ldreq r0, _021B2A9C ; =0x021B4C0C
	bxeq lr
	arm_func_end FUN_overlay_d_13__021b2a20
_021B2A54:
	.byte 0x00, 0x00, 0xA0, 0xE3, 0x1E, 0xFF, 0x2F, 0xE1
_021B2A5C:
	.byte 0x00, 0x00, 0x53, 0xE3
	.byte 0x09, 0x00, 0x00, 0x0A
_021B2A64:
	.byte 0x00, 0x10, 0x93, 0xE5, 0x00, 0x00, 0x51, 0xE3, 0x03, 0x00, 0x00, 0x0A
	.byte 0x04, 0x10, 0xD3, 0xE5, 0x00, 0x00, 0x51, 0xE1, 0x03, 0x00, 0xA0, 0x01, 0x1E, 0xFF, 0x2F, 0x01
_021B2A80:
	.byte 0x14, 0x30, 0x93, 0xE5, 0x00, 0x00, 0x53, 0xE3, 0xF5, 0xFF, 0xFF, 0x1A
_021B2A8C:
	.byte 0x00, 0x00, 0xA0, 0xE3
	.byte 0x1E, 0xFF, 0x2F, 0xE1
_021B2A94:
	.byte 0xD8, 0x60, 0x1B, 0x02
_021B2A98:
	.byte 0xE0, 0x4B, 0x1B, 0x02
_021B2A9C:
	.byte 0x0C, 0x4C, 0x1B, 0x02

	arm_func_start FUN_overlay_d_13__021b2aa0
FUN_overlay_d_13__021b2aa0: ; 0x021B2AA0
	stmdb sp!, {r4, r5, r6, r7, r8, lr}
	mov r6, r0
	ldrb r2, [r6, #4]
	mov r5, r1
	mov r7, #0
	cmp r2, #0xff
	bne _021B2ADC
	ldrb r2, [r6, #6]
	cmp r2, #4
	bne _021B2AD0
	bl FUN_overlay_d_13__021b2dd0
	ldmia sp!, {r4, r5, r6, r7, r8, pc}
	arm_func_end FUN_overlay_d_13__021b2aa0
_021B2AD0:
	.byte 0x03, 0x00, 0x52, 0xE3, 0x07, 0x00, 0xA0, 0x01, 0xF0, 0x81, 0xBD, 0x08
_021B2ADC:
	.byte 0x08, 0x00, 0xD6, 0xE5
	.byte 0xCE, 0xFF, 0xFF, 0xEB, 0x00, 0x40, 0xB0, 0xE1, 0x1A, 0x00, 0x00, 0x0A, 0x06, 0x10, 0xA0, 0xE1
	.byte 0x67, 0xFF, 0xFF, 0xEB, 0x00, 0x80, 0xA0, 0xE1, 0x01, 0x00, 0xE0, 0xE3, 0x00, 0x00, 0x58, 0xE1
	.byte 0x04, 0x00, 0x00, 0x0A, 0x01, 0x00, 0x80, 0xE2, 0x00, 0x00, 0x58, 0xE1, 0x07, 0x00, 0x00, 0x1A
	.byte 0x00, 0x00, 0xA0, 0xE3, 0xF0, 0x81, 0xBD, 0xE8
_021B2B18:
	.byte 0x0C, 0x00, 0xA0, 0xE3, 0x00, 0x00, 0x85, 0xE5
	.byte 0x00, 0x70, 0x84, 0xE5, 0x04, 0x40, 0x85, 0xE5, 0x01, 0x00, 0xA0, 0xE3, 0xF0, 0x81, 0xBD, 0xE8
_021B2B30:
	.byte 0x06, 0x00, 0xA0, 0xE1, 0x04, 0x10, 0xA0, 0xE1, 0x17, 0xFF, 0xFF, 0xEB, 0x11, 0x00, 0x85, 0xE8
	.byte 0x0C, 0x80, 0x84, 0xE5, 0x00, 0x00, 0x95, 0xE5, 0x00, 0x00, 0x50, 0xE3, 0x01, 0x00, 0xA0, 0x13
	.byte 0x00, 0x00, 0xA0, 0x03, 0xF0, 0x81, 0xBD, 0xE8
_021B2B58:
	.byte 0x08, 0x00, 0xD6, 0xE5, 0x66, 0xFE, 0xFF, 0xEB
	.byte 0x00, 0x70, 0xB0, 0xE1, 0x08, 0x00, 0x00, 0x1A, 0x6C, 0x40, 0x9F, 0xE5, 0x08, 0x10, 0xD6, 0xE5
	.byte 0x04, 0x00, 0xA0, 0xE1, 0xEA, 0xFE, 0xFF, 0xEB, 0x04, 0x00, 0xA0, 0xE1, 0x03, 0x10, 0xA0, 0xE3
	.byte 0x8A, 0xFE, 0xFF, 0xEB, 0x00, 0x00, 0xA0, 0xE3, 0xF0, 0x81, 0xBD, 0xE8
_021B2B8C:
	.byte 0x06, 0x10, 0xA0, 0xE1
	.byte 0x3F, 0xFF, 0xFF, 0xEB, 0x00, 0x40, 0xA0, 0xE1, 0x02, 0x00, 0x84, 0xE2, 0x01, 0x00, 0x50, 0xE3
	.byte 0x03, 0x00, 0x00, 0x8A, 0x07, 0x00, 0xA0, 0xE1, 0xE9, 0xFC, 0xFF, 0xEB, 0x00, 0x00, 0xA0, 0xE3
	.byte 0xF0, 0x81, 0xBD, 0xE8
_021B2BB4:
	.byte 0x06, 0x00, 0xA0, 0xE1, 0x07, 0x10, 0xA0, 0xE1, 0xF6, 0xFE, 0xFF, 0xEB
	.byte 0x81, 0x00, 0x85, 0xE8, 0x0C, 0x40, 0x87, 0xE5, 0x00, 0x00, 0x95, 0xE5, 0x00, 0x00, 0x50, 0xE3
	.byte 0x01, 0x00, 0xA0, 0x13, 0x00, 0x00, 0xA0, 0x03, 0xF0, 0x81, 0xBD, 0xE8
_021B2BDC:
	.byte 0xF4, 0x4B, 0x1B, 0x02

	arm_func_start FUN_overlay_d_13__021b2be0
FUN_overlay_d_13__021b2be0: ; 0x021B2BE0
	stmdb sp!, {r4, r5, r6, r7, r8, lr}
	ldr r2, _021B2D48 ; =0x021B4BE0
	mov r8, r0
	ldr r0, [r2, #0x2c]
	mov r7, r1
	cmp r0, #2
	mov r0, #1
	mov r6, #0
	bne _021B2C7C
	ldrb r1, [r2, #0x30]
	ldrb r0, [r8, #8]
	cmp r1, r0
	bne _021B2C6C
	ldr r5, _021B2D4C ; =0x021B4C0C
	mov r1, r8
	mov r0, r5
	bl FUN_overlay_d_13__021b2894
	mov r4, r0
	mvn r1, #2
	cmp r4, r1
	beq _021B2C60
	add r0, r1, #1
	cmp r4, r0
	beq _021B2C50
	add r0, r1, #2
	cmp r4, r0
	beq _021B2C60
	b _021B2C68
	arm_func_end FUN_overlay_d_13__021b2be0
_021B2C50:
	.byte 0x0C, 0x00, 0xA0, 0xE3, 0x41, 0x00, 0x87, 0xE8, 0x01, 0x00, 0xA0, 0xE3, 0xF0, 0x81, 0xBD, 0xE8
_021B2C60:
	.byte 0x00, 0x00, 0xA0, 0xE3, 0xF0, 0x81, 0xBD, 0xE8
_021B2C68:
	.byte 0x20, 0x00, 0x00, 0xEA
_021B2C6C:
	.byte 0x01, 0x00, 0xA0, 0xE3
	.byte 0x99, 0xFE, 0xFF, 0xEB, 0x06, 0x00, 0xA0, 0xE1, 0xF0, 0x81, 0xBD, 0xE8
_021B2C7C:
	.byte 0x08, 0x10, 0xD8, 0xE5
	.byte 0x10, 0x21, 0xA0, 0xE1, 0x00, 0x00, 0x51, 0xE3, 0x00, 0x20, 0xA0, 0x01, 0xBC, 0x00, 0x9F, 0xE5
	.byte 0x04, 0x00, 0x90, 0xE5, 0x02, 0x00, 0x10, 0xE1, 0x00, 0x00, 0xA0, 0x03, 0xF0, 0x81, 0xBD, 0x08
	.byte 0xA0, 0x20, 0x9F, 0xE5, 0xA0, 0x50, 0x9F, 0xE5, 0x30, 0x10, 0xC2, 0xE5, 0x02, 0x00, 0xA0, 0xE3
	.byte 0x2C, 0x00, 0x82, 0xE5, 0x05, 0x00, 0xA0, 0xE1, 0x08, 0x10, 0xA0, 0xE1, 0x38, 0x60, 0x82, 0xE5
	.byte 0xF3, 0xFE, 0xFF, 0xEB, 0x00, 0x40, 0xA0, 0xE1, 0x03, 0x00, 0x46, 0xE2, 0x00, 0x00, 0x54, 0xE1
	.byte 0x02, 0x00, 0x46, 0x12, 0x00, 0x00, 0x54, 0x11, 0x01, 0x00, 0x46, 0x12, 0x00, 0x00, 0x54, 0x11
	.byte 0x60, 0x10, 0x9F, 0x05, 0x00, 0x00, 0xA0, 0x03, 0x2C, 0x00, 0x81, 0x05, 0xF0, 0x81, 0xBD, 0x08
_021B2CF0:
	.byte 0x08, 0x00, 0xA0, 0xE1, 0x05, 0x10, 0xA0, 0xE1, 0xA7, 0xFE, 0xFF, 0xEB, 0x21, 0x00, 0x87, 0xE8
	.byte 0x0C, 0x40, 0x85, 0xE5, 0x00, 0x00, 0x97, 0xE5, 0x0A, 0x00, 0x50, 0xE3, 0x06, 0x00, 0x00, 0x1A
	.byte 0x01, 0x00, 0xA0, 0xE3, 0x70, 0xFE, 0xFF, 0xEB, 0xEC, 0x50, 0xFB, 0xEB, 0x2C, 0x20, 0x9F, 0xE5
	.byte 0x08, 0x00, 0x82, 0xE5, 0x0C, 0x10, 0x82, 0xE5, 0x04, 0x00, 0x00, 0xEA
_021B2D2C:
	.byte 0x06, 0x00, 0xA0, 0xE1
	.byte 0x69, 0xFE, 0xFF, 0xEB, 0x14, 0x00, 0x9F, 0xE5, 0x08, 0x60, 0x80, 0xE5, 0x0C, 0x60, 0x80, 0xE5
_021B2D40:
	.byte 0x01, 0x00, 0xA0, 0xE3, 0xF0, 0x81, 0xBD, 0xE8
_021B2D48:
	.byte 0xE0, 0x4B, 0x1B, 0x02
_021B2D4C:
	.byte 0x0C, 0x4C, 0x1B, 0x02
_021B2D50:
	.byte 0xD0, 0x4B, 0x1B, 0x02

	arm_func_start FUN_overlay_d_13__021b2d54
FUN_overlay_d_13__021b2d54: ; 0x021B2D54
	stmdb sp!, {r3, r4, r5, lr}
	mov r5, r0
	ldrb r0, [r5, #4]
	mov r4, r1
	cmp r0, #0xff
	ldreqb r0, [r5, #6]
	cmpeq r0, #4
	moveq r0, #0
	ldmeqia sp!, {r3, r4, r5, pc}
	ldrb r0, [r5, #8]
	bl FUN_overlay_d_13__021b2a20
	cmp r0, #0
	beq _021B2DA8
	mov r1, #2
	str r1, [r4]
	str r0, [r4, #4]
	mov r2, #0
	str r2, [r0]
	bl FUN_overlay_d_13__021b25b0
	mov r0, #1
	ldmia sp!, {r3, r4, r5, pc}
	arm_func_end FUN_overlay_d_13__021b2d54
_021B2DA8:
	.byte 0x1C, 0x40, 0x9F, 0xE5, 0x08, 0x10, 0xD5, 0xE5
	.byte 0x04, 0x00, 0xA0, 0xE1, 0x5A, 0xFE, 0xFF, 0xEB, 0x04, 0x00, 0xA0, 0xE1, 0x02, 0x10, 0xA0, 0xE3
	.byte 0xFA, 0xFD, 0xFF, 0xEB, 0x00, 0x00, 0xA0, 0xE3, 0x38, 0x80, 0xBD, 0xE8
_021B2DCC:
	.byte 0xF4, 0x4B, 0x1B, 0x02

	arm_func_start FUN_overlay_d_13__021b2dd0
FUN_overlay_d_13__021b2dd0: ; 0x021B2DD0
	stmdb sp!, {r4, lr}
	ldr r3, _021B2ECC ; =0x021B60D8
	mov ip, #0
	ldr r4, [r3, #0x10]
	ldr r2, _021B2ED0 ; =0x021B4BE0
	cmp r4, #2
	movne r0, ip
	ldmneia sp!, {r4, pc}
	ldrb r4, [r3, #1]
	ldrb lr, [r0, #8]
	cmp r4, lr
	movne r0, ip
	ldmneia sp!, {r4, pc}
	ldrb lr, [r0, #0xa]
	cmp lr, #0
	beq _021B2E1C
	cmp lr, #1
	beq _021B2E5C
	b _021B2EBC
	arm_func_end FUN_overlay_d_13__021b2dd0
_021B2E1C:
	.byte 0x2C, 0x00, 0x92, 0xE5
	.byte 0x00, 0x00, 0x50, 0xE3, 0x0C, 0x00, 0xA0, 0x01, 0x10, 0x80, 0xBD, 0x08, 0x38, 0x00, 0x92, 0xE5
	.byte 0x05, 0x00, 0x50, 0xE3, 0x02, 0x00, 0x50, 0x13, 0x09, 0x00, 0xA0, 0x03, 0x00, 0x00, 0x81, 0x05
	.byte 0x05, 0x00, 0xA0, 0x13, 0x00, 0x00, 0x81, 0x15, 0x2C, 0xC0, 0x82, 0xE5, 0x80, 0x00, 0x9F, 0xE5
	.byte 0x38, 0xC0, 0x82, 0xE5
_021B2E54:
	.byte 0x04, 0x00, 0x81, 0xE5, 0x19, 0x00, 0x00, 0xEA
_021B2E5C:
	.byte 0x02, 0xE0, 0xA0, 0xE3
	.byte 0x2C, 0xE0, 0x82, 0xE5, 0x0B, 0xC0, 0xD0, 0xE5, 0x00, 0x30, 0xD3, 0xE5, 0x03, 0x00, 0x5C, 0xE1
	.byte 0x04, 0x00, 0x00, 0x1A, 0x38, 0xE0, 0x82, 0xE5, 0x07, 0x30, 0xA0, 0xE3, 0x00, 0x30, 0x81, 0xE5
	.byte 0x0C, 0x30, 0x90, 0xE5, 0x07, 0x00, 0x00, 0xEA
_021B2E88:
	.byte 0x03, 0x30, 0xA0, 0xE3, 0x38, 0x30, 0x82, 0xE5
	.byte 0x06, 0x30, 0xA0, 0xE3, 0x00, 0x30, 0x81, 0xE5, 0x0B, 0xC0, 0xD0, 0xE5, 0x01, 0x30, 0xA0, 0xE3
	.byte 0x00, 0x00, 0x5C, 0xE3, 0x13, 0x3C, 0xA0, 0x11
_021B2EA8:
	.byte 0x34, 0x30, 0x82, 0xE5, 0x0B, 0x30, 0xD0, 0xE5
	.byte 0x1C, 0x00, 0x9F, 0xE5, 0x31, 0x30, 0xC2, 0xE5, 0xE5, 0xFF, 0xFF, 0xEA
_021B2EBC:
	.byte 0x0C, 0x00, 0xA0, 0xE1
	.byte 0x10, 0x80, 0xBD, 0xE8
_021B2EC4:
	.byte 0x01, 0x00, 0xA0, 0xE3, 0x10, 0x80, 0xBD, 0xE8
_021B2ECC:
	.byte 0xD8, 0x60, 0x1B, 0x02
_021B2ED0:
	.byte 0xE0, 0x4B, 0x1B, 0x02
_021B2ED4:
	.byte 0x0C, 0x4C, 0x1B, 0x02

	arm_func_start FUN_overlay_d_13__021b2ed8
FUN_overlay_d_13__021b2ed8: ; 0x021B2ED8
	stmdb sp!, {r3, r4, r5, r6, r7, lr}
	ldr r3, _021B2F8C ; =0xE525982B
	mov r2, r1
	umull r1, r6, r2, r3
	mov r6, r6, lsr #0xa
	ldr r7, _021B2F90 ; =0x021B4C24
	mov r1, r0
	str r1, [r7, #4]
	cmp r6, #4
	mov r4, #0
	blo _021B2F0C
	cmp r6, #0x48
	bls _021B2F14
	arm_func_end FUN_overlay_d_13__021b2ed8
_021B2F0C:
	.byte 0x00, 0x00, 0xA0, 0xE3
	.byte 0xF8, 0x80, 0xBD, 0xE8
_021B2F14:
	.byte 0x00, 0x00, 0x51, 0xE3, 0x04, 0x00, 0xA0, 0x01, 0xF8, 0x80, 0xBD, 0x08
	.byte 0x1F, 0x00, 0x11, 0xE3, 0x04, 0x00, 0xA0, 0x11, 0x04, 0x00, 0x87, 0x15, 0xF8, 0x80, 0xBD, 0x18
	.byte 0x04, 0x50, 0xA0, 0xE1, 0x05, 0x00, 0xA0, 0xE1, 0xE0, 0x3E, 0xFB, 0xEB, 0x01, 0xE0, 0x56, 0xE2
	.byte 0x08, 0x00, 0x00, 0x0A, 0x48, 0x00, 0x9F, 0xE5
_021B2F48:
	.byte 0x04, 0xC0, 0x97, 0xE5, 0x01, 0x20, 0x85, 0xE2
	.byte 0x95, 0x00, 0x01, 0xE0, 0x92, 0xC0, 0x23, 0xE0, 0x02, 0x50, 0xA0, 0xE1, 0x01, 0x30, 0x8C, 0xE7
	.byte 0x0E, 0x00, 0x52, 0xE1, 0xF7, 0xFF, 0xFF, 0x3A
_021B2F68:
	.byte 0x20, 0x10, 0x9F, 0xE5, 0x20, 0x00, 0x9F, 0xE5
	.byte 0x04, 0x20, 0x91, 0xE5, 0x96, 0x20, 0x20, 0xE0, 0x78, 0x44, 0x00, 0xE5, 0x04, 0x20, 0x91, 0xE5
	.byte 0x01, 0x00, 0xA0, 0xE3, 0x00, 0x20, 0x81, 0xE5, 0xF8, 0x80, 0xBD, 0xE8
_021B2F8C:
	.byte 0x2B, 0x98, 0x25, 0xE5
_021B2F90:
	.byte 0x24, 0x4C, 0x1B, 0x02
_021B2F94:
	.byte 0x78, 0x04, 0x00, 0x00

	arm_func_start FUN_overlay_d_13__021b2f98
FUN_overlay_d_13__021b2f98: ; 0x021B2F98
	ldr r0, _021B2FAC ; =0x021B4C24
	mov r1, #0
	str r1, [r0]
	str r1, [r0, #4]
	bx lr
	arm_func_end FUN_overlay_d_13__021b2f98
_021B2FAC:
	.byte 0x24, 0x4C, 0x1B, 0x02

	arm_func_start FUN_overlay_d_13__021b2fb0
FUN_overlay_d_13__021b2fb0: ; 0x021B2FB0
	stmdb sp!, {r4, lr}
	mov r4, #0
	bl FUN_02087988
	ldr r1, _021B2FE0 ; =0x021B4C24
	ldr r3, [r1]
	cmp r3, #0
	ldrne r2, [r3]
	movne r4, r3
	strne r2, [r1]
	bl FUN_0208799C
	mov r0, r4
	ldmia sp!, {r4, pc}
	arm_func_end FUN_overlay_d_13__021b2fb0
_021B2FE0:
	.byte 0x24, 0x4C, 0x1B, 0x02

	arm_func_start FUN_overlay_d_13__021b2fe4
FUN_overlay_d_13__021b2fe4: ; 0x021B2FE4
	stmdb sp!, {r4, lr}
	mov r4, r0
	bl FUN_02087988
	ldr r1, _021B3014 ; =0x021B4C24
	mov r2, #0
	ldr r3, [r1]
	str r3, [r4]
	str r4, [r1]
	str r2, [r4, #4]
	str r2, [r4, #8]
	bl FUN_0208799C
	ldmia sp!, {r4, pc}
	arm_func_end FUN_overlay_d_13__021b2fe4
_021B3014:
	.byte 0x24, 0x4C, 0x1B, 0x02

	arm_func_start FUN_overlay_d_13__021b3018
FUN_overlay_d_13__021b3018: ; 0x021B3018
	ldr r0, _021B3058 ; =0x021B4C38
	mov r2, #0
	mov r1, #0x1000000
	arm_func_end FUN_overlay_d_13__021b3018
_021B3024:
	.byte 0x02, 0x11, 0x80, 0xE7, 0x01, 0x20, 0x82, 0xE2, 0x04, 0x00, 0x52, 0xE3
	.byte 0xFB, 0xFF, 0xFF, 0xBA, 0x20, 0x10, 0x9F, 0xE5, 0x00, 0x20, 0xA0, 0xE3, 0x04, 0x20, 0x81, 0xE5
	.byte 0x18, 0x00, 0x9F, 0xE5, 0x00, 0x20, 0x81, 0xE5, 0x00, 0x20, 0x80, 0xE5, 0x04, 0x20, 0x80, 0xE5
	.byte 0x08, 0x20, 0x81, 0xE5, 0x1E, 0xFF, 0x2F, 0xE1
_021B3058:
	.byte 0x38, 0x4C, 0x1B, 0x02
_021B305C:
	.byte 0x2C, 0x4C, 0x1B, 0x02
_021B3060:
	.byte 0x50, 0x3C, 0x1B, 0x02, 0x08, 0x40, 0x2D, 0xE9, 0x00, 0x10, 0xB0, 0xE1, 0x08, 0x80, 0xBD, 0x08
	.byte 0x08, 0x00, 0x9F, 0xE5, 0x10, 0x20, 0xA0, 0xE3, 0x31, 0x3F, 0xFB, 0xEB, 0x08, 0x80, 0xBD, 0xE8
	.byte 0x50, 0x3C, 0x1B, 0x02

	arm_func_start FUN_overlay_d_13__021b3084
FUN_overlay_d_13__021b3084: ; 0x021B3084
	stmdb sp!, {r3, r4, r5, lr}
	ldr r3, _021B323C ; =_021B3C50
	mov ip, r1, lsr #8
	str ip, [r3, #4]
	cmp r2, #0
	strneb ip, [r2]
	ldr r2, _021B323C ; =_021B3C50
	mov r3, #0
	ldr r2, [r2]
	cmp r2, #0
	bne _021B3190
	mov lr, #0
	ldr ip, _021B3240 ; =0x021B4C38
	mov r4, lr
	arm_func_end FUN_overlay_d_13__021b3084
_021B30BC:
	.byte 0x04, 0x21, 0x9C, 0xE7
	.byte 0x01, 0x40, 0x84, 0xE2, 0x04, 0x00, 0x54, 0xE3, 0x02, 0xE0, 0x8E, 0xE0, 0xFA, 0xFF, 0xFF, 0xBA
	.byte 0x6C, 0xC1, 0x9F, 0xE5, 0x2E, 0x21, 0xA0, 0xE1, 0xB0, 0x30, 0xCC, 0xE1, 0x08, 0x20, 0x8C, 0xE5
_021B30E0:
	.byte 0xB0, 0x20, 0xDC, 0xE1, 0x02, 0x09, 0x12, 0xE3, 0xFC, 0xFF, 0xFF, 0x1A, 0x54, 0x21, 0x9F, 0xE5
	.byte 0x00, 0x00, 0x51, 0xE3, 0x00, 0x20, 0x92, 0xE5, 0x1B, 0x00, 0x00, 0x0A, 0x82, 0x00, 0x51, 0xE1
	.byte 0x19, 0x00, 0x00, 0x3A, 0x00, 0x40, 0xA0, 0xE3, 0x30, 0x21, 0x9F, 0xE5, 0x04, 0xC0, 0xA0, 0xE1
_021B3110:
	.byte 0x0C, 0x11, 0x92, 0xE7, 0x01, 0xC0, 0x8C, 0xE2, 0x04, 0x00, 0x5C, 0xE3, 0x01, 0x40, 0x84, 0xE0
	.byte 0xFA, 0xFF, 0xFF, 0x3A, 0x18, 0x21, 0x9F, 0xE5, 0x24, 0x11, 0xA0, 0xE1, 0xB0, 0x30, 0xC2, 0xE1
	.byte 0x08, 0x10, 0x82, 0xE5
_021B3134:
	.byte 0xB0, 0x10, 0xD2, 0xE1, 0x02, 0x09, 0x11, 0xE3, 0xFC, 0xFF, 0xFF, 0x1A
	.byte 0x00, 0x11, 0x9F, 0xE5, 0x00, 0x21, 0x9F, 0xE5, 0x00, 0x10, 0x91, 0xE5, 0x01, 0xE0, 0xA0, 0xE3
	.byte 0x81, 0x10, 0x81, 0xE0, 0xA1, 0x10, 0xA0, 0xE1, 0x00, 0x10, 0x82, 0xE5, 0xD8, 0x10, 0x9F, 0xE5
	.byte 0x04, 0x30, 0x82, 0xE5, 0x00, 0xE0, 0x81, 0xE5, 0x00, 0x00, 0x00, 0xEA
_021B316C:
	.byte 0x00, 0xE0, 0xA0, 0xE3
_021B3170:
	.byte 0xD4, 0x10, 0x9F, 0xE5, 0xC4, 0x30, 0x9F, 0xE5, 0x04, 0xC0, 0x91, 0xE5, 0x01, 0x20, 0x8C, 0xE2
	.byte 0x03, 0x20, 0x02, 0xE2, 0x0C, 0x01, 0x83, 0xE7, 0x04, 0x20, 0x81, 0xE5, 0x28, 0x00, 0x00, 0xEA
_021B3190:
	.byte 0xB4, 0x10, 0x9F, 0xE5, 0x00, 0x40, 0xA0, 0xE3, 0x04, 0xE0, 0x91, 0xE5, 0x9C, 0xC0, 0x9F, 0xE5
	.byte 0x01, 0x20, 0x8E, 0xE2, 0x03, 0x20, 0x02, 0xE2, 0x04, 0x50, 0xA0, 0xE1, 0x0E, 0x01, 0x8C, 0xE7
	.byte 0x04, 0x20, 0x81, 0xE5
_021B31B4:
	.byte 0x05, 0x01, 0x9C, 0xE7, 0x01, 0x50, 0x85, 0xE2, 0x04, 0x00, 0x55, 0xE3
	.byte 0x00, 0x40, 0x84, 0xE0, 0xFA, 0xFF, 0xFF, 0xBA, 0x74, 0x10, 0x9F, 0xE5, 0x24, 0x01, 0xA0, 0xE1
	.byte 0xB0, 0x30, 0xC1, 0xE1, 0x08, 0x00, 0x81, 0xE5
_021B31D8:
	.byte 0xB0, 0x00, 0xD1, 0xE1, 0x02, 0x09, 0x10, 0xE3
	.byte 0xFC, 0xFF, 0xFF, 0x1A, 0x5C, 0x00, 0x9F, 0xE5, 0x5C, 0x10, 0x9F, 0xE5, 0x00, 0x20, 0x90, 0xE5
	.byte 0x00, 0x00, 0x91, 0xE5, 0x00, 0x00, 0x52, 0xE1, 0x0B, 0x00, 0x00, 0x8A, 0x08, 0x20, 0x91, 0xE5
	.byte 0x34, 0x00, 0x9F, 0xE5, 0x01, 0xC0, 0x82, 0xE2, 0x08, 0xC0, 0x81, 0xE5, 0x08, 0x20, 0x90, 0xE5
	.byte 0x02, 0x00, 0x5C, 0xE1, 0x05, 0x00, 0x00, 0xDA, 0x00, 0x30, 0x80, 0xE5, 0x08, 0x30, 0x81, 0xE5
	.byte 0x04, 0x30, 0x81, 0xE5, 0x03, 0x00, 0xA0, 0xE3, 0x38, 0x80, 0xBD, 0xE8
_021B322C:
	.byte 0x08, 0x30, 0x81, 0xE5
_021B3230:
	.byte 0x02, 0xE0, 0xA0, 0xE3
_021B3234:
	.byte 0x0E, 0x00, 0xA0, 0xE1, 0x38, 0x80, 0xBD, 0xE8
_021B323C:
	.byte 0x50, 0x3C, 0x1B, 0x02
_021B3240:
	.byte 0x38, 0x4C, 0x1B, 0x02
_021B3244:
	.byte 0xB0, 0x02, 0x00, 0x04
_021B3248:
	.byte 0xB4, 0x02, 0x00, 0x04
_021B324C:
	.byte 0x2C, 0x4C, 0x1B, 0x02

	arm_func_start FUN_overlay_d_13__021b3250
FUN_overlay_d_13__021b3250: ; 0x021B3250
	mov r2, #0xf
	ldr r1, _021B3270 ; =_021B3C50
	mov r0, #0x44
	smulbb r0, r2, r0
	str r2, [r1, #8]
	ldr ip, _021B3274 ; =FUN_overlay_d_13__021b3018
	str r0, [r1, #0xc]
	bx ip
	arm_func_end FUN_overlay_d_13__021b3250
_021B3270:
	.byte 0x50, 0x3C, 0x1B, 0x02
_021B3274:
	.byte 0x18, 0x30, 0x1B, 0x02

	arm_func_start FUN_overlay_d_13__021b3278
FUN_overlay_d_13__021b3278: ; 0x021B3278
	stmdb sp!, {r4, r5, r6, r7, r8, lr}
	ldrsh r2, [r0]
	ldr r3, _021B3350 ; =0x021B4C48
	ldr r5, _021B3354 ; =0x00000E9F
	ldr r4, [r3, #4]
	smulbb r7, r2, r5
	ldr r2, [r3, #0x10]
	ldr r6, _021B3358 ; =0x00000D3E
	add r4, r7, r4
	mla r4, r2, r6, r4
	mov r4, r4, asr #0xc
	mul ip, r4, r4
	mov r1, r1, lsr #1
	str r4, [r3, #0x10]
	rsb r2, r7, #0
	str r2, [r3, #4]
	cmp r1, #1
	mov lr, ip, asr #0x1f
	mov r3, #1
	bls _021B3310
	arm_func_end FUN_overlay_d_13__021b3278
_021B32C8:
	.byte 0x83, 0x70, 0xA0, 0xE1, 0xF7, 0x80, 0x90, 0xE1
	.byte 0x83, 0x70, 0x80, 0xE0, 0x01, 0x30, 0x83, 0xE2, 0x88, 0x05, 0x68, 0xE1, 0x02, 0x20, 0x88, 0xE0
	.byte 0x94, 0x26, 0x22, 0xE0, 0xB2, 0x40, 0x47, 0xE1, 0x42, 0x46, 0xA0, 0xE1, 0x94, 0x04, 0x02, 0xE0
	.byte 0x02, 0xC0, 0x9C, 0xE0, 0xC2, 0xEF, 0xAE, 0xE0, 0x00, 0x20, 0x68, 0xE2, 0x01, 0x00, 0x53, 0xE1
	.byte 0xF0, 0xFF, 0xFF, 0x3A, 0x44, 0x30, 0x9F, 0xE5, 0x04, 0x20, 0x83, 0xE5, 0x10, 0x40, 0x83, 0xE5
_021B3310:
	.byte 0x81, 0x00, 0x80, 0xE0, 0xB2, 0x40, 0x40, 0xE1, 0x3C, 0x20, 0x9F, 0xE5, 0x01, 0x00, 0xA0, 0xE3
	.byte 0xB0, 0x00, 0xC2, 0xE1, 0x10, 0xC0, 0x82, 0xE5, 0x14, 0xE0, 0x82, 0xE5, 0x18, 0x10, 0x82, 0xE5
	.byte 0x00, 0x00, 0xA0, 0xE3, 0x1C, 0x00, 0x82, 0xE5
_021B3338:
	.byte 0xB0, 0x00, 0xD2, 0xE1, 0x02, 0x09, 0x10, 0xE3
	.byte 0xFC, 0xFF, 0xFF, 0x1A, 0x14, 0x00, 0x9F, 0xE5, 0x00, 0x00, 0x90, 0xE5, 0xF0, 0x81, 0xBD, 0xE8
_021B3350:
	.byte 0x48, 0x4C, 0x1B, 0x02
_021B3354:
	.byte 0x9F, 0x0E, 0x00, 0x00
_021B3358:
	.byte 0x3E, 0x0D, 0x00, 0x00
_021B335C:
	.byte 0x80, 0x02, 0x00, 0x04
_021B3360:
	.byte 0xA0, 0x02, 0x00, 0x04

	arm_func_start FUN_overlay_d_13__021b3364
FUN_overlay_d_13__021b3364: ; 0x021B3364
	stmdb sp!, {r3, lr}
	ldr r0, _021B33C8 ; =0x021B4C48
	mov r2, #0
	ldr r1, _021B33CC ; =0x0000019D
	str r2, [r0, #0xc]
	str r1, [r0, #8]
	ldr ip, _021B33D0 ; =_021B3C60
	ldr r0, _021B33D4 ; =0x021B50CC
	mov lr, r2
	arm_func_end FUN_overlay_d_13__021b3364
_021B3388:
	.byte 0x82, 0x10, 0xA0, 0xE1, 0x01, 0x20, 0x82, 0xE2
	.byte 0xB1, 0xE0, 0x80, 0xE1, 0x02, 0x0B, 0x52, 0xE3, 0xFA, 0xFF, 0xFF, 0xBA, 0x34, 0x20, 0x9F, 0xE5
	.byte 0x34, 0x00, 0x9F, 0xE5, 0x00, 0x30, 0xA0, 0xE3
_021B33A8:
	.byte 0x8E, 0x10, 0xA0, 0xE1, 0xF1, 0x10, 0x9C, 0xE1
	.byte 0x0E, 0x31, 0x82, 0xE7, 0x0E, 0x11, 0x80, 0xE7, 0x01, 0xE0, 0x8E, 0xE2, 0x06, 0x00, 0x5E, 0xE3
	.byte 0xF8, 0xFF, 0xFF, 0xBA, 0x08, 0x80, 0xBD, 0xE8
_021B33C8:
	.byte 0x48, 0x4C, 0x1B, 0x02
_021B33CC:
	.byte 0x9D, 0x01, 0x00, 0x00
_021B33D0:
	.byte 0x60, 0x3C, 0x1B, 0x02
_021B33D4:
	.byte 0xCC, 0x50, 0x1B, 0x02
_021B33D8:
	.byte 0x74, 0x4C, 0x1B, 0x02
_021B33DC:
	.byte 0x5C, 0x4C, 0x1B, 0x02

	arm_func_start FUN_overlay_d_13__021b33e0
FUN_overlay_d_13__021b33e0: ; 0x021B33E0
	mov r2, r1
	ldr r1, _021B33F0 ; =0x021B4C8C
	ldr ip, _021B33F4 ; =FUN_02082B0C
	bx ip
	arm_func_end FUN_overlay_d_13__021b33e0
_021B33F0:
	.byte 0x8C, 0x4C, 0x1B, 0x02
_021B33F4:
	.byte 0x0C, 0x2B, 0x08, 0x02

	arm_func_start FUN_overlay_d_13__021b33f8
FUN_overlay_d_13__021b33f8: ; 0x021B33F8
	stmdb sp!, {r4, r5, r6, r7, r8, sb, sl, lr}
	sub sp, sp, #0x10
	mov r4, #0
	str r4, [sp, #8]
	str r4, [sp, #0xc]
	mov r8, r4
	movs r2, r2, lsr #1
	ldr ip, _021B35EC ; =0x021B4C48
	beq _021B3520
	ldr lr, _021B35F0 ; =0x3FFF8000
	arm_func_end FUN_overlay_d_13__021b33f8
_021B3420:
	.byte 0x88, 0x40, 0xA0, 0xE1, 0x0C, 0x70, 0x9C, 0xE5, 0xF4, 0x60, 0x91, 0xE1, 0xC0, 0x41, 0x9F, 0xE5
	.byte 0x87, 0x50, 0xA0, 0xE1, 0xB5, 0x60, 0x84, 0xE1, 0x08, 0x40, 0x9C, 0xE5, 0x00, 0x40, 0x8D, 0xE5
	.byte 0x84, 0x50, 0xA0, 0xE1, 0xA8, 0x41, 0x9F, 0xE5, 0xF5, 0x60, 0x94, 0xE1, 0x2C, 0x60, 0x8C, 0xE5
	.byte 0x3C, 0x90, 0x9C, 0xE5, 0x24, 0xA0, 0x9C, 0xE5, 0x40, 0x50, 0x9C, 0xE5, 0x99, 0x0A, 0x0A, 0xE0
	.byte 0x28, 0x40, 0x9C, 0xE5, 0x04, 0x90, 0x8D, 0xE5, 0x95, 0xA4, 0x24, 0xE0, 0x09, 0x50, 0xA0, 0xE1
	.byte 0x40, 0x50, 0x8C, 0xE5, 0x38, 0x90, 0x9C, 0xE5, 0x20, 0x50, 0x9C, 0xE5, 0x99, 0x45, 0x25, 0xE0
	.byte 0x3C, 0x90, 0x8C, 0xE5, 0x34, 0x90, 0x9C, 0xE5, 0x1C, 0x40, 0x9C, 0xE5, 0x99, 0x54, 0x25, 0xE0
	.byte 0x38, 0x90, 0x8C, 0xE5, 0x30, 0x90, 0x9C, 0xE5, 0x18, 0x40, 0x9C, 0xE5, 0x99, 0x54, 0x25, 0xE0
	.byte 0x34, 0x90, 0x8C, 0xE5, 0x14, 0x40, 0x9C, 0xE5, 0x96, 0x54, 0x24, 0xE0, 0x0E, 0x00, 0x54, 0xE1
	.byte 0x30, 0x60, 0x8C, 0xE5, 0x0E, 0x40, 0xA0, 0xC1, 0x01, 0x00, 0x00, 0xCA, 0x03, 0x01, 0x54, 0xE3
	.byte 0x03, 0x41, 0xA0, 0xB3
_021B34C4:
	.byte 0x01, 0x50, 0x87, 0xE2, 0xAE, 0x59, 0x05, 0xE0, 0x0C, 0x50, 0x8C, 0xE5
	.byte 0x00, 0x50, 0x9D, 0xE5, 0x88, 0x60, 0xA0, 0xE1, 0x01, 0x50, 0x85, 0xE2, 0xAE, 0x59, 0x05, 0xE0
	.byte 0x08, 0x50, 0x8C, 0xE5, 0xC4, 0x47, 0xA0, 0xE1, 0xB6, 0x40, 0x81, 0xE1, 0xF6, 0x50, 0x91, 0xE1
	.byte 0xF6, 0x40, 0x90, 0xE1, 0x01, 0x80, 0x88, 0xE2, 0x85, 0x05, 0x65, 0xE1, 0xB6, 0x40, 0x81, 0xE1
	.byte 0x08, 0x40, 0x9D, 0xE5, 0x05, 0x40, 0x94, 0xE0, 0x08, 0x40, 0x8D, 0xE5, 0x0C, 0x40, 0x9D, 0xE5
	.byte 0xC5, 0x4F, 0xA4, 0xE0, 0x0C, 0x40, 0x8D, 0xE5, 0x02, 0x00, 0x58, 0xE1, 0xBF, 0xFF, 0xFF, 0x3A
_021B3520:
	.byte 0xD0, 0x50, 0x9F, 0xE5, 0x01, 0x10, 0xA0, 0xE3, 0xB0, 0x10, 0xC5, 0xE1, 0x08, 0x40, 0x9D, 0xE5
	.byte 0x0C, 0x10, 0x9D, 0xE5, 0x10, 0x40, 0x85, 0xE5, 0x14, 0x10, 0x85, 0xE5, 0x18, 0x20, 0x85, 0xE5
	.byte 0x00, 0x40, 0xA0, 0xE3, 0xA0, 0x10, 0x9F, 0xE5, 0x1C, 0x40, 0x85, 0xE5
_021B354C:
	.byte 0xB0, 0x40, 0xD5, 0xE1
	.byte 0x02, 0x09, 0x14, 0xE3, 0xFC, 0xFF, 0xFF, 0x1A, 0x9C, 0x60, 0x9F, 0xE5, 0x00, 0x40, 0xA0, 0xE3
	.byte 0x00, 0x50, 0x96, 0xE5, 0xB0, 0x41, 0xC6, 0xE1, 0x18, 0x50, 0x86, 0xE5
_021B356C:
	.byte 0xB0, 0x41, 0xD6, 0xE1
	.byte 0x02, 0x09, 0x14, 0xE3, 0xFC, 0xFF, 0xFF, 0x1A, 0x80, 0x40, 0x9F, 0xE5, 0x00, 0x50, 0x94, 0xE5
	.byte 0x85, 0x40, 0x85, 0xE0, 0x83, 0x00, 0x54, 0xE1, 0x00, 0x00, 0xA0, 0x33, 0xB0, 0x00, 0xC1, 0x31
	.byte 0x10, 0xD0, 0x8D, 0x32, 0xF0, 0x87, 0xBD, 0x38, 0x05, 0x00, 0x53, 0xE1, 0x04, 0x30, 0xA0, 0x33
	.byte 0xB0, 0x30, 0xC1, 0x31, 0xF0, 0x30, 0xD1, 0xE1, 0x00, 0x50, 0xA0, 0xE3, 0x04, 0x00, 0x53, 0xE3
	.byte 0x01, 0x30, 0x83, 0xB2, 0xB0, 0x30, 0xC1, 0xB1, 0x00, 0x00, 0x52, 0xE3, 0x10, 0xD0, 0x8D, 0x92
	.byte 0xF0, 0x87, 0xBD, 0x98, 0xF0, 0x40, 0xD1, 0xE1
_021B35C8:
	.byte 0x85, 0x30, 0xA0, 0xE1, 0xF3, 0x10, 0x90, 0xE1
	.byte 0x01, 0x50, 0x85, 0xE2, 0x02, 0x00, 0x55, 0xE1, 0x51, 0x14, 0xA0, 0xE1, 0xB3, 0x10, 0x80, 0xE1
	.byte 0xF8, 0xFF, 0xFF, 0x3A, 0x10, 0xD0, 0x8D, 0xE2, 0xF0, 0x87, 0xBD, 0xE8
_021B35EC:
	.byte 0x48, 0x4C, 0x1B, 0x02
_021B35F0:
	.byte 0x00, 0x80, 0xFF, 0x3F
_021B35F4:
	.byte 0xCC, 0x50, 0x1B, 0x02
_021B35F8:
	.byte 0x80, 0x02, 0x00, 0x04
_021B35FC:
	.byte 0xA0, 0x02, 0x00, 0x04
_021B3600:
	.byte 0xB4, 0x02, 0x00, 0x04

	arm_func_start FUN_overlay_d_13__021b3604
FUN_overlay_d_13__021b3604: ; 0x021B3604
	stmdb sp!, {r3, lr}
	mov ip, r1
	mov r3, r2
	ldr r1, _021B3620 ; =0x021B4C8C
	mov r2, ip
	bl FUN_overlay_d_13__021b33f8
	ldmia sp!, {r3, pc}
	arm_func_end FUN_overlay_d_13__021b3604
_021B3620:
	.byte 0x8C, 0x4C, 0x1B, 0x02

	arm_func_start FUN_overlay_d_13__021b3624
FUN_overlay_d_13__021b3624: ; 0x021B3624
	stmdb sp!, {r4, r5, r6, lr}
	mov r4, #0
	movs lr, r3, lsr #1
	ldmeqia sp!, {r4, r5, r6, pc}
	mov r3, #0x8000
	rsb r3, r3, #0
	mov ip, r3, lsr #0x11
	arm_func_end FUN_overlay_d_13__021b3624
_021B3640:
	.byte 0x84, 0x50, 0xA0, 0xE1, 0xF5, 0x60, 0x90, 0xE1, 0xF5, 0x50, 0x91, 0xE1, 0x05, 0x60, 0x86, 0xE0
	.byte 0xA3, 0x08, 0x56, 0xE1, 0x0C, 0x60, 0xA0, 0xC1, 0x01, 0x00, 0x00, 0xCA, 0x03, 0x00, 0x56, 0xE1
	.byte 0x03, 0x60, 0xA0, 0xB1
_021B3664:
	.byte 0x84, 0x50, 0xA0, 0xE1, 0xB5, 0x60, 0x82, 0xE1, 0x84, 0x60, 0x80, 0xE0
	.byte 0x84, 0x50, 0x81, 0xE0, 0xF2, 0x60, 0xD6, 0xE1, 0xF2, 0x50, 0xD5, 0xE1, 0x05, 0x60, 0x86, 0xE0
	.byte 0xA3, 0x08, 0x56, 0xE1, 0x0C, 0x60, 0xA0, 0xC1, 0x01, 0x00, 0x00, 0xCA, 0x03, 0x00, 0x56, 0xE1
	.byte 0x03, 0x60, 0xA0, 0xB1
_021B3694:
	.byte 0x84, 0x50, 0x82, 0xE0, 0xB2, 0x60, 0xC5, 0xE1, 0x84, 0x60, 0x80, 0xE0
	.byte 0x84, 0x50, 0x81, 0xE0, 0xF4, 0x60, 0xD6, 0xE1, 0xF4, 0x50, 0xD5, 0xE1, 0x05, 0x60, 0x86, 0xE0
	.byte 0xA3, 0x08, 0x56, 0xE1, 0x0C, 0x60, 0xA0, 0xC1, 0x01, 0x00, 0x00, 0xCA, 0x03, 0x00, 0x56, 0xE1
	.byte 0x03, 0x60, 0xA0, 0xB1
_021B36C4:
	.byte 0x84, 0x50, 0x82, 0xE0, 0xB4, 0x60, 0xC5, 0xE1, 0x84, 0x60, 0x80, 0xE0
	.byte 0x84, 0x50, 0x81, 0xE0, 0xF6, 0x60, 0xD6, 0xE1, 0xF6, 0x50, 0xD5, 0xE1, 0x05, 0x60, 0x86, 0xE0
	.byte 0xA3, 0x08, 0x56, 0xE1, 0x0C, 0x60, 0xA0, 0xC1, 0x01, 0x00, 0x00, 0xCA, 0x03, 0x00, 0x56, 0xE1
	.byte 0x03, 0x60, 0xA0, 0xB1
_021B36F4:
	.byte 0x84, 0x50, 0x82, 0xE0, 0x04, 0x40, 0x84, 0xE2, 0xB6, 0x60, 0xC5, 0xE1
	.byte 0x0E, 0x00, 0x54, 0xE1, 0xCD, 0xFF, 0xFF, 0x3A, 0x70, 0x80, 0xBD, 0xE8

	arm_func_start FUN_overlay_d_13__021b370c
FUN_overlay_d_13__021b370c: ; 0x021B370C
	stmdb sp!, {r4, r5, r6, lr}
	mov r5, r0
	ldr r0, _021B3838 ; =0x02005108
	mov r4, #0
	bl FUN_02004EB0
	cmp r5, #0
	moveq r0, r4
	ldmeqia sp!, {r4, r5, r6, pc}
	ldr r0, _021B383C ; =0x021B60CC
	ldr r0, [r0, #8]
	cmp r0, #0
	movne r0, #1
	ldmneia sp!, {r4, r5, r6, pc}
	ldr r0, [r5, #8]
	cmp r0, #1
	cmpne r0, #2
	cmpne r0, #3
	movne r0, r4
	ldmneia sp!, {r4, r5, r6, pc}
	ldr r0, [r5, #0x18]
	cmp r0, #0
	moveq r0, #0
	ldmeqia sp!, {r4, r5, r6, pc}
	ldr r2, [r5, #0x10]
	cmp r2, #0
	ldrne r0, [r5, #0x14]
	cmpne r0, #0
	moveq r0, #0
	ldmeqia sp!, {r4, r5, r6, pc}
	mov r1, r2, lsr #0x1f
	rsb r0, r1, r2, lsl #27
	adds r0, r1, r0, ror #27
	movne r0, #0
	ldmneia sp!, {r4, r5, r6, pc}
	ldr r0, _021B3840 ; =0x021B60D8
	mov r1, r4
	mov r2, #0x18
	bl FUN_02082BCC
	ldr r0, [r5, #0x18]
	ldr r6, _021B383C ; =0x021B60CC
	str r0, [r6, #0x10]
	ldr r0, [r5, #0x1c]
	str r0, [r6, #0x14]
	ldr r0, [r5, #8]
	str r0, [r6, #0x1c]
	str r4, [r6, #0x18]
	ldrb r0, [r5, #0xc]
	cmp r0, #0x20
	movhs r0, r4
	ldmhsia sp!, {r4, r5, r6, pc}
	strb r0, [r6, #0xc]
	ldr r0, [r5, #0x10]
	ldr r1, [r5, #0x14]
	bl FUN_overlay_d_13__021b2ed8
	cmp r0, #0
	bne _021B37F8
	bl FUN_overlay_d_13__021b2f98
	mov r0, r4
	ldmia sp!, {r4, r5, r6, pc}
	arm_func_end FUN_overlay_d_13__021b370c
_021B37F8:
	.byte 0x05, 0x00, 0xA0, 0xE1, 0xAC, 0xFA, 0xFF, 0xEB
	.byte 0x00, 0x00, 0x50, 0xE3, 0x02, 0x00, 0x00, 0x1A, 0xE2, 0xFD, 0xFF, 0xEB, 0x04, 0x00, 0xA0, 0xE1
	.byte 0x70, 0x80, 0xBD, 0xE8
_021B3814:
	.byte 0x3B, 0xF3, 0xFF, 0xEB, 0x00, 0x00, 0x50, 0xE3, 0x01, 0x00, 0xA0, 0x13
	.byte 0x08, 0x00, 0x86, 0x15, 0x70, 0x80, 0xBD, 0x18, 0xE6, 0xFA, 0xFF, 0xEB, 0xD9, 0xFD, 0xFF, 0xEB
	.byte 0x04, 0x00, 0xA0, 0xE1, 0x70, 0x80, 0xBD, 0xE8
_021B3838:
	.byte 0x08, 0x51, 0x00, 0x02
_021B383C:
	.byte 0xCC, 0x60, 0x1B, 0x02
_021B3840:
	.byte 0xD8, 0x60, 0x1B, 0x02, 0x08, 0x40, 0x2D, 0xE9, 0x6C, 0xF3, 0xFF, 0xEB, 0xDD, 0xFA, 0xFF, 0xEB
	.byte 0xD0, 0xFD, 0xFF, 0xEB, 0x0C, 0x00, 0x9F, 0xE5, 0x00, 0x10, 0xA0, 0xE3, 0x1C, 0x10, 0x80, 0xE5
	.byte 0x08, 0x10, 0x80, 0xE5, 0x08, 0x80, 0xBD, 0xE8, 0xCC, 0x60, 0x1B, 0x02, 0x08, 0x40, 0x2D, 0xE9
	.byte 0x34, 0x00, 0x9F, 0xE5, 0x08, 0x10, 0x90, 0xE5, 0x00, 0x00, 0x51, 0xE3, 0x08, 0x80, 0xBD, 0x08
	.byte 0x00, 0x10, 0x90, 0xE5, 0x01, 0x10, 0x81, 0xE2, 0x00, 0x10, 0x80, 0xE5, 0x0F, 0x00, 0x11, 0xE3
	.byte 0x00, 0x00, 0x00, 0x1A, 0xD1, 0xFA, 0xFF, 0xEB, 0x52, 0xF6, 0xFF, 0xEB, 0x00, 0x00, 0x50, 0xE3
	.byte 0x08, 0x80, 0xBD, 0x08, 0x1C, 0xF6, 0xFF, 0xEB, 0x08, 0x80, 0xBD, 0xE8, 0xCC, 0x60, 0x1B, 0x02
	.byte 0x10, 0x40, 0x2D, 0xE9, 0x08, 0xD0, 0x4D, 0xE2, 0x00, 0x30, 0x8D, 0xE2, 0x00, 0x40, 0xA0, 0xE1
	.byte 0x17, 0x00, 0x00, 0xEB, 0x00, 0x00, 0x50, 0xE3, 0x11, 0x00, 0x00, 0x0A, 0x01, 0x00, 0x50, 0xE3
	.byte 0x02, 0x00, 0x00, 0x0A, 0x02, 0x00, 0x50, 0xE3, 0x0A, 0x00, 0x00, 0x0A, 0x0C, 0x00, 0x00, 0xEA
	.byte 0x38, 0x00, 0x9F, 0xE5, 0x00, 0x10, 0x9D, 0xE5, 0x04, 0x20, 0x9D, 0xE5, 0x14, 0x30, 0x90, 0xE5
	.byte 0x10, 0xC0, 0x90, 0xE5, 0x04, 0x00, 0xA0, 0xE1, 0x3C, 0xFF, 0x2F, 0xE1, 0x08, 0xD0, 0x8D, 0xE2
	.byte 0x01, 0x00, 0xA0, 0xE3, 0x10, 0x80, 0xBD, 0xE8, 0x08, 0xD0, 0x8D, 0xE2, 0x00, 0x00, 0xA0, 0xE3
	.byte 0x10, 0x80, 0xBD, 0xE8, 0x01, 0x00, 0xA0, 0xE3, 0x08, 0xD0, 0x8D, 0xE2, 0x10, 0x80, 0xBD, 0xE8
	.byte 0xCC, 0x60, 0x1B, 0x02, 0xF8, 0x43, 0x2D, 0xE9, 0x01, 0x70, 0xB0, 0xE1, 0x00, 0x80, 0xA0, 0xE1
	.byte 0x02, 0x60, 0xA0, 0xE1, 0x03, 0x50, 0xA0, 0xE1, 0x00, 0x00, 0xA0, 0x03, 0xF8, 0x83, 0xBD, 0x08
	.byte 0x00, 0x10, 0x97, 0xE5, 0xAC, 0x00, 0x9F, 0xE5, 0x00, 0x00, 0x51, 0xE1, 0x02, 0x00, 0xA0, 0x13
	.byte 0xF8, 0x83, 0xBD, 0x18, 0xA0, 0x90, 0x9F, 0xE5, 0x1C, 0x00, 0x99, 0xE5, 0x00, 0x00, 0x50, 0xE3
	.byte 0x08, 0x00, 0x99, 0x15, 0x00, 0x00, 0x50, 0x13, 0x00, 0x00, 0xA0, 0x03, 0xF8, 0x83, 0xBD, 0x08
	.byte 0x00, 0x40, 0xA0, 0xE3, 0x00, 0x40, 0x85, 0xE5, 0x04, 0x40, 0x85, 0xE5, 0xD3, 0x4D, 0xFB, 0xEB
	.byte 0x04, 0x20, 0xD7, 0xE5, 0xF0, 0x30, 0x02, 0xE2, 0x40, 0x00, 0x53, 0xE3, 0x0A, 0x00, 0x00, 0x1A
	.byte 0x04, 0x20, 0x99, 0xE5, 0x00, 0x30, 0xA0, 0xE1, 0x01, 0x00, 0x82, 0xE2, 0x04, 0x00, 0x89, 0xE5
	.byte 0x00, 0x10, 0x8D, 0xE5, 0x08, 0x00, 0xA0, 0xE1, 0x07, 0x10, 0xA0, 0xE1, 0x06, 0x20, 0xA0, 0xE1
	.byte 0x60, 0xF5, 0xFF, 0xEB, 0x04, 0x00, 0xA0, 0xE1, 0xF8, 0x83, 0xBD, 0xE8, 0x00, 0x00, 0x52, 0xE3
	.byte 0x01, 0x00, 0x00, 0x0A, 0xFF, 0x00, 0x52, 0xE3, 0x08, 0x00, 0x00, 0x1A, 0x08, 0x00, 0xA0, 0xE1
	.byte 0x07, 0x10, 0xA0, 0xE1, 0x06, 0x20, 0xA0, 0xE1, 0x05, 0x30, 0xA0, 0xE1, 0xA9, 0xFA, 0xFF, 0xEB
	.byte 0x00, 0x00, 0x50, 0xE3, 0x01, 0x00, 0xA0, 0x13, 0x00, 0x00, 0xA0, 0x03, 0xF8, 0x83, 0xBD, 0xE8
	.byte 0x04, 0x00, 0xA0, 0xE1, 0xF8, 0x83, 0xBD, 0xE8, 0x54, 0x43, 0x56, 0x5F, 0xCC, 0x60, 0x1B, 0x02
_021B3A00:
	.byte 0xFF, 0x01, 0xFF, 0x01
_021B3A04:
	.byte 0xFF, 0xFF, 0x01, 0x02, 0xFF, 0xFF, 0x01, 0x02
_021B3A0C:
	.byte 0xFF, 0xFF, 0xFF, 0xFF
	.byte 0x02, 0x04, 0x06, 0x08, 0xFF, 0xFF, 0xFF, 0xFF, 0x02, 0x04, 0x06, 0x08
_021B3A1C:
	.byte 0x07, 0x00, 0x08, 0x00
	.byte 0x09, 0x00, 0x0A, 0x00, 0x0B, 0x00, 0x0C, 0x00, 0x0D, 0x00, 0x0E, 0x00, 0x10, 0x00, 0x11, 0x00
	.byte 0x13, 0x00, 0x15, 0x00, 0x17, 0x00, 0x19, 0x00, 0x1C, 0x00, 0x1F, 0x00, 0x22, 0x00, 0x25, 0x00
	.byte 0x29, 0x00, 0x2D, 0x00, 0x32, 0x00, 0x37, 0x00, 0x3C, 0x00, 0x42, 0x00, 0x49, 0x00, 0x50, 0x00
	.byte 0x58, 0x00, 0x61, 0x00, 0x6B, 0x00, 0x76, 0x00, 0x82, 0x00, 0x8F, 0x00, 0x9D, 0x00, 0xAD, 0x00
	.byte 0xBE, 0x00, 0xD1, 0x00, 0xE6, 0x00, 0xFD, 0x00, 0x17, 0x01, 0x33, 0x01, 0x51, 0x01, 0x73, 0x01
	.byte 0x98, 0x01, 0xC1, 0x01, 0xEE, 0x01, 0x20, 0x02, 0x56, 0x02, 0x92, 0x02, 0xD4, 0x02, 0x1C, 0x03
	.byte 0x6C, 0x03, 0xC3, 0x03, 0x24, 0x04, 0x8E, 0x04, 0x02, 0x05, 0x83, 0x05, 0x10, 0x06, 0xAB, 0x06
	.byte 0x56, 0x07, 0x12, 0x08, 0xE0, 0x08, 0xC3, 0x09, 0xBD, 0x0A, 0xD0, 0x0B, 0xFF, 0x0C, 0x4C, 0x0E
	.byte 0xBA, 0x0F, 0x4C, 0x11, 0x07, 0x13, 0xEE, 0x14, 0x06, 0x17, 0x54, 0x19, 0xDC, 0x1B, 0xA5, 0x1E
	.byte 0xB6, 0x21, 0x15, 0x25, 0xCA, 0x28, 0xDF, 0x2C, 0x5B, 0x31, 0x4B, 0x36, 0xB9, 0x3B, 0xB2, 0x41
	.byte 0x44, 0x48, 0x7E, 0x4F, 0x71, 0x57, 0x2F, 0x60, 0xCE, 0x69, 0x62, 0x74, 0xFF, 0x7F, 0x00, 0x00
_021B3AD0:
	.byte 0x08, 0x00, 0x08, 0x00, 0x02, 0x04, 0x03, 0x04, 0x04, 0x04, 0x01, 0x00, 0x00, 0x01, 0x01, 0x00
	.byte 0x01, 0x01, 0x01, 0x01, 0x01, 0x02, 0x01, 0x02, 0x02, 0x02, 0x02, 0x02, 0x02, 0x02, 0x03, 0x00
_021B3AF0:
	.byte 0x01, 0x08, 0x04, 0x0A
_021B3AF4:
	.byte 0x00, 0x07, 0x0C, 0x02, 0x03, 0x09, 0x02, 0x00, 0xFE, 0xFE, 0xFE, 0x03
	.byte 0xFF, 0xFF, 0x00, 0xFF, 0xFF, 0xFF, 0xFF, 0xFE, 0xFE, 0xFE, 0xFD, 0xFF, 0x02, 0x00, 0x00, 0x00
	.byte 0xFF, 0x00, 0xFE, 0xFE, 0xFE, 0xFD, 0xFF, 0xFF, 0xFF, 0xFF, 0xFF, 0xFF, 0xFF, 0xFE, 0x00, 0xFE
	.byte 0xFD, 0xFF, 0xFF, 0xFF, 0xFF, 0xFF, 0xFF, 0xFF, 0xFE, 0xFE, 0xFE, 0xFD, 0xFF, 0xFF, 0xFF, 0xFF
	.byte 0xFF, 0xFF, 0xFF, 0xFE, 0xFE, 0xFE, 0xFD, 0xFF, 0x00, 0x00, 0xFF, 0xFF, 0x00, 0xFF, 0x00, 0x00
	.byte 0x01, 0xFE, 0xFE, 0xFE, 0xFE, 0xFE, 0x00, 0x00, 0x00, 0xFE, 0xFE, 0xFE, 0xFE, 0x05, 0xFE, 0xFE
	.byte 0xFE, 0x00, 0xFE, 0xFE, 0xFE, 0xFE, 0xFE, 0x05, 0xFE, 0xFE, 0xFE, 0xFE, 0x00, 0xFE, 0xFE, 0xFE
	.byte 0xFE, 0xFE, 0xFE, 0xFE, 0xFE, 0xFE, 0xFE, 0xFE, 0xFE, 0xFE, 0xFE, 0xFE, 0xFE, 0xFE, 0xFE, 0xFE
	.byte 0xFE, 0x02, 0x00, 0x00, 0x00, 0xFE, 0x00, 0xFE, 0xFE, 0xFE, 0xFE, 0xFE, 0x00, 0x00, 0xFE, 0xFE
	.byte 0x00, 0xFE, 0x00, 0x00, 0xFE, 0xFE, 0xFE, 0x01, 0xFF, 0xFE, 0x00, 0x00, 0x00, 0xFE, 0xFE, 0xFE
	.byte 0x05, 0x05, 0xFE, 0xFF, 0xFE, 0x00, 0xFE, 0xFE, 0xFE, 0xFE, 0xFE, 0x05, 0xFE, 0xFE, 0xFF, 0xFE
	.byte 0x00, 0xFE, 0xFE, 0xFE, 0xFE, 0xFE, 0xFE, 0xFE, 0xFE, 0xFF, 0xFE, 0x00, 0xFE, 0xFE, 0xFE, 0xFE
	.byte 0xFE, 0xFE, 0xFE, 0xFE, 0xFF, 0x03, 0x00, 0x00, 0x00, 0xFE, 0x00, 0xFE, 0xFE, 0xFE, 0xFE, 0xFF
	.byte 0x00, 0x00, 0xFE, 0xFE, 0x00, 0xFE, 0x00, 0x00, 0x04, 0xFE, 0xFE, 0xFE, 0xFF, 0xFF, 0xFF, 0xFF
	.byte 0xFF, 0xFF, 0xFF, 0xFE, 0xFE, 0xFE, 0xFE, 0xFF, 0x02, 0x00, 0x00, 0x00, 0xFF, 0x00, 0xFE, 0x05
	.byte 0x05, 0xFE, 0xFF, 0xFF, 0xFF, 0xFF, 0xFF, 0xFF, 0xFF, 0xFE, 0xFE, 0xFE, 0xFE, 0xFE, 0xFF, 0xFF
	.byte 0xFF, 0xFF, 0xFF, 0xFF, 0xFE, 0xFE, 0x05, 0xFE, 0xFF, 0xFF, 0xFF, 0xFF, 0xFF, 0xFF, 0xFF, 0xFE
	.byte 0xFE, 0xFE, 0xFE, 0xFF, 0x00, 0x00, 0xFF, 0xFF, 0x00, 0xFF, 0x00, 0x00, 0x00, 0x00, 0x00, 0x00
	.byte 0x00, 0x00, 0x00, 0x00, 0x00, 0x00, 0x00, 0x00, 0x00, 0x00, 0x00, 0x00, 0x00, 0x00, 0x00, 0x00
	.byte 0x00, 0x00, 0x00, 0x00
_021B3C24:
	.byte 0x01, 0x00, 0x00, 0x00
_021B3C28:
	.byte 0x3F, 0x00, 0x00, 0x00
_021B3C2C:
	.byte 0x7F, 0x00, 0x00, 0x00
	.byte 0xFF, 0x00, 0x00, 0x00, 0xFF, 0x01, 0x00, 0x00, 0xFF, 0x03, 0x00, 0x00, 0xFF, 0x07, 0x00, 0x00
	.byte 0xFF, 0x0F, 0x00, 0x00, 0xFF, 0x1F, 0x00, 0x00
_021B3C48:
	.byte 0xF7, 0xB5, 0xEF, 0x00
_021B3C4C:
	.byte 0x00, 0x00, 0x00, 0x00
_021B3C50:
	.byte 0x00, 0x00, 0x00, 0x00
_021B3C54:
	.byte 0x00, 0x00, 0x00, 0x00
_021B3C58:
	.byte 0x0F, 0x00, 0x00, 0x00
_021B3C5C:
	.byte 0xFC, 0x03, 0x00, 0x00
_021B3C60:
	.byte 0xFB, 0xE9
_021B3C62:
	.byte 0x3D, 0x40, 0xBC, 0xC7, 0xD1, 0x2C, 0x2A, 0xD0, 0x7C, 0x03, 0xF0, 0x08, 0x93, 0xF5
	.byte 0x00, 0x00, 0x00, 0x00, 0x00, 0x00, 0x00, 0x00, 0x00, 0x00, 0x00, 0x00, 0x00, 0x00, 0x00, 0x00
	; 0x021B3C80
