	.include "asm/macros/function.inc"

	.extern FUN_020056EC
	.extern FUN_02008468
	.extern FUN_02008494
	.extern FUN_020084F8
	.extern FUN_02008530
	.extern FUN_02008550
	.extern FUN_0200855C
	.extern FUN_0200BE48
	.extern FUN_0200BF54
	.extern FUN_0200BF70
	.extern FUN_0200BF94
	.extern FUN_0200BFA4
	.extern FUN_0200FB24
	.extern FUN_020120F4
	.extern FUN_020127A4
	.extern FUN_020127AC
	.extern FUN_020127B8
	.extern FUN_02012944
	.extern FUN_02012950
	.extern FUN_02012AC8
	.extern FUN_02012B4C
	.extern FUN_02012B58
	.extern FUN_02012B64
	.extern FUN_02012B70
	.extern FUN_02012B8C
	.extern FUN_02012BA4
	.extern FUN_02012E40
	.extern FUN_02012EBC
	.extern FUN_02012FB0
	.extern FUN_02012FCC
	.extern FUN_020130DC
	.extern FUN_02013128
	.extern FUN_02013790
	.extern FUN_02013D5C
	.extern FUN_02019CA0
	.extern FUN_0201A98C
	.extern FUN_0201AB28
	.extern FUN_0201AB34
	.extern FUN_0201EE0C
	.extern FUN_0201EF40
	.extern FUN_0201EFA4
	.extern FUN_0201F184
	.extern FUN_02026478
	.extern FUN_020264B4
	.extern FUN_020266D4
	.extern Heap_AllocDebug
	.extern Heap_Free
	.extern FUN_02031348
	.extern FUN_02034714
	.extern FUN_02034A5C
	.extern FUN_02034AC4
	.extern FUN_020392B8
	.extern FUN_02039338
	.extern FUN_02039414
	.extern FUN_020399A8
	.extern FUN_02039CB4
	.extern FUN_0203A424
	.extern FUN_0203A574
	.extern FUN_0203CBAC
	.extern FUN_0203CFF0
	.extern FUN_0203D10C
	.extern FUN_0203D1A4
	.extern FUN_0203D1B4
	.extern FUN_0203D1C0
	.extern FUN_0203D1E8
	.extern FUN_0203D378
	.extern FUN_0203D3A8
	.extern FUN_0203D3F8
	.extern FUN_0203D4D0
	.extern FUN_0203D578
	.extern FUN_0203EFC8
	.extern FUN_0203F4FC
	.extern FUN_020457B0
	.extern FUN_02045808
	.extern FUN_02045994
	.extern MI_CpuFill8
	.extern MI_CpuCopy8
	.extern FUN_021583CC
	.extern FUN_021583EC
	.extern FUN_021584F4
	.extern FUN_02158590
	.extern FUN_02161F54
	.extern FUN_02161FEC
	.extern FUN_02167518
	.extern FUN_0216786C
	.extern FUN_0217778C
	.extern FUN_021780FC

	.text


	thumb_func_start FUN_overlay_d_11__02172bc0
FUN_overlay_d_11__02172bc0: ; 0x02172BC0
	push {r4, r5, r6, r7, lr}
	sub sp, #0xc
	add r5, r1, #0
	ldr r0, [r5, #4]
	bl FUN_02026478
	add r7, r0, #0
	bl FUN_02012944
	str r0, [sp, #8]
	mov r0, #3
	str r0, [sp, #4]
	ldrb r0, [r5, #0xe]
	cmp r0, #1
	bne _02172BEC
	add r0, r7, #0
	bl FUN_02158590
	cmp r0, #0
	bne _02172BEC
	mov r0, #2
	str r0, [sp, #4]
	thumb_func_end FUN_overlay_d_11__02172bc0
_02172BEC:
	ldr r6, _02172CA8 ; =0x0000094C
	mov r0, #0x9a
	str r0, [sp]
	ldr r3, _02172CAC ; =_02177000
	mov r0, #5
	add r1, r6, #0
	mov r2, #1
	blx Heap_AllocDebug
	add r4, r0, #0
	ldr r0, [r5]
	add r1, r6, #0
	str r0, [r4]
	ldr r0, [r5, #4]
	sub r1, #0x4f
	str r0, [r4, #4]
	mov r0, #1
	strb r0, [r4, r1]
	ldr r1, [r5]
	mov r0, #3
	mov r2, #5
	mov r3, #0
	mov r5, #0
	bl FUN_02167518
	add r1, r6, #0
	str r0, [r4, #8]
	sub r1, #0x4a
	mov r0, #1
	strb r0, [r4, r1]
	add r1, r6, #0
	sub r1, #0x4b
	strb r0, [r4, r1]
	add r0, r4, #0
	mov r1, #4
	bl FUN_overlay_d_11__0217538c
	mov r0, #0x6b
	lsl r0, r0, #2
	add r0, r4, r0
	bl FUN_overlay_d_11__0217576c
	add r1, r4, #0
	ldr r2, [sp, #4]
	add r0, r7, #0
	add r1, #0xc
	bl FUN_overlay_d_11__02173590
	mov r0, #0xd7
	lsl r0, r0, #2
	add r0, r4, r0
	bl FUN_02161F54
	sub r6, #0x24
_02172C58:
	mov r0, #8
	mov r1, #5
	blx FUN_020457B0
	lsl r1, r5, #2
	add r1, r4, r1
	add r5, r5, #1
	str r0, [r1, r6]
	cmp r5, #2
	blt _02172C58
	add r0, r7, #0
	mov r1, #0
	mov r5, #0
	bl FUN_02012B64
	add r0, r7, #0
	mov r1, #0
	bl FUN_02012B8C
	add r0, r7, #0
	mov r1, #1
	bl FUN_02012B4C
_02172C86:
	add r0, r7, #0
	add r1, r5, #0
	bl FUN_02012950
	add r1, r0, #0
	ldr r0, [sp, #8]
	bl FUN_02008494
	add r0, r5, #1
	lsl r0, r0, #0x18
	lsr r5, r0, #0x18
	cmp r5, #3
	blo _02172C86
	add r0, r4, #0
	add sp, #0xc
	pop {r4, r5, r6, r7, pc}
	nop
_02172CA8: .word 0x0000094C
_02172CAC: .word 0x02177000

	thumb_func_start FUN_overlay_d_11__02172cb0
FUN_overlay_d_11__02172cb0: ; 0x02172CB0
	push {r4, r5, r6, r7, lr}
	sub sp, #0xc
	add r5, r1, #0
	add r6, r0, #0
	ldr r0, [r5, #4]
	add r4, r2, #0
	bl FUN_02026478
	str r0, [sp, #8]
	bl FUN_02012E40
	cmp r0, #1
	bne _02172CD0
	add sp, #0xc
	mov r0, #0
	pop {r4, r5, r6, r7, pc}
	thumb_func_end FUN_overlay_d_11__02172cb0
_02172CD0:
	ldr r0, [r6]
	cmp r0, #0
	beq _02172CDC
	cmp r0, #1
	beq _02172D2C
	b _02172D56
_02172CDC:
	mov r0, #0xcf
	str r0, [sp]
	ldr r0, _02172D5C ; =0x00008005
	ldr r3, _02172D60 ; =_02177000
	mov r1, #0x70
	mov r2, #0
	blx Heap_AllocDebug
	ldr r3, _02172D64 ; =_021768C8
	str r0, [sp, #4]
	add r2, r0, #0
	mov r7, #0xe
_02172CF4:
	ldmia r3!, {r0, r1}
	stmia r2!, {r0, r1}
	sub r7, r7, #1
	bne _02172CF4
	ldrb r0, [r5, #0xe]
	cmp r0, #1
	bne _02172D14
	ldr r0, [sp, #8]
	bl FUN_02158590
	cmp r0, #0
	bne _02172D14
	ldr r0, [sp, #4]
	mov r1, #2
	add r0, #0x60
	strb r1, [r0]
_02172D14:
	ldr r0, [sp, #4]
	ldr r1, _02172D68 ; =0x02173569
	add r2, r4, #0
	blx FUN_0203CBAC
	ldr r0, [sp, #4]
	blx Heap_Free
	ldr r0, [r6]
	add r0, r0, #1
	str r0, [r6]
	b _02172D56
_02172D2C:
	ldr r6, _02172D6C ; =0x000008FD
	ldrb r0, [r4, r6]
	cmp r0, #2
	blo _02172D56
	ldrb r0, [r5, #0xe]
	cmp r0, #1
	bne _02172D44
	mov r0, #0
	blx FUN_0203D10C
	mov r0, #3
	b _02172D4E
_02172D44:
	add r5, #8
	add r0, r5, #0
	blx FUN_0203CFF0
	mov r0, #4
_02172D4E:
	add sp, #0xc
	strb r0, [r4, r6]
	mov r0, #1
	pop {r4, r5, r6, r7, pc}
_02172D56:
	mov r0, #0
	add sp, #0xc
	pop {r4, r5, r6, r7, pc}
	.balign 4, 0
_02172D5C: .word 0x00008005
_02172D60: .word 0x02177000
_02172D64: .word 0x021768C8
_02172D68: .word 0x02173569
_02172D6C: .word 0x000008FD
_02172D70:
	.byte 0xF8, 0xB5, 0x0D, 0x1C, 0x06, 0x1C, 0x68, 0x68, 0x14, 0x1C, 0xB3, 0xF6, 0x7D, 0xFB, 0x07, 0x1C
	.byte 0x00, 0x2C, 0x0E, 0xD0, 0xC4, 0x49, 0x61, 0x5C, 0x07, 0x29, 0x0A, 0xD3, 0x9F, 0xF6, 0x1A, 0xFD
	.byte 0xC1, 0x4A, 0x01, 0x1C, 0x92, 0x1E, 0xD7, 0x20, 0x80, 0x00, 0xA2, 0x5C, 0x20, 0x18, 0xEF, 0xF7
	.byte 0xE9, 0xF8, 0x9C, 0xF6, 0xBF, 0xFE, 0x00, 0x28, 0x05, 0xD1, 0xBC, 0x48, 0x20, 0x5C, 0x80, 0x07
	.byte 0xC0, 0x0F, 0x01, 0x28, 0x11, 0xD1, 0xB9, 0x49, 0x60, 0x5C, 0x40, 0x06, 0xC0, 0x0F, 0x00, 0xD0
	.byte 0x69, 0xE1, 0x08, 0x1C, 0x0B, 0x22, 0x42, 0x38, 0x22, 0x54, 0x62, 0x5C, 0x02, 0x20, 0x10, 0x43
	.byte 0x60, 0x54, 0x60, 0x68, 0xB3, 0xF6, 0x14, 0xFB, 0xF8, 0xBD, 0xC2, 0xF6, 0xDA, 0xEA, 0x01, 0x28
	.byte 0x0C, 0xD1, 0xC2, 0xF6, 0xE6, 0xEA, 0x01, 0x28, 0x08, 0xD1, 0xAC, 0x48, 0x20, 0x5C, 0x40, 0x06
	.byte 0xC0, 0x0F, 0x03, 0xD1, 0x60, 0x68, 0xB3, 0xF6, 0x03, 0xFB, 0xF8, 0xBD, 0xA6, 0x48, 0x21, 0x5C
	.byte 0x07, 0x29, 0x07, 0xD1, 0xC0, 0x1E, 0x20, 0x5C, 0x01, 0x28, 0x03, 0xD1, 0x60, 0x68, 0xB3, 0xF6
	.byte 0xF7, 0xFA, 0xF8, 0xBD, 0x21, 0x1C, 0x38, 0x1C, 0x0C, 0x31, 0x00, 0xF0, 0xEF, 0xFB, 0x20, 0x1C
	.byte 0x00, 0xF0, 0x1A, 0xFC, 0x30, 0x68, 0x04, 0x28, 0x1F, 0xD8, 0x00, 0x18, 0x78, 0x44, 0xC0, 0x88
	.byte 0x00, 0x04, 0x00, 0x14, 0x87, 0x44, 0x08, 0x00, 0xEA, 0x00, 0x04, 0x01, 0x2E, 0x01, 0x62, 0x01
	.byte 0xC6, 0xF6, 0x3A, 0xEA, 0x01, 0x28, 0x08, 0xDD, 0x93, 0x48, 0x21, 0x5C, 0x05, 0x29, 0x04, 0xD2
	.byte 0x05, 0x21, 0x21, 0x54, 0x01, 0x20, 0xCA, 0xF6, 0xB2, 0xEC, 0x8F, 0x48, 0x21, 0x5C, 0x05, 0x29
	.byte 0x48, 0xD1, 0xC6, 0xF6, 0x34, 0xEE, 0x01, 0x28, 0x00, 0xD0, 0x14, 0xE1, 0xC6, 0xF6, 0x64, 0xEA
	.byte 0x01, 0x1C, 0x38, 0x1C, 0x9F, 0xF6, 0x76, 0xFE, 0xC6, 0xF6, 0x5E, 0xEA, 0x01, 0x1C, 0x38, 0x1C
	.byte 0x9F, 0xF6, 0x66, 0xFD, 0x05, 0x1C, 0x38, 0x1C, 0x9F, 0xF6, 0x5C, 0xFD, 0x29, 0x1C, 0x95, 0xF6
	.byte 0x01, 0xFB, 0xC6, 0xF6, 0x52, 0xEA, 0x01, 0x1C, 0x20, 0x1C, 0x02, 0xF0, 0x39, 0xFC, 0x20, 0x1C
	.byte 0x8B, 0x30, 0x01, 0x78, 0x3F, 0x20, 0x81, 0x43, 0x15, 0x20, 0x01, 0x43, 0x20, 0x1C, 0x8B, 0x30
	.byte 0x01, 0x70, 0x38, 0x1C, 0x9F, 0xF6, 0x66, 0xFD, 0x21, 0x1C, 0x8A, 0x31, 0x80, 0x07, 0x09, 0x78
	.byte 0xC0, 0x22, 0x00, 0x0E, 0x91, 0x43, 0x01, 0x43, 0x20, 0x1C, 0x8A, 0x30, 0x01, 0x70, 0x38, 0x1C
	.byte 0xE5, 0xF7, 0x5E, 0xFB, 0x00, 0x28, 0x06, 0xD1, 0x20, 0x1C, 0x8B, 0x30, 0x01, 0x78, 0x40, 0x20
	.byte 0x8B, 0x34, 0x08, 0x43, 0x20, 0x70, 0x01, 0x20, 0xCA, 0xF6, 0x68, 0xEC, 0x30, 0x68, 0x40, 0x1C
	.byte 0x30, 0x60, 0xF8, 0xBD, 0x04, 0x29, 0x3B, 0xD1, 0x01, 0x1C, 0x11, 0x31, 0x61, 0x5E, 0x4A, 0x1C
	.byte 0x01, 0x1C, 0x11, 0x31, 0x62, 0x52, 0x01, 0x1C, 0x11, 0x31, 0x62, 0x5E, 0x96, 0x21, 0x89, 0x00
	.byte 0x8A, 0x42, 0x2D, 0xDD, 0x00, 0x21, 0x11, 0x30, 0x21, 0x52, 0x60, 0x68, 0xB3, 0xF6, 0x70, 0xFA
	.byte 0xF8, 0xBD, 0xC6, 0xF6, 0x42, 0xED, 0xC6, 0xF6, 0x48, 0xED, 0x01, 0x28, 0x20, 0xD1, 0x5A, 0x48
	.byte 0x06, 0x21, 0x21, 0x54, 0x30, 0x68, 0x40, 0x1C, 0x30, 0x60, 0xF8, 0xBD, 0xD7, 0x20, 0x80, 0x00
	.byte 0x20, 0x18, 0xEF, 0xF7, 0x07, 0xF8, 0x20, 0x1C, 0x01, 0xF0, 0x78, 0xFF, 0xC6, 0xF6, 0xF4, 0xE9
	.byte 0x16, 0x22, 0x12, 0x01, 0x01, 0x1C, 0x20, 0x1C, 0xA2, 0x18, 0x01, 0xF0, 0xA7, 0xFF, 0x30, 0x68
	.byte 0x40, 0x1C, 0x30, 0x60, 0xF8, 0xBD, 0x20, 0x1C, 0x00, 0xF0, 0x5E, 0xFC, 0x01, 0x28, 0x00, 0xD0
	.byte 0x91, 0xE0, 0x49, 0x4D, 0x07, 0x20, 0x60, 0x55, 0xCC, 0xF6, 0xC0, 0xEA, 0x29, 0x1C, 0x43, 0x31
	.byte 0x62, 0x58, 0x02, 0x21, 0x89, 0x07, 0x0A, 0x40, 0x49, 0x1E, 0x08, 0x40, 0x10, 0x43, 0x43, 0x35
	.byte 0x60, 0x51, 0x30, 0x68, 0x40, 0x1C, 0x30, 0x60, 0xF8, 0xBD, 0x38, 0x1C, 0x9F, 0xF6, 0xE8, 0xFD
	.byte 0x00, 0x28, 0x12, 0xD1, 0x38, 0x1C, 0x9F, 0xF6, 0xED, 0xFC, 0x21, 0x1C, 0x8A, 0x31, 0x09, 0x78
	.byte 0x09, 0x06, 0x89, 0x0F, 0x81, 0x42, 0x08, 0xD0, 0x28, 0x68, 0x9F, 0xF6, 0xAB, 0xF8, 0x01, 0x28
	.byte 0x03, 0xD1, 0x60, 0x68, 0xB3, 0xF6, 0x1C, 0xFA, 0xF8, 0xBD, 0x20, 0x1C, 0x01, 0xF0, 0xD4, 0xFC
	.byte 0x6B, 0x25, 0xAD, 0x00, 0x60, 0x19, 0x02, 0xF0, 0x6F, 0xFF, 0x01, 0x28, 0x03, 0xD1, 0x60, 0x68
	.byte 0xB3, 0xF6, 0x0E, 0xFA, 0xF8, 0xBD, 0xCA, 0xF6, 0xC8, 0xE9, 0x01, 0x28, 0x28, 0xD1, 0x60, 0x19
	.byte 0x02, 0xF0, 0x90, 0xFD, 0x00, 0x28, 0x23, 0xD1, 0x25, 0x20, 0x80, 0x01, 0x20, 0x58, 0x40, 0x00
	.byte 0x45, 0x08, 0xCC, 0xF6, 0x7C, 0xEA, 0xA8, 0x42, 0x01, 0xDA, 0x25, 0x49, 0x40, 0x18, 0x40, 0x1B
	.byte 0xB4, 0x28, 0x03, 0xDB, 0x60, 0x68, 0xB3, 0xF6, 0xF3, 0xF9, 0xF8, 0xBD, 0xAA, 0x28, 0x29, 0xDD
	.byte 0x25, 0x25, 0xAD, 0x01, 0x60, 0x59, 0xC0, 0x0F, 0x24, 0xD1, 0x00, 0xF0, 0xD9, 0xFC, 0x01, 0x28
	.byte 0x20, 0xD1, 0x61, 0x59, 0x1B, 0x48, 0x01, 0x40, 0x40, 0x1C, 0x08, 0x43, 0x60, 0x51, 0x19, 0xE0
	.byte 0x16, 0x48, 0x20, 0x5C, 0x40, 0x06, 0xC0, 0x0F, 0x0E, 0xD1, 0xCA, 0xF6, 0x96, 0xE9, 0x01, 0x28
	.byte 0x0A, 0xD1, 0x6B, 0x20, 0x80, 0x00, 0x20, 0x18, 0x02, 0xF0, 0x3E, 0xFF, 0x01, 0x28, 0x03, 0xD1
	.byte 0x60, 0x68, 0xB3, 0xF6, 0xCD, 0xF9, 0x05, 0xE0, 0x25, 0x21, 0x89, 0x01, 0x62, 0x58, 0x0D, 0x48
	.byte 0x10, 0x40, 0x60, 0x50, 0x02, 0xF0, 0xD8, 0xFA, 0x00, 0x28, 0x0B, 0x48, 0x09, 0xD1, 0x21, 0x5A
	.byte 0x49, 0x1C, 0x21, 0x52, 0x20, 0x5A, 0xB4, 0x28, 0x05, 0xD9, 0x60, 0x68, 0xB3, 0xF6, 0xB8, 0xF9
	.byte 0xF8, 0xBD, 0x00, 0x21, 0x21, 0x52, 0xF8, 0xBD, 0xFD, 0x08, 0x00, 0x00, 0x3F, 0x09, 0x00, 0x00
	.byte 0x7F, 0x51, 0x01, 0x00, 0xFF, 0xFF, 0xFF, 0x7F, 0x0A, 0x09, 0x00, 0x00, 0x70, 0xB5, 0x05, 0x1C
	.byte 0x48, 0x68, 0x14, 0x1C, 0xB3, 0xF6, 0xE0, 0xF9, 0x9F, 0xF6, 0xC2, 0xFE, 0x01, 0x28, 0x01, 0xD1
	.byte 0x00, 0x20, 0x70, 0xBD, 0x3D, 0x4E, 0xA0, 0x5D, 0x80, 0x07, 0xC0, 0x0F, 0x01, 0x28, 0x03, 0xD0
	.byte 0x9C, 0xF6, 0x28, 0xFD, 0x00, 0x28, 0x09, 0xD0, 0x39, 0x49, 0x40, 0x20, 0x62, 0x5C, 0x10, 0x43
	.byte 0x60, 0x54, 0x38, 0x48, 0xC9, 0xF6, 0xE2, 0xEE, 0x01, 0x20, 0x70, 0xBD, 0x28, 0x68, 0x04, 0x28
	.byte 0x62, 0xD8, 0x00, 0x18, 0x78, 0x44, 0xC0, 0x88, 0x00, 0x04, 0x00, 0x14, 0x87, 0x44, 0x08, 0x00
	.byte 0x2C, 0x00, 0x40, 0x00, 0x72, 0x00, 0xA0, 0x00, 0x09, 0x20, 0x42, 0x3E, 0xA0, 0x55, 0xCA, 0xF6
	.byte 0x52, 0xE8, 0x01, 0x28, 0x01, 0xDC, 0x04, 0x20, 0x06, 0xE0, 0x20, 0x1C, 0x00, 0xF0, 0xE6, 0xFA
	.byte 0x01, 0x28, 0x49, 0xD1, 0x28, 0x68, 0x40, 0x1C, 0x28, 0x60, 0x45, 0xE0, 0x00, 0x20, 0x31, 0x3E
	.byte 0xA0, 0x53, 0xC6, 0xF6, 0x3A, 0xEC, 0x14, 0x21, 0x02, 0x22, 0xC6, 0xF6, 0x96, 0xED, 0xF1, 0xE7
	.byte 0x30, 0x1C, 0x31, 0x38, 0x20, 0x5E, 0x41, 0x1C, 0x30, 0x1C, 0x31, 0x38, 0x21, 0x52, 0xC6, 0xF6
	.byte 0x2C, 0xEC, 0x14, 0x21, 0x02, 0x22, 0xC6, 0xF6, 0xAE, 0xED, 0x01, 0x28, 0x05, 0xD0, 0x31, 0x3E
	.byte 0xA1, 0x5F, 0x4B, 0x20, 0x80, 0x00, 0x81, 0x42, 0x26, 0xDD, 0x00, 0x20, 0xCA, 0xF6, 0x26, 0xEB
	.byte 0xD8, 0xE7, 0x30, 0x1C, 0x31, 0x38, 0x20, 0x5E, 0x41, 0x1C, 0x30, 0x1C, 0x31, 0x38, 0x21, 0x52
	.byte 0xCA, 0xF6, 0xFA, 0xE8, 0x01, 0x28, 0x0A, 0xD1, 0xCA, 0xF6, 0x14, 0xE8, 0x01, 0x28, 0x05, 0xDD
	.byte 0x31, 0x3E, 0xA1, 0x5F, 0x4B, 0x20, 0x80, 0x00, 0x81, 0x42, 0x0D, 0xDD, 0xC2, 0xE7, 0xC1, 0xE7
	.byte 0x30, 0x1C, 0x47, 0x38, 0x21, 0x5C, 0x40, 0x20, 0x47, 0x3E, 0x08, 0x43, 0xA0, 0x55, 0x05, 0x48
	.byte 0xC9, 0xF6, 0x7C, 0xEE, 0x01, 0x20, 0x70, 0xBD, 0x00, 0x20, 0x70, 0xBD, 0x3F, 0x09, 0x00, 0x00
	.byte 0xF8, 0x08, 0x00, 0x00, 0x81, 0x35, 0x17, 0x02, 0xF8, 0xB5, 0x0F, 0x1C, 0x78, 0x68, 0x15, 0x1C
	.byte 0x00, 0x90, 0xB3, 0xF6, 0x51, 0xF9, 0x06, 0x1C, 0x00, 0x24, 0x9F, 0xF6, 0x31, 0xFE, 0x01, 0x28
	.byte 0x01, 0xD1, 0x20, 0x1C, 0xF8, 0xBD, 0x5D, 0x48, 0x28, 0x5C, 0x0A, 0x28, 0x03, 0xD0, 0xC9, 0xF6
	.byte 0xE6, 0xED, 0x01, 0x28, 0x1D, 0xD1, 0x30, 0x1C, 0x9F, 0xF6, 0xBA, 0xFC, 0x00, 0x28, 0x02, 0xD1
	.byte 0x9C, 0xF6, 0xCE, 0xFC, 0x14, 0xE0, 0x30, 0x1C, 0x9F, 0xF6, 0xCC, 0xFA, 0x9F, 0xF6, 0x5C, 0xFC
	.byte 0xA0, 0xF6, 0xA4, 0xFD, 0x01, 0x28, 0x0C, 0xD1, 0x38, 0x68, 0x9E, 0xF6, 0x7B, 0xFF, 0x01, 0x28
	.byte 0x07, 0xD1, 0x38, 0x68, 0x9E, 0xF6, 0x72, 0xFF, 0x15, 0xF0, 0xDE, 0xFC, 0x01, 0x28, 0x00, 0xD1
	.byte 0x01, 0x24, 0x01, 0x2C, 0x00, 0xD0, 0x8F, 0xE0, 0xD7, 0x20, 0x80, 0x00, 0x28, 0x18, 0xEE, 0xF7
	.byte 0x93, 0xFE, 0x30, 0x1C, 0x9F, 0xF6, 0xEA, 0xFA, 0x38, 0x68, 0xA9, 0x68, 0xF4, 0xF7, 0x7E, 0xF9
	.byte 0x43, 0x4C, 0x28, 0x5D, 0x80, 0x07, 0xC0, 0x0F, 0x01, 0x28, 0x03, 0xD0, 0x9C, 0xF6, 0x62, 0xFC
	.byte 0x00, 0x28, 0x02, 0xD0, 0x00, 0x98, 0x05, 0x21, 0x3A, 0xE0, 0x6B, 0x20, 0x80, 0x00, 0x28, 0x18
	.byte 0x02, 0xF0, 0x9A, 0xFD, 0x01, 0x28, 0x2D, 0xD1, 0x3B, 0x3C, 0x28, 0x5D, 0xC0, 0x07, 0xC0, 0x0F
	.byte 0x01, 0x28, 0x00, 0xD1, 0x23, 0xE0, 0x6B, 0x21, 0x89, 0x00, 0x28, 0x1C, 0x69, 0x18, 0x02, 0xF0
	.byte 0xFF, 0xFD, 0x01, 0x28, 0x02, 0xD1, 0x00, 0x98, 0x02, 0x21, 0x21, 0xE0, 0x6B, 0x20, 0x80, 0x00
	.byte 0x28, 0x18, 0x02, 0xF0, 0x93, 0xFC, 0x04, 0x1C, 0x30, 0x1C, 0x9F, 0xF6, 0x55, 0xFC, 0x00, 0x21
	.byte 0x62, 0x18, 0x34, 0x32, 0x12, 0x78, 0x04, 0x2A, 0x01, 0xD0, 0x90, 0x42, 0x02, 0xD1, 0x49, 0x1C
	.byte 0x03, 0x29, 0xF5, 0xDB, 0x03, 0x29, 0x02, 0xDA, 0x00, 0x98, 0x03, 0x21, 0x08, 0xE0, 0x00, 0x98
	.byte 0x04, 0x21, 0x05, 0xE0, 0x44, 0x3C, 0x28, 0x5D, 0x01, 0x28, 0x03, 0xD9, 0x00, 0x98, 0x01, 0x21
	.byte 0xB3, 0xF6, 0xCE, 0xF8, 0x30, 0x1C, 0x9F, 0xF6, 0x43, 0xFC, 0x00, 0x28, 0x08, 0xD1, 0x30, 0x1C
	.byte 0x00, 0x21, 0x9F, 0xF6, 0x37, 0xFC, 0x30, 0x1C, 0x00, 0x21, 0x9F, 0xF6, 0x47, 0xFC, 0xFF, 0xE7
	.byte 0x30, 0x1C, 0x01, 0x21, 0x9F, 0xF6, 0x22, 0xFC, 0x15, 0x48, 0x28, 0x5C, 0x80, 0x07, 0xC0, 0x0F
	.byte 0x01, 0x28, 0x03, 0xD0, 0x9C, 0xF6, 0x06, 0xFC, 0x00, 0x28, 0x08, 0xD0, 0x30, 0x1C, 0x9F, 0xF6
	.byte 0x27, 0xFC, 0x01, 0x28, 0x03, 0xD1, 0x38, 0x68, 0x01, 0x21, 0x9E, 0xF6, 0xFB, 0xFE, 0x00, 0x98
	.byte 0xB3, 0xF6, 0xA6, 0xF9, 0x0B, 0x4E, 0x00, 0x24, 0xA0, 0x00, 0x28, 0x18, 0x80, 0x59, 0xD2, 0xF6
	.byte 0x64, 0xEA, 0x64, 0x1C, 0x02, 0x2C, 0xF7, 0xDB, 0x28, 0x1C, 0xBD, 0xF6, 0x32, 0xEA, 0x38, 0x1C
	.byte 0xBD, 0xF6, 0x2E, 0xEA, 0x01, 0x20, 0xF8, 0xBD, 0x00, 0x20, 0xF8, 0xBD, 0xFD, 0x08, 0x00, 0x00
	.byte 0x3F, 0x09, 0x00, 0x00, 0x28, 0x09, 0x00, 0x00, 0x78, 0xB5, 0x81, 0xB0, 0x3C, 0x4C, 0x0D, 0x1C
	.byte 0x06, 0x1C, 0x28, 0x5D, 0x02, 0x28, 0x70, 0xD2, 0xC9, 0xF6, 0x1C, 0xEF, 0x01, 0x28, 0x6C, 0xDC
	.byte 0x20, 0x1C, 0x1A, 0x30, 0x28, 0x5C, 0x80, 0x07, 0xC0, 0x0F, 0x01, 0x28, 0x65, 0xD0, 0x9C, 0xF6
	.byte 0xC9, 0xFB, 0x00, 0x28, 0x61, 0xD1, 0x30, 0x1C, 0x05, 0xF0, 0xD0, 0xF9, 0x00, 0x28, 0x5C, 0xD0
	.byte 0x10, 0x21, 0x30, 0x1C, 0xC9, 0x43, 0x04, 0xF0, 0x75, 0xF8, 0x00, 0x28, 0x55, 0xD0, 0x30, 0x1C
	.byte 0x00, 0xA9, 0x04, 0xF0, 0x23, 0xFC, 0x06, 0x1C, 0x00, 0xA8, 0x00, 0x78, 0x03, 0x28, 0x4C, 0xD1
	.byte 0xF0, 0x78, 0x80, 0x07, 0xC0, 0x0F, 0x48, 0xD1, 0x2A, 0x5D, 0x00, 0x20, 0x00, 0x2A, 0x09, 0xDD
	.byte 0x71, 0x68, 0x0B, 0x34, 0x83, 0x00, 0xEB, 0x18, 0x1B, 0x59, 0x99, 0x42, 0x3D, 0xD0, 0x40, 0x1C
	.byte 0x90, 0x42, 0xF7, 0xDB, 0xF0, 0x68, 0x40, 0x01, 0x80, 0x0D, 0x00, 0x04, 0x00, 0x0C, 0xA0, 0xF6
	.byte 0xB5, 0xFC, 0x01, 0x28, 0x31, 0xD0, 0xF0, 0x68, 0x40, 0x01, 0x80, 0x0D, 0x00, 0x04, 0x00, 0x0C
	.byte 0xE5, 0xF7, 0xB6, 0xF8, 0x00, 0x28, 0x28, 0xD0, 0x15, 0x4C, 0x30, 0x1C, 0x29, 0x5D, 0x08, 0x30
	.byte 0x89, 0x00, 0x6A, 0x18, 0xE1, 0x1C, 0x51, 0x58, 0xF2, 0xF7, 0x0C, 0xFC, 0x30, 0x1C, 0x08, 0x30
	.byte 0xF2, 0xF7, 0x72, 0xFC, 0x29, 0x5D, 0x6A, 0x18, 0x21, 0x1C, 0x13, 0x31, 0x50, 0x54, 0x30, 0x1C
	.byte 0x08, 0x30, 0xF2, 0xF7, 0x0D, 0xFC, 0x29, 0x5D, 0x6A, 0x18, 0x21, 0x1C, 0x15, 0x31, 0x50, 0x54
	.byte 0x28, 0x5D, 0x72, 0x68, 0x80, 0x00, 0x29, 0x18, 0x20, 0x1C, 0x0B, 0x30, 0x0A, 0x50, 0x00, 0x21
	.byte 0x60, 0x1C, 0x29, 0x54, 0x28, 0x5D, 0x40, 0x1C, 0x28, 0x55, 0x01, 0xB0, 0x78, 0xBD, 0xC0, 0x46
	.byte 0x25, 0x09, 0x00, 0x00, 0xF0, 0xB5, 0x89, 0xB0, 0x0D, 0x1C, 0x14, 0x1C, 0x00, 0x2D, 0x6E, 0xD0
	.byte 0x40, 0x68, 0xB3, 0xF6, 0x01, 0xF8, 0x06, 0x1C, 0x9F, 0xF6, 0x6E, 0xFB, 0x01, 0x90, 0x30, 0x1C
	.byte 0x9F, 0xF6, 0x76, 0xFB, 0x00, 0x28, 0x0B, 0xD1, 0x20, 0x1C, 0x15, 0xF0, 0x07, 0xFC, 0x08, 0xF0
	.byte 0x45, 0xFE, 0x01, 0x28, 0xA8, 0x68, 0x00, 0xD1, 0x03, 0xE0, 0xF4, 0xF7, 0x7B, 0xF9, 0x02, 0xE0
	.byte 0xA8, 0x68, 0xF4, 0xF7, 0x1F, 0xF9, 0x00, 0x24, 0x01, 0x27, 0x01, 0x98, 0x84, 0x42, 0x1E, 0xD0
	.byte 0xA8, 0x68, 0x21, 0x1C, 0xF4, 0xF7, 0x96, 0xF9, 0x01, 0x28, 0x18, 0xD1, 0x1C, 0x20, 0x60, 0x43
	.byte 0x29, 0x18, 0xA7, 0x31, 0x09, 0x78, 0x2E, 0x18, 0x8C, 0x36, 0x09, 0x06, 0xCA, 0x0F, 0x29, 0x18
	.byte 0x8C, 0x31, 0x0A, 0x60, 0x04, 0xAB, 0x03, 0xCE, 0x1A, 0x1C, 0x03, 0xC3, 0x03, 0xCE, 0x03, 0xC3
	.byte 0x30, 0x68, 0x21, 0x1C, 0x18, 0x60, 0x04, 0x97, 0xA8, 0x68, 0xF4, 0xF7, 0xAD, 0xF9, 0x64, 0x1C
	.byte 0x03, 0x2C, 0xDA, 0xDB, 0x28, 0x1C, 0x02, 0x90, 0x8C, 0x30, 0x2F, 0x1C, 0x02, 0x90, 0x80, 0x20
	.byte 0x00, 0x24, 0xA7, 0x37, 0x03, 0x90, 0x01, 0x98, 0x84, 0x42, 0x1D, 0xD0, 0x11, 0x48, 0x29, 0x5C
	.byte 0x01, 0x20, 0xA0, 0x40, 0x08, 0x42, 0x17, 0xD0, 0x1C, 0x20, 0x26, 0x1C, 0x46, 0x43, 0xB8, 0x5D
	.byte 0x02, 0x9A, 0x21, 0x1C, 0x00, 0x06, 0xC0, 0x0F, 0x00, 0x90, 0x28, 0x1C, 0x92, 0x19, 0x00, 0x23
	.byte 0x01, 0xF0, 0x10, 0xFD, 0xB8, 0x5D, 0x03, 0x99, 0x88, 0x43, 0x00, 0x99, 0x09, 0x06, 0x09, 0x0E
	.byte 0xC9, 0x07, 0x09, 0x0E, 0x08, 0x43, 0xB8, 0x55, 0x64, 0x1C, 0x03, 0x2C, 0xDB, 0xDB, 0x09, 0xB0
	.byte 0xF0, 0xBD, 0xC0, 0x46, 0xFB, 0x08, 0x00, 0x00, 0x08, 0xB5, 0x00, 0x29, 0x02, 0xD0, 0x88, 0x68
	.byte 0xF4, 0xF7, 0x92, 0xF8, 0x08, 0xBD, 0x00, 0x00, 0x02, 0x49
_0217356A:
	.byte 0x02, 0x22, 0x42, 0x54, 0x02, 0x48
	.byte 0x02, 0x4B, 0x18, 0x47
_02173574:
	.byte 0xFD, 0x08, 0x00, 0x00
_02173578:
	.byte 0x69, 0x33, 0x17, 0x02
_0217357C:
	.byte 0x3D, 0x96, 0x17, 0x02
	.byte 0x01, 0x49, 0x0A, 0x22, 0x42, 0x54, 0x70, 0x47, 0xFD, 0x08, 0x00, 0x00, 0x0C, 0x30, 0x70, 0x47

	thumb_func_start FUN_overlay_d_11__02173590
FUN_overlay_d_11__02173590: ; 0x02173590
	push {r4, r5, r6, lr}
	add r6, r0, #0
	add r5, r1, #0
	mov r0, #2
	add r4, r2, #0
	strb r0, [r5]
	blx FUN_0203D1B4
	ldrb r1, [r5, #1]
	mov r2, #0xf
	lsl r0, r0, #0x18
	bic r1, r2
	lsr r2, r0, #0x18
	mov r0, #0xf
	and r2, r0
	orr r1, r2
	sub r0, #0x10
	strb r1, [r5, #1]
	cmp r4, r0
	beq _021735CA
	ldrb r0, [r5, #1]
	mov r1, #0xf0
	bic r0, r1
	lsl r1, r4, #0x18
	lsr r1, r1, #0x18
	lsl r1, r1, #0x1c
	lsr r1, r1, #0x18
	orr r0, r1
	strb r0, [r5, #1]
	thumb_func_end FUN_overlay_d_11__02173590
_021735CA:
	blx FUN_02039414
	ldrb r1, [r5, #2]
	mov r2, #1
	lsl r0, r0, #0x18
	bic r1, r2
	lsr r2, r0, #0x18
	mov r0, #1
	and r0, r2
	orr r0, r1
	strb r0, [r5, #2]
	ldrb r1, [r5, #2]
	mov r0, #0x3e
	bic r1, r0
	mov r0, #2
	orr r0, r1
	strb r0, [r5, #2]
	add r0, r6, #0
	bl FUN_02012944
	add r5, #8
	add r1, r5, #0
	bl FUN_02008494
	pop {r4, r5, r6, pc}

	thumb_func_start FUN_overlay_d_11__021735fc
FUN_overlay_d_11__021735fc: ; 0x021735FC
	push {r3, r4, r5, lr}
	add r4, r1, #0
	add r5, r0, #0
	blx FUN_0203D1B4
	ldrb r1, [r4, #1]
	lsl r1, r1, #0x1c
	lsr r1, r1, #0x1c
	cmp r1, r0
	bne _0217361E
	blx FUN_02039414
	ldrb r1, [r4, #2]
	lsl r1, r1, #0x1f
	lsr r1, r1, #0x1f
	cmp r1, r0
	beq _02173632
	thumb_func_end FUN_overlay_d_11__021735fc
_0217361E:
	mov r2, #0
	add r0, r5, #0
	add r1, r4, #0
	mvn r2, r2
	bl FUN_overlay_d_11__02173590
	bl FUN_0217778C
	mov r0, #1
	pop {r3, r4, r5, pc}
_02173632:
	mov r0, #0
	pop {r3, r4, r5, pc}
	.balign 4, 0
_02173638:
	.byte 0x88, 0x42, 0x01, 0xD1, 0x01, 0x20, 0x70, 0x47
	.byte 0x00, 0x20, 0x70, 0x47, 0x02, 0x49, 0x02, 0x20, 0x53, 0x5C, 0x18, 0x43, 0x50, 0x54, 0x70, 0x47
	.byte 0x3F, 0x09, 0x00, 0x00, 0x70, 0x47, 0x00, 0x00, 0x30, 0xB4, 0x10, 0x49, 0x42, 0x5C, 0x00, 0x2A
	.byte 0x1A, 0xD0, 0x4B, 0x1C, 0xC3, 0x5C, 0x5C, 0x1C, 0x4B, 0x1C, 0xC4, 0x54, 0xC3, 0x5C, 0x96, 0x2B
	.byte 0x12, 0xD9, 0x00, 0x23, 0x00, 0x2A, 0x0A, 0xDD, 0x0C, 0x1C, 0x1A, 0x1C, 0x0B, 0x34, 0x41, 0x18
	.byte 0x9D, 0x00, 0x45, 0x19, 0x2A, 0x51, 0x0D, 0x78, 0x5B, 0x1C, 0xAB, 0x42, 0xF8, 0xDB, 0x04, 0x49
	.byte 0x00, 0x22, 0x42, 0x54, 0x49, 0x1E, 0x42, 0x54, 0x30, 0xBC, 0x70, 0x47, 0x25, 0x09, 0x00, 0x00
	.byte 0x26, 0x09, 0x00, 0x00, 0x01, 0x48
_021736A6:
	.byte 0x08, 0x18, 0x70, 0x47, 0xC0, 0x46
_021736AC:
	.byte 0x48, 0x06, 0x00, 0x00
	.byte 0x02, 0x4A
_021736B2:
	.byte 0x8A, 0x18, 0x34, 0x21, 0x41, 0x43, 0x50, 0x18, 0x70, 0x47
_021736BC:
	.byte 0x54, 0x07, 0x00, 0x00
	.byte 0x67, 0x22
_021736C2:
	.byte 0x12, 0x01, 0x8A, 0x18, 0x4C, 0x21, 0x41, 0x43, 0x50, 0x18, 0x70, 0x47, 0x00, 0x00
	.byte 0x7F, 0x20
_021736D2:
	.byte 0x00, 0x01, 0x08, 0x18, 0x70, 0x47

	thumb_func_start thunk_FUN_overlay_d_11__02175628
thunk_FUN_overlay_d_11__02175628: ; 0x021736D8
	ldr r3, _021736DC ; =FUN_overlay_d_11__02175628
	bx r3
	.balign 4, 0
	thumb_func_end thunk_FUN_overlay_d_11__02175628
_021736DC: .word 0x02175629
_021736E0:
	.byte 0x01, 0x48, 0x01, 0x21, 0x19, 0x54, 0x70, 0x47, 0xFA, 0x08, 0x00, 0x00, 0x38, 0xB5, 0x05, 0x1C
	.byte 0xFF, 0xF7, 0xF2, 0xFF, 0x00, 0x28, 0x0D, 0xD1, 0xC5, 0xF6, 0x1E, 0xEE, 0x04, 0x1C, 0xC6, 0xF6
	.byte 0x54, 0xE9, 0x00, 0x90, 0x20, 0x1C, 0x00, 0x21, 0x00, 0x22, 0x2B, 0x1C, 0xFF, 0xF7, 0xE8, 0xFF
	.byte 0x01, 0x20, 0x38, 0xBD, 0xC6, 0xF6, 0x48, 0xE9, 0x02, 0x21, 0x09, 0x02, 0x00, 0x22, 0x00, 0x23
	.byte 0xC9, 0xF6, 0x42, 0xEE, 0x38, 0xBD, 0x00, 0x00

	thumb_func_start FUN_overlay_d_11__02173728
FUN_overlay_d_11__02173728: ; 0x02173728
	push {r3, r4, r5, r6, r7, lr}
	add r6, r3, #0
	add r5, r0, #0
	ldr r0, [r6, #4]
	add r4, r2, #0
	bl FUN_02026478
	add r7, r0, #0
	blx FUN_020399A8
	blx FUN_0203D1A4
	cmp r5, r0
	beq _02173750
	ldrb r1, [r4]
	ldr r0, _02173754 ; =0x00000902
	strb r1, [r6, r0]
	add r0, r7, #0
	bl FUN_02012B4C
	thumb_func_end FUN_overlay_d_11__02173728
_02173750:
	pop {r3, r4, r5, r6, r7, pc}
	nop
_02173754: .word 0x00000902
_02173758:
	.byte 0x0F, 0xB4, 0x08, 0xB5, 0x84, 0xB0, 0xFF, 0xF7
	.byte 0xBB, 0xFF, 0x00, 0x28, 0x05, 0xD1, 0x04, 0xB0, 0x00, 0x20, 0x08, 0xBC, 0x08, 0xBC, 0x04, 0xB0
	.byte 0x18, 0x47, 0xC6, 0xF6, 0x1A, 0xE9, 0x07, 0xA9, 0x00, 0x91, 0x01, 0x23, 0x01, 0x93, 0x00, 0x21
	.byte 0x02, 0x91, 0x03, 0x91, 0x04, 0x4A, 0xFF, 0x21, 0xC9, 0xF6, 0x36, 0xEE, 0x04, 0xB0, 0x08, 0xBC
	.byte 0x08, 0xBC, 0x04, 0xB0, 0x18, 0x47, 0xC0, 0x46, 0x01, 0x02, 0x00, 0x00, 0x01, 0x48, 0x01, 0x21
	.byte 0x19, 0x54, 0x70, 0x47, 0xFE, 0x08, 0x00, 0x00, 0x08, 0xB5, 0xFF, 0xF7, 0x95, 0xFF, 0x00, 0x28
	.byte 0x01, 0xD1, 0x00, 0x20, 0x08, 0xBD, 0xC6, 0xF6, 0xF8, 0xE8, 0x03, 0x49, 0x00, 0x22, 0x00, 0x23
	.byte 0xC9, 0xF6, 0xF2, 0xED, 0x08, 0xBD, 0xC0, 0x46, 0x02, 0x02, 0x00, 0x00, 0xF8, 0xB5
_021737CE:
	.byte 0x1C, 0x1C
	.byte 0x05, 0x1C, 0x60, 0x68, 0x17, 0x1C, 0xB2, 0xF6, 0x4F, 0xFE, 0x12, 0x4E, 0x00, 0x90, 0xA0, 0x5D
	.byte 0x85, 0x42, 0x1E, 0xDA, 0x20, 0x1C, 0x29, 0x1C, 0x3A, 0x1C, 0x01, 0xF0, 0x5F, 0xFB, 0x00, 0x98
	.byte 0x9F, 0xF6, 0xB2, 0xF9, 0x85, 0x42, 0x14, 0xD0, 0xC9, 0xF6, 0xBE, 0xED, 0x00, 0x28, 0x10, 0xD1
	.byte 0x00, 0x2D, 0x0E, 0xD1, 0x4B, 0x37, 0x38, 0x78, 0x40, 0x06, 0xC0, 0x0F, 0x01, 0x28, 0x08, 0xD1
	.byte 0x30, 0x1C, 0x3D, 0x30, 0x21, 0x5C, 0x01, 0x20, 0x3D, 0x36, 0x81, 0x43, 0x01, 0x20, 0x08, 0x43
	.byte 0xA0, 0x55

	non_word_aligned_thumb_func_start LAB_overlay_d_11__02173822
LAB_overlay_d_11__02173822: ; 0x02173822
	pop {r3, r4, r5, r6, r7, pc}
	thumb_func_end LAB_overlay_d_11__02173822
_02173824:
	.byte 0x02, 0x09, 0x00, 0x00, 0xF8, 0xB5, 0x84, 0xB0, 0x05, 0x1C, 0xFF, 0xF7
	.byte 0x53, 0xFF, 0x00, 0x28, 0x02, 0xD1, 0x04, 0xB0, 0x00, 0x20, 0xF8, 0xBD, 0xC6, 0xF6, 0xB4, 0xE8
	.byte 0x1C, 0x4E, 0x31, 0x1C, 0xC9, 0xF6, 0x98, 0xEE, 0x01, 0x28, 0x02, 0xD1, 0x04, 0xB0, 0x00, 0x20
	.byte 0xF8, 0xBD, 0x30, 0x1C, 0xE9, 0x24, 0xA3, 0x38, 0xA4, 0x00, 0x28, 0x18, 0x29, 0x19, 0x4C, 0x22
	.byte 0x0F, 0xF7, 0x70, 0xEA, 0xC6, 0xF6, 0xA0, 0xE8, 0x29, 0x19, 0x00, 0x91, 0x00, 0x27, 0x01, 0x97
	.byte 0x02, 0x97, 0x01, 0x21, 0x03, 0x91, 0xFF, 0x21, 0x32, 0x1C, 0x4C, 0x23, 0xFF, 0x24, 0xC9, 0xF6
	.byte 0xBC, 0xED, 0x06, 0x1C, 0x01, 0x2E, 0x12, 0xD1, 0x0B, 0x48, 0x2F, 0x54, 0xC9, 0xF6, 0x74, 0xED
	.byte 0x01, 0x28, 0x0C, 0xD1, 0x08, 0x48, 0x41, 0x1D, 0x01, 0x20, 0x68, 0x54, 0x20, 0x1C, 0xAD, 0x30
	.byte 0x28, 0x18, 0x02, 0xF0, 0x3D, 0xF8, 0xAD, 0x34, 0x28, 0x19, 0x02, 0xF0, 0x3F, 0xF8, 0x30, 0x1C
	.byte 0x04, 0xB0, 0xF8, 0xBD, 0x03, 0x02, 0x00, 0x00, 0xFE, 0x08, 0x00, 0x00, 0x38, 0xB5
_021738BE:
	.byte 0x11, 0x68
	.byte 0x07, 0x4A, 0x01, 0x25, 0x9C, 0x5C, 0x8D, 0x40, 0x20, 0x1C, 0x28, 0x42, 0x06, 0xD0, 0x28, 0x06
	.byte 0x00, 0x0E, 0x60, 0x40, 0x98, 0x54, 0x98, 0x68, 0xF3, 0xF7, 0xBE, 0xFE

	thumb_func_start LAB_overlay_d_11__021738dc
LAB_overlay_d_11__021738dc: ; 0x021738DC
	pop {r3, r4, r5, pc}
	nop
	thumb_func_end LAB_overlay_d_11__021738dc
_021738E0:
	.byte 0xFB, 0x08, 0x00, 0x00, 0x0F, 0xB4, 0x38, 0xB5, 0x05, 0x1C, 0xFF, 0xF7, 0xF5, 0xFE, 0x00, 0x28
	.byte 0x10, 0xD1, 0xC5, 0xF6, 0x22, 0xED, 0x04, 0x1C, 0xC6, 0xF6, 0x56, 0xE8, 0x00, 0x90, 0x20, 0x1C
	.byte 0x04, 0x21, 0x05, 0xAA, 0x2B, 0x1C, 0xFF, 0xF7, 0xD9, 0xFF, 0x01, 0x20, 0x38, 0xBC, 0x08, 0xBC
	.byte 0x04, 0xB0, 0x18, 0x47, 0xC6, 0xF6, 0x48, 0xE8, 0x81, 0x21, 0x89, 0x00, 0x04, 0x22, 0x05, 0xAB
	.byte 0xC9, 0xF6, 0x42, 0xED, 0x38, 0xBC, 0x08, 0xBC, 0x04, 0xB0, 0x18, 0x47, 0x70, 0xB5, 0x82, 0xB0
	.byte 0x05, 0x1C, 0x16, 0x1C, 0x1C, 0x1C, 0xC6, 0xF6, 0x38, 0xE8, 0xC9, 0xF6, 0x34, 0xEC, 0x85, 0x42
	.byte 0x0F, 0xD1, 0xF3, 0x8A, 0x15, 0x20, 0x00, 0x90, 0x5B, 0x07, 0x00, 0x20, 0x5B, 0x0F, 0x01, 0x90
	.byte 0x1B, 0x06, 0xB2, 0x8A, 0x60, 0x68, 0x29, 0x1C, 0x1B, 0x0E, 0xB2, 0xF6, 0xAB, 0xFD, 0x02, 0xB0
	.byte 0x70, 0xBD, 0x07, 0x48, 0x21, 0x5C, 0x01, 0x20, 0xA8, 0x40, 0x08, 0x42, 0x05, 0xD0, 0x20, 0x1C
	.byte 0x29, 0x1C, 0x32, 0x1C, 0x00, 0x23, 0x01, 0xF0, 0xED, 0xFA, 0x02, 0xB0, 0x70, 0xBD, 0xC0, 0x46
	.byte 0xFB, 0x08, 0x00, 0x00, 0x38, 0xB5, 0x84, 0xB0, 0x05, 0x1C, 0x0C, 0x1C, 0xFF, 0xF7, 0xA4, 0xFE
	.byte 0x00, 0x28, 0x02, 0xD1, 0x04, 0xB0, 0x00, 0x20, 0x38, 0xBD, 0xC6, 0xF6, 0x06, 0xE8, 0x00, 0x94
	.byte 0x00, 0x24, 0x01, 0x94, 0x01, 0x21, 0x02, 0x91, 0x06, 0x4A, 0xFF, 0x21, 0x1C, 0x23, 0x03, 0x94
	.byte 0xC9, 0xF6, 0x22, 0xED, 0x01, 0x28, 0x02, 0xD1, 0x09, 0x21, 0x09, 0x02, 0x6C, 0x54, 0x04, 0xB0
	.byte 0x38, 0xBD, 0xC0, 0x46, 0x05, 0x02, 0x00, 0x00, 0x25, 0x21, 0x89, 0x01, 0x5A, 0x58, 0x03, 0x48
	.byte 0x02, 0x40, 0x40, 0x1C, 0x10, 0x43, 0x58, 0x50, 0x70, 0x47, 0xC0, 0x46, 0xFF, 0xFF, 0xFF, 0x7F
	.byte 0x08, 0xB5, 0xFF, 0xF7, 0x79, 0xFE, 0x00, 0x28, 0x01, 0xD1, 0x01, 0x20, 0x08, 0xBD, 0xC5, 0xF6
	.byte 0xDC, 0xEF, 0x03, 0x49, 0x00, 0x22, 0x00, 0x23, 0xC9, 0xF6, 0xD6, 0xEC, 0x08, 0xBD, 0xC0, 0x46
	.byte 0x06, 0x02, 0x00, 0x00, 0x38, 0xB5, 0x15, 0x1C, 0x6A, 0x78, 0x1C, 0x1C, 0x01, 0x1C, 0x20, 0x1C
	.byte 0x01, 0xF0, 0xDE, 0xFC, 0x01, 0x28, 0x07, 0xD1, 0x47, 0x20, 0x80, 0x00, 0x23, 0x18, 0x07, 0x22
	.byte 0x03, 0xCD, 0x03, 0xC3, 0x52, 0x1E, 0xFB, 0xD1, 0x38, 0xBD, 0x00, 0x00

	thumb_func_start FUN_overlay_d_11__02173a2c
FUN_overlay_d_11__02173a2c: ; 0x02173A2C
	push {r3, r4, r5, r6, r7, lr}
	sub sp, #0x48
	add r5, r0, #0
	add r6, r1, #0
	add r4, r2, #0
	add r7, r3, #0
	bl thunk_FUN_overlay_d_11__02175628
	cmp r0, #0
	bne _02173A46
	add sp, #0x48
	mov r0, #0
	pop {r3, r4, r5, r6, r7, pc}
	thumb_func_end FUN_overlay_d_11__02173a2c
_02173A46:
	ldr r0, _02173AAC ; =0x00000944
	ldrb r1, [r5, r0]
	cmp r1, #0
	bne _02173A52
	add r1, r1, #1
	strb r1, [r5, r0]
_02173A52:
	add r0, sp, #0x10
	mov r1, #0
	mov r2, #0x38
	blx MI_CpuFill8
	add r0, sp, #0x10
	strb r7, [r0]
	add r2, sp, #0x14
	mov r3, #6
_02173A64:
	ldmia r4!, {r0, r1}
	stmia r2!, {r0, r1}
	sub r3, r3, #1
	bne _02173A64
	ldr r0, [r4]
	ldr r7, _02173AAC ; =0x00000944
	str r0, [r2]
	ldrb r1, [r5, r7]
	add r0, sp, #0x10
	strb r1, [r0, #1]
	blx FUN_020399A8
	add r1, sp, #0x10
	str r1, [sp]
	mov r1, #0
	str r1, [sp, #4]
	str r1, [sp, #8]
	ldr r4, _02173AB0 ; =0x00000207
	str r1, [sp, #0xc]
	lsl r1, r6, #0x18
	lsr r1, r1, #0x18
	add r2, r4, #0
	mov r3, #0x38
	blx FUN_0203D3F8
	cmp r0, #1
	bne _02173AA6
	ldrb r2, [r5, r7]
	add r1, r4, #0
	sub r1, #0xaf
	strb r2, [r5, r1]
	sub r4, #0xae
	strb r2, [r5, r4]
_02173AA6:
	add sp, #0x48
	pop {r3, r4, r5, r6, r7, pc}
	nop
_02173AAC: .word 0x00000944
_02173AB0: .word 0x00000207

	thumb_func_start FUN_overlay_d_11__02173ab4
FUN_overlay_d_11__02173ab4: ; 0x02173AB4
	push {r4, lr}
	add r1, r0, #0
	ldr r0, _02173AD8 ; =0x00000159
	ldrb r4, [r2, #1]
	ldrb r0, [r3, r0]
	cmp r4, r0
	bne _02173ACE
	ldrb r2, [r2]
	add r0, r3, #0
	add r3, r4, #0
	bl FUN_overlay_d_11__021754e8
	pop {r4, pc}
	thumb_func_end FUN_overlay_d_11__02173ab4
_02173ACE:
	ldr r0, _02173ADC ; =0x00000948
	add r1, r3, r1
	strb r4, [r1, r0]
	pop {r4, pc}
	nop
_02173AD8: .word 0x00000159
_02173ADC: .word 0x00000948
_02173AE0:
	.byte 0x78, 0xB5, 0x85, 0xB0, 0x0D, 0x1C, 0x14, 0x1C, 0x1E, 0x1C, 0xFF, 0xF7, 0xF5, 0xFD, 0x00, 0x28
	.byte 0x02, 0xD1, 0x05, 0xB0, 0x00, 0x20, 0x78, 0xBD, 0x04, 0xA8, 0x04, 0x70, 0x46, 0x70, 0xC5, 0xF6
	.byte 0x54, 0xEF, 0x04, 0xA9, 0x00, 0x91, 0x00, 0x21, 0x01, 0x91, 0x02, 0x91, 0x03, 0x91, 0x29, 0x06
	.byte 0x82, 0x22, 0x09, 0x0E, 0x92, 0x00, 0x04, 0x23, 0xC9, 0xF6, 0x6E, 0xEC, 0x05, 0xB0, 0x78, 0xBD
	.byte 0x10, 0xB5, 0x01, 0x1C, 0x55, 0x20, 0x80, 0x00, 0x1C, 0x5C, 0x8C, 0x42, 0x09, 0xD1, 0x00, 0x1D
	.byte 0x14, 0x78, 0x18, 0x5C, 0xA0, 0x42, 0x04, 0xD1, 0x18, 0x1C, 0x03, 0x22, 0x23, 0x1C, 0x01, 0xF0
	.byte 0xD3, 0xFC, 0x10, 0xBD, 0x0F, 0xB4, 0x10, 0xB5, 0x84, 0xB0, 0x0C, 0x1C, 0xFF, 0xF7, 0xC4, 0xFD
	.byte 0x00, 0x28, 0x05, 0xD1, 0x04, 0xB0, 0x01, 0x20, 0x10, 0xBC, 0x08, 0xBC, 0x04, 0xB0, 0x18, 0x47
	.byte 0xC5, 0xF6, 0x22, 0xEF, 0x08, 0xA9, 0x00, 0x91, 0x00, 0x21, 0x01, 0x91, 0x02, 0x91, 0x03, 0x91
	.byte 0x21, 0x06, 0x05, 0x4A, 0x09, 0x0E, 0x01, 0x23, 0xC9, 0xF6, 0x3E, 0xEC, 0x04, 0xB0, 0x10, 0xBC
	.byte 0x08, 0xBC, 0x04, 0xB0, 0x18, 0x47, 0xC0, 0x46, 0x09, 0x02, 0x00, 0x00, 0x12, 0x78, 0x01, 0x1C
	.byte 0x18, 0x1C, 0x01, 0x4B, 0x18, 0x47, 0xC0, 0x46, 0x09, 0x55, 0x17, 0x02, 0x0F, 0xB4, 0x10, 0xB5
	.byte 0x84, 0xB0, 0x04, 0x1C, 0xFF, 0xF7, 0x98, 0xFD, 0x00, 0x28, 0x05, 0xD1, 0x04, 0xB0, 0x00, 0x20
	.byte 0x10, 0xBC, 0x08, 0xBC, 0x04, 0xB0, 0x18, 0x47, 0xC5, 0xF6, 0xF6, 0xEE, 0x07, 0xA9, 0x00, 0x91
	.byte 0x00, 0x21, 0x01, 0x91, 0x02, 0x91, 0x03, 0x91, 0x21, 0x06, 0x05, 0x4A, 0x09, 0x0E, 0x01, 0x23
	.byte 0xC9, 0xF6, 0x12, 0xEC, 0x04, 0xB0, 0x10, 0xBC, 0x08, 0xBC, 0x04, 0xB0, 0x18, 0x47, 0xC0, 0x46
	.byte 0x0A, 0x02, 0x00, 0x00, 0x18, 0xB4, 0x11, 0x78, 0x57, 0x20, 0x80, 0x00, 0x19, 0x54, 0x54, 0x78
	.byte 0x41, 0x1C, 0x5C, 0x54, 0x81, 0x1C, 0x94, 0x78, 0xC0, 0x1C, 0x5C, 0x54, 0xD1, 0x78, 0x19, 0x54
	.byte 0x18, 0xBC, 0x70, 0x47

	thumb_func_start FUN_overlay_d_11__02173c04
FUN_overlay_d_11__02173c04: ; 0x02173C04
	push {r4, r5, r6, r7, lr}
	sub sp, #0x14
	add r5, r0, #0
	add r4, r1, #0
	bl thunk_FUN_overlay_d_11__02175628
	cmp r0, #0
	bne _02173C1A
	add sp, #0x14
	mov r0, #0
	pop {r4, r5, r6, r7, pc}
	thumb_func_end FUN_overlay_d_11__02173c04
_02173C1A:
	add r7, sp, #0x10
	add r0, r7, #0
	mov r1, #0
	mov r2, #4
	mov r6, #0
	blx MI_CpuFill8
	mov r1, #1
	add r0, sp, #0x10
	strb r1, [r0]
	strb r4, [r0, #1]
	blx FUN_020399A8
	str r7, [sp]
	str r6, [sp, #4]
	lsl r1, r5, #0x18
	str r6, [sp, #8]
	ldr r2, _02173C4C ; =0x0000020B
	lsr r1, r1, #0x18
	mov r3, #4
	str r6, [sp, #0xc]
	blx FUN_0203D3F8
	add sp, #0x14
	pop {r4, r5, r6, r7, pc}
	.balign 4, 0
_02173C4C: .word 0x0000020B
_02173C50:
	.byte 0x18, 0xB4, 0x05, 0x49, 0x01, 0x22, 0x82, 0x40, 0x10, 0x06, 0x5C, 0x5C, 0x00, 0x0E, 0x20, 0x43
	.byte 0x58, 0x54, 0x18, 0xBC, 0x70, 0x47, 0xC0, 0x46, 0x24, 0x09, 0x00, 0x00, 0x10, 0xB5, 0x84, 0xB0
	.byte 0x0C, 0x1C, 0xFF, 0xF7, 0x31, 0xFD, 0x00, 0x28, 0x02, 0xD1, 0x04, 0xB0, 0x01, 0x20, 0x10, 0xBD
	.byte 0xC5, 0xF6, 0x92, 0xEE, 0x00, 0x23, 0x00, 0x93, 0x01, 0x93, 0x83, 0x22, 0x02, 0x93, 0x21, 0x1C
	.byte 0x92, 0x00, 0x03, 0x93, 0xC9, 0xF6, 0xB0, 0xEB, 0x04, 0xB0, 0x10, 0xBD, 0x03, 0x48, 0x1B, 0x18
	.byte 0x03, 0xCA, 0x03, 0xC3, 0x03, 0xCA, 0x03, 0xC3, 0x70, 0x47, 0xC0, 0x46, 0x14, 0x09, 0x00, 0x00
	.byte 0x38, 0xB5, 0x88, 0xB0, 0x40, 0x68, 0x0C, 0x1C, 0xB2, 0xF6, 0xDE, 0xFB, 0x05, 0x1C, 0x9F, 0xF6
	.byte 0xFD, 0xF8, 0x98, 0xF6, 0xC1, 0xF8, 0xFF, 0xF7, 0x07, 0xFD, 0x00, 0x28, 0x02, 0xD1, 0x08, 0xB0
	.byte 0x01, 0x20, 0x38, 0xBD, 0x28, 0x1C, 0x04, 0xAD, 0x29, 0x1C, 0x01, 0xF0, 0xB5, 0xFC, 0xC5, 0xF6
	.byte 0x64, 0xEE, 0x00, 0x95, 0x00, 0x21, 0x01, 0x91, 0x02, 0x91, 0x03, 0x91, 0x21, 0x06, 0x03, 0x4A
	.byte 0x09, 0x0E, 0x10, 0x23, 0xC9, 0xF6, 0xEC, 0xEB, 0x08, 0xB0, 0x38, 0xBD, 0x0D, 0x02, 0x00, 0x00
	.byte 0xF8, 0xB5, 0x06, 0x1C, 0x15, 0x1C, 0x1C, 0x1C, 0xC9, 0xF6, 0x36, 0xEB, 0x00, 0x28, 0x0B, 0xD0
	.byte 0x6B, 0x27, 0xBF, 0x00, 0x2B, 0x68, 0x20, 0x1C, 0xE1, 0x19, 0x32, 0x1C, 0x02, 0xF0, 0x0A, 0xF9
	.byte 0x29, 0x68, 0xE0, 0x19, 0x01, 0xF0, 0xF6, 0xFD, 0xF8, 0xBD, 0x00, 0x00, 0x0F, 0xB4, 0x08, 0xB5
	.byte 0xFF, 0xF7, 0xD2, 0xFC, 0x00, 0x28, 0x04, 0xD1, 0x00, 0x20, 0x08, 0xBC, 0x08, 0xBC, 0x04, 0xB0
	.byte 0x18, 0x47, 0xC5, 0xF6, 0x32, 0xEE, 0x04, 0x49, 0x04, 0x22, 0x03, 0xAB, 0xC9, 0xF6, 0x2C, 0xEB
	.byte 0x08, 0xBC, 0x08, 0xBC, 0x04, 0xB0, 0x18, 0x47, 0x0E, 0x02, 0x00, 0x00, 0xF8, 0xB5
_02173D5E:
	.byte 0x1E, 0x1C
	.byte 0x70, 0x68, 0x15, 0x1C, 0xB2, 0xF6, 0x88, 0xFB, 0x07, 0x1C, 0x28, 0x1C, 0x24, 0x30, 0x04, 0x78
	.byte 0x6B, 0x20, 0x80, 0x00, 0x30, 0x18, 0x29, 0x1C, 0x22, 0x1C, 0x01, 0xF0, 0xDD, 0xFD, 0xC5, 0xF6
	.byte 0x14, 0xEE, 0xC9, 0xF6, 0x10, 0xEA, 0x84, 0x42, 0x08, 0xD0, 0x38, 0x1C, 0x21, 0x1C, 0x9E, 0xF6
	.byte 0x0D, 0xFD, 0x01, 0x1C, 0x28, 0x1C, 0x10, 0x22, 0x0E, 0xF7, 0xD4, 0xEF

	thumb_func_start LAB_overlay_d_11__02173d9c
LAB_overlay_d_11__02173d9c: ; 0x02173D9C
	pop {r3, r4, r5, r6, r7, pc}
	.balign 4, 0
	thumb_func_end LAB_overlay_d_11__02173d9c

	thumb_func_start FUN_overlay_d_11__02173da0
FUN_overlay_d_11__02173da0: ; 0x02173DA0
	push {r3, r4, r5, lr}
	sub sp, #0x10
	add r5, r1, #0
	add r4, r2, #0
	bl thunk_FUN_overlay_d_11__02175628
	cmp r0, #0
	bne _02173DB6
	add sp, #0x10
	mov r0, #0
	pop {r3, r4, r5, pc}
	thumb_func_end FUN_overlay_d_11__02173da0
_02173DB6:
	blx FUN_020399A8
	mov r3, #0x28
	add r1, r4, #0
	mul r1, r3
	add r1, r5, r1
	str r1, [sp]
	mov r1, #0
	str r1, [sp, #4]
	str r1, [sp, #8]
	mov r1, #1
	str r1, [sp, #0xc]
	ldr r2, _02173DDC ; =0x0000020F
	mov r1, #0xff
	blx FUN_0203D3F8
	add sp, #0x10
	pop {r3, r4, r5, pc}
	nop
_02173DDC: .word 0x0000020F
_02173DE0:
	.byte 0x70, 0xB5, 0x06, 0x1C, 0x15, 0x1C, 0x1C, 0x1C, 0xC9, 0xF6, 0xC6, 0xEA, 0x00, 0x28, 0x1A, 0xD0
	.byte 0x6B, 0x21, 0x89, 0x00, 0x20, 0x1C, 0x61, 0x18, 0x2A, 0x1C, 0x33, 0x1C, 0x02, 0xF0, 0x24, 0xF9
	.byte 0x01, 0x28, 0x10, 0xD1, 0x68, 0x68, 0x00, 0x07, 0x00, 0x0F, 0x01, 0xD0, 0x03, 0x28, 0x0A, 0xD1

	thumb_func_start LAB_overlay_d_11__02173e10
LAB_overlay_d_11__02173e10: ; 0x02173E10
	blx FUN_020399A8
	mov r1, #0
	blx FUN_0203D1E8
	mov r0, #1
	mov r5, #1
	bl FUN_021780FC
	ldr r0, _02173E28 ; =0x0000093C
	strb r5, [r4, r0]
	thumb_func_end LAB_overlay_d_11__02173e10

	non_word_aligned_thumb_func_start LAB_overlay_d_11__02173e26
LAB_overlay_d_11__02173e26: ; 0x02173E26
	pop {r4, r5, r6, pc}
	.balign 4, 0
	thumb_func_end LAB_overlay_d_11__02173e26
_02173E28: .word 0x0000093C

	thumb_func_start FUN_overlay_d_11__02173e2c
FUN_overlay_d_11__02173e2c: ; 0x02173E2C
	push {r4, r5, r6, lr}
	add r5, r0, #0
	add r6, r1, #0
	bl thunk_FUN_overlay_d_11__02175628
	cmp r0, #0
	bne _02173E3E
	mov r0, #0
	pop {r4, r5, r6, pc}
	thumb_func_end FUN_overlay_d_11__02173e2c
_02173E3E:
	mov r4, #0x6b
	lsl r4, r4, #2
	add r0, r5, r4
	bl FUN_overlay_d_11__02176200
	blx FUN_020399A8
	add r4, #0x64
	add r1, r4, #0
	mov r2, #0x30
	add r3, r6, #0
	blx FUN_0203D3A8
	pop {r4, r5, r6, pc}
	.balign 4, 0
_02173E5C:
	.byte 0x6B, 0x20, 0x80, 0x00
	.byte 0x18, 0x18, 0x01, 0x4B, 0x11, 0x1C, 0x18, 0x47, 0xC5, 0x61, 0x17, 0x02

	thumb_func_start FUN_overlay_d_11__02173e6c
FUN_overlay_d_11__02173e6c: ; 0x02173E6C
	push {r3, r4, r5, lr}
	sub sp, #0x10
	add r5, r1, #0
	add r4, r2, #0
	bl thunk_FUN_overlay_d_11__02175628
	cmp r0, #0
	bne _02173E82
	add sp, #0x10
	mov r0, #1
	pop {r3, r4, r5, pc}
	thumb_func_end FUN_overlay_d_11__02173e6c
_02173E82:
	lsl r0, r4, #0x18
	lsr r0, r0, #0x18
	blx FUN_0203D1C0
	cmp r0, #0
	bne _02173E94
	add sp, #0x10
	mov r0, #1
	pop {r3, r4, r5, pc}
_02173E94:
	blx FUN_020399A8
	str r5, [sp]
	mov r1, #0
	str r1, [sp, #4]
	str r1, [sp, #8]
	str r1, [sp, #0xc]
	lsl r1, r4, #0x18
	ldr r2, _02173EB4 ; =0x00000211
	lsr r1, r1, #0x18
	mov r3, #0x38
	blx FUN_0203D3F8
	add sp, #0x10
	pop {r3, r4, r5, pc}
	nop
_02173EB4: .word 0x00000211
_02173EB8:
	.byte 0x38, 0xB5
_02173EBA:
	.byte 0x1C, 0x1C, 0x60, 0x68, 0x15, 0x1C
	.byte 0xB2, 0xF6, 0xDA, 0xFA, 0x9E, 0xF6, 0x6E, 0xFC, 0x9E, 0xF6, 0xFE, 0xFD, 0x6B, 0x21, 0x89, 0x00
	.byte 0x20, 0x1C, 0x61, 0x18, 0x2A, 0x1C, 0x01, 0xF0, 0x3D, 0xFD, 0x01, 0x28, 0x02, 0xD1, 0x02, 0x48
	.byte 0x01, 0x21, 0x21, 0x54

	thumb_func_start LAB_overlay_d_11__02173ee4
LAB_overlay_d_11__02173ee4: ; 0x02173EE4
	pop {r3, r4, r5, pc}
	nop
	thumb_func_end LAB_overlay_d_11__02173ee4
_02173EE8:
	.byte 0x0D, 0x09, 0x00, 0x00

	thumb_func_start FUN_overlay_d_11__02173eec
FUN_overlay_d_11__02173eec: ; 0x02173EEC
	push {r4, r5, r6, lr}
	sub sp, #0x10
	add r4, r0, #0
	add r5, r1, #0
	bl thunk_FUN_overlay_d_11__02175628
	cmp r0, #0
	bne _02173F02
	add sp, #0x10
	mov r0, #0
	pop {r4, r5, r6, pc}
	thumb_func_end FUN_overlay_d_11__02173eec
_02173F02:
	blx FUN_020399A8
	ldr r6, _02173F48 ; =0x00000212
	add r1, r6, #0
	blx FUN_0203D578
	cmp r0, #1
	bne _02173F18
	add sp, #0x10
	mov r0, #0
	pop {r4, r5, r6, pc}
_02173F18:
	add r5, #0x78
	add r0, r5, #0
	mov r5, #0x3f
	lsl r5, r5, #4
	add r1, r4, r5
	mov r2, #0x34
	blx MI_CpuCopy8
	blx FUN_020399A8
	add r1, r4, r5
	str r1, [sp]
	mov r1, #0
	str r1, [sp, #4]
	str r1, [sp, #8]
	mov r1, #1
	str r1, [sp, #0xc]
	mov r1, #0xff
	add r2, r6, #0
	mov r3, #0x34
	blx FUN_0203D3F8
	add sp, #0x10
	pop {r4, r5, r6, pc}
	.balign 4, 0
_02173F48: .word 0x00000212
_02173F4C:
	.byte 0x70, 0xB5
_02173F4E:
	.byte 0x6B, 0x26
	.byte 0x1C, 0x1C, 0xB6, 0x00, 0xA0, 0x19, 0x15, 0x1C, 0x01, 0xF0, 0xEC, 0xFD, 0x00, 0x28, 0x08, 0xD0
	.byte 0x29, 0x1C, 0x34, 0x22, 0xCB, 0xF6, 0x30, 0xE8, 0x00, 0x28, 0x02, 0xD1, 0xA0, 0x19, 0x01, 0xF0
	.byte 0x1F, 0xFD

	non_word_aligned_thumb_func_start LAB_overlay_d_11__02173f72
LAB_overlay_d_11__02173f72: ; 0x02173F72
	pop {r4, r5, r6, pc}
	thumb_func_end LAB_overlay_d_11__02173f72

	thumb_func_start FUN_overlay_d_11__02173f74
FUN_overlay_d_11__02173f74: ; 0x02173F74
	push {r4, lr}
	add r4, r1, #0
	bl thunk_FUN_overlay_d_11__02175628
	cmp r0, #0
	bne _02173F84
	mov r0, #0
	pop {r4, pc}
	thumb_func_end FUN_overlay_d_11__02173f74
_02173F84:
	blx FUN_020399A8
	add r4, #0x78
	ldr r1, _02173F98 ; =0x00000213
	mov r2, #0x34
	add r3, r4, #0
	blx FUN_0203D3A8
	pop {r4, pc}
	nop
_02173F98: .word 0x00000213
_02173F9C:
	.byte 0x70, 0xB5, 0x6B, 0x26
	.byte 0x1C, 0x1C, 0xB6, 0x00, 0x05, 0x1C, 0xA0, 0x19, 0x01, 0xF0, 0xC4, 0xFD, 0xC9, 0xF6, 0xE4, 0xE9
	.byte 0x00, 0x28, 0x04, 0xD0, 0x29, 0x06, 0xA0, 0x19, 0x09, 0x0E, 0x01, 0xF0, 0x01, 0xFD, 0x70, 0xBD
	.byte 0x10, 0xB5, 0x0C, 0x1C, 0xFF, 0xF7, 0x88, 0xFB, 0x00, 0x28, 0x01, 0xD1, 0x00, 0x20, 0x10, 0xBD
	.byte 0xC5, 0xF6, 0xEA, 0xEC, 0x85, 0x21, 0x78, 0x34, 0x89, 0x00, 0x34, 0x22, 0x23, 0x1C, 0xC9, 0xF6
	.byte 0xE4, 0xE9, 0x10, 0xBD, 0x6B, 0x20, 0x80, 0x00, 0x18, 0x18, 0x11, 0x68, 0x00, 0x4B, 0x18, 0x47
	.byte 0xF9, 0x59, 0x17, 0x02

	thumb_func_start FUN_overlay_d_11__02173ff4
FUN_overlay_d_11__02173ff4: ; 0x02173FF4
	push {r0, r1, r2, r3}
	push {r4, lr}
	sub sp, #0x10
	add r4, r2, #0
	bl thunk_FUN_overlay_d_11__02175628
	cmp r0, #0
	bne _02174010
	add sp, #0x10
	mov r0, #0
	pop {r4}
	pop {r3}
	add sp, #0x10
	bx r3
	thumb_func_end FUN_overlay_d_11__02173ff4
_02174010:
	blx FUN_020399A8
	add r1, sp, #0x1c
	str r1, [sp]
	mov r1, #0
	str r1, [sp, #4]
	str r1, [sp, #8]
	str r1, [sp, #0xc]
	lsl r1, r4, #0x18
	ldr r2, _02174038 ; =0x00000215
	lsr r1, r1, #0x18
	mov r3, #4
	blx FUN_0203D4D0
	add sp, #0x10
	pop {r4}
	pop {r3}
	add sp, #0x10
	bx r3
	nop
_02174038: .word 0x00000215

	thumb_func_start FUN_overlay_d_11__0217403c
FUN_overlay_d_11__0217403c: ; 0x0217403C
	push {r4, r5, r6, lr}
	add r5, r0, #0
	add r6, r2, #0
	add r4, r3, #0
	blx FUN_0203D378
	cmp r0, #0
	beq _0217405A
	mov r0, #0x6b
	lsl r0, r0, #2
	add r0, r4, r0
	add r1, r6, #0
	add r2, r5, #0
	bl FUN_overlay_d_11__02175c88
	thumb_func_end FUN_overlay_d_11__0217403c
_0217405A:
	pop {r4, r5, r6, pc}

	thumb_func_start FUN_overlay_d_11__0217405c
FUN_overlay_d_11__0217405c: ; 0x0217405C
	push {r4, r5, r6, lr}
	add r4, r0, #0
	add r5, r1, #0
	bl thunk_FUN_overlay_d_11__02175628
	cmp r0, #0
	bne _0217406E
	mov r0, #0
	pop {r4, r5, r6, pc}
	thumb_func_end FUN_overlay_d_11__0217405c
_0217406E:
	mov r6, #0x6b
	lsl r6, r6, #2
	add r0, r4, r6
	bl FUN_overlay_d_11__02175d20
	blx FUN_020399A8
	add r1, r6, #0
	add r5, #0x78
	add r1, #0x6a
	mov r2, #0x34
	add r3, r5, #0
	blx FUN_0203D3A8
	add r5, r0, #0
	cmp r5, #1
	bne _02174096
	add r0, r4, r6
	bl FUN_overlay_d_11__02175bac
_02174096:
	add r0, r5, #0
	pop {r4, r5, r6, pc}
	.balign 4, 0
_0217409C:
	.byte 0x6B, 0x20, 0x80, 0x00
	.byte 0x18, 0x18, 0x11, 0x68, 0x00, 0x4B, 0x18, 0x47, 0x2D, 0x5D, 0x17, 0x02

	thumb_func_start FUN_overlay_d_11__021740ac
FUN_overlay_d_11__021740ac: ; 0x021740AC
	push {r0, r1, r2, r3}
	push {r4, lr}
	sub sp, #0x10
	add r4, r2, #0
	bl thunk_FUN_overlay_d_11__02175628
	cmp r0, #0
	bne _021740C8
	add sp, #0x10
	mov r0, #1
	pop {r4}
	pop {r3}
	add sp, #0x10
	bx r3
	thumb_func_end FUN_overlay_d_11__021740ac
_021740C8:
	lsl r0, r4, #0x18
	lsr r0, r0, #0x18
	blx FUN_0203D1C0
	cmp r0, #0
	bne _021740E0
	add sp, #0x10
	mov r0, #1
	pop {r4}
	pop {r3}
	add sp, #0x10
	bx r3
_021740E0:
	blx FUN_020399A8
	add r1, sp, #0x1c
	str r1, [sp]
	mov r1, #0
	str r1, [sp, #4]
	str r1, [sp, #8]
	str r1, [sp, #0xc]
	lsl r1, r4, #0x18
	ldr r2, _02174108 ; =0x00000217
	lsr r1, r1, #0x18
	mov r3, #4
	blx FUN_0203D3F8
	add sp, #0x10
	pop {r4}
	pop {r3}
	add sp, #0x10
	bx r3
	nop
_02174108: .word 0x00000217
_0217410C:
	.byte 0xF8, 0xB5
_0217410E:
	.byte 0x84, 0xB0
	.byte 0x1C, 0x1C, 0x60, 0x68, 0x15, 0x1C, 0xB2, 0xF6, 0xAF, 0xF9, 0x02, 0x90, 0x9E, 0xF6, 0x4C, 0xFB
	.byte 0x01, 0x90, 0x00, 0x20, 0x03, 0xA9, 0x48, 0x70, 0x00, 0x90, 0x08, 0x70, 0x28, 0x1C, 0x2C, 0x30
	.byte 0x00, 0x78, 0x00, 0x27, 0x00, 0x26, 0x04, 0x28, 0x50, 0xD0, 0x6B, 0x20, 0x80, 0x00, 0x20, 0x18
	.byte 0x01, 0xF0, 0x32, 0xFE, 0x01, 0x28, 0x49, 0xD0, 0xC5, 0xF6, 0x2E, 0xEC, 0xC9, 0xF6, 0x2A, 0xE8
	.byte 0x29, 0x1C, 0x28, 0x31, 0x09, 0x78, 0x81, 0x42, 0x39, 0xD1, 0x28, 0x1C, 0x37, 0x30, 0x00, 0x78
	.byte 0x01, 0x28, 0x06, 0xD1, 0x69, 0x68, 0x01, 0x98, 0x09, 0x07, 0x09, 0x0F, 0x02, 0xF0, 0x34, 0xF9
	.byte 0x04, 0xE0

	non_word_aligned_thumb_func_start LAB_overlay_d_11__02174172
LAB_overlay_d_11__02174172: ; 0x02174172
	ldr r0, [sp, #8]
	add r1, r4, #0
	add r2, r5, #0
	bl FUN_overlay_d_11__02175e30
	thumb_func_end LAB_overlay_d_11__02174172

	thumb_func_start LAB_overlay_d_11__0217417c
LAB_overlay_d_11__0217417c: ; 0x0217417C
	ldr r0, _021741E0 ; =0x00000907
	mov r1, #1
	strb r1, [r4, r0]
	add r1, sp, #0xc
	ldr r0, [sp, #4]
	add r1, #1
	add r2, sp, #0xc
	bl FUN_overlay_d_11__02176424
	cmp r0, #1
	bne _0217419A
	ldr r1, _021741E0 ; =0x00000907
	mov r0, #1
	str r0, [sp]
	strb r0, [r4, r1]
	thumb_func_end LAB_overlay_d_11__0217417c
_0217419A:
	add r0, r5, #0
	add r0, #0x2e
	ldrb r0, [r0]
	cmp r0, #1
	bne _021741A8
	mov r6, #1
	b _021741AA
_021741A8:
	mov r7, #1
_021741AA:
	ldr r0, [sp]
	cmp r0, #1
	bne _021741BA
	add r0, sp, #0xc
	ldrb r1, [r0]
	ldrb r0, [r0, #1]
	add r6, r6, r1
	add r7, r7, r0
_021741BA:
	mov r0, #0xd5
	lsl r0, r0, #2
	strb r7, [r4, r0]
	add r1, r0, #1
	strb r6, [r4, r1]
	mov r1, #1
	add r0, r0, #2
	strb r1, [r4, r0]
	ldr r0, _021741E4 ; =0x0000093E
	strb r1, [r4, r0]

	non_word_aligned_thumb_func_start LAB_overlay_d_11__021741ce
LAB_overlay_d_11__021741ce: ; 0x021741CE
	mov r1, #0x6b
	lsl r1, r1, #2
	add r0, r4, #0
	add r1, r4, r1
	add r2, r5, #0
	bl FUN_overlay_d_11__02175d7c
	thumb_func_end LAB_overlay_d_11__021741ce

	thumb_func_start LAB_overlay_d_11__021741dc
LAB_overlay_d_11__021741dc: ; 0x021741DC
	add sp, #0x10
	pop {r3, r4, r5, r6, r7, pc}
	.balign 4, 0
	thumb_func_end LAB_overlay_d_11__021741dc
_021741E0: .word 0x00000907
_021741E4: .word 0x0000093E

	thumb_func_start FUN_overlay_d_11__021741e8
FUN_overlay_d_11__021741e8: ; 0x021741E8
	push {r4, r5, r6, lr}
	sub sp, #0x10
	add r4, r0, #0
	add r5, r1, #0
	bl thunk_FUN_overlay_d_11__02175628
	cmp r0, #0
	bne _021741FE
	add sp, #0x10
	mov r0, #0
	pop {r4, r5, r6, pc}
	thumb_func_end FUN_overlay_d_11__021741e8
_021741FE:
	blx FUN_020399A8
	mov r6, #0x86
	lsl r6, r6, #2
	add r1, r6, #0
	blx FUN_0203D578
	cmp r0, #1
	bne _02174216
	add sp, #0x10
	mov r0, #0
	pop {r4, r5, r6, pc}
_02174216:
	add r5, #0xac
	add r0, r5, #0
	ldr r5, _02174244 ; =0x00000424
	mov r2, #0x3c
	add r1, r4, r5
	blx MI_CpuCopy8
	blx FUN_020399A8
	add r1, r4, r5
	str r1, [sp]
	mov r1, #0
	str r1, [sp, #4]
	str r1, [sp, #8]
	mov r1, #1
	str r1, [sp, #0xc]
	mov r1, #0xff
	add r2, r6, #0
	mov r3, #0x3c
	blx FUN_0203D3F8
	add sp, #0x10
	pop {r4, r5, r6, pc}
	.balign 4, 0
_02174244: .word 0x00000424
_02174248:
	.byte 0x01, 0x1C
_0217424A:
	.byte 0x6B, 0x20, 0x80, 0x00, 0x18, 0x18
	.byte 0x00, 0x4B, 0x18, 0x47
_02174254:
	.byte 0x05, 0x5C, 0x17, 0x02, 0x38, 0xB5, 0x84, 0xB0, 0x05, 0x1C, 0xFF, 0xF7
	.byte 0x3B, 0xFA, 0x00, 0x28, 0x02, 0xD1, 0x04, 0xB0, 0x01, 0x20, 0x38, 0xBD, 0x6B, 0x24, 0xA4, 0x00
	.byte 0x28, 0x19, 0x00, 0x25, 0x00, 0x21, 0x01, 0xF0, 0xEF, 0xFC, 0xC5, 0xF6, 0x96, 0xEB, 0x00, 0x95
	.byte 0x01, 0x95, 0x6D, 0x34, 0x02, 0x95, 0x00, 0x21, 0x22, 0x1C, 0x00, 0x23, 0x03, 0x95, 0xC9, 0xF6
	.byte 0xB4, 0xE8, 0x04, 0xB0, 0x38, 0xBD, 0x00, 0x00, 0x6B, 0x20, 0x80, 0x00, 0x18, 0x18, 0x01, 0x4B
	.byte 0x01, 0x21, 0x18, 0x47, 0x59, 0x5C, 0x17, 0x02

	thumb_func_start FUN_overlay_d_11__021742a8
FUN_overlay_d_11__021742a8: ; 0x021742A8
	push {r4, lr}
	sub sp, #0x10
	add r4, r0, #0
	bl thunk_FUN_overlay_d_11__02175628
	cmp r0, #0
	bne _021742BC
	add sp, #0x10
	mov r0, #1
	pop {r4, pc}
	thumb_func_end FUN_overlay_d_11__021742a8
_021742BC:
	blx FUN_020399A8
	mov r3, #0
	str r3, [sp]
	str r3, [sp, #4]
	str r3, [sp, #8]
	ldr r2, _021742D8 ; =0x0000021A
	add r1, r4, #0
	str r3, [sp, #0xc]
	blx FUN_0203D4D0
	add sp, #0x10
	pop {r4, pc}
	nop
_021742D8: .word 0x0000021A
_021742DC:
	.byte 0x6B, 0x20, 0x80, 0x00
	.byte 0x18, 0x18, 0x01, 0x4B, 0x02, 0x21, 0x18, 0x47, 0x59, 0x5C, 0x17, 0x02

	thumb_func_start FUN_overlay_d_11__021742ec
FUN_overlay_d_11__021742ec: ; 0x021742EC
	push {r4, lr}
	sub sp, #0x10
	add r4, r0, #0
	bl thunk_FUN_overlay_d_11__02175628
	cmp r0, #0
	bne _02174300
	add sp, #0x10
	mov r0, #1
	pop {r4, pc}
	thumb_func_end FUN_overlay_d_11__021742ec
_02174300:
	blx FUN_020399A8
	mov r3, #0
	str r3, [sp]
	str r3, [sp, #4]
	str r3, [sp, #8]
	ldr r2, _0217431C ; =0x0000021B
	add r1, r4, #0
	str r3, [sp, #0xc]
	blx FUN_0203D4D0
	add sp, #0x10
	pop {r4, pc}
	nop
_0217431C: .word 0x0000021B
_02174320:
	.byte 0xF8, 0xB5, 0x1C, 0x1C, 0x05, 0x1C, 0x60, 0x68, 0x17, 0x1C, 0xB2, 0xF6, 0xA5, 0xF8, 0x00, 0x90
	.byte 0xC5, 0xF6, 0x3A, 0xEB, 0xC8, 0xF6, 0x36, 0xEF, 0x85, 0x42, 0x18, 0xD0, 0x0C, 0x4E, 0x01, 0x20
	.byte 0xA1, 0x5D, 0xA8, 0x40, 0x08, 0x42, 0x12, 0xD0, 0x00, 0x98, 0x29, 0x1C, 0x9E, 0xF6, 0x2E, 0xFA
	.byte 0x01, 0x1C, 0x38, 0x1C, 0x10, 0x22, 0x0E, 0xF7, 0xF6, 0xEC, 0x20, 0x1C, 0x86, 0x30, 0x00, 0x88
	.byte 0x40, 0x07, 0x40, 0x0F, 0x85, 0x42, 0x02, 0xD1, 0x0B, 0x36, 0x01, 0x20, 0xA0, 0x55, 0xF8, 0xBD
	.byte 0xFB, 0x08, 0x00, 0x00, 0x10, 0xB5, 0x40, 0x68, 0xB2, 0xF6, 0x7E, 0xF8, 0x9E, 0xF6, 0x1C, 0xFA
	.byte 0x04, 0x1C, 0xFF, 0xF7, 0xA9, 0xF9, 0x00, 0x28, 0x01, 0xD1, 0x00, 0x20, 0x10, 0xBD, 0xC5, 0xF6
	.byte 0x0C, 0xEB, 0x87, 0x21, 0x89, 0x00, 0x10, 0x22, 0x23, 0x1C, 0xC9, 0xF6, 0x06, 0xE8, 0x10, 0xBD
	.byte 0xD6, 0x21, 0x89, 0x00, 0x59, 0x18, 0x10, 0x1C, 0x01, 0x4B, 0x04, 0x22, 0x18, 0x47, 0xC0, 0x46
	.byte 0x44, 0x2D, 0x08, 0x02, 0x10, 0xB5, 0x04, 0x1C, 0x60, 0x68, 0xB2, 0xF6, 0x5D, 0xF8, 0xFF, 0xF7
	.byte 0x8B, 0xF9, 0x00, 0x28, 0x01, 0xD1, 0x01, 0x20, 0x10, 0xBD, 0xC5, 0xF6, 0xEE, 0xEA, 0xD5, 0x23
	.byte 0x9B, 0x00, 0x03, 0x49, 0x04, 0x22, 0xE3, 0x18, 0xC8, 0xF6, 0xE6, 0xEF, 0x10, 0xBD, 0xC0, 0x46
	.byte 0x1D, 0x02, 0x00, 0x00, 0x08, 0xB5, 0x08, 0x48, 0x19, 0x56, 0x49, 0x1C, 0x19, 0x54, 0x40, 0x1E
	.byte 0x18, 0x56, 0x00, 0x28, 0x07, 0xD1, 0xC5, 0xF6, 0xD8, 0xEA, 0x00, 0x21, 0xC8, 0xF6, 0xF4, 0xEE
	.byte 0x01, 0x20, 0x03, 0xF0, 0x7B, 0xFE, 0x08, 0xBD, 0x3D, 0x09, 0x00, 0x00, 0x08, 0xB5, 0x84, 0xB0
	.byte 0xFF, 0xF7, 0x62, 0xF9, 0x00, 0x28, 0x02, 0xD1, 0x04, 0xB0, 0x01, 0x20, 0x08, 0xBD, 0xC5, 0xF6
	.byte 0xC4, 0xEA, 0x00, 0x21, 0x00, 0x91, 0x01, 0x91, 0x02, 0x91, 0x03, 0x4A, 0x00, 0x23, 0x03, 0x91
	.byte 0xC8, 0xF6, 0xE2, 0xEF, 0x04, 0xB0, 0x08, 0xBD, 0x1E, 0x02, 0x00, 0x00, 0x08, 0xB5, 0x0A, 0x48
	.byte 0x19, 0x56, 0x49, 0x1E, 0x19, 0x54, 0x19, 0x56, 0x00, 0x29, 0x0B, 0xD1, 0x40, 0x1E, 0x18, 0x56
	.byte 0x00, 0x28, 0x07, 0xD1, 0xC5, 0xF6, 0xA8, 0xEA, 0x01, 0x21, 0xC8, 0xF6, 0xC6, 0xEE, 0x00, 0x20
	.byte 0x03, 0xF0, 0x4C, 0xFE, 0x08, 0xBD, 0xC0, 0x46, 0x3D, 0x09, 0x00, 0x00, 0x08, 0xB5, 0x84, 0xB0
	.byte 0xFF, 0xF7, 0x32, 0xF9, 0x00, 0x28, 0x02, 0xD1, 0x04, 0xB0, 0x01, 0x20, 0x08, 0xBD, 0xC5, 0xF6
	.byte 0x94, 0xEA, 0x00, 0x21, 0x00, 0x91, 0x01, 0x91, 0x02, 0x91, 0x03, 0x4A, 0x00, 0x23, 0x03, 0x91
	.byte 0xC8, 0xF6, 0xB2, 0xEF, 0x04, 0xB0, 0x08, 0xBD, 0x1F, 0x02, 0x00, 0x00, 0x70, 0xB5, 0x05, 0x1C
	.byte 0x16, 0x1C, 0x1C, 0x1C, 0xC5, 0xF6, 0x80, 0xEA, 0xC8, 0xF6, 0x7C, 0xEE, 0x85, 0x42, 0x0C, 0xD0
	.byte 0x06, 0x4A, 0x30, 0x21, 0xA3, 0x5C, 0x18, 0x1C, 0x88, 0x43, 0x99, 0x06, 0x8B, 0x0F, 0x31, 0x78
	.byte 0x19, 0x43, 0x89, 0x07, 0x89, 0x0E, 0x08, 0x43, 0xA0, 0x54, 0x70, 0xBD, 0x3F, 0x09, 0x00, 0x00
	.byte 0x0F, 0xB4, 0x10, 0xB5, 0x84, 0xB0, 0x0C, 0x1C, 0xFF, 0xF7, 0xFE, 0xF8, 0x00, 0x28, 0x05, 0xD1
	.byte 0x04, 0xB0, 0x00, 0x20, 0x10, 0xBC, 0x08, 0xBC, 0x04, 0xB0, 0x18, 0x47, 0xC5, 0xF6, 0x5C, 0xEA
	.byte 0x08, 0xA9, 0x00, 0x91, 0x00, 0x21, 0x01, 0x91, 0x02, 0x91, 0x22, 0x22, 0x03, 0x91, 0x21, 0x1C
	.byte 0x12, 0x01, 0x01, 0x23, 0xC8, 0xF6, 0x78, 0xEF, 0x04, 0xB0, 0x10, 0xBC, 0x08, 0xBC, 0x04, 0xB0
	.byte 0x18, 0x47, 0x00, 0x00, 0xF8, 0xB5, 0x1E, 0x1C, 0x05, 0x1C, 0x70, 0x68, 0x14, 0x1C, 0xB1, 0xF6
	.byte 0xAB, 0xFF, 0x00, 0x90, 0x9E, 0xF6, 0xFC, 0xFC, 0x07, 0x1C, 0x0F, 0x48, 0x31, 0x5C, 0x01, 0x20
	.byte 0xA8, 0x40, 0x08, 0x42, 0x16, 0xD0, 0x00, 0x98, 0x9E, 0xF6, 0xFE, 0xFA, 0x9F, 0xF6, 0xA2, 0xFF
	.byte 0x01, 0x28, 0x0F, 0xD1, 0x38, 0x1C, 0xBA, 0xF6, 0x4B, 0xF9, 0x00, 0x28, 0x01, 0xD0, 0x03, 0x28
	.byte 0x08, 0xD1, 0x00, 0x98, 0x29, 0x1C, 0x9E, 0xF6, 0xFB, 0xF9, 0x02, 0x1C, 0x21, 0x68, 0x38, 0x1C
	.byte 0xBA, 0xF6, 0x30, 0xF9, 0xF8, 0xBD, 0xC0, 0x46, 0xFB, 0x08, 0x00, 0x00, 0x0F, 0xB4, 0x10, 0xB5
	.byte 0x84, 0xB0, 0x0C, 0x1C, 0xFF, 0xF7, 0xB0, 0xF8, 0x00, 0x28, 0x05, 0xD1, 0x04, 0xB0, 0x00, 0x20
	.byte 0x10, 0xBC, 0x08, 0xBC, 0x04, 0xB0, 0x18, 0x47, 0xC5, 0xF6, 0x0E, 0xEA, 0x08, 0xA9, 0x00, 0x91
	.byte 0x00, 0x21, 0x01, 0x91, 0x02, 0x91, 0x03, 0x91, 0x04, 0x4A, 0x21, 0x1C, 0x04, 0x23, 0xC8, 0xF6
	.byte 0x2C, 0xEF, 0x04, 0xB0, 0x10, 0xBC, 0x08, 0xBC, 0x04, 0xB0, 0x18, 0x47, 0x21, 0x02, 0x00, 0x00
	.byte 0xF8, 0xB5, 0x1C, 0x1C, 0x05, 0x1C, 0x60, 0x68, 0x17, 0x1C, 0xB1, 0xF6, 0x5D, 0xFF, 0x0D, 0x4E
	.byte 0x01, 0x20, 0xA1, 0x5D, 0xA8, 0x40, 0x08, 0x42, 0x13, 0xD0, 0xF0, 0x1E, 0x20, 0x5C, 0xC0, 0x07
	.byte 0xC0, 0x0F, 0x0E, 0xD1, 0x31, 0x1C, 0x17, 0x39, 0x38, 0x1C, 0x61, 0x18, 0x14, 0x22, 0x0E, 0xF7
	.byte 0xB2, 0xEB, 0xF0, 0x1E, 0x21, 0x5C, 0x01, 0x20, 0x81, 0x43, 0x01, 0x20, 0x01, 0x43, 0xF0, 0x1E
	.byte 0x21, 0x54, 0xF8, 0xBD, 0xFB, 0x08, 0x00, 0x00, 0x38, 0xB5, 0x84, 0xB0, 0x04, 0x1C, 0x0D, 0x1C
	.byte 0xFF, 0xF7, 0x6A, 0xF8, 0x00, 0x28, 0x02, 0xD1, 0x04, 0xB0, 0x01, 0x20, 0x38, 0xBD, 0xC5, 0xF6
	.byte 0xCC, 0xE9, 0x00, 0x95, 0x00, 0x21, 0x01, 0x91, 0x02, 0x91, 0x03, 0x91, 0x03, 0x4A, 0x21, 0x1C
	.byte 0x14, 0x23, 0xC8, 0xF6, 0xEA, 0xEE, 0x04, 0xB0, 0x38, 0xBD, 0xC0, 0x46, 0x22, 0x02, 0x00, 0x00
	.byte 0x70, 0xB5, 0x05, 0x1C, 0x16, 0x1C, 0x1C, 0x1C, 0xC5, 0xF6, 0xB6, 0xE9, 0xC8, 0xF6, 0xB2, 0xED
	.byte 0x85, 0x42, 0x0A, 0xD0, 0x05, 0x48, 0x21, 0x5C, 0x01, 0x20, 0xA8, 0x40, 0x08, 0x42, 0x04, 0xD0
	.byte 0x32, 0x78, 0x60, 0x68, 0x29, 0x1C, 0xB2, 0xF6, 0x29, 0xF8, 0x70, 0xBD, 0xFB, 0x08, 0x00, 0x00
	.byte 0x0F, 0xB4, 0x08, 0xB5, 0xFF, 0xF7, 0x38, 0xF8, 0x00, 0x28, 0x04, 0xD1, 0x01, 0x20, 0x08, 0xBC
	.byte 0x08, 0xBC, 0x04, 0xB0, 0x18, 0x47, 0xC5, 0xF6, 0x98, 0xE9, 0x04, 0x49, 0x01, 0x22, 0x02, 0xAB
	.byte 0xC8, 0xF6, 0x92, 0xEE, 0x08, 0xBC, 0x08, 0xBC, 0x04, 0xB0, 0x18, 0x47, 0x23, 0x02, 0x00, 0x00
	.byte 0x18, 0xB4, 0x05, 0x49, 0x01, 0x22, 0x82, 0x40, 0x10, 0x06, 0x5C, 0x5C, 0x00, 0x0E, 0x20, 0x43
	.byte 0x58, 0x54, 0x18, 0xBC, 0x70, 0x47, 0xC0, 0x46, 0x08, 0x09, 0x00, 0x00, 0x70, 0xB5, 0x84, 0xB0
	.byte 0x05, 0x1C, 0x0C, 0x1C, 0xFF, 0xF7, 0x10, 0xF8, 0x00, 0x28, 0x02, 0xD1, 0x04, 0xB0, 0x00, 0x20
	.byte 0x70, 0xBD, 0xC5, 0xF6, 0x72, 0xE9, 0x00, 0x26, 0x00, 0x96, 0x01, 0x96, 0x89, 0x22, 0x02, 0x96
	.byte 0x21, 0x1C, 0x92, 0x00, 0x00, 0x23, 0x03, 0x96, 0xC8, 0xF6, 0x8E, 0xEE, 0x01, 0x28, 0x01, 0xD1
	.byte 0x01, 0x49, 0x6E, 0x54, 0x04, 0xB0, 0x70, 0xBD, 0x0C, 0x09, 0x00, 0x00, 0xF8, 0xB5, 0x1C, 0x1C
	.byte 0x07, 0x1C, 0x60, 0x68, 0x15, 0x1C, 0xB1, 0xF6, 0xBF, 0xFE, 0x06, 0x1C, 0x00, 0x21, 0x9E, 0xF6
	.byte 0x67, 0xF8, 0x00, 0x90, 0x30, 0x1C, 0x39, 0x1C, 0xE3, 0xF7, 0x70, 0xFE, 0x01, 0x1C, 0x28, 0x1C
	.byte 0x11, 0xF0, 0x70, 0xFD, 0x7A, 0x22, 0x00, 0x99, 0x28, 0x1C, 0x92, 0x00, 0x0E, 0xF7, 0x12, 0xEB
	.byte 0x30, 0x1C, 0x29, 0x1C, 0x9E, 0xF6, 0x6C, 0xF8, 0x01, 0x48, 0x01, 0x21, 0x21, 0x54, 0xF8, 0xBD
	.byte 0x0C, 0x09, 0x00, 0x00, 0xF8, 0xB5, 0x84, 0xB0, 0x05, 0x1C, 0x0E, 0x1C, 0x14, 0x1C, 0xFE, 0xF7
	.byte 0xCB, 0xFF, 0x00, 0x28, 0x02, 0xD1, 0x04, 0xB0, 0x00, 0x20, 0xF8, 0xBD, 0xC5, 0xF6, 0x2C, 0xE9
	.byte 0x10, 0x4F, 0x39, 0x1C, 0xC8, 0xF6, 0x10, 0xEF, 0x01, 0x28, 0x02, 0xD1, 0x04, 0xB0, 0x00, 0x20
	.byte 0xF8, 0xBD, 0x46, 0x21, 0x09, 0x01, 0x69, 0x18, 0x3D, 0x1C, 0x3D, 0x3D, 0x20, 0x1C, 0x2A, 0x1C
	.byte 0x0E, 0xF7, 0xE8, 0xEA, 0xC5, 0xF6, 0x18, 0xE9, 0x00, 0x94, 0x00, 0x21, 0x01, 0x91, 0x02, 0x91
	.byte 0x01, 0x21, 0x03, 0x91, 0x31, 0x06, 0x09, 0x0E, 0x3A, 0x1C, 0x2B, 0x1C, 0xC8, 0xF6, 0xA0, 0xEE
	.byte 0x04, 0xB0, 0xF8, 0xBD, 0x25, 0x02, 0x00, 0x00, 0xD7, 0x20, 0x80, 0x00, 0x18, 0x18, 0x01, 0x4B
	.byte 0x11, 0x1C, 0x18, 0x47, 0xF1, 0x1F, 0x16, 0x02, 0x38, 0xB5, 0x84, 0xB0, 0x05, 0x1C, 0x0C, 0x1C
	.byte 0xFE, 0xF7, 0x92, 0xFF, 0x00, 0x28, 0x02, 0xD1, 0x04, 0xB0, 0x01, 0x20, 0x38, 0xBD, 0xC5, 0xF6
	.byte 0xF4, 0xE8, 0x00, 0x95, 0x00, 0x21, 0x01, 0x91, 0x02, 0x91, 0x03, 0x91, 0x03, 0x4A, 0x21, 0x1C
	.byte 0x08, 0x23, 0xC8, 0xF6, 0x12, 0xEE, 0x04, 0xB0, 0x38, 0xBD, 0xC0, 0x46, 0x26, 0x02, 0x00, 0x00
	.byte 0x01, 0x1C, 0xD7, 0x20, 0x80, 0x00, 0x18, 0x18, 0x09, 0x04, 0x01, 0x4B, 0x09, 0x0C, 0x18, 0x47
	.byte 0x09, 0x20, 0x16, 0x02, 0x38, 0xB5, 0x84, 0xB0, 0x05, 0x1C, 0x0C, 0x1C, 0xFE, 0xF7, 0x6C, 0xFF
	.byte 0x00, 0x28, 0x02, 0xD1, 0x04, 0xB0, 0x01, 0x20, 0x38, 0xBD, 0xC5, 0xF6, 0xCE, 0xE8, 0x00, 0x95
	.byte 0x00, 0x21, 0x01, 0x91, 0x02, 0x91, 0x03, 0x91, 0x03, 0x4A, 0x21, 0x1C, 0x08, 0x23, 0xC8, 0xF6
	.byte 0xEC, 0xED, 0x04, 0xB0, 0x38, 0xBD, 0xC0, 0x46, 0x27, 0x02, 0x00, 0x00, 0x18, 0xB4, 0x80, 0x00
	.byte 0x18, 0x18, 0x13, 0x78, 0x06, 0x49, 0x54, 0x78, 0x43, 0x54, 0x4B, 0x1C, 0xC4, 0x54, 0x94, 0x78
	.byte 0x8B, 0x1C, 0xD2, 0x78, 0xC4, 0x54, 0xC9, 0x1C, 0x42, 0x54, 0x18, 0xBC, 0x70, 0x47, 0xC0, 0x46
	.byte 0xD4, 0x08, 0x00, 0x00, 0x70, 0xB5, 0x84, 0xB0, 0x05, 0x1C, 0x0E, 0x1C, 0x14, 0x1C, 0xFE, 0xF7
	.byte 0x3B, 0xFF, 0x00, 0x28, 0x02, 0xD1, 0x04, 0xB0, 0x00, 0x20, 0x70, 0xBD, 0x09, 0x49, 0x02, 0x20
	.byte 0x6A, 0x5C, 0x82, 0x43, 0x6A, 0x54, 0xC5, 0xF6, 0x98, 0xE8, 0x8A, 0x22, 0x00, 0x94, 0x00, 0x21
	.byte 0x01, 0x91, 0x02, 0x91, 0x03, 0x91, 0x31, 0x1C, 0x92, 0x00, 0x04, 0x23, 0xC8, 0xF6, 0xB4, 0xED
	.byte 0x04, 0xB0, 0x70, 0xBD, 0xF8, 0x08, 0x00, 0x00, 0x30, 0xB4, 0x0A, 0x48, 0x0A, 0x24, 0x1D, 0x18
	.byte 0x03, 0xCA, 0x03, 0xC5, 0x64, 0x1E, 0xFB, 0xD1, 0x10, 0x68, 0x07, 0x49, 0x28, 0x60, 0x5A, 0x5C
	.byte 0x02, 0x20, 0x10, 0x43, 0x58, 0x54, 0x5A, 0x5C, 0x04, 0x20, 0x82, 0x43, 0x5A, 0x54, 0x30, 0xBC
	.byte 0x70, 0x47, 0xC0, 0x46, 0x2C, 0x08, 0x00, 0x00, 0xF8, 0x08, 0x00, 0x00, 0x38, 0xB5, 0x84, 0xB0
	.byte 0x05, 0x1C, 0x0C, 0x1C, 0xFE, 0xF7, 0x00, 0xFF, 0x00, 0x28, 0x02, 0xD1, 0x04, 0xB0, 0x01, 0x20
	.byte 0x38, 0xBD, 0xC5, 0xF6, 0x62, 0xE8, 0x22, 0x21, 0x89, 0x01, 0x69, 0x18, 0x00, 0x91, 0x00, 0x21
	.byte 0x01, 0x91, 0x02, 0x91, 0x03, 0x91, 0x03, 0x4A, 0x21, 0x1C, 0x54, 0x23, 0xC8, 0xF6, 0x7C, 0xED
	.byte 0x04, 0xB0, 0x38, 0xBD, 0x29, 0x02, 0x00, 0x00, 0x70, 0xB5, 0x1C, 0x1C, 0x05, 0x1C, 0x60, 0x68
	.byte 0xB1, 0xF6, 0xB2, 0xFD, 0x06, 0x1C, 0xC5, 0xF6, 0x48, 0xE8, 0xC8, 0xF6, 0x44, 0xEC, 0x85, 0x42
	.byte 0x14, 0xD0, 0x20, 0x1C, 0x86, 0x30, 0x00, 0x88, 0x40, 0x07, 0x40, 0x0F, 0xA8, 0x42, 0x0D, 0xD1
	.byte 0x30, 0x1C, 0x9D, 0xF6, 0x37, 0xFF, 0x9E, 0xF6, 0xC7, 0xF8, 0x9F, 0xF6, 0x2F, 0xFA, 0x00, 0x28
	.byte 0x04, 0xD0, 0x03, 0x49, 0x04, 0x20, 0x62, 0x5C, 0x10, 0x43, 0x60, 0x54, 0x70, 0xBD, 0xC0, 0x46
	.byte 0xF8, 0x08, 0x00, 0x00, 0x10, 0xB5, 0x04, 0x1C, 0xFE, 0xF7, 0xBE, 0xFE, 0x00, 0x28, 0x01, 0xD1
	.byte 0x01, 0x20, 0x10, 0xBD, 0xC5, 0xF6, 0x20, 0xE8, 0x02, 0x49, 0x04, 0x22, 0x23, 0x1C, 0xC8, 0xF6
	.byte 0x1C, 0xED, 0x10, 0xBD, 0x2A, 0x02, 0x00, 0x00, 0x70, 0xB5, 0x05, 0x1C, 0x68, 0x68, 0xB1, 0xF6
	.byte 0x7B, 0xFD, 0x04, 0x1C, 0xC8, 0xF6, 0xF8, 0xEC, 0x01, 0x28, 0x0D, 0xD1, 0xC8, 0xF6, 0x12, 0xEC
	.byte 0x4C, 0x49, 0x6A, 0x5C, 0x90, 0x42, 0x07, 0xDD, 0x68, 0x54, 0x01, 0x22, 0x48, 0x1C, 0x2A, 0x54
	.byte 0x69, 0x5C, 0x20, 0x1C, 0x9E, 0xF6, 0xD2, 0xF8, 0x47, 0x4E, 0xA8, 0x5D, 0x01, 0x28, 0x08, 0xD1
	.byte 0x71, 0x1E, 0x69, 0x5C, 0x28, 0x1C, 0xFE, 0xF7, 0xCF, 0xFE, 0x01, 0x28, 0x01, 0xD1, 0x00, 0x20
	.byte 0xA8, 0x55, 0x28, 0x1C, 0x00, 0xF0, 0x8C, 0xF8, 0x28, 0x1C, 0x00, 0xF0, 0x4F, 0xFD, 0x3F, 0x48
	.byte 0x28, 0x5C, 0x01, 0x28, 0x05, 0xD1, 0x28, 0x1C, 0x00, 0xF0, 0x30, 0xFA, 0x28, 0x1C, 0xFE, 0xF7
	.byte 0x23, 0xFF, 0x28, 0x1C, 0x00, 0xF0, 0xA2, 0xF8, 0x28, 0x1C, 0x00, 0xF0, 0xC7, 0xF8, 0x28, 0x1C
	.byte 0x00, 0xF0, 0xE8, 0xF8, 0x36, 0x4E, 0xA8, 0x5D, 0x01, 0x28, 0x06, 0xD1, 0x28, 0x1C, 0xFF, 0xF7
	.byte 0xD9, 0xFC, 0x01, 0x28, 0x01, 0xD1, 0x00, 0x20, 0xA8, 0x55, 0x6B, 0x21, 0x89, 0x00, 0x28, 0x1C
	.byte 0x69, 0x18, 0x00, 0xF0, 0xD7, 0xFE, 0x2F, 0x4E, 0xA8, 0x5D, 0x01, 0x28, 0x06, 0xD1, 0x28, 0x1C
	.byte 0xFF, 0xF7, 0xA8, 0xFC, 0x01, 0x28, 0x01, 0xD1, 0x00, 0x20, 0xA8, 0x55, 0x28, 0x1C, 0x00, 0xF0
	.byte 0x03, 0xF9, 0x28, 0x1C, 0x00, 0xF0, 0x4A, 0xF9, 0x28, 0x1C, 0x00, 0xF0, 0xDB, 0xF9, 0x28, 0x1C
	.byte 0x00, 0xF0, 0x4C, 0xFC, 0x01, 0x28, 0x03, 0xD1, 0x09, 0x20, 0x01, 0x21, 0x00, 0x02, 0x29, 0x54
	.byte 0x09, 0x26, 0x36, 0x02, 0xA8, 0x5D, 0x01, 0x28, 0x0D, 0xD1, 0x30, 0x1D, 0x28, 0x5C, 0x80, 0x07
	.byte 0xC0, 0x0F, 0x08, 0xD1, 0x29, 0x1C, 0x28, 0x1C, 0x70, 0x31, 0xFE, 0xF7, 0x8B, 0xFF, 0x01, 0x28
	.byte 0x01, 0xD1, 0x00, 0x20, 0xA8, 0x55, 0x20, 0x1C, 0x9E, 0xF6, 0xE2, 0xF9, 0x00, 0x28, 0x20, 0xD1
	.byte 0x15, 0x4E, 0xA8, 0x5D, 0xC0, 0x07, 0xC0, 0x0F, 0x01, 0x28, 0x1A, 0xD1, 0x20, 0x1C, 0x9E, 0xF6
	.byte 0x15, 0xFA, 0x97, 0xF6, 0xD9, 0xF9, 0x04, 0x1C, 0x30, 0x1F, 0x28, 0x5A, 0x00, 0xF0, 0x18, 0xFE
	.byte 0x00, 0x28, 0x02, 0xD1, 0x11, 0x21, 0x30, 0x1F, 0x29, 0x52, 0x20, 0x1C, 0x0B, 0x4C, 0x29, 0x19
	.byte 0x97, 0xF6, 0xE8, 0xF9, 0x20, 0x1C, 0x14, 0x30, 0x29, 0x5C, 0x01, 0x20, 0x14, 0x34, 0x81, 0x43
	.byte 0x29, 0x55, 0x70, 0xBD, 0x02, 0x09, 0x00, 0x00, 0x03, 0x09, 0x00, 0x00, 0xFE, 0x08, 0x00, 0x00
	.byte 0x3E, 0x09, 0x00, 0x00, 0x07, 0x09, 0x00, 0x00, 0xF8, 0x08, 0x00, 0x00, 0xE4, 0x08, 0x00, 0x00
	.byte 0x10, 0xB5, 0x04, 0x1C, 0x60, 0x68, 0xB1, 0xF6, 0xC7, 0xFC, 0x9E, 0xF6, 0x25, 0xF8, 0x9F, 0xF6
	.byte 0xC9, 0xFC, 0x00, 0x28, 0x02, 0xD0, 0x01, 0x28, 0x0C, 0xD0, 0x10, 0xBD, 0x20, 0x1C, 0x86, 0x30
	.byte 0x00, 0x88, 0x40, 0x04, 0x80, 0x0E, 0x02, 0x28, 0x0E, 0xD1, 0x20, 0x1C, 0x00, 0x21, 0x00, 0xF0
	.byte 0x81, 0xF9, 0x10, 0xBD, 0x20, 0x1C, 0x86, 0x30, 0x00, 0x88, 0x40, 0x04, 0x80, 0x0E, 0x03, 0xD1
	.byte 0x20, 0x1C, 0x02, 0x21, 0x00, 0xF0, 0x76, 0xF9, 0x10, 0xBD, 0x00, 0x00, 0xF8, 0xB5, 0x12, 0x49
	.byte 0x05, 0x1C, 0x68, 0x5C, 0x00, 0x28, 0x02, 0xD0, 0x40, 0x1E, 0x68, 0x54, 0xF8, 0xBD, 0xC8, 0x1C
	.byte 0x28, 0x5C, 0x00, 0x24, 0x00, 0x28, 0x16, 0xDD, 0x0E, 0x1F, 0xCF, 0x1C, 0x20, 0x06, 0x00, 0x0E
	.byte 0xC8, 0xF6, 0x36, 0xEB, 0x01, 0x28, 0x0A, 0xD1, 0x01, 0x20, 0xA9, 0x5D, 0xA0, 0x40, 0x08, 0x42
	.byte 0x05, 0xD1, 0xFE, 0xF7, 0x21, 0xFE, 0x04, 0x48, 0x1E, 0x21, 0x29, 0x54, 0xF8, 0xBD, 0xE8, 0x5D
	.byte 0x64, 0x1C, 0x84, 0x42, 0xEA, 0xDB, 0xF8, 0xBD, 0xFF, 0x08, 0x00, 0x00, 0xF8, 0xB5, 0x05, 0x1C
	.byte 0xC8, 0xF6, 0xFA, 0xEB, 0x00, 0x28, 0x19, 0xD0, 0x0D, 0x48, 0x00, 0x24, 0x29, 0x5C, 0x00, 0x29
	.byte 0x14, 0xDD, 0xC6, 0x1F, 0x2F, 0x18, 0x20, 0x06, 0x00, 0x0E, 0xC8, 0xF6, 0x12, 0xEB, 0x00, 0x28
	.byte 0x08, 0xD1, 0x01, 0x20, 0xA9, 0x5D, 0xA0, 0x40, 0x08, 0x42, 0x03, 0xD0, 0x28, 0x1C, 0x21, 0x1C
	.byte 0xFE, 0xF7, 0x98, 0xFE, 0x38, 0x78, 0x64, 0x1C, 0x84, 0x42, 0xEC, 0xDB, 0xF8, 0xBD, 0xC0, 0x46
	.byte 0x02, 0x09, 0x00, 0x00, 0xF8, 0xB5, 0x1A, 0x4F, 0x06, 0x1C, 0x00, 0x24, 0x35, 0x19, 0xE8, 0x5D
	.byte 0x00, 0x28, 0x10, 0xD0, 0x20, 0x06, 0x00, 0x0E, 0xC8, 0xF6, 0xF2, 0xEA, 0x01, 0x28, 0x08, 0xD1
	.byte 0xEB, 0x5D, 0x30, 0x1C, 0x21, 0x1C, 0x02, 0x22, 0xFE, 0xF7, 0x7A, 0xFF, 0x01, 0x28, 0x02, 0xD1
	.byte 0xFF, 0xE7, 0x00, 0x20, 0xE8, 0x55, 0x64, 0x1C, 0x03, 0x2C, 0xE7, 0xDB, 0x0D, 0x4F, 0x00, 0x25
	.byte 0x74, 0x19, 0xE0, 0x5D, 0x00, 0x28, 0x0F, 0xD0, 0x28, 0x06, 0x00, 0x0E, 0xC8, 0xF6, 0xD8, 0xEA
	.byte 0x01, 0x28, 0x07, 0xD1, 0xE2, 0x5D, 0x30, 0x1C, 0x29, 0x1C, 0xFE, 0xF7, 0x93, 0xFF, 0x01, 0x28
	.byte 0x02, 0xD1, 0xFF, 0xE7, 0x00, 0x20, 0xE0, 0x55, 0x6D, 0x1C, 0x03, 0x2D, 0xE8, 0xDB, 0xF8, 0xBD
	.byte 0x45, 0x09, 0x00, 0x00, 0x48, 0x09, 0x00, 0x00, 0xF0, 0xB5, 0x85, 0xB0, 0x05, 0x1C, 0x68, 0x68
	.byte 0xB1, 0xF6, 0x1A, 0xFC, 0x20, 0x4C, 0x29, 0x5D, 0x00, 0x29, 0x0A, 0xD0, 0x9D, 0xF6, 0xBA, 0xFD
	.byte 0x02, 0x1C, 0x29, 0x5D, 0x28, 0x1C, 0xFF, 0xF7, 0x6D, 0xFD, 0x01, 0x28, 0x01, 0xD1, 0x00, 0x20
	.byte 0x28, 0x55, 0xD7, 0x26, 0x00, 0x20, 0x00, 0xAC, 0x20, 0x70, 0xB6, 0x00, 0x03, 0xAF, 0x21, 0x78
	.byte 0xA8, 0x19, 0x3A, 0x1C, 0xED, 0xF7, 0xD6, 0xF9, 0x01, 0x28, 0x09, 0xD1, 0x21, 0x78, 0x38, 0x1C
	.byte 0xFF, 0xF7, 0x92, 0xFD, 0x01, 0x28, 0x03, 0xD1, 0x21, 0x78, 0xA8, 0x19, 0xED, 0xF7, 0xD4, 0xF9
	.byte 0x20, 0x78, 0x40, 0x1C, 0x20, 0x70, 0x20, 0x78, 0x03, 0x28, 0xE8, 0xD3, 0xD7, 0x24, 0xA4, 0x00
	.byte 0x01, 0xAE, 0x28, 0x19, 0x31, 0x1C, 0x00, 0xAA, 0xED, 0xF7, 0xC0, 0xF9, 0x01, 0x28, 0x09, 0xD1
	.byte 0x00, 0xA9, 0x09, 0x78, 0x30, 0x1C, 0xFF, 0xF7, 0x9D, 0xFD, 0x01, 0x28, 0x02, 0xD1, 0x28, 0x19
	.byte 0xED, 0xF7, 0xBE, 0xF9, 0x05, 0xB0, 0xF0, 0xBD, 0x08, 0x09, 0x00, 0x00, 0xF8, 0xB5, 0x82, 0xB0
	.byte 0x05, 0x1C, 0x68, 0x68, 0xB1, 0xF6, 0xD0, 0xFB, 0x1D, 0x4C, 0x29, 0x5D, 0x00, 0x29, 0x0A, 0xD0
	.byte 0x9D, 0xF6, 0x70, 0xFD, 0x02, 0x1C, 0x29, 0x5D, 0x28, 0x1C, 0xFF, 0xF7, 0x23, 0xFD, 0x01, 0x28
	.byte 0x01, 0xD1, 0x00, 0x20, 0x28, 0x55, 0x17, 0x49, 0x00, 0x24, 0x48, 0x1C, 0x6F, 0x18, 0x01, 0x90
	.byte 0x00, 0x90, 0xA1, 0x00, 0x00, 0x98, 0x6E, 0x18, 0x30, 0x5C, 0x01, 0x28, 0x0C, 0xD1, 0x28, 0x1C
	.byte 0x79, 0x18, 0x00, 0xF0, 0x23, 0xF8, 0x28, 0x1C, 0x21, 0x1C, 0xFF, 0xF7, 0xD7, 0xFD, 0x01, 0x28
	.byte 0x02, 0xD1, 0x01, 0x98, 0x00, 0x21, 0x31, 0x54, 0x60, 0x1C, 0x00, 0x06, 0x04, 0x0E, 0x03, 0x2C
	.byte 0xE7, 0xD3, 0x09, 0x4C, 0x28, 0x5D, 0x01, 0x28, 0x07, 0xD1, 0x60, 0x1E, 0x28, 0x18, 0xFF, 0xF7
	.byte 0x09, 0xFE, 0x01, 0x28, 0x01, 0xD1, 0x00, 0x20, 0x28, 0x55, 0x02, 0xB0, 0xF8, 0xBD, 0xC0, 0x46
	.byte 0x08, 0x09, 0x00, 0x00, 0xD4, 0x08, 0x00, 0x00, 0xE1, 0x08, 0x00, 0x00, 0x70, 0xB5, 0x82, 0xB0
	.byte 0x0D, 0x1C, 0x22, 0x21, 0x89, 0x01, 0x44, 0x18, 0x40, 0x68, 0xB1, 0xF6, 0x85, 0xFB, 0x9E, 0xF6
	.byte 0xA5, 0xF8, 0x99, 0xF6, 0x9D, 0xF9, 0x01, 0xA9, 0x00, 0x91, 0x2B, 0x78, 0x21, 0x1C, 0x14, 0x22
	.byte 0x06, 0x1C, 0xF2, 0xF7, 0x8B, 0xFB, 0x20, 0x6D, 0x3F, 0x21, 0x88, 0x43, 0x01, 0xA9, 0x0A, 0x78
	.byte 0x3F, 0x21, 0x11, 0x40, 0x08, 0x43, 0x20, 0x65, 0x30, 0x1C, 0xF2, 0xF7, 0x13, 0xFB, 0x00, 0x07
	.byte 0x22, 0x6D, 0x10, 0x49, 0x80, 0x0D, 0x11, 0x40, 0x08, 0x43, 0x20, 0x65, 0x30, 0x1C, 0xF2, 0xF7
	.byte 0xFB, 0xFA, 0x00, 0x07, 0x22, 0x6D, 0x0C, 0x49, 0x80, 0x0C, 0x11, 0x40, 0x08, 0x43, 0x20, 0x65
	.byte 0xC4, 0xF6, 0xBA, 0xEA, 0x00, 0x07, 0x22, 0x6D, 0x08, 0x49, 0x80, 0x0B, 0x11, 0x40, 0x01, 0x43
	.byte 0x07, 0x48, 0x01, 0x40, 0x28, 0x78, 0x80, 0x06, 0x00, 0x0A, 0x08, 0x43, 0x20, 0x65, 0x02, 0xB0
	.byte 0x70, 0xBD, 0xC0, 0x46, 0x3F, 0xFC, 0xFF, 0xFF, 0xFF, 0xC3, 0xFF, 0xFF, 0xFF, 0x3F, 0xFC, 0xFF
	.byte 0xFF, 0xFF, 0x03, 0xFF, 0x38, 0xB5, 0x06, 0x4D, 0x04, 0x1C, 0x61, 0x5D, 0x00, 0x29, 0x05, 0xD0
	.byte 0xFE, 0xF7, 0x56, 0xFF, 0x01, 0x28, 0x01, 0xD1, 0x00, 0x20, 0x60, 0x55, 0x38, 0xBD, 0xC0, 0x46
	.byte 0x24, 0x09, 0x00, 0x00, 0x02, 0x1C, 0x86, 0x32, 0x13, 0x88, 0x09, 0x04, 0x06, 0x4A, 0x09, 0x0C
	.byte 0x89, 0x06, 0x1A, 0x40, 0x49, 0x0C, 0x0A, 0x43, 0x01, 0x1C, 0x86, 0x31, 0x0A, 0x80, 0x09, 0x21
	.byte 0x01, 0x22, 0x09, 0x02, 0x42, 0x54, 0x70, 0x47, 0xFF, 0x81, 0xFF, 0xFF

	thumb_func_start FUN_overlay_d_11__02174e3c
FUN_overlay_d_11__02174e3c: ; 0x02174E3C
	push {r4, r5, r6, lr}
	add r4, r0, #0
	ldr r0, [r4, #4]
	bl FUN_02026478
	add r6, r0, #0
	bl FUN_02012944
	add r5, r0, #0
	bl FUN_02008468
	add r2, r0, #0
	add r0, r5, #0
	mov r5, #0x16
	lsl r5, r5, #4
	add r1, r4, r5
	blx MI_CpuCopy8
	add r0, r6, #0
	bl FUN_020127B8
	add r5, #0x20
	add r1, r4, r5
	mov r2, #0x10
	blx MI_CpuCopy8
	add r0, r4, #0
	bl FUN_overlay_d_11__021752dc
	add r0, r4, #0
	add r0, #0x86
	ldrh r0, [r0]
	lsl r0, r0, #0x1d
	lsr r0, r0, #0x1d
	cmp r0, #0x80
	bne _02174E90
	blx FUN_02039338
	add r1, r0, #0
	add r0, r4, #0
	bl FUN_overlay_d_11__02175710
	thumb_func_end FUN_overlay_d_11__02174e3c
_02174E90:
	add r3, r4, #0
	mov r0, #0x19
	lsl r0, r0, #4
	add r3, #0x70
	add r2, r4, r0
	ldmia r3!, {r0, r1}
	stmia r2!, {r0, r1}
	ldmia r3!, {r0, r1}
	stmia r2!, {r0, r1}
	ldmia r3!, {r0, r1}
	stmia r2!, {r0, r1}
	ldr r0, [r3]
	str r0, [r2]
	pop {r4, r5, r6, pc}

	thumb_func_start FUN_overlay_d_11__02174eac
FUN_overlay_d_11__02174eac: ; 0x02174EAC
	push {r3, r4, r5, r6, r7, lr}
	sub sp, #0x10
	add r5, r0, #0
	ldr r0, [r5, #4]
	add r4, r1, #0
	add r6, r2, #0
	bl FUN_02026478
	mov r1, #0
	str r1, [sp]
	add r1, r4, #0
	str r0, [sp, #8]
	bl FUN_02012950
	ldr r1, _02174F50 ; =0x000008FB
	mov r7, #1
	ldrb r1, [r5, r1]
	lsl r7, r4
	str r0, [sp, #4]
	tst r1, r7
	beq _02174EE8
	bl FUN_02008530
	str r0, [sp, #0xc]
	add r0, r6, #0
	bl FUN_02008530
	ldr r1, [sp, #0xc]
	cmp r1, r0
	beq _02174EEC
	thumb_func_end FUN_overlay_d_11__02174eac
_02174EE8:
	mov r0, #1
	str r0, [sp]
_02174EEC:
	ldr r1, [sp, #4]
	add r0, r6, #0
	bl FUN_02008494
	ldr r0, [sp, #8]
	add r1, r4, #0
	bl FUN_020127AC
	add r1, r0, #0
	add r0, r6, #0
	add r0, #0x20
	mov r2, #0x10
	blx MI_CpuCopy8
	add r2, r6, #0
	add r2, #0x4a
	ldrb r2, [r2]
	ldr r0, [sp, #8]
	add r1, r4, #0
	lsl r2, r2, #0x18
	lsr r2, r2, #0x1e
	bl FUN_02012BA4
	add r6, #0x30
	add r0, r5, #0
	add r1, r4, #0
	add r2, r6, #0
	mov r3, #1
	bl FUN_overlay_d_11__02174f54
	ldr r1, _02174F50 ; =0x000008FB
	lsl r0, r7, #0x18
	ldrb r2, [r5, r1]
	lsr r0, r0, #0x18
	orr r0, r2
	strb r0, [r5, r1]
	ldr r0, [sp]
	cmp r0, #1
	bne _02174F4A
	blx FUN_02039338
	cmp r4, r0
	beq _02174F4A
	ldr r0, [r5, #4]
	add r1, r4, #0
	bl FUN_020266D4
_02174F4A:
	add sp, #0x10
	pop {r3, r4, r5, r6, r7, pc}
	nop
_02174F50: .word 0x000008FB

	thumb_func_start FUN_overlay_d_11__02174f54
FUN_overlay_d_11__02174f54: ; 0x02174F54
	push {r3, r4, r5, r6, r7, lr}
	sub sp, #0x18
	add r5, r0, #0
	add r7, r5, #0
	add r6, r1, #0
	mov r0, #0x1c
	mul r0, r6
	add r7, #0x8c
	add r4, r7, r0
	str r0, [sp, #0x14]
	ldr r0, [r7, r0]
	str r2, [sp, #8]
	str r0, [sp, #0x10]
	add r0, r2, #0
	add r1, r4, #0
	mov r2, #0x1c
	str r3, [sp, #0xc]
	blx MI_CpuCopy8
	ldr r1, [sp, #0x10]
	ldr r0, [sp, #0x14]
	str r1, [r7, r0]
	ldrb r0, [r4, #0x1b]
	mov r1, #0x80
	bic r0, r1
	ldr r1, [sp, #8]
	ldr r2, [r1]
	lsl r1, r2, #0x18
	lsr r1, r1, #0x18
	lsl r1, r1, #0x1f
	lsr r1, r1, #0x18
	orr r0, r1
	strb r0, [r4, #0x1b]
	cmp r2, #1
	bne _02174F9E
	mov r0, #1
	str r0, [r4]
	thumb_func_end FUN_overlay_d_11__02174f54
_02174F9E:
	ldrb r0, [r4, #0x1b]
	add r1, r6, #0
	lsl r0, r0, #0x1a
	lsr r0, r0, #0x1a
	str r0, [sp]
	ldr r0, [sp, #0xc]
	str r0, [sp, #4]
	ldrh r3, [r4, #0x16]
	ldrh r2, [r4, #0x14]
	ldr r0, [r5, #4]
	lsl r3, r3, #0x1d
	lsr r3, r3, #0x1d
	lsl r3, r3, #0x18
	lsr r3, r3, #0x18
	bl FUN_020264B4
	blx FUN_02039338
	cmp r6, r0
	beq _02174FEC
	mov r0, #0x14
	mul r0, r6
	add r2, r5, r0
	add r3, r4, #0
	ldmia r3!, {r0, r1}
	add r2, #0xe0
	stmia r2!, {r0, r1}
	ldmia r3!, {r0, r1}
	stmia r2!, {r0, r1}
	ldr r0, [r3]
	add r1, r5, #0
	str r0, [r2]
	add r1, #0x84
	ldrh r1, [r1]
	ldr r2, [r5, #0x74]
	add r0, r5, #0
	add r3, r4, #0
	bl FUN_overlay_d_11__021751d4
_02174FEC:
	ldr r1, _02175000 ; =0x00000927
	mov r0, #1
	lsl r0, r6
	lsl r0, r0, #0x18
	ldrb r2, [r5, r1]
	lsr r0, r0, #0x18
	orr r0, r2
	strb r0, [r5, r1]
	add sp, #0x18
	pop {r3, r4, r5, r6, r7, pc}
	.balign 4, 0
_02175000: .word 0x00000927
_02175004:
	.byte 0xF8, 0xB5, 0x05, 0x1C, 0x68, 0x68, 0xB1, 0xF6, 0x35, 0xFA, 0x9D, 0xF6
	.byte 0x17, 0xFF, 0x01, 0x28, 0x20, 0xD0, 0x11, 0x48, 0x00, 0x90, 0x28, 0x5C, 0x80, 0x07, 0xC0, 0x0F
	.byte 0x01, 0x28, 0x19, 0xD0, 0x00, 0x98, 0x00, 0x9F, 0x23, 0x30, 0x00, 0x24, 0x23, 0x37, 0x00, 0x90
	.byte 0x00, 0x98, 0x01, 0x26, 0x28, 0x5C, 0xA6, 0x40, 0x30, 0x42, 0x08, 0xD0, 0x28, 0x1C, 0x21, 0x1C
	.byte 0x00, 0xF0, 0x0E, 0xF8, 0x30, 0x06, 0xE9, 0x5D, 0x00, 0x0E, 0x48, 0x40, 0xE8, 0x55, 0x60, 0x1C
	.byte 0x00, 0x06, 0x04, 0x0E, 0x03, 0x2C, 0xEB, 0xD3, 0xF8, 0xBD, 0xC0, 0x46, 0x04, 0x09, 0x00, 0x00
	.byte 0xF8, 0xB5, 0x05, 0x1C, 0x0F, 0x1C, 0x29, 0x1C, 0x1C, 0x20, 0x8C, 0x31, 0x78, 0x43, 0x0C, 0x18
	.byte 0xC4, 0xF6, 0x62, 0xE9, 0x87, 0x42, 0x3F, 0xD0, 0xE0, 0x7E, 0x2E, 0x1C, 0x70, 0x36, 0x00, 0x06
	.byte 0xC0, 0x0F, 0x01, 0x28, 0x00, 0xD1, 0x35, 0xE0, 0xA0, 0x7C, 0x00, 0x28, 0x02, 0xD0, 0x01, 0x28
	.byte 0x00, 0xD0, 0x2F, 0xE0, 0xA0, 0x8A, 0x9E, 0xF6, 0x61, 0xFE, 0x01, 0x28, 0x06, 0xD1, 0xB0, 0x8A
	.byte 0x9E, 0xF6, 0x5C, 0xFE, 0x01, 0x28, 0x01, 0xD1, 0x00, 0x20, 0x24, 0xE0, 0xE0, 0x8A, 0xF1, 0x8A
	.byte 0x40, 0x07, 0x49, 0x07, 0x40, 0x0F, 0x49, 0x0F, 0x88, 0x42, 0x1B, 0xD1, 0xA0, 0x8A, 0x9E, 0xF6
	.byte 0x6D, 0xFE, 0x01, 0x28, 0x0E, 0xD1, 0xB0, 0x8A, 0x9E, 0xF6, 0x68, 0xFE, 0x01, 0x28, 0x09, 0xD1
	.byte 0xE0, 0x8A, 0xF1, 0x8A, 0xC0, 0x05, 0xC9, 0x05, 0x80, 0x0E, 0x89, 0x0E, 0x88, 0x42, 0x00, 0xD1
	.byte 0xE2, 0xE7, 0x07, 0xE0, 0xB0, 0x8A, 0xA1, 0x8A, 0x9E, 0xF6, 0xD2, 0xFE, 0x01, 0x28, 0x00, 0xD1
	.byte 0xDA, 0xE7, 0xFF, 0xE7, 0x01, 0x20, 0x20, 0x60, 0xA8, 0x68, 0x39, 0x1C, 0xF2, 0xF7, 0x72, 0xFB
	.byte 0x01, 0x28, 0x1D, 0xD1, 0x68, 0x68, 0xB1, 0xF6, 0xB7, 0xF9, 0x39, 0x1C, 0xE3, 0xF7, 0x6E, 0xF9
	.byte 0x01, 0x1C, 0x20, 0x1C, 0x00, 0xF0, 0x40, 0xFA, 0x06, 0x1C, 0xA8, 0x68, 0x39, 0x1C, 0xF2, 0xF7
	.byte 0x77, 0xFB, 0x86, 0x42, 0x0C, 0xD0, 0xA8, 0x68, 0x39, 0x1C, 0xF2, 0xF7, 0x95, 0xFA, 0x20, 0x8B
	.byte 0x00, 0x28, 0x05, 0xD0, 0xA8, 0x68, 0x39, 0x1C, 0x32, 0x1C, 0x23, 0x1C, 0xF2, 0xF7, 0x48, 0xFA
	.byte 0xF8, 0xBD, 0x00, 0x00

	thumb_func_start FUN_overlay_d_11__02175144
FUN_overlay_d_11__02175144: ; 0x02175144
	push {r3, r4, r5, r6}
	ldr r5, _02175180 ; =_02176AA0
	strh r0, [r1]
	mov r2, #0
	mov r3, #6
	thumb_func_end FUN_overlay_d_11__02175144
_0217514E:
	add r4, r2, #0
	mul r4, r3
	add r6, r5, r4
	ldrh r4, [r5, r4]
	cmp r0, r4
	bne _0217515E
	mov r0, #0
	b _02175166
_0217515E:
	ldrh r4, [r6, #2]
	cmp r0, r4
	bne _02175170
	mov r0, #1
_02175166:
	strb r0, [r1, #2]
	strb r2, [r1, #3]
	mov r0, #1
	pop {r3, r4, r5, r6}
	bx lr
_02175170:
	add r2, r2, #1
	cmp r2, #8
	blt _0217514E
	mov r0, #0xff
	strb r0, [r1, #3]
	mov r0, #0
	pop {r3, r4, r5, r6}
	bx lr
	.balign 4, 0
_02175180: .word 0x02176AA0

	thumb_func_start FUN_overlay_d_11__02175184
FUN_overlay_d_11__02175184: ; 0x02175184
	ldrh r3, [r0]
	ldrh r2, [r1]
	cmp r3, r2
	bne _02175190
	mov r0, #0
	bx lr
	thumb_func_end FUN_overlay_d_11__02175184
_02175190:
	ldrb r3, [r0, #2]
	ldrb r2, [r1, #2]
	cmp r3, r2
	beq _021751A4
	ldrb r2, [r0, #3]
	ldrb r0, [r1, #3]
	cmp r2, r0
	bne _021751A4
	mov r0, #1
	bx lr
_021751A4:
	mov r0, #2
	bx lr

	thumb_func_start FUN_overlay_d_11__021751a8
FUN_overlay_d_11__021751a8: ; 0x021751A8
	push {r4, r5, r6, lr}
	ldr r6, _021751D0 ; =0x00000902
	add r5, r0, #0
	ldrb r0, [r5, r6]
	add r4, r1, #0
	cmp r4, r0
	blt _021751BA
	mov r0, #0
	pop {r4, r5, r6, pc}
	thumb_func_end FUN_overlay_d_11__021751a8
_021751BA:
	ldr r0, [r5, #4]
	bl FUN_02026478
	bl FUN_02012B58
	sub r0, r4, r0
	bpl _021751CC
	ldrb r1, [r5, r6]
	add r0, r0, r1
_021751CC:
	pop {r4, r5, r6, pc}
	nop
_021751D0: .word 0x00000902

	thumb_func_start FUN_overlay_d_11__021751d4
FUN_overlay_d_11__021751d4: ; 0x021751D4
	push {r3, r4, r5, r6, r7, lr}
	sub sp, #8
	add r4, r1, #0
	add r7, r0, #0
	add r5, r3, #0
	add r0, r4, #0
	add r1, sp, #4
	add r6, r2, #0
	bl FUN_overlay_d_11__02175144
	ldrh r0, [r5, #0x14]
	add r1, sp, #0
	bl FUN_overlay_d_11__02175144
	add r0, sp, #4
	add r1, sp, #0
	bl FUN_overlay_d_11__02175184
	cmp r0, #0
	beq _02175206
	cmp r0, #1
	beq _0217526C
	add sp, #8
	cmp r0, #2
	pop {r3, r4, r5, r6, r7, pc}
	thumb_func_end FUN_overlay_d_11__021751d4
_02175206:
	add r0, r4, #0
	bl FUN_02013D5C
	cmp r0, #0
	beq _0217526C
	ldr r0, [r5, #4]
	lsr r2, r0, #0x1f
	lsl r1, r0, #0xa
	sub r1, r1, r2
	mov r0, #0xa
	ror r1, r0
	add r4, r2, r1
	ldrh r1, [r5, #0x16]
	add r0, r7, #0
	lsl r1, r1, #0x1d
	lsr r1, r1, #0x1d
	bl FUN_overlay_d_11__021751a8
	ldr r1, _02175270 ; =0x00000902
	ldrb r2, [r7, r1]
	sub r1, r2, #1
	cmp r0, r1
	bne _0217524A
	mov r1, #2
	lsl r1, r1, #0x14
	cmp r4, r1
	ble _0217524A
	cmp r6, r1
	bge _0217524A
	lsl r0, r1, #1
	sub r0, r4, r0
	add sp, #8
	str r0, [r5, #4]
	pop {r3, r4, r5, r6, r7, pc}
_0217524A:
	cmp r0, #0
	bne _02175266
	mov r1, #2
	lsl r1, r1, #0x14
	cmp r4, r1
	bge _02175266
	lsl r2, r2, #0x16
	sub r1, r2, r1
	cmp r6, r1
	ble _02175266
	add r0, r4, r2
	add sp, #8
	str r0, [r5, #4]
	pop {r3, r4, r5, r6, r7, pc}
_02175266:
	lsl r0, r0, #0x16
	add r0, r4, r0
	str r0, [r5, #4]
_0217526C:
	add sp, #8
	pop {r3, r4, r5, r6, r7, pc}
	.balign 4, 0
_02175270: .word 0x00000902

	thumb_func_start FUN_overlay_d_11__02175274
FUN_overlay_d_11__02175274: ; 0x02175274
	push {r4, r5, r6, r7, lr}
	sub sp, #0xc
	add r5, r0, #0
	ldr r0, [r5, #4]
	str r1, [sp]
	bl FUN_02026478
	bl FUN_02012B58
	str r0, [sp, #4]
	add r0, r5, #0
	add r7, r5, #0
	str r0, [sp, #8]
	add r0, #0x8c
	add r7, #0x70
	mov r4, #0
	str r0, [sp, #8]
	thumb_func_end FUN_overlay_d_11__02175274
_02175296:
	ldr r0, _021752D8 ; =0x000008FB
	ldrb r1, [r5, r0]
	mov r0, #1
	lsl r0, r4
	tst r0, r1
	beq _021752CE
	ldr r0, [sp, #4]
	cmp r4, r0
	beq _021752CE
	mov r0, #0x1c
	add r1, r4, #0
	mul r1, r0
	ldr r0, [sp, #8]
	add r3, r0, r1
	mov r0, #0x14
	mul r0, r4
	add r6, r5, r0
	add r6, #0xe4
	ldmia r6!, {r0, r1}
	add r2, r3, #4
	stmia r2!, {r0, r1}
	ldr r0, [r6]
	str r0, [r2]
	ldrh r1, [r7, #0x14]
	ldr r2, [sp]
	add r0, r5, #0
	bl FUN_overlay_d_11__021751d4
_021752CE:
	add r4, r4, #1
	cmp r4, #3
	blt _02175296
	add sp, #0xc
	pop {r4, r5, r6, r7, pc}
	.balign 4, 0
_021752D8: .word 0x000008FB

	thumb_func_start FUN_overlay_d_11__021752dc
FUN_overlay_d_11__021752dc: ; 0x021752DC
	push {r3, r4, r5, r6, r7, lr}
	add r4, r0, #0
	ldr r0, [r4, #4]
	bl FUN_02026478
	add r7, r0, #0
	bl FUN_020127A4
	bl FUN_02012AC8
	add r5, r4, #0
	add r6, r0, #0
	add r5, #0x70
	ldr r0, [r4, #8]
	add r1, r5, #0
	bl FUN_0216786C
	add r4, r0, #0
	ldrh r0, [r5, #0x14]
	cmp r0, r6
	beq _0217530A
	strh r6, [r5, #0x14]
	mov r4, #1
	thumb_func_end FUN_overlay_d_11__021752dc
_0217530A:
	add r0, r7, #0
	bl FUN_02012FB0
	ldrh r1, [r5, #0x16]
	lsl r1, r1, #0x17
	lsr r1, r1, #0x1a
	cmp r1, r0
	beq _02175330
	add r0, r7, #0
	bl FUN_02012FB0
	lsl r0, r0, #0x1a
	ldrh r2, [r5, #0x16]
	ldr r1, _0217535C ; =0xFFFFFE07
	lsr r0, r0, #0x17
	and r1, r2
	orr r0, r1
	strh r0, [r5, #0x16]
	mov r4, #1
_02175330:
	ldr r0, _02175360 ; =0x02FFFFA8
	ldrh r1, [r0]
	mov r0, #2
	lsl r0, r0, #0xe
	and r0, r1
	ldrh r1, [r5, #0x16]
	asr r2, r0, #0xf
	lsl r0, r1, #0x10
	lsr r0, r0, #0x1f
	cmp r0, r2
	beq _02175358
	ldr r0, _02175364 ; =0xFFFF7FFF
	mov r4, #1
	and r1, r0
	lsl r0, r2, #0x10
	lsr r0, r0, #0x10
	lsl r0, r0, #0x1f
	lsr r0, r0, #0x10
	orr r0, r1
	strh r0, [r5, #0x16]
_02175358:
	add r0, r4, #0
	pop {r3, r4, r5, r6, r7, pc}
	.balign 4, 0
_0217535C: .word 0xFFFFFE07
_02175360: .word 0x02FFFFA8
_02175364: .word 0xFFFF7FFF
_02175368:
	.byte 0x57, 0x21, 0x89, 0x00, 0x40, 0x18, 0x02, 0x4B
	.byte 0x00, 0x21, 0x04, 0x22, 0x18, 0x47, 0xC0, 0x46, 0xCC, 0x2B, 0x08, 0x02, 0x57, 0x21, 0x89, 0x00
	.byte 0x42, 0x5C, 0x40, 0x18, 0x01, 0x2A, 0x00, 0xD0, 0x00, 0x20, 0x70, 0x47

	thumb_func_start FUN_overlay_d_11__0217538c
FUN_overlay_d_11__0217538c: ; 0x0217538C
	push {r3, r4, r5, r6, r7, lr}
	mov r6, #0x55
	add r5, r0, #0
	lsl r6, r6, #2
	add r4, r1, #0
	add r0, r5, r6
	mov r1, #0
	mov r2, #8
	mov r7, #0
	blx MI_CpuFill8
	strb r4, [r5, r6]
	mov r1, #4
	add r0, r6, #1
	strb r1, [r5, r0]
	add r0, r6, #4
	strb r7, [r5, r0]
	add r0, r5, #0
	bl FUN_overlay_d_11__021753b8
	pop {r3, r4, r5, r6, r7, pc}
	.balign 4, 0
	thumb_func_end FUN_overlay_d_11__0217538c

	thumb_func_start FUN_overlay_d_11__021753b8
FUN_overlay_d_11__021753b8: ; 0x021753B8
	ldr r1, _021753C8 ; =0x00000944
	ldrb r2, [r0, r1]
	add r2, r2, #1
	strb r2, [r0, r1]
	ldrb r2, [r0, r1]
	ldr r1, _021753CC ; =0x00000159
	strb r2, [r0, r1]
	bx lr
	.balign 4, 0
	thumb_func_end FUN_overlay_d_11__021753b8
_021753C8: .word 0x00000944
_021753CC: .word 0x00000159
_021753D0:
	.byte 0xF8, 0xB5, 0x0C, 0x1C, 0x05, 0x1C, 0x01, 0x20, 0x1A, 0x49, 0x16, 0x1C, 0x6A, 0x5C, 0xA0, 0x40
	.byte 0x10, 0x42, 0x04, 0xD1, 0x28, 0x19, 0x4A, 0x31, 0x46, 0x54, 0x00, 0x20, 0xF8, 0xBD, 0x28, 0x1C
	.byte 0x86, 0x30, 0x00, 0x88, 0x40, 0x04, 0x80, 0x0E, 0x1E, 0xD1, 0x55, 0x27, 0xBF, 0x00, 0xE8, 0x5D
	.byte 0x04, 0x28, 0x15, 0xD1, 0x38, 0x1D, 0x28, 0x5C, 0x00, 0x28, 0x11, 0xD1, 0x28, 0x68, 0x9C, 0xF6
	.byte 0x63, 0xFE, 0x00, 0x28, 0x0C, 0xD1, 0xEC, 0x55, 0xB9, 0x1C, 0x01, 0x20, 0x68, 0x54, 0x38, 0x1D
	.byte 0x2E, 0x54, 0x78, 0x1D, 0x2E, 0x54, 0x28, 0x1C, 0x00, 0xF0, 0x10, 0xF8, 0x01, 0x20, 0xF8, 0xBD
	.byte 0x05, 0x48, 0x29, 0x19, 0x0E, 0x54, 0x02, 0xE0, 0x28, 0x19, 0x4A, 0x31, 0x46, 0x54, 0x00, 0x20
	.byte 0xF8, 0xBD, 0xC0, 0x46, 0xFB, 0x08, 0x00, 0x00, 0x45, 0x09, 0x00, 0x00, 0x02, 0x4A, 0x10, 0x21
	.byte 0x83, 0x5C, 0x19, 0x43, 0x81, 0x54, 0x70, 0x47, 0xF8, 0x08, 0x00, 0x00, 0x02, 0x4A, 0x10, 0x21
	.byte 0x83, 0x5C, 0x8B, 0x43, 0x83, 0x54, 0x70, 0x47, 0xF8, 0x08, 0x00, 0x00, 0x18, 0xB5, 0x81, 0xB0
	.byte 0x00, 0xA9, 0x04, 0x1C, 0x00, 0xF0, 0x1E, 0xF8, 0x01, 0x28, 0x16, 0xD1, 0x20, 0x68, 0x9C, 0xF6
	.byte 0x2B, 0xFE, 0x01, 0x28, 0x11, 0xD1, 0x0A, 0x48, 0x23, 0x18, 0x55, 0x20, 0x80, 0x00, 0x22, 0x5C
	.byte 0x99, 0x5C, 0x00, 0x29, 0x02, 0xD1, 0x00, 0x1D, 0x20, 0x5C, 0x98, 0x54, 0x20, 0x1C, 0x04, 0x21
	.byte 0xFF, 0xF7, 0x74, 0xFF, 0x20, 0x1C, 0xFF, 0xF7, 0xD9, 0xFF, 0x01, 0xB0, 0x18, 0xBD, 0xC0, 0x46
	.byte 0x45, 0x09, 0x00, 0x00, 0x00, 0x28, 0x02, 0xD0, 0x82, 0x68, 0x00, 0x2A, 0x01, 0xD1, 0x00, 0x20
	.byte 0x70, 0x47, 0x55, 0x22, 0x92, 0x00, 0x83, 0x5C, 0x04, 0x2B, 0x08, 0xD0, 0x05, 0x4A, 0x80, 0x5C
	.byte 0xC0, 0x06, 0xC0, 0x0F, 0x01, 0x28, 0x02, 0xD1, 0x0B, 0x60, 0x01, 0x20, 0x70, 0x47, 0x00, 0x20
	.byte 0x70, 0x47, 0xC0, 0x46, 0xF8, 0x08, 0x00, 0x00

	thumb_func_start FUN_overlay_d_11__021754e8
FUN_overlay_d_11__021754e8: ; 0x021754E8
	push {r4, r5}
	mov r5, #0x55
	lsl r5, r5, #2
	ldrb r4, [r0, r5]
	cmp r4, r1
	bne _02175504
	add r4, r5, #4
	ldrb r4, [r0, r4]
	cmp r4, r3
	bne _02175504
	add r3, r5, #1
	strb r1, [r0, r3]
	add r1, r5, #3
	strb r2, [r0, r1]
	thumb_func_end FUN_overlay_d_11__021754e8
_02175504:
	pop {r4, r5}
	bx lr

	thumb_func_start FUN_overlay_d_11__02175508
FUN_overlay_d_11__02175508: ; 0x02175508
	push {r3, lr}
	add r3, r2, #0
	mov r2, #3
	bl FUN_overlay_d_11__021754e8
	pop {r3, pc}
	thumb_func_end FUN_overlay_d_11__02175508

	thumb_func_start FUN_overlay_d_11__02175514
FUN_overlay_d_11__02175514: ; 0x02175514
	push {r3, r4}
	ldr r2, _02175538 ; =0x00000155
	ldrb r1, [r0, r2]
	cmp r1, #4
	beq _02175530
	add r1, r2, #2
	ldrb r4, [r0, r1]
	cmp r4, #0
	beq _02175530
	mov r3, #0
	strb r3, [r0, r1]
	add r0, r4, #0
	pop {r3, r4}
	bx lr
	thumb_func_end FUN_overlay_d_11__02175514
_02175530:
	mov r0, #0
	pop {r3, r4}
	bx lr
	nop
_02175538: .word 0x00000155
_0217553C:
	.byte 0x01, 0x49, 0x00, 0x22
	.byte 0x42, 0x54, 0x70, 0x47, 0x57, 0x01, 0x00, 0x00, 0xF8, 0xB5, 0x00, 0x90, 0x0D, 0x1C, 0x14, 0x1C
	.byte 0x1E, 0x1C, 0x92, 0xF6, 0xED, 0xFF, 0x07, 0x1C, 0x00, 0x98, 0x92, 0xF6, 0xF9, 0xFF, 0x39, 0x04
	.byte 0x3A, 0x0C, 0x09, 0x0C, 0x52, 0x18, 0x03, 0x21, 0x0A, 0x40, 0x00, 0x28, 0x07, 0xD1, 0x08, 0x48
	.byte 0x52, 0x00, 0x80, 0x5A, 0x28, 0x80, 0x21, 0x70, 0x00, 0x20, 0x30, 0x70, 0xF8, 0xBD, 0x05, 0x48
	.byte 0x51, 0x00, 0x40, 0x5A, 0x28, 0x80, 0x04, 0x20, 0x20, 0x70, 0x01, 0x20, 0x30, 0x70, 0xF8, 0xBD
	.byte 0x90, 0x6A, 0x17, 0x02, 0x98, 0x6A, 0x17, 0x02, 0x38, 0xB5, 0x0D, 0x1C, 0x01, 0x8B, 0x00, 0xAC
	.byte 0x00, 0x29, 0x14, 0xD1, 0x80, 0x7C, 0x01, 0x28, 0x08, 0xD1, 0x28, 0x1C, 0x92, 0xF6, 0xD0, 0xFF
	.byte 0x00, 0x28, 0x01, 0xD1, 0x02, 0x20, 0x00, 0xE0, 0x05, 0x20, 0x22, 0xE0, 0x28, 0x1C, 0x92, 0xF6
	.byte 0xC7, 0xFF, 0x00, 0x28, 0x01, 0xD1, 0x01, 0x20, 0x00, 0xE0, 0x04, 0x20, 0x19, 0xE0, 0x14, 0x48
	.byte 0x81, 0x42, 0x08, 0xD1, 0x00, 0xA9, 0x00, 0xAA, 0x28, 0x1C, 0x02, 0x31, 0x01, 0x32, 0x00, 0xAB
	.byte 0xFF, 0xF7, 0xB2, 0xFF, 0x0E, 0xE0, 0x61, 0x80, 0x60, 0x88, 0x00, 0xF0, 0x61, 0xF8, 0x00, 0x28
	.byte 0x08, 0xD1, 0x28, 0x1C, 0x92, 0xF6, 0xAC, 0xFF, 0x00, 0x28, 0x01, 0xD1, 0x0A, 0x20, 0x00, 0xE0
	.byte 0x0E, 0x20, 0x60, 0x80, 0x61, 0x88, 0xDF, 0x29, 0x03, 0xD3, 0x01, 0x20, 0x00, 0x03, 0x81, 0x42
	.byte 0x02, 0xD3, 0x04, 0x48, 0x81, 0x42, 0x01, 0xD3, 0x0A, 0x20, 0x60, 0x80, 0x60, 0x88, 0x38, 0xBD
	.byte 0xFF, 0xFF, 0x00, 0x00, 0x36, 0x12, 0x00, 0x00

	thumb_func_start FUN_overlay_d_11__02175628
FUN_overlay_d_11__02175628: ; 0x02175628
	push {r3, lr}
	bl FUN_0200FB24
	cmp r0, #0
	beq _02175636
	mov r0, #0
	pop {r3, pc}
	thumb_func_end FUN_overlay_d_11__02175628
_02175636:
	blx FUN_0203D1B4
	cmp r0, #1
	ble _02175642
	mov r0, #1
	pop {r3, pc}
_02175642:
	mov r0, #0
	pop {r3, pc}
	.balign 4, 0

	thumb_func_start FUN_overlay_d_11__02175648
FUN_overlay_d_11__02175648: ; 0x02175648
	push {r4, r5, r6, lr}
	add r5, r1, #0
	add r6, r0, #0
	bl FUN_02012EBC
	bl FUN_0200BE48
	add r4, r0, #0
	add r0, r5, #0
	mov r1, #0
	mov r2, #0x10
	blx MI_CpuFill8
	add r0, r4, #0
	bl FUN_0200BF70
	str r0, [r5]
	add r0, r6, #0
	bl FUN_02012B70
	cmp r0, #1
	bne _02175686
	add r0, r6, #0
	bl FUN_02012FCC
	add r1, r0, #0
	add r0, r4, #0
	mov r2, #2
	bl FUN_0200BFA4
	b _0217568C
	thumb_func_end FUN_overlay_d_11__02175648
_02175686:
	add r0, r4, #0
	bl FUN_0200BF94
_0217568C:
	str r1, [r5, #8]
	add r1, r5, #0
	str r0, [r5, #4]
	add r0, r4, #0
	add r1, #0xc
	mov r2, #2
	bl FUN_0200BF54
	mov r0, #1
	strb r0, [r5, #0xe]
	pop {r4, r5, r6, pc}
	.balign 4, 0

	thumb_func_start FUN_overlay_d_11__021756a4
FUN_overlay_d_11__021756a4: ; 0x021756A4
	ldr r1, _021756AC ; =0x0000035A
	ldrb r0, [r0, r1]
	bx lr
	nop
	thumb_func_end FUN_overlay_d_11__021756a4
_021756AC: .word 0x0000035A

	thumb_func_start FUN_overlay_d_11__021756b0
FUN_overlay_d_11__021756b0: ; 0x021756B0
	mov r3, #0
	ldr r2, _021756CC ; =_02176B08
	b _021756C4
	thumb_func_end FUN_overlay_d_11__021756b0
_021756B6:
	lsl r1, r3, #1
	ldrh r1, [r2, r1]
	cmp r0, r1
	bne _021756C2
	mov r0, #1
	bx lr
_021756C2:
	add r3, r3, #1
_021756C4:
	cmp r3, #0xa2
	blo _021756B6
	mov r0, #0
	bx lr
	.balign 4, 0
_021756CC: .word 0x02176B08

	thumb_func_start FUN_overlay_d_11__021756d0
FUN_overlay_d_11__021756d0: ; 0x021756D0
	mov r3, #0
	ldr r2, _021756EC ; =_02176AD0
	b _021756E4
	thumb_func_end FUN_overlay_d_11__021756d0
_021756D6:
	lsl r1, r3, #1
	ldrh r1, [r2, r1]
	cmp r0, r1
	bne _021756E2
	mov r0, #1
	bx lr
_021756E2:
	add r3, r3, #1
_021756E4:
	cmp r3, #0x1c
	blo _021756D6
	mov r0, #0
	bx lr
	.balign 4, 0
_021756EC: .word 0x02176AD0
_021756F0:
	.byte 0x18, 0xB4, 0x06, 0x4C, 0x09, 0x06, 0x02, 0x5D, 0x09, 0x0E, 0x40, 0x23, 0xC9, 0x07, 0x9A, 0x43
	.byte 0x49, 0x0E, 0x11, 0x43, 0x01, 0x55, 0x18, 0xBC, 0x70, 0x47, 0xC0, 0x46, 0x3F, 0x09, 0x00, 0x00

	thumb_func_start FUN_overlay_d_11__02175710
FUN_overlay_d_11__02175710: ; 0x02175710
	push {r3, r4, r5, lr}
	add r5, r0, #0
	ldr r0, [r5]
	add r4, r1, #0
	bl FUN_020120F4
	add r1, r5, #0
	add r1, #0x86
	ldrh r1, [r1]
	mov r2, #7
	bic r1, r2
	lsl r2, r4, #0x10
	lsr r3, r2, #0x10
	mov r2, #7
	and r2, r3
	orr r2, r1
	add r1, r5, #0
	add r1, #0x86
	strh r2, [r1]
	add r1, r4, #0
	bl FUN_02012B8C
	mov r0, #0xd7
	lsl r0, r0, #2
	lsl r1, r4, #0x18
	add r0, r5, r0
	lsr r1, r1, #0x18
	bl FUN_02161FEC
	pop {r3, r4, r5, pc}
	thumb_func_end FUN_overlay_d_11__02175710

	thumb_func_start FUN_overlay_d_11__0217574c
FUN_overlay_d_11__0217574c: ; 0x0217574C
	push {r3, r4}
	ldr r4, _02175768 ; =0x00000904
	lsl r1, r1, #0x18
	ldrb r2, [r0, r4]
	lsr r1, r1, #0x18
	mov r3, #2
	lsl r1, r1, #0x1f
	bic r2, r3
	lsr r1, r1, #0x1e
	orr r1, r2
	strb r1, [r0, r4]
	pop {r3, r4}
	bx lr
	nop
	thumb_func_end FUN_overlay_d_11__0217574c
_02175768: .word 0x00000904

	thumb_func_start FUN_overlay_d_11__0217576c
FUN_overlay_d_11__0217576c: ; 0x0217576C
	push {r4, r5, r6, lr}
	mov r2, #0x6a
	add r5, r0, #0
	mov r1, #0
	lsl r2, r2, #2
	mov r4, #0
	blx MI_CpuFill8
	add r0, r5, #0
	mov r6, #4
	add r0, #0xa4
	strb r6, [r0]
	add r0, r5, #0
	add r0, #0x90
	bl FUN_overlay_d_11__02175ee8
	add r0, r5, #0
	add r0, #0xd8
	strb r6, [r0]
	add r1, r6, #0
	thumb_func_end FUN_overlay_d_11__0217576c
_02175794:
	add r0, r5, r4
	add r0, #0xe0
	add r4, r4, #1
	strb r1, [r0]
	cmp r4, #3
	blt _02175794
	add r0, r5, #0
	bl FUN_overlay_d_11__021757a8
	pop {r4, r5, r6, pc}

	thumb_func_start FUN_overlay_d_11__021757a8
FUN_overlay_d_11__021757a8: ; 0x021757A8
	push {r3, r4}
	mov r4, #0
	add r3, r4, #0
	mov r1, #0x28
	thumb_func_end FUN_overlay_d_11__021757a8
_021757B0:
	add r2, r4, #0
	mul r2, r1
	add r2, r0, r2
	add r4, r4, #1
	strb r3, [r2, #0x10]
	cmp r4, #3
	blt _021757B0
	pop {r3, r4}
	bx lr
	.balign 4, 0

	thumb_func_start FUN_overlay_d_11__021757c4
FUN_overlay_d_11__021757c4: ; 0x021757C4
	push {r4, r5, r6, lr}
	add r5, r0, #0
	add r4, r1, #0
	blx FUN_0203D378
	cmp r0, #1
	bne _0217586E
	add r0, r4, #0
	bl FUN_overlay_d_11__02175b14
	cmp r0, #1
	bne _0217586E
	add r0, r4, #0
	add r0, #0xd8
	ldrb r0, [r0]
	cmp r0, #4
	bne _0217584A
	add r0, r4, #0
	add r0, #0xa8
	ldrh r0, [r0]
	cmp r0, #0
	beq _0217580E
	mov r6, #0x67
	lsl r6, r6, #2
	ldrb r0, [r4, r6]
	cmp r0, #0
	bne _0217586E
	add r0, r4, #0
	bl FUN_overlay_d_11__02175894
	add r1, r4, #0
	add r1, #0xa8
	ldrh r1, [r1]
	cmp r0, r1
	ble _0217586E
	mov r0, #1
	b _0217586C
	thumb_func_end FUN_overlay_d_11__021757c4
_0217580E:
	ldr r0, _02175890 ; =0x000001A5
	ldrb r0, [r4, r0]
	lsl r0, r0, #0x1e
	lsr r0, r0, #0x1f
	cmp r0, #1
	bne _0217586E
	add r0, r4, #0
	bl FUN_overlay_d_11__02175894
	add r1, r4, #0
	add r1, #0xaa
	ldrh r1, [r1]
	cmp r0, r1
	ble _0217586E
	ldr r0, [r5, #4]
	bl FUN_02026478
	add r1, r4, #0
	add r1, #0xe3
	ldrb r1, [r1]
	cmp r1, #0
	bne _0217586E
	bl FUN_02012B58
	add r2, r0, #0
	add r0, r5, #0
	add r1, r4, #0
	bl FUN_overlay_d_11__02175d34
	b _0217586E
_0217584A:
	ldr r6, _02175890 ; =0x000001A5
	ldrb r0, [r4, r6]
	lsl r0, r0, #0x1e
	lsr r0, r0, #0x1f
	cmp r0, #1
	bne _0217586E
	add r0, r4, #0
	bl FUN_overlay_d_11__02175894
	add r1, r4, #0
	add r1, #0xaa
	ldrh r1, [r1]
	cmp r0, r1
	ble _0217586E
	ldrb r1, [r4, r6]
	mov r0, #0x10
	orr r0, r1
_0217586C:
	strb r0, [r4, r6]
_0217586E:
	add r0, r5, #0
	add r1, r4, #0
	bl FUN_overlay_d_11__02176158
	add r0, r5, #0
	add r1, r4, #0
	bl FUN_overlay_d_11__02176194
	add r0, r5, #0
	add r1, r4, #0
	bl FUN_overlay_d_11__02175a34
	add r0, r5, #0
	add r1, r4, #0
	bl FUN_overlay_d_11__02175ae8
	pop {r4, r5, r6, pc}
	.balign 4, 0
_02175890: .word 0x000001A5

	thumb_func_start FUN_overlay_d_11__02175894
FUN_overlay_d_11__02175894: ; 0x02175894
	push {r4, lr}
	add r4, r0, #0
	blx FUN_0203F4FC
	mov r1, #0x19
	lsl r1, r1, #4
	ldr r2, [r4, r1]
	cmp r0, r2
	bhs _021758AA
	ldr r1, _021758B0 ; =0x00015180
	add r0, r0, r1
	thumb_func_end FUN_overlay_d_11__02175894
_021758AA:
	sub r0, r0, r2
	pop {r4, pc}
	nop
_021758B0: .word 0x00015180

	thumb_func_start FUN_overlay_d_11__021758b4
FUN_overlay_d_11__021758b4: ; 0x021758B4
	push {r4, lr}
	add r1, r0, #0
	add r1, #0xaa
	ldrh r4, [r1]
	bl FUN_overlay_d_11__02175894
	sub r0, r4, r0
	bpl _021758C6
	mov r0, #0
	thumb_func_end FUN_overlay_d_11__021758b4
_021758C6:
	pop {r4, pc}

	thumb_func_start FUN_overlay_d_11__021758c8
FUN_overlay_d_11__021758c8: ; 0x021758C8
	push {r3, r4, r5, lr}
	add r5, r0, #0
	bl FUN_overlay_d_11__02175b14
	cmp r0, #1
	bne _0217590A
	add r0, r5, #0
	add r0, #0xd8
	ldrb r0, [r0]
	cmp r0, #4
	bne _0217590A
	add r0, r5, #0
	add r0, #0xa8
	ldrh r4, [r0]
	cmp r4, #0
	bne _021758F2
	ldr r0, _02175910 ; =0x000001A5
	ldrb r0, [r5, r0]
	lsl r0, r0, #0x1e
	lsr r0, r0, #0x1f
	bne _021758FC
	thumb_func_end FUN_overlay_d_11__021758c8
_021758F2:
	add r0, r5, #0
	bl FUN_overlay_d_11__02175894
	sub r0, r4, r0
	b _02175902
_021758FC:
	add r0, r5, #0
	bl FUN_overlay_d_11__021758b4
_02175902:
	cmp r0, #0
	bge _0217590C
	mov r0, #0
	pop {r3, r4, r5, pc}
_0217590A:
	mov r0, #0
_0217590C:
	pop {r3, r4, r5, pc}
	nop
_02175910: .word 0x000001A5
_02175914:
	.byte 0x41, 0x18, 0x65, 0x20, 0x01, 0x22, 0x80, 0x00, 0x0A, 0x54, 0x70, 0x47

	thumb_func_start FUN_overlay_d_11__02175920
FUN_overlay_d_11__02175920: ; 0x02175920
	ldr r1, _02175928 ; =0x0000019A
	mov r2, #1
	strb r2, [r0, r1]
	bx lr
	.balign 4, 0
	thumb_func_end FUN_overlay_d_11__02175920
_02175928: .word 0x0000019A
_0217592C:
	.byte 0x01, 0x49, 0x01, 0x22
	.byte 0x42, 0x54, 0x70, 0x47, 0x9B, 0x01, 0x00, 0x00

	thumb_func_start FUN_overlay_d_11__02175938
FUN_overlay_d_11__02175938: ; 0x02175938
	mov r3, #0x28
	mul r3, r2
	add r3, r0, r3
	ldrb r0, [r3, #0x10]
	cmp r0, #1
	beq _02175952
	mov r2, #0x14
	thumb_func_end FUN_overlay_d_11__02175938
_02175946:
	ldrh r0, [r1]
	add r1, r1, #2
	strh r0, [r3]
	add r3, r3, #2
	sub r2, r2, #1
	bne _02175946
_02175952:
	bx lr

	thumb_func_start FUN_overlay_d_11__02175954
FUN_overlay_d_11__02175954: ; 0x02175954
	push {r4, r5}
	ldr r0, [r2]
	add r3, r1, #0
	lsl r5, r0, #0xa
	lsr r5, r5, #0x19
	add r3, #0x78
	mov r4, #0
	cmp r5, #0x14
	bhi _0217596C
	lsr r0, r0, #0x16
	cmp r0, #0xb4
	bls _02175972
	thumb_func_end FUN_overlay_d_11__02175954
_0217596C:
	mov r0, #0
	pop {r4, r5}
	bx lr
_02175972:
	ldr r5, _021759AC ; =0x000001A1
	ldrb r0, [r1, r5]
	cmp r0, #0
	bne _02175988
	add r0, r2, #0
	add r0, #0x2c
	ldrb r0, [r0]
	cmp r0, #4
	beq _02175988
	mov r4, #1
	strb r4, [r1, r5]
_02175988:
	add r0, r3, #0
	add r0, #0x2c
	ldrb r0, [r0]
	cmp r0, #4
	beq _02175998
	add r0, r4, #0
	pop {r4, r5}
	bx lr
_02175998:
	mov r5, #6
_0217599A:
	ldmia r2!, {r0, r1}
	stmia r3!, {r0, r1}
	sub r5, r5, #1
	bne _0217599A
	ldr r0, [r2]
	str r0, [r3]
	add r0, r4, #0
	pop {r4, r5}
	bx lr
	.balign 4, 0
_021759AC: .word 0x000001A1

	thumb_func_start FUN_overlay_d_11__021759b0
FUN_overlay_d_11__021759b0: ; 0x021759B0
	push {r3, lr}
	bl FUN_overlay_d_11__02175b34
	cmp r0, #0
	beq _021759BE
	mov r1, #0
	strh r1, [r0, #0x30]
	thumb_func_end FUN_overlay_d_11__021759b0
_021759BE:
	pop {r3, pc}

	thumb_func_start FUN_overlay_d_11__021759c0
FUN_overlay_d_11__021759c0: ; 0x021759C0
	push {r4, r5, r6, lr}
	ldr r4, _021759F4 ; =0x0000019D
	add r5, r0, #0
	ldrb r0, [r5, r4]
	add r6, r1, #0
	cmp r0, #0
	bne _021759D6
	blx FUN_0203F4FC
	sub r4, #0xd
	str r0, [r5, r4]
	thumb_func_end FUN_overlay_d_11__021759c0
_021759D6:
	ldr r1, _021759F4 ; =0x0000019D
	mov r0, #1
	lsl r0, r6
	lsl r0, r0, #0x18
	ldrb r3, [r5, r1]
	lsr r2, r0, #0x18
	add r0, r3, #0
	orr r0, r2
	strb r0, [r5, r1]
	add r0, r1, #1
	ldrb r0, [r5, r0]
	orr r2, r0
	add r0, r1, #1
	strb r2, [r5, r0]
	pop {r4, r5, r6, pc}
	.balign 4, 0
_021759F4: .word 0x0000019D
_021759F8:
	.byte 0x38, 0xB5, 0x09, 0x4C, 0x05, 0x1C, 0x2A, 0x5D
	.byte 0x02, 0x20, 0x10, 0x43, 0x28, 0x55, 0x28, 0x1C, 0xAA, 0x30, 0x01, 0x80, 0xC7, 0xF6, 0xB4, 0xEC
	.byte 0x00, 0x28, 0x03, 0xD1, 0xC9, 0xF6, 0x72, 0xED, 0x15, 0x3C, 0x28, 0x51, 0x38, 0xBD, 0xC0, 0x46
	.byte 0xA5, 0x01, 0x00, 0x00, 0x02, 0x49, 0x40, 0x5C, 0x80, 0x07, 0xC0, 0x0F, 0x70, 0x47, 0xC0, 0x46
	.byte 0xA5, 0x01, 0x00, 0x00

	thumb_func_start FUN_overlay_d_11__02175a34
FUN_overlay_d_11__02175a34: ; 0x02175A34
	push {r3, r4, r5, r6, r7, lr}
	add r7, r0, #0
	add r5, r1, #0
	mov r4, #0
	thumb_func_end FUN_overlay_d_11__02175a34
_02175A3C:
	mov r0, #0x65
	add r6, r5, r4
	lsl r0, r0, #2
	ldrb r0, [r6, r0]
	cmp r0, #1
	bne _02175A5E
	add r0, r7, #0
	add r1, r5, #0
	add r2, r4, #0
	bl FUN_overlay_d_11__02173da0
	cmp r0, #1
	bne _02175A5E
	mov r0, #0x65
	mov r1, #0
	lsl r0, r0, #2
	strb r1, [r6, r0]
_02175A5E:
	add r4, r4, #1
	cmp r4, #3
	blt _02175A3C
	ldr r4, _02175ADC ; =0x0000019A
	ldrb r0, [r5, r4]
	cmp r0, #1
	bne _02175A7C
	add r0, r7, #0
	add r1, r5, #0
	bl FUN_overlay_d_11__02173eec
	cmp r0, #1
	bne _02175A7C
	mov r0, #0
	strb r0, [r5, r4]
_02175A7C:
	ldr r4, _02175AE0 ; =0x0000019B
	ldrb r0, [r5, r4]
	cmp r0, #1
	bne _02175A94
	add r0, r7, #0
	add r1, r5, #0
	bl FUN_overlay_d_11__021741e8
	cmp r0, #1
	bne _02175A94
	mov r0, #0
	strb r0, [r5, r4]
_02175A94:
	mov r4, #0x67
	lsl r4, r4, #2
	ldrb r0, [r5, r4]
	cmp r0, #1
	bne _02175AAE
	add r0, r7, #0
	add r1, r5, #0
	bl FUN_overlay_d_11__02173f74
	cmp r0, #1
	bne _02175AAE
	mov r0, #2
	strb r0, [r5, r4]
_02175AAE:
	ldr r4, _02175AE4 ; =0x0000019F
	ldrb r0, [r5, r4]
	cmp r0, #0
	beq _02175AC2
	bl FUN_overlay_d_11__021742ec
	cmp r0, #1
	bne _02175AC2
	mov r0, #0
	strb r0, [r5, r4]
_02175AC2:
	mov r4, #0x1a
	lsl r4, r4, #4
	ldrb r0, [r5, r4]
	cmp r0, #0
	beq _02175AD8
	bl FUN_overlay_d_11__021742a8
	cmp r0, #1
	bne _02175AD8
	mov r0, #0
	strb r0, [r5, r4]
_02175AD8:
	pop {r3, r4, r5, r6, r7, pc}
	nop
_02175ADC: .word 0x0000019A
_02175AE0: .word 0x0000019B
_02175AE4: .word 0x0000019F

	thumb_func_start FUN_overlay_d_11__02175ae8
FUN_overlay_d_11__02175ae8: ; 0x02175AE8
	push {r3, r4, r5, r6, r7, lr}
	ldr r7, _02175B10 ; =0x0000019E
	add r5, r1, #0
	ldrb r4, [r5, r7]
	add r6, r0, #0
	cmp r4, #0
	beq _02175B0E
	add r0, r5, #0
	bl FUN_overlay_d_11__021758b4
	add r1, r0, #0
	add r0, r6, #0
	add r2, r4, #0
	bl FUN_overlay_d_11__02173ff4
	cmp r0, #1
	bne _02175B0E
	mov r0, #0
	strb r0, [r5, r7]
	thumb_func_end FUN_overlay_d_11__02175ae8
_02175B0E:
	pop {r3, r4, r5, r6, r7, pc}
	.balign 4, 0
_02175B10: .word 0x0000019E

	thumb_func_start FUN_overlay_d_11__02175b14
FUN_overlay_d_11__02175b14: ; 0x02175B14
	add r1, r0, #0
	add r1, #0xa4
	ldrb r1, [r1]
	cmp r1, #4
	beq _02175B26
	ldr r1, _02175B30 ; =0x000001A1
	ldrb r0, [r0, r1]
	cmp r0, #0
	bne _02175B2A
	thumb_func_end FUN_overlay_d_11__02175b14
_02175B26:
	mov r0, #0
	bx lr
_02175B2A:
	mov r0, #1
	bx lr
	nop
_02175B30: .word 0x000001A1

	thumb_func_start FUN_overlay_d_11__02175b34
FUN_overlay_d_11__02175b34: ; 0x02175B34
	push {r4, lr}
	add r4, r0, #0
	bl FUN_overlay_d_11__02175b14
	cmp r0, #0
	bne _02175B44
	mov r4, #0
	b _02175B46
	thumb_func_end FUN_overlay_d_11__02175b34
_02175B44:
	add r4, #0x78
_02175B46:
	add r0, r4, #0
	pop {r4, pc}
	.balign 4, 0

	thumb_func_start FUN_overlay_d_11__02175b4c
FUN_overlay_d_11__02175b4c: ; 0x02175B4C
	push {r3, r4, r5, lr}
	add r4, r1, #0
	add r5, r0, #0
	add r0, r4, #0
	bl FUN_overlay_d_11__02175b14
	cmp r0, #1
	bne _02175B86
	ldr r1, _02175B88 ; =0x000001A5
	mov r0, #4
	ldrb r2, [r4, r1]
	orr r0, r2
	strb r0, [r4, r1]
	ldrb r2, [r4, r1]
	mov r0, #8
	bic r2, r0
	add r0, r5, #0
	add r0, #0x8a
	strb r2, [r4, r1]
	ldrb r1, [r0]
	mov r0, #0x20
	orr r1, r0
	add r0, r5, #0
	add r0, #0x8a
	strb r1, [r0]
	mov r0, #9
	mov r1, #1
	lsl r0, r0, #8
	strb r1, [r5, r0]
	thumb_func_end FUN_overlay_d_11__02175b4c
_02175B86:
	pop {r3, r4, r5, pc}
	.balign 4, 0
_02175B88: .word 0x000001A5

	thumb_func_start FUN_overlay_d_11__02175b8c
FUN_overlay_d_11__02175b8c: ; 0x02175B8C
	push {r4, lr}
	add r4, r0, #0
	bl FUN_overlay_d_11__02175b14
	cmp r0, #1
	bne _02175BA2
	ldr r0, _02175BA8 ; =0x000001A5
	ldrb r0, [r4, r0]
	lsl r0, r0, #0x1d
	lsr r0, r0, #0x1f
	pop {r4, pc}
	thumb_func_end FUN_overlay_d_11__02175b8c
_02175BA2:
	mov r0, #0
	pop {r4, pc}
	nop
_02175BA8: .word 0x000001A5

	thumb_func_start FUN_overlay_d_11__02175bac
FUN_overlay_d_11__02175bac: ; 0x02175BAC
	ldr r2, _02175BB8 ; =0x000001A5
	mov r1, #8
	ldrb r3, [r0, r2]
	orr r1, r3
	strb r1, [r0, r2]
	bx lr
	.balign 4, 0
	thumb_func_end FUN_overlay_d_11__02175bac
_02175BB8: .word 0x000001A5
_02175BBC:
	.byte 0x02, 0x49, 0x40, 0x5C
	.byte 0x00, 0x07, 0xC0, 0x0F, 0x70, 0x47, 0xC0, 0x46, 0xA5, 0x01, 0x00, 0x00

	thumb_func_start FUN_overlay_d_11__02175bcc
FUN_overlay_d_11__02175bcc: ; 0x02175BCC
	push {r4, lr}
	add r4, r0, #0
	bl FUN_overlay_d_11__02175da8
	cmp r0, #0
	bne _02175BDC
	mov r4, #0
	b _02175BDE
	thumb_func_end FUN_overlay_d_11__02175bcc
_02175BDC:
	add r4, #0xac
_02175BDE:
	add r0, r4, #0
	pop {r4, pc}
	.balign 4, 0

	thumb_func_start FUN_overlay_d_11__02175be4
FUN_overlay_d_11__02175be4: ; 0x02175BE4
	push {r4, lr}
	add r4, r0, #0
	bl FUN_overlay_d_11__02175b8c
	cmp r0, #1
	beq _02175BFA
	add r0, r4, #0
	bl FUN_overlay_d_11__02175bcc
	cmp r0, #0
	beq _02175BFE
	thumb_func_end FUN_overlay_d_11__02175be4
_02175BFA:
	mov r0, #1
	pop {r4, pc}
_02175BFE:
	mov r0, #0
	pop {r4, pc}
	.balign 4, 0
_02175C04:
	.byte 0x18, 0xB4
_02175C06:
	.byte 0x02, 0x1C, 0xE0, 0x32, 0x12, 0x78, 0x04, 0x2A, 0x09, 0xD1
	.byte 0x0A, 0x4A, 0x01, 0x23, 0x8B, 0x40, 0x19, 0x06, 0x84, 0x5C, 0x09, 0x0E, 0x21, 0x43, 0x81, 0x54
	.byte 0x18, 0xBC, 0x70, 0x47

	thumb_func_start LAB_overlay_d_11__02175c24
LAB_overlay_d_11__02175c24: ; 0x02175C24
	mov r2, #0x1a
	lsl r2, r2, #4
	ldrb r4, [r0, r2]
	mov r3, #1
	lsl r3, r1
	lsl r1, r3, #0x18
	lsr r1, r1, #0x18
	orr r1, r4
	strb r1, [r0, r2]
	pop {r3, r4}
	bx lr
	nop
	thumb_func_end LAB_overlay_d_11__02175c24
_02175C3C:
	.byte 0x9F, 0x01, 0x00, 0x00

	thumb_func_start FUN_overlay_d_11__02175c40
FUN_overlay_d_11__02175c40: ; 0x02175C40
	push {r4, lr}
	ldr r1, _02175C54 ; =0x000001A5
	ldrb r1, [r0, r1]
	lsl r1, r1, #0x19
	lsr r4, r1, #0x1e
	mov r1, #0
	bl FUN_overlay_d_11__02175c58
	add r0, r4, #0
	pop {r4, pc}
	.balign 4, 0
	thumb_func_end FUN_overlay_d_11__02175c40
_02175C54: .word 0x000001A5

	thumb_func_start FUN_overlay_d_11__02175c58
FUN_overlay_d_11__02175c58: ; 0x02175C58
	push {r3, r4}
	ldr r4, _02175C74 ; =0x000001A5
	lsl r1, r1, #0x18
	ldrb r2, [r0, r4]
	lsr r1, r1, #0x18
	mov r3, #0x60
	lsl r1, r1, #0x1e
	bic r2, r3
	lsr r1, r1, #0x19
	orr r1, r2
	strb r1, [r0, r4]
	pop {r3, r4}
	bx lr
	nop
	thumb_func_end FUN_overlay_d_11__02175c58
_02175C74: .word 0x000001A5

	thumb_func_start FUN_overlay_d_11__02175c78
FUN_overlay_d_11__02175c78: ; 0x02175C78
	add r0, #0xe0
	ldrb r0, [r0]
	cmp r0, #4
	bne _02175C84
	mov r0, #0
	bx lr
	thumb_func_end FUN_overlay_d_11__02175c78
_02175C84:
	mov r0, #3
	bx lr

	thumb_func_start FUN_overlay_d_11__02175c88
FUN_overlay_d_11__02175c88: ; 0x02175C88
	push {r3, r4, r5, r6, r7, lr}
	add r4, r0, #0
	add r5, r2, #0
	add r7, r4, #0
	add r0, #0x78
	mov r2, #0x30
	add r6, r1, #0
	add r7, #0xac
	blx FUN_0203EFC8
	cmp r0, #0
	beq _02175CAC
	ldr r0, _02175CF0 ; =0x00000197
	mov r2, #2
	add r1, r4, r5
	strb r2, [r1, r0]
	mov r0, #0
	pop {r3, r4, r5, r6, r7, pc}
	thumb_func_end FUN_overlay_d_11__02175c88
_02175CAC:
	add r0, r4, #0
	add r1, r6, #0
	add r2, r5, #0
	bl FUN_overlay_d_11__02175c78
	mov ip, r0
	cmp r0, #3
	bne _02175CC8
	ldr r0, _02175CF0 ; =0x00000197
	mov r2, #2
	add r1, r4, r5
	strb r2, [r1, r0]
	mov r0, #0
	pop {r3, r4, r5, r6, r7, pc}
_02175CC8:
	add r3, r7, #0
	mov r2, #6
_02175CCC:
	ldmia r6!, {r0, r1}
	stmia r3!, {r0, r1}
	sub r2, r2, #1
	bne _02175CCC
	ldr r0, [r6]
	ldr r1, _02175CF0 ; =0x00000197
	str r0, [r3]
	mov r0, ip
	add r0, r7, r0
	add r0, #0x34
	strb r5, [r0]
	mov r0, #1
	add r2, r4, r5
	strb r0, [r2, r1]
	add r1, r1, #4
	strb r0, [r4, r1]
	pop {r3, r4, r5, r6, r7, pc}
	nop
_02175CF0: .word 0x00000197

	thumb_func_start FUN_overlay_d_11__02175cf4
FUN_overlay_d_11__02175cf4: ; 0x02175CF4
	push {r4, lr}
	add r4, r0, #0
	mov r0, #0x69
	lsl r0, r0, #2
	ldrb r0, [r1, r0]
	cmp r0, #1
	bne _02175D1C
	add r0, r1, #0
	bl FUN_overlay_d_11__02175da8
	cmp r0, #1
	bne _02175D1A
	add r0, r4, #0
	bl FUN_overlay_d_11__021756a4
	cmp r0, #1
	bne _02175D1A
	mov r0, #1
	pop {r4, pc}
	thumb_func_end FUN_overlay_d_11__02175cf4
_02175D1A:
	mov r0, #0
_02175D1C:
	pop {r4, pc}
	.balign 4, 0

	thumb_func_start FUN_overlay_d_11__02175d20
FUN_overlay_d_11__02175d20: ; 0x02175D20
	mov r1, #0x69
	mov r2, #0
	lsl r1, r1, #2
	strb r2, [r0, r1]
	bx lr
	.balign 4, 0
	thumb_func_end FUN_overlay_d_11__02175d20
_02175D2C:
	.byte 0x69, 0x22, 0x92, 0x00
	.byte 0x81, 0x54, 0x70, 0x47

	thumb_func_start FUN_overlay_d_11__02175d34
FUN_overlay_d_11__02175d34: ; 0x02175D34
	push {r3, r4, r5, r6}
	add r4, r1, #0
	add r2, r4, #0
	add r2, #0x78
	add r0, r2, #0
	add r0, #0x2c
	ldrb r0, [r0]
	add r3, r4, #0
	add r3, #0xac
	cmp r0, #4
	beq _02175D74
	add r0, r3, #0
	add r0, #0x2c
	ldrb r0, [r0]
	cmp r0, #4
	bne _02175D74
	add r6, r3, #0
	mov r5, #6
	thumb_func_end FUN_overlay_d_11__02175d34
_02175D58:
	ldmia r2!, {r0, r1}
	stmia r6!, {r0, r1}
	sub r5, r5, #1
	bne _02175D58
	ldr r0, [r2]
	mov r1, #1
	str r0, [r6]
	add r3, #0x37
	ldr r0, _02175D78 ; =0x0000019B
	strb r1, [r3]
	strb r1, [r4, r0]
	mov r1, #0
	add r0, r0, #1
	strb r1, [r4, r0]
_02175D74:
	pop {r3, r4, r5, r6}
	bx lr
	.balign 4, 0
_02175D78: .word 0x0000019B

	thumb_func_start FUN_overlay_d_11__02175d7c
FUN_overlay_d_11__02175d7c: ; 0x02175D7C
	push {r4, r5}
	add r3, r1, #0
	add r5, r3, #0
	add r5, #0xac
	mov r4, #7
	thumb_func_end FUN_overlay_d_11__02175d7c
_02175D86:
	ldmia r2!, {r0, r1}
	stmia r5!, {r0, r1}
	sub r4, r4, #1
	bne _02175D86
	ldr r0, [r2]
	ldr r1, _02175DA4 ; =0x000001A5
	str r0, [r5]
	ldrb r2, [r3, r1]
	mov r0, #1
	bic r2, r0
	mov r0, #1
	orr r0, r2
	strb r0, [r3, r1]
	pop {r4, r5}
	bx lr
	.balign 4, 0
_02175DA4: .word 0x000001A5

	thumb_func_start FUN_overlay_d_11__02175da8
FUN_overlay_d_11__02175da8: ; 0x02175DA8
	ldr r1, _02175DC8 ; =0x000001A5
	add r2, r0, #0
	ldrb r0, [r0, r1]
	add r2, #0xac
	lsl r0, r0, #0x1f
	lsr r0, r0, #0x1f
	cmp r0, #1
	bne _02175DC4
	add r2, #0x2c
	ldrb r0, [r2]
	cmp r0, #4
	beq _02175DC4
	mov r0, #1
	bx lr
	thumb_func_end FUN_overlay_d_11__02175da8
_02175DC4:
	mov r0, #0
	bx lr
	.balign 4, 0
_02175DC8: .word 0x000001A5

	thumb_func_start FUN_overlay_d_11__02175dcc
FUN_overlay_d_11__02175dcc: ; 0x02175DCC
	push {r4, lr}
	add r4, r0, #0
	bl FUN_overlay_d_11__02175b14
	cmp r0, #0
	bne _02175DDC
	mov r0, #6
	pop {r4, pc}
	thumb_func_end FUN_overlay_d_11__02175dcc
_02175DDC:
	ldr r0, [r4, #0x7c]
	lsl r0, r0, #0x1c
	lsr r0, r0, #0x1c
	pop {r4, pc}

	thumb_func_start FUN_overlay_d_11__02175de4
FUN_overlay_d_11__02175de4: ; 0x02175DE4
	push {r4, r5, r6, lr}
	add r4, r0, #0
	ldr r0, [r4, #4]
	bl FUN_02026478
	add r6, r0, #0
	mov r0, #0x96
	lsl r0, r0, #2
	add r4, r4, r0
	add r0, r4, #0
	add r0, #0x37
	ldrb r0, [r0]
	cmp r0, #1
	bne _02175E04
	mov r0, #0
	pop {r4, r5, r6, pc}
	thumb_func_end FUN_overlay_d_11__02175de4
_02175E04:
	mov r5, #0
_02175E06:
	add r0, r6, #0
	bl FUN_02012B58
	add r1, r4, r5
	add r1, #0x34
	ldrb r1, [r1]
	cmp r1, r0
	bne _02175E24
	ldr r0, [r4]
	lsl r0, r0, #0xa
	lsr r0, r0, #0x19
	cmp r0, #0x14
	bls _02175E2C
	mov r0, #1
	pop {r4, r5, r6, pc}
_02175E24:
	add r5, r5, #1
	cmp r5, #3
	blt _02175E06
	mov r0, #0
_02175E2C:
	pop {r4, r5, r6, pc}
	.balign 4, 0

	thumb_func_start FUN_overlay_d_11__02175e30
FUN_overlay_d_11__02175e30: ; 0x02175E30
	push {r3, r4, r5, r6, r7, lr}
	add r5, r2, #0
	add r7, r0, #0
	add r6, r1, #0
	bl FUN_020127B8
	add r1, r5, #0
	add r1, #0x34
	add r4, r0, #0
	ldrb r1, [r1]
	add r0, r7, #0
	bl FUN_02012950
	add r1, r5, #0
	add r1, #0x34
	ldrb r2, [r1]
	mov r1, #0x1c
	mul r1, r2
	add r1, r6, r1
	add r1, #0xa7
	ldrb r1, [r1]
	lsl r1, r1, #0x1a
	lsr r6, r1, #0x1a
	bl FUN_02008530
	add r1, r0, #0
	lsl r0, r6, #0x18
	lsr r0, r0, #0x18
	bl FUN_021584F4
	cmp r0, #0x14
	bne _02175E7E
	ldr r0, [r5, #4]
	mov r1, #1
	lsl r0, r0, #0x1c
	lsr r0, r0, #0x1c
	add r0, r4, r0
	strb r1, [r0, #6]
	pop {r3, r4, r5, r6, r7, pc}
	thumb_func_end FUN_overlay_d_11__02175e30
_02175E7E:
	cmp r0, #0x15
	bne _02175E8E
	ldr r0, [r5, #4]
	mov r1, #2
	lsl r0, r0, #0x1c
	lsr r0, r0, #0x1c
	add r0, r4, r0
	strb r1, [r0, #6]
_02175E8E:
	pop {r3, r4, r5, r6, r7, pc}

	thumb_func_start FUN_overlay_d_11__02175e90
FUN_overlay_d_11__02175e90: ; 0x02175E90
	push {r3, r4, r5, lr}
	add r4, r1, #0
	add r5, r0, #0
	add r0, r4, #0
	bl FUN_overlay_d_11__02175da8
	cmp r0, #0
	bne _02175EA4
	mov r0, #0
	pop {r3, r4, r5, pc}
	thumb_func_end FUN_overlay_d_11__02175e90
_02175EA4:
	add r0, r5, #0
	add r1, r4, #0
	bl FUN_overlay_d_11__02175de4
	cmp r0, #0
	ble _02175EB4
	mov r0, #1
	pop {r3, r4, r5, pc}
_02175EB4:
	mov r0, #0
	pop {r3, r4, r5, pc}

	thumb_func_start FUN_overlay_d_11__02175eb8
FUN_overlay_d_11__02175eb8: ; 0x02175EB8
	push {r3, lr}
	bl FUN_overlay_d_11__02175bcc
	cmp r0, #0
	bne _02175EC6
	mov r0, #0
	pop {r3, pc}
	thumb_func_end FUN_overlay_d_11__02175eb8
_02175EC6:
	add r0, #0x37
	ldrb r0, [r0]
	cmp r0, #1
	bne _02175ED2
	mov r0, #1
	pop {r3, pc}
_02175ED2:
	mov r0, #0
	pop {r3, pc}
	.balign 4, 0
_02175ED8:
	.byte 0x02, 0x49, 0x40, 0x5C, 0xC0, 0x06, 0xC0, 0x0F
	.byte 0x70, 0x47, 0xC0, 0x46, 0xA5, 0x01, 0x00, 0x00

	thumb_func_start FUN_overlay_d_11__02175ee8
FUN_overlay_d_11__02175ee8: ; 0x02175EE8
	push {r4, lr}
	mov r1, #0
	mov r2, #0x14
	add r4, r0, #0
	blx MI_CpuFill8
	mov r0, #4
	strb r0, [r4, #0x10]
	pop {r4, pc}
	.balign 4, 0
	thumb_func_end FUN_overlay_d_11__02175ee8

	thumb_func_start FUN_overlay_d_11__02175efc
FUN_overlay_d_11__02175efc: ; 0x02175EFC
	push {r3, r4, r5, lr}
	add r4, r1, #0
	strb r2, [r4, #0x10]
	ldr r0, [r0, #4]
	bl FUN_02026478
	ldrb r1, [r4, #0x10]
	bl FUN_021583EC
	add r5, r0, #0
	add r1, r4, #0
	mov r2, #8
	bl FUN_020084F8
	add r0, r5, #0
	bl FUN_02008550
	ldrb r2, [r4, #0x11]
	mov r1, #1
	lsl r0, r0, #0x18
	bic r2, r1
	lsr r1, r0, #0x18
	mov r0, #1
	and r0, r1
	orr r0, r2
	strb r0, [r4, #0x11]
	pop {r3, r4, r5, pc}
	.balign 4, 0
	thumb_func_end FUN_overlay_d_11__02175efc

	thumb_func_start FUN_overlay_d_11__02175f34
FUN_overlay_d_11__02175f34: ; 0x02175F34
	push {r3, r4, r5, r6, r7, lr}
	sub sp, #0x10
	add r7, r0, #0
	ldr r0, [r7, #4]
	add r4, r1, #0
	str r2, [sp]
	add r5, r3, #0
	bl FUN_02026478
	mov r1, #0x28
	mul r1, r5
	add r4, r4, r1
	ldrb r1, [r4, #0x10]
	str r0, [sp, #4]
	cmp r1, #1
	beq _02175FB0
	add r1, r5, #0
	bl FUN_021583CC
	add r6, r0, #0
	ldr r0, [sp, #4]
	add r1, r5, #0
	bl FUN_021583EC
	str r0, [sp, #8]
	bl FUN_0200855C
	str r0, [sp, #0xc]
	ldr r0, [sp, #8]
	bl FUN_02008530
	add r1, r0, #0
	ldr r0, [sp, #0xc]
	bl FUN_021584F4
	cmp r0, #0x15
	bne _02175F82
	mov r0, #1
	b _02175F84
	thumb_func_end FUN_overlay_d_11__02175f34
_02175F82:
	mov r0, #0
_02175F84:
	lsl r0, r0, #0x18
	lsr r3, r0, #0x18
	add r2, r4, #0
	mov r1, #8
_02175F8C:
	ldrh r0, [r6]
	add r6, r6, #2
	strh r0, [r2]
	add r2, r2, #2
	sub r1, r1, #1
	bne _02175F8C
	ldr r0, [sp]
	strb r3, [r4, #0x11]
	add r1, r4, #0
	lsl r2, r5, #0x18
	strb r0, [r4, #0x12]
	add r0, r7, #0
	add r1, #0x14
	lsr r2, r2, #0x18
	bl FUN_overlay_d_11__02175efc
	mov r0, #1
	strb r0, [r4, #0x10]
_02175FB0:
	add sp, #0x10
	pop {r3, r4, r5, r6, r7, pc}
_02175FB4:
	.byte 0x00, 0x7C, 0x70, 0x47

	thumb_func_start FUN_overlay_d_11__02175fb8
FUN_overlay_d_11__02175fb8: ; 0x02175FB8
	push {r3, r4, r5, lr}
	add r4, r1, #0
	ldr r0, [r4, #4]
	lsl r1, r0, #0x1c
	lsr r1, r1, #0x1c
	cmp r1, #6
	bhs _02175FE6
	ldr r1, [r4]
	lsl r2, r1, #0xa
	lsr r2, r2, #0x19
	cmp r2, #0x14
	bhi _02175FE6
	lsr r1, r1, #0x16
	cmp r1, #0xb4
	bhi _02175FE6
	lsl r1, r0, #0xe
	lsr r1, r1, #0x15
	cmp r1, #0x2e
	bhs _02175FE6
	lsl r0, r0, #3
	lsr r0, r0, #0x15
	cmp r0, #0x53
	blo _02175FEA
	thumb_func_end FUN_overlay_d_11__02175fb8
_02175FE6:
	mov r0, #0
	pop {r3, r4, r5, pc}
_02175FEA:
	mov r5, #0
_02175FEC:
	add r0, r4, r5
	ldrb r0, [r0, #0x10]
	cmp r0, #5
	blo _02175FF8
	mov r0, #0
	pop {r3, r4, r5, pc}
_02175FF8:
	lsl r0, r5, #1
	add r0, r4, r0
	ldrh r0, [r0, #0xa]
	bl FUN_overlay_d_11__021756b0
	cmp r0, #0
	bne _0217600A
	mov r0, #0
	pop {r3, r4, r5, pc}
_0217600A:
	add r5, r5, #1
	cmp r5, #3
	blt _02175FEC
	mov r5, #0
_02176012:
	ldr r0, [r4, #4]
	lsl r0, r0, #0x1c
	lsr r0, r0, #0x1c
	cmp r0, #3
	bne _0217602A
	ldrh r0, [r4, #0x14]
	bl FUN_overlay_d_11__021756d0
	cmp r0, #0
	bne _0217603C
	mov r0, #0
	pop {r3, r4, r5, pc}
_0217602A:
	cmp r0, #4
	bne _0217603C
	ldrh r0, [r4, #0x16]
	bl FUN_overlay_d_11__021756d0
	cmp r0, #0
	bne _0217603C
	mov r0, #0
	pop {r3, r4, r5, pc}
_0217603C:
	add r5, r5, #1
	cmp r5, #2
	blt _02176012
	mov r0, #1
	pop {r3, r4, r5, pc}
	.balign 4, 0

	thumb_func_start FUN_overlay_d_11__02176048
FUN_overlay_d_11__02176048: ; 0x02176048
	push {r4, r5, r6, r7, lr}
	sub sp, #0xc
	add r6, r1, #0
	str r0, [sp]
	add r0, r3, #0
	add r5, r0, #0
	mov r1, #0x38
	add r0, r6, #0
	mul r5, r1
	str r0, [sp, #8]
	add r0, #0xe8
	add r7, r2, #0
	add r4, r6, #0
	str r0, [sp, #8]
	add r0, r0, r5
	mov r1, #0
	mov r2, #0x38
	str r3, [sp, #4]
	add r4, #0x78
	blx MI_CpuFill8
	mov r0, #0x6b
	ldr r1, [sp]
	lsl r0, r0, #2
	add r0, r1, r0
	bl FUN_overlay_d_11__02175b14
	cmp r0, #1
	bne _0217608E
	ldr r0, [sp, #8]
	mov r1, #2
	strb r1, [r0, r5]
	add sp, #0xc
	mov r0, #0
	pop {r4, r5, r6, r7, pc}
	thumb_func_end FUN_overlay_d_11__02176048
_0217608E:
	mov r0, #0x6b
	ldr r1, [sp]
	lsl r0, r0, #2
	add r0, r1, r0
	add r1, r7, #0
	bl FUN_overlay_d_11__02175fb8
	cmp r0, #0
	bne _021760AC
	ldr r0, [sp, #8]
	mov r1, #2
	strb r1, [r0, r5]
	add sp, #0xc
	mov r0, #0
	pop {r4, r5, r6, r7, pc}
_021760AC:
	ldr r0, [r7, #4]
	lsl r0, r0, #0x1c
	lsr r0, r0, #0x1c
	beq _021760B8
	cmp r0, #3
	bne _021760D4
_021760B8:
	blx FUN_020392B8
	cmp r0, #2
	bne _021760C8
	blx FUN_0203D1B4
	cmp r0, #2
	beq _021760D4
_021760C8:
	ldr r0, [sp, #8]
	mov r1, #4
	strb r1, [r0, r5]
	add sp, #0xc
	mov r0, #0
	pop {r4, r5, r6, r7, pc}
_021760D4:
	add r2, r7, #0
	ldmia r2!, {r0, r1}
	add r3, r4, #0
	stmia r3!, {r0, r1}
	ldmia r2!, {r0, r1}
	stmia r3!, {r0, r1}
	ldmia r2!, {r0, r1}
	stmia r3!, {r0, r1}
	add r2, r7, #0
	add r1, r4, #0
	add r2, #0x18
	add r1, #0x18
	mov r0, #0xa
_021760EE:
	ldrh r3, [r2]
	add r2, r2, #2
	strh r3, [r1]
	add r1, r1, #2
	sub r0, r0, #1
	bne _021760EE
	add r1, r4, #0
	ldr r0, [sp, #4]
	add r1, #0x2c
	strb r0, [r1]
	add r0, r7, #0
	add r0, #0x28
	ldrb r1, [r0]
	add r0, r4, #0
	add r0, #0x2d
	strb r1, [r0]
	add r0, r7, #0
	add r0, #0x2c
	ldrb r1, [r0]
	add r0, r4, #0
	add r0, #0x2e
	strb r1, [r0]
	mov r0, #0xa
	strh r0, [r4, #0x30]
	ldr r0, [r7]
	add r2, r6, r5
	lsr r0, r0, #0x16
	strh r0, [r4, #0x32]
	add r2, #0xec
	mov r3, #6
_0217612A:
	ldmia r4!, {r0, r1}
	stmia r2!, {r0, r1}
	sub r3, r3, #1
	bne _0217612A
	ldr r0, [r4]
	mov r1, #1
	str r0, [r2]
	ldr r0, [sp, #8]
	strb r1, [r0, r5]
	add r0, r6, #0
	bl FUN_overlay_d_11__02175920
	blx FUN_0203F4FC
	mov r1, #0x19
	lsl r1, r1, #4
	str r0, [r6, r1]
	mov r0, #0
	add r1, #0xc
	strb r0, [r6, r1]
	mov r0, #1
	add sp, #0xc
	pop {r4, r5, r6, r7, pc}

	thumb_func_start FUN_overlay_d_11__02176158
FUN_overlay_d_11__02176158: ; 0x02176158
	push {r3, r4, r5, r6, r7, lr}
	add r7, r1, #0
	add r6, r7, #0
	str r0, [sp]
	mov r4, #0
	add r6, #0xe8
	thumb_func_end FUN_overlay_d_11__02176158
_02176164:
	mov r0, #0x38
	add r5, r4, #0
	mul r5, r0
	add r0, r7, r5
	add r0, #0xe8
	ldrb r0, [r0]
	cmp r0, #0
	beq _0217618C
	ldr r0, [sp]
	add r1, r6, r5
	add r2, r4, #0
	bl FUN_overlay_d_11__02173e6c
	cmp r0, #1
	bne _0217618C
	add r0, r6, r5
	mov r1, #0
	mov r2, #0x38
	blx MI_CpuFill8
_0217618C:
	add r4, r4, #1
	cmp r4, #3
	blt _02176164
	pop {r3, r4, r5, r6, r7, pc}

	thumb_func_start FUN_overlay_d_11__02176194
FUN_overlay_d_11__02176194: ; 0x02176194
	push {r3, r4, r5, r6, r7, lr}
	add r7, r0, #0
	add r6, r1, #0
	mov r4, #0
	thumb_func_end FUN_overlay_d_11__02176194
_0217619C:
	ldr r0, _021761C0 ; =0x00000197
	add r5, r6, r4
	ldrb r1, [r5, r0]
	cmp r1, #0
	beq _021761B8
	add r0, r7, #0
	add r2, r4, #0
	bl FUN_overlay_d_11__021740ac
	cmp r0, #1
	bne _021761B8
	ldr r0, _021761C0 ; =0x00000197
	mov r1, #0
	strb r1, [r5, r0]
_021761B8:
	add r4, r4, #1
	cmp r4, #3
	blt _0217619C
	pop {r3, r4, r5, r6, r7, pc}
	.balign 4, 0
_021761C0: .word 0x00000197
_021761C4:
	.byte 0x18, 0xB4, 0x0B, 0x78, 0x07, 0x4A, 0x83, 0x54, 0x01, 0x2B, 0x09, 0xD1
	.byte 0x03, 0x1C, 0x0C, 0x1D, 0x78, 0x33, 0x06, 0x22, 0x03, 0xCC, 0x03, 0xC3, 0x52, 0x1E, 0xFB, 0xD1
	.byte 0x20, 0x68, 0x18, 0x60, 0x18, 0xBC, 0x70, 0x47, 0xA3, 0x01, 0x00, 0x00, 0x10, 0xB5, 0x03, 0x49
	.byte 0x44, 0x5C, 0x00, 0xF0, 0x05, 0xF8, 0x20, 0x1C, 0x10, 0xBD, 0xC0, 0x46, 0xA3, 0x01, 0x00, 0x00

	thumb_func_start FUN_overlay_d_11__02176200
FUN_overlay_d_11__02176200: ; 0x02176200
	ldr r1, _02176208 ; =0x000001A3
	mov r2, #0
	strb r2, [r0, r1]
	bx lr
	.balign 4, 0
	thumb_func_end FUN_overlay_d_11__02176200
_02176208: .word 0x000001A3

	thumb_func_start FUN_overlay_d_11__0217620c
FUN_overlay_d_11__0217620c: ; 0x0217620C
	push {r3, r4, r5, lr}
	add r5, r0, #0
	add r4, r1, #0
	bl FUN_overlay_d_11__02175b14
	cmp r0, #0
	bne _0217621E
	mov r0, #0
	pop {r3, r4, r5, pc}
	thumb_func_end FUN_overlay_d_11__0217620c
_0217621E:
	add r5, #0xa0
	ldrb r0, [r5]
	cmp r0, r4
	bne _0217622A
	mov r0, #1
	pop {r3, r4, r5, pc}
_0217622A:
	mov r0, #0
	pop {r3, r4, r5, pc}
	.balign 4, 0

	thumb_func_start FUN_overlay_d_11__02176230
FUN_overlay_d_11__02176230: ; 0x02176230
	push {r3, r4, r5, lr}
	add r4, r1, #0
	add r5, r0, #0
	add r0, r4, #0
	bl FUN_overlay_d_11__02175b14
	cmp r0, #0
	bne _02176250
	ldr r0, [r5, #4]
	bl FUN_02026478
	bl FUN_02012B58
	lsl r0, r0, #0x18
	lsr r0, r0, #0x18
	pop {r3, r4, r5, pc}
	thumb_func_end FUN_overlay_d_11__02176230
_02176250:
	add r4, #0xa0
	ldrb r0, [r4]
	pop {r3, r4, r5, pc}
	.balign 4, 0

	thumb_func_start FUN_overlay_d_11__02176258
FUN_overlay_d_11__02176258: ; 0x02176258
	push {r4, lr}
	add r4, r0, #0
	ldr r0, [r4, #4]
	bl FUN_02026478
	bl FUN_02012B58
	add r1, r0, #0
	mov r0, #0x6b
	lsl r0, r0, #2
	add r0, r4, r0
	bl FUN_overlay_d_11__0217620c
	cmp r0, #1
	bne _0217627A
	mov r0, #1
	pop {r4, pc}
	thumb_func_end FUN_overlay_d_11__02176258
_0217627A:
	mov r0, #0
	pop {r4, pc}
	.balign 4, 0

	thumb_func_start FUN_overlay_d_11__02176280
FUN_overlay_d_11__02176280: ; 0x02176280
	push {r4, r5, r6, r7, lr}
	sub sp, #0xc
	add r6, r1, #0
	add r1, sp, #0x20
	ldrh r1, [r1]
	add r5, r0, #0
	str r3, [sp, #8]
	add r0, r3, #0
	add r7, r2, #0
	blx FUN_020457B0
	ldr r2, [sp, #8]
	add r1, r7, #0
	add r4, r0, #0
	blx FUN_02045994
	mov r0, #1
	str r0, [sp]
	mov r0, #2
	str r0, [sp, #4]
	ldr r3, [sp, #0x24]
	add r0, r5, #0
	add r1, r6, #0
	add r2, r4, #0
	bl FUN_0201EE0C
	add r0, r4, #0
	blx FUN_02045808
	add sp, #0xc
	pop {r4, r5, r6, r7, pc}
	.balign 4, 0
	thumb_func_end FUN_overlay_d_11__02176280

	thumb_func_start FUN_overlay_d_11__021762c0
FUN_overlay_d_11__021762c0: ; 0x021762C0
	push {r3, lr}
	sub sp, #8
	str r3, [sp]
	ldrb r3, [r2, #0x11]
	lsl r3, r3, #0x1f
	lsr r3, r3, #0x1f
	str r3, [sp, #4]
	mov r3, #8
	bl FUN_overlay_d_11__02176280
	add sp, #8
	pop {r3, pc}
	thumb_func_end FUN_overlay_d_11__021762c0

	thumb_func_start FUN_overlay_d_11__021762d8
FUN_overlay_d_11__021762d8: ; 0x021762D8
	push {r3, r4, r5, r6, r7, lr}
	sub sp, #8
	add r4, r0, #0
	ldr r0, [r4, #4]
	add r6, r1, #0
	lsl r0, r0, #0x1c
	lsr r0, r0, #0x1c
	add r5, r2, #0
	add r7, r3, #0
	cmp r0, #5
	bhi _02176384
	add r0, r0, r0
	add r0, pc
	ldrh r0, [r0, #6]
	lsl r0, r0, #0x10
	asr r0, r0, #0x10
	add pc, r0
	thumb_func_end FUN_overlay_d_11__021762d8
_021762FA: ; jump table
	.hword 0x000A ; case 0
	.hword 0x0028 ; case 1
	.hword 0x003E ; case 2
	.hword 0x0040 ; case 3
	.hword 0x006A ; case 4
	.hword 0x007E ; case 5
_02176306:
	add r0, r5, #0
	mov r1, #0
	add r2, r6, #0
	mov r7, #0
	bl FUN_overlay_d_11__021762c0
	ldrh r2, [r4, #0x14]
	str r7, [sp]
	mov r1, #1
	str r1, [sp, #4]
	add r0, r5, #0
	mov r3, #3
_0217631E:
	bl FUN_0201EFA4
	b _02176384
_02176324:
	add r0, r5, #0
	mov r1, #0
	add r2, r6, #0
	bl FUN_overlay_d_11__021762c0
	ldrh r2, [r4, #0x14]
	add r0, r5, #0
	mov r1, #1
	bl FUN_0201F184
	b _02176384
_0217633A:
	b _02176324
_0217633C:
	add r7, r4, #0
	add r0, r5, #0
	mov r1, #0
	add r2, r6, #0
	add r7, #0x14
	bl FUN_overlay_d_11__021762c0
	ldrh r2, [r4, #0x14]
	add r0, r5, #0
	mov r1, #1
	mov r6, #1
	bl FUN_0201EF40
	mov r0, #0
	str r0, [sp]
	str r6, [sp, #4]
	add r0, r5, #0
	mov r1, #2
	ldrh r2, [r7, #2]
	mov r3, #5
	b _0217631E
_02176366:
	ldrh r2, [r4, #0x16]
	add r0, r5, #0
	mov r1, #0
	bl FUN_0201EF40
	add r0, r5, #0
	mov r1, #1
	add r2, r6, #0
	add r3, r7, #0
	b _02176380
_0217637A:
	add r0, r5, #0
	mov r1, #0
	add r2, r6, #0
_02176380:
	bl FUN_overlay_d_11__021762c0
_02176384:
	ldr r2, [r4]
	mov r0, #0
	str r0, [sp]
	mov r6, #1
	add r0, r5, #0
	mov r1, #2
	lsr r2, r2, #0x16
	mov r3, #4
	str r6, [sp, #4]
	bl FUN_0201EFA4
	ldr r0, [r4]
	lsl r0, r0, #0xa
	lsr r2, r0, #0x19
	cmp r2, #0x14
	ble _021763A6
	add r2, r6, #0
_021763A6:
	mov r0, #0
	str r0, [sp]
	mov r0, #1
	str r0, [sp, #4]
	add r0, r5, #0
	mov r1, #3
	mov r3, #4
	bl FUN_0201EFA4
	add sp, #8
	pop {r3, r4, r5, r6, r7, pc}

	thumb_func_start FUN_overlay_d_11__021763bc
FUN_overlay_d_11__021763bc: ; 0x021763BC
	push {r4, r5, r6, lr}
	mov r4, #0
	add r5, r0, #0
	add r6, r4, #0
	thumb_func_end FUN_overlay_d_11__021763bc
_021763C4:
	add r0, r5, r4
	strb r6, [r0, #6]
	add r0, r5, #0
	add r1, r4, #0
	bl FUN_overlay_d_11__021763d8
	add r4, r4, #1
	cmp r4, #6
	blt _021763C4
	pop {r4, r5, r6, pc}

	thumb_func_start FUN_overlay_d_11__021763d8
FUN_overlay_d_11__021763d8: ; 0x021763D8
	push {r3, r4, r5, r6, r7, lr}
	add r6, r1, #0
	str r0, [sp]
	ldrh r1, [r0, #0xc]
	ldrh r0, [r0, #0xe]
	mov r4, #0
	add r7, r1, r0
	thumb_func_end FUN_overlay_d_11__021763d8
_021763E6:
	ldr r1, _02176420 ; =_02176C4C
	lsl r2, r4, #2
	ldrb r1, [r1, r2]
	ldr r0, _02176420 ; =_02176C4C
	add r0, r0, r2
	cmp r6, r1
	bne _02176418
	ldrb r1, [r0, #1]
	cmp r1, r7
	bgt _02176418
	ldrb r2, [r0, #3]
	mov r1, #2
	tst r1, r2
	beq _02176418
	ldrb r5, [r0, #2]
	cmp r5, #0x64
	beq _02176412
	mov r0, #0x65
	bl FUN_020056EC
	cmp r5, r0
	blo _02176418
_02176412:
	ldr r0, [sp]
	strb r4, [r0, r6]
	pop {r3, r4, r5, r6, r7, pc}
_02176418:
	add r4, r4, #1
	cmp r4, #0xe0
	blo _021763E6
	pop {r3, r4, r5, r6, r7, pc}
	.balign 4, 0
_02176420: .word 0x02176C4C

	thumb_func_start FUN_overlay_d_11__02176424
FUN_overlay_d_11__02176424: ; 0x02176424
	push {r4, lr}
	mov r3, #0
	thumb_func_end FUN_overlay_d_11__02176424
_02176428:
	add r4, r0, r3
	ldrb r4, [r4, #6]
	cmp r4, #0
	bne _02176434
	mov r0, #0
	pop {r4, pc}
_02176434:
	cmp r4, #1
	bne _02176440
	ldrb r4, [r1]
	add r4, r4, #1
	strb r4, [r1]
	b _02176446
_02176440:
	ldrb r4, [r2]
	add r4, r4, #1
	strb r4, [r2]
_02176446:
	add r3, r3, #1
	cmp r3, #6
	blt _02176428
	bl FUN_overlay_d_11__021763bc
	mov r0, #1
	pop {r4, pc}
_02176454:
	.byte 0xF8, 0xB5, 0x82, 0xB0, 0x01, 0x24, 0x24, 0x02, 0x16, 0x1C, 0x21, 0x1C
	.byte 0x04, 0x22, 0x00, 0x25, 0xBB, 0xF6, 0x9A, 0xE8, 0x00, 0x21, 0x22, 0x1C, 0x07, 0x1C, 0x0C, 0xF7
	.byte 0xAE, 0xEB, 0x04, 0x20, 0xBA, 0xF6, 0x56, 0xEF, 0x39, 0x1C, 0xF4, 0x31, 0x08, 0x60, 0x30, 0x68
	.byte 0x9B, 0xF6, 0x38, 0xFE, 0x9C, 0xF6, 0x56, 0xFA, 0x00, 0x90, 0xA5, 0xF6, 0xD3, 0xFA, 0x00, 0x98
	.byte 0xA4, 0xF6, 0xC2, 0xFA, 0x01, 0x90, 0x04, 0x20, 0xA4, 0xF6, 0x42, 0xFA, 0x39, 0x1C, 0xF8, 0x31
	.byte 0x08, 0x60, 0x01, 0x98, 0x00, 0x24, 0x00, 0x28, 0x20, 0xDD
_021764AA:
	ldrb r0, [r6, #6]
	cmp r5, r0
	bge _021764EC
	ldr r0, [sp]
	add r1, r4, #0
	bl FUN_0201AB34
	cmp r0, #1
	bne _021764E4
	ldr r0, [sp]
	add r1, r4, #0
	bl FUN_0201AB28
	add r1, r0, #0
	add r0, r7, #0
	add r0, #0xf8
	ldr r0, [r0]
	bl FUN_0201A98C
	add r0, r7, #0
	add r0, #0xf8
	ldr r0, [r0]
	add r1, r5, #0
	bl FUN_0201AB28
	ldrb r1, [r6, #5]
	bl FUN_02019CA0
	add r5, r5, #1
_021764E4:
	ldr r0, [sp, #4]
	add r4, r4, #1
	cmp r4, r0
	blt _021764AA
_021764EC:
	cmp r5, #0
	bgt _021764FA
	ldr r0, _02176500 ; =_02177010
	mov r1, #0
	add r2, r0, #0
	blx FUN_02034714
_021764FA:
	mov r0, #1
	add sp, #8
	pop {r3, r4, r5, r6, r7, pc}
	.balign 4, 0
_02176500: .word 0x02177010
_02176504:
	.byte 0xF8, 0xB5
_02176506:
	.byte 0x82, 0xB0, 0x16, 0x1C, 0x30, 0x68, 0x0C, 0x1C, 0x1D, 0x1C
	.byte 0x9B, 0xF6, 0xF0, 0xFD, 0x01, 0x90, 0x30, 0x68, 0x9B, 0xF6, 0x0E, 0xFE, 0x28, 0x1C, 0xF4, 0x30
	.byte 0x00, 0x68, 0xBA, 0xF6, 0x06, 0xEF, 0x07, 0x1C, 0x99, 0xF6, 0xFC, 0xFA, 0x00, 0x28, 0x03, 0xD1
	.byte 0xC6, 0xF6, 0x44, 0xEC, 0x01, 0x28, 0x06, 0xD1

	thumb_func_start LAB_overlay_d_11__02176538
LAB_overlay_d_11__02176538: ; 0x02176538
	ldr r0, [r4]
	cmp r0, #0
	ble _02176546
	cmp r0, #6
	bge _02176546
	mov r0, #7
	str r0, [r4]
	thumb_func_end LAB_overlay_d_11__02176538
_02176546:
	ldr r0, [r4]
	cmp r0, #7
	bls _0217654E
	b _02176694
_0217654E:
	add r1, r0, r0
	add r1, pc
	ldrh r1, [r1, #6]
	lsl r1, r1, #0x10
	asr r1, r1, #0x10
	add pc, r1
_0217655A: ; jump table
	.hword 0x000E ; case 0
	.hword 0x007A ; case 1
	.hword 0x00A4 ; case 2
	.hword 0x00CE ; case 3
	.hword 0x00E0 ; case 4
	.hword 0x00F2 ; case 5
	.hword 0x0106 ; case 6
_02176568:
	.byte 0x0C, 0x01
_0217656A:
	blx FUN_020399A8
	add r2, r0, #0
	mov r0, #4
	str r0, [sp]
	ldr r1, [sp, #4]
	add r0, r5, #0
	mov r3, #1
	mov r7, #1
	bl FUN_02013790
	add r1, r5, #0
	add r1, #0xf8
	ldr r1, [r1]
	add r0, r5, #0
	mov r2, #0
	bl FUN_02013128
	blx FUN_02039338
	ldrb r1, [r6, #4]
	cmp r0, r1
	bge _021765A2
	add r1, r5, #0
	add r1, #0x21
	mov r0, #0
	strb r0, [r1]
	b _021765A8
_021765A2:
	add r0, r5, #0
	add r0, #0x21
	strb r7, [r0]
_021765A8:
	mov r0, #0xf
	str r0, [r5, #0xc]
	mov r0, #0x49
	lsl r0, r0, #4
	strh r0, [r5, #0x18]
	blx FUN_02039338
	ldrb r1, [r6, #4]
	mov r3, #1
	lsl r3, r1
	mov r1, #1
	lsl r1, r0
	add r0, r5, #0
	orr r1, r3
	add r0, #0x84
	strh r1, [r0]
	mov r0, #0x1e
	add r5, #0x76
	strh r0, [r5]
_021765CE:
	ldr r0, [r4]
_021765D0:
	add r0, r0, #1
	str r0, [r4]
	b _02176694
_021765D6:
	blx FUN_020399A8
	add r5, r0, #0
	blx FUN_02039338
	add r3, r0, #0
	add r0, r5, #0
	mov r1, #0x15
_021765E6:
	ldrb r5, [r6, #4]
	mov r6, #1
	mov r2, #2
	lsl r6, r5
	mov r5, #1
	lsl r5, r3
	add r3, r6, #0
	orr r3, r5
	lsl r3, r3, #0x10
	lsr r3, r3, #0x10
	blx FUN_0203A424
	b _021765CE
_02176600:
	blx FUN_020399A8
	mov r1, #0x15
	mov r2, #2
	blx FUN_02039CB4
	cmp r0, #1
	bne _02176694
	ldr r0, _0217669C ; =0x0000005D
	blx FUN_02034AC4
	mov r0, #1
	add r5, #0xfc
	str r0, [r5]
	ldr r1, _021766A0 ; =0x021F03C4
	add r0, #0xff
	mov r2, #9
	mov r3, #0
	blx FUN_0203A574
	b _021765CE
_0217662A:
	blx FUN_020399A8
	add r5, r0, #0
	blx FUN_02039338
	add r3, r0, #0
	add r0, r5, #0
	mov r1, #0x16
	b _021765E6
_0217663C:
	blx FUN_020399A8
	mov r1, #0x16
	mov r2, #2
	blx FUN_02039CB4
	cmp r0, #1
	bne _02176694
	b _021765CE
_0217664E:
	add r0, r5, #0
	add r0, #0xf4
	mov r1, #0
	ldr r0, [r0]
	ldr r2, _021766A4 ; =0x021EFDAC
	mvn r1, r1
	add r3, r5, #0
	blx FUN_02031348
	b _021765CE
_02176662:
	cmp r7, #0
	bne _02176694
	b _021765D0
_02176668:
	.byte 0x28, 0x1C, 0xFC, 0x30, 0x00, 0x68, 0x01, 0x28
	.byte 0x0A, 0xD1, 0xC6, 0xF6, 0x92, 0xEB, 0x01, 0x28, 0x03, 0xD1, 0x01, 0x20, 0x00, 0x02, 0xC3, 0xF6
	.byte 0xB2, 0xEF

	non_word_aligned_thumb_func_start LAB_overlay_d_11__02176682
LAB_overlay_d_11__02176682: ; 0x02176682
	ldr r0, _0217669C ; =0x0000005D
	blx FUN_02034A5C
	thumb_func_end LAB_overlay_d_11__02176682

	thumb_func_start LAB_overlay_d_11__02176688
LAB_overlay_d_11__02176688: ; 0x02176688
	add r0, r5, #0
	bl FUN_020130DC
	add sp, #8
	mov r0, #1
	pop {r3, r4, r5, r6, r7, pc}
_02176694:
	mov r0, #0
	add sp, #8
	pop {r3, r4, r5, r6, r7, pc}
	nop
	thumb_func_end LAB_overlay_d_11__02176688
_0217669C: .word 0x0000005D
_021766A0: .word 0x021F03C4
_021766A4: .word 0x021EFDAC
_021766A8:
	.byte 0x38, 0xB5
_021766AA:
	.byte 0x1C, 0x1C, 0x05, 0x1C, 0x20, 0x1C
	.byte 0xF4, 0x30, 0x00, 0x68, 0xBA, 0xF6, 0x42, 0xEE, 0xF8, 0x34, 0x20, 0x68, 0xBA, 0xF6, 0x78, 0xE8
	.byte 0x28, 0x1C, 0xBA, 0xF6, 0x88, 0xEF, 0x01, 0x20, 0x38, 0xBD, 0x00, 0x00, 0x70, 0xB5, 0x07, 0x4A
	.byte 0x0C, 0x1C, 0x00, 0x21, 0x08, 0x23, 0x05, 0x1C, 0x9B, 0xF6, 0xF2, 0xFD, 0x06, 0x1C, 0x9B, 0xF6
	.byte 0x03, 0xFF, 0x44, 0x60, 0x05, 0x60, 0x30, 0x1C, 0x70, 0xBD, 0xC0, 0x46, 0xF1, 0x66, 0x17, 0x02
	.byte 0x78, 0xB5, 0x83, 0xB0, 0x15, 0x1C, 0x06, 0x1C, 0x28, 0x68, 0x0C, 0x1C, 0x9B, 0xF6, 0x06, 0xFD
	.byte 0x22, 0x68, 0x01, 0x1C, 0x07, 0x2A, 0x43, 0xD8, 0x92, 0x18, 0x7A, 0x44, 0xD2, 0x88, 0x12, 0x04
	.byte 0x12, 0x14, 0x97, 0x44, 0x0E, 0x00, 0x28, 0x00, 0x36, 0x00, 0x3E, 0x00, 0x4E, 0x00, 0x56, 0x00
	.byte 0x5E, 0x00, 0x66, 0x00, 0x49, 0x21, 0x28, 0x68, 0x09, 0x01, 0xB3, 0xF6, 0x4F, 0xFA, 0x01, 0x1C
	.byte 0x30, 0x1C, 0x9B, 0xF6, 0x1F, 0xFE, 0x20, 0x68, 0x40, 0x1C, 0x20, 0x60, 0x2B, 0xE0, 0x13, 0xF0
	.byte 0x63, 0xF9, 0x31, 0x1C, 0x05, 0x22, 0x58, 0xF0, 0xA7, 0xFE, 0xF4, 0xE7, 0x28, 0x68, 0x9D, 0xF6
	.byte 0xC5, 0xFE, 0xEC, 0xE7, 0x00, 0x21, 0x11, 0x4A, 0x6B, 0x68, 0x30, 0x1C, 0xC9, 0x43, 0x9B, 0xF6
	.byte 0x71, 0xFE, 0xF2, 0xE7, 0x28, 0x68, 0xB3, 0xF6, 0x4B, 0xFA, 0xE0, 0xE7, 0x28, 0x68, 0x9D, 0xF6
	.byte 0x2D, 0xFF, 0xDC, 0xE7, 0x28, 0x68, 0xB3, 0xF6, 0xA3, 0xFA, 0xD8, 0xE7, 0x01, 0x20, 0x00, 0x90
	.byte 0x00, 0x22, 0x01, 0x92, 0x02, 0x92, 0x28, 0x68, 0x00, 0x23, 0x48, 0xF0, 0xCF, 0xF8, 0xCE, 0xE7
	.byte 0x03, 0xB0, 0x01, 0x20, 0x78, 0xBD, 0x00, 0x20, 0x03, 0xB0, 0x78, 0xBD, 0xCC, 0x6F, 0x17, 0x02
	.byte 0x70, 0xB5, 0x0E, 0x1C, 0x04, 0x1C, 0x30, 0x1C, 0x9C, 0xF6, 0xD6, 0xF9, 0x00, 0x06, 0x05, 0x0E
	.byte 0x20, 0x1C, 0xE1, 0xF7, 0xC7, 0xFD, 0x04, 0x1C, 0x99, 0xF6, 0xB4, 0xF9, 0x00, 0x28, 0x08, 0xD0
	.byte 0x30, 0x1C, 0x9C, 0xF6, 0xDD, 0xF9, 0x00, 0x06, 0x00, 0x0E, 0xA8, 0x42, 0x0F, 0xD1, 0x04, 0x20
	.byte 0x70, 0xBD, 0x00, 0x2C, 0x0A, 0xD0, 0x86, 0x34, 0x20, 0x88, 0x40, 0x07, 0x40, 0x0F, 0xA8, 0x42
	.byte 0x01, 0xD1, 0x04, 0x20, 0x70, 0xBD, 0x00, 0x06, 0x00, 0x0E, 0x70, 0xBD, 0x04, 0x20, 0x70, 0xBD
	.byte 0x70, 0xB5, 0x0E, 0x1C, 0x15, 0x1C, 0xE1, 0xF7, 0xA5, 0xFD, 0x04, 0x1C, 0x09, 0xD0, 0x30, 0x1C
	.byte 0x9C, 0xF6, 0xAA, 0xF9, 0x21, 0x1C, 0x86, 0x31, 0x09, 0x88, 0x49, 0x07, 0x49, 0x0F, 0x81, 0x42
	.byte 0x01, 0xD1, 0x00, 0x22, 0x0C, 0xE0, 0x30, 0x1C, 0x9C, 0xF6, 0x9E, 0xF9, 0x21, 0x1C, 0x86, 0x31
	.byte 0x09, 0x88, 0x49, 0x07, 0x49, 0x0F, 0x0A, 0x1A, 0x02, 0xD5, 0x07, 0x48, 0x20, 0x5C, 0x12, 0x18
	.byte 0x06, 0x4C, 0x2B, 0x1C, 0x03, 0xCC, 0x03, 0xC3, 0x20, 0x68, 0x18, 0x60, 0x29, 0x68, 0x90, 0x05
	.byte 0x08, 0x18, 0x28, 0x60, 0x70, 0xBD, 0xC0, 0x46, 0x02, 0x09, 0x00, 0x00, 0xD8, 0x6F, 0x17, 0x02
	.byte 0x08, 0xB5, 0x00, 0xAA, 0x11, 0x70, 0x01, 0x21, 0x51, 0x70, 0x01, 0x1C, 0x86, 0x31, 0x09, 0x88
	.byte 0x00, 0xAA, 0x49, 0x07, 0x49, 0x0F, 0x09, 0x06, 0x09, 0x0E, 0xFD, 0xF7, 0xF3, 0xFF, 0x08, 0xBD
	.byte 0x02, 0x49, 0x40, 0x5C, 0x80, 0x07, 0xC0, 0x0F, 0x70, 0x47, 0xC0, 0x46, 0xF8, 0x08, 0x00, 0x00
	.byte 0x01, 0x49, 0x40, 0x18, 0x70, 0x47, 0xC0, 0x46, 0x2C, 0x08, 0x00, 0x00, 0x8E, 0x22, 0x12, 0x01
	.byte 0x81, 0x54, 0x01, 0x23, 0x51, 0x1C, 0x43, 0x54, 0x70, 0x47, 0x00, 0x00, 0x38, 0xB5, 0x09, 0x4B
	.byte 0xC4, 0x5C, 0x62, 0x07, 0xD5, 0x0F, 0x04, 0x22, 0x94, 0x43, 0xC4, 0x54, 0x01, 0x2D, 0x06, 0xD1
	.byte 0x08, 0x1C, 0x9D, 0xF6, 0x73, 0xFA, 0x01, 0x28, 0x01, 0xD1, 0x01, 0x20, 0x38, 0xBD, 0x00, 0x20
	.byte 0x38, 0xBD, 0xC0, 0x46, 0xF8, 0x08, 0x00, 0x00
_021768C8:
	.byte 0x38, 0x69, 0x17, 0x02
_021768CC:
	.byte 0x2B, 0x00, 0x00, 0x00
_021768D0:
	.byte 0x00, 0x00, 0x00, 0x00
_021768D4:
	.byte 0x00, 0x00, 0x00, 0x00, 0x00, 0x00, 0x00, 0x00, 0x00, 0x00, 0x00, 0x00
	.byte 0x8D, 0x35, 0x17, 0x02, 0x89, 0x4F, 0x16, 0x02, 0x39, 0x36, 0x17, 0x02, 0x45, 0x36, 0x17, 0x02
	.byte 0x00, 0x00, 0x00, 0x00, 0x55, 0x36, 0x17, 0x02, 0x00, 0x00, 0x00, 0x00, 0x00, 0x00, 0x00, 0x00
	.byte 0x00, 0x00, 0x00, 0x00, 0x00, 0x00, 0x00, 0x00, 0x00, 0x00, 0x00, 0x00, 0x00, 0x00, 0x00, 0x00
	.byte 0x00, 0x00, 0x00, 0x00, 0x01, 0x00, 0x00, 0x00, 0x80, 0x13, 0x00, 0x00, 0x01, 0x00, 0x0D, 0x00
	.byte 0x0F, 0x00, 0x0D, 0x00, 0xF0, 0x00, 0x00, 0x00, 0x03, 0x30, 0x04, 0x01, 0x00, 0x00, 0x01, 0x02
	.byte 0x2C, 0x01, 0x00, 0x00, 0x00, 0x00, 0x00, 0x00
_02176938:
	.byte 0xE1, 0x36, 0x17, 0x02, 0x00, 0x00, 0x00, 0x00
	.byte 0x29, 0x37, 0x17, 0x02, 0x00, 0x00, 0x00, 0x00, 0x9D, 0x37, 0x17, 0x02, 0x00, 0x00, 0x00, 0x00
	.byte 0xCD, 0x37, 0x17, 0x02, 0xC1, 0x36, 0x17, 0x02, 0xBD, 0x38, 0x17, 0x02, 0x00, 0x00, 0x00, 0x00
	.byte 0x2D, 0x39, 0x17, 0x02, 0x00, 0x00, 0x00, 0x00, 0xC9, 0x39, 0x17, 0x02, 0x00, 0x00, 0x00, 0x00
	.byte 0x05, 0x3A, 0x17, 0x02, 0x00, 0x00, 0x00, 0x00, 0xB5, 0x3A, 0x17, 0x02, 0x00, 0x00, 0x00, 0x00
	.byte 0x21, 0x3B, 0x17, 0x02, 0x00, 0x00, 0x00, 0x00, 0x8D, 0x3B, 0x17, 0x02, 0x00, 0x00, 0x00, 0x00
	.byte 0xE5, 0x3B, 0x17, 0x02, 0x00, 0x00, 0x00, 0x00, 0x51, 0x3C, 0x17, 0x02, 0x00, 0x00, 0x00, 0x00
	.byte 0x9D, 0x3C, 0x17, 0x02, 0x00, 0x00, 0x00, 0x00, 0x01, 0x3D, 0x17, 0x02, 0x00, 0x00, 0x00, 0x00
	.byte 0x5D, 0x3D, 0x17, 0x02, 0xA5, 0x36, 0x17, 0x02, 0xE1, 0x3D, 0x17, 0x02, 0x00, 0x00, 0x00, 0x00
	.byte 0x5D, 0x3E, 0x17, 0x02, 0x00, 0x00, 0x00, 0x00, 0xB9, 0x3E, 0x17, 0x02, 0xB1, 0x36, 0x17, 0x02
	.byte 0x4D, 0x3F, 0x17, 0x02, 0x00, 0x00, 0x00, 0x00, 0x9D, 0x3F, 0x17, 0x02, 0x00, 0x00, 0x00, 0x00
	.byte 0xE5, 0x3F, 0x17, 0x02, 0x00, 0x00, 0x00, 0x00, 0x3D, 0x40, 0x17, 0x02, 0x00, 0x00, 0x00, 0x00
	.byte 0x9D, 0x40, 0x17, 0x02, 0x00, 0x00, 0x00, 0x00, 0x0D, 0x41, 0x17, 0x02, 0xD1, 0x36, 0x17, 0x02
	.byte 0x49, 0x42, 0x17, 0x02, 0x00, 0x00, 0x00, 0x00, 0x99, 0x42, 0x17, 0x02, 0x00, 0x00, 0x00, 0x00
	.byte 0xDD, 0x42, 0x17, 0x02, 0x00, 0x00, 0x00, 0x00, 0x21, 0x43, 0x17, 0x02, 0x00, 0x00, 0x00, 0x00
	.byte 0xA1, 0x43, 0x17, 0x02, 0x00, 0x00, 0x00, 0x00, 0xE5, 0x43, 0x17, 0x02, 0x00, 0x00, 0x00, 0x00
	.byte 0x3D, 0x44, 0x17, 0x02, 0x00, 0x00, 0x00, 0x00, 0x9D, 0x44, 0x17, 0x02, 0x00, 0x00, 0x00, 0x00
	.byte 0x15, 0x45, 0x17, 0x02, 0x00, 0x00, 0x00, 0x00, 0xB1, 0x45, 0x17, 0x02, 0x00, 0x00, 0x00, 0x00
	.byte 0x31, 0x46, 0x17, 0x02, 0x00, 0x00, 0x00, 0x00, 0x91, 0x46, 0x17, 0x02, 0x00, 0x00, 0x00, 0x00
	.byte 0xED, 0x46, 0x17, 0x02, 0x00, 0x00, 0x00, 0x00, 0x99, 0x47, 0x17, 0x02, 0x00, 0x00, 0x00, 0x00
	.byte 0xE1, 0x47, 0x17, 0x02, 0x00, 0x00, 0x00, 0x00, 0x2D, 0x48, 0x17, 0x02, 0x00, 0x00, 0x00, 0x00
	.byte 0x99, 0x48, 0x17, 0x02, 0x00, 0x00, 0x00, 0x00, 0x09, 0x49, 0x17, 0x02, 0x00, 0x00, 0x00, 0x00
	.byte 0x0A, 0x00, 0x0B, 0x00, 0x0C, 0x00, 0x0D, 0x00, 0x0E, 0x00, 0x0F, 0x00, 0x10, 0x00, 0x11, 0x00
_02176AA0:
	.byte 0x71, 0x00
_02176AA2:
	.byte 0x24, 0x01, 0x48, 0x38
_02176AA6:
	.byte 0x78, 0x00, 0x25, 0x01, 0x80, 0x38, 0x96, 0x01, 0x3B, 0x01
	.byte 0xB8, 0x38, 0x6B, 0x00, 0x23, 0x01, 0x28, 0x5C, 0x9C, 0x01, 0x3C, 0x01, 0xD8, 0x5C, 0x60, 0x00
	.byte 0x22, 0x01, 0x48, 0x80, 0x3E, 0x00, 0x21, 0x01, 0x80, 0x80, 0x00, 0x00, 0x26, 0x01, 0xB8, 0x80
_02176AD0:
	.byte 0x08, 0x00, 0x07, 0x00, 0x02, 0x00, 0x0E, 0x00, 0x06, 0x00, 0x09, 0x00, 0x0D, 0x00, 0x0A, 0x00
	.byte 0x0B, 0x00, 0x0F, 0x00, 0x03, 0x00, 0x2E, 0x00, 0x2F, 0x00, 0x30, 0x00, 0x31, 0x00, 0x34, 0x00
	.byte 0x2D, 0x00, 0x17, 0x00, 0x1D, 0x00, 0x22, 0x00, 0x23, 0x00, 0x24, 0x00, 0x25, 0x00, 0x18, 0x00
	.byte 0x19, 0x00, 0x1B, 0x00, 0x1C, 0x00, 0x04, 0x00
_02176B08:
	.byte 0x12, 0x11, 0x3A, 0x11, 0x3B, 0x11, 0x0A, 0x00
	.byte 0x74, 0x10, 0x72, 0x10, 0x13, 0x11, 0x14, 0x10, 0xA4, 0x10, 0x29, 0x11, 0x87, 0x10, 0x86, 0x10
	.byte 0x88, 0x10, 0x45, 0x10, 0x0E, 0x11, 0x4A, 0x11, 0x36, 0x10, 0x67, 0x11, 0x8A, 0x10, 0x1B, 0x10
	.byte 0xB8, 0x10, 0x57, 0x11, 0xE3, 0x11, 0x13, 0x10, 0xA3, 0x10, 0x28, 0x11, 0xB2, 0x10, 0xED, 0x11
	.byte 0x43, 0x10, 0x0D, 0x11, 0x49, 0x11, 0x35, 0x10, 0x66, 0x11, 0x54, 0x10, 0x19, 0x10, 0xAE, 0x10
	.byte 0x58, 0x11, 0x24, 0x00, 0x21, 0x00, 0x20, 0x00, 0x0D, 0x00, 0x11, 0x00, 0x2C, 0x00, 0x1E, 0x00
	.byte 0x2E, 0x00, 0x2A, 0x00, 0x2B, 0x00, 0x99, 0x00, 0x4B, 0x00, 0x4C, 0x00, 0x46, 0x00, 0x08, 0x00
	.byte 0x09, 0x00, 0x22, 0x00, 0x32, 0x00, 0x33, 0x00, 0x3D, 0x00, 0x47, 0x00, 0x25, 0x00, 0x48, 0x00
	.byte 0x13, 0x00, 0x16, 0x00, 0x40, 0x00, 0x0C, 0x00, 0x10, 0x00, 0x0B, 0x00, 0x0F, 0x00, 0x0E, 0x00
	.byte 0x34, 0x00, 0x4E, 0x00, 0x41, 0x00, 0x49, 0x00, 0x1C, 0x00, 0x09, 0x10, 0xA2, 0x10, 0x25, 0x11
	.byte 0x4F, 0x11, 0x50, 0x11, 0x53, 0x11, 0x06, 0x10, 0x9F, 0x10, 0x22, 0x11, 0x3A, 0x10, 0xD3, 0x11
	.byte 0x42, 0x11, 0x3F, 0x10, 0xBB, 0x10, 0x31, 0x11, 0x02, 0x10, 0x9B, 0x10, 0x1F, 0x11, 0x2E, 0x10
	.byte 0xC3, 0x10, 0x3F, 0x11, 0x5A, 0x10, 0x48, 0x11, 0x5E, 0x11, 0x4D, 0x10, 0xFC, 0x10, 0x64, 0x11
	.byte 0x0B, 0x10, 0x2D, 0x11, 0xB6, 0x11, 0x1D, 0x10, 0xFE, 0x10, 0xE8, 0x10, 0xEA, 0x11, 0x19, 0x11
	.byte 0x96, 0x11, 0x25, 0x10, 0x4E, 0x11, 0x29, 0x10, 0xF2, 0x10, 0x6A, 0x10, 0xFD, 0x11, 0x81, 0x11
	.byte 0x07, 0x10, 0xA0, 0x10, 0x23, 0x11, 0x51, 0x11, 0x04, 0x10, 0x9D, 0x10, 0x20, 0x11, 0x39, 0x10
	.byte 0xC1, 0x10, 0x40, 0x11, 0x3D, 0x10, 0xBA, 0x10, 0x2F, 0x11, 0x00, 0x10, 0x99, 0x10, 0x1D, 0x11
	.byte 0x59, 0x10, 0x46, 0x11, 0x5D, 0x11, 0x24, 0x10, 0xB6, 0x10, 0x4D, 0x11, 0x2C, 0x10, 0xC2, 0x10
	.byte 0x3E, 0x11, 0x0A, 0x10, 0x2A, 0x11, 0xB5, 0x11, 0xE6, 0x11, 0x17, 0x11, 0x94, 0x11, 0x1C, 0x10
	.byte 0xFD, 0x10, 0x89, 0x11, 0x28, 0x10, 0xF1, 0x10, 0x39, 0x11, 0x69, 0x10, 0xF8, 0x10, 0x4B, 0x10
	.byte 0xFB, 0x10, 0x63, 0x11, 0x30, 0x00, 0x2D, 0x00, 0x53, 0x00, 0x35, 0x00
_02176C4C:
	.byte 0x01, 0x30
_02176C4E:
	.byte 0x19, 0x04
_02176C50:
	.byte 0x01, 0x30, 0x19, 0x03, 0x01, 0x26, 0x19, 0x04, 0x01, 0x26, 0x19, 0x03, 0x01, 0x20, 0x19, 0x04
	.byte 0x01, 0x20, 0x19, 0x03, 0x01, 0x18, 0x19, 0x04, 0x01, 0x18, 0x19, 0x03, 0x01, 0x11, 0x21, 0x04
	.byte 0x01, 0x11, 0x21, 0x03, 0x01, 0x0E, 0x21, 0x04, 0x01, 0x0E, 0x21, 0x03, 0x01, 0x0B, 0x21, 0x04
	.byte 0x01, 0x0B, 0x21, 0x03, 0x01, 0x08, 0x32, 0x04, 0x01, 0x08, 0x32, 0x03, 0x01, 0x05, 0x32, 0x04
	.byte 0x01, 0x05, 0x32, 0x03, 0x01, 0x02, 0x32, 0x04, 0x01, 0x02, 0x32, 0x03, 0x01, 0x00, 0x32, 0x04
	.byte 0x01, 0x00, 0x32, 0x03, 0x01, 0x00, 0x32, 0x04, 0x01, 0x00, 0x32, 0x03, 0x01, 0x00, 0x64, 0x04
	.byte 0x01, 0x00, 0x64, 0x03, 0x02, 0x32, 0x19, 0x04, 0x02, 0x32, 0x19, 0x03, 0x02, 0x28, 0x19, 0x04
	.byte 0x02, 0x28, 0x19, 0x03, 0x02, 0x22, 0x19, 0x04, 0x02, 0x22, 0x19, 0x03, 0x02, 0x19, 0x1E, 0x04
	.byte 0x02, 0x19, 0x1E, 0x03, 0x02, 0x13, 0x1E, 0x04, 0x02, 0x13, 0x1E, 0x03, 0x02, 0x10, 0x1E, 0x04
	.byte 0x02, 0x10, 0x1E, 0x03, 0x02, 0x0D, 0x1E, 0x04, 0x02, 0x0D, 0x1E, 0x03, 0x02, 0x0A, 0x32, 0x04
	.byte 0x02, 0x0A, 0x32, 0x03, 0x02, 0x07, 0x32, 0x04, 0x02, 0x07, 0x32, 0x03, 0x02, 0x04, 0x32, 0x04
	.byte 0x02, 0x04, 0x32, 0x03, 0x02, 0x00, 0x1E, 0x04, 0x02, 0x00, 0x1E, 0x03, 0x02, 0x00, 0x32, 0x04
	.byte 0x02, 0x00, 0x32, 0x03, 0x02, 0x00, 0x64, 0x04, 0x02, 0x00, 0x64, 0x03, 0x00, 0x2A, 0x14, 0x04
	.byte 0x00, 0x2A, 0x14, 0x03, 0x00, 0x22, 0x14, 0x04, 0x00, 0x22, 0x14, 0x03, 0x00, 0x1A, 0x19, 0x04
	.byte 0x00, 0x1A, 0x19, 0x03, 0x00, 0x12, 0x19, 0x04, 0x00, 0x12, 0x19, 0x03, 0x00, 0x0A, 0x21, 0x04
	.byte 0x00, 0x0A, 0x21, 0x03, 0x00, 0x05, 0x21, 0x04, 0x00, 0x05, 0x21, 0x03, 0x00, 0x00, 0x32, 0x04
	.byte 0x00, 0x00, 0x32, 0x03, 0x00, 0x00, 0x64, 0x04, 0x00, 0x00, 0x64, 0x03, 0x05, 0x19, 0x21, 0x04
	.byte 0x05, 0x19, 0x21, 0x03, 0x05, 0x0F, 0x32, 0x04, 0x05, 0x0F, 0x32, 0x03, 0x05, 0x05, 0x32, 0x04
	.byte 0x05, 0x05, 0x32, 0x03, 0x05, 0x00, 0x64, 0x04, 0x05, 0x00, 0x64, 0x03, 0x04, 0x30, 0x0F, 0x04
	.byte 0x04, 0x30, 0x0F, 0x03, 0x04, 0x30, 0x14, 0x04, 0x04, 0x30, 0x14, 0x03, 0x04, 0x30, 0x19, 0x04
	.byte 0x04, 0x30, 0x19, 0x03, 0x04, 0x2B, 0x0F, 0x04, 0x04, 0x2B, 0x0F, 0x03, 0x04, 0x2B, 0x14, 0x04
	.byte 0x04, 0x2B, 0x14, 0x03, 0x04, 0x2B, 0x19, 0x04, 0x04, 0x2B, 0x19, 0x03, 0x04, 0x26, 0x0F, 0x04
	.byte 0x04, 0x26, 0x0F, 0x03, 0x04, 0x26, 0x14, 0x04, 0x04, 0x26, 0x14, 0x03, 0x04, 0x26, 0x19, 0x04
	.byte 0x04, 0x26, 0x19, 0x03, 0x04, 0x21, 0x0F, 0x04, 0x04, 0x21, 0x0F, 0x03, 0x04, 0x21, 0x14, 0x04
	.byte 0x04, 0x21, 0x14, 0x03, 0x04, 0x21, 0x19, 0x04, 0x04, 0x21, 0x19, 0x03, 0x04, 0x1C, 0x0F, 0x04
	.byte 0x04, 0x1C, 0x0F, 0x03, 0x04, 0x1C, 0x14, 0x04, 0x04, 0x1C, 0x14, 0x03, 0x04, 0x1C, 0x19, 0x04
	.byte 0x04, 0x1C, 0x19, 0x03, 0x04, 0x17, 0x14, 0x04, 0x04, 0x17, 0x14, 0x03, 0x04, 0x17, 0x19, 0x04
	.byte 0x04, 0x17, 0x19, 0x03, 0x04, 0x17, 0x1E, 0x04, 0x04, 0x17, 0x1E, 0x03, 0x04, 0x12, 0x14, 0x04
	.byte 0x04, 0x12, 0x14, 0x03, 0x04, 0x12, 0x19, 0x04, 0x04, 0x12, 0x19, 0x03, 0x04, 0x12, 0x1E, 0x04
	.byte 0x04, 0x12, 0x1E, 0x03, 0x04, 0x0D, 0x14, 0x04, 0x04, 0x0D, 0x14, 0x03, 0x04, 0x0D, 0x19, 0x04
	.byte 0x04, 0x0D, 0x19, 0x03, 0x04, 0x0D, 0x1E, 0x04, 0x04, 0x0D, 0x1E, 0x03, 0x04, 0x08, 0x14, 0x04
	.byte 0x04, 0x08, 0x14, 0x03, 0x04, 0x08, 0x19, 0x04, 0x04, 0x08, 0x19, 0x03, 0x04, 0x08, 0x1E, 0x04
	.byte 0x04, 0x08, 0x1E, 0x03, 0x04, 0x04, 0x14, 0x04, 0x04, 0x04, 0x14, 0x03, 0x04, 0x04, 0x19, 0x04
	.byte 0x04, 0x04, 0x19, 0x03, 0x04, 0x04, 0x1E, 0x04, 0x04, 0x04, 0x1E, 0x03, 0x04, 0x04, 0x32, 0x04
	.byte 0x04, 0x04, 0x32, 0x03, 0x04, 0x00, 0x14, 0x04, 0x04, 0x00, 0x14, 0x03, 0x04, 0x00, 0x19, 0x04
	.byte 0x04, 0x00, 0x19, 0x03, 0x04, 0x00, 0x21, 0x04, 0x04, 0x00, 0x21, 0x03, 0x04, 0x00, 0x32, 0x04
	.byte 0x04, 0x00, 0x32, 0x03, 0x04, 0x00, 0x64, 0x04, 0x04, 0x00, 0x64, 0x03, 0x03, 0x36, 0x0F, 0x04
	.byte 0x03, 0x36, 0x0F, 0x03, 0x03, 0x36, 0x14, 0x04, 0x03, 0x36, 0x14, 0x03, 0x03, 0x36, 0x19, 0x04
	.byte 0x03, 0x36, 0x19, 0x03, 0x03, 0x36, 0x1E, 0x04, 0x03, 0x36, 0x1E, 0x03, 0x03, 0x31, 0x0F, 0x04
	.byte 0x03, 0x31, 0x0F, 0x03, 0x03, 0x31, 0x14, 0x04, 0x03, 0x31, 0x14, 0x03, 0x03, 0x31, 0x21, 0x04
	.byte 0x03, 0x31, 0x21, 0x03, 0x03, 0x2C, 0x0F, 0x04, 0x03, 0x2C, 0x0F, 0x03, 0x03, 0x2C, 0x14, 0x04
	.byte 0x03, 0x2C, 0x14, 0x03, 0x03, 0x2C, 0x21, 0x04, 0x03, 0x2C, 0x21, 0x03, 0x03, 0x27, 0x0F, 0x04
	.byte 0x03, 0x27, 0x0F, 0x03, 0x03, 0x27, 0x14, 0x04, 0x03, 0x27, 0x14, 0x03, 0x03, 0x27, 0x21, 0x04
	.byte 0x03, 0x27, 0x21, 0x03, 0x03, 0x22, 0x0F, 0x04, 0x03, 0x22, 0x0F, 0x03, 0x03, 0x22, 0x14, 0x04
	.byte 0x03, 0x22, 0x14, 0x03, 0x03, 0x22, 0x21, 0x04, 0x03, 0x22, 0x21, 0x03, 0x03, 0x1D, 0x14, 0x04
	.byte 0x03, 0x1D, 0x14, 0x03, 0x03, 0x1D, 0x1E, 0x04, 0x03, 0x1D, 0x1E, 0x03, 0x03, 0x1D, 0x32, 0x04
	.byte 0x03, 0x1D, 0x32, 0x03, 0x03, 0x18, 0x14, 0x04, 0x03, 0x18, 0x14, 0x03, 0x03, 0x18, 0x1E, 0x04
	.byte 0x03, 0x18, 0x1E, 0x03, 0x03, 0x18, 0x32, 0x04, 0x03, 0x18, 0x32, 0x03, 0x03, 0x13, 0x14, 0x04
	.byte 0x03, 0x13, 0x14, 0x03, 0x03, 0x13, 0x1E, 0x04, 0x03, 0x13, 0x1E, 0x03, 0x03, 0x13, 0x32, 0x04
	.byte 0x03, 0x13, 0x32, 0x03, 0x03, 0x0E, 0x14, 0x04, 0x03, 0x0E, 0x14, 0x03, 0x03, 0x0E, 0x1E, 0x04
	.byte 0x03, 0x0E, 0x1E, 0x03, 0x03, 0x0E, 0x32, 0x04, 0x03, 0x0E, 0x32, 0x03, 0x03, 0x08, 0x14, 0x04
	.byte 0x03, 0x08, 0x14, 0x03, 0x03, 0x08, 0x1E, 0x04, 0x03, 0x08, 0x1E, 0x03, 0x03, 0x08, 0x32, 0x04
	.byte 0x03, 0x08, 0x32, 0x03, 0x03, 0x03, 0x14, 0x04, 0x03, 0x03, 0x14, 0x03, 0x03, 0x03, 0x1E, 0x04
	.byte 0x03, 0x03, 0x1E, 0x03, 0x03, 0x03, 0x32, 0x04, 0x03, 0x03, 0x32, 0x03, 0x03, 0x00, 0x19, 0x04
	.byte 0x03, 0x00, 0x19, 0x03, 0x03, 0x00, 0x1E, 0x04, 0x03, 0x00, 0x1E, 0x03, 0x03, 0x00, 0x32, 0x04
	.byte 0x03, 0x00, 0x32, 0x03, 0x03, 0x00, 0x64, 0x04, 0x03, 0x00, 0x64, 0x03, 0x55, 0x64, 0x17, 0x02
	.byte 0x05, 0x65, 0x17, 0x02, 0xA9, 0x66, 0x17, 0x02, 0x00, 0x80, 0x1F, 0x00, 0x00, 0x00, 0x02, 0x00
	.byte 0x00, 0x80, 0x16, 0x00

	.section .data, 4
	.global overlay_011_02172BC0_data
overlay_011_02172BC0_data:
_02177000:
	.byte 0x69, 0x6E, 0x74, 0x72, 0x75, 0x64, 0x65, 0x5F, 0x63, 0x6F, 0x6D, 0x6D, 0x2E, 0x63, 0x00, 0x00
_02177010:
	.byte 0x00, 0x00, 0x00, 0x00, 0x00, 0x00, 0x00, 0x00, 0x00, 0x00, 0x00, 0x00, 0x00, 0x00, 0x00, 0x00
_02177020:
	; 0x02177020
