	.include "asm/macros/function.inc"

	.extern FUN_020637B4
	.extern FUN_020637BC
	.extern FUN_02063800
	.extern FUN_0206380C
	.extern FUN_02066878
	.extern FUN_02067340
	.extern FUN_02067998
	.extern FUN_0207D8E0

	.text

	arm_func_start FUN_02067AAC
FUN_02067AAC: ; 0x02067AAC
	str r1, [r0, #0x1c]
	str r2, [r0, #0x20]
	bx lr
	arm_func_end FUN_02067AAC
_02067AB8:
	.byte 0x04, 0x10, 0x80, 0xE5, 0x1E, 0xFF, 0x2F, 0xE1

	arm_func_start FUN_02067AC0
FUN_02067AC0: ; 0x02067AC0
	ldr r1, _02067B24 ; =0x02148B48
	mov r3, #0
	ldr ip, [r1]
	mov r1, #0x1000
	str r0, [ip, #0x2c]
	ldr r2, [r0]
	str r2, [ip, #0x40]
	ldr r2, [r0, #4]
	str r2, [ip, #0x44]
	str r3, [ip, #0x48]
	ldr r2, [r0, #8]
	str r2, [ip, #0x4c]
	ldr r2, [r0, #0xc]
	str r2, [ip, #0x50]
	str r3, [ip, #0x54]
	str r3, [ip, #0x58]
	str r3, [ip, #0x5c]
	str r1, [ip, #0x60]
	ldr r1, [r0, #0x10]
	str r1, [ip, #0x64]
	ldr r0, [r0, #0x14]
	str r0, [ip, #0x68]
	ldr r0, [ip, #0x34]
	str r0, [ip, #0x6c]
	bx lr
	.balign 4, 0
_02067B24: .word 0x02148B48
	arm_func_end FUN_02067AC0

	arm_func_start FUN_02067B28
FUN_02067B28: ; 0x02067B28
	ldr r2, _02067B3C ; =0x02148B48
	ldr r2, [r2]
	str r0, [r2, #0x2c]
	str r1, [r2, #0x28]
	bx lr
	.balign 4, 0
_02067B3C: .word 0x02148B48
	arm_func_end FUN_02067B28

	arm_func_start FUN_02067B40
FUN_02067B40: ; 0x02067B40
	str r1, [r0, #0x34]
	bx lr
	arm_func_end FUN_02067B40

	arm_func_start FUN_02067B48
FUN_02067B48: ; 0x02067B48
	str r1, [r0]
	bx lr
	arm_func_end FUN_02067B48

	arm_func_start FUN_02067B50
FUN_02067B50: ; 0x02067B50
	ldr r0, [r0, #0x24]
	tst r0, #1
	movne r0, #1
	moveq r0, #0
	bx lr
	arm_func_end FUN_02067B50

	arm_func_start FUN_02067B64
FUN_02067B64: ; 0x02067B64
	ldr r0, [r0, #0x24]
	tst r0, #2
	movne r0, #1
	moveq r0, #0
	bx lr
	arm_func_end FUN_02067B64
_02067B78:
	.byte 0x00, 0x00, 0x51, 0xE3, 0x24, 0x10, 0x90, 0xE5
	.byte 0x01, 0x10, 0x81, 0x13, 0x01, 0x10, 0xC1, 0x03, 0x24, 0x10, 0x80, 0xE5, 0x24, 0x10, 0x90, 0xE5
	.byte 0x00, 0x00, 0x52, 0xE3, 0x02, 0x10, 0x81, 0x13, 0x02, 0x10, 0xC1, 0x03, 0x24, 0x10, 0x80, 0xE5
	.byte 0x1E, 0xFF, 0x2F, 0xE1

	arm_func_start FUN_02067BA4
FUN_02067BA4: ; 0x02067BA4
	stmdb sp!, {r3, r4, r5, lr}
	ldr r2, _02067CA8 ; =0x02148B48
	mov r4, r0
	str r4, [r2]
	ldr r0, [r4]
	ldr r5, [r0, #0x14]
	cmp r5, #0
	bne _02067C5C
	ldr lr, _02067CAC ; =0x04000440
	mov r1, #0
	str r1, [lr]
	str r1, [lr, #4]
	ldr ip, [r4]
	mov r0, #1
	ldmia ip, {r3, ip}
	rsb r3, r3, #0
	str r3, [lr, #0x30]
	rsb r3, ip, #0
	str r3, [lr, #0x30]
	str r1, [lr, #0x30]
	str r0, [lr]
	ldr r0, [r2]
	ldr r5, [r0, #8]
	mov r0, r5
	bl FUN_020637BC
	cmp r0, #0
	moveq r0, #0
	beq _02067C20
	mov r0, r5
	mov r1, #0
	bl FUN_020637B4
_02067C20:
	ldr r1, _02067CA8 ; =0x02148B48
	str r0, [r4, #0x14]
	ldr r0, [r1]
	mov r1, #0
	ldr r5, [r0, #0xc]
	mov r0, r5
	bl FUN_0206380C
	cmp r0, #0
	moveq r0, #0
	beq _02067C54
	mov r0, r5
	mov r1, #0
	bl FUN_02063800
_02067C54:
	str r0, [r4, #0x18]
	ldmia sp!, {r3, r4, r5, pc}
_02067C5C:
	ldr r4, [r4, #8]
	mov r1, r5
	mov r0, r4
	bl FUN_020637BC
	cmp r0, #0
	moveq r1, #0
	beq _02067C98
	mov r0, r4
	mov r1, r5
	bl FUN_020637B4
	ldr r1, [r4, #0x20]
	and r1, r1, #0x700000
	mov r1, r1, asr #0x14
	add r1, r1, #5
	mov r1, r0, lsr r1
_02067C98:
	ldr r0, _02067CA8 ; =0x02148B48
	ldr r0, [r0]
	str r1, [r0, #0x10]
	ldmia sp!, {r3, r4, r5, pc}
	.balign 4, 0
_02067CA8: .word 0x02148B48
_02067CAC: .word 0x04000440
	arm_func_end FUN_02067BA4

	arm_func_start FUN_02067CB0
FUN_02067CB0: ; 0x02067CB0
	ldr r0, _02067D0C ; =0x02148B48
	ldr r3, [r0]
	ldr r1, [r3]
	ldr r1, [r1, #0x14]
	cmp r1, #0
	bne _02067CE4
	ldr r1, _02067D10 ; =0x04000440
	mov r0, #0
	str r0, [r1]
	mov r0, #1
	str r0, [r1, #8]
	str r0, [r1]
	b _02067CFC
_02067CE4:
	mov r2, #0
	str r2, [r3, #0x10]
	ldr r1, [r0]
	str r2, [r1, #0x2c]
	ldr r0, [r0]
	str r2, [r0, #0x28]
_02067CFC:
	ldr r0, _02067D0C ; =0x02148B48
	mov r1, #0
	str r1, [r0]
	bx lr
	.balign 4, 0
_02067D0C: .word 0x02148B48
_02067D10: .word 0x04000440
	arm_func_end FUN_02067CB0

	arm_func_start FUN_02067D14
FUN_02067D14: ; 0x02067D14
	stmdb sp!, {r3, r4, r5, lr}
	ldr r1, _02067DC4 ; =0x02148B48
	mov r5, r0
	ldr r2, [r1]
	ldr r4, [r2]
	ldr r0, [r4, #0x10]
	cmp r0, #0
	ldmeqia sp!, {r3, r4, r5, pc}
	mov r0, #1
	str r0, [r2, #0x30]
	ldr r2, [r4, #0x18]
	cmp r2, #0
	beq _02067D54
	ldr r0, [r1]
	mov r1, r5
	blx r2
_02067D54:
	ldr r0, _02067DC4 ; =0x02148B48
	ldr r0, [r0]
	ldr r0, [r0, #0x30]
	cmp r0, #0
	beq _02067DA4
	ldr r0, [r4, #0x14]
	cmp r0, #3
	addls pc, pc, r0, lsl #2
	b _02067DA4
_02067D78: ; jump table
	b _02067D88 ; case 0
	b _02067D98 ; case 1
	b _02067D98 ; case 2
	b _02067DA4 ; case 3
_02067D88:
	mov r0, r4
	mov r1, r5
	bl FUN_02067998
	b _02067DA4
_02067D98:
	mov r0, r4
	mov r1, r5
	bl FUN_02067340
_02067DA4:
	ldr r2, [r4, #0x1c]
	cmp r2, #0
	ldmeqia sp!, {r3, r4, r5, pc}
	ldr r0, _02067DC4 ; =0x02148B48
	mov r1, r5
	ldr r0, [r0]
	blx r2
	ldmia sp!, {r3, r4, r5, pc}
	.balign 4, 0
_02067DC4: .word 0x02148B48
	arm_func_end FUN_02067D14

	arm_func_start FUN_02067DC8
FUN_02067DC8: ; 0x02067DC8
	stmdb sp!, {r4, r5, r6, lr}
	ldr r2, _02067EAC ; =0x02148B48
	mov r6, r0
	ldr r3, [r2]
	mov r4, r1
	ldr r5, [r3]
	ldr r0, [r5, #0x10]
	cmp r0, #0
	ldmeqia sp!, {r4, r5, r6, pc}
	mov r0, #1
	str r0, [r3, #0x30]
	ldr r3, [r5, #0x18]
	cmp r3, #0
	beq _02067E0C
	ldr r0, [r2]
	mov r1, r6
	blx r3
_02067E0C:
	ldr r0, _02067EAC ; =0x02148B48
	ldr r0, [r0]
	ldr r0, [r0, #0x30]
	cmp r0, #0
	beq _02067E8C
	mvn r0, #0
	cmp r4, r0
	beq _02067E50
	mov r0, r4
	ldr r4, [r5, #0x14]
	bl FUN_02066878
	mov r3, #1
	mvn r1, r3, lsl r4
	ldr r2, [r0, #0x20]
	and r1, r2, r1
	orr r1, r1, r3, lsl r4
	str r1, [r0, #0x20]
_02067E50:
	ldr r0, [r5, #0x14]
	cmp r0, #3
	addls pc, pc, r0, lsl #2
	b _02067E8C
_02067E60: ; jump table
	b _02067E70 ; case 0
	b _02067E80 ; case 1
	b _02067E80 ; case 2
	b _02067E8C ; case 3
_02067E70:
	mov r0, r5
	mov r1, r6
	bl FUN_02067998
	b _02067E8C
_02067E80:
	mov r0, r5
	mov r1, r6
	bl FUN_02067340
_02067E8C:
	ldr r2, [r5, #0x1c]
	cmp r2, #0
	ldmeqia sp!, {r4, r5, r6, pc}
	ldr r0, _02067EAC ; =0x02148B48
	mov r1, r6
	ldr r0, [r0]
	blx r2
	ldmia sp!, {r4, r5, r6, pc}
	.balign 4, 0
_02067EAC: .word 0x02148B48
	arm_func_end FUN_02067DC8
_02067EB0:
	.byte 0x08, 0x40, 0x2D, 0xE9, 0xB4, 0x30, 0xD0, 0xE1, 0xB4, 0x20, 0x9F, 0xE5, 0x00, 0x00, 0x53, 0xE3
	.byte 0x04, 0x00, 0x00, 0x0A, 0x01, 0x00, 0x53, 0xE3, 0x09, 0x00, 0x00, 0x0A, 0x02, 0x00, 0x53, 0xE3
	.byte 0x0C, 0x00, 0x00, 0x0A, 0x24, 0x00, 0x00, 0xEA, 0xB0, 0x20, 0xD0, 0xE1, 0xBC, 0x30, 0xD0, 0xE1
	.byte 0x02, 0x00, 0x41, 0xE0, 0x00, 0x00, 0x83, 0xE0, 0x00, 0x08, 0xA0, 0xE1, 0x20, 0x28, 0xA0, 0xE1
	.byte 0x1D, 0x00, 0x00, 0xEA, 0xB0, 0x20, 0xD0, 0xE1, 0x02, 0x10, 0x41, 0xE0, 0x81, 0x00, 0x80, 0xE0
	.byte 0xBC, 0x20, 0xD0, 0xE1, 0x18, 0x00, 0x00, 0xEA, 0xBC, 0x30, 0xD0, 0xE1, 0x0E, 0xC0, 0x80, 0xE2
	.byte 0x01, 0x00, 0x43, 0xE2, 0x00, 0xE1, 0x8C, 0xE0, 0x0E, 0x00, 0x5C, 0xE1, 0x12, 0x00, 0x00, 0x8A
	.byte 0x0C, 0x30, 0x4E, 0xE0, 0xC3, 0x00, 0xA0, 0xE1, 0x20, 0x0F, 0x83, 0xE0, 0x40, 0x01, 0xA0, 0xE1
	.byte 0xA0, 0x0F, 0x80, 0xE0, 0xC0, 0x30, 0xA0, 0xE1, 0x03, 0x01, 0xA0, 0xE1, 0xB0, 0x00, 0x9C, 0xE1
	.byte 0x03, 0x31, 0x8C, 0xE0, 0x01, 0x00, 0x50, 0xE1, 0x04, 0xC0, 0x83, 0x32, 0x04, 0x00, 0x00, 0x3A
	.byte 0x00, 0x00, 0x51, 0xE1, 0x04, 0xE0, 0x43, 0x32, 0x01, 0x00, 0x00, 0x3A, 0xB2, 0x20, 0xD3, 0xE1
	.byte 0x01, 0x00, 0x00, 0xEA, 0x0E, 0x00, 0x5C, 0xE1, 0xEC, 0xFF, 0xFF, 0x9A, 0x02, 0x00, 0xA0, 0xE1
	.byte 0x08, 0x80, 0xBD, 0xE8, 0xFF, 0xFF, 0x00, 0x00, 0x10, 0x40, 0x2D, 0xE9, 0x00, 0x40, 0xA0, 0xE1
	.byte 0x01, 0x00, 0xA0, 0xE1, 0x04, 0x10, 0xA0, 0xE1, 0x5A, 0x06, 0x00, 0xEB, 0x04, 0x00, 0x9F, 0xE5
	.byte 0x04, 0x00, 0x84, 0xE5, 0x10, 0x80, 0xBD, 0xE8, 0x00, 0x9C, 0x06, 0x02, 0x08, 0x40, 0x2D, 0xE9
	.byte 0x00, 0x00, 0x90, 0xE5, 0x10, 0x00, 0x90, 0xE5, 0x00, 0x00, 0x50, 0xE3, 0x09, 0x00, 0x00, 0x0A
	.byte 0xB0, 0x20, 0xD0, 0xE1, 0x01, 0x00, 0x52, 0xE1, 0xB2, 0x20, 0xD0, 0x91, 0x02, 0x00, 0x51, 0x91
	.byte 0x01, 0x00, 0x00, 0x8A, 0xB9, 0xFF, 0xFF, 0xEB, 0x08, 0x80
_02067FCA:
	.byte 0xBD, 0xE8, 0x08, 0x00, 0x90, 0xE5
	.byte 0x00, 0x00, 0x50, 0xE3, 0xF5, 0xFF, 0xFF, 0x1A, 0x00, 0x00, 0x9F, 0xE5, 0x08, 0x80, 0xBD, 0xE8
	.byte 0xFF, 0xFF, 0x00, 0x00, 0x00, 0xC0, 0x90, 0xE5, 0x0C, 0x30, 0x9C, 0xE5, 0x00, 0x00, 0x53, 0xE3
	.byte 0x0C, 0x00, 0x00, 0x0A, 0xB0, 0x20, 0xD3, 0xE1, 0x01, 0x00, 0x52, 0xE1, 0xB2, 0x00, 0xD3, 0x91
_02068000:
	.byte 0x00, 0x00, 0x51, 0x91, 0x04, 0x00, 0x00, 0x8A, 0x02, 0x00, 0x41, 0xE0, 0x08, 0x10, 0x83, 0xE2
	.byte 0x80, 0x00, 0x80, 0xE0, 0x00, 0x00, 0x81, 0xE0, 0x1E, 0xFF, 0x2F, 0xE1, 0x04, 0x30, 0x93, 0xE5
	.byte 0x00, 0x00, 0x53, 0xE3, 0xF2, 0xFF, 0xFF, 0x1A, 0x04, 0x00, 0x8C, 0xE2, 0x1E, 0xFF, 0x2F, 0xE1
	.byte 0xF8, 0x47, 0x2D, 0xE9, 0x04, 0xD0, 0x4D, 0xE2, 0x00, 0x80, 0xA0, 0xE1, 0x00, 0x20, 0x8D, 0xE5
	.byte 0x04, 0x50, 0x98, 0xE5, 0x00, 0x00, 0x8D, 0xE2, 0x01, 0x70, 0xA0, 0xE1, 0x03, 0x60, 0xA0, 0xE1
	.byte 0x00, 0x40, 0xA0, 0xE3, 0x35, 0xFF, 0x2F, 0xE1, 0x00, 0x10, 0xB0, 0xE1, 0x12, 0x00, 0x00, 0x0A
	.byte 0x70, 0x90, 0x9F, 0xE5, 0x00, 0xA0, 0x8D, 0xE2, 0x0A, 0x00, 0x51, 0xE3, 0x0E, 0x00, 0x00, 0x0A
	.byte 0x08, 0x00, 0xA0, 0xE1, 0xC8, 0xFF, 0xFF, 0xEB, 0x00, 0x10, 0xA0, 0xE1, 0x09, 0x00, 0x51, 0xE1
	.byte 0x00, 0x00, 0x98, 0x05, 0xB2, 0x10, 0xD0, 0x01, 0x08, 0x00, 0xA0, 0xE1, 0xD4, 0xFF, 0xFF, 0xEB
_02068090:
	.byte 0xD2, 0x10, 0xD0, 0xE1, 0x0A, 0x00, 0xA0, 0xE1, 0x01, 0x10, 0x87, 0xE0, 0x01, 0x40, 0x84, 0xE0
	.byte 0x35, 0xFF, 0x2F, 0xE1, 0x00, 0x10, 0xB0, 0xE1, 0xEE, 0xFF, 0xFF, 0x1A, 0x00, 0x00, 0x56, 0xE3
	.byte 0x03, 0x00, 0x00, 0x0A, 0x0A, 0x00, 0x51, 0xE3, 0x00, 0x00, 0x9D, 0x05, 0x00, 0x00, 0xA0, 0x13
	.byte 0x00, 0x00, 0x86, 0xE5, 0x00, 0x00, 0x54, 0xE3, 0x07, 0x40, 0x44, 0xC0, 0x04, 0x00, 0xA0, 0xE1
	.byte 0x04, 0xD0, 0x8D, 0xE2, 0xF8, 0x87, 0xBD, 0xE8, 0xFF, 0xFF, 0x00, 0x00, 0xF8, 0x41, 0x2D, 0xE9
	.byte 0x0C, 0xD0, 0x4D, 0xE2, 0x00, 0x40, 0x8D, 0xE2, 0x00, 0x30, 0xA0, 0xE3, 0x00, 0x80, 0xA0, 0xE1
	.byte 0x08, 0x20, 0x8D, 0xE5, 0x00, 0x30, 0x84, 0xE5, 0x04, 0x30, 0x84, 0xE5, 0x04, 0x70, 0x98, 0xE5
	.byte 0x08, 0x00, 0x8D, 0xE2, 0x01, 0x40, 0xA0, 0xE1, 0x01, 0x60, 0xA0, 0xE3, 0x37, 0xFF, 0x2F, 0xE1
	.byte 0x00, 0x00, 0x50, 0xE3, 0x06, 0x00, 0x00, 0x0A, 0x08, 0x50, 0x8D, 0xE2, 0x0A, 0x00, 0x50, 0xE3
	.byte 0x05, 0x00, 0xA0, 0xE1, 0x01, 0x60, 0x86, 0x02, 0x37, 0xFF, 0x2F, 0xE1, 0x00, 0x00, 0x50, 0xE3
	.byte 0xF9, 0xFF, 0xFF, 0x1A, 0x00, 0x00, 0x98, 0xE5, 0xD1, 0x00
_0206813A:
	.byte 0xD0, 0xE1, 0x00, 0x00, 0x84, 0xE0
	.byte 0x96, 0x00, 0x00, 0xE0, 0x04, 0x00, 0x40, 0xE0, 0x0C, 0xD0, 0x8D, 0xE2, 0xF8, 0x81, 0xBD, 0xE8
	.byte 0xF8, 0x43, 0x2D, 0xE9, 0x08, 0xD0, 0x4D, 0xE2, 0x02, 0x60, 0xA0, 0xE1, 0x28, 0x20, 0x9D, 0xE5
	.byte 0x00, 0x90, 0x8D, 0xE2, 0x00, 0x40, 0xA0, 0xE3, 0x00, 0x80, 0xA0, 0xE1, 0x01, 0x70, 0xA0, 0xE1
	.byte 0x03, 0x50, 0xA0, 0xE1, 0x00, 0x40, 0x89, 0xE5, 0x04, 0x40, 0x89, 0xE5, 0x00, 0x00, 0x52, 0xE3
	.byte 0x01, 0x40, 0xA0, 0xE3
_02068184:
	.byte 0x0B, 0x00, 0x00, 0x0A, 0x28, 0x90, 0x8D, 0xE2, 0x07, 0x00, 0xA0, 0xE1
	.byte 0x06, 0x10, 0xA0, 0xE1, 0x09, 0x30, 0xA0, 0xE1, 0xA4, 0xFF, 0xFF, 0xEB, 0x00, 0x10, 0x9D, 0xE5
	.byte 0x28, 0x20, 0x9D, 0xE5, 0x01, 0x00, 0x50, 0xE1, 0x00, 0x00, 0x8D, 0xC5, 0x01, 0x40, 0x84, 0xE2
	.byte 0x00, 0x00
_020681B2:
	.byte 0x52, 0xE3, 0xF4, 0xFF, 0xFF, 0x1A, 0x00, 0x00, 0x97, 0xE5, 0x01, 0x20, 0x44, 0xE2
	.byte 0xD1, 0x10, 0xD0, 0xE1, 0x00, 0x00, 0x9D, 0xE5, 0x01, 0x10, 0x85, 0xE0, 0x92, 0x01, 0x01, 0xE0
	.byte 0x05, 0x10, 0x41, 0xE0, 0x04, 0x10, 0x8D, 0xE5, 0x03, 0x00, 0x88, 0xE8, 0x08, 0xD0, 0x8D, 0xE2
	.byte 0xF8, 0x83, 0xBD, 0xE8, 0xF0, 0x47, 0x2D, 0xE9, 0x03, 0xA0, 0xA0, 0xE3, 0x20, 0x70, 0x9D, 0xE5
	.byte 0x24, 0x60, 0x9D, 0xE5, 0xDC, 0x80, 0x9F, 0xE5, 0x00, 0x50, 0xA0, 0xE3, 0x0A, 0x90, 0xA0, 0xE1
	.byte 0x00, 0x40, 0xE0, 0xE3, 0x14, 0xC6, 0x03, 0xE0, 0x01, 0x00, 0x5C, 0xE1, 0x14, 0xE7, 0x02, 0xE0
	.byte 0x0C, 0x00, 0x00, 0x8A, 0x92, 0x5C, 0x25, 0xE0, 0x00, 0x00, 0x5E, 0xE1, 0x05, 0x00, 0x00, 0x8A
	.byte 0x0C, 0x30, 0x43, 0xE0, 0x9E, 0x53, 0x25, 0xE0, 0x0E, 0x00, 0x40, 0xE0, 0x0C, 0x10, 0x41, 0xE0
	.byte 0x0E, 0x20, 0x42, 0xE0, 0x15, 0x00, 0x00, 0xEA, 0x0E, 0x20, 0xA0, 0xE1, 0x0C, 0x10, 0x41, 0xE0
	.byte 0x0C, 0x30, 0x43, 0xE0, 0x11, 0x00, 0x00, 0xEA, 0x00, 0x00, 0x5E, 0xE1, 0x14, 0x36, 0xE0, 0xE1
	.byte 0x04, 0x00, 0x00, 0x8A, 0x9E, 0x5C, 0x25, 0xE0, 0x0C, 0x30, 0xA0, 0xE1, 0x0E, 0x00, 0x40, 0xE0
	.byte 0x0E, 0x20, 0x42, 0xE0, 0x09, 0x00, 0x00, 0xEA, 0x14, 0x26, 0x01, 0xE0, 0x9E, 0x52, 0x25, 0xE0
	.byte 0x14, 0x27, 0x00, 0xE0, 0x14, 0x47, 0xE0, 0xE1, 0x12, 0x26, 0x85, 0xE0, 0x03, 0x10, 0x01, 0xE0
	.byte 0x11, 0x17, 0x82, 0xE0, 0x04, 0x00, 0x00, 0xE0, 0x00, 0x00, 0x81, 0xE0, 0xF0, 0x87, 0xBD, 0xE8
	.byte 0x08, 0x00, 0x52, 0xE3, 0x0A, 0x60, 0xA0, 0xA1, 0x02, 0x60, 0xA0, 0xB1, 0x16, 0x6F, 0x6F, 0xB1
	.byte 0x1F, 0x60, 0x66, 0xB2, 0x08, 0x00, 0x53, 0xE3, 0x09, 0x70, 0xA0, 0xA1, 0x03, 0x70, 0xA0, 0xB1
	.byte 0x17, 0x7F, 0x6F, 0xB1, 0x1F, 0x70, 0x67, 0xB2
_020682B8:
	.byte 0x87, 0x71, 0x88, 0xE0, 0x86, 0xC0, 0x87, 0xE0
	.byte 0x86, 0x70, 0xD7, 0xE7, 0x01, 0x60, 0xDC, 0xE5, 0x20, 0x70, 0x8D, 0xE5, 0x24, 0x60, 0x8D, 0xE5
	.byte 0xCB, 0xFF, 0xFF, 0xEA, 0xF0, 0x87, 0xBD, 0xE8, 0xF4, 0x18, 0x0A, 0x02, 0x01, 0x30, 0xD0, 0xE5
	.byte 0x0C, 0x20, 0x9F, 0xE5, 0x00, 0x10, 0xD0, 0xE5, 0x03, 0x02, 0x82, 0xE0, 0x01, 0x01, 0x90, 0xE7
	.byte 0x1E, 0xFF, 0x2F, 0xE1, 0x14, 0x19, 0x0A, 0x02, 0x38, 0x40, 0x2D, 0xE9, 0x08, 0x00, 0x53, 0xE3
	.byte 0x10, 0x40, 0x9D, 0x05, 0x00, 0xC0, 0xA0, 0xE1, 0x14, 0x00, 0x9D, 0xE5, 0x08, 0x00, 0x54, 0x03
	.byte 0x04, 0x00, 0x00, 0x1A, 0x18, 0x20, 0x9D, 0xE5, 0x0C, 0x10, 0xA0, 0xE1, 0x82, 0x21, 0xA0, 0xE1
	.byte 0xE6, 0x69, 0x00, 0xEB, 0x38, 0x80, 0xBD, 0xE8, 0x18, 0x40, 0x9D, 0xE5, 0x04, 0x00, 0x54, 0xE3
	.byte 0x14, 0x00, 0x00, 0x1A, 0x01, 0x51, 0xA0, 0xE1, 0x03, 0x41, 0x85, 0xE0, 0x00, 0x30, 0xE0, 0xE3
	.byte 0x20, 0x40, 0x64, 0xE2, 0x33, 0x35, 0xA0, 0xE1, 0x01, 0x11, 0x84, 0xE0, 0x13, 0x31, 0xA0, 0xE1
	.byte 0x10, 0x10, 0x9D, 0xE5, 0x02, 0x21, 0x8C, 0xE0, 0x01, 0x51, 0x82, 0xE0, 0x33, 0x14, 0x00, 0xE0
	.byte 0x33, 0x34, 0xE0, 0xE1, 0x05, 0x00, 0x52, 0xE1, 0x38, 0x80, 0xBD, 0x28, 0x00, 0x00, 0x92, 0xE5
	.byte 0x03, 0x00, 0x00, 0xE0, 0x00, 0x00, 0x81, 0xE1, 0x04, 0x00, 0x82, 0xE4, 0x05, 0x00, 0x52, 0xE1
	.byte 0xF9, 0xFF, 0xFF, 0x3A, 0x38, 0x80, 0xBD, 0xE8, 0x81, 0x11, 0xA0, 0xE1, 0x00, 0x40, 0xE0, 0xE3
	.byte 0x83, 0x31, 0x81, 0xE0
_02068394:
	.byte 0x40, 0x30, 0x63, 0xE2, 0x34, 0x51, 0xA0, 0xE1, 0x20, 0x00, 0x53, 0xE3
	.byte 0x15, 0x51, 0xA0, 0x31
_020683A4:
	.byte 0x03, 0x00, 0x00, 0x3A, 0x20, 0xE0, 0x43, 0xE2, 0x0E, 0x40, 0x81, 0xE0
	.byte 0x15, 0x44, 0xA0, 0xE1, 0x34, 0x5E, 0xA0, 0xE1, 0x00, 0xE0, 0xE0, 0xE3, 0x1E, 0x43, 0xA0, 0xE1
	.byte 0x20, 0x00, 0x51, 0xE3, 0x34, 0x33, 0xA0, 0x31, 0x03, 0x00, 0x00, 0x3A, 0x20, 0xE0
_020683CE:
	.byte 0x41, 0xE2
_020683D0:
	.byte 0x03, 0x10, 0x8E, 0xE0, 0x34, 0x11, 0xA0, 0xE1, 0x11, 0x3E, 0xA0, 0xE1, 0x10, 0x10, 0x9D, 0xE5
	.byte 0x82, 0x41, 0x8C, 0xE0, 0x81, 0xC1, 0x84, 0xE0, 0x05, 0x10, 0x00, 0xE0
_020683EC:
	.byte 0x03, 0x20, 0x00, 0xE0
	.byte 0x05, 0x50
_020683F2:
	.byte 0xE0, 0xE1, 0x03, 0x30, 0xE0, 0xE1, 0x0C, 0x00, 0x54, 0xE1, 0x38, 0x80, 0xBD, 0x28
	.byte 0x00, 0x00, 0x94, 0xE5, 0x05, 0x00, 0x00, 0xE0, 0x00, 0x00, 0x81, 0xE1, 0x00, 0x00, 0x84, 0xE5
	.byte 0x04, 0x00, 0x94, 0xE5, 0x03, 0x00, 0x00, 0xE0, 0x00, 0x00, 0x82, 0xE1, 0x04, 0x00, 0x84, 0xE5
	.byte 0x08, 0x40, 0x84, 0xE2, 0x0C, 0x00, 0x54, 0xE1, 0xF4, 0xFF, 0xFF, 0x3A, 0x38, 0x80, 0xBD, 0xE8
	.byte 0xF8, 0x4F, 0x2D, 0xE9, 0x28, 0xD0
_02068436:
	.byte 0x4D, 0xE2, 0x08, 0x50, 0x90, 0xE5, 0x0C, 0x40, 0x90, 0xE5
	.byte 0x00, 0x00, 0x55, 0xE3, 0x00, 0x50, 0x8D, 0xA5, 0x00, 0x10, 0xA0, 0xB3, 0x00, 0x10, 0x8D, 0xB5
	.byte 0x10, 0x10, 0x90, 0xE5
_02068454:
	.byte 0x00, 0x00, 0x54, 0xE3, 0x01, 0xA0, 0x85, 0xE0, 0x14, 0x10, 0x90, 0xE5
	.byte 0x04, 0x20, 0xA0, 0xA1, 0x00, 0x20, 0xA0, 0xB3, 0x08, 0x00, 0x5A, 0xE3, 0x01, 0x30, 0x84, 0xE0
	.byte 0x08, 0xA0, 0xA0, 0xA3, 0x08, 0x00, 0x53, 0xE3, 0x08, 0x30, 0xA0, 0xA3, 0x00, 0x00, 0x54, 0xE3
	.byte 0x00, 0x40, 0xA0, 0xC3, 0x00, 0x00, 0x55, 0xE3, 0x20, 0x70, 0x90, 0xE5, 0x00, 0x50, 0xA0, 0xC3
	.byte 0x00, 0x10, 0x64, 0xE2, 0x9A, 0x07
_02068496:
	.byte 0x06, 0xE0, 0x1C, 0x80, 0x90, 0xE5, 0x00, 0x40, 0x65, 0xE2
	.byte 0x98, 0x04, 0x09, 0xE0, 0x18, 0x40
_020684A6:
	.byte 0x90, 0xE5, 0x06, 0xA0, 0xA0, 0xE1, 0x10, 0x40, 0x8D, 0xE5
	.byte 0x00, 0x40, 0x9D, 0xE5, 0x04, 0x00, 0x57, 0xE3, 0x94, 0x07, 0x05, 0xE0, 0x10, 0x40, 0x9D, 0xE5
_020684C0:
	.byte 0x00, 0x50, 0x8D, 0xE5, 0x91, 0x94, 0x24, 0xE0, 0x04, 0x10, 0x90, 0xE5, 0x14, 0x10, 0x8D, 0xE5
	.byte 0x00, 0x10, 0x90, 0xE5, 0x31, 0x00, 0x00, 0x1A, 0x24, 0x70, 0x90, 0xE5
_020684DC:
	.byte 0x02, 0x01
_020684DE:
	.byte 0x81, 0xE0
	.byte 0x0C, 0x00, 0x8D, 0xE5, 0x03, 0x01, 0x81, 0xE0, 0x0C, 0x10, 0x9D, 0xE5, 0x08, 0x00, 0x8D, 0xE5
	.byte 0x00, 0x00
_020684F2:
	.byte 0x51, 0xE1, 0x28, 0xD0, 0x8D, 0x22, 0xF8, 0x8F, 0xBD, 0x28, 0x0F, 0xB0, 0xA0, 0xE3
	.byte 0x20, 0x50, 0x8D, 0xE2, 0x0C, 0x00, 0x9D, 0xE5, 0xA4, 0x1F, 0xA0, 0xE1, 0x00, 0x90, 0x90, 0xE5
	.byte 0x14, 0x00, 0x9D, 0xE5, 0x84, 0x2E, 0x61, 0xE0, 0xA4, 0x01, 0x80, 0xE0, 0x20, 0x00, 0x8D, 0xE5
	.byte 0x00, 0x00, 0xA0, 0xE3, 0x24, 0x00, 0xCD, 0xE5, 0x25, 0x00, 0xCD, 0xE5, 0x05, 0x00, 0xA0, 0xE1
	.byte 0xE2, 0x1E, 0x81, 0xE0, 0x99, 0x05, 0x00, 0xEB, 0x00, 0x60, 0x9D, 0xE5, 0x06, 0x00, 0xA0, 0xE1
	.byte 0x0A, 0x00, 0x50, 0xE1, 0x0B, 0x00, 0x00, 0x2A, 0x05, 0x00, 0xA0, 0xE1, 0x08, 0x10, 0xA0, 0xE1
	.byte 0x92, 0x05, 0x00, 0xEB, 0x00, 0x00, 0x50, 0xE3, 0x03, 0x00, 0x00, 0x0A, 0x00, 0x00, 0x87, 0xE0
	.byte 0x1B, 0x16, 0xE0, 0xE1, 0x01, 0x10, 0x09, 0xE0, 0x10, 0x96, 0x81, 0xE1, 0x04, 0x60, 0x86, 0xE2
	.byte 0x0A, 0x00, 0x56, 0xE1, 0xF3, 0xFF, 0xFF, 0x3A, 0x0C, 0x10, 0x9D, 0xE5, 0x08, 0x00, 0x9D, 0xE5
	.byte 0x04, 0x90, 0x81, 0xE4, 0x00, 0x00, 0x51, 0xE1, 0x10, 0x00, 0x9D, 0xE5, 0x0C, 0x10, 0x8D, 0xE5
	.byte 0x00, 0x40, 0x84, 0xE0, 0xDA, 0xFF, 0xFF, 0x3A, 0x28, 0xD0, 0x8D, 0xE2, 0xF8, 0x8F, 0xBD, 0xE8
	.byte 0x24, 0x50, 0x90, 0xE5, 0x83, 0x01, 0x81, 0xE0, 0x82, 0xB1, 0x81, 0xE0, 0x04, 0x00, 0x8D, 0xE5
	.byte 0x00, 0x00, 0x5B, 0xE1, 0x28, 0xD0, 0x8D, 0x22, 0xF8, 0x8F, 0xBD, 0x28, 0xA4, 0x1F, 0xA0, 0xE1
	.byte 0x84, 0x0E, 0x61, 0xE0, 0xE0, 0x1E, 0x81, 0xE0, 0x14, 0x00, 0x9D, 0xE5, 0xC0, 0x00, 0x9B, 0xE8
	.byte 0x00, 0x20, 0xA0, 0xE3, 0xA4, 0x01, 0x80, 0xE0, 0x18, 0x00, 0x8D, 0xE5, 0x18, 0x00, 0x8D, 0xE2
	.byte 0x1C, 0x20, 0xCD, 0xE5
_020685E4:
	.byte 0x1D, 0x20, 0xCD, 0xE5, 0x6C, 0x05, 0x00, 0xEB, 0x00, 0x90, 0x9D, 0xE5
	.byte 0x09, 0x00, 0xA0, 0xE1, 0x0A, 0x00, 0x50, 0xE1, 0x13, 0x00, 0x00, 0x2A, 0x18, 0x00, 0x8D, 0xE2
	.byte 0x08, 0x10, 0xA0, 0xE1, 0x65, 0x05, 0x00, 0xEB, 0x00, 0x00, 0x50, 0xE3, 0x0B, 0x00, 0x00, 0x0A
	.byte 0x00, 0x10, 0x85, 0xE0, 0x20, 0x00, 0x59, 0xE3, 0xFF, 0x00, 0xA0, 0xE3, 0x03, 0x00, 0x00, 0x2A
	.byte 0x10, 0x09, 0xE0, 0xE1, 0x00, 0x00, 0x06, 0xE0, 0x11, 0x69, 0x80, 0xE1, 0x03, 0x00, 0x00, 0xEA
_02068630:
	.byte 0x20, 0x20, 0x49, 0xE2, 0x10, 0x02, 0xE0, 0xE1, 0x00, 0x00, 0x07, 0xE0, 0x11, 0x72, 0x80, 0xE1
	.byte 0x08, 0x90, 0x89, 0xE2, 0x0A, 0x00, 0x59, 0xE1, 0xEB, 0xFF, 0xFF, 0x3A, 0x04, 0x00, 0x9D, 0xE5
	.byte 0xC0, 0x00, 0x8B, 0xE8, 0x08, 0xB0, 0x8B, 0xE2, 0x00, 0x00, 0x5B, 0xE1, 0x10, 0x00, 0x9D, 0xE5
	.byte 0x00, 0x40, 0x84, 0xE0, 0xD4, 0xFF, 0xFF, 0x3A, 0x28, 0xD0, 0x8D, 0xE2, 0xF8, 0x8F, 0xBD, 0xE8
	.byte 0xF0, 0x4F, 0x2D, 0xE9, 0x2C, 0xD0, 0x4D, 0xE2, 0x54, 0x40, 0x9D, 0xE5, 0x0C, 0x60, 0xD0, 0xE5
	.byte 0x54, 0x40, 0x8D, 0xE5
_02068684:
	.byte 0x00, 0x40, 0x94, 0xE5, 0x00, 0x50, 0x91, 0xE5, 0x06, 0x73, 0xA0, 0xE1
	.byte 0x01, 0x40, 0xD4, 0xE5, 0x47, 0x61, 0xA0, 0xE1, 0xA6, 0x6E, 0x87, 0xE0, 0x00, 0x00
_0206869E:
	.byte 0x54, 0xE3
	.byte 0x08, 0x50, 0x95, 0xE5, 0x02, 0xA0, 0xA0, 0xE1
_020686A8:
	.byte 0x03, 0x90, 0xA0, 0xE1, 0xC6, 0x81, 0xA0, 0xE1
	.byte 0x2C, 0xD0, 0x8D, 0x02, 0x00, 0x18, 0x90, 0xE9, 0x00, 0xE0, 0x90, 0xE5, 0x01, 0x20, 0xD5, 0xE5
	.byte 0xF0, 0x8F, 0xBD, 0x08, 0x04, 0x70, 0x9A, 0xE0, 0x2C, 0xD0, 0x8D, 0x42, 0xF0, 0x8F, 0xBD, 0x48
	.byte 0x02, 0x30, 0x99, 0xE0, 0x2C, 0xD0, 0x8D, 0x42, 0xF0, 0x8F, 0xBD, 0x48, 0x00, 0x00, 0x5A, 0xE3
	.byte 0x00, 0x50, 0xA0, 0xD3, 0xAA, 0x51, 0xA0, 0xC1, 0x00, 0x00, 0x59, 0xE3, 0x00, 0x60, 0xA0, 0xD3
	.byte 0x07, 0x70, 0x87, 0xE2, 0xA9, 0x61, 0xA0, 0xC1, 0xA7, 0x01, 0x5B, 0xE1, 0xA7, 0x71, 0xA0, 0xE1
	.byte 0x07, 0x30, 0x83, 0xE2, 0x0B, 0x70, 0xA0, 0x91, 0xA3, 0xB1, 0xA0, 0xE1, 0xA3, 0x01, 0x5C, 0xE1
	.byte 0x0C, 0xB0, 0xA0, 0x91, 0x05, 0x30, 0x57, 0xE0, 0x06, 0xB0, 0x4B, 0xE0, 0x2C, 0xD0, 0x8D, 0x42
	.byte 0xF0, 0x8F, 0xBD, 0x48, 0x00, 0x00, 0x5B, 0xE3, 0x2C, 0xD0, 0x8D, 0xB2, 0xF0, 0x8F, 0xBD, 0xB8
	.byte 0x10, 0x70, 0x90, 0xE5
_02068734:
	.byte 0x00, 0x00, 0x5A, 0xE3, 0x97, 0x56, 0x26, 0xE0, 0x03, 0x50, 0x47, 0xE0
	.byte 0x98, 0x05, 0x05, 0xE0, 0x00, 0x50, 0x8D, 0xE5, 0x54, 0x50, 0x9D, 0xE5, 0x98, 0xE6, 0x27, 0xE0
	.byte 0x04, 0xC0, 0x95, 0xE5, 0x50, 0x60, 0x9D, 0xE5, 0x08, 0xC0, 0x8D, 0xE5, 0x01, 0x50, 0x46, 0xE2
	.byte 0x14, 0x40, 0x8D, 0xE5, 0x28, 0x50, 0x8D, 0xE5, 0x18, 0x20, 0x8D, 0xE5, 0x00, 0x20, 0x91, 0xE5
	.byte 0x07, 0xA0, 0x0A, 0xA2, 0x08, 0x20, 0x92, 0xE5, 0x00, 0x00, 0x59, 0xE3, 0x06, 0x20, 0xD2, 0xE5
	.byte 0x07, 0x90, 0x09, 0xA2, 0x8B, 0xB1, 0x49, 0xE0, 0x20, 0x20, 0x8D, 0xE5, 0x0C, 0x00, 0xD0, 0xE5
	.byte 0x0B, 0x00, 0x59, 0xE1, 0x83, 0x61, 0x4A, 0xE0
_02068798:
	.byte 0x24, 0x00, 0x8D, 0xE5, 0x00, 0x00, 0x91, 0xE5
	.byte 0x08, 0x00, 0x90, 0xE5, 0x00, 0x00, 0xD0, 0xE5, 0x82, 0x00, 0x60, 0xE1, 0x1C, 0x00, 0x8D, 0xE5
	.byte 0x2C, 0xD0, 0x8D, 0xD2, 0xF0, 0x8F
_020687B6:
	.byte 0xBD, 0xD8
_020687B8:
	.byte 0x04, 0x40, 0x8D, 0xE2, 0x0A, 0x50, 0xA0, 0xE1
	.byte 0x10, 0x90, 0x8D, 0xE5, 0x06, 0x00, 0x5A, 0xE1, 0x07, 0x00, 0x00, 0xDA, 0x04, 0x00, 0xA0, 0xE1
	.byte 0x04, 0x70, 0x8D, 0xE5, 0x0C, 0x50, 0x8D, 0xE5, 0x14, 0xFF, 0xFF, 0xEB, 0x08, 0x50, 0x45, 0xE2
_020687E0:
	.byte 0x06, 0x00, 0x55, 0xE1, 0x08, 0x70, 0x87, 0xE0, 0xF7, 0xFF, 0xFF, 0xCA, 0x00, 0x00, 0x9D, 0xE5
	.byte 0x08, 0x90, 0x49, 0xE2, 0x0B, 0x00, 0x59, 0xE1
_020687F8:
	.byte 0x00, 0x70, 0x87, 0xE0, 0xEE, 0xFF, 0xFF, 0xCA
	.byte 0x2C, 0xD0, 0x8D, 0xE2, 0xF0, 0x8F, 0xBD, 0xE8, 0xF0, 0x4F, 0x2D, 0xE9, 0x4C, 0xD0, 0x4D, 0xE2
	.byte 0x74, 0x60, 0x9D, 0xE5, 0x0C, 0x50, 0xD0, 0xE5, 0x00, 0x40, 0x96, 0xE5, 0x00, 0x70, 0x91, 0xE5
	.byte 0x05, 0x83, 0xA0, 0xE1, 0x01, 0x40, 0xD4, 0xE5, 0x48, 0x51, 0xA0, 0xE1, 0xA5, 0x5E, 0x88, 0xE0
	.byte 0x08, 0x70, 0x97, 0xE5, 0x08, 0x20, 0x8D, 0xE5, 0x0C, 0x30, 0x8D, 0xE5, 0x00, 0x00, 0x54, 0xE3
	.byte 0xC5, 0x91, 0xA0, 0xE1, 0x4C, 0xD0, 0x8D, 0x02, 0x28, 0x00, 0x90, 0xE9, 0x01, 0x20, 0xD7, 0xE5
	.byte 0xF0, 0x8F, 0xBD, 0x08
_02068854:
	.byte 0x08, 0x70, 0x9D, 0xE5, 0x04, 0x70
_0206885A:
	.byte 0x97, 0xE0, 0x4C, 0xD0, 0x8D, 0x42
_02068860:
	.byte 0xF0, 0x8F, 0xBD, 0x48, 0x0C, 0x80, 0x9D, 0xE5
_02068868:
	.byte 0x02, 0x80, 0x98, 0xE0, 0x4C, 0xD0, 0x8D, 0x42
	.byte 0xF0, 0x8F, 0xBD, 0x48, 0x08, 0xA0, 0x9D, 0xE5, 0x07, 0x70, 0x87, 0xE2, 0x00, 0x00, 0x5A, 0xE3
	.byte 0x00, 0xA0, 0xA0, 0xD3, 0x10, 0xA0, 0x8D, 0xD5, 0xAA, 0xA1
_0206888A:
	.byte 0xA0, 0xC1, 0x10, 0xA0, 0x8D, 0xC5
	.byte 0x0C, 0xA0, 0x9D, 0xE5, 0x00, 0x00, 0x5A, 0xE3, 0x00, 0xA0, 0xA0, 0xD3, 0xAA, 0xA1, 0xA0, 0xC1
	.byte 0xA7, 0x01, 0x53, 0xE1, 0xA7, 0x71, 0xA0, 0xE1, 0x03, 0x70, 0xA0, 0x91
_020688AC:
	.byte 0x07, 0x30, 0x88, 0xE2
	.byte 0xA3, 0x01, 0x55, 0xE1, 0xA3, 0x81, 0xA0, 0xE1, 0x10, 0x30, 0x9D, 0xE5, 0x05, 0x80, 0xA0, 0x91
	.byte 0x03, 0x50, 0x57, 0xE0, 0x0A, 0x70, 0x48, 0xE0, 0x4C, 0xD0, 0x8D, 0x42, 0xF0, 0x8F, 0xBD, 0x48
	.byte 0x00, 0x00, 0x57, 0xE3, 0x4C, 0xD0, 0x8D, 0xB2, 0xF0, 0x8F, 0xBD, 0xB8, 0x08, 0x30, 0x9D, 0xE5
	.byte 0x00, 0xB0, 0x90, 0xE5, 0x00, 0x00, 0x53, 0xE3, 0x07, 0x30, 0x03, 0xA2, 0x08, 0x30, 0x8D, 0xA5
	.byte 0x0C, 0x30, 0x9D, 0xE5, 0x08, 0x80, 0x9D, 0xE5, 0x04, 0x60, 0x96, 0xE5, 0x00, 0x00, 0x53, 0xE3
	.byte 0x07, 0x30, 0x03, 0xA2, 0x0C, 0x30, 0x8D, 0xA5, 0x70, 0x30, 0x9D, 0xE5, 0x85, 0x51, 0x48, 0xE0
	.byte 0x0C, 0x80, 0x9D, 0xE5, 0x01, 0x30, 0x43, 0xE2, 0x48, 0x30, 0x8D, 0xE5, 0x87, 0x71, 0x48, 0xE0
	.byte 0x38, 0x20, 0x8D, 0xE5, 0x28, 0x60, 0x8D, 0xE5, 0x34, 0x40, 0x8D, 0xE5, 0x00, 0x40, 0x91, 0xE5
	.byte 0x08, 0x30, 0xA0, 0xE1, 0x07, 0x20, 0xA0, 0xE1, 0x02, 0x00, 0x53, 0xE1, 0x08, 0x20, 0x94, 0xE5
	.byte 0x1C, 0x70, 0x8D, 0xE5, 0x06, 0x30, 0xD2, 0xE5, 0x40, 0x30, 0x8D, 0xE5, 0x0C, 0x20, 0xD0, 0xE5
	.byte 0x44, 0x20, 0x8D, 0xE5, 0x00, 0x10, 0x91, 0xE5, 0x08, 0x10, 0x91, 0xE5, 0x00, 0x10, 0xD1, 0xE5
	.byte 0x83, 0x01, 0x61, 0xE1, 0x3C, 0x10, 0x8D, 0xE5, 0x10, 0x30, 0x90, 0xE5, 0x04, 0x10, 0x90, 0xE5
	.byte 0x08, 0x00, 0x90, 0xE5, 0x14, 0x10, 0x8D, 0xE5, 0x03, 0x2C, 0xA0, 0xE1, 0x03, 0x18, 0xA0, 0xE1
	.byte 0x20, 0x30, 0x8D, 0xE5, 0x18, 0x00, 0x8D, 0xE5, 0x22, 0x8C, 0xA0, 0xE1, 0x21, 0x7C, 0xA0, 0xE1
	.byte 0x4C, 0xD0, 0x8D, 0xD2, 0xF0, 0x8F, 0xBD, 0xD8, 0x0C, 0x00, 0x9D, 0xE5, 0x10, 0x60, 0x9D, 0xE5
	.byte 0x30, 0x00, 0x8D, 0xE5, 0x08, 0x00, 0x9D, 0xE5, 0x05, 0x00, 0x50, 0xE1, 0x00, 0x40, 0xA0, 0xE1
	.byte 0x0F, 0x00, 0x00, 0xDA, 0x14, 0x20, 0x9D, 0xE5, 0x00, 0x80, 0x8D, 0xE5, 0x18, 0x30, 0x9D, 0xE5
	.byte 0x06, 0x00, 0xA0, 0xE1, 0x0A, 0x10, 0xA0, 0xE1, 0x04, 0x70, 0x8D, 0xE5, 0x04, 0xFE, 0xFF, 0xEB
	.byte 0x90, 0xB9, 0x21, 0xE0, 0x24, 0x00, 0x8D, 0xE2, 0x2C, 0x40, 0x8D, 0xE5, 0x24, 0x10, 0x8D, 0xE5
	.byte 0x92, 0xFE, 0xFF, 0xEB, 0x08, 0x40, 0x44, 0xE2, 0x01, 0x60, 0x86, 0xE2, 0x05, 0x00, 0x54, 0xE1
	.byte 0xEF, 0xFF, 0xFF, 0xCA, 0x0C, 0x00, 0x9D, 0xE5, 0x01, 0xA0, 0x8A, 0xE2, 0x08, 0x10, 0x40, 0xE2
	.byte 0x1C, 0x00, 0x9D, 0xE5, 0x0C, 0x10, 0x8D, 0xE5, 0x00, 0x00, 0x51, 0xE1, 0xE1, 0xFF, 0xFF, 0xCA
	.byte 0x4C, 0xD0, 0x8D, 0xE2, 0xF0, 0x8F, 0xBD, 0xE8, 0x08, 0x40, 0x2D, 0xE9, 0x00, 0x30, 0xA0, 0xE1
	.byte 0x0C, 0x20, 0xD3, 0xE5, 0x04, 0xC0, 0x93, 0xE5, 0x04, 0x00, 0x52, 0xE3, 0x01, 0x02, 0x81, 0x01
	.byte 0x00, 0x04, 0x80, 0x01, 0x01, 0x04, 0x81, 0x11, 0x00, 0x18, 0x80, 0xE1, 0x08, 0x00, 0x93, 0xE5
	.byte 0x02, 0x23, 0xA0, 0xE1, 0x9C, 0x00, 0x0E, 0xE0, 0x42, 0x01, 0xA0, 0xE1, 0xA0, 0x0E, 0x82, 0xE0
	.byte 0xC0, 0x21, 0xA0, 0xE1, 0x01, 0x00, 0xA0, 0xE1, 0x9E, 0x02, 0x02, 0xE0, 0x00, 0x10, 0x93, 0xE5
	.byte 0x16, 0x68, 0x00, 0xEB, 0x08, 0x80, 0xBD, 0xE8, 0xF8, 0x43, 0x2D, 0xE9, 0x00, 0x70, 0xA0, 0xE1
	.byte 0x0C, 0x20, 0xD7, 0xE5, 0x01, 0x60, 0xA0, 0xE1, 0x00, 0x90, 0x97, 0xE5, 0x04, 0x00, 0x52, 0xE3
	.byte 0x06, 0x02, 0x86, 0x01, 0x00, 0x04, 0x80, 0x01, 0x06, 0x04, 0x86, 0x11, 0x02, 0x13, 0xA0, 0xE1
	.byte 0x00, 0x68, 0x80, 0xE1, 0x41, 0x01, 0xA0, 0xE1, 0xA0, 0x0E, 0x81, 0xE0, 0xC0, 0x31, 0xA0, 0xE1
	.byte 0x10, 0x20, 0x97, 0xE5, 0x04, 0x10, 0x97, 0xE5, 0x08, 0x00, 0x97, 0xE5, 0x93, 0x02, 0x05, 0xE0
	.byte 0x93, 0x01, 0x04, 0xE0, 0x00, 0x80, 0xA0, 0xE3, 0x00, 0x00, 0x50, 0xE3, 0xF8, 0x83, 0xBD, 0xD8
	.byte 0x06, 0x00, 0xA0, 0xE1, 0x09, 0x10, 0xA0, 0xE1, 0x04, 0x20, 0xA0, 0xE1, 0xFB, 0x67, 0x00, 0xEB
	.byte 0x08, 0x00, 0x97, 0xE5, 0x01, 0x80, 0x88, 0xE2, 0x00, 0x00, 0x58, 0xE1, 0x05, 0x90, 0x89, 0xE0
	.byte 0xF6, 0xFF, 0xFF, 0xBA, 0xF8, 0x83, 0xBD, 0xE8, 0xF8, 0x4F, 0x2D, 0xE9, 0x30, 0xD0, 0x4D, 0xE2
_02068AF0:
	.byte 0x58, 0x40, 0x9D, 0xE5, 0x02, 0x90, 0xA0, 0xE1, 0x0C, 0xB0, 0xD0, 0xE5, 0x01, 0xA0, 0xA0, 0xE1
	.byte 0x04, 0x10, 0x89, 0xE0, 0x28, 0x10, 0x8D, 0xE5, 0x5C, 0x20, 0x9D, 0xE5, 0x03, 0x10, 0xA0, 0xE1
	.byte 0x02, 0x10, 0x81, 0xE0, 0x04, 0x00, 0x5B, 0xE3, 0x24, 0x10, 0x8D, 0xE5, 0x0A, 0x12, 0x8A, 0x01
	.byte 0x01, 0x14, 0x81, 0x01, 0x0A, 0x14, 0x8A, 0x11, 0x0C, 0x30, 0x8D, 0xE5, 0x01, 0xA8, 0x81, 0xE1
	.byte 0x0C, 0x10, 0x9D, 0xE5, 0x0B, 0x63, 0xA0, 0xE1, 0x07, 0x10, 0xC1, 0xE3, 0x46, 0x41, 0xA0, 0xE1
	.byte 0x41, 0x21, 0xA0, 0xE1, 0x2C, 0x10, 0x8D, 0xE5, 0xA2, 0x1E, 0x81, 0xE0, 0x10, 0x20, 0x90, 0xE5
	.byte 0xC1, 0x31, 0xA0, 0xE1, 0x93, 0x02, 0x01, 0xE0, 0x07, 0x30, 0xC9, 0xE3, 0x43, 0x51, 0xA0, 0xE1
	.byte 0xA4, 0x4E, 0x86, 0xE0, 0x18, 0x30, 0x8D, 0xE5, 0xA5, 0x5E, 0x83, 0xE0, 0xC4, 0x31, 0xA0, 0xE1
	.byte 0x14, 0x30, 0x8D, 0xE5, 0xC5, 0x41, 0x81, 0xE0, 0x24, 0x30, 0x9D, 0xE5, 0x00, 0x50, 0x90, 0xE5
	.byte 0x14, 0x10, 0x9D, 0xE5, 0x28, 0x00, 0x9D, 0xE5, 0x91, 0x54, 0x24, 0xE0, 0x07, 0x30, 0x83, 0xE2
	.byte 0x07, 0x10, 0xC3, 0xE3, 0x20, 0x10, 0x8D, 0xE5, 0x14, 0x10, 0x9D, 0xE5, 0x07, 0x00, 0x80, 0xE2
	.byte 0x92, 0x01, 0x01, 0xE0, 0x10, 0x10, 0x8D, 0xE5, 0x2C, 0x20, 0x9D, 0xE5, 0x20, 0x10, 0x9D, 0xE5
	.byte 0x1C, 0x40, 0x8D, 0xE5, 0x01, 0x00, 0x52, 0xE1, 0x07, 0x60, 0xC0, 0xE3, 0x30, 0xD0, 0x8D, 0xA2
	.byte 0xF8, 0x8F, 0xBD, 0xA8, 0x2C, 0x10, 0x9D, 0xE5, 0x0C, 0x00, 0x9D, 0xE5, 0x00, 0x00, 0x51, 0xE1
	.byte 0x00, 0x80, 0xA0, 0xA3, 0x02, 0x00, 0x00, 0xAA, 0x00, 0x10, 0xA0, 0xE1, 0x2C, 0x00, 0x9D, 0xE5
	.byte 0x00, 0x80, 0x41, 0xE0, 0x24, 0x10, 0x9D, 0xE5, 0x2C, 0x00, 0x9D, 0xE5, 0x1C, 0x70, 0x9D, 0xE5
	.byte 0x00, 0x00, 0x41, 0xE0, 0x08, 0x00, 0x50, 0xE3, 0x08, 0x00, 0xA0, 0xC3, 0x08, 0x50, 0x40, 0xE0
	.byte 0x18, 0x00, 0x9D, 0xE5, 0x06, 0x00, 0x50, 0xE1, 0x00, 0x40, 0xA0, 0xE1, 0x10, 0x00, 0x00, 0xAA
	.byte 0x28, 0x00, 0x9D, 0xE5, 0x09, 0x00, 0x54, 0xE1, 0x04, 0x10, 0x49, 0xB0, 0x04, 0x00, 0x40, 0xE0
	.byte 0x00, 0x10, 0xA0, 0xA3, 0x08, 0x00, 0x50, 0xE3, 0x08, 0x00, 0xA0, 0xC3, 0x01, 0x30, 0x40, 0xE0
	.byte 0x07, 0x00, 0xA0, 0xE1, 0x08, 0x20, 0xA0, 0xE1, 0x20, 0x0C, 0x8D, 0xE8, 0xAD, 0xFD, 0xFF, 0xEB
	.byte 0x14, 0x00, 0x9D, 0xE5, 0x08, 0x40, 0x84, 0xE2, 0x00, 0x70, 0x87, 0xE0, 0x06, 0x00, 0x54, 0xE1
	.byte 0xEE, 0xFF, 0xFF, 0xBA, 0x1C, 0x10, 0x9D, 0xE5, 0x10, 0x00, 0x9D, 0xE5, 0x00, 0x00, 0x81, 0xE0
	.byte 0x1C, 0x00, 0x8D, 0xE5, 0x2C, 0x00, 0x9D, 0xE5, 0x08, 0x10, 0x80, 0xE2, 0x20, 0x00, 0x9D, 0xE5
	.byte 0x2C, 0x10, 0x8D, 0xE5, 0x00, 0x00, 0x51, 0xE1, 0xD1, 0xFF, 0xFF, 0xBA, 0x30, 0xD0, 0x8D, 0xE2
	.byte 0xF8, 0x8F, 0xBD, 0xE8, 0xF8, 0x4F, 0x2D, 0xE9, 0x48, 0xD0, 0x4D, 0xE2, 0x0C, 0x40, 0xD0, 0xE5
	.byte 0x02, 0xA0, 0xA0, 0xE1, 0x01, 0xB0, 0xA0, 0xE1, 0x10, 0x40, 0x8D, 0xE5, 0x10, 0x10, 0x9D, 0xE5
	.byte 0x70, 0x40, 0x9D, 0xE5, 0x04, 0x00, 0x51, 0xE3, 0x04, 0x10, 0x8A, 0xE0, 0x3C, 0x10, 0x8D, 0xE5
	.byte 0x74, 0x20, 0x9D, 0xE5, 0x03, 0x10, 0xA0, 0xE1, 0x02, 0x10, 0x81, 0xE0, 0x07, 0x20, 0xCA, 0xE3
	.byte 0x38, 0x10, 0x8D, 0xE5, 0x0C, 0x30, 0x8D, 0xE5, 0x28, 0x20, 0x8D, 0xE5, 0x0C, 0x20, 0x9D, 0xE5
	.byte 0x0B, 0x12, 0x8B, 0x01, 0x07, 0x20, 0xC2, 0xE3, 0x40, 0x20, 0x8D, 0xE5, 0x10, 0x20, 0x9D, 0xE5
	.byte 0x01, 0x14, 0x81, 0x01, 0x02, 0x53, 0xA0, 0xE1, 0x38, 0x20, 0x9D, 0xE5, 0x45, 0x31, 0xA0, 0xE1
	.byte 0x07, 0x60, 0x82, 0xE2, 0x28, 0x20, 0x9D, 0xE5, 0xA3, 0x3E, 0x85, 0xE0, 0x42, 0x41, 0xA0, 0xE1
	.byte 0x40, 0x20, 0x9D, 0xE5, 0x0B, 0x14, 0x8B, 0x11, 0x42, 0x51, 0xA0, 0xE1, 0x07, 0x20, 0xC6, 0xE3
	.byte 0x34, 0x20, 0x8D, 0xE5, 0xC3, 0x21, 0xA0, 0xE1, 0x14, 0x20, 0x8D, 0xE5, 0x28, 0x20, 0x9D, 0xE5
	.byte 0x01, 0xB8, 0x81, 0xE1, 0xA4, 0x2E, 0x82, 0xE0, 0xC2, 0x21, 0xA0, 0xE1, 0x2C, 0x20, 0x8D, 0xE5
	.byte 0x40, 0x20, 0x9D, 0xE5, 0x10, 0x10, 0x90, 0xE5, 0xA5, 0x2E, 0x82, 0xE0, 0xC2, 0x81, 0xA0, 0xE1
	.byte 0x40, 0x30, 0x9D, 0xE5, 0x34, 0x20, 0x9D, 0xE5, 0x44, 0x10, 0x8D, 0xE5, 0x02, 0x00, 0x53, 0xE1
	.byte 0x3C, 0x20, 0x9D, 0xE5, 0x07, 0x20, 0x82, 0xE2, 0x07, 0x70, 0xC2, 0xE3, 0x04, 0x20, 0x90, 0xE5
	.byte 0x18, 0x20, 0x8D, 0xE5, 0x08, 0x20, 0x90, 0xE5, 0x00, 0x00, 0x90, 0xE5, 0x1C, 0x20, 0x8D, 0xE5
	.byte 0x30, 0x00, 0x8D, 0xE5, 0x01, 0x0C, 0xA0, 0xE1, 0x20, 0x0C, 0xA0, 0xE1, 0x20, 0x00, 0x8D, 0xE5
	.byte 0x01, 0x08, 0xA0, 0xE1, 0x20, 0x0C, 0xA0, 0xE1, 0x24, 0x00, 0x8D, 0xE5, 0x48, 0xD0, 0x8D, 0xA2
	.byte 0xF8, 0x8F, 0xBD, 0xA8, 0x40, 0x10, 0x9D, 0xE5, 0x0C, 0x00, 0x9D, 0xE5, 0x00, 0x00, 0x51, 0xE1
	.byte 0x00, 0x90, 0xA0, 0xA3, 0x02, 0x00, 0x00, 0xAA, 0x00, 0x10, 0xA0, 0xE1, 0x40, 0x00, 0x9D, 0xE5
	.byte 0x00, 0x90, 0x41, 0xE0, 0x38, 0x10, 0x9D, 0xE5, 0x40, 0x00, 0x9D, 0xE5, 0x2C, 0x60, 0x9D, 0xE5
	.byte 0x00, 0x00, 0x41, 0xE0, 0x08, 0x00, 0x50, 0xE3, 0x08, 0x00, 0xA0, 0xC3, 0x09, 0x50, 0x40, 0xE0
	.byte 0x28, 0x00, 0x9D, 0xE5, 0x07, 0x00, 0x50, 0xE1, 0x00, 0x40, 0xA0, 0xE1, 0x1C, 0x00, 0x00, 0xAA
	.byte 0x20, 0x00, 0x9D, 0xE5, 0x18, 0x20, 0x9D, 0xE5, 0x00, 0x00, 0x8D, 0xE5, 0x24, 0x00, 0x9D, 0xE5
	.byte 0x1C, 0x30, 0x9D, 0xE5, 0x04, 0x00, 0x8D, 0xE5, 0x06, 0x00, 0xA0, 0xE1, 0x08, 0x10, 0xA0, 0xE1
	.byte 0xF7, 0xFC, 0xFF, 0xEB, 0x3C, 0x20, 0x9D, 0xE5, 0x0A, 0x00, 0x54, 0xE1, 0x04, 0x10, 0x4A, 0xB0
	.byte 0x04, 0x20, 0x42, 0xE0, 0x00, 0x10, 0xA0, 0xA3, 0x08, 0x00, 0x52, 0xE3, 0x08, 0x20, 0xA0, 0xC3
	.byte 0x20, 0x08, 0x8D, 0xE8, 0x01, 0x30, 0x42, 0xE0, 0x10, 0x20, 0x9D, 0xE5, 0x14, 0xC0, 0x9D, 0xE5
	.byte 0x08, 0x20, 0x8D, 0xE5, 0x30, 0x20, 0x9D, 0xE5, 0x9C, 0x20, 0x20, 0xE0, 0x09, 0x20, 0xA0, 0xE1
	.byte 0x2C, 0xFD, 0xFF, 0xEB, 0x08, 0x40, 0x84, 0xE2, 0x01, 0x60, 0x86, 0xE2, 0x07, 0x00, 0x54, 0xE1
	.byte 0xE2, 0xFF, 0xFF, 0xBA, 0x40, 0x00, 0x9D, 0xE5, 0x01, 0x80, 0x88, 0xE2, 0x08, 0x10, 0x80, 0xE2
	.byte 0x34, 0x00, 0x9D, 0xE5, 0x40, 0x10, 0x8D, 0xE5, 0x00, 0x00, 0x51, 0xE1, 0xC8, 0xFF, 0xFF, 0xBA
	.byte 0x48, 0xD0, 0x8D, 0xE2, 0xF8, 0x8F, 0xBD, 0xE8, 0x04, 0x20, 0x80, 0xE5, 0x00, 0x20, 0x9D, 0xE5
	.byte 0x08, 0x30, 0x80, 0xE5, 0x0C, 0x20, 0xC0, 0xE5, 0x04, 0x20, 0x9D, 0xE5, 0x00, 0x10, 0x80, 0xE5
	.byte 0x08, 0x10, 0x9D, 0xE5, 0x14, 0x20, 0x80, 0xE5, 0x10, 0x10, 0x80, 0xE5, 0x1E, 0xFF, 0x2F, 0xE1
	.byte 0xF0, 0x41, 0x2D, 0xE9, 0x10, 0xD0, 0x4D, 0xE2, 0x01, 0x70, 0xA0, 0xE1, 0xBC, 0x12, 0xDD, 0xE1
	.byte 0x00, 0x80, 0xA0, 0xE1, 0x07, 0x00, 0xA0, 0xE1, 0x02, 0x60, 0xA0, 0xE1, 0x03, 0x50, 0xA0, 0xE1
	.byte 0x35, 0xFC, 0xFF, 0xEB, 0xF4, 0x10, 0x9F, 0xE5, 0x00, 0x40, 0xA0, 0xE1, 0x01, 0x00, 0x54, 0xE1
	.byte 0x00, 0x00, 0x97, 0x05, 0xB2, 0x40, 0xD0, 0x01, 0x07, 0x00, 0xA0, 0xE1, 0x04, 0x10, 0xA0, 0xE1
	.byte 0x3F, 0xFC, 0xFF, 0xEB, 0x08, 0x00, 0x8D, 0xE5, 0x00, 0x10, 0x97, 0xE5, 0x08, 0x20, 0x91, 0xE5
	.byte 0xB2, 0x10, 0xD2, 0xE1, 0x08, 0x20, 0x82, 0xE2, 0x94, 0x21, 0x21, 0xE0, 0x0C, 0x10, 0x8D, 0xE5
	.byte 0x00, 0x10, 0x97, 0xE5, 0x08, 0x30, 0x91, 0xE5, 0x07, 0x10, 0xD3, 0xE5, 0x07, 0x00, 0x51, 0xE3
	.byte 0x01, 0xF1, 0x8F, 0x90, 0x1A, 0x00, 0x00, 0xEA, 0x06, 0x00, 0x00, 0xEA, 0x08, 0x00, 0x00, 0xEA
	.byte 0x07, 0x00, 0x00, 0xEA, 0x0B, 0x00, 0x00, 0xEA, 0x0A, 0x00, 0x00, 0xEA, 0x10, 0x00, 0x00, 0xEA
	.byte 0x0F, 0x00, 0x00, 0xEA, 0xFF, 0xFF, 0xFF, 0xEA, 0xD0, 0x00, 0xD0, 0xE1, 0x00, 0x60, 0x86, 0xE0
_02068F40:
	.byte 0x0F, 0x00, 0x00, 0xEA, 0x00, 0x10, 0xD3, 0xE5, 0xD0, 0x00, 0xD0, 0xE1, 0x01, 0x60, 0x46, 0xE0
	.byte 0x00, 0x50, 0x85, 0xE0, 0x0A, 0x00, 0x00, 0xEA, 0xD0, 0x20, 0xD0, 0xE1, 0x01, 0x10, 0xD0, 0xE5
	.byte 0x01, 0x00, 0xD3, 0xE5, 0x01, 0x10, 0x82, 0xE0, 0x01, 0x60, 0x46, 0xE0, 0x00, 0x50, 0x45, 0xE0
	.byte 0x03, 0x00, 0x00, 0xEA, 0xD0, 0x10, 0xD0, 0xE1, 0x01, 0x00, 0xD3, 0xE5, 0x00, 0x00, 0x81, 0xE0
	.byte 0x00, 0x50, 0x45, 0xE0, 0x28, 0x10, 0x9D, 0xE5, 0x08, 0x00, 0x8D, 0xE2, 0x00, 0x10, 0x8D, 0xE5
	.byte 0x04, 0x00, 0x8D, 0xE5, 0x14, 0x10, 0x98, 0xE5, 0x08, 0x00, 0xA0, 0xE1, 0x00, 0x40, 0x91, 0xE5
	.byte 0x07, 0x10, 0xA0, 0xE1, 0x06, 0x20, 0xA0, 0xE1, 0x05, 0x30, 0xA0, 0xE1, 0x34, 0xFF, 0x2F, 0xE1
	.byte 0x08, 0x00, 0x9D, 0xE5, 0xD2, 0x00, 0xD0, 0xE1, 0x10, 0xD0, 0x8D, 0xE2, 0xF0, 0x81, 0xBD, 0xE8
	.byte 0xFF, 0xFF, 0x00, 0x00, 0x00, 0x40, 0x2D, 0xE9, 0x0C, 0xD0, 0x4D, 0xE2, 0x10, 0xE0, 0x9D, 0xE5
	.byte 0x14, 0xC0, 0x9F, 0xE5, 0x00, 0xE0, 0x8D, 0xE5, 0x04, 0xC0, 0x8D, 0xE5, 0x08, 0x20, 0x8D, 0xE5
	.byte 0xA4, 0xFF, 0xFF, 0xEB, 0x0C, 0xD0, 0x8D, 0xE2, 0x00, 0x80, 0xBD, 0xE8, 0xDC, 0x18, 0x0A, 0x02
	.byte 0x38, 0x40, 0x2D, 0xE9, 0x10, 0xD0, 0x4D, 0xE2, 0x08, 0x00, 0x52, 0xE3, 0x02, 0x40, 0xA0, 0xB1
	.byte 0x03, 0xC0, 0xA0, 0xA3, 0x14, 0x4F, 0x6F, 0xB1, 0x1F, 0xC0, 0x64, 0xB2, 0x08, 0x00, 0x53, 0xE3
	.byte 0x03, 0x40, 0xA0, 0xB1, 0x03, 0x50, 0xA0, 0xA3, 0x14, 0x4F, 0x6F, 0xB1, 0x1F, 0x50, 0x64, 0xB2
	.byte 0x48, 0x40, 0x9F, 0xE5, 0x0C, 0xE0, 0x9D, 0xE5, 0x85, 0x51, 0x84, 0xE0, 0x8C, 0x40, 0x85, 0xE0
	.byte 0x8C, 0xC0, 0xD5, 0xE7, 0xFF, 0x50, 0xCE, 0xE3, 0x01, 0x40, 0xD4, 0xE5, 0x20, 0xE0, 0x9D, 0xE5
	.byte 0x0C, 0x50, 0x85, 0xE1, 0x00, 0xE0, 0x8D, 0xE5, 0x24, 0xC0, 0x9F, 0xE5, 0xFF, 0xEC, 0xC5, 0xE3
	.byte 0x04, 0x4C, 0xA0, 0xE1, 0x24, 0x48, 0x8E, 0xE1, 0x04, 0xC0, 0x8D, 0xE5, 0x0C, 0x40, 0x8D, 0xE5
	.byte 0x08, 0x40, 0x8D, 0xE5, 0x83, 0xFF, 0xFF, 0xEB, 0x10, 0xD0, 0x8D, 0xE2, 0x38, 0x80, 0xBD, 0xE8
	.byte 0xF4, 0x18, 0x0A, 0x02, 0xE8, 0x18, 0x0A, 0x02, 0xF0, 0x41, 0x2D, 0xE9, 0x08, 0xD0, 0x4D, 0xE2
	.byte 0x24, 0x50, 0x9D, 0xE5, 0x20, 0xE0, 0x9D, 0xE5, 0x20, 0x00, 0x55, 0xE3, 0x28, 0xC0, 0x9D, 0xE5
	.byte 0x07, 0x00, 0x00, 0xCA, 0x95, 0x3E, 0x24, 0xE0, 0x2C, 0xE0, 0x9D, 0xE5, 0x05, 0x30, 0xA0, 0xE1
	.byte 0x84, 0x00, 0x80, 0xE0, 0x00, 0x50, 0x8D, 0xE8, 0x1E, 0x00, 0x00, 0xEB, 0x08, 0xD0, 0x8D, 0xE2
	.byte 0xF0, 0x81, 0xBD, 0xE8, 0x02, 0x60, 0x8E, 0xE0, 0x2C, 0x40, 0x9D, 0xE5, 0x06, 0x00, 0x5E, 0xE1
	.byte 0x01, 0x50, 0x83, 0xE0, 0x08, 0xD0, 0x8D, 0xA2, 0x04, 0x1E, 0xA0, 0xE1, 0xF0, 0x81, 0xBD, 0xA8
	.byte 0x20, 0x00, 0x5E, 0xE3, 0x0E, 0x20, 0xA0, 0xB1, 0x20, 0x20, 0x8E, 0xA2, 0x03, 0x70, 0xA0, 0xE1
	.byte 0x05, 0x00, 0x53, 0xE1, 0x02, 0x83, 0x80, 0xE0, 0x09, 0x00, 0x00, 0xAA, 0x20, 0x00, 0x57, 0xE3
	.byte 0x07, 0x20, 0xA0, 0xB1, 0x3E, 0x2E, 0x87, 0xA2, 0x21, 0x48, 0x8C, 0xE1, 0x82, 0x20, 0xA0, 0xE1
	.byte 0x01, 0x70, 0x87, 0xE2, 0xB2, 0x40, 0x88, 0xE1, 0x05, 0x00, 0x57, 0xE1, 0x01, 0xC0, 0x8C, 0xE2
	.byte 0xF5, 0xFF, 0xFF, 0xBA, 0x01, 0xE0, 0x8E, 0xE2, 0x06, 0x00, 0x5E, 0xE1, 0xEB, 0xFF, 0xFF, 0xBA
	.byte 0x08, 0xD0, 0x8D, 0xE2, 0xF0, 0x81, 0xBD, 0xE8, 0xF0, 0x41, 0x2D, 0xE9, 0x1C, 0x40, 0x9D, 0xE5
	.byte 0x18, 0x80, 0x9D, 0xE5, 0x00, 0x60, 0xA0, 0xE3, 0x00, 0x00, 0x52, 0xE3, 0x04, 0xCE, 0xA0, 0xE1
	.byte 0xF0, 0x81, 0xBD, 0xD8, 0x06, 0x40, 0xA0, 0xE1, 0x00, 0x70, 0xA0, 0xE1, 0x04, 0x50, 0xA0, 0xE1
	.byte 0x00, 0x00, 0x51, 0xE3, 0x05, 0x00, 0x00, 0xDA, 0x2C, 0xE8, 0x88, 0xE1, 0x01, 0x50, 0x85, 0xE2
	.byte 0x01, 0x00, 0x55, 0xE1, 0x01, 0x80, 0x88, 0xE2, 0xB2, 0xE0, 0xC7, 0xE0, 0xF9, 0xFF, 0xFF, 0xBA
	.byte 0x01, 0x60, 0x86, 0xE2, 0x02, 0x00, 0x56, 0xE1, 0x83, 0x00, 0x80, 0xE0, 0xF1, 0xFF, 0xFF, 0xBA
	.byte 0xF0, 0x81, 0xBD, 0xE8, 0x38, 0x40, 0x2D, 0xE9, 0xA0, 0x31, 0xA0, 0xE1, 0xA1, 0x51, 0xA0, 0xE1
	.byte 0x00, 0x20, 0xA0, 0xE3, 0x93, 0x25, 0x2E, 0xE0, 0x02, 0x40, 0x00, 0xE2, 0x01, 0x20, 0x00, 0xE2
	.byte 0xA4, 0x20, 0x82, 0xE0, 0x04, 0x00, 0x00, 0xE2, 0x82, 0xC0, 0xA0, 0xE1, 0x20, 0xC1, 0x8C, 0xE0
	.byte 0x95, 0xEC, 0x2C, 0xE0, 0x02, 0x40, 0x01, 0xE2, 0x01, 0xE0, 0x01, 0xE2, 0xA4, 0x40, 0x8E, 0xE0
	.byte 0x04, 0xE0, 0x01, 0xE2, 0x84, 0x10, 0xA0, 0xE1, 0x2E, 0x11, 0x81, 0xE0, 0x93, 0xC1, 0x2C, 0xE0
	.byte 0x20, 0x11, 0x82, 0xE0, 0x2E, 0x01, 0x84, 0xE0, 0x91, 0xC0, 0x20, 0xE0, 0x38, 0x80, 0xBD, 0xE8
	.byte 0xF8, 0x4F, 0x2D, 0xE9, 0x38, 0xD0, 0x4D, 0xE2, 0x00, 0x70, 0xA0, 0xE1, 0x01, 0x00, 0xA0, 0xE1
	.byte 0x08, 0x00, 0x50, 0xE3, 0x60, 0x00, 0x9D, 0xE5, 0x10, 0x10, 0x8D, 0xE5, 0x60, 0x00, 0x8D, 0xE5
	.byte 0x14, 0x20, 0x8D, 0xE5, 0x10, 0x00, 0x9D, 0xB5, 0x34, 0x30, 0x8D, 0xE5, 0x64, 0x60, 0x9D, 0xE5
	.byte 0x68, 0x50, 0x9D, 0xE5, 0x6C, 0x40, 0x9D, 0xE5, 0x03, 0x20, 0xA0, 0xA3, 0x10, 0x0F, 0x6F, 0xB1
	.byte 0x1F, 0x20, 0x60, 0xB2, 0x14, 0x00, 0x9D, 0xE5, 0x08, 0x00, 0x50, 0xE3, 0x14, 0x00, 0x9D, 0xB5
	.byte 0x03, 0x10, 0xA0, 0xA3, 0x10, 0x0F, 0x6F, 0xB1, 0x1F, 0x10, 0x60, 0xB2, 0x88, 0x02, 0x9F, 0xE5
	.byte 0x00, 0x30, 0xE0, 0xE3, 0x81, 0x11, 0x80, 0xE0, 0x82, 0x00, 0x81, 0xE0, 0x82, 0xB0, 0xD1, 0xE7
	.byte 0x01, 0x10, 0xD0, 0xE5, 0x14, 0x20, 0x9D, 0xE5, 0x00, 0x00, 0x56, 0xE3, 0x30, 0x10, 0x8D, 0xE5
	.byte 0x10, 0x10, 0x9D, 0xE5, 0x13, 0x1B, 0x01, 0xE0, 0x2C, 0x10, 0x8D, 0xE5, 0x30, 0x10, 0x9D, 0xE5
	.byte 0x13, 0x11, 0x02, 0xE0, 0x28, 0x10, 0x8D, 0xE5, 0x01, 0x10, 0xA0, 0x03, 0x18, 0x10, 0x8D, 0x05
	.byte 0x02, 0x10, 0xA0, 0x13, 0x18, 0x10, 0x8D, 0x15, 0x00, 0x10, 0xA0, 0xE3, 0x24, 0x10, 0x8D, 0xE5
	.byte 0x11, 0xFC, 0xFF, 0xEB, 0x10, 0x10, 0x9D, 0xE5, 0x14, 0x20, 0x9D, 0xE5, 0x51, 0x9B, 0xA0, 0xE1
	.byte 0x30, 0x10, 0x9D, 0xE5, 0x52, 0x11, 0xA0, 0xE1, 0x20, 0x10, 0x8D, 0xE5, 0x18, 0x10, 0x9D, 0xE5
	.byte 0x11, 0x2B, 0xA0, 0xE1, 0x30, 0x10, 0x9D, 0xE5, 0x12, 0x81, 0xA0, 0xE1, 0x00, 0x10, 0xA0, 0xE3
	.byte 0x1C, 0x10, 0x8D, 0xE5, 0x25, 0x00, 0x00, 0xEA, 0x1C, 0x20, 0x9D, 0xE5, 0x30, 0x10, 0x9D, 0xE5
	.byte 0x00, 0xA0, 0xA0, 0xE3, 0x12, 0x21, 0xA0, 0xE1, 0x60, 0x10, 0x9D, 0xE5, 0x82, 0x11, 0x81, 0xE0
	.byte 0x01, 0x2B, 0xA0, 0xE3, 0xFF, 0x30, 0x01, 0xE2, 0x00, 0x20, 0x62, 0xE2, 0x16, 0x00, 0x00, 0xEA
	.byte 0x1A, 0xCB, 0xA0, 0xE1, 0x34, 0x10, 0x9D, 0xE5, 0x01, 0xA0, 0x8A, 0xE2, 0x8C, 0x11, 0x81, 0xE0
	.byte 0x81, 0xEB, 0xA0, 0xE1, 0x00, 0xC0, 0x97, 0xE5, 0xC0, 0x11, 0x9F, 0xE5, 0x01, 0x10, 0x0C, 0xE0
	.byte 0x03, 0x10, 0x81, 0xE1, 0xAE, 0xC3, 0x81, 0xE1, 0xB4, 0x11, 0x9F, 0xE5, 0x01, 0x10, 0x0C, 0xE0
	.byte 0x00, 0x10, 0x81, 0xE1, 0x00, 0x10, 0x87, 0xE5, 0xB4, 0x10, 0xD7, 0xE1, 0x02, 0x10, 0x01, 0xE0
	.byte 0x05, 0x10, 0x81, 0xE1, 0xB4, 0x10, 0xC7, 0xE1, 0x00, 0x10, 0x97, 0xE5, 0x58, 0x54, 0x85, 0xE0
	.byte 0x02, 0x1A, 0xC1, 0xE3, 0x86, 0x16, 0x81, 0xE1, 0x08, 0x10, 0x87, 0xE4, 0x09, 0x00, 0x5A, 0xE1
	.byte 0xE6, 0xFF, 0xFF, 0xBA, 0x1C, 0x10, 0x9D, 0xE5, 0x01, 0x10, 0x81, 0xE2, 0x1C, 0x10, 0x8D, 0xE5
	.byte 0x1C, 0x20, 0x9D, 0xE5, 0x20, 0x10, 0x9D, 0xE5, 0x01, 0x00, 0x52, 0xE1, 0xD5, 0xFF, 0xFF, 0xBA
	.byte 0x24, 0x00, 0x9D, 0xE5, 0x99, 0x01, 0x20, 0xE0, 0x24, 0x00, 0x8D, 0xE5, 0x2C, 0x10, 0x9D, 0xE5
	.byte 0x10, 0x00, 0x9D, 0xE5, 0x00, 0x00, 0x51, 0xE1, 0x16, 0x00, 0x00, 0x2A, 0x60, 0x00, 0x9D, 0xE5
	.byte 0x10, 0x10, 0x9D, 0xE5, 0x41, 0x00, 0x8D, 0xE8, 0x2C, 0x00, 0x9D, 0xE5, 0x2C, 0x20, 0x9D, 0xE5
	.byte 0x00, 0x80, 0x41, 0xE0, 0x34, 0x10, 0x9D, 0xE5, 0x08, 0x50, 0x8D, 0xE5, 0x82, 0x31, 0x81, 0xE0
	.byte 0x28, 0x20, 0x9D, 0xE5, 0x07, 0x00, 0xA0, 0xE1, 0x08, 0x10, 0xA0, 0xE1, 0x0C, 0x40, 0x8D, 0xE5
	.byte 0x86, 0xFF, 0xFF, 0xEB, 0x18, 0x10, 0x9D, 0xE5, 0x80, 0x71, 0x87, 0xE0, 0x91, 0x08, 0x02, 0xE0
	.byte 0x28, 0x10, 0x9D, 0xE5, 0x91, 0x02, 0x02, 0xE0, 0x24, 0x10, 0x9D, 0xE5, 0x32, 0x54, 0x85, 0xE0
	.byte 0x00, 0x00, 0x81, 0xE0, 0x24, 0x00, 0x8D, 0xE5, 0x28, 0x10, 0x9D, 0xE5, 0x14, 0x00, 0x9D, 0xE5
	.byte 0x00, 0x00, 0x51, 0xE1, 0x16, 0x00, 0x00, 0x2A, 0x60, 0x10, 0x9D, 0xE5, 0x28, 0x00, 0x9D, 0xE5
_02069400:
	.byte 0x34, 0x30, 0x9D, 0xE5, 0x80, 0x01, 0x81, 0xE0, 0x41, 0x00, 0x8D, 0xE8, 0x08, 0x50, 0x8D, 0xE5
	.byte 0x14, 0x10, 0x9D, 0xE5, 0x28, 0x00, 0x9D, 0xE5, 0x0C, 0x40, 0x8D, 0xE5, 0x00, 0x80, 0x41, 0xE0
	.byte 0x2C, 0x10, 0x9D, 0xE5, 0x07, 0x00, 0xA0, 0xE1, 0x08, 0x20, 0xA0, 0xE1, 0x6B, 0xFF, 0xFF, 0xEB
	.byte 0x18, 0x20, 0x9D, 0xE5, 0x2C, 0x10, 0x9D, 0xE5, 0x80, 0x71, 0x87, 0xE0, 0x92, 0x01, 0x01, 0xE0
	.byte 0x98, 0x01, 0x01, 0xE0, 0x31, 0x54, 0x85, 0xE0, 0x24, 0x10, 0x9D, 0xE5, 0x00, 0x00, 0x81, 0xE0
	.byte 0x24, 0x00, 0x8D, 0xE5, 0x2C, 0x10, 0x9D, 0xE5, 0x10, 0x00, 0x9D, 0xE5, 0x00, 0x00, 0x51, 0xE1
	.byte 0x28, 0x10, 0x9D, 0x35, 0x14, 0x00, 0x9D, 0x35, 0x00, 0x00, 0x51, 0x31, 0x13, 0x00, 0x00, 0x2A
	.byte 0x60, 0x10, 0x9D, 0xE5, 0x28, 0x00, 0x9D, 0xE5, 0x10, 0x20, 0x9D, 0xE5, 0x80, 0x01, 0x81, 0xE0
	.byte 0x41, 0x00, 0x8D, 0xE8, 0x08, 0x50, 0x8D, 0xE5, 0x2C, 0x10, 0x9D, 0xE5, 0x14, 0x30, 0x9D, 0xE5
	.byte 0x01, 0x10, 0x42, 0xE0, 0x28, 0x20, 0x9D, 0xE5, 0x2C, 0x50, 0x9D, 0xE5, 0x02, 0x20, 0x43, 0xE0
	.byte 0x34, 0x30, 0x9D, 0xE5, 0x07, 0x00, 0xA0, 0xE1, 0x85, 0x31, 0x83, 0xE0, 0x0C, 0x40, 0x8D, 0xE5
	.byte 0x4A, 0xFF, 0xFF, 0xEB, 0x24, 0x10, 0x9D, 0xE5, 0x00, 0x00, 0x81, 0xE0, 0x24, 0x00, 0x8D, 0xE5
	.byte 0x24, 0x00, 0x9D, 0xE5, 0x38, 0xD0, 0x8D, 0xE2, 0xF8, 0x8F, 0xBD, 0xE8, 0xF4, 0x18, 0x0A, 0x02
	.byte 0x00, 0xFF, 0x00, 0xFE, 0xFF, 0x3F, 0xFF, 0x3F, 0xF8, 0x4F, 0x2D, 0xE9, 0x10, 0xD0, 0x4D, 0xE2
	.byte 0x00, 0xB0, 0xA0, 0xE1, 0x08, 0x40, 0x9B, 0xE5, 0x04, 0x50, 0x9B, 0xE5, 0x38, 0x60, 0x9D, 0xE5
	.byte 0x0C, 0x00, 0x8D, 0xE2, 0x0C, 0x60, 0x8D, 0xE5, 0x04, 0x60, 0x95, 0xE5, 0x01, 0xA0, 0xA0, 0xE1
	.byte 0x02, 0x90, 0xA0, 0xE1, 0x08, 0x30, 0x8D, 0xE5, 0xD1, 0x84, 0xDD, 0xE1, 0x36, 0xFF, 0x2F, 0xE1
	.byte 0x00, 0x00, 0x50, 0xE3, 0x11, 0x00, 0x00, 0x0A, 0xD0, 0x74, 0xDD, 0xE1, 0x0A, 0x00, 0x50, 0xE3
	.byte 0x0E, 0x00, 0x00, 0x0A, 0x08, 0x10, 0x9D, 0xE5, 0x0A, 0x20, 0xA0, 0xE1, 0x00, 0x10, 0x8D, 0xE5
	.byte 0x04, 0x00, 0x8D, 0xE5, 0x00, 0x00, 0x9B, 0xE5, 0x05, 0x10, 0xA0, 0xE1, 0x09, 0x30, 0xA0, 0xE1
	.byte 0x56, 0xFE, 0xFF, 0xEB, 0x00, 0x00, 0x84, 0xE0, 0x90, 0xA7, 0x2A, 0xE0, 0x90, 0x98, 0x29, 0xE0
	.byte 0x0C, 0x00, 0x8D, 0xE2, 0x36, 0xFF, 0x2F, 0xE1, 0x00, 0x00, 0x50, 0xE3, 0xEE, 0xFF, 0xFF, 0x1A
	.byte 0x3C, 0x10, 0x9D, 0xE5, 0x00, 0x00, 0x51, 0xE3, 0x10, 0xD0, 0x8D, 0x02, 0xF8, 0x8F, 0xBD, 0x08
	.byte 0x0A, 0x00, 0x50, 0xE3, 0x0C, 0x10, 0x9D, 0x05, 0x3C, 0x00, 0x9D, 0xE5, 0x00, 0x10, 0xA0, 0x13
	.byte 0x00, 0x10, 0x80, 0xE5, 0x10, 0xD0, 0x8D, 0xE2, 0xF8, 0x8F, 0xBD, 0xE8, 0xF0, 0x4F, 0x2D, 0xE9
	.byte 0x34, 0xD0, 0x4D, 0xE2, 0x00, 0xA0, 0xA0, 0xE1, 0x04, 0x00, 0x9A, 0xE5, 0x60, 0x40, 0x9D, 0xE5
	.byte 0x00, 0x00, 0x90, 0xE5, 0xD5, 0x86, 0xDD, 0xE1, 0xD1, 0x00, 0xD0, 0xE1, 0x0C, 0x50, 0x9A, 0xE5
	.byte 0xD4, 0x96, 0xDD, 0xE1, 0x00, 0x50, 0x85, 0xE0, 0x00, 0x00, 0x68, 0xE2, 0x95, 0x00, 0x00, 0xE0
	.byte 0x20, 0x00, 0x8D, 0xE5, 0x95, 0x09, 0x00, 0xE0, 0x1C, 0x00, 0x8D, 0xE5, 0x58, 0x00, 0x9D, 0xE5
	.byte 0x0C, 0x10, 0x8D, 0xE5, 0x10, 0x20, 0x8D, 0xE5, 0x03, 0xB0, 0xA0, 0xE1, 0x30, 0x40, 0x8D, 0xE5
	.byte 0x00, 0x00, 0x54, 0xE3, 0x58, 0x00, 0x8D, 0xE5, 0x34, 0xD0, 0x8D, 0x02, 0xF0, 0x8F, 0xBD, 0x08
	.byte 0x5C, 0x20, 0x9D, 0xE5, 0x00, 0x60, 0xA0, 0xE3, 0x02, 0x0B, 0x02, 0xE2, 0x01, 0x10, 0x8B, 0xE2
	.byte 0x18, 0x00, 0x8D, 0xE5, 0xA1, 0x0F, 0x81, 0xE0, 0x2C, 0x00, 0x8D, 0xE5, 0x01, 0x0B, 0x02, 0xE2
	.byte 0x14, 0x00, 0x8D, 0xE5, 0x64, 0x00, 0xDD, 0xE5, 0x06, 0x70, 0xA0, 0xE1, 0x24, 0x00, 0x8D, 0xE5
	.byte 0x65, 0x00, 0xDD, 0xE5, 0x28, 0x00, 0x8D, 0xE5, 0x18, 0x00, 0x9D, 0xE5, 0x00, 0x00, 0x50, 0xE3
	.byte 0x0C, 0x00, 0x9D, 0xE5, 0x06, 0x40, 0x80, 0xE0, 0x10, 0x00, 0x9D, 0xE5, 0x07, 0x50, 0x80, 0xE0
	.byte 0x07, 0x00, 0x00, 0x0A, 0x30, 0x20, 0x9D, 0xE5, 0x00, 0x30, 0xA0, 0xE3, 0x03, 0x00, 0x9A, 0xE9
	.byte 0x76, 0xFA, 0xFF, 0xEB, 0x00, 0x00, 0x4B, 0xE0, 0x90, 0x49, 0x24, 0xE0, 0x90, 0x58, 0x25, 0xE0
	.byte 0x0D, 0x00, 0x00, 0xEA, 0x14, 0x00, 0x9D, 0xE5, 0x00, 0x00, 0x50, 0xE3, 0x0A, 0x00, 0x00, 0x0A
	.byte 0x30, 0x20, 0x9D, 0xE5, 0x00, 0x30, 0xA0, 0xE3, 0x03, 0x00, 0x9A, 0xE9, 0x6B, 0xFA, 0xFF, 0xEB
	.byte 0x01, 0x00, 0x80, 0xE2, 0xA0, 0x0F, 0x80, 0xE0, 0xC0, 0x10, 0xA0, 0xE1, 0x2C, 0x00, 0x9D, 0xE5
	.byte 0xC0, 0x00, 0x61, 0xE0, 0x90, 0x49, 0x24, 0xE0, 0x90, 0x58, 0x25, 0xE0, 0x30, 0x30, 0x9D, 0xE5
	.byte 0x04, 0x10, 0xA0, 0xE1, 0x00, 0x30, 0x8D, 0xE5, 0x30, 0x30, 0x8D, 0xE2, 0x04, 0x30, 0x8D, 0xE5
	.byte 0x24, 0x30, 0x9D, 0xE5, 0x05, 0x20, 0xA0, 0xE1, 0x08, 0x30, 0xCD, 0xE5, 0x28, 0x30, 0x9D, 0xE5
	.byte 0x0A, 0x00, 0xA0, 0xE1, 0x09, 0x30, 0xCD, 0xE5, 0x58, 0x30, 0x9D, 0xE5, 0x81, 0xFF, 0xFF, 0xEB
	.byte 0x20, 0x00, 0x9D, 0xE5, 0x00, 0x60, 0x86, 0xE0, 0x1C, 0x00, 0x9D, 0xE5, 0x00, 0x70, 0x87, 0xE0
	.byte 0x30, 0x00, 0x9D, 0xE5, 0x00, 0x00, 0x50, 0xE3, 0xCE, 0xFF, 0xFF, 0x1A, 0x34, 0xD0, 0x8D, 0xE2
	.byte 0xF0, 0x8F, 0xBD, 0xE8, 0xF0, 0x41, 0x2D, 0xE9, 0x28, 0xD0, 0x4D, 0xE2, 0x44, 0x40, 0x9D, 0xE5
	.byte 0x00, 0x80, 0xA0, 0xE1, 0x00, 0x40, 0x8D, 0xE5, 0x18, 0x00, 0x8D, 0xE2, 0x01, 0x70, 0xA0, 0xE1
	.byte 0x02, 0x60, 0xA0, 0xE1, 0x03, 0x50, 0xA0, 0xE1, 0x0E, 0x00, 0x98, 0xE9, 0x40, 0x40, 0x9D, 0xE5
	.byte 0x8A, 0xFA, 0xFF, 0xEB, 0x18, 0x20, 0x9D, 0xE5, 0x1C, 0x00, 0x9D, 0xE5, 0x10, 0x20, 0x8D, 0xE5
	.byte 0x14, 0x00, 0x8D, 0xE5, 0x20, 0x20, 0x8D, 0xE5, 0x24, 0x00, 0x8D, 0xE5, 0x10, 0x00, 0x14, 0xE3
	.byte 0x08, 0x00, 0x00, 0x0A, 0x01, 0x00, 0x82, 0xE2, 0x00, 0x00, 0x60, 0xE2, 0xA0, 0x0F, 0x80, 0xE0
	.byte 0xD8, 0x14, 0xDD, 0xE1, 0xC0, 0x20, 0xA0, 0xE1, 0xD9, 0x04, 0xDD, 0xE1, 0x92, 0x71, 0x27, 0xE0
	.byte 0x92, 0x60, 0x26, 0xE0, 0x06, 0x00, 0x00, 0xEA, 0x20, 0x00, 0x14, 0xE3, 0x04, 0x00, 0x00, 0x0A
	.byte 0xD8, 0x14, 0xDD, 0xE1, 0xD9, 0x04, 0xDD, 0xE1, 0x00, 0x20, 0x62, 0xE2, 0x92, 0x71, 0x27, 0xE0
	.byte 0x92, 0x60, 0x26, 0xE0, 0x02, 0x00
_02069786:
	.byte 0x14, 0xE3, 0x0A, 0x00, 0x00, 0x0A, 0x24, 0x00, 0x9D, 0xE5
	.byte 0xD9, 0x24, 0xDD, 0xE1, 0x01, 0x00, 0x80, 0xE2, 0x00, 0x00, 0x60, 0xE2, 0xA0, 0x0F, 0x80, 0xE0
	.byte 0xD8, 0x14, 0xDD, 0xE1, 0xC0, 0x30, 0xA0, 0xE1, 0x00, 0x00, 0x62, 0xE2, 0x93, 0x70, 0x27, 0xE0
	.byte 0x93, 0x61, 0x26, 0xE0, 0x08, 0x00, 0x00, 0xEA, 0x04, 0x00, 0x14, 0xE3, 0x06, 0x00, 0x00, 0x0A
	.byte 0xD9, 0x14, 0xDD, 0xE1, 0x24, 0x20, 0x9D, 0xE5, 0xD8, 0x04
_020697CA:
	.byte 0xDD, 0xE1, 0x00, 0x20, 0x62, 0xE2
	.byte 0x00, 0x10, 0x61, 0xE2, 0x92, 0x71, 0x27, 0xE0, 0x92, 0x60, 0x26, 0xE0, 0x00, 0x50, 0x8D, 0xE5
	.byte 0x44, 0x10, 0x9D, 0xE5, 0x04, 0x40, 0x8D, 0xE5, 0x48, 0x00, 0xDD, 0xE5, 0x08, 0x10, 0x8D, 0xE5
	.byte 0x49, 0x40, 0xDD, 0xE5, 0x0C, 0x00, 0xCD, 0xE5, 0x20, 0x30, 0x9D, 0xE5, 0x08, 0x00, 0xA0, 0xE1
	.byte 0x07, 0x10, 0xA0, 0xE1, 0x06, 0x20, 0xA0, 0xE1, 0x0D, 0x40, 0xCD, 0xE5, 0x5E, 0xFF, 0xFF, 0xEB
	.byte 0x28, 0xD0, 0x8D, 0xE2, 0xF0, 0x81, 0xBD, 0xE8, 0xF8, 0x40, 0x2D, 0xE9, 0x10, 0xD0, 0x4D, 0xE2
	.byte 0x30, 0xC0, 0x9D, 0xE5, 0x00, 0x70, 0xA0, 0xE1, 0x01, 0x60, 0xA0, 0xE1, 0x02, 0x50, 0xA0, 0xE1
	.byte 0x03, 0x40, 0xA0, 0xE1, 0x01, 0x0C, 0x1C, 0xE3, 0x0B, 0x00, 0x00, 0x0A, 0x04, 0x00, 0x97, 0xE5
	.byte 0x0C, 0x10, 0x97, 0xE5, 0x34, 0x20, 0x9D, 0xE5, 0x23, 0xFA, 0xFF, 0xEB, 0xD9, 0x23, 0xDD, 0xE1
	.byte 0x28, 0x30, 0x9D, 0xE5, 0xD8, 0x13, 0xDD, 0xE1, 0x00, 0x30, 0x43, 0xE0, 0x00, 0x00, 0x62, 0xE2
	.byte 0x93, 0x60, 0x26, 0xE0, 0x93, 0x51, 0x25, 0xE0, 0x11, 0x00, 0x00, 0xEA, 0x80, 0x00, 0x1C, 0xE3
	.byte 0x0F, 0x00, 0x00, 0x0A, 0x04, 0x00, 0x97, 0xE5, 0x0C, 0x10, 0x97, 0xE5, 0x34, 0x20, 0x9D, 0xE5
	.byte 0x15, 0xFA, 0xFF, 0xEB, 0x28, 0x10, 0x9D, 0xE5, 0x01, 0x00, 0x80, 0xE2, 0xD9, 0x33, 0xDD, 0xE1
	.byte 0x01, 0xC0, 0x81, 0xE2, 0xA0, 0x1F, 0x80, 0xE0, 0xD8, 0x23, 0xDD, 0xE1, 0xAC, 0x0F, 0x8C, 0xE0
	.byte 0xC1, 0x10, 0xA0, 0xE1, 0xC0, 0x10, 0x61, 0xE0, 0x00, 0x00, 0x63, 0xE2, 0x91, 0x60, 0x26, 0xE0
	.byte 0x91, 0x52, 0x25, 0xE0, 0x2C, 0x10, 0x9D, 0xE5, 0x30, 0x00, 0x9D, 0xE5, 0x00, 0x10, 0x8D, 0xE5
_020698C0:
	.byte 0x34, 0x10, 0x9D, 0xE5, 0x04, 0x00, 0x8D, 0xE5, 0x38, 0x00, 0xDD, 0xE5, 0x08, 0x10, 0x8D, 0xE5
	.byte 0x39, 0xC0, 0xDD, 0xE5, 0x0C, 0x00, 0xCD, 0xE5, 0x07, 0x00, 0xA0, 0xE1, 0x06, 0x10, 0xA0, 0xE1
	.byte 0x05, 0x20, 0xA0, 0xE1, 0x04, 0x30, 0xA0, 0xE1, 0x0D, 0xC0, 0xCD, 0xE5, 0x26, 0xFF, 0xFF, 0xEB
	.byte 0x10, 0xD0, 0x8D, 0xE2, 0xF8, 0x80, 0xBD, 0xE8, 0x70, 0x40, 0x2D, 0xE9, 0x00, 0x60, 0xB0, 0xE1
	.byte 0x01, 0x50, 0xA0, 0xE1, 0x00, 0x40, 0xA0, 0xE3, 0x18, 0x00, 0x00, 0x0A, 0x00, 0x00, 0x56, 0xE3
	.byte 0x04, 0x00, 0x00, 0x0A, 0x00, 0x10, 0x96, 0xE5, 0x94, 0x01, 0x9F, 0xE5, 0x00, 0x00, 0x51, 0xE1
	.byte 0x01, 0x00, 0xA0, 0x03, 0x00, 0x00, 0x00, 0x0A, 0x00, 0x00, 0xA0, 0xE3, 0x00, 0x00, 0x50, 0xE3
	.byte 0x01, 0x00, 0xA0, 0x13, 0x00, 0x00, 0xA0, 0x03, 0x00, 0x00, 0x50, 0xE3, 0x0C, 0x00, 0x00, 0x0A
	.byte 0x00, 0x00, 0x56, 0xE3, 0x04, 0x00, 0x00, 0x0A, 0xB6, 0x10, 0xD6, 0xE1, 0x64, 0x01, 0x9F, 0xE5
	.byte 0x00, 0x00, 0x51, 0xE1, 0x01, 0x00, 0xA0, 0x23, 0x00, 0x00, 0x00, 0x2A, 0x00, 0x00, 0xA0, 0xE3
	.byte 0x00, 0x00, 0x50, 0xE3, 0x01, 0x00, 0xA0, 0x13, 0x00, 0x00, 0xA0, 0x03, 0x00, 0x00, 0x00, 0xEA
	.byte 0x04, 0x00, 0xA0, 0xE1, 0x00, 0x00, 0x50, 0xE3, 0x3A, 0x00, 0x00, 0x1A, 0x00, 0x00, 0x56, 0xE3
	.byte 0x17, 0x00, 0x00, 0x0A, 0x04, 0x00, 0x00, 0x0A, 0x00, 0x10, 0x96, 0xE5, 0x20, 0x01, 0x9F, 0xE5
	.byte 0x00, 0x00, 0x51, 0xE1, 0x01, 0x00, 0xA0, 0x03, 0x00, 0x00, 0x00, 0x0A, 0x00, 0x00, 0xA0, 0xE3
	.byte 0x00, 0x00, 0x50, 0xE3, 0x01, 0x00, 0xA0, 0x13, 0x00, 0x00, 0xA0, 0x03, 0x00, 0x00, 0x50, 0xE3
	.byte 0x0C, 0x00, 0x00, 0x0A, 0x00, 0x00, 0x56, 0xE3, 0x04, 0x00, 0x00, 0x0A, 0xB6, 0x10, 0xD6, 0xE1
	.byte 0xF4, 0x00, 0x9F, 0xE5, 0x00, 0x00, 0x51, 0xE1, 0x01, 0x00, 0xA0, 0x23, 0x00, 0x00, 0x00, 0x2A
	.byte 0x00, 0x00, 0xA0, 0xE3, 0x00, 0x00, 0x50, 0xE3, 0x01, 0x00, 0xA0, 0x13, 0x00, 0x00, 0xA0, 0x03
	.byte 0x00, 0x00, 0x00, 0xEA, 0x00, 0x00, 0xA0, 0xE3, 0x00, 0x00, 0x50, 0xE3, 0x1D, 0x00, 0x00, 0x1A
	.byte 0x00, 0x00, 0x56, 0xE3, 0x16, 0x00, 0x00, 0x0A, 0x04, 0x00, 0x00, 0x0A, 0x00, 0x10, 0x96, 0xE5
	.byte 0xAC, 0x00, 0x9F, 0xE5, 0x00, 0x00, 0x51, 0xE1, 0x01, 0x00, 0xA0, 0x03, 0x00, 0x00, 0x00, 0x0A
	.byte 0x00, 0x00, 0xA0, 0xE3, 0x00, 0x00, 0x50, 0xE3, 0x01, 0x00, 0xA0, 0x13, 0x00, 0x00, 0xA0, 0x03
	.byte 0x00, 0x00, 0x50, 0xE3, 0x0B, 0x00, 0x00, 0x0A, 0x00, 0x00, 0x56, 0xE3, 0x03, 0x00, 0x00, 0x0A
	.byte 0xB6, 0x00, 0xD6, 0xE1, 0x01, 0x0C, 0x50, 0xE3, 0x01, 0x00, 0xA0, 0x23, 0x00, 0x00, 0x00, 0x2A
	.byte 0x00, 0x00, 0xA0, 0xE3, 0x00, 0x00, 0x50, 0xE3, 0x01, 0x00, 0xA0, 0x13, 0x00, 0x00, 0xA0, 0x03
	.byte 0x00, 0x00, 0x00, 0xEA, 0x00, 0x00, 0xA0, 0xE3, 0x00, 0x00, 0x50, 0xE3, 0x00, 0x00, 0x00, 0x1A
	.byte 0xF3, 0x79, 0x00, 0xEB, 0x01, 0x40, 0xA0, 0xE3, 0x06, 0x00, 0xA0, 0xE1, 0x14, 0x00, 0x00, 0xEB
	.byte 0x48, 0x10, 0x9F, 0xE5, 0x06, 0x00, 0xA0, 0xE1, 0x39, 0xE4, 0xFF, 0xEB, 0x00, 0x00, 0x50, 0xE3
	.byte 0x00, 0x00, 0xA0, 0x03, 0x00, 0x00, 0x85, 0x05, 0x70, 0x80, 0xBD, 0x08, 0x08, 0x00, 0x80, 0xE2
	.byte 0x00, 0x00, 0x85, 0xE5, 0x00, 0x00, 0x54, 0xE3, 0x03, 0x00, 0x00, 0x0A, 0x00, 0x00, 0x95, 0xE5
	.byte 0x00, 0x10, 0xA0, 0xE3, 0x08, 0x00, 0x90, 0xE5, 0x07, 0x10, 0xC0, 0xE5, 0x01, 0x00, 0xA0, 0xE3
	.byte 0x70, 0x80, 0xBD, 0xE8, 0x52, 0x54, 0x46, 0x4E, 0x02, 0x01, 0x00, 0x00, 0x01, 0x01, 0x00, 0x00
	.byte 0x46, 0x4E, 0x49, 0x46, 0x70, 0x40, 0x2D, 0xE9, 0xBC, 0x10, 0xD0, 0xE1, 0xBE, 0x30, 0xD0, 0xE1
	.byte 0x00, 0x20, 0xA0, 0xE3, 0x01, 0x10, 0x80, 0xE0, 0x00, 0x00, 0x53, 0xE3, 0x70, 0x80, 0xBD, 0xD8
	.byte 0xA8, 0x30, 0x9F, 0xE5, 0xA8, 0xC0, 0x9F, 0xE5, 0xA8, 0x40, 0x9F, 0xE5, 0xA8, 0xE0, 0x9F, 0xE5
	.byte 0x00, 0x50, 0x91, 0xE5, 0x04, 0x00, 0x55, 0xE1, 0x02, 0x00, 0x00, 0x8A, 0x18, 0x00, 0x00, 0x2A
	.byte 0x0E, 0x00, 0x55, 0xE1, 0x1A, 0x00, 0x00, 0xEA, 0x0C, 0x00, 0x55, 0xE1, 0x01, 0x00, 0x00, 0x8A
	.byte 0x0E, 0x00, 0x00, 0x0A, 0x16, 0x00, 0x00, 0xEA, 0x03, 0x00, 0x55, 0xE1, 0x14, 0x00, 0x00, 0x1A
	.byte 0x10, 0x50, 0x91, 0xE5, 0x00, 0x50, 0x85, 0xE0, 0x10, 0x50, 0x81, 0xE5, 0x14, 0x50, 0x91, 0xE5
	.byte 0x00, 0x00, 0x55, 0xE3, 0x00, 0x50, 0x85, 0x10, 0x14, 0x50, 0x81, 0x15, 0x18, 0x50, 0x91, 0xE5
	.byte 0x00, 0x00, 0x55, 0xE3, 0x00, 0x50, 0x85, 0x10, 0x18, 0x50, 0x81, 0x15, 0x08, 0x00, 0x00, 0xEA
	.byte 0x0C, 0x50, 0x91, 0xE5, 0x00, 0x00, 0x55, 0xE3, 0x00, 0x50, 0x85, 0x10, 0x0C, 0x50, 0x81, 0x15
	.byte 0x03, 0x00, 0x00, 0xEA, 0x10, 0x50, 0x91, 0xE5, 0x00, 0x00, 0x55, 0xE3, 0x00, 0x50, 0x85, 0x10
	.byte 0x10, 0x50, 0x81, 0x15, 0xBE, 0x50, 0xD0, 0xE1, 0x04, 0x60, 0x91, 0xE5, 0x01, 0x20, 0x82, 0xE2
	.byte 0x05, 0x00, 0x52, 0xE1, 0x06, 0x10, 0x81, 0xE0, 0xD8, 0xFF, 0xFF, 0xBA, 0x70, 0x80, 0xBD, 0xE8
	.byte 0x46, 0x4E, 0x49, 0x46, 0x48, 0x44, 0x57, 0x43, 0x50, 0x41, 0x4D, 0x43, 0x50, 0x4C, 0x47, 0x43
	.byte 0x70, 0x40, 0x2D, 0xE9, 0xD4, 0x30, 0xD0, 0xE1, 0x05, 0x40, 0xD0, 0xE5, 0x01, 0x50, 0xA0, 0xE1
	.byte 0x05, 0x00, 0x53, 0xE1, 0x05, 0x10, 0x43, 0xA0, 0x34, 0x21, 0xA0, 0xA1, 0x04, 0x10, 0xC0, 0xA5
	.byte 0x0A, 0x00, 0x00, 0xAA, 0x00, 0x20, 0x90, 0xE5, 0x03, 0x60, 0x45, 0xE0, 0x01, 0x10, 0x82, 0xE2
	.byte 0x00, 0x10, 0x80, 0xE5, 0x00, 0x30, 0xD2, 0xE5, 0x06, 0x10, 0xA0, 0xE1, 0x08, 0x20, 0xA0, 0xE3
	.byte 0x05, 0x30, 0xC0, 0xE5, 0x04, 0x20, 0xC0, 0xE5, 0xEC, 0xFF, 0xFF, 0xEB, 0x14, 0x26, 0x80, 0xE1
	.byte 0x08, 0x00, 0x65, 0xE2, 0xFF, 0x10, 0xA0, 0xE3, 0x51, 0x00, 0x02, 0xE0, 0x70, 0x80, 0xBD, 0xE8
	.byte 0x00, 0x10, 0x90, 0xE5, 0xB2, 0x20, 0xD1, 0xE0, 0x00, 0x10, 0x80, 0xE5, 0x02, 0x00, 0xA0, 0xE1
	.byte 0x1E, 0xFF, 0x2F, 0xE1, 0x00, 0x00, 0x50, 0xE3, 0x00, 0x00, 0x51, 0x13, 0x00, 0x00, 0xA0, 0x03
	.byte 0x1E, 0xFF, 0x2F, 0x01, 0x00, 0x00
_02069C26:
	.byte 0xD0, 0xE5, 0x4A, 0x00, 0x50, 0xE3, 0x09, 0x00, 0x00, 0x0A
	.byte 0x4D, 0x00, 0x50, 0xE3, 0x02, 0x00, 0x00, 0x0A, 0x56, 0x00, 0x50, 0xE3, 0x05, 0x00, 0x00, 0x0A
	.byte 0x09, 0x00, 0x00, 0xEA, 0x18, 0x00, 0xD1, 0xE5, 0x80, 0x00, 0xA0, 0xE1, 0x1C, 0x00, 0x80, 0xE2
	.byte 0x03, 0x00, 0xC0, 0xE3, 0x1E, 0xFF, 0x2F, 0xE1, 0x17, 0x00, 0xD1, 0xE5, 0x80, 0x00, 0xA0, 0xE1
	.byte 0x1C, 0x00, 0x80, 0xE2, 0x03, 0x00, 0xC0, 0xE3, 0x1E, 0xFF, 0x2F, 0xE1, 0x00, 0x00, 0xA0, 0xE3
	.byte 0x1E, 0xFF, 0x2F, 0xE1, 0xF8, 0x40, 0x2D, 0xE9, 0x00, 0xC0, 0xA0, 0xE3, 0x00, 0xC0, 0x80, 0xE5
	.byte 0x08, 0x10

	non_word_aligned_thumb_func_start FUN_02069c82
FUN_02069c82: ; 0x02069C82
	b _02069786
	thumb_func_end FUN_02069c82
_02069C84:
	.byte 0x10, 0xC0, 0x80, 0xE5, 0x7F, 0x40, 0xA0, 0xE3, 0x18, 0x40, 0xC0, 0xE5
	.byte 0x01, 0x4A, 0xA0, 0xE3, 0x04, 0x40, 0x80, 0xE5, 0x14, 0x30, 0x80, 0xE5, 0x19, 0xC0, 0xC0, 0xE5
	.byte 0x60, 0x30, 0x9F, 0xE5, 0x0C, 0xC0, 0x80, 0xE5, 0x00, 0x70, 0x93, 0xE5, 0x00, 0x00, 0x57, 0xE3
	.byte 0xF8, 0x80, 0xBD, 0x98, 0x00, 0x60, 0xD1, 0xE5, 0x4C, 0x40, 0x9F, 0xE5, 0x8C, 0x31, 0xD4, 0xE7
	.byte 0x8C, 0x51, 0xA0, 0xE1, 0x03, 0x00, 0x56, 0xE1, 0x0A, 0x00, 0x00, 0x1A, 0x05, 0x30, 0x84, 0xE0
	.byte 0xB2, 0xE0, 0xD1, 0xE1, 0xB2, 0x30, 0xD3, 0xE1, 0x03, 0x00, 0x5E, 0xE1, 0x05, 0x00, 0x00, 0x1A
	.byte 0x28, 0x30, 0x9F, 0xE5, 0x05, 0x30, 0x93, 0xE7

	thumb_func_start FUN_02069ce8
FUN_02069ce8: ; 0x02069CE8
	lsl r0, r0, #0
	b _0206A394
_02069CEC:
	.byte 0xF8, 0x80, 0xBD, 0x08
	.byte 0x33, 0xFF, 0x2F, 0xE1, 0xF8, 0x80, 0xBD, 0xE8, 0x01, 0xC0, 0x8C, 0xE2, 0x07, 0x00, 0x5C, 0xE1
	.byte 0xED, 0xFF, 0xFF, 0x3A, 0xF8, 0x80, 0xBD, 0xE8, 0x1C, 0x82, 0x0A, 0x02, 0x40, 0x82, 0x0A, 0x02
	.byte 0x44, 0x82, 0x0A, 0x02, 0x38, 0x40, 0x2D, 0xE9, 0x00, 0x50, 0xA0, 0xE1, 0x01, 0x40, 0xA0, 0xE1
	.byte 0x05, 0x10, 0xA0, 0xE1, 0x00, 0x00, 0xA0, 0xE3, 0x54, 0x20, 0xA0, 0xE3, 0x52, 0x63, 0x00, 0xEB
	.byte 0x24, 0x00, 0x9F, 0xE5, 0x24, 0x10, 0x9F, 0xE5, 0x00, 0x20, 0x90, 0xE5, 0x20, 0x00, 0x9F, 0xE5
	.byte 0x0C, 0x20, 0x85, 0xE5, 0x00, 0x10, 0x91, 0xE5, 0x14, 0x10, 0x85, 0xE5, 0x00, 0x00, 0x90, 0xE5
	.byte 0x1C, 0x00, 0x85, 0xE5, 0x04, 0x40, 0x85, 0xE5, 0x38, 0x80, 0xBD, 0xE8, 0x3C, 0x82, 0x0A, 0x02
	.byte 0x38, 0x82, 0x0A, 0x02, 0x34, 0x82, 0x0A, 0x02, 0x00, 0xC0, 0x90, 0xE5, 0x00, 0x00, 0x5C, 0xE3
	.byte 0x00, 0x10, 0x80, 0x05, 0x1E, 0xFF, 0x2F, 0x01, 0x10, 0x20, 0x9C, 0xE5, 0x00, 0x00, 0x52, 0xE3
	.byte 0x10, 0x00, 0x00, 0x1A, 0x18, 0x30, 0xDC, 0xE5, 0x18, 0x20, 0xD1, 0xE5, 0x02, 0x00, 0x53, 0xE1
	.byte 0x0A, 0x00, 0x00, 0x9A, 0x10, 0x20, 0x91, 0xE5, 0x01, 0x30, 0xA0, 0xE1
_02069D9C:
	lsl r0, r0, #0
	b _0206A446
_02069DA0:
	.byte 0x03, 0x00, 0x00, 0x0A, 0x10, 0x30, 0x93, 0xE5, 0x10, 0x20, 0x93, 0xE5, 0x00, 0x00, 0x52, 0xE3
	.byte 0xFB, 0xFF, 0xFF, 0x1A, 0x10, 0xC0, 0x83, 0xE5, 0x00, 0x10, 0x80, 0xE5, 0x1E, 0xFF, 0x2F, 0xE1
	.byte 0x10, 0x10, 0x8C, 0xE5, 0x1E, 0xFF, 0x2F, 0xE1, 0x12, 0x00, 0x00, 0x0A, 0x18, 0x30, 0xD1, 0xE5
	.byte 0x18, 0x00, 0xD2, 0xE5, 0x03, 0x00, 0x50, 0xE1, 0x0A, 0x00, 0x00, 0x3A, 0x10, 0x00, 0x91, 0xE5
	.byte 0x01, 0x30, 0xA0, 0xE1, 0x00, 0x00, 0x50, 0xE3, 0x03, 0x00, 0x00, 0x0A, 0x10, 0x30, 0x93, 0xE5
	.byte 0x10, 0x00, 0x93, 0xE5, 0x00, 0x00, 0x50, 0xE3, 0xFB, 0xFF, 0xFF, 0x1A, 0x10, 0x10, 0x8C, 0xE5
	.byte 0x10, 0x20, 0x83, 0xE5, 0x1E, 0xFF, 0x2F, 0xE1, 0x02, 0xC0, 0xA0, 0xE1, 0x10, 0x20, 0x92, 0xE5
	.byte 0x00, 0x00, 0x52, 0xE3, 0xED, 0xFF, 0xFF, 0x1A, 0x10, 0x10, 0x8C, 0xE5, 0x1E, 0xFF, 0x2F, 0xE1
	.byte 0x38, 0x40, 0x2D, 0xE9, 0x00, 0x00, 0x51, 0xE3, 0x38, 0x80, 0xBD, 0x08, 0x01, 0x30, 0xA0, 0xE3
	.byte 0x00, 0x40, 0xA0, 0xE3, 0x19, 0x20, 0xD1, 0xE5, 0x04, 0x50, 0xA0, 0xE1, 0x00, 0x00, 0x52, 0xE3
	.byte 0x0C, 0x00, 0x00, 0xDA, 0x85, 0x20, 0x81, 0xE0, 0xBA, 0x21, 0xD2, 0xE1, 0x01, 0x0C, 0x12, 0xE3
	.byte 0x04, 0x00, 0x00, 0x0A, 0xC5, 0xE2, 0xA0, 0xE1, 0x0E, 0xC1, 0x90, 0xE7, 0x1F, 0x20, 0x05, 0xE2
	.byte 0x13, 0x22, 0x8C, 0xE1, 0x0E, 0x21, 0x80, 0xE7, 0x19, 0x20, 0xD1, 0xE5, 0x01, 0x50, 0x85, 0xE2
	.byte 0x02, 0x00, 0x55, 0xE1, 0xF2, 0xFF, 0xFF, 0xBA, 0x10, 0x10, 0x91, 0xE5, 0x00, 0x00, 0x51, 0xE3
	.byte 0xEB, 0xFF, 0xFF, 0x1A, 0x38, 0x80, 0xBD, 0xE8, 0x38, 0x40, 0x2D, 0xE9, 0x01, 0x40, 0xB0, 0xE1
	.byte 0x00, 0x50, 0xA0, 0xE1, 0x08, 0x00, 0x94, 0x15, 0x00, 0x00, 0x50, 0x13, 0x38, 0x80, 0xBD, 0x08
	.byte 0x00, 0x00, 0xD0, 0xE5, 0x4A, 0x00, 0x50, 0xE3
_02069EA8:
	lsl r2, r1, #0
	lsr r0, r0, #8
	lsl r5, r1, #1
	b _0206A552
	thumb_func_end FUN_02069ce8
_02069EB0:
	.byte 0x02, 0x00, 0x00, 0x0A, 0x56, 0x00, 0x50, 0xE3, 0x0C, 0x00, 0x00, 0x0A, 0x38, 0x80, 0xBD, 0xE8
	.byte 0x3C, 0x00, 0x85, 0xE2, 0xD5, 0xFF, 0xFF, 0xEB, 0x04, 0x10, 0xA0, 0xE1, 0x08, 0x00, 0x85, 0xE2
	.byte 0xA4, 0xFF, 0xFF, 0xEB, 0x38, 0x80, 0xBD, 0xE8, 0x44, 0x00, 0x85, 0xE2, 0xCF, 0xFF, 0xFF, 0xEB
	.byte 0x04, 0x10, 0xA0, 0xE1, 0x10, 0x00, 0x85, 0xE2, 0x9E, 0xFF, 0xFF, 0xEB, 0x38, 0x80, 0xBD, 0xE8
	.byte 0x4C, 0x00, 0x85, 0xE2, 0xC9, 0xFF, 0xFF, 0xEB, 0x04, 0x10, 0xA0, 0xE1, 0x18, 0x00, 0x85, 0xE2
	.byte 0x98, 0xFF, 0xFF, 0xEB, 0x38, 0x80, 0xBD, 0xE8, 0x00, 0x30, 0x90, 0xE5, 0x00, 0x00, 0x53, 0xE3
	.byte 0x00, 0x00, 0xA0, 0x03, 0x1E, 0xFF, 0x2F, 0x01, 0x01, 0x00, 0x53, 0xE1, 0x05, 0x00, 0x00, 0x1A
	.byte 0x10, 0x30, 0x93, 0xE5, 0x00, 0x20, 0xA0, 0xE3, 0x00, 0x30, 0x80, 0xE5, 0x10, 0x20, 0x81, 0xE5
	.byte 0x01, 0x00

	non_word_aligned_thumb_func_start FUN_02069f32
FUN_02069f32: ; 0x02069F32
	b _0206A676
_02069F34:
	.byte 0x1E, 0xFF, 0x2F, 0xE1, 0x10, 0x20, 0x93, 0xE5, 0x00, 0x00, 0x52, 0xE3
	.byte 0x0B, 0x00, 0x00, 0x0A, 0x01, 0x00, 0x52, 0xE1, 0x05, 0x00, 0x00, 0x1A, 0x10, 0x10, 0x92, 0xE5
	.byte 0x00, 0x00, 0xA0, 0xE3, 0x10, 0x10, 0x83, 0xE5, 0x10, 0x00, 0x82, 0xE5, 0x01, 0x00, 0xA0, 0xE3
	.byte 0x1E, 0xFF, 0x2F, 0xE1, 0x02, 0x30, 0xA0, 0xE1, 0x10, 0x20, 0x92, 0xE5, 0x00, 0x00, 0x52, 0xE3
	.byte 0xF3, 0xFF, 0xFF, 0x1A, 0x00, 0x00, 0xA0, 0xE3, 0x1E, 0xFF, 0x2F, 0xE1, 0x38, 0x40, 0x2D, 0xE9
	.byte 0x00, 0x50, 0xA0, 0xE1, 0x08, 0x00, 0x85, 0xE2, 0x01, 0x40, 0xA0, 0xE1, 0xDD, 0xFF, 0xFF, 0xEB
	.byte 0x00, 0x00, 0x50, 0xE3, 0x09, 0x00, 0x00, 0x1A, 0x04, 0x10, 0xA0, 0xE1, 0x10, 0x00, 0x85, 0xE2
	.byte 0xD8, 0xFF, 0xFF, 0xEB, 0x00, 0x00, 0x50, 0xE3, 0x04, 0x00, 0x00, 0x1A, 0x04, 0x10, 0xA0, 0xE1
	.byte 0x18, 0x00, 0x85, 0xE2, 0xD3, 0xFF, 0xFF, 0xEB, 0x00, 0x00, 0x50, 0xE3, 0x38, 0x80, 0xBD, 0x08
	.byte 0x00, 0x00, 0x95, 0xE5, 0x10, 0x00, 0x80, 0xE3, 0x00, 0x00, 0x85, 0xE5, 0x38, 0x80, 0xBD, 0xE8
	.byte 0x00, 0x00, 0x50, 0xE3, 0xBC, 0x00, 0xD0, 0x11, 0x80, 0x01, 0xA0, 0x11, 0x00, 0x00, 0xA0, 0x03
	.byte 0x1E, 0xFF, 0x2F, 0xE1, 0x00, 0x00, 0x50, 0xE3, 0xBC, 0x01, 0xD0, 0x11, 0x80, 0x01, 0xA0, 0x11
	.byte 0x00, 0x00
_02069FF2:
	lsl r0, r4, #0xe
	.hword 0xFF1E
	b _0206A258
_02069FF8:
	.byte 0x00, 0x00, 0x51, 0xE3, 0x08, 0x10, 0x80, 0x15
	.byte 0x00, 0x00, 0x52, 0xE3, 0x18, 0x20, 0x80, 0x15, 0x1E, 0xFF, 0x2F, 0xE1, 0xF8, 0x43, 0x2D, 0xE9
	.byte 0x01, 0x80, 0xB0, 0xE1, 0x00, 0x90, 0xA0, 0xE1, 0x00, 0x00, 0x00, 0x0A, 0xDF, 0x55, 0x00, 0xEB
	.byte 0xBC, 0x00, 0xD9, 0xE1, 0x80, 0x21, 0xB0, 0xE1, 0x08, 0x00, 0x00, 0x0A, 0x08, 0x00, 0x99, 0xE5
	.byte 0x14, 0x30, 0x99, 0xE5, 0x00, 0x18, 0xA0, 0xE1, 0x03, 0x00, 0x89, 0xE0, 0xA1, 0x16, 0xA0, 0xE1
	.byte 0xED, 0x55, 0x00, 0xEB, 0xB0, 0x01, 0xD9, 0xE1, 0x01, 0x00, 0x80, 0xE3, 0xB0, 0x01, 0xC9, 0xE1
	.byte 0xBC, 0x01, 0xD9, 0xE1, 0x80, 0x61, 0xB0, 0xE1, 0x14, 0x00, 0x00, 0x0A, 0x18, 0x10, 0x99, 0xE5
	.byte 0x24, 0x00, 0x99, 0xE5, 0x01, 0x48, 0xA0, 0xE1, 0xA4, 0x76, 0xA0, 0xE1, 0x07, 0x10, 0xA0, 0xE1
	.byte 0x06, 0x20, 0xA0, 0xE1, 0x00, 0x00, 0x89, 0xE0, 0x28, 0x50, 0x99, 0xE5, 0xDE, 0x55, 0x00, 0xEB
	.byte 0x38, 0x00, 0x9F, 0xE5, 0x01, 0x17, 0x07, 0xE2, 0xA4, 0x06, 0x00, 0xE0, 0xA0, 0x00, 0xA0, 0xE1
	.byte 0x02, 0x28, 0x80, 0xE2, 0x05, 0x00, 0x89, 0xE0, 0x21, 0x11, 0x82, 0xE0, 0xA6, 0x20, 0xA0, 0xE1
	.byte 0xD5, 0x55, 0x00, 0xEB, 0xB0, 0x02, 0xD9, 0xE1, 0x01, 0x00, 0x80, 0xE3, 0xB0, 0x02, 0xC9, 0xE1
	.byte 0x00, 0x00, 0x58, 0xE3, 0xF8, 0x83, 0xBD, 0x08, 0x3D, 0x56, 0x00, 0xEB, 0xF8, 0x83, 0xBD, 0xE8
	.byte 0xFF, 0xFF, 0x01, 0x00, 0x00, 0x00, 0x51, 0xE3, 0x06, 0x00, 0x00, 0x0A, 0xB0, 0xC1, 0xD0, 0xE1
	.byte 0x00, 0x30, 0xA0, 0xE3, 0x01, 0xC0, 0xCC, 0xE3, 0xB0, 0xC1, 0xC0, 0xE1, 0x08, 0xC0, 0x90, 0xE5
	.byte 0x00, 0xC0, 0x81, 0xE5, 0x08, 0x30, 0x80, 0xE5, 0x00, 0x00, 0x52, 0xE3, 0x1E, 0xFF, 0x2F, 0x01
	.byte 0xB0, 0x32, 0xD0, 0xE1, 0x00, 0x10, 0xA0, 0xE3, 0x01, 0x30, 0xC3, 0xE3, 0xB0, 0x32, 0xC0, 0xE1
_0206A100:
	add r0, #0x18
	b _02069C26
_0206A104:
	.byte 0x00, 0x30, 0x82, 0xE5, 0x18, 0x10, 0x80, 0xE5, 0x1E, 0xFF, 0x2F, 0xE1
	.byte 0x00, 0x00, 0x50, 0xE3, 0xB0, 0x03, 0xD0, 0x11, 0x80, 0x01, 0xA0, 0x11, 0x00, 0x00, 0xA0, 0x03
	.byte 0x1E, 0xFF, 0x2F, 0xE1, 0x2C, 0x10, 0x80, 0xE5, 0x1E, 0xFF, 0x2F, 0xE1, 0x38, 0x40, 0x2D, 0xE9
	.byte 0x01, 0x50, 0xB0, 0xE1, 0x00, 0x40, 0xA0, 0xE1, 0x00, 0x00, 0x00, 0x0A, 0x32, 0x56, 0x00, 0xEB
	.byte 0x2C, 0x00, 0x94, 0xE5, 0xB0, 0x23, 0xD4, 0xE1, 0x00, 0x18, 0xA0, 0xE1, 0x38, 0x30, 0x94, 0xE5
	.byte 0xA1, 0x16, 0xA0, 0xE1, 0x03, 0x00, 0x84, 0xE0, 0x82, 0x21, 0xA0, 0xE1, 0x37, 0x56, 0x00, 0xEB
	.byte 0xB2, 0x03, 0xD4, 0xE1, 0x00, 0x00, 0x55, 0xE3, 0x01, 0x00, 0x80, 0xE3, 0xB2, 0x03, 0xC4, 0xE1
	.byte 0x38, 0x80, 0xBD, 0x08, 0x58, 0x56, 0x00, 0xEB, 0x38, 0x80, 0xBD, 0xE8, 0xB2, 0x23, 0xD0, 0xE1
	.byte 0x00, 0x10, 0xA0, 0xE3, 0x01, 0x20, 0xC2, 0xE3, 0xB2, 0x23, 0xC0, 0xE1, 0x2C, 0x20, 0x90, 0xE5
	.byte 0x2C, 0x10, 0x80, 0xE5, 0x02, 0x00, 0xA0, 0xE1, 0x1E, 0xFF, 0x2F, 0xE1, 0xF8, 0x4F, 0x2D, 0xE9
	.byte 0x01, 0x90, 0xA0, 0xE1, 0x03, 0x80, 0xA0, 0xE1, 0x00, 0x10, 0x98, 0xE5, 0x00, 0xA0, 0xA0, 0xE1
	.byte 0x07, 0x03, 0x01, 0xE2, 0xB0, 0x30, 0xD9, 0xE1, 0x05, 0x03, 0x50, 0xE3, 0x00, 0x50, 0xA0, 0xE3
	.byte 0x03, 0x00, 0x8A, 0xE0, 0x00, 0x00, 0x8D, 0xE5, 0x08, 0x00, 0x92, 0x15, 0x18, 0x00, 0x92, 0x05
	.byte 0x00, 0x08, 0xA0, 0xE1, 0x20, 0x08, 0xA0, 0xE1, 0x0E, 0xB2, 0xC0, 0xE3, 0x02, 0x00, 0xD9, 0xE5
	.byte 0x00, 0x00, 0x50, 0xE3, 0x33, 0x00, 0x00, 0x9A, 0x04, 0x40, 0x8A, 0xE2, 0x00, 0x00, 0x9D, 0xE5
	.byte 0x00, 0x00, 0x5A, 0xE3, 0x05, 0x20, 0xD0, 0xE7, 0x0F, 0x00, 0x00, 0x0A, 0x00, 0x00, 0x54, 0xE3
	.byte 0x08, 0x00, 0x00, 0x0A, 0x05, 0x00, 0xDA, 0xE5, 0x00, 0x00, 0x52, 0xE1, 0x05, 0x00, 0x00, 0x2A
	.byte 0xBA, 0x00, 0xDA, 0xE1, 0x00, 0x10, 0x84, 0xE0, 0x04, 0x10, 0x81, 0xE2, 0xB0, 0x00, 0x94, 0xE1
	.byte 0x90, 0x12, 0x21, 0xE0, 0x00, 0x00, 0x00, 0xEA, 0x00, 0x10, 0xA0, 0xE3, 0x00, 0x00, 0x51, 0xE3
	.byte 0x00, 0x00, 0x91, 0x15, 0x00, 0x70, 0x8A, 0x10, 0x00, 0x00, 0x00, 0x1A, 0x00, 0x70, 0xA0, 0xE3
	.byte 0x00, 0x00, 0x98, 0xE5, 0x14, 0x10, 0x97, 0xE5, 0x0B, 0x00, 0x80, 0xE0, 0x00, 0x00, 0x81, 0xE1
	.byte 0x14, 0x00, 0x87, 0xE5, 0x04, 0x30, 0x98, 0xE5
_0206A258:
	lsl r0, r5, #1
	b _02069D9C
_0206A25C:
	.byte 0xB0, 0x12, 0xD7, 0xE1
	.byte 0x00, 0x20, 0x03, 0xE0, 0x80, 0x05, 0x03, 0xE0, 0xA0, 0x65, 0xA0, 0xE1, 0x01, 0x00, 0x52, 0xE1
	.byte 0x01, 0x0A, 0xA0, 0x03, 0x02, 0x00, 0x00, 0x0A, 0x02, 0x06, 0xA0, 0xE1, 0x01, 0x16, 0xA0, 0xE1
	.byte 0x38, 0x49, 0x00, 0xEB, 0x24, 0x00, 0x87, 0xE5, 0xB2, 0x12, 0xD7, 0xE1, 0x01, 0x00, 0x56, 0xE1
	.byte 0x01, 0x0A, 0xA0, 0x03, 0x02, 0x00, 0x00, 0x0A, 0x06, 0x06, 0xA0, 0xE1, 0x01, 0x16, 0xA0, 0xE1
	.byte 0x30, 0x49, 0x00, 0xEB, 0x28, 0x00, 0x87, 0xE5, 0x02, 0x00, 0xD9, 0xE5, 0x01, 0x50, 0x85, 0xE2
	.byte 0x00, 0x00, 0x55, 0xE1, 0xCC, 0xFF, 0xFF, 0x3A, 0x03, 0x00, 0xD9, 0xE5, 0x01, 0x00, 0x80, 0xE3
	.byte 0x03, 0x00, 0xC9, 0xE5, 0xF8, 0x8F, 0xBD, 0xE8, 0xFF, 0x07, 0x00, 0x00, 0xF8, 0x4F, 0x2D, 0xE9
	.byte 0x01, 0xA0, 0xA0, 0xE1, 0x00, 0x00, 0x50, 0xE3, 0x08, 0x10, 0x90, 0x15, 0x01, 0x70, 0xA0, 0xE3
	.byte 0x00, 0x00, 0x51, 0x13, 0x01, 0x80, 0x80, 0x10, 0x00, 0x80, 0xA0, 0x03, 0xB0, 0x00, 0xD8, 0xE1
	.byte 0x00, 0x60, 0xA0, 0xE3, 0x00, 0x50, 0x88, 0xE0, 0x01, 0x00
_0206A2FA:
	b _02069EA8
_0206A2FC:
	.byte 0x00, 0x00, 0x50, 0xE3
	.byte 0x2F, 0x00, 0x00, 0x9A, 0x06, 0x90, 0xA0, 0xE1, 0x06, 0x40, 0xA0, 0xE1, 0x06, 0xB0, 0xA0, 0xE1
	.byte 0x00, 0x00, 0x55, 0xE3, 0x08, 0x00, 0x00, 0x0A, 0x01, 0x00, 0xD5, 0xE5, 0x00, 0x00, 0x56, 0xE1
	.byte 0x05, 0x00, 0x00, 0x2A, 0xB6, 0x00, 0xD5, 0xE1, 0x00, 0x10, 0x85, 0xE0, 0xB2, 0x00, 0xD1, 0xE1
	.byte 0x00, 0x00, 0x81, 0xE0, 0x09, 0x10, 0x80, 0xE0, 0x00, 0x00, 0x00, 0xEA, 0x04, 0x10, 0xA0, 0xE1
	.byte 0x00, 0x00, 0x5A, 0xE3, 0x0B, 0x30, 0xA0, 0x01, 0x02, 0x00, 0x00, 0x0A, 0x3C, 0x00, 0x8A, 0xE2
	.byte 0xB5, 0x10, 0x00, 0xEB, 0x00, 0x30, 0xA0, 0xE1, 0x00, 0x00, 0x53, 0xE3, 0x12, 0x00, 0x00, 0x0A
	.byte 0x00, 0x00, 0x55, 0xE3, 0x08, 0x00, 0x00, 0x0A, 0x01, 0x00, 0xD5, 0xE5, 0x00, 0x00, 0x56, 0xE1
	.byte 0x05, 0x00, 0x00, 0x2A, 0xB6, 0x10, 0xD5, 0xE1, 0xB1, 0x00, 0x95, 0xE1, 0x01, 0x10, 0x85, 0xE0
	.byte 0x04, 0x10, 0x81, 0xE2, 0x90, 0x16, 0x21, 0xE0, 0x00, 0x00, 0x00, 0xEA, 0x00, 0x10, 0xA0, 0xE3
	.byte 0x03, 0x00, 0xD1, 0xE5
_0206A394:
	lsl r1, r0, #0
	b _0206A9BA
_0206A398:
	.byte 0x04, 0x00, 0x00, 0x1A, 0x08, 0x00, 0xA0, 0xE1
	.byte 0x0A, 0x20, 0xA0, 0xE1, 0x7C, 0xFF, 0xFF, 0xEB, 0x00, 0x00, 0x00, 0xEA, 0x00, 0x70, 0xA0, 0xE3
	.byte 0x01, 0x00, 0xD5, 0xE5, 0x01, 0x60, 0x86, 0xE2, 0x10, 0x90, 0x89, 0xE2, 0x00, 0x00, 0x56, 0xE1
	.byte 0xD2, 0xFF, 0xFF, 0x3A, 0x07, 0x00, 0xA0, 0xE1, 0xF8, 0x8F, 0xBD, 0xE8, 0xF0, 0x41, 0x2D, 0xE9
	.byte 0x2C, 0x20, 0x92, 0xE5, 0xB0, 0x50, 0xD1, 0xE1, 0x02, 0x28, 0xA0, 0xE1, 0x22, 0x28, 0xA0, 0xE1
	.byte 0xB2, 0x40, 0xD3, 0xE1, 0x0E, 0x22, 0xC2, 0xE3, 0x02, 0x28, 0xA0, 0xE1, 0x01, 0x00, 0x14, 0xE3
	.byte 0x05, 0xC0, 0x80, 0xE0, 0x22, 0x58, 0xA0, 0xE1, 0xB0, 0x40, 0xD3, 0xE1, 0x03, 0x00, 0x00, 0x1A
	.byte 0x84, 0x27, 0xA0, 0xE1, 0x85, 0x37, 0xA0, 0xE1, 0x22, 0x48, 0xA0, 0xE1, 0x23, 0x58, 0xA0, 0xE1
	.byte 0x02, 0x20, 0xD1, 0xE5, 0x00, 0x30, 0xA0, 0xE3, 0x00, 0x00, 0x52, 0xE3, 0x1E, 0x00, 0x00, 0x9A
	.byte 0x05, 0x20, 0x84, 0xE0, 0x02, 0xE8, 0xA0, 0xE1, 0x04, 0x20, 0x80, 0xE2, 0x2E, 0x48, 0xA0, 0xE1
	.byte 0x03, 0x60, 0xA0, 0xE1, 0x03, 0x50, 0xA0, 0xE1, 0x00, 0x00, 0x50, 0xE3, 0x03, 0x80, 0xDC, 0xE7
	.byte 0x0F, 0x00, 0x00, 0x0A, 0x00, 0x00
_0206A446:
	b _0206AAEE
_0206A448:
	lsl r0, r1, #0
	lsr r0, r0, #8
	strb r5, [r0]
	b _02069FF2
_0206A450:
	.byte 0x07, 0x00, 0x58, 0xE1, 0x05, 0x00, 0x00, 0x2A, 0xBA, 0x70, 0xD0, 0xE1, 0xB7, 0xE0, 0x92, 0xE1
	.byte 0x07, 0x70, 0x82, 0xE0, 0x04, 0x70, 0x87, 0xE2, 0x9E, 0x78, 0x27, 0xE0, 0x00, 0x00, 0x00, 0xEA
	.byte 0x06, 0x70, 0xA0, 0xE1, 0x00, 0x00, 0x57, 0xE3, 0x00, 0xE0, 0x97, 0x15, 0x0E, 0x70, 0x80, 0x10
	.byte 0x00, 0x00, 0x00, 0x1A, 0x05, 0x70, 0xA0, 0xE1, 0xBC, 0x41, 0xC7, 0xE1, 0x02, 0xE0, 0xD1, 0xE5
	.byte 0x01, 0x30, 0x83, 0xE2, 0x0E, 0x00, 0x53, 0xE1, 0xE6, 0xFF, 0xFF, 0x3A, 0x03, 0x00, 0xD1, 0xE5
	.byte 0x01, 0x00, 0x80, 0xE3, 0x03, 0x00, 0xC1, 0xE5, 0xF0, 0x81, 0xBD, 0xE8, 0xF8, 0x4F, 0x2D, 0xE9
_0206A4B0:
	add r0, pc, #0x4
	b _0206A7F6
_0206A4B4:
	.byte 0x00, 0x00, 0x50, 0xE3, 0x08, 0x10, 0x90, 0x15, 0x01, 0x70, 0xA0, 0xE3
	.byte 0x00, 0x00, 0x51, 0x13, 0x01, 0x80, 0x80, 0x10, 0x00, 0x80, 0xA0, 0x03, 0xB2, 0x00, 0xD8, 0xE1
	.byte 0x00, 0x60, 0xA0, 0xE3, 0x00, 0x50, 0x88, 0xE0, 0x01, 0x00, 0xD5, 0xE5, 0x00, 0x00, 0x50, 0xE3
	.byte 0x31, 0x00, 0x00, 0x9A, 0x06, 0x90, 0xA0, 0xE1, 0x06, 0x40, 0xA0, 0xE1, 0x06, 0xB0, 0xA0, 0xE1
	.byte 0x00, 0x00, 0x55, 0xE3, 0x08, 0x00, 0x00, 0x0A, 0x01, 0x00, 0xD5, 0xE5, 0x00, 0x00, 0x56, 0xE1
	.byte 0x05, 0x00, 0x00, 0x2A, 0xB6, 0x00, 0xD5, 0xE1, 0x00, 0x10, 0x85, 0xE0, 0xB2, 0x00, 0xD1, 0xE1
	.byte 0x00, 0x00, 0x81, 0xE0, 0x09, 0x10, 0x80, 0xE0, 0x00, 0x00, 0x00, 0xEA, 0x04, 0x10, 0xA0, 0xE1
	.byte 0x00, 0x00, 0x5A, 0xE3, 0xB4, 0x03, 0xDA, 0x11, 0x00, 0x00, 0x50, 0x13, 0x0B, 0x30, 0xA0, 0x01
	.byte 0x02, 0x00, 0x00, 0x0A, 0x00, 0x00, 0x8A, 0xE0, 0x3B, 0x10, 0x00, 0xEB, 0x00, 0x30, 0xA0, 0xE1
	.byte 0x00, 0x00, 0x53, 0xE3, 0x12, 0x00, 0x00, 0x0A, 0x00, 0x00, 0x55, 0xE3, 0x08, 0x00, 0x00, 0x0A
	.byte 0x01, 0x00
_0206A552:
	b _0206A100
_0206A554:
	.byte 0x00, 0x00, 0x56, 0xE1, 0x05, 0x00, 0x00, 0x2A, 0xB6, 0x10, 0xD5, 0xE1
	.byte 0xB1, 0x00, 0x95, 0xE1, 0x01, 0x10, 0x85, 0xE0, 0x04, 0x10, 0x81, 0xE2, 0x90, 0x16, 0x21, 0xE0
	.byte 0x00, 0x00, 0x00, 0xEA, 0x00, 0x10, 0xA0, 0xE3, 0x03, 0x00, 0xD1, 0xE5, 0x01, 0x00, 0x10, 0xE3
	.byte 0x04, 0x00, 0x00, 0x1A, 0x08, 0x00, 0xA0, 0xE1, 0x0A, 0x20, 0xA0, 0xE1, 0x8E, 0xFF, 0xFF, 0xEB
	.byte 0x00, 0x00, 0x00, 0xEA, 0x00, 0x70, 0xA0, 0xE3, 0x01, 0x00, 0xD5, 0xE5, 0x01, 0x60, 0x86, 0xE2
	.byte 0x10, 0x90, 0x89, 0xE2, 0x00, 0x00, 0x56, 0xE1, 0xD0, 0xFF, 0xFF, 0x3A, 0x07, 0x00, 0xA0, 0xE1
	.byte 0xF8, 0x8F, 0xBD, 0xE8, 0x38, 0x40, 0x2D, 0xE9, 0x01, 0xC0, 0xA0, 0xE1, 0x00, 0x00, 0x50, 0xE3
	.byte 0x08, 0x10, 0x90, 0x15, 0x00, 0x00, 0x51, 0x13, 0x01, 0x00, 0x80, 0x10, 0x00, 0x00, 0xA0, 0x03
	.byte 0xB2, 0x10, 0xD0, 0xE1, 0x00, 0x00, 0x5C, 0xE3, 0xB4, 0x43, 0xDC, 0x11, 0x01, 0x10, 0x80, 0xE0
	.byte 0x00, 0x00, 0x54, 0x13, 0x0C, 0x00, 0x00, 0x0A, 0x04, 0x50, 0x9C, 0xE0, 0x08, 0x00, 0x00, 0x0A
	.byte 0x01, 0x40, 0xD5, 0xE5, 0x04, 0x00, 0x53, 0xE1, 0x05, 0x00, 0x00, 0x2A, 0xB6, 0xE0, 0xD5, 0xE1
	.byte 0xBE, 0x40, 0x95, 0xE1, 0x0E, 0xE0, 0x85, 0xE0, 0x04, 0xE0, 0x8E, 0xE2, 0x94, 0xE3, 0x23, 0xE0
	.byte 0x02, 0x00, 0x00, 0xEA, 0x00, 0x30, 0xA0, 0xE3, 0x00, 0x00, 0x00, 0xEA, 0x00, 0x30, 0xA0, 0xE3
	.byte 0x00, 0x00, 0x51, 0xE3, 0x08, 0x00, 0x00, 0x0A, 0x01, 0x40, 0xD1, 0xE5, 0x04, 0x00, 0x52, 0xE1
_0206A630:
	lsl r5, r0, #0
	cmp r2, #0
	lsl r6, r6
	b _0206A9DC
_0206A638:
	.byte 0xB4, 0xE0, 0x91, 0xE1, 0x04, 0x10, 0x81, 0xE0
	.byte 0x04, 0x10, 0x81, 0xE2, 0x9E, 0x12, 0x21, 0xE0, 0x00, 0x00, 0x00, 0xEA, 0x00, 0x10, 0xA0, 0xE3
	.byte 0x00, 0x00, 0x51, 0xE3, 0x06, 0x00, 0x00, 0x0A, 0x03, 0x20, 0xD1, 0xE5, 0x01, 0x00, 0x12, 0xE3
	.byte 0x03, 0x00, 0x00, 0x1A, 0x0C, 0x20, 0xA0, 0xE1, 0x57, 0xFF, 0xFF, 0xEB
_0206A66C:
	lsl r1, r0, #0
	b _0206ADB2
_0206A670:
	.byte 0x38, 0x80, 0xBD, 0xE8, 0x00, 0x00
_0206A676:
	b _0206ADBA
_0206A678:
	.byte 0x38, 0x80, 0xBD, 0xE8, 0x00, 0x00, 0x50, 0xE3
	.byte 0x08, 0x10, 0x90, 0x15, 0x00, 0xC0, 0xA0, 0xE3, 0x00, 0x00, 0x51, 0x13, 0x01, 0x10, 0x80, 0x10
	.byte 0x00, 0x10, 0xA0, 0x03, 0xB2, 0x00, 0xD1, 0xE1, 0x00, 0x30, 0x81, 0xE0, 0x01, 0x00, 0xD3, 0xE5
	.byte 0x00, 0x00, 0x50, 0xE3, 0x1E, 0xFF, 0x2F, 0x91, 0x0C, 0x10, 0xA0, 0xE1, 0x00, 0x00, 0x53, 0xE3
	.byte 0x08, 0x00, 0x00, 0x0A, 0x01, 0x00, 0xD3, 0xE5, 0x00, 0x00, 0x5C, 0xE1, 0x05, 0x00, 0x00, 0x2A
	.byte 0xB6, 0x20, 0xD3, 0xE1, 0xB2, 0x00, 0x93, 0xE1, 0x02, 0x20, 0x83, 0xE0, 0x04, 0x20, 0x82, 0xE2
	.byte 0x90, 0x2C, 0x22, 0xE0, 0x00, 0x00, 0x00, 0xEA, 0x01, 0x20, 0xA0, 0xE1, 0x03, 0x00, 0xD2, 0xE5
	.byte 0x01, 0xC0, 0x8C, 0xE2, 0x01, 0x00, 0x10, 0xE3, 0x01, 0x00, 0xC0, 0x13, 0x03, 0x00, 0xC2, 0x15
	.byte 0x01, 0x00, 0xD3, 0xE5, 0x00, 0x00, 0x5C, 0xE1, 0xEB, 0xFF, 0xFF, 0x3A, 0x1E, 0xFF, 0x2F, 0xE1
	.byte 0x08, 0x40, 0x2D, 0xE9, 0x08, 0x21, 0x9F, 0xE5, 0x08, 0x11, 0x9F, 0xE5, 0x00, 0x00, 0xA0, 0xE3
	.byte 0x00, 0x20, 0x81, 0xE5, 0x04, 0x00, 0x81, 0xE5, 0x02, 0x20, 0xA0, 0xE3, 0xF8, 0x00, 0x9F, 0xE5
	.byte 0x48, 0x20, 0x81, 0xE5, 0xF4, 0x20, 0x9F, 0xE5, 0x7C, 0x00, 0x81, 0xE5, 0xF0, 0x00, 0x9F, 0xE5
	.byte 0x90, 0x20, 0x81, 0xE5, 0xEC, 0x20, 0x9F, 0xE5, 0xA4, 0x00, 0x81, 0xE5, 0xE8, 0x00, 0x9F, 0xE5
	.byte 0xB8, 0x20, 0x81, 0xE5, 0x93, 0x43, 0x00, 0xEB, 0xE0, 0x00, 0x9F, 0xE5, 0x98, 0x45, 0x00, 0xEB
	.byte 0xDC, 0xC0, 0x9F, 0xE5, 0xDC, 0x30, 0x9F, 0xE5, 0xDC, 0x20, 0x9F, 0xE5, 0xB4, 0x10, 0x9F, 0xE5
	.byte 0x07, 0x01, 0x4C, 0xE2, 0x80, 0x20, 0x81, 0xE5, 0x84, 0xC0, 0x81, 0xE5, 0x88, 0x00, 0x81, 0xE5
	.byte 0xC8, 0x20, 0x9F, 0xE5, 0x8C, 0x30, 0x81, 0xE5, 0x94, 0x20, 0x81, 0xE5, 0xC0, 0x00, 0x9F, 0xE5
	.byte 0x98, 0x20, 0x81, 0xE5, 0x9C, 0x00, 0x81, 0xE5, 0x09, 0x28, 0x43, 0xE2, 0xB4, 0x00, 0x9F, 0xE5
	.byte 0xA0, 0x20, 0x81, 0xE5, 0xA8, 0x00, 0x81, 0xE5, 0x7D, 0x21, 0xA0, 0xE3, 0xA8, 0x00, 0x9F, 0xE5
	.byte 0xAC, 0x20, 0x81, 0xE5, 0xB0, 0x00, 0x81, 0xE5, 0x7E, 0x0C, 0x6C, 0xE2, 0xB4, 0x00, 0x81, 0xE5
	.byte 0x00, 0x20, 0xA0, 0xE3, 0xE0, 0x20, 0x81, 0xE5, 0xE4, 0x20, 0x81, 0xE5, 0x8C, 0x00, 0x9F, 0xE5
	.byte 0xE8, 0x20, 0x81, 0xE5, 0x7E, 0x41, 0x00, 0xEB, 0x00, 0x10, 0xA0, 0xE3, 0x44, 0x00, 0x9F, 0xE5
	.byte 0x01, 0x2A, 0xA0, 0xE3, 0xEC, 0x20, 0x80, 0xE5, 0xF0, 0x20, 0x80, 0xE5, 0xF4, 0x20, 0x80, 0xE5
	.byte 0xF8, 0x10, 0x80, 0xE5, 0xFC, 0x10, 0x80, 0xE5, 0x48, 0x12, 0x80, 0xE5, 0x44, 0x12, 0x80, 0xE5
	.byte 0x40, 0x12, 0x80, 0xE5, 0x54, 0x12
_0206A7F6:
	b _0206A2FA
	thumb_func_end FUN_02069f32
_0206A7F8:
	.byte 0x4C, 0x12, 0x80, 0xE5, 0x50, 0x22, 0x80, 0xE5
	.byte 0x5C, 0x12, 0x80, 0xE5, 0x58, 0x12, 0x80, 0xE5, 0x01, 0x1A, 0x41, 0xE2, 0x60, 0x12, 0x80, 0xE5
	.byte 0x08, 0x80, 0xBD, 0xE8

	arm_func_start FUN_0206a814
FUN_0206a814: ; 0x0206A814
	arm_func_end FUN_0206a814
_0206A814:
	.byte 0x10, 0x16, 0x10, 0x17, 0x4C, 0x8B, 0x14, 0x02, 0x32, 0x32, 0x32, 0x32
	.byte 0x30, 0x31, 0x29, 0x60, 0x33, 0x33, 0x33, 0x33, 0x19, 0x1B, 0x2A, 0x00, 0x98, 0x8B, 0x14, 0x02
	.byte 0x54, 0x8B, 0x14, 0x02, 0x00, 0x02, 0x00, 0x40, 0x00, 0x00, 0x08, 0xC0, 0xD8, 0x62, 0x8B, 0x2D
	.byte 0x10, 0xC2, 0x10, 0x42, 0x8F, 0x00, 0x1F, 0x00, 0xFF, 0x7F, 0x00, 0x00, 0xE0, 0x03, 0x00, 0x80
	.byte 0x08, 0x8C, 0x14, 0x02, 0x08, 0x40, 0x2D, 0xE9, 0x20, 0x10, 0x9F, 0xE5, 0x3E, 0x20, 0xA0, 0xE3
	.byte 0x04, 0x00, 0x91, 0xE4, 0x4E, 0x0D, 0x00, 0xEB, 0x10, 0x00, 0x9F, 0xE5, 0xFC, 0x10, 0x90, 0xE5
	.byte 0x01, 0x10, 0xC1, 0xE3, 0x02, 0x10, 0xC1, 0xE3, 0xFC, 0x10, 0x80, 0xE5, 0x08, 0x80, 0xBD, 0xE8
	.byte 0x4C, 0x8B, 0x14, 0x02, 0x08, 0x40, 0x2D, 0xE9, 0x58, 0x00, 0x9F, 0xE5, 0x58, 0x10, 0x9F, 0xE5
	.byte 0x11, 0x20, 0xA0, 0xE3, 0x42, 0x0D, 0x00, 0xEB, 0x50, 0x10, 0x9F, 0xE5, 0x19, 0x00, 0xA0, 0xE3
	.byte 0x0C, 0x20, 0xA0, 0xE3, 0x3E, 0x0D, 0x00, 0xEB, 0x02, 0x30, 0xA0, 0xE3

	thumb_func_start FUN_0206A8AC
FUN_0206A8AC: ; 0x0206A8AC
	asr r0, r0, #0x20
	b _0206ADCC
	thumb_func_end FUN_0206A8AC
_0206A8B0:
	.byte 0x10, 0x00, 0xA0, 0xE3, 0x01, 0x20, 0xA0, 0xE3, 0x00, 0x30, 0x8D, 0xE5, 0x38, 0x0D, 0x00, 0xEB
	.byte 0x2C, 0x10, 0x9F, 0xE5, 0x15, 0x00, 0xA0, 0xE3, 0x20, 0x20, 0xA0, 0xE3, 0x34, 0x0D, 0x00, 0xEB
	.byte 0x20, 0x00, 0x9F, 0xE5, 0xFC, 0x10, 0x90, 0xE5, 0x01, 0x10, 0xC1, 0xE3, 0x02, 0x10, 0x81, 0xE3
	.byte 0xFC, 0x10, 0x80, 0xE5, 0x08, 0x80, 0xBD, 0xE8, 0x10, 0x16, 0x00, 0x00, 0x50, 0x8B, 0x14, 0x02
	.byte 0x98, 0x8B, 0x14, 0x02, 0xC8, 0x8B, 0x14, 0x02, 0x4C, 0x8B, 0x14, 0x02, 0x00, 0x40, 0x2D, 0xE9

	thumb_func_start FUN_0206a900
FUN_0206a900: ; 0x0206A900
	beq _0206A96C
	b _0206ADA0
_0206A904:
	lsl r0, r6, #2
	b _0206A448
_0206A908:
	.byte 0xB0, 0x10, 0x9F, 0xE5, 0x11, 0x20, 0xA0, 0xE3
	.byte 0x23, 0x0D, 0x00, 0xEB, 0xA8, 0x10, 0x9F, 0xE5, 0x19, 0x00, 0xA0, 0xE3, 0x0C, 0x20, 0xA0, 0xE3
	.byte 0x1F, 0x0D, 0x00, 0xEB, 0x9C, 0x00, 0x9F, 0xE5, 0x9C, 0x10, 0x9F, 0xE5, 0x0F, 0x20, 0xA0, 0xE3
	.byte 0x1B, 0x0D, 0x00, 0xEB, 0x02, 0x30, 0xA0, 0xE3, 0x00, 0x10, 0x8D, 0xE2, 0x10, 0x00, 0xA0, 0xE3
	.byte 0x01, 0x20, 0xA0, 0xE3, 0x00, 0x30, 0x8D, 0xE5, 0x15, 0x0D, 0x00, 0xEB, 0x78, 0x00, 0x9F, 0xE5
	.byte 0x04, 0x10, 0x8D, 0xE2, 0xD2, 0x41, 0x00, 0xEB, 0x17, 0x00, 0xA0, 0xE3, 0x04, 0x10, 0x8D, 0xE2
	.byte 0x0C, 0x20, 0xA0, 0xE3, 0x0E, 0x0D, 0x00, 0xEB, 0x60, 0x00, 0x9F, 0xE5
_0206A96C:
	asr r0, r4, #1
	b _0206A4B0
_0206A970:
	.byte 0x7C, 0x00, 0x90, 0xE5, 0x04, 0x10, 0x81, 0xE2, 0x0E, 0x20, 0xA0, 0xE3, 0x08, 0x0D, 0x00, 0xEB
	.byte 0x00, 0x10, 0xA0, 0xE3, 0x15, 0x00, 0xA0, 0xE3, 0x01, 0x20, 0xA0, 0xE1, 0x04, 0x0D, 0x00, 0xEB
	.byte 0x40, 0x10, 0x9F, 0xE5, 0x2A, 0x00, 0xA0, 0xE3, 0x01, 0x20, 0xA0, 0xE3, 0x00, 0x0D, 0x00, 0xEB
	.byte 0x28, 0x00, 0x9F, 0xE5, 0xFC, 0x10, 0x90, 0xE5, 0x01, 0x10, 0x81, 0xE3, 0x02, 0x10, 0xC1, 0xE3
	.byte 0xFC, 0x10, 0x80, 0xE5, 0x34, 0xD0, 0x8D, 0xE2, 0x00, 0x80
_0206A9BA:
	.hword 0xE8BD
	asr r0, r2, #0x18
	lsl r0, r0, #0
	ldrh r0, [r2, #0x1a]
	lsl r4, r2, #8
	ldrh r0, [r3, #0x1c]
	lsl r4, r2, #8
	sub r1, r3, r4
	lsl r0, r0, #0
	ldrh r0, [r1, #0x20]
	lsl r4, r2, #8
	ldrh r4, [r1, #0x1a]
	lsl r4, r2, #8
	ldrh r0, [r1, #0x1e]
	lsl r4, r2, #8
	ldrh r4, [r0, #0x22]
	lsl r4, r2, #8
_0206A9DC:
	lsl r0, r0, #0
	b _0206B082
_0206A9E0:
	.byte 0x1E, 0xFF, 0x2F, 0x01, 0x18, 0x30, 0x9F, 0xE5, 0x07, 0x00, 0x90, 0xE8, 0x07, 0x00, 0x83, 0xE8
	.byte 0x10, 0x00, 0x9F, 0xE5, 0xFC, 0x10, 0x90, 0xE5
_0206A9F8:
	asr r4, r4, #2
	b _0206B180
	thumb_func_end FUN_0206a900
_0206A9FC:
	.byte 0xFC, 0x10, 0x80, 0xE5
	.byte 0x1E, 0xFF, 0x2F, 0xE1, 0x2C, 0x8C, 0x14, 0x02, 0x4C, 0x8B, 0x14, 0x02, 0x00, 0x00, 0x50, 0xE3
	.byte 0x1E, 0xFF, 0x2F, 0x01, 0x18, 0x30, 0x9F, 0xE5, 0x07, 0x00, 0x90, 0xE8, 0x07, 0x00, 0x83, 0xE8
	.byte 0x10, 0x00, 0x9F, 0xE5, 0xFC, 0x10, 0x90, 0xE5, 0xA4, 0x10, 0xC1, 0xE3, 0xFC, 0x10, 0x80, 0xE5
	.byte 0x1E, 0xFF, 0x2F, 0xE1, 0x38, 0x8C

	non_word_aligned_thumb_func_start FUN_0206aa36
FUN_0206aa36: ; 0x0206AA36
	lsl r4, r2, #8
	ldrh r4, [r1, #0x1a]
	lsl r4, r2, #8
	and r0, r1
	thumb_func_end FUN_0206aa36
_0206AA3E:
	.byte 0x2D, 0xE9
	.byte 0x28, 0xC0, 0x9F, 0xE5, 0xC2, 0x21, 0xA0, 0xE1, 0xC3, 0xE1, 0xA0, 0xE1, 0xC1, 0x31, 0x0C, 0xE0
	.byte 0x02, 0x1B, 0xA0, 0xE1, 0x0E, 0x2B, 0xA0, 0xE1, 0x21, 0x16, 0x83, 0xE1, 0x22, 0x21, 0x81, 0xE1
	.byte 0x0C, 0x10, 0x9F, 0xE5, 0x00, 0x2F, 0x82, 0xE1, 0x00, 0x21, 0x81, 0xE7, 0x08, 0x80, 0xBD, 0xE8
	.byte 0xFF, 0x03, 0x00, 0x00, 0xCC, 0x8B, 0x14, 0x02

	arm_func_start FUN_0206AA78
FUN_0206AA78: ; 0x0206AA78
	ldr r2, _0206AA88 ; =0x02148BF4
	orr r1, r1, r0, lsl #30
	str r1, [r2, r0, lsl #2]
	bx lr
	.balign 4, 0
_0206AA88: .word 0x02148BF4
	arm_func_end FUN_0206AA78
_0206AA8C:
	.byte 0x00, 0x00, 0x52, 0xE3
	.byte 0x01, 0x20, 0xA0, 0x13, 0x01, 0x18, 0x80, 0xE1, 0x00, 0x20, 0xA0, 0x03, 0x08, 0x00, 0x9F, 0xE5
	.byte 0x82, 0x17

	non_word_aligned_thumb_func_start FUN_0206aaa2
FUN_0206aaa2: ; 0x0206AAA2
	b _0206ADA8
_0206AAA4:
	.byte 0x94, 0x10, 0x80, 0xE5, 0x1E, 0xFF, 0x2F, 0xE1, 0x4C, 0x8B, 0x14, 0x02
	.byte 0x00, 0x00, 0x52, 0xE3, 0x01, 0x20, 0xA0, 0x13, 0x01, 0x18, 0x80, 0xE1, 0x00, 0x20, 0xA0, 0x03
	.byte 0x08, 0x00, 0x9F, 0xE5, 0x82, 0x17, 0x81, 0xE1, 0x98, 0x10, 0x80, 0xE5, 0x1E, 0xFF, 0x2F, 0xE1
	.byte 0x4C, 0x8B, 0x14, 0x02, 0x08, 0x40, 0x2D, 0xE9, 0x2C, 0x00, 0x9F, 0xE5, 0xFC, 0x00, 0x90, 0xE5
	.byte 0x08, 0x00, 0x10, 0xE3, 0x06, 0x00, 0x00, 0x1A, 0x20, 0x00, 0x9F, 0xE5, 0x20, 0x10
_0206AAEE:
	b _0206A630
	thumb_func_end FUN_0206aaa2
_0206AAF0:
	.byte 0xE1, 0x42, 0x00, 0xEB, 0x10, 0x00, 0x9F, 0xE5, 0xFC, 0x10, 0x90, 0xE5, 0x08, 0x10, 0x81, 0xE3
	.byte 0xFC, 0x10, 0x80, 0xE5, 0x08, 0x00, 0x9F, 0xE5, 0x08, 0x80, 0xBD, 0xE8, 0x4C, 0x8B, 0x14, 0x02
	.byte 0x98, 0x8B, 0x14, 0x02, 0x4C, 0x8C, 0x14, 0x02, 0xF8, 0x4F, 0x2D, 0xE9, 0x48, 0xD0, 0x4D, 0xE2
	.byte 0x00, 0x10, 0x8D, 0xE5, 0x08, 0x10, 0x8D, 0xE2

	thumb_func_start FUN_0206ab28
FUN_0206ab28: ; 0x0206AB28
	str r4, [r3]
	.hword 0xEB00
	lsl r0, r0, #0
	b _0206A66C
	thumb_func_end FUN_0206ab28

	thumb_func_start FUN_0206ab30
FUN_0206ab30: ; 0x0206AB30
	add pc, r3
_0206AB32:
	.hword 0xEB00
	add sp, #0
	b _0206B27A
_0206AB38:
	.byte 0x0B, 0x30, 0xA0, 0xE1, 0x0B, 0x10, 0xA0, 0xE1
	.byte 0x04, 0x00, 0x5B, 0xE3, 0x00, 0x20, 0xA0, 0xE3, 0x0A, 0x00, 0x00, 0xAA, 0x08, 0x00, 0x8D, 0xE2
	.byte 0x0B, 0x01, 0x80, 0xE0, 0x01, 0x42, 0x90, 0xE7, 0x00, 0x00, 0x54, 0xE3, 0x00, 0x40, 0x64, 0xB2
	.byte 0x02, 0x00, 0x54, 0xE1, 0x01, 0x30, 0xA0, 0xC1, 0x01, 0x10, 0x81, 0xE2, 0x04, 0x20, 0xA0, 0xC1
	.byte 0x04, 0x00, 0x51, 0xE3, 0xF6, 0xFF, 0xFF, 0xBA, 0x00, 0x00, 0x52, 0xE3, 0x48, 0xD0, 0x8D, 0x02
	.byte 0x00, 0x00, 0xE0, 0x03, 0xF8, 0x8F, 0xBD, 0x08, 0x0B, 0x00, 0x53, 0xE1, 0x11, 0x00, 0x00, 0x0A
	.byte 0x00, 0x10, 0x9D, 0xE5, 0x08, 0x20, 0x8D, 0xE2, 0x00, 0x00, 0xA0, 0xE3, 0x0B, 0x42, 0x81, 0xE0
	.byte 0x0B, 0x62, 0x82, 0xE0, 0x03, 0x52, 0x82, 0xE0, 0x03, 0x22, 0x81, 0xE0, 0x00, 0x31, 0x96, 0xE7
	.byte 0x00, 0x11, 0x95, 0xE7, 0x00, 0x11, 0x86, 0xE7, 0x00, 0x31, 0x85, 0xE7, 0x00, 0x31, 0x94, 0xE7
	.byte 0x00, 0x11, 0x92, 0xE7, 0x00, 0x11, 0x84, 0xE7, 0x00, 0x31, 0x82, 0xE7, 0x01, 0x00, 0x80, 0xE2
	.byte 0x04, 0x00, 0x50, 0xE3, 0xF4, 0xFF, 0xFF, 0xBA, 0x08, 0x00, 0x8D, 0xE2, 0x0B, 0x02, 0x80, 0xE0
	.byte 0x0B, 0x01, 0x90, 0xE7, 0xE7, 0x46, 0x00, 0xEB, 0x00, 0x20, 0x9D, 0xE5, 0x00, 0x30, 0xA0, 0xE3
	.byte 0x02, 0xE1, 0xA0, 0xE3, 0x08, 0x40, 0x8D, 0xE2, 0x0B, 0x92, 0x82, 0xE0, 0x0B, 0x22, 0x84, 0xE0
	.byte 0x03, 0x40, 0xA0, 0xE1, 0x03, 0x60, 0xA0, 0xE1, 0x0E, 0x50, 0xA0, 0xE1, 0x03, 0x81, 0x92, 0xE7
	.byte 0xC8, 0x7F, 0xA0, 0xE1, 0x90, 0xC8, 0x8A, 0xE0, 0x0E, 0xC0, 0x9C, 0xE0, 0x90, 0xA7, 0x2A, 0xE0
	.byte 0x91, 0xA8, 0x2A, 0xE0, 0x04, 0x70, 0xAA, 0xE0, 0x03, 0x71
_0206AC2A:
	b _0206AB32
	thumb_func_end FUN_0206ab30
_0206AC2C:
	.byte 0x03, 0x81, 0x99, 0xE7
	.byte 0xC8, 0x7F, 0xA0, 0xE1, 0x90, 0xC8, 0x8A, 0xE0, 0x05, 0xC0, 0x9C, 0xE0, 0x90, 0xA7, 0x2A, 0xE0
	.byte 0x91, 0xA8, 0x2A, 0xE0, 0x06, 0x70, 0xAA, 0xE0, 0x03, 0x71, 0x89, 0xE7, 0x01, 0x30, 0x83, 0xE2
	.byte 0x04, 0x00, 0x53, 0xE3, 0xEC, 0xFF, 0xFF, 0xBA, 0x00, 0x00, 0x9D, 0xE5, 0x08, 0x10, 0x8D, 0xE2
	.byte 0x0B, 0x62

	non_word_aligned_thumb_func_start FUN_0206ac62
FUN_0206ac62: ; 0x0206AC62
	b _0206AD66
_0206AC64:
	.byte 0x08, 0x00, 0x8D, 0xE2, 0x0B, 0x11, 0x81, 0xE0, 0x00, 0xC0, 0xA0, 0xE3
	.byte 0x0B, 0x02, 0x80, 0xE0, 0x04, 0x10, 0x8D, 0xE5, 0x0B, 0x00, 0x5C, 0xE1, 0x1E, 0x00, 0x00, 0x0A
	.byte 0x04, 0x10, 0x9D, 0xE5, 0x00, 0x40, 0x9D, 0xE5, 0x0C, 0x32, 0x91, 0xE7, 0x08, 0x10, 0x8D, 0xE2
	.byte 0x00, 0xE0, 0xA0, 0xE3, 0xC3, 0x2F, 0xA0, 0xE1, 0x0C, 0x12, 0x81, 0xE0, 0x0C, 0xA2, 0x84, 0xE0
	.byte 0x0E, 0x51, 0x90, 0xE7, 0x0E, 0x91, 0x91, 0xE7, 0xC5, 0x4F, 0xA0, 0xE1, 0x93, 0x85, 0x87, 0xE0
	.byte 0x93, 0x74, 0x27, 0xE0, 0x92, 0x75, 0x27, 0xE0, 0x28, 0x46, 0xA0, 0xE1, 0x07, 0x4A, 0x84, 0xE1
	.byte 0x04, 0x40, 0x49, 0xE0, 0x0E, 0x41, 0x81, 0xE7, 0x0E, 0x91, 0x9A, 0xE7, 0x0E, 0x51, 0x96, 0xE7
	.byte 0xC5, 0x4F, 0xA0, 0xE1, 0x93, 0x85, 0x87, 0xE0, 0x93, 0x74, 0x27, 0xE0, 0x92, 0x75, 0x27, 0xE0
	.byte 0x28, 0x46, 0xA0, 0xE1, 0x07, 0x4A, 0x84, 0xE1, 0x04, 0x40, 0x49, 0xE0, 0x0E, 0x41, 0x8A, 0xE7
	.byte 0x01, 0xE0, 0x8E, 0xE2, 0x04, 0x00, 0x5E, 0xE3, 0xE8, 0xFF, 0xFF, 0xBA, 0x01, 0xC0, 0x8C, 0xE2
	.byte 0x04, 0x00, 0x5C, 0xE3, 0xDB, 0xFF, 0xFF, 0xBA, 0x01, 0xB0, 0x8B, 0xE2, 0x04, 0x00, 0x5B, 0xE3
	.byte 0x88, 0xFF, 0xFF, 0xBA, 0x00, 0x00, 0xA0, 0xE3, 0x48, 0xD0, 0x8D, 0xE2, 0xF8, 0x8F, 0xBD, 0xE8
	.byte 0x08, 0x40, 0x2D, 0xE9, 0x2C, 0x00, 0x9F, 0xE5, 0xFC, 0x00, 0x90, 0xE5, 0x10, 0x00, 0x10, 0xE3
	.byte 0x06, 0x00, 0x00, 0x1A, 0x20, 0x00, 0x9F, 0xE5, 0x20, 0x10, 0x9F, 0xE5, 0x75, 0xFF, 0xFF, 0xEB
	.byte 0x10, 0x00, 0x9F, 0xE5, 0xFC, 0x10, 0x90, 0xE5, 0x10, 0x10, 0x81, 0xE3, 0xFC, 0x10, 0x80, 0xE5
	.byte 0x08, 0x00, 0x9F, 0xE5, 0x08, 0x80, 0xBD, 0xE8, 0x4C, 0x8B, 0x14, 0x02, 0x54, 0x8B, 0x14, 0x02
	.byte 0x0C, 0x8D, 0x14, 0x02, 0x08, 0x40
_0206AD66:
	.hword 0xE92D
	lsl r0, r7, #0
	b FUN_0206A8AC
_0206AD6C:
	.byte 0x38, 0x10, 0x9F, 0xE5
	.byte 0x38, 0x20, 0x9F, 0xE5, 0x1D, 0x43, 0x00, 0xEB, 0x34, 0x30, 0x9F, 0xE5, 0x2C, 0x00, 0x9F, 0xE5
	.byte 0xF4, 0x20, 0x93, 0xE5, 0x00, 0x10, 0xA0, 0xE1, 0x00, 0x20, 0x8D, 0xE5, 0xEC, 0x20, 0x93, 0xE5
	.byte 0xF0, 0x30, 0x93, 0xE5, 0x1C, 0x42, 0x00, 0xEB, 0x10, 0x00, 0x9F, 0xE5, 0x14, 0x10, 0x9F, 0xE5
_0206ADA0:
	tst r5, r6
	.hword 0xEB00
	strh r0, [r1]
_0206ADA6:
	.byte 0xBD, 0xE8
_0206ADA8:
	ldrh r0, [r1, #0x20]
	lsl r4, r2, #8
	ldrh r0, [r3, #0x1c]
	lsl r4, r2, #8
	ldrh r4, [r7, #0x22]
_0206ADB2:
	lsl r4, r2, #8
	ldrh r4, [r1, #0x1a]
	lsl r4, r2, #8
	ldrh r4, [r5, #0x24]
_0206ADBA:
	lsl r4, r2, #8
	and r0, r1
	.hword 0xE92D
	lsl r4, r4, #0
	b _0206A904
_0206ADC4:
	.byte 0xFC, 0x00, 0x90, 0xE5, 0x80, 0x00, 0x10, 0xE3
_0206ADCC:
	lsl r4, r0, #0
	sub r0, r0, r0
	thumb_func_end FUN_0206ac62
_0206ADD0:
	.byte 0xE3, 0xFF, 0xFF, 0xEB, 0x10, 0x00, 0x9F, 0xE5, 0xFC, 0x10, 0x90, 0xE5, 0x80, 0x10, 0x81, 0xE3
	.byte 0xFC, 0x10, 0x80, 0xE5, 0x04, 0x00, 0x9F, 0xE5, 0x08, 0x80, 0xBD, 0xE8, 0x4C, 0x8B, 0x14, 0x02
	.byte 0x7C, 0x8C, 0x14, 0x02, 0x08, 0x40, 0x2D, 0xE9, 0x24, 0x00, 0x9F, 0xE5, 0xFC, 0x00, 0x90, 0xE5
	.byte 0x80, 0x00, 0x10, 0xE3, 0x04, 0x00, 0x00, 0x1A, 0xD5, 0xFF, 0xFF, 0xEB, 0x10, 0x00, 0x9F, 0xE5
	.byte 0xFC, 0x10, 0x90, 0xE5, 0x80, 0x10, 0x81, 0xE3, 0xFC, 0x10, 0x80, 0xE5, 0x04, 0x00, 0x9F, 0xE5
	.byte 0x08, 0x80, 0xBD, 0xE8, 0x4C, 0x8B, 0x14, 0x02, 0xAC, 0x8C, 0x14, 0x02, 0x38, 0x40, 0x2D, 0xE9
	.byte 0x40, 0xD0, 0x4D, 0xE2, 0x50, 0x00, 0x9F, 0xE5, 0xFC, 0x00, 0x90, 0xE5, 0x40, 0x00, 0x10, 0xE3
	.byte 0x0E, 0x00, 0x00, 0x1A, 0x22, 0xFF, 0xFF, 0xEB, 0x00, 0x50, 0xA0, 0xE1, 0xB3, 0xFF, 0xFF, 0xEB
	.byte 0x00, 0x40, 0xA0, 0xE1, 0x00, 0x10, 0x8D, 0xE2, 0x05, 0x00, 0xA0, 0xE1, 0xD7, 0x41, 0x00, 0xEB
	.byte 0x28, 0x20, 0x9F, 0xE5, 0x00, 0x10, 0x8D, 0xE2, 0x04, 0x00, 0xA0, 0xE1, 0xE8, 0x43, 0x00, 0xEB
	.byte 0x14, 0x00, 0x9F, 0xE5, 0xFC, 0x10, 0x90, 0xE5, 0x40, 0x10, 0x81, 0xE3, 0xFC, 0x10, 0x80, 0xE5
	.byte 0x08, 0x00, 0x9F, 0xE5, 0x40, 0xD0, 0x8D, 0xE2, 0x38, 0x80, 0xBD, 0xE8, 0x4C, 0x8B, 0x14, 0x02
	.byte 0x4C, 0x8D, 0x14, 0x02, 0x00, 0x00, 0x50, 0xE3, 0x03, 0x00, 0x00, 0x0A, 0x60, 0xC0, 0x9F, 0xE5
	.byte 0xA0, 0xC0, 0x9C, 0xE5, 0xFF, 0xC0, 0x0C, 0xE2, 0x00, 0xC0, 0x80, 0xE5, 0x00, 0x00, 0x51, 0xE3
	.byte 0x04, 0x00, 0x00, 0x0A

	thumb_func_start FUN_0206aeb4
FUN_0206aeb4: ; 0x0206AEB4
	lsl r0, r1, #1
	b _0206A9F8
_0206AEB8:
	.byte 0xA0, 0x00, 0x90, 0xE5, 0x20, 0x04, 0xA0, 0xE1
	.byte 0xFF, 0x00, 0x00, 0xE2, 0x00, 0x00, 0x81, 0xE5, 0x00, 0x00, 0x52, 0xE3, 0x04, 0x00, 0x00, 0x0A
	.byte 0x2C, 0x00, 0x9F, 0xE5, 0xA0, 0x00, 0x90, 0xE5, 0x20, 0x08, 0xA0, 0xE1, 0xFF, 0x00, 0x00, 0xE2
	.byte 0x00, 0x00, 0x82, 0xE5, 0x00, 0x00, 0x53, 0xE3, 0x1E, 0xFF, 0x2F, 0x01, 0x10, 0x00, 0x9F, 0xE5
	.byte 0xA0, 0x00, 0x90, 0xE5, 0x20, 0x0C, 0xA0, 0xE1, 0xFF, 0x00, 0x00, 0xE2, 0x00, 0x00, 0x83, 0xE5
	.byte 0x1E, 0xFF, 0x2F, 0xE1, 0x4C, 0x8B, 0x14, 0x02, 0xF8, 0x40, 0x2D, 0xE9, 0x00, 0x60, 0xA0, 0xE1
	.byte 0x01, 0x50, 0xB0, 0xE1, 0x02, 0x40, 0xA0, 0xE1, 0x00, 0x00, 0xA0, 0xE3, 0xF8, 0x80, 0xBD, 0x08
	.byte 0x01, 0x70, 0xA0, 0xE3, 0x19, 0x10, 0xD5, 0xE5, 0x01, 0x00, 0x54, 0xE1, 0x0C, 0x00, 0x00, 0x2A
	.byte 0x84, 0x10, 0x85, 0xE0, 0xBA, 0x21, 0xD1, 0xE1, 0x03, 0x1C, 0x02, 0xE2, 0x01, 0x0C, 0x51, 0xE3
	.byte 0x07, 0x00, 0x00, 0x1A, 0x0C, 0x30, 0x95, 0xE5, 0x00, 0x00, 0x53, 0xE3, 0x04, 0x00, 0x00, 0x0A
	.byte 0x06, 0x00, 0xA0, 0xE1, 0x05, 0x10, 0xA0, 0xE1, 0xFF, 0x20, 0x02, 0xE2, 0x33, 0xFF, 0x2F, 0xE1
	.byte 0x07, 0x00, 0xA0, 0xE1, 0x10, 0x50, 0x95, 0xE5, 0x00, 0x00, 0x55, 0xE3, 0xEC, 0xFF, 0xFF, 0x1A
	.byte 0xF8, 0x80, 0xBD, 0xE8, 0x00, 0x00, 0x53, 0xE3, 0x09, 0x00, 0x00, 0x0A, 0x00, 0x10, 0x90, 0xE5
	.byte 0x02, 0x10, 0x81, 0xE0, 0x00, 0x10, 0x80, 0xE5, 0x04, 0x10, 0x90, 0xE5, 0x02, 0x10, 0x81, 0xE0
	.byte 0x04, 0x10, 0x80, 0xE5, 0x08, 0x10, 0x90, 0xE5, 0x02, 0x10, 0x81, 0xE0, 0x08, 0x10, 0x80, 0xE5
	.byte 0x1E, 0xFF, 0x2F, 0xE1, 0x00, 0x30, 0x91, 0xE5, 0x00, 0xC0, 0x90, 0xE5, 0x92, 0x03, 0x03, 0xE0
	.byte 0x43, 0x36, 0x8C, 0xE0, 0x00, 0x30, 0x80, 0xE5, 0x04, 0x30, 0x91, 0xE5, 0x04, 0xC0, 0x90, 0xE5
	.byte 0x92, 0x03, 0x03, 0xE0, 0x43, 0x36, 0x8C, 0xE0, 0x04, 0x30, 0x80, 0xE5, 0x08, 0x10, 0x91, 0xE5
	.byte 0x08, 0x30, 0x90, 0xE5, 0x92, 0x01, 0x01, 0xE0, 0x41, 0x16, 0x83, 0xE0, 0x08, 0x10, 0x80, 0xE5
	.byte 0x1E, 0xFF, 0x2F, 0xE1, 0xF8, 0x4F, 0x2D, 0xE9, 0x70, 0xD0, 0x4D, 0xE2, 0x01, 0x90, 0xB0, 0xE1
	.byte 0x00, 0xA0, 0xA0, 0xE1, 0x02, 0x80, 0xA0, 0xE1, 0x70, 0xD0, 0x8D, 0x02, 0x00, 0x00, 0xA0, 0x03
	.byte 0xF8, 0x8F, 0xBD, 0x08, 0x10, 0x20, 0x99, 0xE5, 0x00, 0x00, 0x52, 0xE3, 0x17, 0x00, 0x00, 0x1A
	.byte 0x19, 0x20, 0xD9, 0xE5, 0x02, 0x00, 0x58, 0xE1, 0x11, 0x00, 0x00, 0x2A, 0x88, 0x20, 0x89, 0xE0
	.byte 0xBA, 0x41, 0xD2, 0xE1, 0x03, 0x2C, 0x04, 0xE2, 0x01, 0x0C, 0x52, 0xE3, 0x09, 0x00, 0x00, 0x1A
	.byte 0x0C, 0x30, 0x99, 0xE5, 0x00, 0x00, 0x53, 0xE3, 0x70, 0xD0, 0x8D, 0x02, 0x00, 0x00, 0xA0, 0x03
	.byte 0xF8, 0x8F, 0xBD, 0x08, 0xFF, 0x20, 0x04, 0xE2, 0x33, 0xFF, 0x2F, 0xE1, 0x70, 0xD0, 0x8D, 0xE2
	.byte 0x01, 0x00, 0xA0, 0xE3, 0xF8, 0x8F, 0xBD, 0xE8, 0x70, 0xD0, 0x8D, 0xE2, 0x00, 0x00, 0xA0, 0xE3
	.byte 0xF8, 0x8F, 0xBD, 0xE8, 0x70, 0xD0, 0x8D, 0xE2, 0x00, 0x00, 0xA0, 0xE3, 0xF8, 0x8F, 0xBD, 0xE8
	.byte 0x00, 0x50, 0xA0, 0xE3, 0x05, 0x30, 0xA0, 0xE1, 0x05, 0x60, 0xA0, 0xE1, 0x09, 0x20, 0xA0, 0xE1
	.byte 0x19, 0x00
_0206B082:
	b _0206AC2A
_0206B084:
	.byte 0x00, 0x00, 0x58, 0xE1, 0x0C, 0x00, 0x00, 0x2A, 0x88, 0x00, 0x82, 0xE0
	.byte 0xBA, 0x01, 0xD0, 0xE1, 0x03, 0x0C, 0x00, 0xE2, 0x01, 0x0C, 0x50, 0xE3, 0x07, 0x00, 0x00, 0x1A
	.byte 0x04, 0x00, 0x92, 0xE5, 0x01, 0x0A, 0x50, 0xE3, 0x01, 0x5A, 0x85, 0xC2, 0x01, 0x00, 0x00, 0xCA
	.byte 0x00, 0x00, 0x50, 0xE3, 0x00, 0x50, 0x85, 0xC0, 0x02, 0x10, 0xA0, 0xE1, 0x01, 0x30, 0x83, 0xE2
	.byte 0x10, 0x20, 0x92, 0xE5, 0x00, 0x00, 0x52, 0xE3, 0xEC, 0xFF, 0xFF, 0x1A, 0x00, 0x00, 0x55, 0xE3
	.byte 0x70, 0xD0, 0x8D, 0x02, 0x00, 0x00, 0xA0, 0x03, 0xF8, 0x8F, 0xBD, 0x08, 0x01, 0x00, 0x53, 0xE3
	.byte 0x0C, 0x00, 0x00, 0x1A, 0x0C, 0x30, 0x91, 0xE5, 0x88, 0x00, 0x81, 0xE0, 0x00, 0x00, 0x53, 0xE3
	.byte 0xBA, 0x21, 0xD0, 0xE1, 0x70, 0xD0, 0x8D, 0x02, 0x00, 0x00, 0xA0, 0x03, 0xF8, 0x8F, 0xBD, 0x08
	.byte 0x0A, 0x00, 0xA0, 0xE1, 0xFF, 0x20, 0x02, 0xE2, 0x33, 0xFF, 0x2F, 0xE1, 0x70, 0xD0, 0x8D, 0xE2
	.byte 0x01, 0x00, 0xA0, 0xE3, 0xF8, 0x8F, 0xBD, 0xE8, 0x0A, 0x10, 0xA0, 0xE1, 0x00, 0x00, 0xA0, 0xE3
	.byte 0x58, 0x20, 0xA0, 0xE3, 0x65, 0x5E, 0x00, 0xEB, 0x00, 0x00, 0xE0, 0xE3, 0x00, 0x00, 0x8A, 0xE5
	.byte 0x40, 0xB0, 0x8D, 0xE2, 0x18, 0x40, 0x8D, 0xE2, 0x19, 0x00, 0xD9, 0xE5, 0x00, 0x00, 0x58, 0xE1
	.byte 0x75, 0x00, 0x00, 0x2A, 0x88, 0x00, 0x89, 0xE0, 0xBA, 0x11, 0xD0, 0xE1, 0x03, 0x0C, 0x01, 0xE2
	.byte 0x01, 0x0C, 0x50, 0xE3, 0x70, 0x00, 0x00, 0x1A, 0x04, 0x00, 0x99, 0xE5, 0x00, 0x00, 0x50, 0xE3
	.byte 0x6D, 0x00, 0x00, 0xDA, 0x0C, 0x30, 0x99, 0xE5, 0x00, 0x00, 0x53, 0xE3, 0x6A, 0x00, 0x00, 0x0A
	.byte 0xFF, 0x20, 0x01, 0xE2, 0x04, 0x00, 0xA0, 0xE1, 0x09, 0x10, 0xA0, 0xE1, 0x33, 0xFF, 0x2F, 0xE1
_0206B180:
	lsl r0, r0, #0
	b _0206B832
_0206B184:
	.byte 0x07, 0x00, 0x00, 0x1A, 0x0B, 0x00, 0xA0, 0xE1, 0x0C, 0x10, 0x8D, 0xE2
	.byte 0x0C, 0x20, 0xA0, 0xE3, 0x3D, 0x5E, 0x00, 0xEB, 0x58, 0x00, 0x8D, 0xE2, 0x00, 0x10, 0x8D, 0xE2
	.byte 0x0C, 0x20, 0xA0, 0xE3, 0x39, 0x5E, 0x00, 0xEB, 0x01, 0x0A, 0x55, 0xE3, 0x04, 0x70, 0x99, 0x05
	.byte 0x03, 0x00, 0x00, 0x0A, 0x04, 0x00, 0x99, 0xE5, 0x05, 0x10, 0xA0, 0xE1, 0x69, 0x45, 0x00, 0xEB
	.byte 0x00, 0x70, 0xA0, 0xE1, 0x18, 0x30, 0x9D, 0xE5, 0x04, 0x00, 0x8A, 0xE2, 0x1C, 0x10, 0x8D, 0xE2
	.byte 0x07, 0x20, 0xA0, 0xE1, 0x01, 0x30, 0x03, 0xE2, 0x65, 0xFF, 0xFF, 0xEB, 0x18, 0x30, 0x9D, 0xE5
	.byte 0x10, 0x00, 0x8A, 0xE2, 0x28, 0x10, 0x8D, 0xE2, 0x07, 0x20, 0xA0, 0xE1, 0x08, 0x30, 0x03, 0xE2
	.byte 0x5F, 0xFF, 0xFF, 0xEB, 0x18, 0x30, 0x9D, 0xE5, 0x1C, 0x00, 0x8A, 0xE2, 0x34, 0x10, 0x8D, 0xE2
	.byte 0x07, 0x20, 0xA0, 0xE1, 0x10, 0x30, 0x03, 0xE2, 0x59, 0xFF, 0xFF, 0xEB, 0x18, 0x00, 0x9D, 0xE5
	.byte 0x04, 0x00, 0x10, 0xE3, 0x14, 0x00, 0x00, 0x1A, 0x4C, 0x20, 0x9A, 0xE5, 0x64, 0x00, 0x9D, 0xE5
	.byte 0x97, 0x10, 0xC0, 0xE0, 0x21, 0x16, 0xA0, 0xE1, 0x00, 0x1A, 0x81, 0xE1, 0x01, 0x00, 0x82, 0xE0
	.byte 0x4C, 0x00, 0x8A, 0xE5, 0x50, 0x20, 0x9A, 0xE5, 0x68, 0x00, 0x9D, 0xE5, 0x97, 0x10, 0xC0, 0xE0
	.byte 0x21, 0x16, 0xA0, 0xE1, 0x00, 0x1A, 0x81, 0xE1, 0x01, 0x00, 0x82, 0xE0, 0x50, 0x00, 0x8A, 0xE5
	.byte 0x54, 0x20, 0x9A, 0xE5, 0x6C, 0x00, 0x9D, 0xE5, 0x97, 0x10, 0xC0, 0xE0, 0x21, 0x16, 0xA0, 0xE1
	.byte 0x00, 0x1A, 0x81, 0xE1, 0x01, 0x00, 0x82, 0xE0, 0x54, 0x00, 0x8A, 0xE5, 0x18, 0x00, 0x9D, 0xE5
	.byte 0x02, 0x00, 0x10, 0xE3, 0x1E, 0x00, 0x00, 0x1A, 0x28, 0x10
_0206B27A:
	b _0206ADB2
_0206B27C:
	.byte 0x40, 0x00, 0x9D, 0xE5
	.byte 0x97, 0x00, 0x00, 0xE0, 0x40, 0x06, 0x81, 0xE0, 0x28, 0x00, 0x8A, 0xE5, 0x2C, 0x10, 0x9A, 0xE5
	.byte 0x44, 0x00, 0x9D, 0xE5, 0x97, 0x00, 0x00, 0xE0, 0x40, 0x06, 0x81, 0xE0, 0x2C, 0x00, 0x8A, 0xE5
	.byte 0x30, 0x10, 0x9A, 0xE5, 0x48, 0x00, 0x9D, 0xE5, 0x97, 0x00, 0x00, 0xE0, 0x40, 0x06, 0x81, 0xE0
	.byte 0x30, 0x00, 0x8A, 0xE5, 0x34, 0x10, 0x9A, 0xE5, 0x4C, 0x00, 0x9D, 0xE5, 0x97, 0x00, 0x00, 0xE0
	.byte 0x40, 0x06, 0x81, 0xE0, 0x34, 0x00, 0x8A, 0xE5, 0x38, 0x10, 0x9A, 0xE5, 0x50, 0x00, 0x9D, 0xE5
	.byte 0x97, 0x00, 0x00, 0xE0, 0x40, 0x06, 0x81, 0xE0, 0x38, 0x00, 0x8A, 0xE5, 0x3C, 0x10, 0x9A, 0xE5
	.byte 0x54, 0x00, 0x9D, 0xE5, 0x97, 0x00, 0x00, 0xE0, 0x40, 0x06, 0x81, 0xE0, 0x3C, 0x00, 0x8A, 0xE5
	.byte 0x05, 0x00, 0x00, 0xEA, 0x28, 0x00, 0x9A, 0xE5, 0x07, 0x00, 0x80, 0xE0, 0x28, 0x00, 0x8A, 0xE5
	.byte 0x38, 0x00, 0x9A, 0xE5, 0x07, 0x00, 0x80, 0xE0, 0x38, 0x00, 0x8A, 0xE5, 0x00, 0x10, 0x9A, 0xE5
	.byte 0x18, 0x00, 0x9D, 0xE5, 0x00, 0x00, 0x01, 0xE0, 0x00, 0x00, 0x8A, 0xE5, 0x10, 0x90, 0x99, 0xE5
	.byte 0x01, 0x60, 0x86, 0xE2, 0x00, 0x00, 0x59, 0xE3, 0x82, 0xFF, 0xFF, 0x1A, 0x28, 0x00, 0x8A, 0xE2
	.byte 0x34, 0x10, 0x8A, 0xE2, 0x40, 0x20, 0x8A, 0xE2, 0xEA, 0x45, 0x00, 0xEB, 0x28, 0x00, 0x9A, 0xE5
	.byte 0x00, 0x00, 0x50, 0xE3, 0x2C, 0x00, 0x9A, 0x05, 0x00, 0x00, 0x50, 0x03, 0x30, 0x00, 0x9A, 0x05
	.byte 0x00, 0x00, 0x50, 0x03, 0x04, 0x00, 0x00, 0x1A, 0x0C, 0x00, 0x8D, 0xE2, 0x28, 0x10, 0x8A, 0xE2
	.byte 0x0C, 0x20, 0xA0, 0xE3, 0xC9, 0x5D, 0x00, 0xEB, 0x02, 0x00, 0x00, 0xEA, 0x28, 0x00, 0x8A, 0xE2
	.byte 0x00, 0x10, 0xA0, 0xE1, 0x4A, 0x46, 0x00, 0xEB, 0x40, 0x00, 0x9A, 0xE5, 0x00, 0x00, 0x50, 0xE3
	.byte 0x44, 0x00, 0x9A, 0x05, 0x00, 0x00, 0x50, 0x03, 0x48, 0x00, 0x9A, 0x05, 0x00, 0x00, 0x50, 0x03
	.byte 0x04, 0x00, 0x00, 0x1A, 0x00, 0x00, 0x8D, 0xE2, 0x40, 0x10, 0x8A, 0xE2, 0x0C, 0x20, 0xA0, 0xE3
	.byte 0xBA, 0x5D, 0x00, 0xEB, 0x02, 0x00, 0x00, 0xEA, 0x40, 0x00, 0x8A, 0xE2, 0x00, 0x10, 0xA0, 0xE1
	.byte 0x3B, 0x46, 0x00, 0xEB, 0x40, 0x00, 0x8A, 0xE2, 0x28, 0x10, 0x8A, 0xE2, 0x34, 0x20, 0x8A, 0xE2
	.byte 0xC8, 0x45, 0x00, 0xEB, 0x01, 0x00, 0xA0, 0xE3, 0x70, 0xD0, 0x8D, 0xE2, 0xF8, 0x8F, 0xBD, 0xE8
	.byte 0xF8, 0x41, 0x2D, 0xE9, 0x04, 0xD0, 0x4D, 0xE2, 0x00, 0x70, 0xA0, 0xE1, 0x00, 0x00, 0xA0, 0xE3
	.byte 0x01, 0x60, 0xA0, 0xE1, 0x02, 0x50, 0xA0, 0xE1, 0x00, 0x00, 0x87, 0xE5, 0x00, 0x40, 0x8D, 0xE2
	.byte 0x01, 0x80, 0xA0, 0xE3, 0x19, 0x10, 0xD6, 0xE5, 0x01, 0x00, 0x55, 0xE1, 0x10, 0x00, 0x00, 0x2A
	.byte 0x85, 0x10, 0x86, 0xE0, 0xBA, 0x21, 0xD1, 0xE1, 0x03, 0x1C, 0x02, 0xE2, 0x01, 0x0C, 0x51, 0xE3
	.byte 0x0B, 0x00, 0x00, 0x1A, 0x0C, 0x30, 0x96, 0xE5, 0x00, 0x00, 0x53, 0xE3, 0x08, 0x00, 0x00, 0x0A
	.byte 0x04, 0x00, 0xA0, 0xE1, 0x06, 0x10, 0xA0, 0xE1, 0xFF, 0x20, 0x02, 0xE2, 0x33, 0xFF, 0x2F, 0xE1
	.byte 0x00, 0x20, 0x97, 0xE5, 0x00, 0x10, 0x9D, 0xE5, 0x08, 0x00, 0xA0, 0xE1, 0x01, 0x10, 0x82, 0xE1
	.byte 0x00, 0x10, 0x87, 0xE5, 0x10, 0x60, 0x96, 0xE5, 0x00, 0x00, 0x56, 0xE3, 0xE8, 0xFF, 0xFF, 0x1A
	.byte 0x04, 0xD0, 0x8D, 0xE2, 0xF8, 0x81, 0xBD, 0xE8, 0x38, 0x40, 0x2D, 0xE9, 0x38, 0x50, 0x9F, 0xE5
	.byte 0x00, 0x40, 0xA0, 0xE1, 0x08, 0x10, 0x94, 0xE5, 0x04, 0x00, 0xA0, 0xE1, 0x40, 0x10, 0xC1, 0xE3
	.byte 0x08, 0x10, 0x84, 0xE5, 0x00, 0x10, 0x94, 0xE5, 0x00, 0x30, 0xD1, 0xE5, 0x1F, 0x10, 0x03, 0xE2
	.byte 0x01, 0x21, 0x95, 0xE7, 0xE0, 0x10, 0x03, 0xE2, 0x32, 0xFF, 0x2F, 0xE1, 0x08, 0x00, 0x94, 0xE5
	.byte 0x20, 0x00, 0x10, 0xE3, 0xF2, 0xFF, 0xFF, 0x0A, 0x38, 0x80, 0xBD, 0xE8, 0xB8, 0x83, 0x0A, 0x02
	.byte 0x38, 0x40, 0x2D, 0xE9, 0x00, 0x50, 0xA0, 0xE1, 0x01, 0x40, 0xA0, 0xE1, 0x05, 0x10, 0xA0, 0xE1
	.byte 0x00, 0x00, 0xA0, 0xE3, 0x62, 0x2F, 0xA0, 0xE3, 0x80, 0x5D, 0x00, 0xEB, 0x01, 0x00, 0xA0, 0xE3
	.byte 0xC4, 0x00, 0x85, 0xE5, 0x08, 0x00, 0x85, 0xE5, 0x30, 0x00, 0x94, 0xE5, 0x5C, 0x21, 0x9F, 0xE5
	.byte 0x00, 0x00, 0x50, 0xE3, 0x04, 0x10, 0x94, 0x05, 0x04, 0x00, 0x91, 0x05, 0x00, 0x00, 0x81, 0x00
	.byte 0x00, 0x00, 0x85, 0xE5, 0x04, 0x40, 0x85, 0xE5, 0x04, 0x00, 0x94, 0xE5, 0x00, 0x00, 0x50, 0xE3
	.byte 0x40, 0x00, 0x80, 0x12, 0x00, 0x00, 0xA0, 0x03, 0xD4, 0x00, 0x85, 0xE5, 0x04, 0x10, 0x94, 0xE5
	.byte 0x00, 0x00, 0x51, 0xE3, 0x08, 0x00, 0x91, 0x15, 0x00, 0x00, 0x50, 0x13, 0x00, 0x00, 0x81, 0x10
	.byte 0x00, 0x00, 0xA0, 0x03, 0xD8, 0x00, 0x85, 0xE5, 0x04, 0x10, 0x94, 0xE5, 0x00, 0x00, 0x51, 0xE3
	.byte 0x0C, 0x00, 0x91, 0x15, 0x00, 0x00, 0x50, 0x13, 0x00, 0x00, 0x81, 0x10, 0x00, 0x00, 0xA0, 0x03
	.byte 0xDC, 0x00, 0x85, 0xE5, 0x04, 0x00, 0x94, 0xE5, 0xF4, 0x10, 0x9F, 0xE5, 0x15, 0x30, 0xD0, 0xE5
	.byte 0xF0, 0x00, 0x9F, 0xE5, 0x03, 0x21, 0x92, 0xE7, 0xE8, 0x20, 0x85, 0xE5, 0x04, 0x20, 0x94, 0xE5
	.byte 0x15, 0x20, 0xD2, 0xE5, 0x02, 0x11, 0x91, 0xE7, 0xEC, 0x10, 0x85, 0xE5, 0x04, 0x10, 0x94, 0xE5
	.byte 0x16, 0x10, 0xD1, 0xE5, 0x01, 0x01, 0x90, 0xE7, 0xF0, 0x00, 0x85, 0xE5, 0x04, 0x00, 0x94, 0xE5
	.byte 0x1C, 0x00, 0x90, 0xE5, 0xE0, 0x00, 0x85, 0xE5, 0x04, 0x00, 0x94, 0xE5, 0x20, 0x00, 0x90, 0xE5
	.byte 0xE4, 0x00, 0x85, 0xE5, 0x20, 0x10, 0x94, 0xE5, 0x00, 0x00, 0x51, 0xE3, 0x08, 0x00, 0x00, 0x0A
	.byte 0x24, 0x00, 0xD4, 0xE5, 0x20, 0x00, 0x50, 0xE3, 0x05, 0x00, 0x00, 0x2A, 0x00, 0x01, 0x85, 0xE0
	.byte 0x0C, 0x10, 0x80, 0xE5, 0x24, 0x00, 0xD4, 0xE5, 0x25, 0x10, 0xD4, 0xE5, 0x00, 0x00, 0x85, 0xE0
	.byte 0x8C, 0x10, 0xC0, 0xE5, 0x00, 0x00, 0x94, 0xE5, 0x01, 0x00, 0x10, 0xE3, 0x08, 0x00, 0x95, 0x15
	.byte 0x80, 0x00, 0x80, 0x13, 0x08, 0x00, 0x85, 0x15, 0x00, 0x00, 0x94, 0xE5, 0x02, 0x00, 0x10, 0xE3
	.byte 0x08, 0x00, 0x95, 0x15, 0x01, 0x0C, 0x80, 0x13, 0x08, 0x00, 0x85, 0x15, 0x00, 0x00, 0x94, 0xE5
	.byte 0x04, 0x00, 0x10, 0xE3, 0x08, 0x00, 0x95, 0x15, 0x02, 0x0C, 0x80, 0x13, 0x08, 0x00, 0x85, 0x15
	.byte 0x00, 0x00, 0x94, 0xE5, 0x08, 0x00, 0x10, 0xE3, 0x08, 0x00, 0x95, 0x15, 0x01, 0x0B, 0x80, 0x13
	.byte 0x08, 0x00, 0x85, 0x15, 0x28, 0x10, 0x94, 0xE5, 0x00, 0x00, 0x51, 0xE3, 0x01, 0x00, 0x00, 0x0A
	.byte 0x05, 0x00, 0xA0, 0xE1, 0x31, 0xFF, 0x2F, 0xE1, 0x05, 0x00, 0xA0, 0xE1, 0x8D, 0xFF, 0xFF, 0xEB
	.byte 0x00, 0x00, 0x94, 0xE5, 0x01, 0x00, 0xC0, 0xE3, 0x00, 0x00, 0x84, 0xE5, 0x38, 0x80, 0xBD, 0xE8
	.byte 0x9C, 0x82, 0x0A, 0x02, 0x90, 0x82, 0x0A, 0x02, 0xA8, 0x82, 0x0A, 0x02, 0x38, 0x40, 0x2D, 0xE9
	.byte 0x00, 0x00, 0x51, 0xE3, 0x38, 0x80, 0xBD, 0x08, 0x01, 0x30, 0xA0, 0xE3, 0x00, 0x40, 0xA0, 0xE3
	.byte 0x19, 0x20, 0xD1, 0xE5, 0x04, 0x50, 0xA0, 0xE1, 0x00, 0x00, 0x52, 0xE3, 0x0C, 0x00, 0x00, 0xDA
	.byte 0x85, 0x20, 0x81, 0xE0, 0xBA, 0x21, 0xD2, 0xE1, 0x01, 0x0C, 0x12, 0xE3, 0x04, 0x00, 0x00, 0x0A
	.byte 0xC5, 0xE2, 0xA0, 0xE1, 0x0E, 0xC1, 0x90, 0xE7, 0x1F, 0x20, 0x05, 0xE2, 0x13, 0x22, 0x8C, 0xE1
	.byte 0x0E, 0x21, 0x80, 0xE7, 0x19, 0x20, 0xD1, 0xE5, 0x01, 0x50, 0x85, 0xE2, 0x02, 0x00, 0x55, 0xE1
	.byte 0xF2, 0xFF, 0xFF, 0xBA, 0x10, 0x10, 0x91, 0xE5, 0x00, 0x00, 0x51, 0xE3, 0xEB, 0xFF, 0xFF, 0x1A
	.byte 0x38, 0x80, 0xBD, 0xE8, 0x10, 0x40, 0x2D, 0xE9, 0x62, 0xDF, 0x4D, 0xE2, 0x00, 0x40, 0xA0, 0xE1
	.byte 0x00, 0x00, 0x94, 0xE5, 0x10, 0x00, 0x00, 0xE2, 0x10, 0x00, 0x50, 0xE3, 0x1D, 0x00, 0x00, 0x1A
	.byte 0x3C, 0x10, 0x84, 0xE2, 0x00, 0x00, 0xA0, 0xE3, 0x08, 0x20, 0xA0, 0xE3, 0xEA, 0x5C, 0x00, 0xEB
	.byte 0x44, 0x10, 0x84, 0xE2, 0x00, 0x00, 0xA0, 0xE3, 0x08, 0x20, 0xA0, 0xE3, 0xE6, 0x5C, 0x00, 0xEB
	.byte 0x4C, 0x10, 0x84, 0xE2, 0x00, 0x00, 0xA0, 0xE3, 0x08, 0x20, 0xA0, 0xE3, 0xE2, 0x5C, 0x00, 0xEB
	.byte 0x08, 0x10, 0x94, 0xE5, 0x00, 0x00, 0x51, 0xE3, 0x01, 0x00, 0x00, 0x0A, 0x3C, 0x00, 0x84, 0xE2
	.byte 0xCD, 0xFF, 0xFF, 0xEB, 0x10, 0x10, 0x94, 0xE5, 0x00, 0x00, 0x51, 0xE3, 0x01, 0x00, 0x00, 0x0A
	.byte 0x44, 0x00, 0x84, 0xE2, 0xC8, 0xFF, 0xFF, 0xEB, 0x18, 0x10, 0x94, 0xE5, 0x00, 0x00, 0x51, 0xE3
	.byte 0x01, 0x00, 0x00, 0x0A, 0x4C, 0x00, 0x84, 0xE2, 0xC3, 0xFF, 0xFF, 0xEB, 0x00, 0x00, 0x94, 0xE5
	.byte 0x10, 0x00, 0xC0, 0xE3, 0x00, 0x00, 0x84, 0xE5, 0x3C, 0x20, 0x9F, 0xE5, 0x00, 0x00, 0x92, 0xE5
	.byte 0x00, 0x00, 0x50, 0xE3, 0x03, 0x00, 0x00, 0x0A, 0x04, 0x10, 0xA0, 0xE1, 0x53, 0xFF, 0xFF, 0xEB
	.byte 0x62, 0xDF, 0x8D, 0xE2, 0x10, 0x80, 0xBD, 0xE8, 0x00, 0x00, 0x8D, 0xE2, 0x04, 0x10, 0xA0, 0xE1
	.byte 0x00, 0x00, 0x82, 0xE5, 0x4D, 0xFF, 0xFF, 0xEB, 0x0C, 0x00, 0x9F, 0xE5, 0x00, 0x10, 0xA0, 0xE3
	.byte 0x00, 0x10, 0x80, 0xE5, 0x62, 0xDF, 0x8D, 0xE2, 0x10, 0x80, 0xBD, 0xE8, 0xB0, 0x8D, 0x14, 0x02
	.byte 0x10, 0x40, 0x2D, 0xE9, 0x00, 0x40, 0xA0, 0xE1, 0x0C, 0x10, 0x94, 0xE5, 0x00, 0x00, 0x51, 0xE3
	.byte 0x00, 0x00, 0x00, 0x0A, 0x31, 0xFF, 0x2F, 0xE1, 0x00, 0x00, 0x94, 0xE5, 0x01, 0x00, 0x80, 0xE2
	.byte 0x00, 0x00, 0x84, 0xE5, 0x10, 0x80, 0xBD, 0xE8, 0x10, 0x40, 0x2D, 0xE9, 0x00, 0x40, 0xA0, 0xE1
	.byte 0x10, 0x10, 0x94, 0xE5, 0x00, 0x00, 0x51, 0xE3, 0x00, 0x00, 0x00, 0x0A, 0x31, 0xFF, 0x2F, 0xE1
	.byte 0x08, 0x00, 0x94, 0xE5, 0x20, 0x00, 0x80, 0xE3, 0x08, 0x00, 0x84, 0xE5, 0x10, 0x80, 0xBD, 0xE8
	.byte 0x70, 0x40, 0x2D, 0xE9, 0x00, 0x60, 0xA0, 0xE1, 0x08, 0x00, 0x96, 0xE5, 0x02, 0x0C, 0x10, 0xE3
	.byte 0x55, 0x00, 0x00, 0x1A, 0x00, 0x10, 0x96, 0xE5, 0x61, 0x0F, 0x86, 0xE2, 0x01, 0x40, 0xD1, 0xE5
	.byte 0xAC, 0x40, 0xC6, 0xE5, 0x08, 0x10, 0x96, 0xE5, 0x04, 0x10, 0x81, 0xE3, 0x08, 0x10, 0x86, 0xE5
	.byte 0xB8, 0x00, 0x86, 0xE5, 0x14, 0x00, 0x96, 0xE5, 0x00, 0x00, 0x50, 0xE3, 0x8E, 0x50, 0xD6, 0x15
	.byte 0x00, 0x50, 0xA0, 0x03, 0x01, 0x00, 0x55, 0xE3, 0x0C, 0x00, 0x00, 0x1A, 0x08, 0x10, 0x96, 0xE5
	.byte 0x06, 0x00, 0xA0, 0xE1, 0x40, 0x10, 0xC1, 0xE3, 0x08, 0x10, 0x86, 0xE5, 0x14, 0x10, 0x96, 0xE5
	.byte 0x31, 0xFF
_0206B832:
	b _0206BA94
_0206B834:
	.byte 0x14, 0x00, 0x96, 0xE5, 0x00, 0x00, 0x50, 0xE3, 0x8E, 0x50, 0xD6, 0x15
	.byte 0x08, 0x00, 0x96, 0xE5, 0x00, 0x50, 0xA0, 0x03, 0x40, 0x00, 0x00, 0xE2, 0x00, 0x00, 0x00, 0xEA
	.byte 0x00, 0x00, 0xA0, 0xE3, 0x00, 0x00, 0x50, 0xE3, 0x15, 0x00, 0x00, 0x1A, 0x04, 0xC0, 0x96, 0xE5
	.byte 0x18, 0x10, 0x9C, 0xE5, 0x00, 0x00, 0x51, 0xE3, 0x0C, 0x00, 0x00, 0x0A, 0xA4, 0x02, 0xA0, 0xE1
	.byte 0x00, 0x01, 0x8C, 0xE0, 0x4C, 0x00, 0x90, 0xE5, 0x1F, 0x20, 0x04, 0xE2, 0x01, 0x30, 0xA0, 0xE3
	.byte 0x13, 0x02, 0x10, 0xE1, 0x05, 0x00, 0x00, 0x0A, 0xB8, 0x00, 0x96, 0xE5, 0x1C, 0x30, 0x9C, 0xE5
	.byte 0x04, 0x20, 0xA0, 0xE1, 0x33, 0xFF, 0x2F, 0xE1, 0x00, 0x00, 0x50, 0xE3, 0x04, 0x00, 0x00, 0x1A
	.byte 0x00, 0x10, 0x96, 0xE5, 0xB8, 0x00, 0x96, 0xE5, 0x02, 0x10, 0xD1, 0xE5, 0x01, 0x10, 0x01, 0xE2
	.byte 0x00, 0x10, 0x80, 0xE5, 0x02, 0x00, 0x55, 0xE3, 0x0C, 0x00, 0x00, 0x1A, 0x08, 0x10, 0x96, 0xE5
	.byte 0x06, 0x00, 0xA0, 0xE1, 0x40, 0x10, 0xC1, 0xE3, 0x08, 0x10, 0x86, 0xE5, 0x14, 0x10, 0x96, 0xE5
	.byte 0x31, 0xFF, 0x2F, 0xE1, 0x14, 0x00, 0x96, 0xE5, 0x00, 0x00, 0x50, 0xE3, 0x8E, 0x50, 0xD6, 0x15
	.byte 0x08, 0x00, 0x96, 0xE5, 0x00, 0x50, 0xA0, 0x03, 0x40, 0x00, 0x00, 0xE2, 0x00, 0x00, 0x00, 0xEA
	.byte 0x00, 0x00, 0xA0, 0xE3, 0x00, 0x00, 0x50, 0xE3, 0x07, 0x00, 0x00, 0x1A, 0xB8, 0x00, 0x96, 0xE5
	.byte 0x00, 0x00, 0x90, 0xE5, 0x00, 0x00, 0x50, 0xE3, 0x08, 0x00, 0x96, 0xE5, 0x01, 0x00, 0x80, 0x13
	.byte 0x08, 0x00, 0x86, 0x15, 0x01, 0x00, 0xC0, 0x03, 0x08, 0x00, 0x86, 0x05, 0x03, 0x00, 0x55, 0xE3
	.byte 0x05, 0x00, 0x00, 0x1A, 0x08, 0x10, 0x96, 0xE5, 0x06, 0x00, 0xA0, 0xE1, 0x40, 0x10, 0xC1, 0xE3
	.byte 0x08, 0x10, 0x86, 0xE5, 0x14, 0x10, 0x96, 0xE5, 0x31, 0xFF, 0x2F, 0xE1, 0x00, 0x00, 0x96, 0xE5
	.byte 0x03, 0x00, 0x80, 0xE2, 0x00, 0x00, 0x86, 0xE5, 0x70, 0x80, 0xBD, 0xE8, 0x38, 0x40, 0x2D, 0xE9
	.byte 0x00, 0x40, 0xA0, 0xE1, 0x08, 0x00, 0x94, 0xE5, 0x02, 0x0C, 0x10, 0xE3, 0x29, 0x00, 0x00, 0x1A
	.byte 0x01, 0x00, 0x10, 0xE3, 0x27, 0x00, 0x00, 0x0A, 0x18, 0x00, 0x94, 0xE5, 0x00, 0x00, 0x50, 0xE3
	.byte 0x8F, 0x50, 0xD4, 0x15, 0x00, 0x50, 0xA0, 0x03, 0x01, 0x00, 0x55, 0xE3, 0x0C, 0x00, 0x00, 0x1A
	.byte 0x08, 0x10, 0x94, 0xE5, 0x04, 0x00, 0xA0, 0xE1, 0x40, 0x10, 0xC1, 0xE3, 0x08, 0x10, 0x84, 0xE5
	.byte 0x18, 0x10, 0x94, 0xE5, 0x31, 0xFF, 0x2F, 0xE1, 0x18, 0x00, 0x94, 0xE5, 0x00, 0x00, 0x50, 0xE3
	.byte 0x8F, 0x50, 0xD4, 0x15, 0x08, 0x00, 0x94, 0xE5, 0x00, 0x50, 0xA0, 0x03, 0x40, 0x00, 0x00, 0xE2
	.byte 0x00, 0x00, 0x00, 0xEA, 0x00, 0x00, 0xA0, 0xE3, 0x00, 0x00, 0x50, 0xE3, 0x09, 0x00, 0x00, 0x1A
	.byte 0x00, 0x00, 0x94, 0xE5, 0x01, 0x00, 0xD0, 0xE5, 0x00, 0x00, 0x8D, 0xE5, 0x08, 0x00, 0x94, 0xE5
	.byte 0x01, 0x0C, 0x10, 0xE3, 0x03, 0x00, 0x00, 0x1A, 0x00, 0x10, 0x8D, 0xE2, 0x14, 0x00, 0xA0, 0xE3
	.byte 0x01, 0x20, 0xA0, 0xE3, 0xEE, 0x08, 0x00, 0xEB, 0x03, 0x00, 0x55, 0xE3, 0x05, 0x00, 0x00, 0x1A
	.byte 0x08, 0x10, 0x94, 0xE5, 0x04, 0x00, 0xA0, 0xE1, 0x40, 0x10, 0xC1, 0xE3, 0x08, 0x10, 0x84, 0xE5
	.byte 0x18, 0x10, 0x94, 0xE5, 0x31, 0xFF, 0x2F, 0xE1, 0x00, 0x00, 0x94, 0xE5, 0x02, 0x00, 0x80, 0xE2
	.byte 0x00, 0x00, 0x84, 0xE5, 0x38, 0x80, 0xBD, 0xE8, 0xF8, 0x41, 0x2D, 0xE9, 0x1C, 0xD0, 0x4D, 0xE2
	.byte 0x00, 0x70, 0xA0, 0xE1, 0x03, 0x50, 0xA0, 0xE1, 0xAD, 0x50, 0xC7, 0xE5, 0x08, 0x30, 0x97, 0xE5
	.byte 0xF4, 0x00, 0x87, 0xE2, 0x08, 0x30, 0x83, 0xE3, 0x08, 0x30, 0x87, 0xE5, 0xB0, 0x00, 0x87, 0xE5
	.byte 0x1C, 0x00, 0x97, 0xE5, 0x01, 0x80, 0xA0, 0xE1, 0x00, 0x00, 0x50, 0xE3, 0x90, 0x40, 0xD7, 0x15
	.byte 0x02, 0x60, 0xA0, 0xE1, 0x00, 0x40, 0xA0, 0x03, 0x01, 0x00, 0x54, 0xE3, 0x0C, 0x00, 0x00, 0x1A
	.byte 0x08, 0x10, 0x97, 0xE5, 0x07, 0x00, 0xA0, 0xE1, 0x40, 0x10, 0xC1, 0xE3, 0x08, 0x10, 0x87, 0xE5
	.byte 0x1C, 0x10, 0x97, 0xE5, 0x31, 0xFF, 0x2F, 0xE1, 0x1C, 0x00, 0x97, 0xE5, 0x00, 0x00, 0x50, 0xE3
	.byte 0x90, 0x40, 0xD7, 0x15, 0x08, 0x00, 0x97, 0xE5, 0x00, 0x40, 0xA0, 0x03, 0x40, 0x00, 0x00, 0xE2
	.byte 0x00, 0x00, 0x00, 0xEA
_0206BA94:
	lsl r0, r0, #0
	b _0206C1DA
_0206BA98:
	.byte 0x00, 0x00, 0x50, 0xE3, 0xB5, 0x00, 0x00, 0x1A
	.byte 0x04, 0x00, 0x97, 0xE5, 0x38, 0x00, 0x90, 0xE5, 0x00, 0x00, 0x50, 0xE3, 0x04, 0x00, 0x00, 0x0A
	.byte 0x08, 0x10, 0x97, 0xE5, 0x80, 0x00, 0x11, 0xE3, 0x38, 0x10, 0xA0, 0x03, 0x95, 0x01, 0x28, 0x00
	.byte 0xAB, 0x00, 0x00, 0x0A, 0x20, 0x00, 0x58, 0xE3, 0x40, 0x00, 0x58, 0x13, 0x0E, 0x00, 0x00, 0x1A
	.byte 0xA5, 0x12, 0xA0, 0xE1, 0x01, 0x11, 0x87, 0xE0, 0xBC, 0x10, 0x91, 0xE5, 0x1F, 0x20, 0x05, 0xE2
	.byte 0x01, 0x30, 0xA0, 0xE3, 0x13, 0x02, 0x11, 0xE1, 0x07, 0x00, 0x00, 0x0A, 0x00, 0x00, 0x50, 0xE3
	.byte 0x38, 0x10, 0xA0, 0x13, 0x95, 0x01, 0x28, 0x10, 0x9D, 0x00, 0x00, 0x1A, 0x88, 0x13, 0x9F, 0xE5
	.byte 0x38, 0x00, 0xA0, 0xE3, 0x95, 0x10, 0x28, 0xE0, 0x99, 0x00, 0x00, 0xEA, 0x00, 0x00, 0x50, 0xE3
	.byte 0x0B, 0x00, 0x00, 0x0A, 0xBC, 0x80, 0x87, 0xE2, 0xA5, 0x32, 0xA0, 0xE1, 0x03, 0x21, 0x98, 0xE7
	.byte 0x1F, 0x00, 0x05, 0xE2, 0x01, 0x10, 0xA0, 0xE3, 0x11, 0x00, 0x82, 0xE1, 0x03, 0x01, 0x88, 0xE7
	.byte 0x04, 0x10, 0x97, 0xE5, 0x38, 0x00, 0xA0, 0xE3, 0x38, 0x10, 0x91, 0xE5, 0x95, 0x10, 0x28, 0xE0
	.byte 0x0C, 0x00, 0x00, 0xEA, 0x40, 0x00, 0x58, 0xE3, 0xF4, 0x80, 0x87, 0x12, 0x09, 0x00, 0x00, 0x1A
	.byte 0xBC, 0xE0, 0x87, 0xE2, 0xA5, 0xC2, 0xA0, 0xE1, 0x2C, 0x13, 0x9F, 0xE5, 0x0C, 0x81, 0x9E, 0xE7
	.byte 0x38, 0x00, 0xA0, 0xE3, 0x1F, 0x20, 0x05, 0xE2, 0x01, 0x30, 0xA0, 0xE3, 0x13, 0x22, 0x88, 0xE1
	.byte 0x95, 0x10, 0x28, 0xE0, 0x0C, 0x21, 0x8E, 0xE7, 0x00, 0x00, 0xA0, 0xE3, 0x00, 0x00, 0x88, 0xE5
	.byte 0xD8, 0x30, 0x97, 0xE5, 0x00, 0x00, 0x53, 0xE3, 0x0F, 0x00, 0x00, 0x0A, 0x04, 0x20, 0x93, 0xE2
	.byte 0x08, 0x00, 0x00, 0x0A, 0x05, 0x00, 0xD3, 0xE5, 0x00, 0x00, 0x55, 0xE1, 0x05, 0x00, 0x00, 0x2A
	.byte 0xBA, 0x10, 0xD3, 0xE1, 0xB1, 0x00, 0x92, 0xE1, 0x01, 0x10, 0x82, 0xE0, 0x04, 0x10, 0x81, 0xE2
	.byte 0x90, 0x15, 0x21, 0xE0, 0x00, 0x00, 0x00, 0xEA, 0x00, 0x10, 0xA0, 0xE3, 0x00, 0x00, 0x51, 0xE3
	.byte 0x00, 0x00, 0x91, 0x15, 0x00, 0x00, 0x83, 0x10, 0x00, 0x00, 0x00, 0x1A, 0x00, 0x00, 0xA0, 0xE3
	.byte 0xBE, 0x01, 0xD0, 0xE1, 0xB4, 0x12, 0x9F, 0xE5, 0x20, 0x00, 0x10, 0xE3, 0x00, 0x00, 0x98, 0x15
	.byte 0x20, 0x00, 0x80, 0x13, 0x00, 0x00, 0x88, 0x15, 0xBE, 0x21, 0xD6, 0xE1, 0xA0, 0x02, 0x9F, 0xE5
	.byte 0x94, 0xC0, 0x91, 0xE5, 0x42, 0x23, 0xA0, 0xE1, 0x07, 0x20, 0x02, 0xE2, 0x02, 0xE1, 0x90, 0xE7
	.byte 0x04, 0x20, 0x96, 0xE5, 0x0E, 0x30, 0xE0, 0xE1, 0x03, 0x30, 0x0C, 0xE0, 0x0E, 0x20, 0x02, 0xE0
	.byte 0x02, 0x20, 0x83, 0xE1, 0x04, 0x20, 0x88, 0xE5, 0xBE, 0xC1, 0xD6, 0xE1, 0x98, 0x30, 0x91, 0xE5
	.byte 0x08, 0x20, 0x96, 0xE5, 0xCC, 0xC4, 0xA0, 0xE1, 0x07, 0xC0, 0x0C, 0xE2, 0x0C, 0xC1, 0x90, 0xE7
	.byte 0x0C, 0x00, 0xE0, 0xE1, 0x00, 0x30, 0x03, 0xE0, 0x0C, 0x00, 0x02, 0xE0, 0x00, 0x00, 0x83, 0xE1
	.byte 0x08, 0x00, 0x88, 0xE5, 0x10, 0x30, 0x96, 0xE5, 0x0C, 0x00, 0x96, 0xE5, 0x9C, 0x20, 0x91, 0xE5
	.byte 0x03, 0x10, 0xE0, 0xE1, 0x01, 0x10
_0206BC56:
	b _0206BC5E
_0206BC58:
	.byte 0x03, 0x00, 0x00, 0xE0, 0x00, 0x00
_0206BC5E:
	b _0206BF64
_0206BC60:
	.byte 0x0C, 0x00, 0x88, 0xE5, 0x14, 0x00, 0x96, 0xE5, 0x10, 0x00, 0x88, 0xE5, 0xBC, 0x01, 0xD6, 0xE1
	.byte 0x14, 0x00, 0x88, 0xE5, 0xBE, 0x01, 0xD6, 0xE1, 0x01, 0x00, 0x10, 0xE3, 0x22, 0x00, 0x00, 0x0A
	.byte 0x02, 0x00, 0x10, 0xE3, 0x00, 0x10, 0x98, 0x15, 0x2C, 0x00, 0x86, 0xE2, 0x01, 0x10, 0x81, 0x13
	.byte 0x00, 0x10, 0x88, 0x15, 0x04, 0x00, 0x00, 0x1A, 0x00, 0x10, 0x90, 0xE5, 0x18, 0x10, 0x88, 0xE5
	.byte 0x04, 0x10, 0x90, 0xE5, 0x08, 0x00, 0x80, 0xE2, 0x1C, 0x10, 0x88, 0xE5, 0xBE, 0x11, 0xD6, 0xE1
	.byte 0x04, 0x00, 0x11, 0xE3, 0x00, 0x10, 0x98, 0x15, 0x02, 0x10, 0x81, 0x13, 0x00, 0x10, 0x88, 0x15
	.byte 0x04, 0x00, 0x00, 0x1A, 0xF0, 0x10, 0xD0, 0xE1, 0xB0, 0x12, 0xC8, 0xE1, 0xF2, 0x10, 0xD0, 0xE1
	.byte 0x04, 0x00, 0x80, 0xE2, 0xB2, 0x12, 0xC8, 0xE1, 0xBE, 0x11, 0xD6, 0xE1, 0x08, 0x00, 0x11, 0xE3
	.byte 0x00, 0x00, 0x98, 0x15, 0x04, 0x00, 0x80, 0x13, 0x00, 0x00, 0x88, 0x15, 0x03, 0x00, 0x00, 0x1A
	.byte 0x00, 0x10, 0x90, 0xE5, 0x24, 0x10, 0x88, 0xE5, 0x04, 0x00, 0x90, 0xE5, 0x28, 0x00, 0x88, 0xE5
	.byte 0x00, 0x00, 0x98, 0xE5, 0x08, 0x00, 0x80, 0xE3, 0x00, 0x00, 0x88, 0xE5, 0x04, 0xC0, 0x97, 0xE5
	.byte 0x08, 0x10, 0x9C, 0xE5, 0x00, 0x00, 0x51, 0xE3, 0x0A, 0x00, 0x00, 0x0A, 0xA5, 0x02, 0xA0, 0xE1
	.byte 0x00, 0x01, 0x8C, 0xE0, 0x3C, 0x00, 0x90, 0xE5, 0x1F, 0x20, 0x05, 0xE2, 0x01, 0x30, 0xA0, 0xE3
	.byte 0x13, 0x02, 0x10, 0xE1, 0x03, 0x00, 0x00, 0x0A, 0x0C, 0x30, 0x9C, 0xE5, 0x08, 0x00, 0xA0, 0xE1
	.byte 0x05, 0x20, 0xA0, 0xE1, 0x33, 0xFF, 0x2F, 0xE1, 0x00, 0x00, 0x98, 0xE5, 0x18, 0x00, 0x10, 0xE3
	.byte 0x07, 0x00, 0x00, 0x0A, 0xB0, 0x02, 0xD6, 0xE1, 0xBC, 0x02, 0xC8, 0xE1, 0xB2, 0x02, 0xD6, 0xE1
	.byte 0xBE, 0x02, 0xC8, 0xE1, 0x24, 0x00, 0x96, 0xE5, 0x30, 0x00, 0x88, 0xE5, 0x28, 0x00, 0x96, 0xE5
	.byte 0x34, 0x00, 0x88, 0xE5, 0xB0, 0x80, 0x87, 0xE5, 0x02, 0x00, 0x54, 0xE3, 0x0C, 0x00, 0x00, 0x1A
	.byte 0x08, 0x10, 0x97, 0xE5, 0x07, 0x00, 0xA0, 0xE1, 0x40, 0x10, 0xC1, 0xE3, 0x08, 0x10, 0x87, 0xE5
	.byte 0x1C, 0x10, 0x97, 0xE5, 0x31, 0xFF, 0x2F, 0xE1, 0x1C, 0x00, 0x97, 0xE5, 0x00, 0x00, 0x50, 0xE3
	.byte 0x90, 0x40, 0xD7, 0x15, 0x08, 0x00, 0x97, 0xE5, 0x00, 0x40, 0xA0, 0x03, 0x40, 0x00, 0x00, 0xE2
	.byte 0x00, 0x00, 0x00, 0xEA, 0x00, 0x00, 0xA0, 0xE3, 0x00, 0x00, 0x50, 0xE3, 0x27, 0x00, 0x00, 0x1A
	.byte 0xB0, 0x50, 0x97, 0xE5, 0x0C, 0x10, 0x95, 0xE5, 0x1F, 0x08, 0x11, 0xE3, 0x20, 0x00, 0x00, 0x0A
	.byte 0x00, 0x00, 0x95, 0xE5, 0x20, 0x00, 0x10, 0xE3, 0x1F, 0x08, 0xC1, 0x13, 0x0C, 0x00, 0x85, 0x15
	.byte 0x08, 0x00, 0x97, 0xE5, 0x02, 0x00, 0xC0, 0xE3, 0x08, 0x00, 0x87, 0xE5, 0x01, 0x0C, 0x10, 0xE3
	.byte 0x1A, 0x00, 0x00, 0x1A, 0x9C, 0x00, 0x9F, 0xE5, 0x9C, 0x30, 0x9F, 0xE5, 0x00, 0x00, 0x8D, 0xE5
	.byte 0x04, 0x20, 0x95, 0xE5, 0x04, 0x10, 0x8D, 0xE2, 0x04, 0x20, 0x8D, 0xE5, 0x08, 0x60, 0x95, 0xE5
	.byte 0x06, 0x20, 0xA0, 0xE3, 0x08, 0x60, 0x8D, 0xE5, 0x0C, 0x60, 0x95, 0xE5, 0x0C, 0x60, 0x8D, 0xE5
	.byte 0x10, 0x30, 0x8D, 0xE5, 0x10, 0x30, 0x95, 0xE5, 0x14, 0x30, 0x8D, 0xE5, 0x14, 0x30, 0x95, 0xE5
	.byte 0x18, 0x30, 0x8D, 0xE5, 0xDA, 0x07, 0x00, 0xEB, 0x00, 0x00, 0x95, 0xE5, 0x18, 0x00, 0x10, 0xE3
	.byte 0x06, 0x00, 0x00, 0x0A, 0xF0, 0x10, 0x97, 0xE5, 0x05, 0x00, 0xA0, 0xE1, 0x31, 0xFF, 0x2F, 0xE1
	.byte 0x02, 0x00, 0x00, 0xEA, 0x08, 0x00, 0x97, 0xE5, 0x02, 0x00, 0x80, 0xE3, 0x08, 0x00, 0x87, 0xE5
	.byte 0x03, 0x00, 0x54, 0xE3, 0x1C, 0xD0, 0x8D, 0x12, 0xF8, 0x81, 0xBD, 0x18, 0x08, 0x10, 0x97, 0xE5
	.byte 0x07, 0x00, 0xA0, 0xE1, 0x40, 0x10, 0xC1, 0xE3, 0x08, 0x10, 0x87, 0xE5, 0x1C, 0x10, 0x97, 0xE5
	.byte 0x31, 0xFF, 0x2F, 0xE1, 0x1C, 0xD0, 0x8D, 0xE2, 0xF8, 0x81, 0xBD, 0xE8, 0xB4, 0x8D, 0x14, 0x02
	.byte 0x4C, 0x8B, 0x14, 0x02, 0x54, 0x19, 0x0A, 0x02, 0x30, 0x31, 0x29, 0x00, 0x2A, 0x2B, 0x00, 0x00
	.byte 0x10, 0x40, 0x2D, 0xE9, 0x00, 0x40, 0xA0, 0xE1, 0x08, 0x20, 0x94, 0xE5, 0x02, 0x0C, 0x12, 0xE3
	.byte 0x21, 0x00, 0x00, 0x1A, 0x00, 0x00, 0x94, 0xE5, 0x01, 0x00, 0x12, 0xE3, 0x01, 0x30, 0xD0, 0xE5
	.byte 0x04, 0x00, 0x00, 0x1A, 0x08, 0x00, 0x12, 0xE3, 0x02, 0x00, 0x00, 0x0A, 0xAD, 0x00, 0xD4, 0xE5
	.byte 0x00, 0x00, 0x53, 0xE1, 0x18, 0x00, 0x00, 0x0A, 0xD8, 0xE0, 0x94, 0xE5, 0x00, 0x00, 0x5E, 0xE3
	.byte 0x0F, 0x00, 0x00, 0x0A, 0x04, 0xC0, 0x9E, 0xE2, 0x08, 0x00, 0x00, 0x0A, 0x05, 0x00, 0xDE, 0xE5
	.byte 0x00, 0x00, 0x53, 0xE1, 0x05, 0x00, 0x00, 0x2A, 0xBA, 0x20, 0xDE, 0xE1, 0xB2, 0x00, 0x9C, 0xE1
	.byte 0x02, 0x20, 0x8C, 0xE0, 0x04, 0x20, 0x82, 0xE2, 0x90, 0x23, 0x22, 0xE0, 0x00, 0x00, 0x00, 0xEA
	.byte 0x00, 0x20, 0xA0, 0xE3, 0x00, 0x00, 0x52, 0xE3, 0x00, 0x00, 0x92, 0x15, 0x00, 0x20, 0x8E, 0x10
	.byte 0x00, 0x00, 0x00, 0x1A, 0x00, 0x20, 0xA0, 0xE3, 0xB0, 0xE0, 0xD2, 0xE1, 0x18, 0xC0, 0x9F, 0xE5
	.byte 0x04, 0x00, 0xA0, 0xE1, 0x0E, 0xC1, 0x9C, 0xE7, 0x3C, 0xFF, 0x2F, 0xE1, 0x00, 0x00, 0x94, 0xE5
	.byte 0x02, 0x00, 0x80, 0xE2, 0x00, 0x00, 0x84, 0xE5, 0x10, 0x80, 0xBD, 0xE8, 0xC8, 0x82, 0x0A, 0x02
	.byte 0x70, 0x40, 0x2D, 0xE9, 0x00, 0x50, 0xA0, 0xE1, 0x20, 0x00, 0x95, 0xE5, 0x02, 0x40, 0xA0, 0xE1
	.byte 0x00, 0x00, 0x50, 0xE3
_0206BF64:
	str r1, [r2, #8]
	asr r5, r2, #0x17
	str r0, [r0]
	lsl r0, r4, #0xe
	lsl r1, r0, #0
	b _0206C61E
_0206BF70:
	.byte 0x0C, 0x00, 0x00, 0x1A, 0x08, 0x10, 0x95, 0xE5, 0x05, 0x00, 0xA0, 0xE1, 0x40, 0x10, 0xC1, 0xE3
	.byte 0x08, 0x10, 0x85, 0xE5, 0x20, 0x10, 0x95, 0xE5, 0x31, 0xFF, 0x2F, 0xE1, 0x20, 0x00, 0x95, 0xE5
	.byte 0x00, 0x00, 0x50, 0xE3, 0x91, 0x60, 0xD5, 0x15, 0x08, 0x00, 0x95, 0xE5, 0x00, 0x60, 0xA0, 0x03
	.byte 0x40, 0x00, 0x00, 0xE2, 0x00, 0x00, 0x00, 0xEA, 0x00, 0x00, 0xA0, 0xE3, 0x00, 0x00, 0x50, 0xE3
	.byte 0x06, 0x00, 0x00, 0x1A, 0x08, 0x00, 0x95, 0xE5, 0x01, 0x0C, 0x10, 0xE3, 0x03, 0x00, 0x00, 0x1A
	.byte 0x08, 0x00, 0x94, 0xE5, 0x0C, 0x10, 0x94, 0xE5, 0x00, 0x00, 0x84, 0xE0, 0x0B, 0x07, 0x00, 0xEB
	.byte 0x02, 0x00, 0x56, 0xE3, 0x09, 0x00, 0x00, 0x1A, 0x08, 0x10, 0x95, 0xE5, 0x05, 0x00, 0xA0, 0xE1
	.byte 0x40, 0x10, 0xC1, 0xE3, 0x08, 0x10, 0x85, 0xE5, 0x20, 0x10, 0x95, 0xE5, 0x31, 0xFF, 0x2F, 0xE1
	.byte 0x20, 0x00, 0x95, 0xE5, 0x00, 0x00, 0x50, 0xE3, 0x91, 0x60, 0xD5, 0x15, 0x00, 0x60, 0xA0, 0x03
	.byte 0x03, 0x00, 0x56, 0xE3, 0x70, 0x80, 0xBD, 0x18, 0x08, 0x10, 0x95, 0xE5, 0x05, 0x00, 0xA0, 0xE1
	.byte 0x40, 0x10, 0xC1, 0xE3, 0x08, 0x10, 0x85, 0xE5, 0x20, 0x10, 0x95, 0xE5, 0x31, 0xFF, 0x2F, 0xE1
	.byte 0x70, 0x80, 0xBD, 0xE8, 0x10, 0x40, 0x2D, 0xE9, 0x00, 0x40, 0xA0, 0xE1, 0x08, 0x00, 0x94, 0xE5
	.byte 0x02, 0x0C, 0x10, 0xE3, 0x1D, 0x00, 0x00, 0x1A, 0x01, 0x00, 0x10, 0xE3, 0x1B, 0x00, 0x00, 0x0A
	.byte 0x02, 0x00, 0x10, 0xE3, 0x19, 0x00, 0x00, 0x1A, 0x00, 0x00, 0x94, 0xE5, 0xDC, 0xC0, 0x94, 0xE5
	.byte 0x01, 0x30, 0xD0, 0xE5, 0x00, 0x00, 0x5C, 0xE3, 0x0E, 0x00, 0x00, 0x0A, 0x08, 0x00, 0x00, 0x0A
	.byte 0x01, 0x00, 0xDC, 0xE5, 0x00, 0x00, 0x53, 0xE1, 0x05, 0x00, 0x00, 0x2A, 0xB6, 0x20, 0xDC, 0xE1
	.byte 0xB2, 0x00, 0x9C, 0xE1, 0x02, 0x20, 0x8C, 0xE0, 0x04, 0x20, 0x82, 0xE2, 0x90, 0x23, 0x22, 0xE0
	.byte 0x00, 0x00, 0x00, 0xEA, 0x00, 0x20, 0xA0, 0xE3, 0x00, 0x00, 0x52, 0xE3, 0x00, 0x00, 0x92, 0x15
	.byte 0x00, 0x20, 0x8C, 0x10, 0x00, 0x00, 0x00, 0x1A, 0x00, 0x20, 0xA0, 0xE3, 0xB0, 0xE0, 0xD2, 0xE1
	.byte 0x18, 0xC0, 0x9F, 0xE5, 0x04, 0x00, 0xA0, 0xE1, 0x0E, 0xC1, 0x9C, 0xE7, 0x3C, 0xFF, 0x2F, 0xE1
	.byte 0x00, 0x00, 0x94, 0xE5, 0x02, 0x00, 0x80, 0xE2, 0x00, 0x00, 0x84, 0xE5, 0x10, 0x80, 0xBD, 0xE8
	.byte 0xD8, 0x82, 0x0A, 0x02, 0xF0, 0x4F, 0x2D, 0xE9, 0x14, 0xD0, 0x4D, 0xE2, 0x00, 0xA0, 0xA0, 0xE1
	.byte 0x00, 0x00, 0x9A, 0xE5, 0x01, 0x90, 0xA0, 0xE1, 0x01, 0x60, 0xD0, 0xE5, 0x04, 0x40, 0xA0, 0xE3
	.byte 0xAE, 0x60, 0xCA, 0xE5, 0x08, 0x00, 0x9A, 0xE5, 0x10, 0x00, 0x80, 0xE3, 0x08, 0x00, 0x8A, 0xE5
	.byte 0x01, 0x0B, 0x10, 0xE3, 0x14, 0x00, 0x00, 0x0A, 0x40, 0x00, 0x59, 0xE3, 0x60, 0x00, 0x59, 0x13
	.byte 0x01, 0x40, 0x84, 0x02, 0x20, 0x00, 0x59, 0xE3, 0x60, 0x00, 0x59, 0x13, 0x09, 0x00, 0x00, 0x1A
	.byte 0x01, 0x0C, 0x10, 0xE3, 0x01, 0x40, 0x84, 0xE2
_0206C118:
	lsl r6, r0, #0
	sub r0, r0, r0
	lsl r0, r0, #0
	b _0206BC56
_0206C120:
	.byte 0x10, 0x10, 0x8D, 0xE2, 0x04, 0x30, 0xD0, 0xE5, 0x14, 0x00, 0xA0, 0xE3, 0x01, 0x20, 0xA0, 0xE3
	.byte 0x10, 0x30, 0x8D, 0xE5, 0x1A, 0x07, 0x00, 0xEB, 0x00, 0x00, 0x9A, 0xE5, 0x14, 0xD0, 0x8D, 0xE2
	.byte 0x04, 0x00, 0x80, 0xE0, 0x00, 0x00, 0x8A, 0xE5, 0xF0, 0x8F, 0xBD, 0xE8, 0x40, 0x00, 0x59, 0xE3
	.byte 0x60, 0x00, 0x59, 0x13, 0x0D, 0x00, 0x00, 0x1A, 0x00, 0x00, 0x9A, 0xE5, 0x40, 0x00, 0x59, 0xE3
_0206C160:
	lsl r4, r0, #0
	lsl r0, r2, #0x17
	and r1, r0
	b _0206C672
_0206C168:
	.byte 0x0C, 0x00, 0x8D, 0x05, 0x05, 0x00, 0xD0, 0x15
	.byte 0x0C, 0x00, 0x8D, 0x15, 0x08, 0x00, 0x9A, 0xE5, 0x01, 0x0C, 0x10, 0xE3, 0x03, 0x00, 0x00, 0x1A
	.byte 0x0C, 0x10, 0x8D, 0xE2, 0x14, 0x00, 0xA0, 0xE3, 0x01, 0x20, 0xA0, 0xE3, 0x04, 0x07, 0x00, 0xEB
	.byte 0x4B, 0x0F, 0x8A, 0xE2, 0xB4, 0x00, 0x8A, 0xE5, 0x24, 0x00, 0x9A, 0xE5, 0x00, 0x00, 0x50, 0xE3
	.byte 0x92, 0x80, 0xDA, 0x15, 0x00, 0x80, 0xA0, 0x03, 0x01, 0x00, 0x58, 0xE3, 0x0C, 0x00, 0x00, 0x1A
	.byte 0x08, 0x10, 0x9A, 0xE5, 0x0A, 0x00, 0xA0, 0xE1, 0x40, 0x10, 0xC1, 0xE3, 0x08, 0x10, 0x8A, 0xE5
	.byte 0x24, 0x10, 0x9A, 0xE5, 0x31, 0xFF, 0x2F, 0xE1, 0x24, 0x00, 0x9A, 0xE5, 0x00, 0x00, 0x50, 0xE3
	.byte 0x92, 0x80, 0xDA, 0x15, 0x08, 0x00, 0x9A, 0xE5, 0x00, 0x80
_0206C1DA:
	lsl r0, r4, #0xe
	lsl r0, r0, #1
	b _0206C5E2
_0206C1E0:
	.byte 0x00, 0x00, 0x00, 0xEA, 0x00, 0x00, 0xA0, 0xE3, 0x00, 0x00, 0x50, 0xE3, 0x8F, 0x00, 0x00, 0x1A
	.byte 0x04, 0x00, 0x9A, 0xE5, 0x34, 0x10, 0x90, 0xE5, 0x00, 0x00, 0x51, 0xE3, 0x06, 0x00, 0x00, 0x0A
	.byte 0x58, 0x00, 0xA0, 0xE3, 0x96, 0x10, 0x25, 0xE0, 0x08, 0x00, 0x9A, 0xE5, 0x80, 0x00, 0x10, 0xE3
	.byte 0x01, 0x00, 0xA0, 0x03, 0x00, 0x00, 0xA0, 0x13, 0x01, 0x00, 0x00, 0xEA, 0x4B, 0x5F, 0x8A, 0xE2
	.byte 0x00, 0x00, 0xA0, 0xE3, 0x00, 0x00, 0x50, 0xE3, 0x7F, 0x00, 0x00, 0x1A, 0x00, 0x00, 0xA0, 0xE3
	.byte 0x00, 0x00, 0x85, 0xE5, 0x04, 0x00, 0x9A, 0xE5, 0x10, 0x10, 0x90, 0xE5, 0x00, 0x00, 0x51, 0xE3
	.byte 0x05, 0x00, 0x00, 0x0A, 0x14, 0x30, 0x90, 0xE5, 0x05, 0x00, 0xA0, 0xE1, 0x06, 0x20, 0xA0, 0xE1
	.byte 0x33, 0xFF, 0x2F, 0xE1
_0206C254:
	lsl r0, r0, #0
	b _0206C8FA
_0206C258:
	.byte 0x73, 0x00, 0x00, 0x1A, 0xD4, 0x20, 0x9A, 0xE5
	.byte 0x00, 0x00, 0x52, 0xE3, 0x0E, 0x00, 0x00, 0x0A, 0x08, 0x00, 0x00, 0x0A, 0x01, 0x00, 0xD2, 0xE5
	.byte 0x00, 0x00, 0x56, 0xE1, 0x05, 0x00, 0x00, 0x2A, 0xB6, 0x10, 0xD2, 0xE1, 0xB1, 0x00, 0x92, 0xE1
	.byte 0x01, 0x10, 0x82, 0xE0, 0x04, 0x10, 0x81, 0xE2, 0x90, 0x16, 0x21, 0xE0, 0x00, 0x00, 0x00, 0xEA
	.byte 0x00, 0x10, 0xA0, 0xE3, 0x00, 0x00, 0x51, 0xE3, 0x00, 0x00, 0x91, 0x15, 0x00, 0x70, 0x82, 0x10
	.byte 0x00, 0x00, 0x00, 0x1A, 0x00, 0x70, 0xA0, 0xE3, 0xB0, 0x00, 0xD7, 0xE1, 0x04, 0x60, 0x87, 0xE2
	.byte 0x01, 0x00, 0x10, 0xE3, 0x03, 0x00, 0x00, 0x0A, 0x00, 0x00, 0x95, 0xE5, 0x04, 0x00, 0x80, 0xE3
	.byte 0x00, 0x00, 0x85, 0xE5, 0x06, 0x00, 0x00, 0xEA, 0x00, 0x00, 0x96, 0xE5, 0x4C, 0x00, 0x85, 0xE5
	.byte 0x04, 0x00, 0x96, 0xE5, 0x50, 0x00, 0x85, 0xE5, 0x08, 0x00, 0x96, 0xE5, 0x0C, 0x60, 0x86, 0xE2
	.byte 0x54, 0x00, 0x85, 0xE5, 0xB0, 0x00, 0xD7, 0xE1, 0x02, 0x00, 0x10, 0xE3, 0x03, 0x00, 0x00, 0x0A
	.byte 0x00, 0x00, 0x95, 0xE5, 0x02, 0x00, 0x80, 0xE3, 0x00, 0x00, 0x85, 0xE5, 0x44, 0x00, 0x00, 0xEA
	.byte 0x08, 0x00, 0x10, 0xE3, 0x2F, 0x00, 0x00, 0x0A
_0206C308:
	asr r0, r6, #3
	b _0206C70E
_0206C30C:
	.byte 0x41, 0xB2, 0xA0, 0xE1
	.byte 0xF0, 0x10, 0xD6, 0xE1, 0x28, 0x00, 0x85, 0xE2, 0x00, 0x10, 0x8D, 0xE5, 0xF2, 0x10, 0xD6, 0xE1
	.byte 0x04, 0x10, 0x8D, 0xE5, 0x5F, 0x5C, 0x00, 0xFA, 0xB0, 0x00, 0xD7, 0xE1, 0xE0, 0x21, 0x9F, 0xE5
	.byte 0xE0, 0x11, 0x9F, 0xE5, 0x01, 0x0C, 0x10, 0xE3, 0x01, 0x0A, 0xA0, 0xE3, 0x0B, 0x21, 0xD2, 0xE7
	.byte 0x0B, 0x11, 0xD1, 0xE7, 0x00, 0x00, 0x60, 0x12, 0x0B, 0x31, 0x85, 0xE0, 0x28, 0x00, 0x83, 0xE5
	.byte 0x00, 0x00, 0x9D, 0xE5, 0x02, 0x21, 0x85, 0xE0, 0x28, 0x00, 0x82, 0xE5, 0x04, 0x00, 0x9D, 0xE5
	.byte 0x01, 0x11, 0x85, 0xE0, 0x28, 0x00, 0x81, 0xE5, 0xB0, 0x00, 0xD7, 0xE1, 0x02, 0x0C, 0x10, 0xE3
	.byte 0x02, 0x00, 0x00, 0x0A, 0x04, 0x00, 0x9D, 0xE5, 0x00, 0x00, 0x60, 0xE2, 0x04, 0x00, 0x8D, 0xE5
	.byte 0x94, 0x01, 0x9F, 0xE5, 0x0B, 0x01, 0xD0, 0xE7, 0x00, 0x11, 0x85, 0xE0, 0x04, 0x00, 0x9D, 0xE5
	.byte 0x28, 0x00, 0x81, 0xE5, 0xB0, 0x00, 0xD7, 0xE1, 0x01, 0x0B, 0x10, 0xE3, 0x02, 0x00, 0x00, 0x0A
	.byte 0x00, 0x00, 0x9D, 0xE5, 0x00, 0x00, 0x60, 0xE2, 0x00, 0x00, 0x8D, 0xE5, 0x6C, 0x01, 0x9F, 0xE5
	.byte 0x04, 0x60, 0x86, 0xE2, 0x0B, 0x01, 0xD0, 0xE7, 0x00, 0x11, 0x85, 0xE0, 0x00, 0x00, 0x9D, 0xE5
	.byte 0x28, 0x00, 0x81, 0xE5, 0x12, 0x00, 0x00, 0xEA, 0xF2, 0x00, 0xD7, 0xE1, 0x28, 0x00, 0x85, 0xE5
	.byte 0xF0, 0x00, 0xD6, 0xE1, 0x2C, 0x00, 0x85, 0xE5, 0xF2, 0x00, 0xD6, 0xE1, 0x30, 0x00, 0x85, 0xE5
	.byte 0xF4, 0x00, 0xD6, 0xE1, 0x34, 0x00, 0x85, 0xE5, 0xF6, 0x00, 0xD6, 0xE1, 0x38, 0x00, 0x85, 0xE5
	.byte 0xF8, 0x00, 0xD6, 0xE1, 0x3C, 0x00, 0x85, 0xE5, 0xFA, 0x00, 0xD6, 0xE1, 0x40, 0x00, 0x85, 0xE5
	.byte 0xFC, 0x00, 0xD6, 0xE1, 0x44, 0x00, 0x85, 0xE5, 0xFE, 0x00, 0xD6, 0xE1, 0x10, 0x60, 0x86, 0xE2
	.byte 0x48, 0x00, 0x85, 0xE5, 0xB0, 0x30, 0xD7, 0xE1, 0x00, 0x20, 0x9A, 0xE5, 0xE8, 0x70, 0x9A, 0xE5
	.byte 0x05, 0x00, 0xA0, 0xE1, 0x06, 0x10, 0xA0, 0xE1, 0x37, 0xFF, 0x2F, 0xE1, 0xB4, 0x50, 0x8A, 0xE5
	.byte 0x02, 0x00, 0x58, 0xE3, 0x0C, 0x00, 0x00, 0x1A, 0x08, 0x10, 0x9A, 0xE5, 0x0A, 0x00, 0xA0, 0xE1
	.byte 0x40, 0x10, 0xC1, 0xE3, 0x08, 0x10, 0x8A, 0xE5, 0x24, 0x10, 0x9A, 0xE5, 0x31, 0xFF, 0x2F, 0xE1
	.byte 0x24, 0x00, 0x9A, 0xE5, 0x00, 0x00, 0x50, 0xE3, 0x92, 0x80, 0xDA, 0x15, 0x08, 0x00, 0x9A, 0xE5
	.byte 0x00, 0x80, 0xA0, 0x03, 0x40, 0x00, 0x00, 0xE2, 0x00, 0x00, 0x00, 0xEA, 0x00, 0x00, 0xA0, 0xE3
	.byte 0x00, 0x00, 0x50, 0xE3, 0x05, 0x00, 0x00, 0x1A, 0x08, 0x00, 0x9A, 0xE5, 0x01, 0x0C, 0x10, 0xE3
	.byte 0x02, 0x00, 0x00, 0x1A, 0xB4, 0x00, 0x9A, 0xE5, 0xEC, 0x10, 0x9A, 0xE5, 0x31, 0xFF, 0x2F, 0xE1
	.byte 0x00, 0x00, 0xA0, 0xE3, 0xB4, 0x00, 0x8A, 0xE5, 0x03, 0x00, 0x58, 0xE3, 0x07, 0x00, 0x00, 0x1A
	.byte 0x08, 0x10, 0x9A, 0xE5, 0x0A, 0x00, 0xA0, 0xE1, 0x40, 0x10, 0xC1, 0xE3, 0x08, 0x10, 0x8A, 0xE5
	.byte 0x24, 0x10, 0x9A, 0xE5, 0x31, 0xFF, 0x2F, 0xE1, 0x08, 0x00, 0x9A, 0xE5, 0x40, 0x00, 0x00, 0xE2
	.byte 0x20, 0x00, 0x59, 0xE3, 0x60, 0x00, 0x59, 0x13, 0x0C, 0x00, 0x00, 0x1A, 0x00, 0x00, 0x50, 0xE3
	.byte 0x01, 0x40, 0x84, 0xE2, 0x09, 0x00, 0x00, 0x1A, 0x08, 0x00, 0x9A, 0xE5, 0x01, 0x0C, 0x10, 0xE3
	.byte 0x06, 0x00, 0x00, 0x1A, 0x00, 0x00, 0x9A, 0xE5, 0x08, 0x10, 0x8D, 0xE2, 0x04, 0x30, 0xD0, 0xE5
	.byte 0x13, 0x00, 0xA0, 0xE3, 0x01, 0x20, 0xA0, 0xE3, 0x08, 0x30, 0x8D, 0xE5, 0x28, 0x06, 0x00, 0xEB
	.byte 0x00, 0x00, 0x9A, 0xE5, 0x04, 0x00, 0x80, 0xE0, 0x00, 0x00, 0x8A, 0xE5, 0x14, 0xD0, 0x8D, 0xE2
	.byte 0xF0, 0x8F, 0xBD, 0xE8, 0x74, 0x19, 0x0A, 0x02, 0x75, 0x19, 0x0A, 0x02, 0x76, 0x19, 0x0A, 0x02
	.byte 0x77, 0x19, 0x0A, 0x02, 0xF0, 0x47, 0x2D, 0xE9, 0xC8, 0xD0, 0x4D, 0xE2, 0x00, 0x90, 0xA0, 0xE1
	.byte 0x08, 0x00, 0x99, 0xE5, 0x01, 0x80, 0xA0, 0xE1, 0x02, 0x0C, 0x10, 0xE3, 0x02, 0x40, 0xA0, 0xE3
	.byte 0xB8, 0x52, 0x9F, 0xE5, 0xB8, 0x62, 0x9F, 0xE5, 0x0A, 0x00, 0x00, 0x0A, 0x40, 0x00, 0x58, 0xE3
	.byte 0x60, 0x00, 0x58, 0x13, 0x01, 0x40, 0x84, 0x02, 0x20, 0x00, 0x58, 0xE3, 0x60, 0x00, 0x58, 0x13
	.byte 0x00, 0x00, 0x99, 0xE5, 0x01, 0x40, 0x84, 0x02, 0x04, 0x00, 0x80, 0xE0, 0xC8, 0xD0, 0x8D, 0xE2
	.byte 0x00, 0x00, 0x89, 0xE5, 0xF0, 0x87, 0xBD, 0xE8, 0x40, 0x00, 0x58, 0xE3, 0x60, 0x00, 0x58, 0x13
	.byte 0x0C, 0x00, 0x00, 0x1A, 0x01, 0x0C, 0x10, 0xE3, 0x01, 0x40, 0x84, 0xE2, 0x09, 0x00, 0x00, 0x1A
	.byte 0x00, 0x00, 0x99, 0xE5, 0x40, 0x00, 0x58, 0xE3, 0x02, 0x00, 0xD0, 0x05, 0x04, 0x10, 0x8D, 0xE2
	.byte 0x01, 0x20, 0xA0, 0xE3, 0x04, 0x00, 0x8D, 0x05, 0x03, 0x00, 0xD0, 0x15, 0x04, 0x00, 0x8D, 0x15
	.byte 0x14, 0x00, 0xA0, 0xE3, 0xFA, 0x05, 0x00, 0xEB, 0x28, 0x00, 0x99, 0xE5, 0x00, 0x00, 0x50, 0xE3
	.byte 0x93, 0x70, 0xD9, 0x15, 0x00, 0x70, 0xA0, 0x03, 0x01, 0x00, 0x57, 0xE3, 0x0C, 0x00, 0x00, 0x1A
	.byte 0x08, 0x10, 0x99, 0xE5, 0x09, 0x00, 0xA0, 0xE1, 0x40, 0x10, 0xC1, 0xE3, 0x08, 0x10, 0x89, 0xE5
	.byte 0x28, 0x10
_0206C5E2:
	b _0206C118
_0206C5E4:
	.byte 0x31, 0xFF, 0x2F, 0xE1, 0x28, 0x00, 0x99, 0xE5, 0x00, 0x00, 0x50, 0xE3
	.byte 0x93, 0x70, 0xD9, 0x15, 0x08, 0x00, 0x99, 0xE5, 0x00, 0x70, 0xA0, 0x03, 0x40, 0x10, 0x00, 0xE2
	.byte 0x00, 0x00, 0x00, 0xEA, 0x00, 0x10, 0xA0, 0xE3, 0x08, 0x00, 0x99, 0xE5, 0x01, 0x0C, 0x10, 0xE3
	.byte 0x00, 0x00, 0x51, 0x03, 0x59, 0x00, 0x00, 0x1A, 0x58, 0x05, 0x00, 0xEB, 0xE4, 0x21
_0206C61E:
	b _0206C160
_0206C620:
	.byte 0xE4, 0x11, 0x9F, 0xE5, 0x00, 0x00, 0xA0, 0xE3, 0x00, 0x20, 0x81, 0xE5, 0x00, 0x00, 0x81, 0xE5
	.byte 0x00, 0x00, 0x81, 0xE5, 0x88, 0xA0, 0x8D, 0xE2, 0x0A, 0x00, 0xA0, 0xE1, 0x95, 0x45, 0x00, 0xEB
	.byte 0x00, 0x00, 0x50, 0xE3, 0xFB, 0xFF, 0xFF, 0x1A, 0xC0, 0x01, 0x9F, 0xE5, 0xFC, 0x00, 0x90, 0xE5
	.byte 0x01, 0x00, 0x10, 0xE3, 0x07, 0x00, 0x00, 0x0A, 0xD7, 0xF9, 0xFF, 0xEB, 0x48, 0x10, 0x8D, 0xE2
	.byte 0xD6, 0x3B, 0x00, 0xEB, 0x88, 0x00, 0x8D, 0xE2, 0x48, 0x10, 0x8D, 0xE2, 0x00, 0x20, 0xA0, 0xE1
	.byte 0xE7, 0x3D
_0206C672:
	.hword 0xEB00
	lsl r0, r1, #0
	.hword 0xEA00
	lsl r2, r0, #0
	b _0206CC9E
_0206C67C:
	.byte 0x06, 0x00, 0x00, 0x0A
	.byte 0x8C, 0x01, 0x9F, 0xE5, 0x08, 0x10, 0x8D, 0xE2, 0xCC, 0x3B, 0x00, 0xEB, 0x88, 0x00, 0x8D, 0xE2
	.byte 0x08, 0x10, 0x8D, 0xE2, 0x00, 0x20, 0xA0, 0xE1, 0xDD, 0x3D, 0x00, 0xEB, 0xB8, 0x30, 0x9D, 0xE5
	.byte 0xBC, 0x20, 0x9D, 0xE5, 0xC0, 0x10, 0x9D, 0xE5, 0x88, 0x00, 0x8D, 0xE2, 0x00, 0x30, 0x85, 0xE5
	.byte 0x04, 0x20, 0x85, 0xE5, 0x08, 0x10, 0x85, 0xE5, 0x44, 0x41, 0x00, 0xEB, 0x00, 0x00, 0x86, 0xE5
	.byte 0x98, 0x00, 0x8D, 0xE2, 0x41, 0x41, 0x00, 0xEB, 0x04, 0x00, 0x86, 0xE5, 0xA8, 0x00, 0x8D, 0xE2
	.byte 0x3E, 0x41, 0x00, 0xEB, 0x34, 0x11, 0x9F, 0xE5, 0x08, 0x00, 0x86, 0xE5, 0xFC, 0x00, 0x91, 0xE5
	.byte 0x24, 0x11, 0x9F, 0xE5, 0x01, 0x00, 0x10, 0xE3, 0x0F, 0x00, 0x00, 0x0A, 0x24, 0x31, 0x9F, 0xE5
	.byte 0x24, 0x01, 0x9F, 0xE5, 0x08, 0x20, 0xA0, 0xE3, 0x00, 0x30, 0x81, 0xE5, 0xE9, 0x58, 0x00, 0xEB
	.byte 0xBB, 0xF9, 0xFF, 0xEB, 0x00, 0x11, 0x9F, 0xE5, 0x30, 0x20, 0xA0, 0xE3, 0xE5, 0x58
_0206C70E:
	.hword 0xEB00
	mov r1, #8
	b _0206C254
_0206C714:
	.byte 0xF0, 0x10, 0x9F, 0xE5, 0x04, 0x01, 0x9F, 0xE5, 0x00, 0x20, 0x81, 0xE5
	.byte 0x3C, 0x20, 0xA0, 0xE3, 0xDF, 0x58, 0x00, 0xEB, 0x14, 0x00, 0x00, 0xEA, 0x02, 0x00, 0x10, 0xE3
	.byte 0x0F, 0x00, 0x00, 0x0A, 0xDC, 0x30, 0x9F, 0xE5, 0xDC, 0x00, 0x9F, 0xE5, 0x08, 0x20, 0xA0, 0xE3
	.byte 0x00, 0x30, 0x81, 0xE5, 0xD7, 0x58, 0x00, 0xEB, 0xE1, 0xF8, 0xFF, 0xEB, 0xB8, 0x10, 0x9F, 0xE5
	.byte 0x30, 0x20, 0xA0, 0xE3, 0xD3, 0x58, 0x00, 0xEB, 0xC0, 0x20, 0x9F, 0xE5, 0xA8, 0x10, 0x9F, 0xE5
	.byte 0xBC, 0x00, 0x9F, 0xE5, 0x00, 0x20, 0x81, 0xE5, 0x3C, 0x20, 0xA0, 0xE3, 0xCD, 0x58, 0x00, 0xEB
	.byte 0x02, 0x00, 0x00, 0xEA, 0xAC, 0x00, 0x9F, 0xE5, 0x48, 0x20, 0xA0, 0xE3, 0xC9, 0x58, 0x00, 0xEB
	.byte 0x03, 0x00, 0x57, 0xE3, 0x00, 0x00, 0xA0, 0x13, 0x07, 0x00, 0x00, 0x1A, 0x08, 0x10, 0x99, 0xE5
	.byte 0x09, 0x00, 0xA0, 0xE1, 0x40, 0x10, 0xC1, 0xE3, 0x08, 0x10, 0x89, 0xE5, 0x28, 0x10, 0x99, 0xE5
	.byte 0x31, 0xFF, 0x2F, 0xE1, 0x08, 0x00, 0x99, 0xE5, 0x40, 0x00, 0x00, 0xE2, 0x20, 0x00, 0x58, 0xE3
	.byte 0x60, 0x00, 0x58, 0x13, 0x0C, 0x00, 0x00, 0x1A, 0x00, 0x00, 0x50, 0xE3, 0x01, 0x40, 0x84, 0xE2
	.byte 0x09, 0x00, 0x00, 0x1A, 0x08, 0x00, 0x99, 0xE5, 0x01, 0x0C, 0x10, 0xE3, 0x06, 0x00, 0x00, 0x1A
	.byte 0x00, 0x00
_0206C7D2:
	b _0206C308
_0206C7D4:
	.byte 0x00, 0x10, 0x8D, 0xE2, 0x02, 0x30, 0xD0, 0xE5, 0x13, 0x00, 0xA0, 0xE3
	.byte 0x01, 0x20, 0xA0, 0xE3, 0x00, 0x30, 0x8D, 0xE5, 0x6D, 0x05, 0x00, 0xEB, 0x00, 0x00, 0x99, 0xE5
	.byte 0x04, 0x00, 0x80, 0xE0, 0x00, 0x00, 0x89, 0xE5, 0xC8, 0xD0, 0x8D, 0xE2, 0xF0, 0x87, 0xBD, 0xE8
	.byte 0x58, 0x83, 0x0A, 0x02, 0x64, 0x83, 0x0A, 0x02, 0x10, 0x11, 0x15, 0x00, 0x00, 0x04, 0x00, 0x04
	.byte 0x4C, 0x8B, 0x14, 0x02, 0x98, 0x8B, 0x14, 0x02, 0x12, 0x10, 0x17, 0x00, 0x2C, 0x83, 0x0A, 0x02
	.byte 0x19, 0x1B, 0x00, 0x00, 0x34, 0x83, 0x0A, 0x02, 0x28, 0x83, 0x0A, 0x02, 0xF8, 0x4F, 0x2D, 0xE9
	.byte 0xC8, 0xD0, 0x4D, 0xE2, 0x00, 0xA0, 0xA0, 0xE1, 0x08, 0x00, 0x9A, 0xE5, 0x01, 0x90, 0xA0, 0xE1
	.byte 0x02, 0x0C, 0x10, 0xE3, 0x02, 0x50, 0xA0, 0xE3, 0x10, 0xB3, 0x9F, 0xE5, 0x10, 0x63, 0x9F, 0xE5
	.byte 0x10, 0x73, 0x9F, 0xE5, 0x0A, 0x00, 0x00, 0x0A, 0x40, 0x00, 0x59, 0xE3, 0x60, 0x00, 0x59, 0x13
	.byte 0x01, 0x50, 0x85, 0x02, 0x20, 0x00, 0x59, 0xE3, 0x60, 0x00, 0x59, 0x13, 0x00, 0x00, 0x9A, 0xE5
	.byte 0x01, 0x50, 0x85, 0x02, 0x05, 0x00, 0x80, 0xE0, 0xC8, 0xD0, 0x8D, 0xE2, 0x00, 0x00, 0x8A, 0xE5
	.byte 0xF8, 0x8F, 0xBD, 0xE8, 0x40, 0x00, 0x59, 0xE3, 0x60, 0x00, 0x59, 0x13, 0x0C, 0x00, 0x00, 0x1A
	.byte 0x01, 0x0C, 0x10, 0xE3, 0x01, 0x50, 0x85, 0xE2, 0x09, 0x00, 0x00, 0x1A, 0x00, 0x00, 0x9A, 0xE5
	.byte 0x40, 0x00, 0x59, 0xE3, 0x02, 0x00, 0xD0, 0x05, 0x04, 0x10, 0x8D, 0xE2, 0x01, 0x20, 0xA0, 0xE3
	.byte 0x04, 0x00, 0x8D, 0x05, 0x03, 0x00, 0xD0, 0x15, 0x04, 0x00, 0x8D, 0x15, 0x14, 0x00, 0xA0, 0xE3
	.byte 0x37, 0x05, 0x00, 0xEB, 0x2C, 0x00, 0x9A, 0xE5, 0x00, 0x00, 0x50, 0xE3, 0x94, 0x80, 0xDA, 0x15
	.byte 0x00, 0x80, 0xA0, 0x03, 0x01, 0x00, 0x58, 0xE3, 0x0C, 0x00, 0x00, 0x1A, 0x08, 0x10, 0x9A, 0xE5
	.byte 0x0A, 0x00, 0xA0, 0xE1, 0x40, 0x10, 0xC1, 0xE3, 0x08, 0x10, 0x8A, 0xE5, 0x2C, 0x10, 0x9A, 0xE5
	.byte 0x31, 0xFF, 0x2F, 0xE1, 0x2C, 0x00, 0x9A, 0xE5, 0x00, 0x00
_0206C8FA:
	b _0206CF9E
_0206C8FC:
	.byte 0x94, 0x80, 0xDA, 0x15
	.byte 0x08, 0x00, 0x9A, 0xE5, 0x00, 0x80, 0xA0, 0x03, 0x40, 0x10, 0x00, 0xE2, 0x00, 0x00, 0x00, 0xEA
	.byte 0x00, 0x10, 0xA0, 0xE3, 0x08, 0x00, 0x9A, 0xE5, 0x01, 0x0C, 0x10, 0xE3, 0x00, 0x00, 0x51, 0x03
	.byte 0x6E, 0x00, 0x00, 0x1A, 0x95, 0x04, 0x00, 0xEB, 0x3C, 0x22, 0x9F, 0xE5, 0x3C, 0x12, 0x9F, 0xE5
	.byte 0x00, 0x00, 0xA0, 0xE3, 0x00, 0x20, 0x81, 0xE5, 0x00, 0x00, 0x81, 0xE5, 0x00, 0x00, 0x81, 0xE5
	.byte 0x88, 0x40, 0x8D, 0xE2, 0x04, 0x00, 0xA0, 0xE1, 0xD2, 0x44, 0x00, 0xEB, 0x00, 0x00, 0x50, 0xE3
	.byte 0xFB, 0xFF, 0xFF, 0x1A, 0x18, 0x02, 0x9F, 0xE5, 0xFC, 0x00, 0x90, 0xE5, 0x01, 0x00, 0x10, 0xE3
	.byte 0x07, 0x00, 0x00, 0x0A, 0x14, 0xF9, 0xFF, 0xEB, 0x48, 0x10, 0x8D, 0xE2, 0x13, 0x3B, 0x00, 0xEB
	.byte 0x88, 0x00, 0x8D, 0xE2, 0x48, 0x10, 0x8D, 0xE2, 0x00, 0x20, 0xA0, 0xE1, 0x24, 0x3D, 0x00, 0xEB
	.byte 0x08, 0x00, 0x00, 0xEA, 0x02, 0x00, 0x10, 0xE3, 0x06, 0x00, 0x00, 0x0A, 0xE4, 0x01, 0x9F, 0xE5
	.byte 0x08, 0x10, 0x8D, 0xE2, 0x09, 0x3B, 0x00, 0xEB, 0x88, 0x00, 0x8D, 0xE2, 0x08, 0x10, 0x8D, 0xE2
	.byte 0x00, 0x20, 0xA0, 0xE1, 0x1A, 0x3D, 0x00, 0xEB, 0xB8, 0x30, 0x9D, 0xE5, 0xBC, 0x20, 0x9D, 0xE5
	.byte 0xC0, 0x10, 0x9D, 0xE5, 0x88, 0x00, 0x8D, 0xE2, 0x00, 0x30, 0x8B, 0xE5, 0x04, 0x20, 0x8B, 0xE5
	.byte 0x08, 0x10, 0x8B, 0xE5, 0x81, 0x40, 0x00, 0xEB, 0x00, 0x00, 0x86, 0xE5, 0x98, 0x00, 0x8D, 0xE2
	.byte 0x7E, 0x40, 0x00, 0xEB, 0x04, 0x00, 0x86, 0xE5, 0xA8, 0x00, 0x8D, 0xE2, 0x7B, 0x40, 0x00, 0xEB
	.byte 0xA0, 0x10, 0x9D, 0xE5, 0x08, 0x00, 0x86, 0xE5, 0x9C, 0x00, 0x9D, 0xE5, 0x14, 0x10, 0x87, 0xE5
	.byte 0x98, 0x10, 0x9D, 0xE5, 0x10, 0x00, 0x87, 0xE5, 0x00, 0x00, 0x87, 0xE5, 0x00, 0x00, 0xA0, 0xE3
	.byte 0x08, 0x00, 0x87, 0xE5, 0x00, 0x00, 0x61, 0xE2, 0x0C, 0x10, 0x87, 0xE5, 0x04, 0x00, 0x87, 0xE5
	.byte 0x07, 0x00, 0xA0, 0xE1, 0x07, 0x10, 0xA0, 0xE1, 0xA1, 0x40, 0x00, 0xEB, 0x0C, 0x00, 0x87, 0xE2
	.byte 0x00, 0x10, 0xA0, 0xE1, 0x9E, 0x40, 0x00, 0xEB, 0x07, 0x00, 0xA0, 0xE1, 0x0C, 0x10, 0x87, 0xE2
	.byte 0x18, 0x20, 0x87, 0xE2, 0x2B, 0x40, 0x00, 0xEB, 0x34, 0x01, 0x9F, 0xE5, 0x2C, 0x11, 0x9F, 0xE5
	.byte 0xFC, 0x00, 0x90, 0xE5, 0x01, 0x00, 0x10, 0xE3, 0x0F, 0x00, 0x00, 0x0A, 0x28, 0x31, 0x9F, 0xE5
	.byte 0x28, 0x01, 0x9F, 0xE5, 0x08, 0x20, 0xA0, 0xE3, 0x00, 0x30, 0x81, 0xE5, 0x11, 0x58, 0x00, 0xEB
	.byte 0xE3, 0xF8, 0xFF, 0xEB, 0x04, 0x11, 0x9F, 0xE5, 0x30, 0x20, 0xA0, 0xE3, 0x0D, 0x58, 0x00, 0xEB
	.byte 0x0C, 0x21, 0x9F, 0xE5, 0xF4, 0x10, 0x9F, 0xE5, 0xE8, 0x00, 0x9F, 0xE5, 0x00, 0x20, 0x81, 0xE5
	.byte 0x3C, 0x20, 0xA0, 0xE3, 0x07, 0x58, 0x00, 0xEB, 0x14, 0x00, 0x00, 0xEA, 0x02, 0x00, 0x10, 0xE3
	.byte 0x0F, 0x00, 0x00, 0x0A, 0xE0, 0x30, 0x9F, 0xE5, 0xE0, 0x00, 0x9F, 0xE5, 0x08, 0x20, 0xA0, 0xE3
	.byte 0x00, 0x30, 0x81, 0xE5, 0xFF, 0x57, 0x00, 0xEB, 0x09, 0xF8, 0xFF, 0xEB, 0xBC, 0x10, 0x9F, 0xE5
	.byte 0x30, 0x20, 0xA0, 0xE3, 0xFB, 0x57, 0x00, 0xEB, 0xC4, 0x20, 0x9F, 0xE5, 0xAC, 0x10, 0x9F, 0xE5
	.byte 0xA0, 0x00, 0x9F, 0xE5, 0x00, 0x20, 0x81, 0xE5, 0x3C, 0x20, 0xA0, 0xE3, 0xF5, 0x57, 0x00, 0xEB
	.byte 0x02, 0x00, 0x00, 0xEA, 0xAC, 0x00, 0x9F, 0xE5, 0x48, 0x20, 0xA0, 0xE3, 0xF1, 0x57, 0x00, 0xEB
	.byte 0x03, 0x00, 0x58, 0xE3, 0x00, 0x00, 0xA0, 0x13, 0x07, 0x00, 0x00, 0x1A, 0x08, 0x10, 0x9A, 0xE5
	.byte 0x0A, 0x00, 0xA0, 0xE1, 0x40, 0x10, 0xC1, 0xE3, 0x08, 0x10, 0x8A, 0xE5, 0x2C, 0x10, 0x9A, 0xE5
	.byte 0x31, 0xFF, 0x2F, 0xE1, 0x08, 0x00, 0x9A, 0xE5, 0x40, 0x00, 0x00, 0xE2, 0x20, 0x00, 0x59, 0xE3
	.byte 0x60, 0x00, 0x59, 0x13, 0x0C, 0x00, 0x00, 0x1A, 0x00, 0x00, 0x50, 0xE3, 0x01, 0x50, 0x85, 0xE2
	.byte 0x09, 0x00, 0x00, 0x1A, 0x08, 0x00, 0x9A, 0xE5, 0x01, 0x0C, 0x10, 0xE3, 0x06, 0x00, 0x00, 0x1A
	.byte 0x00, 0x00, 0x9A, 0xE5, 0x00, 0x10, 0x8D, 0xE2, 0x02, 0x30, 0xD0, 0xE5, 0x13, 0x00, 0xA0, 0xE3
	.byte 0x01, 0x20, 0xA0, 0xE3, 0x00, 0x30, 0x8D, 0xE5, 0x95, 0x04, 0x00, 0xEB, 0x00, 0x00, 0x9A, 0xE5
	.byte 0x05, 0x00, 0x80, 0xE0, 0x00, 0x00, 0x8A, 0xE5, 0xC8, 0xD0, 0x8D, 0xE2, 0xF8, 0x8F, 0xBD, 0xE8
	.byte 0xA0, 0x83, 0x0A, 0x02, 0xAC, 0x83, 0x0A, 0x02, 0x7C, 0x83, 0x0A, 0x02, 0x10, 0x11, 0x15, 0x00
	.byte 0x00, 0x04, 0x00, 0x04, 0x4C, 0x8B, 0x14, 0x02, 0x98, 0x8B, 0x14, 0x02, 0x12, 0x10, 0x17, 0x00
	.byte 0x74, 0x83, 0x0A, 0x02, 0x19, 0x1B, 0x00, 0x00, 0x70, 0x83, 0x0A, 0x02, 0xF0, 0x4F, 0x2D, 0xE9
	.byte 0x41, 0xDF, 0x4D, 0xE2, 0x04, 0x10, 0x90, 0xE5, 0x00, 0x60, 0x90, 0xE5, 0x04, 0x70, 0x91, 0xE5
	.byte 0x02, 0x20, 0xD6, 0xE5, 0x10, 0x30, 0x97, 0xE5, 0x00, 0x50, 0xA0, 0xE3, 0x00, 0x00, 0x8D, 0xE5
	.byte 0x10, 0x20, 0x8D, 0xE5, 0x03, 0x30, 0x87, 0xE0, 0xB0, 0x10, 0x8D, 0xE2, 0x05, 0x00, 0xA0, 0xE1
	.byte 0x54, 0x20, 0xA0, 0xE3, 0x05, 0x40, 0xA0, 0xE1, 0x14, 0x30, 0x8D, 0xE5, 0x03, 0x60, 0x86, 0xE2
	.byte 0xBA, 0x57, 0x00, 0xEB, 0xE9, 0x03, 0x00, 0xEB, 0x05, 0x00, 0xA0, 0xE1, 0xF4, 0x16, 0x9F, 0xE5
	.byte 0x0C, 0x00, 0x8D, 0xE5, 0x00, 0x00, 0x81, 0xE5, 0x01, 0x00, 0xA0, 0xE3, 0x0C, 0x00, 0x81, 0xE5
	.byte 0x0C, 0x00, 0x9D, 0xE5, 0x14, 0x00, 0x81, 0xE5, 0x02, 0x00, 0xA0, 0xE3, 0x00, 0x00, 0x81, 0xE5
	.byte 0x10, 0x00, 0x9D, 0xE5, 0x00, 0x00, 0x50, 0xE3, 0x1B, 0x01, 0x00, 0x9A, 0x01, 0xB0, 0xD6, 0xE5
	.byte 0x64, 0x10, 0xA0, 0xE3, 0x00, 0x00, 0x9D, 0xE5, 0x8B, 0x01, 0x61, 0xE1, 0xAB, 0x22, 0xA0, 0xE1
	.byte 0x04, 0x10, 0x8D, 0xE5, 0x02, 0x01, 0x80, 0xE0, 0xAC, 0x36, 0x9F, 0xE5, 0x04, 0x20, 0x9D, 0xE5
	.byte 0xCC, 0x90, 0x90, 0xE5, 0x02, 0x70, 0x83, 0xE0, 0x1F, 0x10, 0x0B, 0xE2, 0x01, 0x20, 0xA0, 0xE3
	.byte 0x12, 0x31, 0x19, 0xE0, 0x08, 0x30, 0x8D, 0xE5, 0x0A, 0x00, 0x00, 0x1A, 0xCC, 0x90, 0x90, 0xE5
	.byte 0x88, 0x36, 0x9F, 0xE5, 0x12, 0x11, 0x89, 0xE1, 0xCC, 0x10, 0x80, 0xE5, 0x14, 0x00, 0x9D, 0xE5
_0206CC60:
	asr r4, r2, #1
	b _0206D3A6
_0206CC64:
	.byte 0x9B, 0x01, 0x20, 0xE0, 0x00, 0x90, 0xD6, 0xE5, 0x00, 0x90, 0x83, 0xE5
	.byte 0x10, 0x20, 0x03, 0xE5, 0x27, 0x43, 0x00, 0xEB, 0x0C, 0x00, 0x9D, 0xE5, 0x00, 0x00, 0x50, 0xE3
	.byte 0x86, 0x00, 0x00, 0x0A, 0xE0, 0x00, 0x9D, 0xE5, 0x00, 0x42, 0x98, 0xE8, 0x18, 0x00, 0x8D, 0xE5
	.byte 0xC9, 0x0F, 0xA0, 0xE1, 0x20, 0x00, 0x8D, 0xE5, 0xE4, 0x00, 0x9D, 0xE5, 0x08, 0xC0
_0206CC9E:
	b _0206C7D2
_0206CCA0:
	.byte 0x24, 0x00, 0x8D, 0xE5, 0xCE, 0x0F, 0xA0, 0xE1, 0x28, 0x00, 0x8D, 0xE5, 0xE8, 0x00, 0x9D, 0xE5
	.byte 0x0C, 0x30, 0x98, 0xE5, 0x2C, 0x00, 0x8D, 0xE5, 0xEC, 0x00, 0x9D, 0xE5, 0x10, 0x20, 0x98, 0xE5
	.byte 0x34, 0x00, 0x8D, 0xE5, 0xCC, 0x0F, 0xA0, 0xE1, 0x30, 0x00, 0x8D, 0xE5, 0xF0, 0x00, 0x9D, 0xE5
	.byte 0x14, 0x10, 0x98, 0xE5, 0x3C, 0x00, 0x8D, 0xE5, 0xC3, 0x0F, 0xA0, 0xE1, 0x38, 0x00, 0x8D, 0xE5
	.byte 0xF4, 0x00, 0x9D, 0xE5, 0x44, 0x00, 0x8D, 0xE5, 0xC2, 0x0F, 0xA0, 0xE1, 0x40, 0x00, 0x8D, 0xE5
	.byte 0xF8, 0x00, 0x9D, 0xE5, 0x4C, 0x00, 0x8D, 0xE5, 0xC1, 0x0F, 0xA0, 0xE1, 0x48, 0x00, 0x8D, 0xE5
	.byte 0x18, 0x00, 0x98, 0xE5, 0x50, 0x00, 0x8D, 0xE5, 0xFC, 0x00, 0x9D, 0xE5, 0x58, 0x00, 0x8D, 0xE5
	.byte 0x50, 0x00, 0x9D, 0xE5, 0xC0, 0x0F, 0xA0, 0xE1, 0x54, 0x00, 0x8D, 0xE5, 0x1C, 0x00, 0x98, 0xE5
	.byte 0xA8, 0x00, 0x8D, 0xE5, 0x20, 0x00, 0x98, 0xE5, 0xA8, 0x80, 0x9D, 0xE5, 0xC8, 0x8F, 0xA0, 0xE1
	.byte 0x5C, 0x80, 0x8D, 0xE5, 0x00, 0x81, 0x9D, 0xE5, 0x60, 0x80, 0x8D, 0xE5, 0xC0, 0x8F, 0xA0, 0xE1
	.byte 0x64, 0x80, 0x8D, 0xE5, 0x95, 0xA9, 0x88, 0xE0, 0x1C, 0xA0, 0x8D, 0xE5, 0x20, 0xA0, 0x9D, 0xE5
	.byte 0x95, 0x8A, 0x28, 0xE0, 0x94, 0x89, 0x28, 0xE0, 0x1C, 0x90, 0x9D, 0xE5, 0x29, 0x96, 0xA0, 0xE1
	.byte 0x08, 0x9A, 0x89, 0xE1, 0x18, 0x80, 0x9D, 0xE5, 0x09, 0x80, 0x98, 0xE0, 0xE0, 0x80, 0x8D, 0xE5
	.byte 0x95, 0xAE, 0x89, 0xE0, 0x28, 0x80, 0x9D, 0xE5, 0x2A, 0xA6, 0xA0, 0xE1, 0x95, 0x98, 0x29, 0xE0
	.byte 0x94, 0x9E, 0x29, 0xE0, 0x24, 0x80, 0x9D, 0xE5, 0x09, 0xAA, 0x8A, 0xE1, 0x0A, 0x80, 0x98, 0xE0
	.byte 0xE4, 0x80, 0x8D, 0xE5, 0x95, 0xAC, 0x89, 0xE0, 0x30, 0x80, 0x9D, 0xE5, 0x2A, 0xA6, 0xA0, 0xE1
	.byte 0x95, 0x98, 0x29, 0xE0, 0x94, 0x9C, 0x29, 0xE0, 0x2C, 0x80, 0x9D, 0xE5, 0x09, 0xAA, 0x8A, 0xE1
	.byte 0x0A, 0x80, 0x98, 0xE0, 0xE8, 0x80, 0x8D, 0xE5, 0x38, 0x80, 0x9D, 0xE5, 0x95, 0xA3, 0x89, 0xE0
	.byte 0x95, 0x98, 0x29, 0xE0, 0x94, 0x93, 0x29, 0xE0, 0x2A, 0x86, 0xA0, 0xE1, 0x34, 0x30, 0x9D, 0xE5
	.byte 0x09, 0x8A, 0x88, 0xE1, 0x08, 0x30, 0x93, 0xE0, 0xEC, 0x30, 0x8D, 0xE5, 0x40, 0x30, 0x9D, 0xE5
	.byte 0x95, 0x92, 0x88, 0xE0, 0x95, 0x83, 0x28, 0xE0, 0x94, 0x82, 0x28, 0xE0, 0x29, 0x36, 0xA0, 0xE1
	.byte 0x3C, 0x20, 0x9D, 0xE5, 0x08, 0x3A, 0x83, 0xE1, 0x03, 0x20, 0x92, 0xE0, 0xF0, 0x20, 0x8D, 0xE5
	.byte 0x48, 0x20, 0x9D, 0xE5, 0x95, 0x81, 0x83, 0xE0, 0x95, 0x32, 0x23, 0xE0, 0x94, 0x31, 0x23, 0xE0
	.byte 0x28, 0x26, 0xA0, 0xE1, 0x44, 0x10, 0x9D, 0xE5, 0x03, 0x2A, 0x82, 0xE1, 0x02, 0x10, 0x91, 0xE0
	.byte 0xF4, 0x10, 0x8D, 0xE5, 0x50, 0x10, 0x9D, 0xE5, 0x95, 0x31, 0x82, 0xE0, 0x54, 0x10, 0x9D, 0xE5
	.byte 0x23, 0x36, 0xA0, 0xE1, 0x95, 0x21, 0x22, 0xE0, 0x50, 0x10, 0x9D, 0xE5, 0x94, 0x21, 0x22, 0xE0
	.byte 0x4C, 0x10, 0x9D, 0xE5, 0x02, 0x3A, 0x83, 0xE1, 0x03, 0x10, 0x91, 0xE0, 0xF8, 0x10, 0x8D, 0xE5
	.byte 0xA8, 0x10, 0x9D, 0xE5, 0x95, 0x31, 0x82, 0xE0, 0x5C, 0x10, 0x9D, 0xE5, 0x23, 0x36, 0xA0, 0xE1
	.byte 0x95, 0x21, 0x22, 0xE0, 0xA8, 0x10, 0x9D, 0xE5, 0x94, 0x21, 0x22, 0xE0, 0x58, 0x10, 0x9D, 0xE5
	.byte 0x02, 0x3A, 0x83, 0xE1, 0x03, 0x10, 0x91, 0xE0, 0xFC, 0x10, 0x8D, 0xE5, 0x64, 0x10, 0x9D, 0xE5
	.byte 0x95, 0x30, 0x82, 0xE0, 0x95, 0x21, 0x22, 0xE0, 0x94, 0x20, 0x22, 0xE0, 0x23, 0x16, 0xA0, 0xE1
	.byte 0x60, 0x00, 0x9D, 0xE5, 0x02, 0x1A, 0x81, 0xE1, 0x01, 0x00, 0x90, 0xE0, 0x00, 0x01, 0x8D, 0xE5
	.byte 0x08, 0x00, 0x9D, 0xE5, 0x00, 0x00, 0x50, 0xE3, 0x0B, 0x00, 0x00, 0x1A, 0x07, 0x00, 0xA0, 0xE1
	.byte 0x78, 0x43, 0x00, 0xEB, 0x00, 0x00, 0x50, 0xE3, 0xFB, 0xFF, 0xFF, 0x1A, 0x14, 0x00, 0x9D, 0xE5
	.byte 0x54, 0x10, 0xA0, 0xE3, 0x9B, 0x01, 0x20, 0xE0, 0x08, 0x14, 0x9F, 0xE5, 0x02, 0x20, 0xA0, 0xE3
	.byte 0x30, 0x00, 0x80, 0xE2, 0x00, 0x20, 0x81, 0xE5, 0x95, 0x42, 0x00, 0xEB, 0x02, 0x00, 0xD6, 0xE5
	.byte 0x00, 0x20, 0x97, 0xE5, 0x04, 0x10, 0x97, 0xE5, 0x00, 0x52, 0xA0, 0xE1, 0x08, 0x00, 0x97, 0xE5
	.byte 0x10, 0x40, 0x97, 0xE5, 0x14, 0x30, 0x97, 0xE5, 0x95, 0x22, 0xC8, 0xE0, 0x22, 0x26, 0xA0, 0xE1
	.byte 0x08, 0x2A, 0x82, 0xE1, 0x95, 0x11, 0xC8, 0xE0, 0x21, 0x16, 0xA0, 0xE1, 0x08, 0x1A, 0x81, 0xE1
	.byte 0x95, 0x00, 0xC8, 0xE0, 0x20, 0x06, 0xA0, 0xE1, 0x08, 0x0A, 0x80, 0xE1, 0x95, 0x84, 0xC4, 0xE0
	.byte 0x28, 0x96, 0xA0, 0xE1, 0x04, 0x9A, 0x89, 0xE1, 0x95, 0x43, 0xC3, 0xE0, 0x24, 0x86, 0xA0, 0xE1
	.byte 0x03, 0x8A, 0x88, 0xE1, 0xC5, 0x4F, 0xA0, 0xE1, 0xB0, 0xA0, 0x9D, 0xE5, 0xB4, 0x30, 0x9D, 0xE5
	.byte 0x02, 0x20, 0x9A, 0xE0, 0x01, 0x10, 0x93, 0xE0, 0xB0, 0x20, 0x8D, 0xE5, 0xB4, 0x10, 0x8D, 0xE5
	.byte 0xB8, 0x20, 0x9D, 0xE5, 0xBC, 0x10, 0x9D, 0xE5, 0x00, 0x20, 0x92, 0xE0, 0x09, 0x00, 0x91, 0xE0
	.byte 0xB8, 0x20, 0x8D, 0xE5, 0xBC, 0x00, 0x8D, 0xE5, 0xC0, 0x00, 0x9D, 0xE5, 0xC4, 0x20, 0x9D, 0xE5
	.byte 0x08, 0x00, 0x90, 0xE0, 0xC0, 0x00, 0x8D, 0xE5, 0x18, 0x00, 0x97, 0xE5, 0xC8, 0x30, 0x9D, 0xE5
	.byte 0x95, 0x10, 0xC0, 0xE0, 0x21, 0x16, 0xA0, 0xE1, 0x00, 0x1A, 0x81, 0xE1, 0x01, 0x00, 0x92, 0xE0
	.byte 0xC4, 0x00, 0x8D, 0xE5, 0x20, 0x00, 0x97, 0xE5, 0xCC, 0x20, 0x9D, 0xE5, 0x95, 0x10
_0206CF9E:
	b FUN_0206D122
	thumb_func_end FUN_0206aeb4
_0206CFA0:
	.byte 0x21, 0x16, 0xA0, 0xE1, 0x00, 0x1A, 0x81, 0xE1, 0x01, 0x00, 0x93, 0xE0, 0xC8, 0x00, 0x8D, 0xE5
	.byte 0x24, 0x00, 0x97, 0xE5, 0xD0, 0x30, 0x9D, 0xE5, 0x95, 0x10, 0xC0, 0xE0, 0x21, 0x16, 0xA0, 0xE1
	.byte 0x00, 0x1A, 0x81, 0xE1, 0x01, 0x00, 0x92, 0xE0, 0xCC, 0x00, 0x8D, 0xE5, 0x28, 0x00, 0x97, 0xE5
	.byte 0xD4, 0x20, 0x9D, 0xE5, 0x95, 0x10, 0xC0, 0xE0, 0x21, 0x16, 0xA0, 0xE1, 0x00, 0x1A, 0x81, 0xE1
	.byte 0x01, 0x00, 0x93, 0xE0, 0xD0, 0x00, 0x8D, 0xE5, 0x30, 0x00, 0x97, 0xE5, 0xD8, 0x30, 0x9D, 0xE5
	.byte 0x95, 0x10, 0xC0, 0xE0, 0x21, 0x16, 0xA0, 0xE1, 0x00, 0x1A, 0x81, 0xE1, 0x01, 0x00, 0x92, 0xE0
	.byte 0xD4, 0x00, 0x8D, 0xE5, 0x34, 0x10, 0x97, 0xE5, 0x38, 0x00, 0x97, 0xE5, 0x95, 0x21, 0xC1, 0xE0
	.byte 0x22, 0x26, 0xA0, 0xE1, 0x01, 0x2A, 0x82, 0xE1, 0x02, 0x10, 0x93, 0xE0, 0xD8, 0x10, 0x8D, 0xE5
	.byte 0x95, 0x10, 0xC0, 0xE0, 0x21, 0x16, 0xA0, 0xE1, 0x00, 0x1A, 0x81, 0xE1, 0xDC, 0x00, 0x9D, 0xE5
	.byte 0x01, 0x00, 0x90, 0xE0, 0xDC, 0x00, 0x8D, 0xE5, 0xA4, 0x12, 0x9F, 0xE5, 0x08, 0x00, 0x9D, 0xE5
	.byte 0x00, 0x00, 0x50, 0xE3, 0x03, 0x60, 0x86, 0xE2, 0x04, 0x00, 0x9D, 0xE5, 0x00, 0x80, 0x81, 0xE0
	.byte 0x03, 0x00, 0x00, 0x1A, 0x08, 0x00, 0xA0, 0xE1, 0x1A, 0x43, 0x00, 0xEB, 0x00, 0x00, 0x50, 0xE3
	.byte 0xFB, 0xFF, 0xFF, 0x1A, 0x0C, 0x00, 0x9D, 0xE5, 0x01, 0x10, 0x80, 0xE2, 0x10, 0x00, 0x9D, 0xE5
	.byte 0x0C, 0x10, 0x8D, 0xE5, 0x00, 0x00, 0x51, 0xE1, 0xE3, 0xFE, 0xFF, 0x3A, 0x01, 0x08, 0x98, 0xE8
	.byte 0x08, 0xA0, 0x98, 0xE5, 0x0C, 0x90, 0x98, 0xE5, 0x10, 0x70, 0x98, 0xE5, 0x14, 0x60, 0x98, 0xE5
	.byte 0x18, 0x30, 0x98, 0xE5, 0x1C, 0x20, 0x98, 0xE5, 0x20, 0x10, 0x98, 0xE5, 0x95, 0xC0, 0x88, 0xE0
	.byte 0x2C, 0xE6, 0xA0, 0xE1, 0xE0, 0xC0, 0x9D, 0xE5, 0x68, 0xC0, 0x8D, 0xE5, 0xC0, 0xCF, 0xA0, 0xE1
	.byte 0x95, 0x8C, 0x28, 0xE0, 0x94, 0x80, 0x28, 0xE0, 0x08, 0xEA, 0x8E, 0xE1, 0x95, 0xCB, 0x88, 0xE0
	.byte 0x68, 0x00, 0x9D, 0xE5, 0x6C, 0xC0, 0x8D, 0xE5, 0x0E, 0x00, 0x90, 0xE0, 0xE0, 0x00, 0x8D, 0xE5
	.byte 0xCB, 0x0F, 0xA0, 0xE1, 0xAC, 0x00, 0x8D, 0xE5, 0xAC, 0xC0, 0x9D, 0xE5, 0xE8, 0x00, 0x9D, 0xE5
	.byte 0x95, 0x8C, 0x28, 0xE0, 0x94, 0x8B, 0x28, 0xE0, 0x6C, 0xB0, 0x9D, 0xE5, 0x70, 0x00, 0x8D, 0xE5
	.byte 0x2B, 0xB6, 0xA0, 0xE1, 0xCA, 0x0F, 0xA0, 0xE1, 0x74, 0x00, 0x8D, 0xE5, 0xEC, 0x00, 0x9D, 0xE5
	.byte 0xE4, 0xE0, 0x9D, 0xE5, 0x08, 0xBA, 0x8B, 0xE1

	arm_func_start FUN_0206d108
FUN_0206d108: ; 0x0206D108
	adds r8, lr, fp
	str r8, [sp, #0xe4]
	str r0, [sp, #0x78]
	mov r0, sb, asr #0x1f
	str r0, [sp, #0x7c]
	ldr r0, [sp, #0xf0]
	arm_func_end FUN_0206d108
_0206D120:
	.byte 0x74, 0x80

	non_word_aligned_thumb_func_start FUN_0206D122
FUN_0206D122: ; 0x0206D122
	b _0206CC60
	thumb_func_end FUN_0206D122

	arm_func_start FUN_0206d124
FUN_0206d124: ; 0x0206D124
	umull ip, fp, r5, sl
	mla fp, r5, r8, fp
	mla fp, r4, sl, fp
	mov sl, ip, lsr #0xc
	str r0, [sp, #0x80]
	mov r0, r7, asr #0x1f
	str r0, [sp, #0x84]
	ldr r0, [sp, #0xf4]
	ldr r8, [sp, #0x70]
	orr sl, sl, fp, lsl #20
	adds r8, r8, sl
	str r8, [sp, #0xe8]
	str r0, [sp, #0x88]
	mov r0, r6, asr #0x1f
	str r0, [sp, #0x8c]
	ldr r0, [sp, #0xf8]
	ldr r8, [sp, #0x7c]
	umull fp, sl, r5, sb
	mla sl, r5, r8, sl
	mla sl, r4, sb, sl
	mov sb, fp, lsr #0xc
	str r0, [sp, #0x90]
	mov r0, r3, asr #0x1f
	str r0, [sp, #0x94]
	ldr r0, [sp, #0xfc]
	ldr r8, [sp, #0x78]
	orr sb, sb, sl, lsl #20
	adds r8, r8, sb
	str r8, [sp, #0xec]
	str r0, [sp, #0x98]
	mov r0, r2, asr #0x1f
	str r0, [sp, #0x9c]
	ldr r0, [sp, #0x100]
	ldr r8, [sp, #0x84]
	umull sl, sb, r5, r7
	mla sb, r5, r8, sb
	mla sb, r4, r7, sb
	mov r8, sl, lsr #0xc
	str r0, [sp, #0xa0]
	mov r0, r1, asr #0x1f
	str r0, [sp, #0xa4]
	ldr r7, [sp, #0x80]
	orr r8, r8, sb, lsl #20
	adds r7, r7, r8
	str r7, [sp, #0xf0]
	ldr r7, [sp, #0x8c]
	umull sb, r8, r5, r6
	mla r8, r5, r7, r8
	mla r8, r4, r6, r8
	mov r7, sb, lsr #0xc
	ldr r6, [sp, #0x88]
	orr r7, r7, r8, lsl #20
	adds r6, r6, r7
	str r6, [sp, #0xf4]
	ldr r6, [sp, #0x94]
	umull r8, r7, r5, r3
	mla r7, r5, r6, r7
	mla r7, r4, r3, r7
	mov r6, r8, lsr #0xc
	ldr r3, [sp, #0x90]
	orr r6, r6, r7, lsl #20
	adds r3, r3, r6
	str r3, [sp, #0xf8]
	ldr r3, [sp, #0x9c]
	umull r7, r6, r5, r2
	mla r6, r5, r3, r6
	mla r6, r4, r2, r6
	mov r3, r7, lsr #0xc
	ldr r2, [sp, #0x98]
	orr r3, r3, r6, lsl #20
	adds r2, r2, r3
	str r2, [sp, #0xfc]
	ldr r2, [sp, #0xa4]
	umull r6, r3, r5, r1
	mla r3, r5, r2, r3
	mla r3, r4, r1, r3
	mov r2, r6, lsr #0xc
	ldr r1, [sp, #0xa0]
	orr r2, r2, r3, lsl #20
	adds r1, r1, r2
	add r0, sp, #0xe0
	str r1, [sp, #0x100]
	bl FUN_0207D8E0
	ldr r1, _0206D2D8 ; =0x04000440
	mov r2, #1
	add r0, sp, #0xb0
	str r2, [r1]
	bl FUN_0207D8E0
	ldr r1, _0206D2D8 ; =0x04000440
	mov r2, #0
	mov r0, #1
	str r2, [r1]
	str r0, [r1, #0x10]
	mov r0, #2
	str r0, [r1]
	ldr r0, [sp]
	ldr r0, [r0]
	ldrb r0, [r0, #1]
	str r0, [r1, #0xc]
	ldr r0, [sp]
	ldr r1, [r0]
	ldrb r0, [r1, #2]
	add r0, r0, #1
	add r0, r0, r0, lsl #1
	add r1, r1, r0
	ldr r0, [sp]
	str r1, [r0]
	add sp, sp, #0x104
	ldmia sp!, {r4, r5, r6, r7, r8, sb, sl, fp, pc}
	.balign 4, 0
_0206D2D8: .word 0x04000440
	arm_func_end FUN_0206d124
_0206D2DC:
	.byte 0xB4, 0xA1, 0x14, 0x02
	.byte 0x50, 0x04, 0x00, 0x04, 0xF4, 0xA1, 0x14, 0x02, 0x70, 0x40, 0x2D, 0xE9, 0x00, 0x50, 0xA0, 0xE1
	.byte 0x34, 0x00, 0x95, 0xE5, 0x00, 0x00, 0x50, 0xE3, 0x96, 0x40, 0xD5, 0x15, 0x00, 0x40, 0xA0, 0x03
	.byte 0x01, 0x00, 0x54, 0xE3, 0x0C, 0x00, 0x00, 0x1A, 0x08, 0x10, 0x95, 0xE5, 0x05, 0x00, 0xA0, 0xE1
	.byte 0x40, 0x10, 0xC1, 0xE3, 0x08, 0x10, 0x85, 0xE5, 0x34, 0x10, 0x95, 0xE5, 0x31, 0xFF, 0x2F, 0xE1
	.byte 0x34, 0x00, 0x95, 0xE5, 0x00, 0x00, 0x50, 0xE3, 0x96, 0x40, 0xD5, 0x15, 0x08, 0x00, 0x95, 0xE5
	.byte 0x00, 0x40, 0xA0, 0x03, 0x40, 0x10, 0x00, 0xE2, 0x00, 0x00, 0x00, 0xEA, 0x00, 0x10, 0xA0, 0xE3
	.byte 0x08, 0x00, 0x95, 0xE5, 0x01, 0x0C, 0x10, 0xE3, 0x00, 0x00, 0x51, 0x03, 0x10, 0x00, 0x00, 0x1A
	.byte 0x00, 0x00, 0x95, 0xE5, 0x01, 0xC0, 0xD0, 0xE5, 0x02, 0x30, 0xD0, 0xE5, 0x03, 0xE0, 0xD0, 0xE5
	.byte 0x05, 0x20, 0xD0, 0xE5, 0x06, 0x10, 0xD0, 0xE5, 0x03, 0x34, 0x8C, 0xE1, 0x04, 0x60, 0xD0, 0xE5
	.byte 0x0E, 0xC8, 0x83, 0xE1, 0x07, 0x30, 0xD0, 0xE5, 0x01, 0x14, 0x82, 0xE1, 0x06, 0x6C, 0x8C, 0xE1
	.byte 0x08, 0x20, 0xD0, 0xE5, 0x03, 0x18, 0x81, 0xE1, 0x06, 0x00, 0x80, 0xE0, 0x02, 0x1C, 0x81, 0xE1
	.byte 0x1A, 0x02, 0x00, 0xEB, 0x03, 0x00, 0x54, 0xE3, 0x05, 0x00, 0x00, 0x1A, 0x08, 0x10, 0x95, 0xE5
	.byte 0x05, 0x00, 0xA0, 0xE1, 0x40, 0x10
_0206D3A6:
	.byte 0xC1, 0xE3, 0x08, 0x10, 0x85, 0xE5, 0x34, 0x10, 0x95, 0xE5
	.byte 0x31, 0xFF, 0x2F, 0xE1, 0x00, 0x00, 0x95, 0xE5, 0x09, 0x00, 0x80, 0xE2, 0x00, 0x00, 0x85, 0xE5
	.byte 0x70, 0x80, 0xBD, 0xE8, 0x18, 0x40, 0x2D, 0xE9, 0x0C, 0xD0, 0x4D, 0xE2, 0x00, 0x40, 0xA0, 0xE1
	.byte 0x08, 0x00, 0x94, 0xE5, 0x01, 0x0C, 0x10, 0xE3, 0x10, 0x00, 0x00, 0x1A, 0x02, 0x0C, 0x10, 0xE3
	.byte 0x0E, 0x00, 0x00, 0x1A, 0x00, 0x00, 0x51, 0xE3, 0x04, 0x00, 0x00, 0x1A, 0xE0, 0x00, 0x94, 0xE5
	.byte 0x08, 0x00, 0x8D, 0xE5, 0x04, 0x00, 0x8D, 0xE5, 0x00, 0x00, 0x8D, 0xE5, 0x03, 0x00, 0x00, 0xEA
	.byte 0xE4, 0x00, 0x94, 0xE5, 0x08, 0x00, 0x8D, 0xE5, 0x04, 0x00, 0x8D, 0xE5, 0x00, 0x00, 0x8D, 0xE5
	.byte 0x00, 0x10, 0x8D, 0xE2, 0x1B, 0x00, 0xA0, 0xE3, 0x03, 0x20, 0xA0, 0xE3, 0x60, 0x02, 0x00, 0xEB
	.byte 0x00, 0x00, 0x94, 0xE5, 0x01, 0x00, 0x80, 0xE2, 0x00, 0x00, 0x84, 0xE5, 0x0C, 0xD0, 0x8D, 0xE2
	.byte 0x18, 0x80, 0xBD, 0xE8, 0xF0, 0x40, 0x2D, 0xE9, 0x44, 0xD0, 0x4D, 0xE2, 0x00, 0x70, 0xA0, 0xE1
	.byte 0x08, 0x00, 0x97, 0xE5, 0x02, 0x0C, 0x10, 0xE3, 0xC0, 0x00, 0x00, 0x1A, 0x01, 0x00, 0x10, 0xE3
	.byte 0xBE, 0x00, 0x00, 0x0A, 0xB0, 0x20, 0x97, 0xE5, 0x10, 0x00, 0x92, 0xE5, 0x03, 0x11, 0x00, 0xE2
	.byte 0x02, 0x01, 0x51, 0xE3, 0x0D, 0x00, 0x00, 0x0A, 0x03, 0x01, 0xC0, 0xE3, 0x10, 0x00, 0x82, 0xE5
	.byte 0xB0, 0x30, 0x97, 0xE5, 0xE8, 0x02, 0x9F, 0xE5, 0x10, 0x20, 0x93, 0xE5, 0xE4, 0x12, 0x9F, 0xE5
	.byte 0x02, 0x21, 0x82, 0xE3, 0x10, 0x20, 0x83, 0xE5, 0xB0, 0x30, 0x97, 0xE5, 0x01, 0x20, 0xA0, 0xE3
	.byte 0x10, 0x30, 0x93, 0xE5, 0x0C, 0x30, 0x80, 0xE5, 0x08, 0x00, 0x90, 0xE5, 0x40, 0x02, 0x00, 0xEB
	.byte 0x03, 0x00, 0xA0, 0xE3, 0x10, 0x00, 0x8D, 0xE5, 0x10, 0x10, 0x8D, 0xE2, 0x10, 0x00, 0xA0, 0xE3
	.byte 0x01, 0x20, 0xA0, 0xE3, 0x3A, 0x02, 0x00, 0xEB, 0x3C, 0x00, 0x97, 0xE5, 0x00, 0x00, 0x50, 0xE3
	.byte 0x98, 0x60, 0xD7, 0x15, 0x00, 0x60, 0xA0, 0x03, 0x01, 0x00, 0x56, 0xE3, 0x0C, 0x00, 0x00, 0x1A
	.byte 0x08, 0x10, 0x97, 0xE5, 0x07, 0x00, 0xA0, 0xE1, 0x40, 0x10, 0xC1, 0xE3, 0x08, 0x10, 0x87, 0xE5
	.byte 0x3C, 0x10, 0x97, 0xE5, 0x31, 0xFF, 0x2F, 0xE1, 0x3C, 0x00, 0x97, 0xE5, 0x00, 0x00, 0x50, 0xE3
	.byte 0x98, 0x60, 0xD7, 0x15, 0x08, 0x00, 0x97, 0xE5, 0x00, 0x60, 0xA0, 0x03, 0x40, 0x00, 0x00, 0xE2
	.byte 0x00, 0x00, 0x00, 0xEA, 0x00, 0x00, 0xA0, 0xE3, 0x00, 0x00, 0x50, 0xE3, 0x1B, 0x00, 0x00, 0x1A
	.byte 0xB0, 0x00, 0x97, 0xE5, 0x14, 0x10, 0x8D, 0xE2, 0xBE, 0x52, 0xD0, 0xE1, 0xBC, 0x42, 0xD0, 0xE1
	.byte 0x01, 0x38, 0xA0, 0xE3, 0x00, 0x00, 0x65, 0xE2, 0x80, 0xC7, 0xA0, 0xE1, 0x84, 0xE7, 0xA0, 0xE1
	.byte 0x1B, 0x00, 0xA0, 0xE3, 0x03, 0x20, 0xA0, 0xE3, 0x14, 0xE0, 0x8D, 0xE5, 0x18, 0xC0, 0x8D, 0xE5
	.byte 0x1C, 0x30, 0x8D, 0xE5, 0x16, 0x02, 0x00, 0xEB, 0x85, 0x09, 0xA0, 0xE1, 0x40, 0x18, 0xA0, 0xE1
	.byte 0x84, 0x09, 0xA0, 0xE1, 0x01, 0x18, 0xA0, 0xE1, 0x40, 0x08, 0xA0, 0xE1, 0x21, 0x18, 0xA0, 0xE1
	.byte 0x00, 0x08, 0xA0, 0xE1, 0x01, 0x18, 0xA0, 0xE1, 0x20, 0x38, 0x81, 0xE1, 0x0C, 0x10, 0x8D, 0xE2
	.byte 0x22, 0x00, 0xA0, 0xE3, 0x01, 0x20, 0xA0, 0xE3, 0x0C, 0x30, 0x8D, 0xE5, 0x08, 0x02, 0x00, 0xEB
	.byte 0x02, 0x00, 0x56, 0xE3, 0x0C, 0x00, 0x00, 0x1A, 0x08, 0x10, 0x97, 0xE5, 0x07, 0x00, 0xA0, 0xE1
	.byte 0x40, 0x10, 0xC1, 0xE3, 0x08, 0x10, 0x87, 0xE5, 0x3C, 0x10, 0x97, 0xE5, 0x31, 0xFF, 0x2F, 0xE1
	.byte 0x3C, 0x00, 0x97, 0xE5, 0x00, 0x00, 0x50, 0xE3, 0x98, 0x60, 0xD7, 0x15, 0x08, 0x00, 0x97, 0xE5
	.byte 0x00, 0x60, 0xA0, 0x03, 0x40, 0x00, 0x00, 0xE2, 0x00, 0x00, 0x00, 0xEA, 0x00, 0x00, 0xA0, 0xE3
	.byte 0x00, 0x00, 0x50, 0xE3, 0x22, 0x00, 0x00, 0x1A, 0x00, 0x00, 0x97, 0xE5, 0xD8, 0x40, 0x97, 0xE5
	.byte 0x01, 0x30, 0xD0, 0xE5, 0x00, 0x00, 0x54, 0xE3, 0x0F, 0x00, 0x00, 0x0A, 0x04, 0x20, 0x94, 0xE2
	.byte 0x08, 0x00, 0x00, 0x0A, 0x05, 0x00, 0xD4, 0xE5, 0x00, 0x00, 0x53, 0xE1, 0x05, 0x00, 0x00, 0x2A
	.byte 0xBA, 0x10, 0xD4, 0xE1, 0xB1, 0x00, 0x92, 0xE1, 0x01, 0x10, 0x82, 0xE0, 0x04, 0x10, 0x81, 0xE2
	.byte 0x90, 0x13, 0x21, 0xE0, 0x00, 0x00, 0x00, 0xEA, 0x00, 0x10, 0xA0, 0xE3, 0x00, 0x00, 0x51, 0xE3
	.byte 0x00, 0x00, 0x91, 0x15, 0x00, 0x00, 0x84, 0x10, 0x00, 0x00, 0x00, 0x1A, 0x00, 0x00, 0xA0, 0xE3
	.byte 0xBE, 0x21, 0xD0, 0xE1, 0x02, 0x0A, 0x12, 0xE3, 0x09, 0x00, 0x00, 0x0A, 0x2C, 0x10, 0x80, 0xE2
	.byte 0x02, 0x00, 0x12, 0xE3, 0x08, 0x10, 0x81, 0x02, 0x04, 0x00, 0x12, 0xE3, 0x04, 0x10, 0x81, 0x02
	.byte 0x08, 0x00, 0x12, 0xE3, 0x08, 0x10, 0x81, 0x02, 0x18, 0x00, 0xA0, 0xE3, 0x10, 0x20, 0xA0, 0xE3
	.byte 0xD3, 0x01, 0x00, 0xEB, 0x03, 0x00, 0x56, 0xE3, 0x00, 0x00, 0xA0, 0x13, 0x07, 0x00, 0x00, 0x1A
	.byte 0x08, 0x10, 0x97, 0xE5, 0x07, 0x00, 0xA0, 0xE1, 0x40, 0x10, 0xC1, 0xE3, 0x08, 0x10, 0x87, 0xE5
	.byte 0x3C, 0x10, 0x97, 0xE5, 0x31, 0xFF, 0x2F, 0xE1, 0x08, 0x00, 0x97, 0xE5, 0x40, 0x00, 0x00, 0xE2
	.byte 0x00, 0x00, 0x50, 0xE3, 0x2B, 0x00, 0x00, 0x1A, 0x02, 0x30, 0xA0, 0xE3, 0x08, 0x10, 0x8D, 0xE2
	.byte 0x10, 0x00, 0xA0, 0xE3, 0x01, 0x20, 0xA0, 0xE3, 0x08, 0x30, 0x8D, 0xE5, 0xC0, 0x01, 0x00, 0xEB
	.byte 0x20, 0x10, 0x8D, 0xE2, 0x00, 0x00, 0xA0, 0xE3, 0xF6, 0x01, 0x00, 0xEB, 0x03, 0x30, 0xA0, 0xE3
	.byte 0x04, 0x10, 0x8D, 0xE2, 0x10, 0x00, 0xA0, 0xE3, 0x01, 0x20, 0xA0, 0xE3, 0x04, 0x30, 0x8D, 0xE5
	.byte 0xB7, 0x01, 0x00, 0xEB, 0xA0, 0x00, 0x9F, 0xE5, 0x09, 0x20, 0xA0, 0xE3, 0xFC, 0x00, 0x90, 0xE5
	.byte 0x01, 0x00, 0x10, 0xE3, 0x0B, 0x00, 0x00, 0x0A, 0x90, 0x10, 0x9F, 0xE5, 0x1A, 0x00, 0xA0, 0xE3
	.byte 0xAF, 0x01, 0x00, 0xEB, 0x88, 0x10, 0x9F, 0xE5, 0x1A, 0x00, 0xA0, 0xE3, 0x09, 0x20, 0xA0, 0xE3
	.byte 0xAB, 0x01, 0x00, 0xEB, 0x20, 0x10, 0x8D, 0xE2, 0x1A, 0x00, 0xA0, 0xE3, 0x09, 0x20, 0xA0, 0xE3
	.byte 0xA7, 0x01, 0x00, 0xEB, 0x0B, 0x00, 0x00, 0xEA, 0x02, 0x00, 0x10, 0xE3, 0x1A, 0x00, 0xA0, 0xE3
	.byte 0x06, 0x00, 0x00, 0x0A, 0x54, 0x10, 0x9F, 0xE5, 0xA1, 0x01, 0x00, 0xEB, 0x20, 0x10, 0x8D, 0xE2
	.byte 0x1A, 0x00, 0xA0, 0xE3, 0x09, 0x20, 0xA0, 0xE3, 0x9D, 0x01, 0x00, 0xEB, 0x01, 0x00, 0x00, 0xEA
	.byte 0x20, 0x10, 0x8D, 0xE2, 0x9A, 0x01, 0x00, 0xEB, 0x02, 0x30, 0xA0, 0xE3, 0x00, 0x10, 0x8D, 0xE2
	.byte 0x10, 0x00, 0xA0, 0xE3, 0x01, 0x20, 0xA0, 0xE3, 0x00, 0x30, 0x8D, 0xE5, 0x94, 0x01, 0x00, 0xEB
	.byte 0x00, 0x00, 0x97, 0xE5, 0x03, 0x00, 0x80, 0xE2, 0x00, 0x00, 0x87, 0xE5, 0x44, 0xD0, 0x8D, 0xE2
	.byte 0xF0, 0x80, 0xBD, 0xE8, 0xB8, 0x82, 0x0A, 0x02, 0xC4, 0x82, 0x0A, 0x02, 0x4C, 0x8B, 0x14, 0x02
	.byte 0x98, 0x8B, 0x14, 0x02, 0x08, 0x8C
_0206D776:
	.byte 0x14, 0x02, 0x38, 0x40, 0x2D, 0xE9, 0x80, 0xD0, 0x4D, 0xE2
	.byte 0x00, 0x50, 0xA0, 0xE1, 0x08, 0x00, 0x95, 0xE5, 0x02, 0x0C, 0x10, 0xE3, 0xD7, 0x00, 0x00, 0x1A
	.byte 0x01, 0x00, 0x10, 0xE3, 0xD5, 0x00, 0x00, 0x0A, 0x50, 0x00, 0x8D, 0xE2, 0x00, 0x10, 0xA0, 0xE3
	.byte 0xB8, 0x01, 0x00, 0xEB, 0x1E, 0x00, 0xA0, 0xE3, 0x0C, 0x00, 0x8D, 0xE5, 0x0C, 0x10, 0x8D, 0xE2
	.byte 0x13, 0x00, 0xA0, 0xE3, 0x01, 0x20, 0xA0, 0xE3, 0x79, 0x01, 0x00, 0xEB, 0xB0, 0x20, 0x95, 0xE5
	.byte 0x10, 0x00, 0x92, 0xE5, 0x03, 0x11, 0x00, 0xE2, 0x03, 0x01, 0x51, 0xE3, 0x0D, 0x00, 0x00, 0x0A
	.byte 0x03, 0x01, 0xC0, 0xE3, 0x10, 0x00, 0x82, 0xE5, 0xB0, 0x30, 0x95, 0xE5, 0x20, 0x03, 0x9F, 0xE5
	.byte 0x10, 0x20, 0x93, 0xE5, 0x1C, 0x13, 0x9F, 0xE5, 0x03, 0x21, 0x82, 0xE3, 0x10, 0x20, 0x83, 0xE5
	.byte 0xB0, 0x30, 0x95, 0xE5, 0x01, 0x20, 0xA0, 0xE3, 0x10, 0x30, 0x93, 0xE5, 0x04, 0x30, 0x80, 0xE5
	.byte 0x00, 0x00, 0x90, 0xE5, 0x66, 0x01, 0x00, 0xEB, 0x40, 0x00, 0x95, 0xE5, 0x00, 0x00, 0x50, 0xE3
	.byte 0x99, 0x40, 0xD5, 0x15, 0x00, 0x40, 0xA0, 0x03, 0x01, 0x00, 0x54, 0xE3, 0x0C, 0x00, 0x00, 0x1A
	.byte 0x08, 0x10, 0x95, 0xE5, 0x05, 0x00, 0xA0, 0xE1, 0x40, 0x10, 0xC1, 0xE3, 0x08, 0x10, 0x85, 0xE5
	.byte 0x40, 0x10, 0x95, 0xE5, 0x31, 0xFF, 0x2F, 0xE1, 0x40, 0x00, 0x95, 0xE5, 0x00, 0x00, 0x50, 0xE3
	.byte 0x99, 0x40, 0xD5, 0x15, 0x08, 0x00, 0x95, 0xE5
_0206D848:
	.byte 0x00, 0x40, 0xA0, 0x03, 0x40, 0x00, 0x00, 0xE2
	.byte 0x00, 0x00, 0x00, 0xEA, 0x00, 0x00, 0xA0, 0xE3, 0x00, 0x00, 0x50, 0xE3, 0x0E, 0x00, 0x00, 0x1A
	.byte 0xB0, 0x00, 0x95, 0xE5, 0xA0, 0x12, 0x9F, 0xE5, 0xBE, 0xC2, 0xD0, 0xE1, 0xBC, 0x32, 0xD0, 0xE1
	.byte 0x16, 0x00, 0xA0, 0xE3, 0x00, 0x20, 0x6C, 0xE2, 0x83, 0x37, 0xA0, 0xE1, 0x00, 0x30, 0x81, 0xE5
	.byte 0x82, 0x27, 0xA0, 0xE1, 0x14, 0x20, 0x81, 0xE5, 0x30, 0x30, 0x81, 0xE5, 0x8C, 0x37, 0xA0, 0xE1
	.byte 0x10, 0x20, 0xA0, 0xE3, 0x34, 0x30, 0x81, 0xE5, 0x41, 0x01, 0x00, 0xEB, 0x02, 0x00, 0x54, 0xE3
	.byte 0x0C, 0x00, 0x00, 0x1A, 0x08, 0x10, 0x95, 0xE5, 0x05, 0x00, 0xA0, 0xE1, 0x40, 0x10, 0xC1, 0xE3
	.byte 0x08, 0x10, 0x85, 0xE5, 0x40, 0x10, 0x95, 0xE5, 0x31, 0xFF, 0x2F, 0xE1, 0x40, 0x00, 0x95, 0xE5
	.byte 0x00, 0x00, 0x50, 0xE3, 0x99, 0x40, 0xD5, 0x15, 0x08, 0x00, 0x95, 0xE5, 0x00, 0x40, 0xA0, 0x03
	.byte 0x40, 0x00, 0x00, 0xE2, 0x00, 0x00, 0x00, 0xEA, 0x00, 0x00, 0xA0, 0xE3, 0x00, 0x00, 0x50, 0xE3
	.byte 0x22, 0x00, 0x00, 0x1A, 0x00, 0x00, 0x95, 0xE5, 0xD8, 0xC0, 0x95, 0xE5, 0x01, 0x30, 0xD0, 0xE5
	.byte 0x00, 0x00, 0x5C, 0xE3, 0x0F, 0x00, 0x00, 0x0A, 0x04, 0x20, 0x9C, 0xE2, 0x08, 0x00, 0x00, 0x0A
	.byte 0x05, 0x00, 0xDC, 0xE5, 0x00, 0x00, 0x53, 0xE1, 0x05, 0x00, 0x00, 0x2A, 0xBA, 0x10, 0xDC, 0xE1
	.byte 0xB1, 0x00, 0x92, 0xE1, 0x01, 0x10, 0x82, 0xE0, 0x04, 0x10, 0x81, 0xE2, 0x90, 0x13, 0x21, 0xE0
	.byte 0x00, 0x00, 0x00, 0xEA, 0x00, 0x10, 0xA0, 0xE3, 0x00, 0x00, 0x51, 0xE3, 0x00, 0x00, 0x91, 0x15
	.byte 0x00, 0x00, 0x8C, 0x10, 0x00, 0x00, 0x00, 0x1A, 0x00, 0x00, 0xA0, 0xE3, 0xBE, 0x21, 0xD0, 0xE1
	.byte 0x02, 0x0A, 0x12, 0xE3, 0x09, 0x00, 0x00, 0x0A, 0x2C, 0x10, 0x80, 0xE2, 0x02, 0x00, 0x12, 0xE3
	.byte 0x08, 0x10, 0x81, 0x02, 0x04, 0x00, 0x12, 0xE3, 0x04, 0x10, 0x81, 0x02, 0x08, 0x00, 0x12, 0xE3
	.byte 0x08, 0x10, 0x81, 0x02, 0x18, 0x00, 0xA0, 0xE3, 0x10, 0x20, 0xA0, 0xE3, 0x0C, 0x01, 0x00, 0xEB
	.byte 0x03, 0x00, 0x54, 0xE3, 0x00, 0x00, 0xA0, 0x13, 0x07, 0x00, 0x00, 0x1A, 0x08, 0x10, 0x95, 0xE5
	.byte 0x05, 0x00, 0xA0, 0xE1, 0x40, 0x10, 0xC1, 0xE3, 0x08, 0x10, 0x85, 0xE5, 0x40, 0x10, 0x95, 0xE5
	.byte 0x31, 0xFF, 0x2F, 0xE1, 0x08, 0x00, 0x95, 0xE5, 0x40, 0x00, 0x00, 0xE2, 0x00, 0x00, 0x50, 0xE3
	.byte 0x46, 0x00, 0x00, 0x1A, 0x64, 0x01, 0x9F, 0xE5, 0xFC, 0x00, 0x90, 0xE5, 0x01, 0x00, 0x10, 0xE3
	.byte 0x0C, 0x00, 0x00, 0x0A, 0x58, 0x11, 0x9F, 0xE5, 0x1C, 0x00, 0xA0, 0xE3, 0x03, 0x20, 0xA0, 0xE3
	.byte 0xF7, 0x00, 0x00, 0xEB, 0x4C, 0x11, 0x9F, 0xE5, 0x1A, 0x00, 0xA0, 0xE3, 0x09, 0x20, 0xA0, 0xE3
	.byte 0xF3, 0x00, 0x00, 0xEB, 0x50, 0x10, 0x8D, 0xE2, 0x19, 0x00, 0xA0, 0xE3, 0x0C, 0x20, 0xA0, 0xE3
	.byte 0xEF, 0x00, 0x00, 0xEB, 0x0F, 0x00, 0x00, 0xEA, 0x02, 0x00, 0x10, 0xE3, 0x04, 0x00, 0x00, 0x0A
	.byte 0x50, 0x10, 0x8D, 0xE2, 0x19, 0x00, 0xA0, 0xE3, 0x0C, 0x20, 0xA0, 0xE3, 0xE8, 0x00, 0x00, 0xEB
	.byte 0x08, 0x00, 0x00, 0xEA, 0x32, 0xF4, 0xFF, 0xEB, 0x00, 0x10, 0xA0, 0xE1, 0x19, 0x00, 0xA0, 0xE3
	.byte 0x0C, 0x20, 0xA0, 0xE3, 0xE2, 0x00, 0x00, 0xEB, 0x50, 0x10, 0x8D, 0xE2, 0x19, 0x00, 0xA0, 0xE3
	.byte 0x0C, 0x20, 0xA0, 0xE3, 0xDE, 0x00, 0x00, 0xEB, 0x54, 0x00, 0x00, 0xEB, 0xE8, 0x00, 0x9F, 0xE5
	.byte 0x00, 0x10, 0xA0, 0xE3, 0x00, 0x10, 0x80, 0xE5, 0x04, 0x10, 0x80, 0xE5, 0x14, 0x10, 0x80, 0xE5
	.byte 0x10, 0x40, 0x8D, 0xE2, 0x04, 0x00, 0xA0, 0xE1, 0x92, 0x40, 0x00, 0xEB, 0x00, 0x00, 0x50, 0xE3
	.byte 0xFB, 0xFF, 0xFF, 0x1A, 0xC4, 0x20, 0x9F, 0xE5, 0x01, 0x00, 0xA0, 0xE3, 0x00, 0x00, 0x82, 0xE5
	.byte 0x03, 0x00, 0xA0, 0xE3, 0x08, 0x00, 0x02, 0xE5, 0x10, 0x10, 0x8D, 0xE2, 0x16, 0x00, 0xA0, 0xE3
	.byte 0x10, 0x20, 0xA0, 0xE3, 0xCA, 0x00, 0x00, 0xEB, 0x44, 0x00, 0x9D, 0xE5, 0x40, 0x10, 0x9D, 0xE5
	.byte 0x40, 0x02, 0xA0, 0xE1, 0x00, 0x04, 0xA0, 0xE1, 0x41, 0x22, 0xA0, 0xE1, 0x40, 0x18, 0xA0, 0xE1
	.byte 0x02, 0x04, 0xA0, 0xE1, 0x01, 0x18, 0xA0, 0xE1, 0x40, 0x08, 0xA0, 0xE1, 0x21, 0x18, 0xA0, 0xE1
	.byte 0x00, 0x08, 0xA0, 0xE1, 0x01, 0x18, 0xA0, 0xE1, 0x20, 0x38, 0x81, 0xE1, 0x08, 0x10, 0x8D, 0xE2
	.byte 0x22, 0x00, 0xA0, 0xE3, 0x01, 0x20, 0xA0, 0xE3, 0x08, 0x30, 0x8D, 0xE5, 0xB8, 0x00, 0x00, 0xEB
	.byte 0x02, 0x30, 0xA0, 0xE3, 0x04, 0x10, 0x8D, 0xE2, 0x10, 0x00, 0xA0, 0xE3, 0x01, 0x20, 0xA0, 0xE3
	.byte 0x04, 0x30, 0x8D, 0xE5, 0xB2, 0x00, 0x00, 0xEB, 0x1E, 0x30, 0xA0, 0xE3, 0x00, 0x10, 0x8D, 0xE2
	.byte 0x14, 0x00, 0xA0, 0xE3, 0x01, 0x20, 0xA0, 0xE3, 0x00, 0x30, 0x8D, 0xE5, 0xAC, 0x00, 0x00, 0xEB
	.byte 0x00, 0x00, 0x95, 0xE5, 0x03, 0x00, 0x80, 0xE2, 0x00, 0x00, 0x85, 0xE5, 0x80, 0xD0, 0x8D, 0xE2
	.byte 0x38, 0x80, 0xBD, 0xE8, 0xB8, 0x82, 0x0A, 0x02, 0xBC, 0x82, 0x0A, 0x02, 0xE8, 0x82, 0x0A, 0x02
	.byte 0x4C, 0x8B, 0x14, 0x02, 0x2C, 0x8C, 0x14, 0x02, 0x08, 0x8C, 0x14, 0x02, 0x40, 0x04, 0x00, 0x04
	.byte 0x48, 0x04, 0x00, 0x04, 0x10, 0x00, 0x9F, 0xE5, 0x00, 0x00, 0x90, 0xE5
_0206DB2C:
	.byte 0x00, 0x00, 0x50, 0xE3
	.byte 0x01, 0x00, 0xA0, 0x13, 0x00, 0x00, 0xA0, 0x03, 0x1E, 0xFF, 0x2F, 0xE1, 0xB4, 0xBA, 0x14, 0x02
	.byte 0x14, 0x10, 0x9F, 0xE5, 0x00, 0x20, 0x91, 0xE5, 0x00, 0x00, 0x52, 0xE3, 0x00, 0x20, 0xA0, 0x03
	.byte 0x00, 0x20, 0x80, 0x05, 0x00, 0x00, 0x81, 0x05, 0x1E, 0xFF, 0x2F, 0xE1, 0xB4, 0xBA, 0x14, 0x02
	.byte 0x08, 0x40, 0x2D, 0xE9, 0x05, 0x00, 0x00, 0xEB, 0x0C, 0x10, 0x9F, 0xE5, 0x00, 0x20, 0xA0, 0xE3
	.byte 0x00, 0x00, 0x91, 0xE5, 0x00, 0x20, 0x81, 0xE5, 0x08, 0x80, 0xBD, 0xE8, 0xB4, 0xBA, 0x14, 0x02
	.byte 0x08, 0x40, 0x2D, 0xE9, 0x48, 0x00, 0x9F, 0xE5, 0x04, 0x00, 0x90, 0xE5, 0x00, 0x00, 0x50, 0xE3
	.byte 0x00, 0x00, 0x00, 0x0A, 0x10, 0x00, 0x00, 0xEB, 0x34, 0x00, 0x9F, 0xE5, 0x00, 0x00, 0x90, 0xE5
	.byte 0x00, 0x00, 0x50, 0xE3, 0x00, 0x20, 0x90, 0x15, 0x00, 0x00, 0x52, 0x13, 0x08, 0x80, 0xBD, 0x08
	.byte 0x20, 0x10, 0x9F, 0xE5, 0x04, 0x00, 0x80, 0xE2, 0x02, 0x21, 0xA0, 0xE1, 0xB9, 0x53, 0x00, 0xEB
	.byte 0x0C, 0x00, 0x9F, 0xE5, 0x00, 0x10, 0xA0, 0xE3, 0x00, 0x00, 0x90, 0xE5, 0x00, 0x10, 0x80, 0xE5
	.byte 0x08, 0x80, 0xBD, 0xE8, 0xB4, 0xBA, 0x14, 0x02, 0x00, 0x04, 0x00, 0x04, 0x0C, 0x00, 0x9F, 0xE5
	.byte 0x04, 0x10, 0x90, 0xE5, 0x00, 0x00, 0x51, 0xE3, 0xFC, 0xFF, 0xFF, 0x1A, 0x1E, 0xFF, 0x2F, 0xE1
	.byte 0xB4, 0xBA, 0x14, 0x02, 0x00, 0x10, 0xA0, 0xE3, 0x00, 0x10, 0x80, 0xE5, 0x1E, 0xFF, 0x2F, 0xE1
	.byte 0x38, 0x40, 0x2D, 0xE9, 0x01, 0x40, 0xA0, 0xE1, 0x00, 0x50, 0xA0, 0xE1, 0x01, 0x0C, 0x54, 0xE3
	.byte 0x04, 0x00, 0x00, 0x3A, 0x78, 0x11, 0x9F, 0xE5, 0x00, 0x00, 0xE0, 0xE3, 0x00, 0x10, 0x91, 0xE5
	.byte 0x00, 0x00, 0x51, 0xE1, 0x05, 0x00, 0x00, 0x1A, 0x24, 0x21, 0xA0, 0xE1, 0x00, 0x00, 0x95, 0xE5
	.byte 0x04, 0x10, 0x85, 0xE2, 0x01, 0x20, 0x42, 0xE2, 0x59, 0x00, 0x00, 0xEB, 0x38, 0x80, 0xBD, 0xE8
	.byte 0xCE, 0xFF, 0xFF, 0xEB, 0x4C, 0x01, 0x9F, 0xE5, 0x01, 0x10, 0xA0, 0xE3, 0x04, 0x10, 0x80, 0xE5
	.byte 0x08, 0x00
_0206DC52:
	.byte 0x90, 0xE5, 0x00, 0x00, 0x50, 0xE3, 0x26, 0x00, 0x00, 0x0A, 0x36, 0x60, 0x00, 0xEB
	.byte 0x00, 0x00, 0x50, 0xE3, 0x18, 0x00, 0x00, 0x0A, 0x24, 0x01, 0x9F, 0xE5, 0x00, 0x10, 0x90, 0xE5
	.byte 0x00, 0x00, 0xE0, 0xE3, 0x03, 0x00, 0x51, 0xE3, 0x00, 0x20, 0xE0, 0x83, 0x01, 0x20, 0xA0, 0x91
	.byte 0x00, 0x00, 0x52, 0xE1, 0x08, 0x00, 0x00, 0x1A, 0x0C, 0xC1, 0x9F, 0xE5, 0x0C, 0x31, 0x9F, 0xE5
	.byte 0x03, 0x00, 0x51, 0xE3, 0x04, 0x00, 0x41, 0x82, 0x05, 0x10, 0xA0, 0xE1, 0x04, 0x20, 0xA0, 0xE1
	.byte 0x00, 0xC0, 0x8D, 0xE5, 0x11, 0x09, 0x1B, 0xEB, 0x38, 0x80, 0xBD, 0xE8, 0xE8, 0xC0, 0x9F, 0xE5
	.byte 0xE8, 0x30, 0x9F, 0xE5, 0x02, 0x00, 0xA0, 0xE1, 0x05, 0x10, 0xA0, 0xE1, 0x04, 0x20, 0xA0, 0xE1
	.byte 0x00, 0xC0, 0x8D, 0xE5, 0x25, 0x53, 0x00, 0xEB, 0x38, 0x80, 0xBD, 0xE8, 0xC0, 0x00, 0x9F, 0xE5
	.byte 0xC4, 0xC0, 0x9F, 0xE5, 0x00, 0x00, 0x90, 0xE5, 0xC0, 0x30, 0x9F, 0xE5, 0x03, 0x00, 0x50, 0xE3
	.byte 0x00, 0x00, 0xE0, 0x83, 0x05, 0x10, 0xA0, 0xE1, 0x04, 0x20, 0xA0, 0xE1, 0x00, 0xC0, 0x8D, 0xE5
	.byte 0x1A, 0x53, 0x00, 0xEB, 0x38, 0x80, 0xBD, 0xE8, 0x0F, 0x60, 0x00, 0xEB, 0x00, 0x00, 0x50, 0xE3
_0206DD00:
	.byte 0x18, 0x00, 0x00, 0x0A, 0x88, 0x00, 0x9F, 0xE5, 0x00, 0x10, 0x90, 0xE5, 0x00, 0x00, 0xE0, 0xE3
	.byte 0x03, 0x00, 0x51, 0xE3, 0x00, 0x20, 0xE0, 0x83, 0x01, 0x20, 0xA0, 0x91, 0x00, 0x00, 0x52, 0xE1
	.byte 0x08, 0x00, 0x00, 0x1A, 0x70, 0xC0, 0x9F, 0xE5, 0x70, 0x30, 0x9F, 0xE5, 0x03, 0x00, 0x51, 0xE3
	.byte 0x04, 0x00, 0x41, 0x82, 0x05, 0x10, 0xA0, 0xE1, 0x04, 0x20, 0xA0, 0xE1, 0x00, 0xC0, 0x8D, 0xE5
	.byte 0x6B, 0x08, 0x1B, 0xEB, 0x38, 0x80, 0xBD, 0xE8, 0x4C, 0xC0, 0x9F, 0xE5, 0x4C, 0x30, 0x9F, 0xE5
	.byte 0x02, 0x00, 0xA0, 0xE1, 0x05, 0x10, 0xA0, 0xE1, 0x04, 0x20, 0xA0, 0xE1, 0x00, 0xC0, 0x8D, 0xE5
	.byte 0x7E, 0x52, 0x00, 0xEB, 0x38, 0x80, 0xBD, 0xE8, 0x24, 0x00, 0x9F, 0xE5, 0x28, 0xC0, 0x9F, 0xE5
	.byte 0x00, 0x00, 0x90, 0xE5, 0x24, 0x30, 0x9F, 0xE5, 0x03, 0x00, 0x50, 0xE3, 0x00, 0x00, 0xE0, 0x83
	.byte 0x05, 0x10, 0xA0, 0xE1, 0x04, 0x20, 0xA0, 0xE1, 0x00, 0xC0, 0x8D, 0xE5, 0x73, 0x52, 0x00, 0xEB
	.byte 0x38, 0x80, 0xBD, 0xE8, 0xC0, 0x84, 0x0A, 0x02, 0xB4, 0xBA, 0x14, 0x02, 0xB8, 0xBA, 0x14, 0x02
	.byte 0xF4, 0xDB, 0x06, 0x02, 0x70, 0x40, 0x2D, 0xE9, 0xD0, 0x30, 0x9F, 0xE5, 0x00, 0x60, 0xA0, 0xE1
	.byte 0x00, 0xC0, 0x93, 0xE5, 0x01, 0x50, 0xA0, 0xE1, 0x02, 0x40, 0xA0, 0xE1, 0x00, 0x00, 0x5C, 0xE3
	.byte 0x24, 0x00, 0x00, 0x0A, 0x04, 0x00, 0x93, 0xE5, 0x00, 0x00, 0x50, 0xE3, 0x16, 0x00, 0x00, 0x0A
	.byte 0x00, 0x20, 0x9C, 0xE5, 0x01, 0x00, 0x82, 0xE2, 0x04, 0x10, 0x80, 0xE0, 0xC0, 0x00, 0x51, 0xE3
	.byte 0x11, 0x00, 0x00, 0x8A, 0x00, 0x00, 0x8C, 0xE5, 0x00, 0x00, 0x93, 0xE5, 0x00, 0x00, 0x54, 0xE3
	.byte 0x02, 0x01, 0x80, 0xE0, 0x04, 0x60, 0x80, 0xE5, 0x70, 0x80, 0xBD, 0x08, 0x00, 0x20, 0x93, 0xE5
	.byte 0x05, 0x00, 0xA0, 0xE1, 0x04, 0x10, 0x92, 0xE4, 0x01, 0x11, 0x82, 0xE0, 0x04, 0x21, 0xA0, 0xE1
	.byte 0x3D, 0x53, 0x00, 0xEB, 0x64, 0x00, 0x9F, 0xE5, 0x00, 0x10, 0x90, 0xE5, 0x00, 0x00, 0x91, 0xE5
	.byte 0x04, 0x00, 0x80, 0xE0, 0x00, 0x00, 0x81, 0xE5, 0x70, 0x80, 0xBD, 0xE8, 0x00, 0x00, 0x9C, 0xE5
	.byte 0x00, 0x00, 0x50, 0xE3, 0x01, 0x00, 0x00, 0x0A, 0x50, 0xFF, 0xFF, 0xEB, 0x09, 0x00, 0x00, 0xEA
	.byte 0x38, 0x00, 0x9F, 0xE5, 0x04, 0x00, 0x90, 0xE5, 0x00, 0x00, 0x50, 0xE3, 0x05, 0x00, 0x00, 0x0A
	.byte 0x61, 0xFF, 0xFF, 0xEB, 0x03, 0x00, 0x00, 0xEA, 0x04, 0x00, 0x93, 0xE5, 0x00, 0x00, 0x50, 0xE3
	.byte 0x00, 0x00, 0x00, 0x0A, 0x5C, 0xFF, 0xFF, 0xEB, 0x14, 0x10, 0x9F, 0xE5, 0x05, 0x00, 0xA0, 0xE1
	.byte 0x04, 0x21, 0xA0, 0xE1, 0x00, 0x60, 0x81, 0xE5, 0x0A, 0x53, 0x00, 0xEB, 0x70, 0x80, 0xBD, 0xE8
	.byte 0xB4, 0xBA, 0x14, 0x02, 0x00, 0x04, 0x00, 0x04, 0x70, 0x40, 0x2D, 0xE9, 0x40, 0xD0, 0x4D, 0xE2
	.byte 0x00, 0x60, 0xA0, 0xE1, 0x01, 0x50, 0xA0, 0xE1, 0x38, 0xFF, 0xFF, 0xEB, 0x68, 0x00, 0x9F, 0xE5
	.byte 0x00, 0x10, 0xA0, 0xE3, 0x00, 0x10, 0x80, 0xE5, 0x04, 0x10, 0x80, 0xE5, 0x14, 0x10, 0x80, 0xE5
	.byte 0x00, 0x00, 0x56, 0xE3, 0x07, 0x00, 0x00, 0x0A, 0x00, 0x40, 0x8D, 0xE2, 0x04, 0x00, 0xA0, 0xE1
	.byte 0x74, 0x3F, 0x00, 0xEB, 0x00, 0x00, 0x50, 0xE3, 0xFB, 0xFF, 0xFF, 0x1A, 0x00, 0x00, 0x8D, 0xE2
	.byte 0x06, 0x10, 0xA0, 0xE1, 0xC1, 0x37, 0x00, 0xEB, 0x00, 0x00, 0x55, 0xE3, 0x03, 0x00, 0x00, 0x0A
	.byte 0x05, 0x00, 0xA0, 0xE1, 0x77, 0x3F, 0x00, 0xEB, 0x00, 0x00, 0x50, 0xE3, 0xFB, 0xFF, 0xFF, 0x1A
	.byte 0x18, 0x10, 0x9F, 0xE5, 0x01, 0x00, 0xA0, 0xE3, 0x00, 0x00, 0x81, 0xE5, 0x02, 0x00, 0xA0, 0xE3
	.byte 0x08, 0x00, 0x01, 0xE5, 0x40, 0xD0, 0x8D, 0xE2, 0x70, 0x80, 0xBD, 0xE8, 0x40, 0x04, 0x00, 0x04
	.byte 0x48, 0x04, 0x00, 0x04, 0x08, 0x40, 0x2D, 0xE9, 0x9A, 0x3E, 0x00, 0xEB, 0xF7, 0xF1, 0xFF, 0xEB
	.byte 0x10, 0x10, 0x9F, 0xE5, 0x00, 0x00, 0x91, 0xE5, 0x03, 0x01, 0xC0, 0xE3, 0x02, 0x01, 0x80, 0xE3
	.byte 0x00, 0x00, 0x81, 0xE5, 0x08, 0x80, 0xBD, 0xE8, 0x00, 0x06, 0x00, 0x04, 0xF0, 0x43, 0x2D, 0xE9
	.byte 0x1C, 0xD0, 0x4D, 0xE2, 0x01, 0x50, 0xA0, 0xE1, 0x02, 0x40, 0xA0, 0xE1, 0x68, 0x61, 0x9F, 0xE5
	.byte 0x68, 0x11, 0x9F, 0xE5, 0x10, 0x20, 0x8D, 0xE2, 0x2A, 0x37, 0x00, 0xEB, 0x14, 0x10, 0x9D, 0xE5
	.byte 0x1C, 0x00, 0x96, 0xE5, 0x10, 0x20, 0x9D, 0xE5, 0x91, 0x80, 0xC7, 0xE0, 0x0C, 0x00, 0x96, 0xE5
	.byte 0x18, 0x30, 0x9D, 0xE5, 0x92, 0x80, 0xE7, 0xE0, 0x2C, 0x10, 0x96, 0xE5, 0x3C, 0x00, 0x96, 0xE5
	.byte 0x93, 0x81, 0xE7, 0xE0, 0x28, 0x16, 0xA0, 0xE1, 0x07, 0x1A, 0x81, 0xE1, 0x00, 0x00, 0x81, 0xE0
	.byte 0x42, 0x3A, 0x00, 0xEB, 0x14, 0x20, 0x9D, 0xE5, 0x10, 0x10, 0x96, 0xE5, 0x14, 0x00, 0x96, 0xE5
	.byte 0x92, 0x91, 0xC8, 0xE0, 0x92, 0xE0, 0xCC, 0xE0, 0x10, 0x10, 0x9D, 0xE5, 0x00, 0x30, 0x96, 0xE5
	.byte 0x18, 0x00, 0x9D, 0xE5, 0x91, 0x93, 0xE8, 0xE0, 0x20, 0x70, 0x96, 0xE5, 0x30, 0x20, 0x96, 0xE5
	.byte 0x90, 0x97, 0xE8, 0xE0, 0x29, 0x36, 0xA0, 0xE1, 0x08, 0x3A, 0x83, 0xE1, 0x02, 0x70, 0x83, 0xE0
	.byte 0x04, 0x30, 0x96, 0xE5, 0x24, 0x80, 0x96, 0xE5, 0x91, 0xE3, 0xEC, 0xE0, 0x90, 0xE8, 0xEC, 0xE0
	.byte 0x2E, 0x06, 0xA0, 0xE1, 0x34, 0x20, 0x96, 0xE5, 0x0C, 0x0A, 0x80, 0xE1, 0x02, 0x80, 0x80, 0xE0
	.byte 0x14, 0x3A, 0x00, 0xEB, 0x90, 0xE7, 0x8C, 0xE0, 0xC7, 0x2F, 0xA0, 0xE1, 0x90, 0xC2, 0x2C, 0xE0
	.byte 0x91, 0xC7, 0x2C, 0xE0, 0x02, 0xE1, 0x9E, 0xE2, 0x00, 0x20, 0xAC, 0xE2, 0x01, 0x2A, 0x82, 0xE2
	.byte 0xA2, 0x2F, 0x82, 0xE0, 0xC2, 0x70, 0xA0, 0xE1, 0xC8, 0x3F, 0xA0, 0xE1, 0x90, 0xC8, 0x82, 0xE0
	.byte 0x90, 0x23, 0x22, 0xE0, 0x91, 0x28, 0x22, 0xE0, 0x02, 0x01, 0x9C, 0xE2, 0x00, 0x00, 0xA2, 0xE2
	.byte 0x01, 0x0A, 0x80, 0xE2, 0xA0, 0x0F, 0x80, 0xE0, 0xC0, 0x80, 0xA0, 0xE1, 0x00, 0x00, 0x57, 0xE3
	.byte 0x00, 0x60, 0xA0, 0xE3, 0x00, 0x00, 0x58, 0xA3, 0x02, 0x00, 0x00, 0xBA, 0x01, 0x0A, 0x57, 0xE3
	.byte 0x01, 0x0A, 0x58, 0xD3, 0x00, 0x00, 0x00, 0xDA, 0x00, 0x60, 0xE0, 0xE3, 0x0C, 0x00, 0x8D, 0xE2
	.byte 0x08, 0x10, 0x8D, 0xE2, 0x04, 0x20, 0x8D, 0xE2, 0x00, 0x30, 0x8D, 0xE2, 0x88, 0xF3, 0xFF, 0xEB
	.byte 0x0C, 0x20, 0x9D, 0xE5, 0x04, 0x00, 0x9D, 0xE5, 0x00, 0xC0, 0x9D, 0xE5, 0x02, 0x00, 0x40, 0xE0
	.byte 0x97, 0x00, 0x00, 0xE0, 0x02, 0x1B, 0x80, 0xE2, 0x08, 0x30, 0x9D, 0xE5, 0x41, 0x16, 0x82, 0xE0
	.byte 0x03, 0x00, 0x4C, 0xE0, 0x98, 0x00, 0x00, 0xE0, 0x00, 0x10, 0x85, 0xE5, 0x08, 0x10, 0x9D, 0xE5
	.byte 0x02, 0x0B, 0x80, 0xE2, 0xBF, 0x10, 0x61, 0xE2, 0x40, 0x16, 0x41, 0xE0, 0x06, 0x00, 0xA0, 0xE1
	.byte 0x00, 0x10, 0x84, 0xE5, 0x1C, 0xD0, 0x8D, 0xE2, 0xF0, 0x83, 0xBD, 0xE8, 0x54, 0x8B, 0x14, 0x02
	.byte 0x98, 0x8B, 0x14, 0x02, 0xF0, 0x4F, 0x2D, 0xE9, 0x24, 0xD0, 0x4D, 0xE2, 0x00, 0x70, 0xA0, 0xE1
	.byte 0x01, 0x60, 0xA0, 0xE1, 0x02, 0xB0, 0xA0, 0xE1, 0x03, 0x40, 0xA0, 0xE1, 0x20, 0x00, 0x8D, 0xE2
	.byte 0x1C, 0x10, 0x8D, 0xE2, 0x18, 0x20, 0x8D, 0xE2, 0x14, 0x30, 0x8D, 0xE2, 0x68, 0xF3, 0xFF, 0xEB
	.byte 0x14, 0x10, 0x9D, 0xE5, 0x1C, 0x00, 0x9D, 0xE5, 0x20, 0x20, 0x9D, 0xE5, 0x00, 0x50, 0x41, 0xE0
	.byte 0x18, 0x10, 0x9D, 0xE5, 0x02, 0x00, 0x47, 0xE0, 0x02, 0x10, 0x41, 0xE0, 0x00, 0x06, 0xA0, 0xE1
	.byte 0x01, 0x16, 0xA0, 0xE1, 0x93, 0x39, 0x00, 0xEB, 0x00, 0x10, 0x65, 0xE2, 0x00, 0x50, 0xA0, 0xE1
	.byte 0x1C, 0x00, 0x9D, 0xE5, 0x01, 0x16, 0xA0, 0xE1, 0x00, 0x00, 0x86, 0xE0, 0xBF, 0x00, 0x40, 0xE2
	.byte 0x00, 0x06, 0xA0, 0xE1, 0x8B, 0x39, 0x00, 0xEB, 0x00, 0x00, 0x55, 0xE3, 0x00, 0x00, 0x50, 0xA3
	.byte 0x02, 0x00, 0x00, 0xBA, 0x01, 0x0A, 0x55, 0xE3, 0x01, 0x0A, 0x50, 0xD3, 0x02, 0x00, 0x00, 0xDA
	.byte 0x00, 0x10, 0xE0, 0xE3, 0x10, 0x10, 0x8D, 0xE5, 0x01, 0x00, 0x00, 0xEA, 0x00, 0x10, 0xA0, 0xE3
	.byte 0x10, 0x10, 0x8D, 0xE5, 0x02, 0x1B, 0x45, 0xE2, 0x02, 0x0B, 0x40, 0xE2, 0x81, 0x80, 0xA0, 0xE1
	.byte 0x80, 0xA0, 0xA0, 0xE1, 0x2C, 0xF3, 0xFF, 0xEB, 0x00, 0x50, 0xA0, 0xE1, 0x1C, 0x00, 0x95, 0xE5
	.byte 0x0C, 0x10, 0x95, 0xE5, 0x9A, 0x20, 0xC0, 0xE0, 0x98, 0x21, 0xE0, 0xE0, 0x22, 0x26, 0xA0, 0xE1
	.byte 0x00, 0x2A, 0x82, 0xE1, 0x3C, 0x00, 0x95, 0xE5, 0x2C, 0x10, 0x95, 0xE5, 0x02, 0x00, 0x80, 0xE0
	.byte 0x0C, 0x00, 0x8D, 0xE5, 0x01, 0x00, 0x40, 0xE0, 0xBC, 0x39, 0x00, 0xEB, 0x10, 0x00, 0x95, 0xE5
	.byte 0x00, 0x20, 0x95, 0xE5, 0x9A, 0x30, 0xC0, 0xE0, 0x98, 0x32, 0xE0, 0xE0, 0x23, 0x26, 0xA0, 0xE1
	.byte 0x00, 0x2A, 0x82, 0xE1, 0x30, 0x60, 0x95, 0xE5, 0x04, 0x30, 0x95, 0xE5, 0x02, 0x60, 0x86, 0xE0
	.byte 0x14, 0x20
_0206E1D2:
	.byte 0x95, 0xE5, 0x34, 0x10, 0x95, 0xE5, 0x9A, 0x72, 0xC2, 0xE0, 0x98, 0x73, 0xE2, 0xE0
	.byte 0x27, 0x36, 0xA0, 0xE1, 0x02, 0x3A, 0x83, 0xE1, 0x03, 0x70, 0x81, 0xE0, 0x18, 0x10, 0x95, 0xE5
	.byte 0x08, 0x20, 0x95, 0xE5, 0x9A, 0x31

	non_word_aligned_thumb_func_start FUN_0206e1f6
FUN_0206e1f6: ; 0x0206E1F6
	b _0206E37C
_0206E1F8:
	.byte 0x98, 0x32, 0xE1, 0xE0, 0x23, 0x26, 0xA0, 0xE1
	.byte 0x38, 0x00, 0x95, 0xE5, 0x01, 0x2A, 0x82, 0xE1, 0x00, 0x00, 0x54, 0xE3, 0x02, 0x80, 0x80, 0xE0
	.byte 0x0B, 0x00, 0x00, 0x0A, 0x20, 0x00, 0x95, 0xE5, 0x24, 0x30, 0x95, 0xE5, 0x00, 0x00, 0x86, 0xE0
	.byte 0x04, 0x00, 0x8D, 0xE5, 0x03, 0x00, 0x87, 0xE0, 0x00, 0x00, 0x8D, 0xE5, 0x28, 0x20, 0x95, 0xE5
	.byte 0x2C, 0x10, 0x95, 0xE5, 0x0C, 0x00, 0x9D, 0xE5, 0x02, 0x90, 0x88, 0xE0, 0x01, 0x00, 0x80, 0xE0
	.byte 0x08, 0x00, 0x8D, 0xE5, 0x20, 0x20, 0x95, 0xE5, 0x24, 0x10, 0x95, 0xE5, 0x28, 0x00, 0x95, 0xE5
	.byte 0x02, 0x60, 0x46, 0xE0, 0x01, 0x70, 0x47, 0xE0, 0x00, 0x80, 0x48, 0xE0, 0x79, 0x39, 0x00, 0xEB
	.byte 0x00, 0x50, 0xA0, 0xE1, 0x01, 0xA0, 0xA0, 0xE1, 0x00, 0x00, 0x54, 0xE3, 0x01, 0x00, 0x00, 0x0A
	.byte 0x08, 0x00, 0x9D, 0xE5, 0x89, 0x39, 0x00, 0xEB, 0xC6, 0x0F, 0xA0, 0xE1, 0x95, 0x26, 0x81, 0xE0
	.byte 0x02, 0x21, 0x92, 0xE2, 0x95, 0x10, 0x21, 0xE0, 0x9A, 0x16, 0x21, 0xE0, 0x00, 0x20, 0xA1, 0xE2
	.byte 0x95, 0x07, 0x81, 0xE0, 0x00, 0x20, 0x8B, 0xE5, 0x02, 0x01, 0x90, 0xE2, 0xC7, 0x0F, 0xA0, 0xE1
	.byte 0x95, 0x10, 0x21, 0xE0, 0x9A, 0x17, 0x21, 0xE0, 0x00, 0x00, 0xA1, 0xE2, 0x04, 0x00, 0x8B, 0xE5
	.byte 0x95, 0x08, 0x81, 0xE0, 0x02, 0x01, 0x90, 0xE2, 0xC8, 0x0F, 0xA0, 0xE1, 0x95, 0x10, 0x21, 0xE0
	.byte 0x9A, 0x18, 0x21, 0xE0, 0x00, 0x00, 0xA1, 0xE2, 0x08, 0x00, 0x8B, 0xE5, 0x00, 0x00, 0x54, 0xE3
	.byte 0x19, 0x00, 0x00, 0x0A, 0x5B, 0x39, 0x00, 0xEB, 0x04, 0x20, 0x9D, 0xE5, 0x90, 0x62, 0x85, 0xE0
	.byte 0xC2, 0x2F, 0xA0, 0xE1, 0x90, 0x52, 0x25, 0xE0, 0x00, 0x20, 0x9D, 0xE5, 0x02, 0x61, 0x96, 0xE2
	.byte 0xC2, 0x7F, 0xA0, 0xE1, 0x90, 0x32, 0x82, 0xE0, 0x90, 0x27, 0x22, 0xE0, 0xC9, 0x7F, 0xA0, 0xE1
	.byte 0x90, 0x89, 0x86, 0xE0, 0x90, 0x67, 0x26, 0xE0, 0x04, 0x00, 0x9D, 0xE5, 0x91, 0x69, 0x26, 0xE0
	.byte 0x91, 0x50, 0x25, 0xE0, 0x00, 0x00, 0xA5, 0xE2, 0x00, 0x00, 0x84, 0xE5, 0x00, 0x00, 0x9D, 0xE5
	.byte 0x91, 0x20, 0x22, 0xE0, 0x02, 0x01, 0x93, 0xE2, 0x00, 0x20, 0xA2, 0xE2, 0x02, 0x01, 0x98, 0xE2
	.byte 0x04, 0x20, 0x84, 0xE5, 0x00, 0x00, 0xA6, 0xE2, 0x08, 0x00, 0x84, 0xE5, 0x10, 0x00, 0x9D, 0xE5
	.byte 0x24, 0xD0, 0x8D, 0xE2, 0xF0, 0x8F, 0xBD, 0xE8, 0x04, 0xC0, 0x9F, 0xE5, 0x54, 0x10, 0xA0, 0xE3
	.byte 0x1C, 0xFF, 0x2F, 0xE1, 0x30, 0x13, 0x06, 0x02, 0x00, 0xC0, 0x9F, 0xE5, 0x1C, 0xFF, 0x2F, 0xE1
	.byte 0x44, 0x13, 0x06, 0x02, 0x10, 0x40, 0x2D, 0xE9, 0x00, 0x40, 0xA0, 0xE1, 0x01, 0x00, 0xA0, 0xE1
	.byte 0x02, 0x10, 0xA0, 0xE1, 0x26, 0xEE, 0xFF, 0xEB, 0x00, 0x10, 0xA0, 0xE1
_0206E37C:
	lsl r4, r0, #0
	b _0206E6C2
_0206E380:
	.byte 0xEA, 0xCB, 0xFF, 0xEB, 0x10, 0x80, 0xBD, 0xE8, 0x00, 0xC0, 0x9F, 0xE5, 0x1C, 0xFF, 0x2F, 0xE1
	.byte 0x44, 0x13, 0x06, 0x02, 0x08, 0x40, 0x2D, 0xE9, 0x00, 0x00, 0x50, 0xE3, 0x08, 0x30, 0x90, 0x15
	.byte 0x00, 0x00, 0x53, 0x13, 0x03, 0xE0, 0x80, 0x10, 0x00, 0xE0, 0xA0, 0x03, 0x00, 0x00, 0x5E, 0xE3
	.byte 0x0F, 0x00, 0x00, 0x0A, 0x04, 0xC0, 0x9E, 0xE2, 0x08, 0x00, 0x00, 0x0A, 0x05, 0x00, 0xDE, 0xE5
	.byte 0x00, 0x00, 0x51, 0xE1, 0x05, 0x00, 0x00, 0x2A, 0xBA, 0x30, 0xDE, 0xE1, 0xB3, 0x00, 0x9C, 0xE1
	.byte 0x03, 0x30, 0x8C, 0xE0, 0x04, 0x30, 0x83, 0xE2, 0x90, 0x31, 0x21, 0xE0, 0x00, 0x00, 0x00, 0xEA
	.byte 0x00, 0x10, 0xA0, 0xE3, 0x00, 0x00, 0x51, 0xE3, 0x00, 0x00, 0x91, 0x15, 0x00, 0x10, 0x8E, 0x10
	.byte 0x00, 0x00, 0x00, 0x1A, 0x00, 0x10, 0xA0, 0xE3, 0x0C, 0x00, 0x91, 0xE5, 0x0F, 0x00, 0xC0, 0xE3
	.byte 0x02, 0x00, 0x80, 0xE1, 0x0C, 0x00, 0x81, 0xE5, 0x08, 0x80, 0xBD, 0xE8, 0x08, 0x40, 0x2D, 0xE9
	.byte 0x00, 0x00, 0x50, 0xE3, 0x08, 0x30, 0x90, 0x15, 0x00, 0x00, 0x53, 0x13, 0x03, 0xE0, 0x80, 0x10
	.byte 0x00, 0xE0, 0xA0, 0x03, 0x00, 0x00, 0x5E, 0xE3, 0x0F, 0x00, 0x00, 0x0A, 0x04, 0xC0, 0x9E, 0xE2
	.byte 0x08, 0x00, 0x00, 0x0A, 0x05, 0x00, 0xDE, 0xE5, 0x00, 0x00, 0x51, 0xE1, 0x05, 0x00, 0x00, 0x2A
	.byte 0xBA, 0x30, 0xDE, 0xE1, 0xB3, 0x00, 0x9C, 0xE1, 0x03, 0x30, 0x8C, 0xE0, 0x04, 0x30, 0x83, 0xE2
	.byte 0x90, 0x31, 0x21, 0xE0, 0x00, 0x00, 0x00, 0xEA, 0x00, 0x10, 0xA0, 0xE3, 0x00, 0x00, 0x51, 0xE3
	.byte 0x00, 0x00, 0x91, 0x15, 0x00, 0x10, 0x8E, 0x10, 0x00, 0x00, 0x00, 0x1A, 0x00, 0x10, 0xA0, 0xE3
	.byte 0x0C, 0x00, 0x91, 0xE5, 0x30, 0x00, 0xC0, 0xE3, 0x02, 0x02, 0x80, 0xE1, 0x0C, 0x00, 0x81, 0xE5
	.byte 0x08, 0x80, 0xBD, 0xE8, 0x08, 0x40, 0x2D, 0xE9, 0x00, 0x00, 0x50, 0xE3, 0x08, 0x30, 0x90, 0x15
	.byte 0x00, 0x00, 0x53, 0x13, 0x03, 0xE0, 0x80, 0x10, 0x00, 0xE0, 0xA0, 0x03, 0x00, 0x00, 0x5E, 0xE3
	.byte 0x0F, 0x00, 0x00, 0x0A, 0x04, 0xC0, 0x9E, 0xE2, 0x08, 0x00, 0x00, 0x0A, 0x05, 0x00, 0xDE, 0xE5
	.byte 0x00, 0x00, 0x51, 0xE1, 0x05, 0x00, 0x00, 0x2A, 0xBA, 0x30, 0xDE, 0xE1, 0xB3, 0x00, 0x9C, 0xE1
	.byte 0x03, 0x30, 0x8C, 0xE0, 0x04, 0x30, 0x83, 0xE2, 0x90, 0x31, 0x21, 0xE0, 0x00, 0x00, 0x00, 0xEA
	.byte 0x00, 0x10, 0xA0, 0xE3, 0x00, 0x00, 0x51, 0xE3, 0x00, 0x00, 0x91, 0x15, 0x00, 0x10, 0x8E, 0x10
	.byte 0x00, 0x00, 0x00, 0x1A, 0x00, 0x10, 0xA0, 0xE3, 0x0C, 0x00, 0x91, 0xE5, 0xC0, 0x00, 0xC0, 0xE3
	.byte 0x02, 0x03, 0x80, 0xE1, 0x0C, 0x00, 0x81, 0xE5, 0x08, 0x80, 0xBD, 0xE8, 0x08, 0x40, 0x2D, 0xE9
	.byte 0x00, 0x00, 0x50, 0xE3, 0x08, 0x30, 0x90, 0x15, 0x00, 0x00, 0x53, 0x13, 0x03, 0xE0, 0x80, 0x10
	.byte 0x00, 0xE0, 0xA0, 0x03, 0x00, 0x00, 0x5E, 0xE3, 0x0F, 0x00, 0x00, 0x0A, 0x04, 0xC0, 0x9E, 0xE2
	.byte 0x08, 0x00, 0x00, 0x0A, 0x05, 0x00, 0xDE, 0xE5, 0x00, 0x00, 0x51, 0xE1, 0x05, 0x00, 0x00, 0x2A
	.byte 0xBA, 0x30, 0xDE, 0xE1, 0xB3, 0x00, 0x9C, 0xE1, 0x03, 0x30, 0x8C, 0xE0, 0x04, 0x30, 0x83, 0xE2
	.byte 0x90, 0x31, 0x21, 0xE0, 0x00, 0x00, 0x00, 0xEA, 0x00, 0x10, 0xA0, 0xE3, 0x00, 0x00, 0x51, 0xE3
	.byte 0x00, 0x00, 0x91, 0x15, 0x00, 0x10, 0x8E, 0x10, 0x00, 0x00, 0x00, 0x1A, 0x00, 0x10, 0xA0, 0xE3
	.byte 0x0C, 0x00, 0x91, 0xE5, 0x3F, 0x04, 0xC0, 0xE3, 0x02, 0x0C, 0x80, 0xE1, 0x0C, 0x00, 0x81, 0xE5
	.byte 0x08, 0x80, 0xBD, 0xE8, 0x08, 0x40, 0x2D, 0xE9, 0x00, 0x00, 0x50, 0xE3, 0x08, 0x30, 0x90, 0x15
	.byte 0x00, 0x00, 0x53, 0x13, 0x03, 0xE0, 0x80, 0x10, 0x00, 0xE0, 0xA0, 0x03, 0x00, 0x00, 0x5E, 0xE3
	.byte 0x0F, 0x00, 0x00, 0x0A, 0x04, 0xC0, 0x9E, 0xE2, 0x08, 0x00, 0x00, 0x0A, 0x05, 0x00, 0xDE, 0xE5
	.byte 0x00, 0x00, 0x51, 0xE1, 0x05, 0x00, 0x00, 0x2A, 0xBA, 0x30, 0xDE, 0xE1, 0xB3, 0x00, 0x9C, 0xE1
	.byte 0x03, 0x30, 0x8C, 0xE0, 0x04, 0x30, 0x83, 0xE2, 0x90, 0x31, 0x21, 0xE0, 0x00, 0x00, 0x00, 0xEA
	.byte 0x00, 0x10, 0xA0, 0xE3, 0x00, 0x00, 0x51, 0xE3, 0x00, 0x00, 0x91, 0x15, 0x00, 0x10, 0x8E, 0x10
	.byte 0x00, 0x00, 0x00, 0x1A, 0x00, 0x10, 0xA0, 0xE3, 0x0C, 0x00, 0x91, 0xE5, 0x1F, 0x08, 0xC0, 0xE3
	.byte 0x02, 0x08, 0x80, 0xE1, 0x0C, 0x00, 0x81, 0xE5, 0x08, 0x80, 0xBD, 0xE8, 0x70, 0x40, 0x2D, 0xE9
	.byte 0x00, 0x60, 0xA0, 0xE1, 0x18, 0x00, 0xD6, 0xE5, 0x01, 0x50, 0xA0, 0xE1, 0x00, 0x40, 0xA0, 0xE3
	.byte 0x00, 0x00, 0x50, 0xE3, 0x70, 0x80, 0xBD, 0x98, 0x06, 0x00, 0xA0, 0xE1, 0x04, 0x10, 0xA0, 0xE1
	.byte 0x05, 0x20, 0xA0, 0xE1, 0xB8, 0xFF, 0xFF, 0xEB, 0x18, 0x00, 0xD6, 0xE5, 0x01, 0x40, 0x84, 0xE2
	.byte 0x00, 0x00, 0x54, 0xE1, 0xF7, 0xFF, 0xFF, 0x3A, 0x70, 0x80, 0xBD, 0xE8, 0xF0, 0x41, 0x2D, 0xE9
	.byte 0x00, 0x00, 0x51, 0xE3, 0x00, 0x00, 0xA0, 0x03, 0xF0, 0x81, 0xBD, 0x08, 0x01, 0x50, 0xD0, 0xE5
	.byte 0x10, 0x00, 0x55, 0xE3, 0x2C, 0x00, 0x00, 0x2A, 0x0C, 0x50, 0x91, 0xE8, 0x00, 0x00, 0x55, 0xE3
	.byte 0x00, 0x10, 0xA0, 0xE3, 0x62, 0x00, 0x00, 0x9A, 0x01, 0x40, 0xA0, 0xE1, 0x01, 0x70, 0xA0, 0xE1
	.byte 0x00, 0x00, 0x50, 0xE3, 0x08, 0x00, 0x00, 0x0A, 0x01, 0x60, 0xD0, 0xE5, 0x06, 0x00, 0x51, 0xE1
	.byte 0x05, 0x00, 0x00, 0x2A, 0xB6, 0x60, 0xD0, 0xE1, 0x06, 0x80, 0x80, 0xE0, 0xB2, 0x60, 0xD8, 0xE1
	.byte 0x06, 0x60, 0x88, 0xE0, 0x04, 0x80, 0x86, 0xE0, 0x00, 0x00, 0x00, 0xEA, 0x07, 0x80, 0xA0, 0xE1
	.byte 0x00, 0x60, 0x98, 0xE5, 0x02, 0x00, 0x56, 0xE1, 0x04, 0x60, 0x98, 0x05, 0x03, 0x00, 0x56, 0x01
	.byte 0x08, 0x60, 0x98, 0x05, 0x0C, 0x00, 0x56, 0x01, 0x0C, 0x60, 0x98, 0x05, 0x0E, 0x00, 0x56, 0x01
	.byte 0x0B, 0x00, 0x00, 0x1A, 0x00, 0x00, 0x50, 0xE3, 0x07, 0x00, 0x00, 0x0A, 0x05, 0x00, 0x51, 0xE1
	.byte 0x05, 0x00
_0206E6C2:
	cmp r2, #0
	add r0, #0xb6
	b _0206EA6A
_0206E6C8:
	.byte 0xB3, 0x20, 0x90, 0xE1, 0x03, 0x00, 0x80, 0xE0
	.byte 0x04, 0x00, 0x80, 0xE2, 0x92, 0x01, 0x20, 0xE0, 0xF0, 0x81, 0xBD, 0xE8, 0x00, 0x00, 0xA0, 0xE3
	.byte 0xF0, 0x81, 0xBD, 0xE8, 0x01, 0x60, 0xD0, 0xE5, 0x01, 0x10, 0x81, 0xE2, 0x10, 0x40, 0x84, 0xE2
	.byte 0x06, 0x00, 0x51, 0xE1, 0xD9, 0xFF, 0xFF, 0x3A, 0x39, 0x00, 0x00, 0xEA, 0x08, 0x40, 0x80, 0xE2
	.byte 0x01, 0x30, 0xD4, 0xE5, 0x00, 0x00, 0x53, 0xE3, 0x35, 0x00, 0x00, 0x0A, 0x03, 0x71, 0xD4, 0xE7
	.byte 0x00, 0x20, 0xD4, 0xE5, 0x03, 0x61, 0x84, 0xE0, 0x07, 0x00, 0x52, 0xE1, 0x0B, 0x00, 0x00, 0x9A
	.byte 0xC7, 0x22, 0xA0, 0xE1, 0x02, 0x31, 0x91, 0xE7, 0x1F, 0x20, 0x07, 0xE2, 0x33, 0x22, 0xA0, 0xE1
	.byte 0x01, 0x20, 0x02, 0xE2, 0x02, 0x20, 0x86, 0xE0, 0x01, 0x30, 0xD2, 0xE5, 0x00, 0x20, 0xD6, 0xE5
	.byte 0x03, 0x71, 0xD4, 0xE7, 0x03, 0x61, 0x84, 0xE0, 0x07, 0x00, 0x52, 0xE1, 0xF3, 0xFF, 0xFF, 0x8A
	.byte 0x00, 0x00, 0x50, 0xE3, 0x03, 0x20, 0xD6, 0xE5, 0x07, 0x00, 0x00, 0x0A, 0x05, 0x00, 0x52, 0xE1
	.byte 0x05, 0x00, 0x00, 0x2A, 0xB6, 0x30, 0xD0, 0xE1, 0x03, 0x40, 0x80, 0xE0, 0xB2, 0x30, 0xD4, 0xE1
	.byte 0x03, 0x30, 0x84, 0xE0, 0x02, 0x62, 0x83, 0xE0, 0x00, 0x00, 0x00, 0xEA, 0x00, 0x60, 0xA0, 0xE3
	.byte 0x00, 0x40, 0x96, 0xE5, 0x00, 0x30, 0x91, 0xE5, 0x03, 0x00, 0x54, 0xE1, 0x04, 0x40, 0x96, 0x05
	.byte 0x04, 0x30, 0x91, 0x05, 0x03, 0x00, 0x54, 0x01, 0x08, 0x40, 0x96, 0x05, 0x08, 0x30, 0x91, 0x05
	.byte 0x03, 0x00, 0x54, 0x01, 0x0C, 0x30, 0x96, 0x05, 0x0C, 0x10, 0x91, 0x05, 0x01, 0x00, 0x53, 0x01
	.byte 0x0B, 0x00, 0x00, 0x1A, 0x00, 0x00, 0x50, 0xE3, 0x07, 0x00, 0x00, 0x0A, 0x05, 0x00, 0x52, 0xE1
	.byte 0x05, 0x00, 0x00, 0x2A, 0xB6, 0x30, 0xD0, 0xE1, 0xB3, 0x10, 0x90, 0xE1, 0x03, 0x00, 0x80, 0xE0
	.byte 0x04, 0x00, 0x80, 0xE2, 0x91, 0x02, 0x20, 0xE0, 0xF0, 0x81, 0xBD, 0xE8, 0x00, 0x00, 0xA0, 0xE3
	.byte 0xF0, 0x81, 0xBD, 0xE8, 0x00, 0x00, 0xA0, 0xE3, 0xF0, 0x81, 0xBD, 0xE8, 0xF8, 0x40, 0x2D, 0xE9
	.byte 0x00, 0x00, 0x51, 0xE3, 0x00, 0x00, 0xE0, 0x03, 0xF8, 0x80, 0xBD, 0x08, 0x01, 0x20, 0xD0, 0xE5
	.byte 0x10, 0x00, 0x52, 0xE3, 0x21, 0x00, 0x00, 0x2A, 0x00, 0x00, 0x52, 0xE3, 0x0C, 0x50, 0x91, 0xE8
	.byte 0x00, 0x10, 0xA0, 0xE3, 0x4C, 0x00, 0x00, 0x9A, 0x01, 0x40, 0xA0, 0xE1, 0x01, 0x60, 0xA0, 0xE1
	.byte 0x00, 0x00, 0x50, 0xE3, 0x08, 0x00, 0x00, 0x0A, 0x01, 0x50, 0xD0, 0xE5, 0x05, 0x00, 0x51, 0xE1
	.byte 0x05, 0x00, 0x00, 0x2A, 0xB6, 0x50, 0xD0, 0xE1, 0x05, 0x70, 0x80, 0xE0, 0xB2, 0x50, 0xD7, 0xE1
	.byte 0x05, 0x50, 0x87, 0xE0, 0x04, 0x70, 0x85, 0xE0, 0x00, 0x00, 0x00, 0xEA, 0x06, 0x70, 0xA0, 0xE1
	.byte 0x00, 0x50, 0x97, 0xE5, 0x02, 0x00, 0x55, 0xE1, 0x04, 0x50, 0x97, 0x05, 0x03, 0x00, 0x55, 0x01
	.byte 0x08, 0x50, 0x97, 0x05, 0x0C, 0x00, 0x55, 0x01, 0x0C, 0x50, 0x97, 0x05, 0x0E, 0x00, 0x55, 0x01
	.byte 0x01, 0x00, 0xA0, 0x01, 0xF8, 0x80, 0xBD, 0x08, 0x01, 0x50, 0xD0, 0xE5, 0x01, 0x10, 0x81, 0xE2
	.byte 0x10, 0x40, 0x84, 0xE2, 0x05, 0x00, 0x51, 0xE1, 0xE4, 0xFF, 0xFF, 0x3A, 0x2E, 0x00, 0x00, 0xEA
	.byte 0x08, 0x50, 0x80, 0xE2, 0x01, 0x40, 0xD5, 0xE5, 0x00, 0x00, 0x54, 0xE3, 0x2A, 0x00, 0x00, 0x0A
	.byte 0x04, 0x71, 0xD5, 0xE7, 0x00, 0x30, 0xD5, 0xE5, 0x04, 0x61, 0x85, 0xE0, 0x07, 0x00, 0x53, 0xE1
	.byte 0x0B, 0x00, 0x00, 0x9A, 0xC7, 0x32, 0xA0, 0xE1, 0x03, 0x41, 0x91, 0xE7, 0x1F, 0x30, 0x07, 0xE2
	.byte 0x34, 0x33, 0xA0, 0xE1, 0x01, 0x30, 0x03, 0xE2, 0x03, 0x30, 0x86, 0xE0, 0x01, 0x40, 0xD3, 0xE5
	.byte 0x00, 0x30, 0xD6, 0xE5, 0x04, 0x71, 0xD5, 0xE7, 0x04, 0x61, 0x85, 0xE0, 0x07, 0x00, 0x53, 0xE1
	.byte 0xF3, 0xFF, 0xFF, 0x8A, 0x00, 0x00, 0x50, 0xE3, 0x03, 0x30, 0xD6, 0xE5, 0x07, 0x00, 0x00, 0x0A
	.byte 0x02, 0x00, 0x53, 0xE1, 0x05, 0x00, 0x00, 0x2A, 0xB6, 0x20, 0xD0, 0xE1, 0x02, 0x20, 0x80, 0xE0
	.byte 0xB2, 0x00, 0xD2, 0xE1, 0x00, 0x00, 0x82, 0xE0, 0x03, 0x42, 0x80, 0xE0, 0x00, 0x00, 0x00, 0xEA
	.byte 0x00, 0x40, 0xA0, 0xE3, 0x00, 0x20, 0x94, 0xE5, 0x00, 0x00, 0x91, 0xE5, 0x00, 0x00, 0x52, 0xE1
	.byte 0x04, 0x20
_0206E922:
	lsl r4, r2, #0x16
	lsl r4, r0, #0
	lsl r1, r2, #0x16
	lsl r0, r0, #0
	lsl r2, r2, #5
	mov r0, #8
	lsl r4, r2, #0x16
	lsl r0, r1, #0
	lsl r1, r2, #0x16
	lsl r0, r0, #0
	lsl r2, r2, #5
	mov r0, #0xc
	lsl r4, r2, #0x16
	lsl r4, r1, #0
	lsl r1, r2, #0x16
	lsl r0, r0, #0
	lsl r2, r2, #5
	lsl r3, r0, #0
	lsl r0, r4, #6
	strh r0, [r7, #6]
	lsr r5, r7, #2
	lsl r0, r0, #0
	b _0206F112
_0206E950:
	.byte 0xF8, 0x80, 0xBD, 0xE8, 0xBC, 0x10, 0xD0, 0xE1, 0x01, 0x10, 0x90, 0xE7, 0x01, 0x00, 0x80, 0xE0
	.byte 0x1E, 0xFF, 0x2F, 0xE1, 0xBC, 0x20, 0xD0, 0xE1, 0xBE, 0x10, 0xD0, 0xE1, 0x02, 0x30, 0x80, 0xE0
	.byte 0x01, 0x00, 0x51, 0xE3, 0x06, 0x00, 0x00, 0x1A, 0x00, 0x20, 0x90, 0xE5, 0x1C, 0x10, 0x9F, 0xE5
	.byte 0x01, 0x00, 0x52, 0xE1, 0x00, 0x10, 0x93, 0x05, 0x01, 0x00, 0x80, 0x00, 0x00, 0x00, 0xA0, 0x13
	.byte 0x1E, 0xFF, 0x2F, 0xE1, 0x04, 0x10, 0x93, 0xE5, 0x01, 0x00, 0x80, 0xE0, 0x1E, 0xFF, 0x2F, 0xE1
	.byte 0x42, 0x54, 0x58, 0x30, 0x00, 0x00, 0x50, 0xE3, 0x12, 0x00, 0x00, 0x0A, 0xBC, 0x20, 0xD0, 0xE1
	.byte 0x02, 0x20, 0x90, 0xE7, 0x02, 0xC0, 0x80, 0xE0, 0x08, 0x30, 0x9C, 0xE2, 0x08, 0x00, 0x00, 0x0A
	.byte 0x09, 0x00, 0xDC, 0xE5, 0x00, 0x00, 0x51, 0xE1, 0x05, 0x00, 0x00, 0x2A, 0xBE, 0x20, 0xDC, 0xE1
	.byte 0xB2, 0x00, 0x93, 0xE1, 0x02, 0x20, 0x83, 0xE0, 0x04, 0x20, 0x82, 0xE2, 0x90, 0x21, 0x21, 0xE0
	.byte 0x00, 0x00, 0x00, 0xEA, 0x00, 0x10, 0xA0, 0xE3, 0x00, 0x00, 0x51, 0xE3, 0x00, 0x00, 0x91, 0x15
	.byte 0x00, 0x00, 0x8C, 0x10, 0x1E, 0xFF, 0x2F, 0x11, 0x00, 0x00, 0xA0, 0xE3, 0x1E, 0xFF, 0x2F, 0xE1
	.byte 0x00, 0x00, 0x50, 0xE3, 0x06, 0x00, 0x00, 0x0A, 0x06, 0x20, 0xD0, 0xE5, 0x02, 0x00, 0x51, 0xE1
	.byte 0x03, 0x00, 0x00, 0x2A, 0xB8, 0x20, 0xD0, 0xE1, 0x02, 0x00, 0x80, 0xE0, 0x01, 0x02, 0x80, 0xE0
	.byte 0x1E, 0xFF, 0x2F, 0xE1, 0x00, 0x00, 0xA0, 0xE3, 0x1E, 0xFF, 0x2F, 0xE1, 0x00, 0x00, 0x50, 0xE3
	.byte 0x06, 0x00, 0x00, 0x0A, 0x07, 0x20, 0xD0, 0xE5, 0x02, 0x00, 0x51, 0xE1, 0x03, 0x00, 0x00, 0x2A
	.byte 0xBA, 0x20, 0xD0, 0xE1, 0x02, 0x00, 0x80, 0xE0, 0x01, 0x02, 0x80, 0xE0, 0x1E, 0xFF, 0x2F, 0xE1
	.byte 0x00, 0x00, 0xA0, 0xE3, 0x1E, 0xFF, 0x2F, 0xE1, 0x38, 0x40, 0x2D, 0xE9, 0x00, 0x50, 0xA0, 0xE1
	.byte 0x02, 0x40, 0xA0, 0xE1, 0x18, 0x00, 0x00, 0xEB, 0xF4, 0x10
_0206EA6A:
	b _0206EE0E
_0206EA6C:
	.byte 0xB6, 0x30, 0xD0, 0xE1
	.byte 0x91, 0x04, 0x02, 0xE0, 0x03, 0x30, 0x85, 0xE0, 0x22, 0x26, 0xA0, 0xE1, 0x00, 0x00, 0x00, 0xEA
	.byte 0x01, 0x20, 0x42, 0xE2, 0x00, 0x00, 0x52, 0xE3, 0x03, 0x00, 0x00, 0x0A, 0x02, 0x11, 0xA0, 0xE1
	.byte 0xB1, 0x10, 0x93, 0xE1, 0x04, 0x00, 0x51, 0xE1, 0xF8, 0xFF, 0xFF, 0x2A, 0xB0, 0x10, 0xD0, 0xE1
	.byte 0x00, 0x00, 0x00, 0xEA, 0x01, 0x20, 0x82, 0xE2, 0x01, 0x00, 0x82, 0xE2, 0x01, 0x00, 0x50, 0xE1
	.byte 0x03, 0x00, 0x00, 0x2A, 0x02, 0x01, 0x83, 0xE0, 0xB4, 0x00, 0xD0, 0xE1, 0x04, 0x00, 0x50, 0xE1
	.byte 0xF7, 0xFF, 0xFF, 0x9A, 0x02, 0x01, 0x83, 0xE0, 0x38, 0x80, 0xBD, 0xE8, 0x0C, 0x30, 0x90, 0xE2
	.byte 0x08, 0x00, 0x00, 0x0A, 0x0D, 0x20, 0xD0, 0xE5, 0x02, 0x00, 0x51, 0xE1, 0x05, 0x00, 0x00, 0x2A
	.byte 0xB2, 0x01, 0xD0, 0xE1, 0xB0, 0x20, 0x93, 0xE1, 0x00, 0x00, 0x83, 0xE0, 0x04, 0x00, 0x80, 0xE2
	.byte 0x92, 0x01, 0x20, 0xE0, 0x1E, 0xFF, 0x2F, 0xE1, 0x00, 0x00, 0xA0, 0xE3, 0x1E, 0xFF, 0x2F, 0xE1
	.byte 0x38, 0x40, 0x2D, 0xE9, 0x00, 0x50, 0xA0, 0xE1, 0x01, 0x40, 0xA0, 0xE1, 0x64, 0x00, 0x9F, 0xE5
	.byte 0x08, 0x40, 0x85, 0xE5, 0x00, 0x00, 0x90, 0xE5, 0x1A, 0x10, 0x85, 0xE2, 0x0C, 0x00, 0x85, 0xE5
	.byte 0x17, 0x20, 0xD2, 0xE5, 0x00, 0x00, 0xA0, 0xE3, 0x19, 0x20, 0xC5, 0xE5, 0x82, 0x20, 0xA0, 0xE1
	.byte 0xC4, 0x4F, 0x00, 0xEB, 0xB6, 0x00, 0xD4, 0xE1, 0x14, 0x30, 0x84, 0xE2, 0x00, 0x20, 0xA0, 0xE3
	.byte 0x00, 0x00, 0x50, 0xE3, 0x38, 0x80, 0xBD, 0x98, 0x82, 0x00, 0xA0, 0xE1, 0xB0, 0x10, 0x93, 0xE1
	.byte 0x82, 0x00, 0x85, 0xE0, 0x01, 0x20, 0x82, 0xE2, 0x01, 0x10, 0x94, 0xE7, 0x21, 0x1C, 0xA0, 0xE1
	.byte 0x01, 0x1C, 0x81, 0xE3, 0xBA, 0x11, 0xC0, 0xE1, 0xB6, 0x00, 0xD4, 0xE1, 0x00, 0x00, 0x52, 0xE1
	.byte 0xF4, 0xFF, 0xFF, 0x3A, 0x38, 0x80, 0xBD, 0xE8, 0x24, 0x82, 0x0A, 0x02, 0x08, 0x40, 0x2D, 0xE9
	.byte 0x00, 0x30, 0xA0, 0xE1, 0x08, 0x00, 0x91, 0xE5, 0x00, 0xC0, 0x91, 0xE5, 0xB4, 0x10, 0xD0, 0xE1
	.byte 0x01, 0x06, 0x5C, 0xE1, 0x01, 0x16, 0xA0, 0xE1, 0x01, 0xC0, 0x41, 0xA2, 0x01, 0x00, 0x00, 0xAA
	.byte 0x00, 0x00, 0x5C, 0xE3, 0x00, 0xC0, 0xA0, 0xB3, 0x02, 0x10, 0xA0, 0xE1, 0x0C, 0x20, 0xA0, 0xE1
	.byte 0xAA, 0x00, 0x00, 0xEB, 0x08, 0x80, 0xBD, 0xE8, 0x8C, 0x10, 0x9F, 0xE5, 0x00, 0x20, 0x91, 0xE5
	.byte 0x00, 0x10, 0x92, 0xE5, 0xD4, 0xC0, 0x92, 0xE5, 0x01, 0x30, 0xD1, 0xE5, 0x00, 0x00, 0x5C, 0xE3
	.byte 0x0E, 0x00, 0x00, 0x0A, 0x08, 0x00, 0x00, 0x0A, 0x01, 0x10, 0xDC, 0xE5, 0x01, 0x00, 0x53, 0xE1
	.byte 0x05, 0x00, 0x00, 0x2A, 0xB6, 0x20, 0xDC, 0xE1, 0xB2, 0x10, 0x9C, 0xE1, 0x02, 0x20, 0x8C, 0xE0
	.byte 0x04, 0x20, 0x82, 0xE2, 0x91, 0x23, 0x22, 0xE0, 0x00, 0x00, 0x00, 0xEA, 0x00, 0x20, 0xA0, 0xE3
	.byte 0x00, 0x00, 0x52, 0xE3, 0x00, 0x10, 0x92, 0x15, 0x01, 0x20, 0x8C, 0x10, 0x00, 0x00, 0x00, 0x1A
	.byte 0x00, 0x20, 0xA0, 0xE3, 0xB0, 0x10, 0xD2, 0xE1, 0x01, 0x00, 0x11, 0xE3, 0x03, 0x00, 0x00, 0x0A
	.byte 0x00, 0x10, 0x90, 0xE5, 0x04, 0x10, 0x81, 0xE3, 0x00, 0x10, 0x80, 0xE5, 0x1E, 0xFF, 0x2F, 0xE1
	.byte 0x04, 0x10, 0x92, 0xE5, 0x4C, 0x10, 0x80, 0xE5, 0x08, 0x10, 0x92, 0xE5, 0x50, 0x10, 0x80, 0xE5
	.byte 0x0C, 0x10, 0x92, 0xE5, 0x54, 0x10, 0x80, 0xE5, 0x1E, 0xFF, 0x2F, 0xE1, 0xB0, 0x8D, 0x14, 0x02
	.byte 0x10, 0x40, 0x2D, 0xE9, 0x80, 0x10, 0x9F, 0xE5, 0x00, 0xC0, 0x91, 0xE5, 0x00, 0x20, 0x9C, 0xE5
	.byte 0xD4, 0x40, 0x9C, 0xE5, 0x01, 0xE0, 0xD2, 0xE5, 0x00, 0x00, 0x54, 0xE3, 0x0E, 0x00, 0x00, 0x0A
	.byte 0x08, 0x00, 0x00, 0x0A, 0x01, 0x10, 0xD4, 0xE5, 0x01, 0x00, 0x5E, 0xE1, 0x05, 0x00, 0x00, 0x2A
	.byte 0xB6, 0x30, 0xD4, 0xE1, 0xB3, 0x10, 0x94, 0xE1, 0x03, 0x30, 0x84, 0xE0, 0x04, 0x30, 0x83, 0xE2
	.byte 0x91, 0x3E, 0x23, 0xE0, 0x00, 0x00, 0x00, 0xEA, 0x00, 0x30, 0xA0, 0xE3, 0x00, 0x00, 0x53, 0xE3
	.byte 0x00, 0x10, 0x93, 0x15, 0x01, 0x10, 0x84, 0x10, 0x00, 0x00, 0x00, 0x1A, 0x00, 0x10, 0xA0, 0xE3
	.byte 0xB4, 0x30, 0xD1, 0xE0, 0x01, 0x00, 0x13, 0xE3, 0x0C, 0x10, 0x81, 0x02, 0x02, 0x00, 0x13, 0xE3
	.byte 0x02, 0x00, 0x00, 0x1A, 0x08, 0x00, 0x13, 0xE3, 0x04, 0x10, 0x81, 0x12, 0x10, 0x10, 0x81, 0x02
	.byte 0xE8, 0xC0, 0x9C, 0xE5, 0x3C, 0xFF, 0x2F, 0xE1, 0x10, 0x80, 0xBD, 0xE8, 0xB0, 0x8D, 0x14, 0x02
	.byte 0xF0, 0x41, 0x2D, 0xE9, 0x60, 0x11, 0x9F, 0xE5, 0x00, 0x80, 0xA0, 0xE1, 0x00, 0x10, 0x91, 0xE5
	.byte 0x00, 0x00, 0x91, 0xE5, 0xD4, 0x30, 0x91, 0xE5, 0x01, 0x20, 0xD0, 0xE5, 0x00, 0x00, 0x53, 0xE3
	.byte 0x0E, 0x00, 0x00, 0x0A, 0x08, 0x00, 0x00, 0x0A, 0x01, 0x00, 0xD3, 0xE5, 0x00, 0x00, 0x52, 0xE1
	.byte 0x05, 0x00, 0x00, 0x2A, 0xB6, 0x10, 0xD3, 0xE1, 0xB1, 0x00, 0x93, 0xE1, 0x01, 0x10, 0x83, 0xE0
	.byte 0x04, 0x10, 0x81, 0xE2, 0x90, 0x12, 0x21, 0xE0, 0x00, 0x00, 0x00, 0xEA, 0x00, 0x10, 0xA0, 0xE3
	.byte 0x00, 0x00, 0x51, 0xE3, 0x00, 0x00, 0x91, 0x15, 0x00, 0x50, 0x83, 0x10, 0x00, 0x00, 0x00, 0x1A
	.byte 0x00, 0x50, 0xA0, 0xE3, 0xB0, 0x00, 0xD5, 0xE1, 0x04, 0x10, 0x85, 0xE2, 0x01, 0x00, 0x10, 0xE3
	.byte 0x0C, 0x10, 0x81, 0x02, 0x02, 0x00, 0x10, 0xE3, 0x37, 0x00, 0x00, 0x1A, 0x08, 0x00, 0x10, 0xE3
	.byte 0x22, 0x00, 0x00, 0x0A, 0xF0, 0x20, 0x00, 0xE2, 0x28, 0x00, 0x88, 0xE2, 0x42, 0x42, 0xA0, 0xE1
	.byte 0xF0, 0x70, 0xD1, 0xE1, 0xF2, 0x60, 0xD1, 0xE1, 0xCA, 0x51, 0x00, 0xFA, 0xB0, 0x00, 0xD5, 0xE1
	.byte 0xC8, 0x10, 0x9F, 0xE5, 0x01, 0x3A, 0xA0, 0xE3, 0x01, 0x0C, 0x10, 0xE3, 0xC0, 0x00, 0x9F, 0xE5
	.byte 0x04, 0x11, 0xD1, 0xE7, 0x04, 0x01, 0xD0, 0xE7, 0x00, 0x30, 0x63, 0x12, 0x04, 0x21, 0x88, 0xE0
	.byte 0x28, 0x30, 0x82, 0xE5, 0x01, 0x11, 0x88, 0xE0, 0x28, 0x70, 0x81, 0xE5, 0x00, 0x01, 0x88, 0xE0
	.byte 0x28, 0x60, 0x80, 0xE5, 0xB0, 0x00, 0xD5, 0xE1, 0x02, 0x0C, 0x10, 0xE3, 0x94, 0x00, 0x9F, 0xE5
	.byte 0x00, 0x60, 0x66, 0x12, 0x04, 0x01, 0xD0, 0xE7, 0x00, 0x01, 0x88, 0xE0, 0x28, 0x60, 0x80, 0xE5
	.byte 0xB0, 0x00, 0xD5, 0xE1, 0x01, 0x0B, 0x10, 0xE3, 0x7C, 0x00, 0x9F, 0xE5, 0x00, 0x70, 0x67, 0x12
	.byte 0x04, 0x01, 0xD0, 0xE7, 0x00, 0x01, 0x88, 0xE0, 0x28, 0x70, 0x80, 0xE5, 0xF0, 0x81, 0xBD, 0xE8
	.byte 0xF2, 0x00, 0xD5, 0xE1, 0x28, 0x00, 0x88, 0xE5, 0xF0, 0x00, 0xD1, 0xE1, 0x2C, 0x00, 0x88, 0xE5
	.byte 0xF2, 0x00, 0xD1, 0xE1, 0x30, 0x00, 0x88, 0xE5, 0xF4, 0x00, 0xD1, 0xE1, 0x34, 0x00
_0206EE0E:
	b _0206E922
_0206EE10:
	.byte 0xF6, 0x00, 0xD1, 0xE1, 0x38, 0x00, 0x88, 0xE5, 0xF8, 0x00, 0xD1, 0xE1, 0x3C, 0x00, 0x88, 0xE5
	.byte 0xFA, 0x00, 0xD1, 0xE1, 0x40, 0x00, 0x88, 0xE5, 0xFC, 0x00, 0xD1, 0xE1, 0x44, 0x00, 0x88, 0xE5
	.byte 0xFE, 0x00, 0xD1, 0xE1, 0x48, 0x00, 0x88, 0xE5, 0xF0, 0x81, 0xBD, 0xE8, 0x00, 0x00, 0x98, 0xE5
	.byte 0x02, 0x00, 0x80, 0xE3, 0x00, 0x00, 0x88, 0xE5, 0xF0, 0x81, 0xBD, 0xE8, 0xB0, 0x8D, 0x14, 0x02
	.byte 0x98, 0x19, 0x0A, 0x02, 0x99, 0x19, 0x0A, 0x02, 0x9A, 0x19, 0x0A, 0x02, 0x9B, 0x19, 0x0A, 0x02
	.byte 0xF8, 0x4F, 0x2D, 0xE9, 0x30, 0xD0, 0x4D, 0xE2, 0x00, 0x90, 0xA0, 0xE1, 0x81, 0x00, 0x89, 0xE0
	.byte 0xB4, 0x01, 0xD0, 0xE1, 0x03, 0x70, 0xA0, 0xE1, 0x02, 0x80, 0xA0, 0xE1, 0x00, 0x40, 0x99, 0xE7
	.byte 0x00, 0x10, 0x89, 0xE0, 0x01, 0x00, 0x14, 0xE3, 0x07, 0x00, 0xA0, 0x13, 0x00, 0x00, 0x87, 0x15
	.byte 0xD0, 0x00, 0x00, 0x1A, 0x70, 0x03, 0x9F, 0xE5, 0x04, 0x50, 0x81, 0xE2, 0x00, 0x00, 0x18, 0xE1
	.byte 0x03, 0x00, 0x00, 0x0A, 0x08, 0x00, 0x99, 0xE5, 0x01, 0x00, 0x10, 0xE3, 0x01, 0x60, 0xA0, 0x13
	.byte 0x00, 0x00, 0x00, 0x1A, 0x00, 0x60, 0xA0, 0xE3, 0x00, 0x00, 0xA0, 0xE3, 0x00, 0x00, 0x87, 0xE5
	.byte 0x06, 0x00, 0x14, 0xE3, 0x33, 0x00, 0x00, 0x1A, 0x08, 0x00, 0x14, 0xE3, 0x0C, 0x00, 0x00, 0x1A
	.byte 0x00, 0x00, 0x56, 0xE3, 0x08, 0x10, 0xA0, 0xE1, 0x05, 0x20, 0xA0, 0xE1, 0x03, 0x00, 0x00, 0x0A
	.byte 0x09, 0x30, 0xA0, 0xE1, 0x4C, 0x00, 0x87, 0xE2, 0x1F, 0x01, 0x00, 0xEB, 0x02, 0x00, 0x00, 0xEA
	.byte 0x09, 0x30, 0xA0, 0xE1, 0x4C, 0x00, 0x87, 0xE2, 0xC5, 0x00, 0x00, 0xEB, 0x08, 0x50, 0x85, 0xE2
	.byte 0x01, 0x00, 0x00, 0xEA, 0x04, 0x00, 0x95, 0xE4, 0x4C, 0x00, 0x87, 0xE5, 0x10, 0x00, 0x14, 0xE3
	.byte 0x0C, 0x00, 0x00, 0x1A, 0x00, 0x00, 0x56, 0xE3, 0x08, 0x10, 0xA0, 0xE1, 0x05, 0x20, 0xA0, 0xE1
	.byte 0x03, 0x00, 0x00, 0x0A, 0x09, 0x30, 0xA0, 0xE1, 0x50, 0x00, 0x87, 0xE2, 0x0E, 0x01, 0x00, 0xEB
	.byte 0x02, 0x00, 0x00, 0xEA, 0x09, 0x30, 0xA0, 0xE1, 0x50, 0x00, 0x87, 0xE2, 0xB4, 0x00, 0x00, 0xEB
	.byte 0x08, 0x50, 0x85, 0xE2, 0x01, 0x00, 0x00, 0xEA, 0x04, 0x00, 0x95, 0xE4, 0x50, 0x00, 0x87, 0xE5
	.byte 0x20, 0x00, 0x14, 0xE3, 0x0C, 0x00, 0x00, 0x1A, 0x00, 0x00, 0x56, 0xE3, 0x08, 0x10, 0xA0, 0xE1
	.byte 0x05, 0x20, 0xA0, 0xE1, 0x03, 0x00, 0x00, 0x0A, 0x09, 0x30, 0xA0, 0xE1, 0x54, 0x00, 0x87, 0xE2
	.byte 0xFD, 0x00, 0x00, 0xEB, 0x02, 0x00, 0x00, 0xEA, 0x09, 0x30, 0xA0, 0xE1, 0x54, 0x00, 0x87, 0xE2
	.byte 0xA3, 0x00, 0x00, 0xEB, 0x08, 0x50, 0x85, 0xE2, 0x0A, 0x00, 0x00, 0xEA, 0x04, 0x00, 0x95, 0xE4
	.byte 0x54, 0x00, 0x87, 0xE5, 0x07, 0x00, 0x00, 0xEA, 0x02, 0x00, 0x14, 0xE3, 0x03, 0x00, 0x00, 0x0A
	.byte 0x00, 0x00, 0x97, 0xE5, 0x04, 0x00, 0x80, 0xE3, 0x00, 0x00, 0x87, 0xE5, 0x01, 0x00, 0x00, 0xEA
	.byte 0x07, 0x00, 0xA0, 0xE1, 0xFF, 0xFE, 0xFF, 0xEB, 0xC0, 0x00, 0x14, 0xE3, 0x2E, 0x00, 0x00, 0x1A
	.byte 0x01, 0x0C, 0x14, 0xE3, 0x0C, 0x00, 0x00, 0x1A, 0x00, 0x00, 0x56, 0xE3, 0x08, 0x10, 0xA0, 0xE1
	.byte 0x05, 0x20, 0xA0, 0xE1, 0x03, 0x00, 0x00, 0x0A, 0x09, 0x30, 0xA0, 0xE1, 0x28, 0x00, 0x87, 0xE2
	.byte 0x1D, 0x03, 0x00, 0xEB, 0x02, 0x00, 0x00, 0xEA, 0x09, 0x30, 0xA0, 0xE1, 0x28, 0x00, 0x87, 0xE2
	.byte 0x13, 0x02, 0x00, 0xEB, 0x08, 0x50, 0x85, 0xE2, 0x27, 0x00, 0x00, 0xEA, 0x0C, 0x10, 0x99, 0xE5
	.byte 0x10, 0x20, 0x99, 0xE5, 0x00, 0x30, 0x95, 0xE5, 0x28, 0x00, 0x87, 0xE2, 0x01, 0x10, 0x89, 0xE0
	.byte 0x02, 0x20, 0x89, 0xE0, 0xE1, 0x03, 0x00, 0xEB, 0x00, 0x00, 0x50, 0xE3, 0x14, 0x00, 0x00, 0x0A
	.byte 0x3C, 0xC0, 0x97, 0xE5, 0x2C, 0x00, 0x97, 0xE5, 0x28, 0x30, 0x97, 0xE5, 0x38, 0xB0, 0x97, 0xE5
	.byte 0x30, 0x10, 0x97, 0xE5, 0x34, 0x20, 0x97, 0xE5, 0x90, 0x0C, 0x0A, 0xE0, 0x91, 0x0B, 0x0E, 0xE0
	.byte 0x0E, 0xA0, 0x4A, 0xE0, 0x4A, 0xA6, 0xA0, 0xE1, 0x91, 0x02, 0x0E, 0xE0, 0x93, 0x0C, 0x01, 0xE0
	.byte 0x01, 0x10, 0x4E, 0xE0, 0x93, 0x0B, 0x0B, 0xE0, 0x90, 0x02, 0x02, 0xE0, 0x02, 0x00, 0x4B, 0xE0
	.byte 0x40, 0xA0, 0x87, 0xE5, 0x41, 0x16, 0xA0, 0xE1, 0x44, 0x10, 0x87, 0xE5, 0x40, 0x06, 0xA0, 0xE1
	.byte 0x48, 0x00, 0x87, 0xE5, 0x04, 0x50, 0x85, 0xE2, 0x07, 0x00, 0x00, 0xEA, 0x40, 0x00, 0x14, 0xE3
	.byte 0x03, 0x00, 0x00, 0x0A, 0x00, 0x00, 0x97, 0xE5, 0x02, 0x00, 0x80, 0xE3, 0x00, 0x00, 0x87, 0xE5
	.byte 0x01, 0x00, 0x00, 0xEA, 0x07, 0x00, 0xA0, 0xE1, 0x10, 0xFF, 0xFF, 0xEB, 0x06, 0x0C, 0x14, 0xE3
	.byte 0x42, 0x00, 0x00, 0x1A, 0x02, 0x0B, 0x14, 0xE3, 0x0F, 0x00, 0x00, 0x1A, 0x00, 0x00, 0x56, 0xE3
	.byte 0x10, 0x00, 0x8D, 0xE2, 0x08, 0x10, 0xA0, 0xE1, 0x03, 0x00, 0x00, 0x0A, 0x05, 0x20, 0xA0, 0xE1
	.byte 0x09, 0x30, 0xA0, 0xE1, 0x79, 0x01, 0x00, 0xEB, 0x02, 0x00, 0x00, 0xEA, 0x05, 0x20, 0xA0, 0xE1
	.byte 0x09, 0x30, 0xA0, 0xE1, 0xFB, 0x00, 0x00, 0xEB, 0x10, 0x10, 0x9D, 0xE5, 0x14, 0x00, 0x9D, 0xE5
	.byte 0x18, 0x10, 0x8D, 0xE5, 0x24, 0x00, 0x8D, 0xE5, 0x03, 0x00, 0x00, 0xEA, 0x00, 0x00, 0x95, 0xE5
	.byte 0x18, 0x00, 0x8D, 0xE5, 0x04, 0x00, 0x95, 0xE5, 0x24, 0x00, 0x8D, 0xE5, 0x01, 0x0A, 0x14, 0xE3
	.byte 0x0F, 0x00, 0x00, 0x1A, 0x00, 0x00, 0x56, 0xE3, 0x08, 0x00, 0x8D, 0xE2, 0x08, 0x10, 0xA0, 0xE1
	.byte 0x03, 0x00
_0206F112:
	lsr r0, r0, #8
	add r0, #9
	b _0206F45A
_0206F118:
	.byte 0x08, 0x20, 0x85, 0xE2, 0x63, 0x01, 0x00, 0xEB
	.byte 0x02, 0x00, 0x00, 0xEA, 0x09, 0x30, 0xA0, 0xE1, 0x08, 0x20, 0x85, 0xE2, 0xE5, 0x00, 0x00, 0xEB
	.byte 0x08, 0x10, 0x9D, 0xE5, 0x0C, 0x00, 0x9D, 0xE5, 0x1C, 0x10, 0x8D, 0xE5, 0x28, 0x00, 0x8D, 0xE5
	.byte 0x03, 0x00, 0x00, 0xEA, 0x08, 0x00, 0x95, 0xE5, 0x1C, 0x00, 0x8D, 0xE5, 0x0C, 0x00, 0x95, 0xE5
	.byte 0x28, 0x00, 0x8D, 0xE5, 0x02, 0x0A, 0x14, 0xE3, 0x0F, 0x00, 0x00, 0x1A, 0x00, 0x00, 0x56, 0xE3
	.byte 0x00, 0x00, 0x8D, 0xE2, 0x08, 0x10, 0xA0, 0xE1, 0x03, 0x00, 0x00, 0x0A, 0x09, 0x30, 0xA0, 0xE1
	.byte 0x10, 0x20, 0x85, 0xE2, 0x4D, 0x01, 0x00, 0xEB, 0x02, 0x00, 0x00, 0xEA, 0x09, 0x30, 0xA0, 0xE1
	.byte 0x10, 0x20, 0x85, 0xE2, 0xCF, 0x00, 0x00, 0xEB, 0x00, 0x10, 0x9D, 0xE5, 0x04, 0x00, 0x9D, 0xE5
	.byte 0x20, 0x10, 0x8D, 0xE5, 0x2C, 0x00, 0x8D, 0xE5, 0x0E, 0x00, 0x00, 0xEA, 0x10, 0x00, 0x95, 0xE5
	.byte 0x20, 0x00, 0x8D, 0xE5, 0x14, 0x00, 0x95, 0xE5, 0x2C, 0x00, 0x8D, 0xE5, 0x09, 0x00, 0x00, 0xEA
	.byte 0x02, 0x0C, 0x14, 0xE3, 0x03, 0x00, 0x00, 0x0A, 0x00, 0x00, 0x97, 0xE5, 0x01, 0x00, 0x80, 0xE3
	.byte 0x00, 0x00, 0x87, 0xE5, 0x03, 0x00, 0x00, 0xEA, 0x07, 0x00, 0xA0, 0xE1, 0x9F, 0xFE, 0xFF, 0xEB
	.byte 0x30, 0xD0, 0x8D, 0xE2, 0xF8, 0x8F, 0xBD, 0xE8, 0x00, 0x00, 0x97, 0xE5, 0x18, 0x10, 0x8D, 0xE2
	.byte 0x01, 0x00, 0x10, 0xE3, 0x24, 0x00, 0x9F, 0xE5, 0x04, 0x30, 0xA0, 0x13, 0x00, 0x40, 0x90, 0xE5
	.byte 0x00, 0x30, 0xA0, 0x03, 0x00, 0x20, 0x94, 0xE5, 0xE8, 0x40, 0x94, 0xE5, 0x07, 0x00, 0xA0, 0xE1
	.byte 0x34, 0xFF, 0x2F, 0xE1, 0x30, 0xD0, 0x8D, 0xE2, 0xF8, 0x8F, 0xBD, 0xE8, 0xFF, 0x0F, 0x00, 0x00
	.byte 0xB0, 0x8D, 0x14, 0x02, 0x10, 0x40, 0x2D, 0xE9, 0x04, 0xC0, 0x92, 0xE5, 0x00, 0xE0, 0x92, 0xE5
	.byte 0x41, 0x46, 0xA0, 0xE1, 0x03, 0x01, 0x1E, 0xE3, 0x0C, 0x10, 0x83, 0xE0, 0x45, 0x00, 0x00, 0x0A
	.byte 0x30, 0x21, 0x9F, 0xE5, 0x01, 0x01, 0x1E, 0xE3, 0x02, 0x20, 0x0E, 0xE0, 0x22, 0x38, 0xA0, 0xE1
	.byte 0x09, 0x00, 0x00, 0x0A, 0x01, 0x00, 0x14, 0xE3, 0x05, 0x00, 0x00, 0x0A, 0x03, 0x00, 0x54, 0xE1
	.byte 0xA3, 0x20, 0xA0, 0x81, 0x01, 0x40, 0x82, 0x82, 0x3A, 0x00, 0x00, 0x8A, 0xA4, 0x40, 0xA0, 0xE1
	.byte 0x28, 0x00, 0x00, 0xEA, 0xA4, 0x40, 0xA0, 0xE1, 0x36, 0x00, 0x00, 0xEA, 0x03, 0x20, 0x14, 0xE2
	.byte 0x22, 0x00, 0x00, 0x0A, 0x03, 0x00, 0x54, 0xE1, 0x23, 0x41, 0x82, 0x80, 0x31, 0x00, 0x00, 0x8A
	.byte 0x01, 0x00, 0x14, 0xE3, 0x1B, 0x00, 0x00, 0x0A, 0x02, 0x00, 0x14, 0xE3, 0x24, 0x41, 0xA0, 0x11
	.byte 0x01, 0x20, 0x84, 0x12, 0x24, 0x21, 0xA0, 0x01, 0x01, 0x40, 0x82, 0x02, 0x02, 0x02, 0x1E, 0xE3
	.byte 0x08, 0x00, 0x00, 0x0A, 0x82, 0x30, 0xA0, 0xE1, 0x84, 0x20, 0xA0, 0xE1, 0xF3, 0x30, 0x91, 0xE1
	.byte 0xF2, 0x10, 0x91, 0xE1, 0x83, 0x20, 0x83, 0xE0, 0x01, 0x10, 0x82, 0xE0, 0x41, 0x11, 0xA0, 0xE1
	.byte 0x00, 0x10, 0x80, 0xE5, 0x10, 0x80, 0xBD, 0xE8, 0x02, 0x31, 0x91, 0xE7, 0x03, 0x20, 0xA0, 0xE3
	.byte 0x93, 0xE2, 0x8C, 0xE0, 0xC3, 0x3F, 0xA0, 0xE1, 0x93, 0xC2, 0x2C, 0xE0, 0x04, 0x11, 0x91, 0xE7
	.byte 0x01, 0x20, 0x9E, 0xE0, 0xC1, 0x1F, 0xAC, 0xE0, 0x22, 0x21, 0xA0, 0xE1, 0x01, 0x2F, 0x82, 0xE1
	.byte 0x00, 0x20, 0x80, 0xE5, 0x10, 0x80, 0xBD, 0xE8, 0x24, 0x41, 0xA0, 0xE1, 0x01, 0x00, 0x00, 0xEA
	.byte 0x24, 0x41, 0xA0, 0xE1, 0x0F, 0x00, 0x00, 0xEA, 0x02, 0x02, 0x1E, 0xE3, 0x06, 0x00, 0x00, 0x0A
	.byte 0x84, 0x30, 0xA0, 0xE1, 0x84, 0x20, 0x81, 0xE0, 0xF3, 0x30, 0x91, 0xE1, 0xF2, 0x10, 0xD2, 0xE1
	.byte 0x01, 0x10, 0x83, 0xE0, 0xC1, 0x10, 0xA0, 0xE1, 0x04, 0x00, 0x00, 0xEA, 0x04, 0x21, 0x81, 0xE0
	.byte 0x04, 0x20, 0x92, 0xE5, 0x04, 0x31, 0x91, 0xE7, 0xC2, 0x10, 0xA0, 0xE1, 0xC3, 0x10, 0x81, 0xE0
	.byte 0x00, 0x10, 0x80, 0xE5, 0x10, 0x80, 0xBD, 0xE8, 0x02, 0x02, 0x1E, 0xE3, 0x04, 0x11, 0x91, 0x07
	.byte 0x00, 0x10, 0x80, 0x05, 0x10, 0x80, 0xBD, 0x08, 0x84, 0x20, 0xA0, 0xE1, 0xF2, 0x10, 0x91, 0xE1
	.byte 0x00, 0x10, 0x80, 0xE5, 0x10, 0x80, 0xBD, 0xE8, 0x00, 0x00, 0xFF, 0x1F, 0x38, 0x40, 0x2D, 0xE9
	.byte 0xB4, 0x40, 0xD3, 0xE1, 0x04, 0xC0, 0x92, 0xE5, 0x41, 0xE6, 0xA0, 0xE1, 0x01, 0x40, 0x44, 0xE2
	.byte 0x41, 0x06, 0x54, 0xE1, 0x0C, 0xC0, 0x83, 0xE0, 0x00, 0x20, 0x92, 0xE5, 0x1D, 0x00, 0x00, 0x1A
	.byte 0x03, 0x01, 0x12, 0xE3, 0x04, 0x00, 0x00, 0x0A, 0x01, 0x01, 0x12, 0xE3, 0x01, 0x40, 0x0E, 0x12
	.byte 0xAE, 0xE0, 0x84, 0x10, 0x03, 0x40, 0x0E, 0x02, 0x2E, 0xE1, 0x84, 0x00, 0x08, 0x30, 0x93, 0xE5
	.byte 0x02, 0x00, 0x13, 0xE3, 0x0D, 0x00, 0x00, 0x0A, 0xFC, 0x30, 0x9F, 0xE5, 0x02, 0x02, 0x12, 0xE3
	.byte 0x03, 0x20, 0x01, 0xE0, 0x0E, 0x31, 0x9C, 0x07, 0x00, 0x10, 0x9C, 0x05, 0x02, 0x00, 0x00, 0x0A
	.byte 0x8E, 0x10, 0xA0, 0xE1, 0xF1, 0x30, 0x9C, 0xE1, 0xF0, 0x10, 0xDC, 0xE1, 0x03, 0x10, 0x41, 0xE0
	.byte 0x92, 0x01, 0x01, 0xE0, 0x41, 0x16, 0x83, 0xE0, 0x00, 0x10, 0x80, 0xE5, 0x38, 0x80, 0xBD, 0xE8
	.byte 0x02, 0x02, 0x12, 0xE3, 0x8E, 0x10, 0xA0, 0x11, 0xF1, 0x10, 0x9C, 0x11, 0x0E, 0x11, 0x9C, 0x07
	.byte 0x00, 0x10, 0x80, 0xE5, 0x38, 0x80, 0xBD, 0xE8, 0x03, 0x01, 0x12, 0xE3, 0x16, 0x00, 0x00, 0x0A
	.byte 0xA8, 0x30, 0x9F, 0xE5, 0x01, 0x01, 0x12, 0xE3, 0x03, 0x40, 0x02, 0xE0, 0x24, 0x48, 0xA0, 0xE1
	.byte 0x07, 0x00, 0x00, 0x0A, 0x04, 0x00, 0x5E, 0xE1, 0xA4, 0xE0, 0xA0, 0x21, 0x0E, 0x00, 0x00, 0x2A
	.byte 0xAE, 0xE0, 0xA0, 0xE1, 0x23, 0x18, 0x01, 0xE0, 0x02, 0x40, 0xA0, 0xE3, 0x01, 0x50, 0xA0, 0xE3
	.byte 0x0D, 0x00, 0x00, 0xEA, 0x04, 0x00, 0x5E, 0xE1, 0x03, 0x30, 0x0E, 0x22, 0x2E, 0xE1, 0x83, 0x20
	.byte 0x05, 0x00, 0x00, 0x2A, 0x68, 0x30, 0x9F, 0xE5, 0x2E, 0xE1
_0206F45A:
	b _0206F79E
_0206F45C:
	.byte 0x03, 0x10, 0x01, 0xE0
	.byte 0x04, 0x40, 0xA0, 0xE3, 0x02, 0x50, 0xA0, 0xE3, 0x03, 0x00, 0x00, 0xEA, 0x48, 0x30, 0x9F, 0xE5
	.byte 0x01, 0x40, 0xA0, 0xE3, 0x03, 0x10, 0x01, 0xE0, 0x00, 0x50, 0xA0, 0xE3, 0x02, 0x02, 0x12, 0xE3
	.byte 0x0E, 0x21, 0x8C, 0x00, 0x0E, 0xC1, 0x9C, 0x07, 0x04, 0x20, 0x92, 0x05, 0x03, 0x00, 0x00, 0x0A
	.byte 0x8E, 0x20, 0x8C, 0xE0, 0x8E, 0x30, 0xA0, 0xE1, 0xF3, 0xC0, 0x9C, 0xE1, 0xF2, 0x20, 0xD2, 0xE1
	.byte 0x0C, 0x20, 0x42, 0xE0, 0x9C, 0x04, 0x03, 0xE0, 0x91, 0x02, 0x02, 0xE0, 0x42, 0x16, 0x83, 0xE0
	.byte 0x51, 0x15, 0xA0, 0xE1, 0x00, 0x10, 0x80, 0xE5, 0x38, 0x80, 0xBD, 0xE8, 0xFF, 0x0F, 0x00, 0x00
	.byte 0x00, 0x00, 0xFF, 0x1F, 0xFF, 0x3F, 0x00, 0x00, 0x70, 0x40, 0x2D, 0xE9, 0x04, 0x40, 0x92, 0xE5
	.byte 0x00, 0x50, 0x92, 0xE5, 0x41, 0x66, 0xA0, 0xE1, 0x03, 0x01, 0x15, 0xE3, 0x04, 0x10, 0x83, 0xE0
	.byte 0x48, 0x00, 0x00, 0x0A, 0xC0, 0x21, 0x9F, 0xE5, 0x01, 0x01, 0x15, 0xE3, 0x02, 0x20, 0x05, 0xE0
	.byte 0x22, 0x38, 0xA0, 0xE1, 0x09, 0x00, 0x00, 0x0A, 0x01, 0x00, 0x16, 0xE3, 0x05, 0x00, 0x00, 0x0A
	.byte 0x03, 0x00, 0x56, 0xE1, 0xA3, 0x20, 0xA0, 0x81, 0x01, 0x60, 0x82, 0x82, 0x3D, 0x00, 0x00, 0x8A
	.byte 0xA6, 0x40, 0xA0, 0xE1, 0x49, 0x00, 0x00, 0xEA, 0xA6, 0x60, 0xA0, 0xE1, 0x39, 0x00, 0x00, 0xEA
	.byte 0x03, 0x20, 0x16, 0xE2, 0x36, 0x00, 0x00, 0x0A, 0x03, 0x00, 0x56, 0xE1, 0x23, 0x61, 0x82, 0x80
	.byte 0x34, 0x00, 0x00, 0x8A, 0x01, 0x00, 0x16, 0xE3, 0x2F, 0x00, 0x00, 0x0A, 0x02, 0x00, 0x16, 0xE3
	.byte 0x26, 0x31, 0xA0, 0x11, 0x01, 0x20, 0x83, 0x12, 0x26, 0x21, 0xA0, 0x01, 0x01, 0x30, 0x82, 0x02
	.byte 0x02, 0x02, 0x15, 0xE3, 0x10, 0x00, 0x00, 0x0A, 0x02, 0x51, 0xA0, 0xE1, 0x03, 0x41, 0xA0, 0xE1
	.byte 0xF5, 0x60, 0x91, 0xE1, 0xF4, 0x50, 0x91, 0xE1, 0x02, 0x21, 0x81, 0xE0, 0x86, 0x40, 0x86, 0xE0
	.byte 0x04, 0x40, 0x85, 0xE0, 0x44, 0x41, 0xA0, 0xE1, 0x00, 0x40, 0x80, 0xE5, 0x03, 0x11, 0x81, 0xE0
	.byte 0xF2, 0x30, 0xD2, 0xE1, 0xF2, 0x20, 0xD1, 0xE1, 0x83, 0x10, 0x83, 0xE0, 0x01, 0x10, 0x82, 0xE0
	.byte 0x41, 0x11, 0xA0, 0xE1, 0x04, 0x10, 0x80, 0xE5, 0x70, 0x80, 0xBD, 0xE8, 0x82, 0x61, 0x91, 0xE7
	.byte 0x03, 0xC0, 0xA0, 0xE3, 0x96, 0x5C, 0x84, 0xE0, 0xC6, 0xEF, 0xA0, 0xE1, 0x83, 0x61, 0x91, 0xE7
	.byte 0x9E, 0x4C, 0x24, 0xE0, 0x06, 0x50, 0x95, 0xE0, 0x82, 0x21, 0x81, 0xE0, 0xC6, 0x4F, 0xA4, 0xE0
	.byte 0x25, 0x51, 0xA0, 0xE1, 0x04, 0x5F, 0x85, 0xE1, 0x00, 0x50, 0x80, 0xE5, 0x83, 0x11, 0x81, 0xE0
	.byte 0x04, 0x20, 0x92, 0xE5, 0x04, 0x10, 0x91, 0xE5, 0x92, 0xEC, 0x83, 0xE0, 0xC2, 0x2F, 0xA0, 0xE1
	.byte 0x92, 0x3C, 0x23, 0xE0, 0x01, 0x20, 0x9E, 0xE0, 0xC1, 0x1F, 0xA3, 0xE0, 0x22, 0x21, 0xA0, 0xE1
	.byte 0x01, 0x2F, 0x82, 0xE1, 0x04, 0x20, 0x80, 0xE5, 0x70, 0x80, 0xBD, 0xE8, 0x26, 0x41, 0xA0, 0xE1
	.byte 0x0E, 0x00, 0x00, 0xEA, 0x26, 0x61, 0xA0, 0xE1, 0x02, 0x02, 0x15, 0xE3, 0x05, 0x00, 0x00, 0x0A
	.byte 0x06, 0x21, 0xA0, 0xE1, 0xF2, 0x20, 0x91, 0xE1, 0x06, 0x11, 0x81, 0xE0, 0x00, 0x20, 0x80, 0xE5
	.byte 0xF2, 0x10, 0xD1, 0xE1, 0x03, 0x00, 0x00, 0xEA, 0x86, 0x21, 0x91, 0xE7, 0x86, 0x11, 0x81, 0xE0
	.byte 0x00, 0x20, 0x80, 0xE5, 0x04, 0x10, 0x91, 0xE5, 0x04, 0x10, 0x80, 0xE5, 0x70, 0x80, 0xBD, 0xE8
	.byte 0x02, 0x02, 0x15, 0xE3, 0x0C, 0x00, 0x00, 0x0A, 0x04, 0x21, 0xA0, 0xE1, 0x04, 0x31, 0x81, 0xE0
	.byte 0xF2, 0x20, 0x91, 0xE1, 0xF4, 0x10, 0xD3, 0xE1, 0x01, 0x10, 0x82, 0xE0, 0xC1, 0x10, 0xA0, 0xE1
	.byte 0x00, 0x10, 0x80, 0xE5, 0xF2, 0x20, 0xD3, 0xE1, 0xF6, 0x10, 0xD3, 0xE1, 0x01, 0x10, 0x82, 0xE0
	.byte 0xC1, 0x10, 0xA0, 0xE1, 0x04, 0x10, 0x80, 0xE5, 0x70, 0x80, 0xBD, 0xE8, 0x84, 0x31, 0x81, 0xE0
	.byte 0x84, 0x21, 0x91, 0xE7, 0x08, 0x10, 0x93, 0xE5, 0x01, 0x10, 0x82, 0xE0, 0xC1, 0x10, 0xA0, 0xE1
	.byte 0x00, 0x10, 0x80, 0xE5, 0x04, 0x20, 0x93, 0xE5, 0x0C, 0x10, 0x93, 0xE5, 0x01, 0x10, 0x82, 0xE0
	.byte 0xC1, 0x10, 0xA0, 0xE1, 0x04, 0x10, 0x80, 0xE5, 0x70, 0x80, 0xBD, 0xE8, 0x00, 0x00, 0xFF, 0x1F
	.byte 0xF8, 0x40, 0x2D, 0xE9, 0xB4, 0x40, 0xD3, 0xE1, 0x04, 0x50, 0x92, 0xE5, 0x41, 0xE6, 0xA0, 0xE1
	.byte 0x01, 0x40, 0x44, 0xE2, 0x41, 0x06, 0x54, 0xE1, 0x05, 0xC0, 0x83, 0xE0, 0x00, 0x20, 0x92, 0xE5
	.byte 0x18, 0x00, 0x00, 0x1A, 0x03, 0x01, 0x12, 0xE3, 0x04, 0x00, 0x00, 0x0A, 0x01, 0x01, 0x12, 0xE3
	.byte 0x01, 0x40, 0x0E, 0x12, 0xAE, 0xE0, 0x84, 0x10, 0x03, 0x40, 0x0E, 0x02, 0x2E, 0xE1, 0x84, 0x00
	.byte 0x08, 0x30, 0x93, 0xE5, 0x02, 0x00, 0x13, 0xE3, 0x00, 0x30, 0xA0, 0x13, 0x2C, 0x00, 0x00, 0x1A
	.byte 0x02, 0x02, 0x12, 0xE3, 0x05, 0x00, 0x00, 0x0A, 0x0E, 0x11, 0xA0, 0xE1, 0xF1, 0x20, 0x9C, 0xE1
	.byte 0x0E, 0x11, 0x8C, 0xE0, 0x00, 0x20, 0x80, 0xE5, 0xF2, 0x10, 0xD1, 0xE1, 0x03, 0x00, 0x00, 0xEA
	.byte 0x8E, 0x21, 0x9C, 0xE7, 0x8E, 0x11, 0x8C, 0xE0, 0x00, 0x20, 0x80, 0xE5, 0x04, 0x10, 0x91, 0xE5
	.byte 0x04, 0x10, 0x80, 0xE5, 0xF8, 0x80, 0xBD, 0xE8, 0x03, 0x01, 0x12, 0xE3, 0x1B, 0x00, 0x00, 0x0A
	.byte 0xF0, 0x40, 0x9F, 0xE5, 0x01, 0x01, 0x12, 0xE3, 0x04, 0x30, 0x02, 0xE0, 0x23, 0x38, 0xA0, 0xE1
	.byte 0x09, 0x00, 0x00, 0x0A, 0x03, 0x00, 0x5E, 0xE1, 0xA3, 0xE0, 0xA0, 0x21, 0x01, 0x30, 0x8E, 0x22
	.byte 0x13, 0x00, 0x00, 0x2A, 0xAE, 0xE0, 0xA0, 0xE1, 0x01, 0x30, 0x8E, 0xE2, 0x24, 0x18, 0x01, 0xE0
	.byte 0x02, 0x40, 0xA0, 0xE3, 0x01, 0x50, 0xA0, 0xE3, 0x11, 0x00, 0x00, 0xEA, 0x03, 0x00, 0x5E, 0xE1
	.byte 0x03, 0x00, 0x00, 0x3A, 0x03, 0x30, 0x0E, 0xE2, 0x2E, 0xE1, 0x83, 0xE0, 0x01, 0x30, 0x8E, 0xE2
	.byte 0x07, 0x00, 0x00, 0xEA, 0xA0, 0x40, 0x9F, 0xE5, 0x2E, 0xE1, 0xA0, 0xE1, 0x01, 0x30
_0206F79E:
	b _0206FCBE
_0206F7A0:
	.byte 0x04, 0x10, 0x01, 0xE0, 0x04, 0x40, 0xA0, 0xE3, 0x02, 0x50, 0xA0, 0xE3, 0x04, 0x00, 0x00, 0xEA
	.byte 0x01, 0x30, 0x8E, 0xE2, 0x84, 0x50, 0x9F, 0xE5, 0x01, 0x40, 0xA0, 0xE3, 0x05, 0x10, 0x01, 0xE0
	.byte 0x00, 0x50, 0xA0, 0xE3, 0x02, 0x02, 0x12, 0xE3, 0x08, 0x00, 0x00, 0x0A, 0x0E, 0x21, 0xA0, 0xE1
	.byte 0x0E, 0x71, 0x8C, 0xE0, 0x03, 0x61, 0xA0, 0xE1, 0x03, 0x31, 0x8C, 0xE0, 0xF2, 0x20, 0x9C, 0xE1
	.byte 0xF2, 0xE0, 0xD7, 0xE1, 0xF6, 0x70, 0x9C, 0xE1, 0xF2, 0x30, 0xD3, 0xE1, 0x04, 0x00, 0x00, 0xEA
	.byte 0x8E, 0x71, 0x8C, 0xE0, 0x04, 0x40, 0x97, 0xE8, 0x83, 0x61, 0x8C, 0xE0, 0x83, 0x71, 0x9C, 0xE7
	.byte 0x04, 0x30, 0x96, 0xE5, 0x02, 0xC0, 0x47, 0xE0, 0x0E, 0x30, 0x43, 0xE0, 0x92, 0x04, 0x06, 0xE0
	.byte 0x91, 0x0C, 0x02, 0xE0, 0x42, 0x26, 0x86, 0xE0, 0x52, 0x65, 0xA0, 0xE1, 0x9E, 0x04, 0x04, 0xE0
	.byte 0x91, 0x03, 0x02, 0xE0, 0x42, 0x16, 0x84, 0xE0, 0x51, 0x15, 0xA0, 0xE1, 0x00, 0x60, 0x80, 0xE5
	.byte 0x04, 0x10, 0x80, 0xE5, 0xF8, 0x80, 0xBD, 0xE8, 0x00, 0x00, 0xFF, 0x1F, 0xFF, 0x3F, 0x00, 0x00
	.byte 0xFF, 0x0F, 0x00, 0x00, 0xF0, 0x47, 0x2D, 0xE9, 0x48, 0xD0, 0x4D, 0xE2, 0x00, 0x90, 0x92, 0xE5
	.byte 0x03, 0x40, 0xA0, 0xE1, 0x04, 0x20, 0x92, 0xE5, 0x00, 0x50, 0xA0, 0xE1, 0x03, 0x01, 0x19, 0xE3
	.byte 0x41, 0x36, 0xA0, 0xE1, 0x02, 0x80, 0x84, 0xE0, 0x0C, 0x70, 0x94, 0xE5, 0x10, 0x60, 0x94, 0xE5
	.byte 0xD4, 0x00, 0x00, 0x0A, 0xDC, 0x03, 0x9F, 0xE5, 0x01, 0x01, 0x19, 0xE3, 0x00, 0x00, 0x09, 0xE0
	.byte 0x20, 0x18, 0xA0, 0xE1, 0x09, 0x00, 0x00, 0x0A, 0x01, 0x00, 0x13, 0xE3, 0x05, 0x00, 0x00, 0x0A
	.byte 0x01, 0x00, 0x53, 0xE1, 0xA1, 0x00, 0xA0, 0x81, 0x01, 0x30, 0x80, 0x82, 0xC9, 0x00, 0x00, 0x8A
	.byte 0xA3, 0x90, 0xA0, 0xE1, 0x71, 0x00, 0x00, 0xEA, 0xA3, 0x30, 0xA0, 0xE1, 0xC5, 0x00, 0x00, 0xEA
	.byte 0x03, 0x00, 0x13, 0xE2, 0x6B, 0x00, 0x00, 0x0A, 0x01, 0x00, 0x53, 0xE1, 0x21, 0x31, 0x80, 0x80
	.byte 0xC0, 0x00, 0x00, 0x8A, 0x01, 0x00, 0x13, 0xE3, 0x64, 0x00, 0x00, 0x0A, 0x02, 0x00, 0x13, 0xE3
	.byte 0x23, 0x91, 0xA0, 0x11, 0x01, 0x00, 0x89, 0x12, 0x23, 0x01, 0xA0, 0x01, 0x01, 0x90, 0x80, 0x02
	.byte 0x80, 0x00, 0xA0, 0xE1, 0xB0, 0x30, 0x98, 0xE1, 0x05, 0x00, 0xA0, 0xE1, 0x07, 0x10, 0x84, 0xE0
	.byte 0x06, 0x20, 0x84, 0xE0, 0x00, 0xA0, 0xA0, 0xE3, 0xA8, 0x01, 0x00, 0xEB, 0x89, 0x10, 0xA0, 0xE1
	.byte 0xB1, 0x30, 0x98, 0xE1, 0x00, 0xA0, 0x8A, 0xE1, 0x24, 0x00, 0x8D, 0xE2, 0x07, 0x10, 0x84, 0xE0
	.byte 0x06, 0x20, 0x84, 0xE0, 0xA1, 0x01, 0x00, 0xEB, 0x00, 0x10, 0x95, 0xE5, 0x24, 0x20, 0x9D, 0xE5
	.byte 0x81, 0x10, 0x81, 0xE0, 0x01, 0x10, 0x82, 0xE0, 0x00, 0x10, 0x85, 0xE5, 0x04, 0x10, 0x95, 0xE5
	.byte 0x28, 0x20, 0x9D, 0xE5, 0x81, 0x10, 0x81, 0xE0, 0x01, 0x10, 0x82, 0xE0, 0x04, 0x10, 0x85, 0xE5
	.byte 0x08, 0x10, 0x95, 0xE5, 0x2C, 0x20, 0x9D, 0xE5, 0x81, 0x10, 0x81, 0xE0, 0x01, 0x10, 0x82, 0xE0
	.byte 0x08, 0x10, 0x85, 0xE5, 0x0C, 0x10, 0x95, 0xE5, 0x30, 0x20, 0x9D, 0xE5, 0x81, 0x10, 0x81, 0xE0
	.byte 0x01, 0x10, 0x82, 0xE0, 0x0C, 0x10, 0x85, 0xE5, 0x10, 0x10, 0x95, 0xE5, 0x00, 0xA0, 0x8A, 0xE1
	.byte 0x34, 0x20, 0x9D, 0xE5, 0x81, 0x00, 0x81, 0xE0, 0x00, 0x00, 0x82, 0xE0, 0x10, 0x00, 0x85, 0xE5
	.byte 0x14, 0x00, 0x95, 0xE5, 0x38, 0x10, 0x9D, 0xE5, 0x80, 0x00, 0x80, 0xE0, 0x00, 0x20, 0x81, 0xE0
	.byte 0x05, 0x00, 0xA0, 0xE1, 0x05, 0x10, 0xA0, 0xE1, 0x14, 0x20, 0x85, 0xE5, 0xC0, 0x34, 0x00, 0xEB
	.byte 0x0C, 0x00, 0x85, 0xE2, 0x00, 0x10, 0xA0, 0xE1, 0xBD, 0x34, 0x00, 0xEB, 0x00, 0x00, 0x5A, 0xE3
	.byte 0x13, 0x00, 0x00, 0x1A, 0x18, 0x00, 0x95, 0xE5, 0x3C, 0x10, 0x9D, 0xE5, 0x80, 0x00, 0x80, 0xE0
	.byte 0x00, 0x00, 0x81, 0xE0, 0x18, 0x00, 0x85, 0xE5, 0x1C, 0x00, 0x95, 0xE5, 0x40, 0x10, 0x9D, 0xE5
	.byte 0x80, 0x00, 0x80, 0xE0, 0x00, 0x00, 0x81, 0xE0, 0x1C, 0x00, 0x85, 0xE5, 0x20, 0x00, 0x95, 0xE5
	.byte 0x44, 0x10, 0x9D, 0xE5, 0x80, 0x00, 0x80, 0xE0, 0x00, 0x20, 0x81, 0xE0, 0x18, 0x00, 0x85, 0xE2
	.byte 0x00, 0x10, 0xA0, 0xE1, 0x20, 0x20, 0x85, 0xE5, 0xA9, 0x34, 0x00, 0xEB, 0x48, 0xD0, 0x8D, 0xE2
	.byte 0xF0, 0x87, 0xBD, 0xE8, 0x14, 0x90, 0x95, 0xE5, 0x04, 0x60, 0x95, 0xE5, 0x10, 0x40, 0x95, 0xE5
	.byte 0x08, 0x20, 0x95, 0xE5, 0x96, 0x09, 0x01, 0xE0, 0x92, 0x04, 0x00, 0xE0, 0x00, 0x00, 0x41, 0xE0
	.byte 0x0C, 0x70, 0x95, 0xE5, 0x00, 0x80, 0x95, 0xE5, 0x40, 0x36, 0xA0, 0xE1, 0x92, 0x07, 0x01, 0xE0
	.byte 0x98, 0x09, 0x00, 0xE0, 0x00, 0x20, 0x41, 0xE0, 0x98, 0x04, 0x01, 0xE0, 0x96, 0x07, 0x00, 0xE0
	.byte 0x00, 0x00, 0x41, 0xE0, 0x18, 0x30, 0x85, 0xE5, 0x42, 0x16, 0xA0, 0xE1, 0x1C, 0x10, 0x85, 0xE5
	.byte 0x40, 0x06, 0xA0, 0xE1, 0x48, 0xD0, 0x8D, 0xE2, 0x20, 0x00, 0x85, 0xE5, 0xF0, 0x87, 0xBD, 0xE8
	.byte 0x23, 0x91, 0xA0, 0xE1, 0x01, 0x00, 0x00, 0xEA, 0x23, 0x31, 0xA0, 0xE1, 0x55, 0x00, 0x00, 0xEA
	.byte 0x89, 0x00, 0xA0, 0xE1, 0xB0, 0x30, 0x98, 0xE1, 0x05, 0x00, 0xA0, 0xE1, 0x07, 0x10, 0x84, 0xE0
	.byte 0x06, 0x20, 0x84, 0xE0, 0x45, 0x01, 0x00, 0xEB, 0x89, 0x10, 0x88, 0xE0, 0xB2, 0x30, 0xD1, 0xE1
	.byte 0x00, 0x80, 0x80, 0xE3, 0x00, 0x00, 0x8D, 0xE2, 0x07, 0x10, 0x84, 0xE0, 0x06, 0x20, 0x84, 0xE0
	.byte 0x3E, 0x01, 0x00, 0xEB, 0x00, 0x20, 0x95, 0xE5, 0x00, 0x10, 0x9D, 0xE5, 0x00, 0x80, 0x88, 0xE1
	.byte 0x01, 0x00, 0x82, 0xE0, 0x00, 0x00, 0x85, 0xE5, 0x04, 0x20, 0x95, 0xE5, 0x04, 0x10, 0x9D, 0xE5
	.byte 0x05, 0x00, 0xA0, 0xE1, 0x01, 0x10, 0x82, 0xE0, 0x04, 0x10, 0x85, 0xE5, 0x08, 0x30, 0x95, 0xE5
	.byte 0x08, 0x20, 0x9D, 0xE5, 0x05, 0x10, 0xA0, 0xE1, 0x02, 0x20, 0x83, 0xE0, 0x08, 0x20, 0x85, 0xE5
	.byte 0x0C, 0x30, 0x95, 0xE5, 0x0C, 0x20, 0x9D, 0xE5, 0x02, 0x20, 0x83, 0xE0, 0x0C, 0x20, 0x85, 0xE5
	.byte 0x10, 0x30, 0x95, 0xE5, 0x10, 0x20, 0x9D, 0xE5, 0x02, 0x20, 0x83, 0xE0, 0x10, 0x20, 0x85, 0xE5
	.byte 0x14, 0x30, 0x95, 0xE5, 0x14, 0x20, 0x9D, 0xE5, 0x02, 0x20, 0x83, 0xE0, 0x14, 0x20, 0x85, 0xE5
	.byte 0x63, 0x34, 0x00, 0xEB, 0x0C, 0x00, 0x85, 0xE2, 0x00, 0x10, 0xA0, 0xE1, 0x60, 0x34, 0x00, 0xEB
	.byte 0x00, 0x00, 0x58, 0xE3, 0x10, 0x00, 0x00, 0x1A, 0x18, 0x20, 0x95, 0xE5, 0x18, 0x10, 0x9D, 0xE5
	.byte 0x18, 0x00, 0x85, 0xE2, 0x01, 0x10, 0x82, 0xE0, 0x18, 0x10, 0x85, 0xE5, 0x1C, 0x30, 0x95, 0xE5
	.byte 0x1C, 0x20, 0x9D, 0xE5, 0x00, 0x10, 0xA0, 0xE1
_0206FB48:
	mov r0, #2
	b _0206FC54
_0206FB4C:
	.byte 0x1C, 0x20, 0x85, 0xE5
	.byte 0x20, 0x30, 0x95, 0xE5, 0x20, 0x20, 0x9D, 0xE5, 0x02, 0x20, 0x83, 0xE0, 0x20, 0x20, 0x85, 0xE5
	.byte 0x4F, 0x34, 0x00, 0xEB, 0x48, 0xD0, 0x8D, 0xE2, 0xF0, 0x87, 0xBD, 0xE8, 0x14, 0x90, 0x95, 0xE5
	.byte 0x04, 0x60, 0x95, 0xE5, 0x10, 0x40, 0x95, 0xE5, 0x08, 0x20, 0x95, 0xE5, 0x96, 0x09, 0x01, 0xE0
	.byte 0x92, 0x04, 0x00, 0xE0, 0x00, 0x00, 0x41, 0xE0, 0x0C, 0x70, 0x95, 0xE5, 0x00, 0x80, 0x95, 0xE5
	.byte 0x40, 0x36, 0xA0, 0xE1, 0x92, 0x07, 0x01, 0xE0, 0x98, 0x09, 0x00, 0xE0, 0x00, 0x20, 0x41, 0xE0
	.byte 0x98, 0x04, 0x01, 0xE0, 0x96, 0x07, 0x00, 0xE0, 0x00, 0x00, 0x41, 0xE0, 0x18, 0x30, 0x85, 0xE5
	.byte 0x42, 0x16, 0xA0, 0xE1, 0x1C, 0x10, 0x85, 0xE5, 0x40, 0x06, 0xA0, 0xE1, 0x48, 0xD0, 0x8D, 0xE2
	.byte 0x20, 0x00, 0x85, 0xE5, 0xF0, 0x87, 0xBD, 0xE8, 0x83, 0x00, 0xA0, 0xE1, 0xB0, 0x30, 0x98, 0xE1
	.byte 0x05, 0x00, 0xA0, 0xE1, 0x07, 0x10, 0x84, 0xE0, 0x06, 0x20, 0x84, 0xE0, 0xEF, 0x00, 0x00, 0xEB
	.byte 0x00, 0x00, 0x50, 0xE3, 0x16, 0x00, 0x00, 0x0A, 0x14, 0x90, 0x95, 0xE5, 0x04, 0x60, 0x95, 0xE5
	.byte 0x10, 0x40, 0x95, 0xE5, 0x08, 0x20, 0x95, 0xE5, 0x96, 0x09, 0x01, 0xE0, 0x92, 0x04, 0x00, 0xE0
	.byte 0x00, 0x00, 0x41, 0xE0, 0x0C, 0x70, 0x95, 0xE5, 0x00, 0x80, 0x95, 0xE5, 0x40, 0x36, 0xA0, 0xE1
	.byte 0x92, 0x07, 0x01, 0xE0, 0x98, 0x09, 0x00, 0xE0, 0x00, 0x20, 0x41, 0xE0, 0x98, 0x04, 0x01, 0xE0
	.byte 0x96, 0x07, 0x00, 0xE0, 0x00, 0x00, 0x41, 0xE0, 0x18, 0x30, 0x85, 0xE5, 0x42, 0x16, 0xA0, 0xE1
	.byte 0x1C, 0x10, 0x85, 0xE5, 0x40, 0x06, 0xA0, 0xE1, 0x48, 0xD0, 0x8D, 0xE2, 0x20, 0x00, 0x85, 0xE5
	.byte 0xF0, 0x87, 0xBD, 0xE8, 0x18, 0x00, 0x85, 0xE2, 0x00, 0x10, 0xA0, 0xE1, 0x14, 0x34, 0x00, 0xEB
	.byte 0x48, 0xD0, 0x8D, 0xE2
_0206FC54:
	strh r0, [r6, #0x3e]
_0206FC56:
	.byte 0xBD, 0xE8, 0x00, 0x00, 0xFF, 0x1F, 0xF8, 0x4F, 0x2D, 0xE9
	.byte 0x48, 0xD0, 0x4D, 0xE2, 0x03, 0x90, 0xA0, 0xE1, 0xB4, 0x30, 0xD9, 0xE1, 0x04, 0x40, 0x92, 0xE5
	.byte 0x00, 0xA0, 0xA0, 0xE1, 0x01, 0x00, 0x43, 0xE2, 0x41, 0x06, 0x50, 0xE1, 0x04, 0x80, 0x89, 0xE0
	.byte 0x41, 0x06, 0xA0, 0xE1, 0x0C, 0x40, 0x99, 0xE5, 0x10, 0xB0, 0x99, 0xE5, 0x00, 0x30, 0x92, 0xE5
	.byte 0x2E, 0x00, 0x00, 0x1A, 0x03, 0x01, 0x13, 0xE3, 0x04, 0x00, 0x00, 0x0A, 0x01, 0x01, 0x13, 0xE3
	.byte 0x01, 0x20, 0x00, 0x12, 0xA0, 0x00, 0x82, 0x10, 0x03, 0x20, 0x00, 0x02, 0x20, 0x01, 0x82, 0x00
	.byte 0x08, 0x20, 0x99, 0xE5, 0x02, 0x00, 0x12, 0xE3, 0x00, 0x50, 0xA0, 0x13, 0x40, 0x00
_0206FCBE:
	sub r0, r0, r0
	lsl r0, r0, #2
	b _02070006
_0206FCC4:
	.byte 0xB0, 0x30, 0x98, 0xE1, 0x0A, 0x00, 0xA0, 0xE1, 0x04, 0x10, 0x89, 0xE0
	.byte 0x0B, 0x20, 0x89, 0xE0, 0xB1, 0x00, 0x00, 0xEB, 0x00, 0x00, 0x50, 0xE3, 0x16, 0x00, 0x00, 0x0A
	.byte 0x14, 0x80, 0x9A, 0xE5, 0x04, 0x50, 0x9A, 0xE5, 0x10, 0x40, 0x9A, 0xE5, 0x08, 0x20, 0x9A, 0xE5
	.byte 0x95, 0x08, 0x01, 0xE0, 0x92, 0x04, 0x00, 0xE0, 0x00, 0x00, 0x41, 0xE0, 0x0C, 0x60, 0x9A, 0xE5
	.byte 0x00, 0x70, 0x9A, 0xE5, 0x40, 0x36, 0xA0, 0xE1, 0x92, 0x06, 0x01, 0xE0, 0x97, 0x08, 0x00, 0xE0
	.byte 0x00, 0x20, 0x41, 0xE0, 0x97, 0x04, 0x01, 0xE0, 0x95, 0x06, 0x00, 0xE0, 0x00, 0x00, 0x41, 0xE0
	.byte 0x18, 0x30, 0x8A, 0xE5, 0x42, 0x16, 0xA0, 0xE1, 0x1C, 0x10, 0x8A, 0xE5, 0x40, 0x06, 0xA0, 0xE1
	.byte 0x48, 0xD0, 0x8D, 0xE2, 0x20, 0x00, 0x8A, 0xE5, 0xF8, 0x8F, 0xBD, 0xE8, 0x18, 0x00, 0x8A, 0xE2
	.byte 0x00, 0x10, 0xA0, 0xE1, 0xD6, 0x33, 0x00, 0xEB, 0x48, 0xD0, 0x8D, 0xE2, 0xF8, 0x8F, 0xBD, 0xE8
	.byte 0x03, 0x01, 0x13, 0xE3, 0x19, 0x00, 0x00, 0x0A, 0x34, 0x22, 0x9F, 0xE5, 0x01, 0x01, 0x13, 0xE3
	.byte 0x02, 0x30, 0x03, 0xE0, 0x23, 0x38, 0xA0, 0xE1, 0x08, 0x00, 0x00, 0x0A, 0x03, 0x00, 0x50, 0xE1
	.byte 0xA3, 0x00, 0xA0, 0x21, 0x01, 0x50, 0x80, 0x22, 0x11, 0x00, 0x00, 0x2A, 0xA0, 0x00, 0xA0, 0xE1
	.byte 0x01, 0x50, 0x80, 0xE2, 0x22, 0x68, 0x01, 0xE0, 0x02, 0x70, 0xA0, 0xE3, 0x0F, 0x00, 0x00, 0xEA
	.byte 0x03, 0x00, 0x50, 0xE1, 0x03, 0x00, 0x00, 0x3A, 0x03, 0x20, 0x00, 0xE2, 0x20, 0x01, 0x82, 0xE0
	.byte 0x01, 0x50, 0x80, 0xE2, 0x06, 0x00, 0x00, 0xEA, 0xE8, 0x21, 0x9F, 0xE5, 0x20, 0x01, 0xA0, 0xE1
	.byte 0x01, 0x50, 0x80, 0xE2, 0x02, 0x60, 0x01, 0xE0, 0x04, 0x70, 0xA0, 0xE3, 0x03, 0x00, 0x00, 0xEA
	.byte 0x01, 0x50, 0x80, 0xE2, 0xD0, 0x21, 0x9F, 0xE5, 0x01, 0x70, 0xA0, 0xE3, 0x02, 0x60, 0x01, 0xE0
	.byte 0x80, 0x00, 0xA0, 0xE1, 0xB0, 0x30, 0x98, 0xE1, 0x24, 0x00, 0x8D, 0xE2, 0x04, 0x10, 0x89, 0xE0
	.byte 0x0B, 0x20, 0x89, 0xE0, 0x6D, 0x00, 0x00, 0xEB, 0x85, 0x10, 0xA0, 0xE1, 0xB1, 0x30, 0x98, 0xE1
	.byte 0x00, 0x50, 0x80, 0xE3, 0x00, 0x00, 0x8D, 0xE2, 0x04, 0x10, 0x89, 0xE0, 0x0B, 0x20, 0x89, 0xE0
	.byte 0x66, 0x00, 0x00, 0xEB, 0x24, 0x30, 0x9D, 0xE5, 0x00, 0x10, 0x9D, 0xE5, 0x93, 0x07, 0x02, 0xE0
	.byte 0x03, 0x10, 0x41, 0xE0, 0x96, 0x01, 0x01, 0xE0, 0x41, 0x16, 0x82, 0xE0, 0x00, 0x10, 0x8A, 0xE5
	.byte 0x28, 0x30, 0x9D, 0xE5, 0x04, 0x10, 0x9D, 0xE5, 0x93, 0x07, 0x02, 0xE0, 0x03, 0x10, 0x41, 0xE0
	.byte 0x96, 0x01, 0x01, 0xE0, 0x41, 0x16, 0x82, 0xE0, 0x04, 0x10, 0x8A, 0xE5, 0x2C, 0x30, 0x9D, 0xE5
	.byte 0x08, 0x10, 0x9D, 0xE5, 0x93, 0x07, 0x02, 0xE0, 0x03, 0x10, 0x41, 0xE0, 0x96, 0x01, 0x01, 0xE0
	.byte 0x41, 0x16, 0x82, 0xE0, 0x08, 0x10, 0x8A, 0xE5, 0x30, 0x30, 0x9D, 0xE5, 0x0C, 0x10, 0x9D, 0xE5
	.byte 0x93, 0x07, 0x02, 0xE0, 0x03, 0x10, 0x41, 0xE0, 0x96, 0x01, 0x01, 0xE0, 0x41, 0x16, 0x82, 0xE0
	.byte 0x0C, 0x10, 0x8A, 0xE5, 0x34, 0x20, 0x9D, 0xE5, 0x10, 0x10, 0x9D, 0xE5, 0x00, 0x50, 0x85, 0xE1
	.byte 0x02, 0x00, 0x41, 0xE0, 0x92, 0x07, 0x01, 0xE0, 0x96, 0x00, 0x00, 0xE0, 0x40, 0x06, 0x81, 0xE0
	.byte 0x10, 0x00, 0x8A, 0xE5, 0x38, 0x20, 0x9D, 0xE5, 0x14, 0x00, 0x9D, 0xE5, 0x92, 0x07, 0x01, 0xE0
	.byte 0x02, 0x00, 0x40, 0xE0, 0x96, 0x00, 0x00, 0xE0, 0x40, 0x26, 0x81, 0xE0, 0x0A, 0x00, 0xA0, 0xE1
	.byte 0x0A, 0x10, 0xA0, 0xE1, 0x14, 0x20, 0x8A, 0xE5, 0x79, 0x33, 0x00, 0xEB, 0x0C, 0x00, 0x8A, 0xE2
	.byte 0x00, 0x10, 0xA0, 0xE1, 0x76, 0x33, 0x00, 0xEB, 0x00, 0x00, 0x55, 0xE3, 0x19, 0x00, 0x00, 0x1A
	.byte 0x3C, 0x20, 0x9D, 0xE5, 0x18, 0x00, 0x9D, 0xE5, 0x92, 0x07, 0x01, 0xE0, 0x02, 0x00, 0x40, 0xE0
	.byte 0x96, 0x00, 0x00, 0xE0, 0x40, 0x06, 0x81, 0xE0, 0x18, 0x00, 0x8A, 0xE5, 0x40, 0x20, 0x9D, 0xE5
	.byte 0x1C, 0x00, 0x9D, 0xE5, 0x92, 0x07, 0x01, 0xE0, 0x02, 0x00, 0x40, 0xE0, 0x96, 0x00, 0x00, 0xE0
	.byte 0x40, 0x06, 0x81, 0xE0, 0x1C, 0x00, 0x8A, 0xE5, 0x44, 0x20, 0x9D, 0xE5, 0x20, 0x00, 0x9D, 0xE5
	.byte 0x92, 0x07, 0x01, 0xE0, 0x02, 0x00, 0x40, 0xE0, 0x96, 0x00, 0x00, 0xE0, 0x40, 0x26, 0x81, 0xE0
	.byte 0x18, 0x00, 0x8A, 0xE2, 0x00, 0x10, 0xA0, 0xE1, 0x20, 0x20, 0x8A, 0xE5, 0x5C, 0x33, 0x00, 0xEB
	.byte 0x48, 0xD0, 0x8D, 0xE2, 0xF8, 0x8F, 0xBD, 0xE8, 0x14, 0x80, 0x9A, 0xE5, 0x04, 0x50, 0x9A, 0xE5
	.byte 0x00, 0x70, 0x9A, 0xE5, 0x10, 0x40, 0x9A, 0xE5, 0x08, 0x20, 0x9A, 0xE5, 0x0C, 0x60, 0x9A, 0xE5
	.byte 0x95, 0x08, 0x01, 0xE0, 0x92, 0x04, 0x00, 0xE0, 0x00, 0x00, 0x41, 0xE0, 0x40, 0x36, 0xA0, 0xE1
	.byte 0x92, 0x06, 0x01, 0xE0, 0x97, 0x08, 0x00, 0xE0, 0x00, 0x20, 0x41, 0xE0, 0x97, 0x04, 0x01, 0xE0
	.byte 0x95, 0x06, 0x00, 0xE0, 0x00, 0x00, 0x41, 0xE0, 0x18, 0x30, 0x8A, 0xE5, 0x42, 0x16, 0xA0, 0xE1
	.byte 0x1C, 0x10, 0x8A, 0xE5, 0x40, 0x06, 0xA0, 0xE1, 0x20, 0x00, 0x8A, 0xE5, 0x48, 0xD0, 0x8D, 0xE2
	.byte 0xF8, 0x8F, 0xBD, 0xE8, 0x00, 0x00, 0xFF, 0x1F, 0xFF, 0x3F, 0x00, 0x00, 0xFF, 0x0F, 0x00, 0x00
	.byte 0x38, 0x40, 0x2D, 0xE9, 0x02, 0x09, 0x13, 0xE3, 0x2A, 0x00, 0x00, 0x0A, 0x00, 0x40, 0xA0, 0xE3
	.byte 0x20, 0x40, 0x80, 0xE5, 0x1C, 0x40, 0x80, 0xE5, 0x18, 0x40, 0x80, 0xE5, 0x14, 0x40, 0x80, 0xE5
	.byte 0x10, 0x40, 0x80, 0xE5, 0x2C, 0x21, 0x9F, 0xE5, 0x0C, 0x40, 0x80, 0xE5, 0x08, 0x40, 0x80, 0xE5
	.byte 0x02, 0x20, 0x03, 0xE0, 0x82, 0x30, 0x82, 0xE0, 0x04, 0x40, 0x80, 0xE5, 0x83, 0x20, 0x81, 0xE0
	.byte 0x00, 0x40, 0x80, 0xE5, 0x83, 0x30, 0xA0, 0xE1, 0xF3, 0x10, 0x91, 0xE1, 0xF2, 0xC0, 0xD2, 0xE1
	.byte 0xF4, 0x30, 0xD2, 0xE1, 0x10, 0x00, 0x11, 0xE3, 0x01, 0x5A, 0x44, 0x12, 0xF8, 0x40, 0x9F, 0xE5
	.byte 0x0F, 0x10, 0x01, 0xE2, 0xF4, 0xE0
_02070006:
	b _0206FB48
	thumb_func_end FUN_0206e1f6
_02070008:
	.byte 0x01, 0x5A, 0xA0, 0x03, 0x01, 0x41, 0xD4, 0xE7
	.byte 0x01, 0x51, 0x80, 0xE7, 0x01, 0xE1, 0xDE, 0xE7, 0x04, 0xC1, 0x80, 0xE7, 0x0E, 0x31, 0x80, 0xE7
	.byte 0xF0, 0xE0, 0xD2, 0xE1, 0x20, 0x00, 0x1E, 0xE3, 0xD4, 0xE0, 0x9F, 0xE5, 0x00, 0x30, 0x63, 0x12
	.byte 0x01, 0xE1, 0xDE, 0xE7, 0x0E, 0x31, 0x80, 0xE7, 0xF0, 0x20, 0xD2, 0xE1, 0x40, 0x00, 0x12, 0xE3
	.byte 0xC0, 0x20, 0x9F, 0xE5, 0x00, 0xC0, 0x6C, 0x12, 0x01, 0x11, 0xD2, 0xE7, 0x01, 0xC1, 0x80, 0xE7
	.byte 0x00, 0x00, 0xA0, 0xE3, 0x38, 0x80, 0xBD, 0xE8, 0x98, 0x10, 0x9F, 0xE5, 0x01, 0x10, 0x03, 0xE0
	.byte 0x01, 0x31, 0x81, 0xE0, 0x83, 0x10, 0x82, 0xE0, 0xF8, 0xE0, 0xD1, 0xE1, 0x83, 0xC0, 0xA0, 0xE1
	.byte 0xCE, 0x31, 0xA0, 0xE1, 0x10, 0x30, 0x80, 0xE5, 0xFC, 0xC0, 0x92, 0xE1, 0x07, 0x20, 0x0E, 0xE2
	.byte 0x02, 0x28, 0xA0, 0xE1, 0xCC, 0x31, 0xA0, 0xE1, 0x00, 0x30, 0x80, 0xE5, 0xF2, 0x30, 0xD1, 0xE1
	.byte 0x07, 0xC0, 0x0C, 0xE2, 0xC2, 0xE6, 0x8C, 0xE1, 0xC3, 0x21, 0xA0, 0xE1, 0x04, 0x20, 0x80, 0xE5
	.byte 0xF4, 0xC0, 0xD1, 0xE1, 0x0E, 0x28, 0xA0, 0xE1, 0x07, 0xE0, 0x03, 0xE2, 0xCC, 0x31, 0xA0, 0xE1
	.byte 0x08, 0x30, 0x80, 0xE5, 0xF6, 0x30, 0xD1, 0xE1, 0xC2, 0x16, 0x8E, 0xE1, 0x01, 0x18, 0xA0, 0xE1
	.byte 0x07, 0x20, 0x0C, 0xE2, 0xC1, 0x16, 0x82, 0xE1, 0x01, 0x18, 0xA0, 0xE1, 0x07, 0x20, 0x03, 0xE2
	.byte 0xC1, 0x16, 0x82, 0xE1, 0x01, 0x18, 0xA0, 0xE1, 0x41, 0x18, 0xA0, 0xE1, 0xC3, 0x21, 0xA0, 0xE1
	.byte 0x81, 0x19, 0xA0, 0xE1, 0x0C, 0x20, 0x80, 0xE5, 0xC1, 0x19, 0xA0, 0xE1, 0x14, 0x10, 0x80, 0xE5
	.byte 0x01, 0x00, 0xA0, 0xE3, 0x38, 0x80, 0xBD, 0xE8, 0xFF, 0x7F, 0x00, 0x00, 0x98, 0x19, 0x0A, 0x02
	.byte 0x99, 0x19, 0x0A, 0x02, 0x9A, 0x19, 0x0A, 0x02, 0x9B, 0x19, 0x0A, 0x02, 0x02, 0x02, 0x11, 0xE3
	.byte 0x01, 0x08, 0xA0, 0x11, 0x20, 0x08, 0xA0, 0x11, 0x1E, 0xFF, 0x2F, 0x11, 0x01, 0x38, 0xA0, 0xE1
	.byte 0x03, 0x01, 0x11, 0xE3, 0x23, 0x08, 0x80, 0xE0, 0x82, 0x10, 0xA0, 0x01, 0xB1, 0x00, 0x90, 0x01
	.byte 0x1E, 0xFF, 0x2F, 0x01, 0x30, 0x31, 0x9F, 0xE5, 0x01, 0x01, 0x11, 0xE3, 0x03, 0x10, 0x01, 0xE0
	.byte 0x21, 0x38, 0xA0, 0xE1, 0x0C, 0x00, 0x00, 0x0A, 0x01, 0x00, 0x12, 0xE3, 0x07, 0x00, 0x00, 0x0A
	.byte 0x03, 0x00, 0x52, 0xE1, 0x03, 0x00, 0x00, 0x9A, 0x01, 0x10, 0xC3, 0xE3, 0x01, 0x00, 0x80, 0xE0
	.byte 0xB2, 0x00, 0xD0, 0xE1, 0x1E, 0xFF, 0x2F, 0xE1, 0xA2, 0x10, 0xA0, 0xE1, 0x2C, 0x00, 0x00, 0xEA
	.byte 0x01, 0x10, 0xC2, 0xE3, 0xB1, 0x00, 0x90, 0xE1, 0x1E, 0xFF, 0x2F, 0xE1, 0x03, 0x10, 0x12, 0xE2
	.byte 0x23, 0x00, 0x00, 0x0A, 0x03, 0x00, 0x52, 0xE1, 0x04, 0x00, 0x00, 0x9A, 0x23, 0x21, 0xA0, 0xE1
	.byte 0x81, 0x10, 0xA0, 0xE1, 0x82, 0x00, 0x80, 0xE0, 0xB0, 0x00, 0x91, 0xE1, 0x1E, 0xFF, 0x2F, 0xE1
	.byte 0x01, 0x00, 0x12, 0xE3, 0x18, 0x00, 0x00, 0x0A, 0x02, 0x00, 0x12, 0xE3, 0x22, 0x31, 0xA0, 0x11
	.byte 0x01, 0x10, 0x83, 0x12, 0x22, 0x11, 0xA0, 0x01, 0x81, 0x20, 0xA0, 0xE1, 0x01, 0x30, 0x81, 0x02
	.byte 0x83, 0x10, 0xA0, 0xE1, 0xB2, 0x20, 0x90, 0xE1, 0xB1, 0xC0, 0x90, 0xE1, 0x9C, 0x00, 0x9F, 0xE5
	.byte 0x3E, 0x1E, 0x02, 0xE2, 0x00, 0x30, 0x02, 0xE0, 0x81, 0x20, 0x81, 0xE0, 0x3E, 0x1E, 0x0C, 0xE2
	.byte 0x01, 0x10, 0x82, 0xE0, 0x83, 0x30, 0x83, 0xE0, 0x00, 0x20, 0x0C, 0xE0, 0x02, 0x20, 0x83, 0xE0
	.byte 0x21, 0x11, 0xA0, 0xE1, 0x22, 0x21, 0x00, 0xE0, 0x3E, 0x0E, 0x01, 0xE2, 0x00, 0x00, 0x82, 0xE1
	.byte 0x00, 0x08, 0xA0, 0xE1, 0x20, 0x08, 0xA0, 0xE1, 0x1E, 0xFF, 0x2F, 0xE1, 0x22, 0x11, 0xA0, 0xE1
	.byte 0x03, 0x00, 0x00, 0xEA, 0x22, 0x11, 0xA0, 0xE1, 0x81, 0x10, 0xA0, 0xE1, 0xB1, 0x00, 0x90, 0xE1
	.byte 0x1E, 0xFF, 0x2F, 0xE1, 0x81, 0x20, 0xA0, 0xE1, 0x81, 0x10, 0x80, 0xE0, 0xB2, 0x30, 0x90, 0xE1
	.byte 0xB2, 0xC0, 0xD1, 0xE1, 0x34, 0x00, 0x9F, 0xE5, 0x3E, 0x2E, 0x03, 0xE2, 0x3E, 0x1E, 0x0C, 0xE2
	.byte 0x01, 0x10, 0x82, 0xE0, 0xA1, 0x10, 0xA0, 0xE1, 0x00, 0x30, 0x03, 0xE0, 0x00, 0x20, 0x0C, 0xE0
	.byte 0x02, 0x20, 0x83, 0xE0, 0xA2, 0x20, 0x00, 0xE0, 0x3E, 0x0E, 0x01, 0xE2, 0x00, 0x00, 0x82, 0xE1
	.byte 0x00, 0x08, 0xA0, 0xE1, 0x20, 0x08, 0xA0, 0xE1, 0x1E, 0xFF, 0x2F, 0xE1, 0x00, 0x00, 0xFF, 0x1F
	.byte 0x1F, 0x7C, 0x00, 0x00, 0x02, 0x02, 0x11, 0xE3, 0x01, 0x08, 0xA0, 0x11, 0x20, 0x08, 0xA0, 0x11
	.byte 0x1E, 0xFF, 0x2F, 0x11, 0x01, 0x38, 0xA0, 0xE1, 0x23, 0x38, 0x80, 0xE0, 0x03, 0x01, 0x11, 0xE3
	.byte 0x02, 0x00, 0xD3, 0x07, 0x1E, 0xFF, 0x2F, 0x01, 0xBC, 0x00, 0x9F, 0xE5, 0x01, 0x01, 0x11, 0xE3
	.byte 0x00, 0x00, 0x01, 0xE0, 0x20, 0x08, 0xA0, 0xE1, 0x0E, 0x00, 0x00, 0x0A, 0x01, 0x00, 0x12, 0xE3
	.byte 0x0A, 0x00, 0x00, 0x0A, 0x00, 0x00, 0x52, 0xE1, 0xA0, 0x00, 0x83, 0x80, 0x01, 0x00, 0xD0, 0x85
	.byte 0x1E, 0xFF, 0x2F, 0x81, 0xA2, 0x00, 0x83, 0xE0, 0xA2, 0x10, 0xD3, 0xE7, 0x01, 0x00, 0xD0, 0xE5
	.byte 0x00, 0x00, 0x81, 0xE0, 0x80, 0x07, 0xA0, 0xE1, 0x20, 0x08, 0xA0, 0xE1, 0x1E, 0xFF, 0x2F, 0xE1
	.byte 0xA2, 0x00, 0xD3, 0xE7, 0x1E, 0xFF, 0x2F, 0xE1, 0x03, 0x10, 0x12, 0xE2, 0x18, 0x00, 0x00, 0x0A
	.byte 0x00, 0x00, 0x52, 0xE1, 0x20, 0x01, 0x83, 0x80, 0x00, 0x00, 0xD1, 0x87, 0x1E, 0xFF, 0x2F, 0x81
	.byte 0x01, 0x00, 0x12, 0xE3, 0x0B, 0x00, 0x00, 0x0A, 0x02, 0x00, 0x12, 0xE3, 0x22, 0x21, 0xA0, 0x11
	.byte 0x01, 0x00, 0x82, 0x12, 0x22, 0x01, 0xA0, 0x01, 0x00, 0x10, 0xD3, 0xE7, 0x01, 0x20, 0x80, 0x02
	.byte 0x02, 0x00, 0xD3, 0xE7, 0x81, 0x10, 0x81, 0xE0, 0x00, 0x00, 0x81, 0xE0, 0x00, 0x07, 0xA0, 0xE1
	.byte 0x20, 0x08, 0xA0, 0xE1, 0x1E, 0xFF, 0x2F, 0xE1, 0x22, 0x01, 0x83, 0xE0, 0x22, 0x11, 0xD3, 0xE7
	.byte 0x01, 0x00, 0xD0, 0xE5, 0x00, 0x00, 0x81, 0xE0, 0x80, 0x07, 0xA0, 0xE1, 0x20, 0x08, 0xA0, 0xE1
	.byte 0x1E, 0xFF, 0x2F, 0xE1, 0x22, 0x01, 0xD3, 0xE7, 0x1E, 0xFF, 0x2F, 0xE1, 0x00, 0x00, 0xFF, 0x1F
	.byte 0xF8, 0x4F, 0x2D, 0xE9, 0x00, 0xA0, 0xA0, 0xE1, 0x00, 0x00, 0x52, 0xE3, 0x08, 0x00, 0x92, 0x15
	.byte 0x01, 0x90, 0xA0, 0xE1, 0x00, 0x00, 0x50, 0x13, 0x00, 0x70, 0x82, 0x10, 0xAC, 0x00, 0x9F, 0xE5
	.byte 0x1A, 0x10, 0x8A, 0xE2, 0x00, 0x30, 0x90, 0xE5, 0x00, 0x00, 0xA0, 0xE3, 0x0C, 0x30, 0x8A, 0xE5
	.byte 0x18, 0x20, 0xD2, 0xE5, 0x00, 0x70, 0xA0, 0x03, 0x19, 0x20, 0xCA, 0xE5, 0x82, 0x20, 0xA0, 0xE1
	.byte 0xA8, 0x49, 0x00, 0xEB, 0x09, 0x00, 0xD9, 0xE5, 0x00, 0x60, 0xA0, 0xE3, 0x00, 0x00, 0x50, 0xE3
	.byte 0xF8, 0x8F, 0xBD, 0x98, 0x06, 0x80, 0xA0, 0xE1, 0x08, 0x50, 0x89, 0xE2, 0x06, 0xB0, 0xA0, 0xE1
	.byte 0x00, 0x40, 0xE0, 0xE3, 0x00, 0x00, 0x55, 0xE3, 0x08, 0x00, 0x00, 0x0A, 0x09, 0x00, 0xD9, 0xE5
	.byte 0x00, 0x00, 0x56, 0xE1, 0x05, 0x00, 0x00, 0x2A, 0xBE, 0x00, 0xD9, 0xE1, 0x00, 0x10, 0x85, 0xE0
	.byte 0xB2, 0x00, 0xD1, 0xE1, 0x00, 0x00, 0x81, 0xE0, 0x08, 0x10, 0x80, 0xE0, 0x00, 0x00, 0x00, 0xEA
	.byte 0x0B, 0x10, 0xA0, 0xE1, 0x00, 0x00, 0x57, 0xE3, 0x04, 0x00, 0xA0, 0x01, 0x01, 0x00, 0x00, 0x0A
	.byte 0x04, 0x00, 0x87, 0xE2, 0xF8, 0xF8, 0xFF, 0xEB, 0x00, 0x00, 0x50, 0xE3, 0x01, 0x1C, 0x86, 0xA3
	.byte 0x80, 0x00, 0x8A, 0xA0, 0xBA, 0x11, 0xC0, 0xA1, 0x09, 0x00, 0xD9, 0xE5, 0x01, 0x60, 0x86, 0xE2
	.byte 0x10, 0x80, 0x88, 0xE2, 0x00, 0x00, 0x56, 0xE1, 0xE5, 0xFF, 0xFF, 0x3A, 0xF8, 0x8F, 0xBD, 0xE8
	.byte 0x30, 0x82, 0x0A, 0x02, 0xF0, 0x41, 0x2D, 0xE9, 0x08, 0x40, 0x91, 0xE5, 0x00, 0x10, 0x91, 0xE5
	.byte 0x00, 0x70, 0xA0, 0xE1, 0x41, 0x56, 0xA0, 0xE1, 0x08, 0x30, 0x94, 0xE2, 0x0A, 0x00, 0x00, 0x0A
	.byte 0x09, 0x10, 0xD4, 0xE5, 0x02, 0x08, 0xA0, 0xE1, 0x20, 0x28, 0xA0, 0xE1, 0x20, 0x08, 0x51, 0xE1
	.byte 0x05, 0x00, 0x00, 0x9A, 0xBE, 0x10, 0xD4, 0xE1, 0xB1, 0x00, 0x93, 0xE1, 0x01, 0x10, 0x83, 0xE0
	.byte 0x04, 0x10, 0x81, 0xE2, 0x90, 0x12, 0x26, 0xE0, 0x00, 0x00, 0x00, 0xEA, 0x00, 0x60, 0xA0, 0xE3
	.byte 0x00, 0x10, 0x96, 0xE5, 0x04, 0x00, 0xA0, 0xE1, 0x05, 0x20, 0xA0, 0xE1, 0x1E, 0xFF, 0xFF, 0xEB
	.byte 0x00, 0x80, 0xA0, 0xE1, 0x04, 0x10, 0x96, 0xE5, 0x04, 0x00, 0xA0, 0xE1, 0x05, 0x20, 0xA0, 0xE1
	.byte 0x19, 0xFF, 0xFF, 0xEB, 0x04, 0x10, 0x97, 0xE5, 0x00, 0x08, 0x88, 0xE1, 0x02, 0x09, 0x11, 0xE3
	.byte 0x01, 0x10, 0xA0, 0x13, 0x00, 0x10, 0xA0, 0x03, 0x81, 0x07, 0x80, 0xE1, 0x04, 0x00, 0x87, 0xE5
	.byte 0x0C, 0x10, 0x96, 0xE5, 0x04, 0x00, 0xA0, 0xE1, 0x05, 0x20, 0xA0, 0xE1, 0x0E, 0xFF, 0xFF, 0xEB
	.byte 0x00, 0x80, 0xA0, 0xE1, 0x08, 0x10, 0x96, 0xE5, 0x04, 0x00, 0xA0, 0xE1, 0x05, 0x20, 0xA0, 0xE1
	.byte 0x09, 0xFF, 0xFF, 0xEB, 0x08, 0x10, 0x97, 0xE5, 0x08, 0x08, 0x80, 0xE1, 0x02, 0x09, 0x11, 0xE3
	.byte 0x01, 0x10, 0xA0, 0x13, 0x00, 0x10, 0xA0, 0x03, 0x81, 0x07, 0x80, 0xE1, 0x08, 0x00, 0x87, 0xE5
	.byte 0x10, 0x10, 0x96, 0xE5, 0x04, 0x00, 0xA0, 0xE1, 0x05, 0x20, 0xA0, 0xE1, 0x58, 0xFF, 0xFF, 0xEB
	.byte 0x0C, 0x10, 0x97, 0xE5, 0x1F, 0x18, 0xC1, 0xE3, 0x00, 0x08, 0x81, 0xE1, 0x0C, 0x00, 0x87, 0xE5
	.byte 0xF0, 0x81, 0xBD, 0xE8, 0x02, 0x02, 0x11, 0xE3, 0x02, 0x00, 0xA0, 0x11, 0x1E, 0xFF, 0x2F, 0x11
	.byte 0x03, 0x01, 0x11, 0xE3, 0x02, 0x00, 0x80, 0xE0, 0x28, 0x00, 0x00, 0x0A, 0x01, 0x28, 0xA0, 0xE1
	.byte 0x01, 0x01, 0x11, 0xE3, 0x22, 0xC8, 0xA0, 0xE1, 0x09, 0x00, 0x00, 0x0A, 0x01, 0x00, 0x13, 0xE3
	.byte 0x05, 0x00, 0x00, 0x0A, 0x0C, 0x00, 0x53, 0xE1, 0xAC, 0x20, 0xA0, 0x81, 0x01, 0x30, 0x82, 0x82
	.byte 0x1E, 0x00, 0x00, 0x8A, 0xA3, 0x30, 0xA0, 0xE1, 0x21, 0x00, 0x00, 0xEA, 0xA3, 0x30, 0xA0, 0xE1
	.byte 0x1A, 0x00, 0x00, 0xEA, 0x03, 0x20, 0x13, 0xE2, 0x17, 0x00, 0x00, 0x0A, 0x0C, 0x00, 0x53, 0xE1
	.byte 0x2C, 0x31, 0x82, 0x80, 0x15, 0x00, 0x00, 0x8A, 0x01, 0x00, 0x13, 0xE3, 0x10, 0x00, 0x00, 0x0A
	.byte 0x02, 0x00, 0x13, 0xE3, 0x23, 0x31, 0xA0, 0x11, 0x01, 0x20, 0x83, 0x12, 0x23, 0x21, 0xA0, 0x01
	.byte 0x01, 0x30, 0x82, 0x02, 0x01, 0x02, 0x11, 0xE3, 0x02, 0x21, 0x90, 0x07, 0x03, 0x11, 0x90, 0x07
	.byte 0x03, 0x00, 0x00, 0x0A, 0x82, 0x20, 0xA0, 0xE1, 0x83, 0x10, 0xA0, 0xE1, 0xF2, 0x20, 0x90, 0xE1
	.byte 0xF1, 0x10, 0x90, 0xE1, 0x82, 0x00, 0x82, 0xE0, 0x01, 0x00, 0x80, 0xE0, 0x40, 0x01, 0xA0, 0xE1
	.byte 0x1E, 0xFF, 0x2F, 0xE1, 0x23, 0x31, 0xA0, 0xE1, 0x05, 0x00, 0x00, 0xEA, 0x23, 0x31, 0xA0, 0xE1
	.byte 0x01, 0x02, 0x11, 0xE3, 0x83, 0x10, 0xA0, 0x11, 0xF1, 0x00, 0x90, 0x11, 0x03, 0x01, 0x90, 0x07
	.byte 0x1E, 0xFF, 0x2F, 0xE1, 0x01, 0x02, 0x11, 0xE3, 0x03, 0x11, 0x80, 0x00, 0x03, 0x01, 0x90, 0x07
	.byte 0x04, 0x10, 0x91, 0x05, 0x03, 0x00, 0x00, 0x0A, 0x83, 0x10, 0x80, 0xE0, 0x83, 0x20, 0xA0, 0xE1
	.byte 0xF2, 0x00, 0x90, 0xE1, 0xF2, 0x10, 0xD1, 0xE1, 0x01, 0x00, 0x80, 0xE0, 0xC0, 0x00, 0xA0, 0xE1
	.byte 0x1E, 0xFF, 0x2F, 0xE1, 0x02, 0x02, 0x11, 0xE3, 0x02, 0x00, 0xA0, 0x11, 0x1E, 0xFF, 0x2F, 0x11
	.byte 0x03, 0x01, 0x11, 0xE3, 0x02, 0x00, 0x80, 0xE0, 0x2D, 0x00, 0x00, 0x0A, 0x01, 0x28, 0xA0, 0xE1
	.byte 0x01, 0x01, 0x11, 0xE3, 0x22, 0x28, 0xA0, 0xE1, 0x09, 0x00, 0x00, 0x0A, 0x01, 0x00, 0x13, 0xE3
	.byte 0x05, 0x00, 0x00, 0x0A, 0x02, 0x00, 0x53, 0xE1, 0xA2, 0x10, 0xA0, 0x81, 0x01, 0x30, 0x81, 0x82
	.byte 0x23, 0x00, 0x00, 0x8A, 0xA3, 0x10, 0xA0, 0xE1, 0x23, 0x00, 0x00, 0xEA, 0xA3, 0x30, 0xA0, 0xE1
	.byte 0x1F, 0x00, 0x00, 0xEA, 0x03, 0x10, 0x13, 0xE2, 0x1C, 0x00, 0x00, 0x0A, 0x02, 0x00, 0x53, 0xE1
	.byte 0x22, 0x31, 0x81, 0x80, 0x1A, 0x00, 0x00, 0x8A, 0x01, 0x00, 0x13, 0xE3, 0x15, 0x00, 0x00, 0x0A
	.byte 0x02, 0x00, 0x13, 0xE3, 0x23, 0x31, 0xA0, 0x11, 0x01, 0x10, 0x83, 0x12, 0x23, 0x11, 0xA0, 0x01
	.byte 0x01, 0x21, 0x80, 0xE0, 0x01, 0xC1, 0xA0, 0xE1, 0x01, 0x30, 0x81, 0x02, 0x03, 0x11, 0x80, 0xE0
	.byte 0xF2, 0x20, 0xD2, 0xE1, 0x03, 0x31, 0xA0, 0xE1, 0xFC, 0xC0, 0x90, 0xE1, 0xF2, 0x10, 0xD1, 0xE1
	.byte 0xF3, 0x30, 0x90, 0xE1, 0x82, 0x20, 0x82, 0xE0, 0x01, 0x00, 0x82, 0xE0, 0x8C, 0xC0, 0x8C, 0xE0
	.byte 0x40, 0x11, 0xA0, 0xE1, 0x03, 0x20, 0x8C, 0xE0, 0x02, 0x07, 0xA0, 0xE1, 0x01, 0x18, 0xA0, 0xE1
	.byte 0x20, 0x08, 0x81, 0xE1, 0x1E, 0xFF, 0x2F, 0xE1, 0x23, 0x11, 0xA0, 0xE1, 0x02, 0x00, 0x00, 0xEA
	.byte 0x23, 0x31, 0xA0, 0xE1, 0x03, 0x01, 0x90, 0xE7, 0x1E, 0xFF, 0x2F, 0xE1, 0x01, 0x31, 0x80, 0xE0
	.byte 0x01, 0xC1, 0xA0, 0xE1, 0xF2, 0x20, 0xD3, 0xE1, 0xF6, 0x10, 0xD3, 0xE1, 0xFC, 0xC0, 0x90, 0xE1
	.byte 0xF4, 0x30, 0xD3, 0xE1, 0x01, 0x00, 0x82, 0xE0, 0xC0, 0x10, 0xA0, 0xE1, 0x03, 0x00, 0x8C, 0xE0
	.byte 0x80, 0x07, 0xA0, 0xE1, 0x01, 0x18, 0xA0, 0xE1, 0x20, 0x08, 0x81, 0xE1, 0x1E, 0xFF, 0x2F, 0xE1
	.byte 0xF8, 0x43, 0x2D, 0xE9, 0x00, 0x70, 0xA0, 0xE1, 0x02, 0x60, 0xA0, 0xE1, 0x03, 0x50, 0xA0, 0xE1
	.byte 0x08, 0x30, 0x97, 0xE2, 0x08, 0x00, 0x00, 0x0A, 0x09, 0x00, 0xD7, 0xE5, 0x00, 0x00, 0x51, 0xE1
	.byte 0x05, 0x00, 0x00, 0x2A, 0xBE, 0x20, 0xD7, 0xE1, 0xB2, 0x00, 0x93, 0xE1, 0x02, 0x20, 0x83, 0xE0
	.byte 0x04, 0x20, 0x82, 0xE2, 0x90, 0x21, 0x24, 0xE0, 0x00, 0x00, 0x00, 0xEA, 0x00, 0x40, 0xA0, 0xE3
	.byte 0x18, 0x10, 0x94, 0xE5, 0x1C, 0x20, 0x94, 0xE5, 0x07, 0x00, 0xA0, 0xE1, 0x06, 0x30, 0xA0, 0xE1
	.byte 0x00, 0x80, 0x95, 0xE5, 0x66, 0xFF, 0xFF, 0xEB, 0x00, 0x90, 0xA0, 0xE1, 0x20, 0x10, 0x94, 0xE5
	.byte 0x24, 0x20, 0x94, 0xE5, 0x07, 0x00, 0xA0, 0xE1, 0x06, 0x30, 0xA0, 0xE1, 0x60, 0xFF, 0xFF, 0xEB
	.byte 0x00, 0x00, 0x59, 0xE3, 0x00, 0x00, 0x50, 0x03, 0x24, 0x90, 0x85, 0x15, 0x28, 0x00, 0x85, 0x15
	.byte 0x04, 0x80, 0x88, 0x03, 0x10, 0x10, 0x94, 0xE5, 0x14, 0x20, 0x94, 0xE5, 0x04, 0x80, 0xC8, 0x13
	.byte 0x07, 0x00, 0xA0, 0xE1, 0x06, 0x30, 0xA0, 0xE1, 0x95, 0xFF, 0xFF, 0xEB, 0x01, 0x02, 0x50, 0xE3
	.byte 0x02, 0x80, 0x88, 0x03, 0x03, 0x00, 0x00, 0x0A, 0xB0, 0x02, 0xC5, 0xE1, 0x20, 0x08, 0xA0, 0xE1
	.byte 0xB2, 0x02, 0xC5, 0xE1, 0x02, 0x80, 0xC8, 0xE3, 0x07, 0x00, 0xA0, 0xE1, 0x06, 0x30, 0xA0, 0xE1
	.byte 0x06, 0x00, 0x94, 0xE8, 0x4A, 0xFF, 0xFF, 0xEB, 0x00, 0x90, 0xA0, 0xE1, 0x08, 0x10, 0x94, 0xE5
	.byte 0x0C, 0x20, 0x94, 0xE5, 0x07, 0x00, 0xA0, 0xE1, 0x06, 0x30, 0xA0, 0xE1, 0x44, 0xFF, 0xFF, 0xEB
	.byte 0x01, 0x0A, 0x59, 0xE3, 0x01, 0x0A, 0x50, 0x03, 0x01, 0x80, 0x88, 0x03, 0x18, 0x90, 0x85, 0x15
	.byte 0x1C, 0x00, 0x85, 0x15, 0x01, 0x80, 0xC8, 0x13, 0x00, 0x80, 0x85, 0xE5, 0xF8, 0x83, 0xBD, 0xE8
	.byte 0xF8, 0x4F, 0x2D, 0xE9, 0x00, 0xA0, 0xA0, 0xE1, 0x00, 0x00, 0x52, 0xE3, 0x08, 0x00, 0x92, 0x15
	.byte 0x01, 0x90, 0xA0, 0xE1, 0x00, 0x00, 0x50, 0x13, 0x00, 0x70, 0x82, 0x10, 0xAC, 0x00, 0x9F, 0xE5
	.byte 0x1A, 0x10, 0x8A, 0xE2, 0x00, 0x30, 0x90, 0xE5, 0x00, 0x00, 0xA0, 0xE3, 0x0C, 0x30, 0x8A, 0xE5
	.byte 0x18, 0x20, 0xD2, 0xE5, 0x00, 0x70, 0xA0, 0x03, 0x19, 0x20, 0xCA, 0xE5, 0x82, 0x20, 0xA0, 0xE1
	.byte 0x74, 0x48, 0x00, 0xEB, 0x09, 0x00, 0xD9, 0xE5, 0x00, 0x60, 0xA0, 0xE3, 0x00, 0x00, 0x50, 0xE3
	.byte 0xF8, 0x8F, 0xBD, 0x98, 0x06, 0x80, 0xA0, 0xE1, 0x08, 0x50, 0x89, 0xE2, 0x06, 0xB0, 0xA0, 0xE1
	.byte 0x00, 0x40, 0xE0, 0xE3, 0x00, 0x00, 0x55, 0xE3, 0x08, 0x00, 0x00, 0x0A, 0x09, 0x00, 0xD9, 0xE5
	.byte 0x00, 0x00, 0x56, 0xE1, 0x05, 0x00, 0x00, 0x2A, 0xBE, 0x00, 0xD9, 0xE1, 0x00, 0x10, 0x85, 0xE0
	.byte 0xB2, 0x00, 0xD1, 0xE1, 0x00, 0x00, 0x81, 0xE0, 0x08, 0x10, 0x80, 0xE0, 0x00, 0x00, 0x00, 0xEA
	.byte 0x0B, 0x10, 0xA0, 0xE1, 0x00, 0x00, 0x57, 0xE3, 0x04, 0x00, 0xA0, 0x01, 0x01, 0x00, 0x00, 0x0A
	.byte 0x04, 0x00, 0x87, 0xE2, 0xC4, 0xF7, 0xFF, 0xEB, 0x00, 0x00, 0x50, 0xE3, 0x01, 0x1C, 0x86, 0xA3
	.byte 0x80, 0x00, 0x8A, 0xA0, 0xBA, 0x11, 0xC0, 0xA1, 0x09, 0x00, 0xD9, 0xE5, 0x01, 0x60, 0x86, 0xE2
	.byte 0x10, 0x80, 0x88, 0xE2, 0x00, 0x00, 0x56, 0xE1, 0xE5, 0xFF, 0xFF, 0x3A, 0xF8, 0x8F, 0xBD, 0xE8
	.byte 0x28, 0x82, 0x0A, 0x02, 0x10, 0x40, 0x2D, 0xE9, 0x00, 0xC0, 0x91, 0xE5, 0x00, 0x40, 0xA0, 0xE1
	.byte 0x02, 0x28, 0xA0, 0xE1, 0x08, 0x00, 0x91, 0xE5, 0x22, 0x18, 0xA0, 0xE1, 0x04, 0x30, 0xA0, 0xE1
	.byte 0x4C, 0x26, 0xA0, 0xE1, 0x81, 0xFF, 0xFF, 0xEB, 0x10, 0x00, 0x94, 0xE5, 0x03, 0x01, 0xC0, 0xE3
	.byte 0x01, 0x01, 0x80, 0xE3, 0x10, 0x00, 0x84, 0xE5, 0x00, 0x00, 0x94, 0xE5, 0x08, 0x00, 0x80, 0xE3
	.byte 0x00, 0x00, 0x84, 0xE5, 0x10, 0x80, 0xBD, 0xE8, 0xF8, 0x4F, 0x2D, 0xE9, 0x00, 0xA0, 0xA0, 0xE1
	.byte 0x00, 0x00, 0x52, 0xE3, 0x08, 0x00, 0x92, 0x15, 0x01, 0x90, 0xA0, 0xE1, 0x00, 0x00, 0x50, 0x13
	.byte 0x00, 0x70, 0x82, 0x10, 0xB4, 0x00, 0x9F, 0xE5, 0x1A, 0x10, 0x8A, 0xE2, 0x00, 0x30, 0x90, 0xE5
	.byte 0x00, 0x00, 0xA0, 0xE3, 0x0C, 0x30, 0x8A, 0xE5, 0x18, 0x20, 0xD2, 0xE5, 0x00, 0x70, 0xA0, 0x03
	.byte 0x19, 0x20, 0xCA, 0xE5, 0x08, 0x90, 0x8A, 0xE5, 0x19, 0x20, 0xDA, 0xE5, 0x82, 0x20, 0xA0, 0xE1
	.byte 0x2C, 0x48, 0x00, 0xEB, 0x0D, 0x00, 0xD9, 0xE5, 0x00, 0x60, 0xA0, 0xE3, 0x00, 0x00, 0x50, 0xE3
	.byte 0xF8, 0x8F, 0xBD, 0x98, 0x06, 0x80, 0xA0, 0xE1, 0x0C, 0x50, 0x89, 0xE2, 0x06, 0xB0, 0xA0, 0xE1
	.byte 0x00, 0x40, 0xE0, 0xE3, 0x00, 0x00, 0x55, 0xE3, 0x08, 0x00, 0x00, 0x0A, 0x0D, 0x00, 0xD9, 0xE5
	.byte 0x00, 0x00, 0x56, 0xE1, 0x05, 0x00, 0x00, 0x2A, 0xB2, 0x01, 0xD9, 0xE1, 0x00, 0x10, 0x85, 0xE0
	.byte 0xB2, 0x00, 0xD1, 0xE1, 0x00, 0x00, 0x81, 0xE0, 0x08, 0x10, 0x80, 0xE0, 0x00, 0x00, 0x00, 0xEA
	.byte 0x0B, 0x10, 0xA0, 0xE1, 0x00, 0x00, 0x57, 0xE3, 0x04, 0x00, 0xA0, 0x01, 0x01, 0x00, 0x00, 0x0A
	.byte 0x04, 0x00, 0x87, 0xE2, 0x7C, 0xF7, 0xFF, 0xEB, 0x00, 0x00, 0x50, 0xE3, 0x01, 0x1C, 0x86, 0xA3
	.byte 0x80, 0x00, 0x8A, 0xA0, 0xBA, 0x11, 0xC0, 0xA1, 0x0D, 0x00, 0xD9, 0xE5, 0x01, 0x60, 0x86, 0xE2
	.byte 0x10, 0x80, 0x88, 0xE2, 0x00, 0x00, 0x56, 0xE1, 0xE5, 0xFF, 0xFF, 0x3A, 0xF8, 0x8F, 0xBD, 0xE8
	.byte 0x2C, 0x82, 0x0A, 0x02, 0x38, 0x40, 0x2D, 0xE9, 0x00, 0x50, 0xB0, 0xE1, 0x02, 0x40, 0xA0, 0xE1
	.byte 0x00, 0x00, 0xA0, 0x03, 0x01, 0x00, 0x00, 0x0A, 0x3C, 0x00, 0x85, 0xE2, 0xFA, 0xF6, 0xFF, 0xEB
	.byte 0x00, 0x10, 0x90, 0xE5, 0x10, 0x30, 0x94, 0xE5, 0x07, 0x13, 0x01, 0xE2, 0x05, 0x03, 0x51, 0xE3
	.byte 0x08, 0x10, 0x95, 0x15, 0x98, 0x20, 0x9F, 0xE5, 0x18, 0x10, 0x95, 0x05, 0x01, 0x18, 0xA0, 0xE1
	.byte 0x21, 0x18, 0xA0, 0xE1, 0x0E, 0x52, 0xC1, 0xE3, 0x88, 0x10, 0x9F, 0xE5, 0x01, 0x30, 0x03, 0xE0
	.byte 0x10, 0x30, 0x84, 0xE5, 0x00, 0x10, 0x90, 0xE5, 0x05, 0x10, 0x81, 0xE0, 0x01, 0x10, 0x83, 0xE1
	.byte 0x10, 0x10, 0x84, 0xE5, 0x04, 0x10, 0x90, 0xE5, 0x02, 0x10, 0x01, 0xE0, 0xBC, 0x12, 0xC4, 0xE1
	.byte 0x04, 0x10, 0x90, 0xE5, 0x82, 0x15, 0x01, 0xE0, 0xA1, 0x15, 0xA0, 0xE1, 0xBE, 0x12, 0xC4, 0xE1
	.byte 0x04, 0x00, 0x90, 0xE5, 0xBC, 0x12, 0xD4, 0xE1, 0x02, 0x30, 0x00, 0xE0, 0x82, 0x05, 0x00, 0xE0
	.byte 0x01, 0x00, 0x53, 0xE1, 0xA0, 0x55, 0xA0, 0xE1, 0x01, 0x0A, 0xA0, 0x03, 0x02, 0x00, 0x00, 0x0A
	.byte 0x03, 0x06, 0xA0, 0xE1, 0x01, 0x16, 0xA0, 0xE1, 0x26, 0x2F, 0x00, 0xEB, 0x30, 0x00, 0x84, 0xE5
	.byte 0xBE, 0x12, 0xD4, 0xE1, 0x01, 0x00, 0x55, 0xE1, 0x01, 0x0A, 0xA0, 0x03, 0x02, 0x00, 0x00, 0x0A
	.byte 0x05, 0x06, 0xA0, 0xE1, 0x01, 0x16, 0xA0, 0xE1, 0x1E, 0x2F, 0x00, 0xEB, 0x34, 0x00, 0x84, 0xE5
	.byte 0x38, 0x80, 0xBD, 0xE8, 0xFF, 0x07, 0x00, 0x00, 0x00, 0x00, 0x0F, 0xC0, 0x38, 0x40, 0x2D, 0xE9
	.byte 0x00, 0x50, 0xB0, 0xE1, 0xB4, 0x03, 0xD5, 0x11, 0x02, 0x40, 0xA0, 0xE1, 0x00, 0x00, 0x50, 0x13
	.byte 0x00, 0x00, 0xA0, 0x03, 0x01, 0x00, 0x00, 0x0A, 0x00, 0x00, 0x85, 0xE0, 0xC2, 0xF6, 0xFF, 0xEB
	.byte 0x2C, 0x10, 0x95, 0xE5, 0xB2, 0x20, 0xD0, 0xE1, 0x01, 0x18, 0xA0, 0xE1, 0x21, 0x18, 0xA0, 0xE1
	.byte 0x0E, 0x12, 0xC1, 0xE3, 0x01, 0x18, 0xA0, 0xE1, 0x01, 0x00, 0x12, 0xE3, 0x21, 0x18, 0xA0, 0xE1
	.byte 0xB0, 0x00, 0xD0, 0xE1, 0x03, 0x00, 0x00, 0x1A, 0x80, 0x07, 0xA0, 0xE1, 0x81, 0x17, 0xA0, 0xE1
	.byte 0x20, 0x08, 0xA0, 0xE1, 0x21, 0x18, 0xA0, 0xE1, 0x01, 0x00, 0x80, 0xE0, 0x14, 0x00, 0x84, 0xE5
	.byte 0x38, 0x80, 0xBD, 0xE8, 0xF8, 0x40, 0x2D, 0xE9, 0x01, 0x60, 0xA0, 0xE1, 0x00, 0x30, 0x96, 0xE5
	.byte 0x08, 0x50, 0x96, 0xE5, 0x02, 0x18, 0xA0, 0xE1, 0x03, 0x22, 0xA0, 0xE1, 0x00, 0x70, 0xA0, 0xE1
	.byte 0x05, 0x00, 0xA0, 0xE1, 0x21, 0x18, 0xA0, 0xE1, 0x22, 0x28, 0xA0, 0xE1, 0xB1, 0xF7, 0xFF, 0xEB
	.byte 0x00, 0x40, 0xA0, 0xE1, 0x02, 0x10, 0xD4, 0xE5, 0x05, 0x00, 0xA0, 0xE1, 0x97, 0xF7, 0xFF, 0xEB
	.byte 0x00, 0x10, 0xA0, 0xE1, 0x14, 0x00, 0x96, 0xE5, 0x07, 0x20, 0xA0, 0xE1, 0x9C, 0xFF, 0xFF, 0xEB
	.byte 0x03, 0x10, 0xD4, 0xE5, 0xFF, 0x00, 0x51, 0xE3, 0xF8, 0x80, 0xBD, 0x08, 0x05, 0x00, 0xA0, 0xE1
	.byte 0x99, 0xF7, 0xFF, 0xEB, 0x00, 0x10, 0xA0, 0xE1, 0x14, 0x00, 0x96, 0xE5, 0x07, 0x20, 0xA0, 0xE1
	.byte 0xC9, 0xFF, 0xFF, 0xEB, 0xF8, 0x80, 0xBD, 0xE8, 0x40, 0x30, 0x9F, 0xE5, 0x00, 0xC0, 0xA0, 0xE3
	.byte 0x00, 0x30, 0x93, 0xE5, 0x0C, 0x30, 0x80, 0xE5, 0x17, 0x20, 0xD2, 0xE5, 0x19, 0x20, 0xC0, 0xE5
	.byte 0x08, 0x10, 0x80, 0xE5, 0x19, 0x10, 0xD0, 0xE5, 0x00, 0x00, 0x51, 0xE3, 0x1E, 0xFF, 0x2F, 0x91
	.byte 0x01, 0x2C, 0x8C, 0xE3, 0x8C, 0x10, 0x80, 0xE0, 0xBA, 0x21, 0xC1, 0xE1, 0x19, 0x10, 0xD0, 0xE5
	.byte 0x01, 0xC0, 0x8C, 0xE2, 0x01, 0x00, 0x5C, 0xE1, 0xF8, 0xFF, 0xFF, 0x3A, 0x1E, 0xFF, 0x2F, 0xE1
	.byte 0x20, 0x82, 0x0A, 0x02, 0x08, 0x40, 0x2D, 0xE9, 0x08, 0xE0, 0x91, 0xE5, 0x00, 0x30, 0x91, 0xE5
	.byte 0xB6, 0x10, 0xDE, 0xE1, 0x43, 0xC6, 0xA0, 0xE1, 0x01, 0x30, 0xA0, 0xE3, 0x9C, 0x21, 0x22, 0xE0
	.byte 0xA2, 0x12, 0xA0, 0xE1, 0x01, 0x11, 0x8E, 0xE0, 0x0C, 0x10, 0x91, 0xE5, 0x1F, 0x20, 0x02, 0xE2
	.byte 0x13, 0x12, 0x01, 0xE0, 0x00, 0x10, 0x80, 0xE5, 0x08, 0x80, 0xBD, 0xE8, 0x10, 0x40, 0x2D, 0xE9
	.byte 0x00, 0x40, 0xA0, 0xE1, 0x00, 0x00, 0x94, 0xE5, 0x04, 0x00, 0x10, 0xE3, 0x0B, 0x00, 0x00, 0x1A
	.byte 0x02, 0x00, 0x10, 0xE3, 0x04, 0x00, 0x00, 0x1A, 0x28, 0x10, 0x84, 0xE2, 0x19, 0x00, 0xA0, 0xE3
	.byte 0x0C, 0x20, 0xA0, 0xE3, 0x46, 0xF4, 0xFF, 0xEB, 0x0A, 0x00, 0x00, 0xEA, 0x4C, 0x10, 0x84, 0xE2
	.byte 0x1C, 0x00, 0xA0, 0xE3, 0x03, 0x20, 0xA0, 0xE3, 0x41, 0xF4, 0xFF, 0xEB, 0x05, 0x00, 0x00, 0xEA
	.byte 0x02, 0x00, 0x10, 0xE3, 0x03, 0x00, 0x00, 0x1A, 0x28, 0x10, 0x84, 0xE2, 0x1A, 0x00, 0xA0, 0xE3
	.byte 0x09, 0x20, 0xA0, 0xE3, 0x3A, 0xF4, 0xFF, 0xEB, 0x00, 0x00, 0x94, 0xE5, 0x01, 0x00, 0x10, 0xE3
	.byte 0x10, 0x80, 0xBD, 0x18, 0x04, 0x10, 0x84, 0xE2, 0x1B, 0x00, 0xA0, 0xE3, 0x03, 0x20, 0xA0, 0xE3
	.byte 0x33, 0xF4, 0xFF, 0xEB, 0x10, 0x80, 0xBD, 0xE8, 0x04, 0x00, 0x13, 0xE3, 0x03, 0x00, 0x00, 0x0A
	.byte 0x00, 0x10, 0x90, 0xE5, 0x01, 0x10, 0x81, 0xE3, 0x00, 0x10, 0x80, 0xE5, 0x05, 0x00, 0x00, 0xEA
	.byte 0x00, 0x20, 0x91, 0xE5, 0x04, 0x20, 0x80, 0xE5, 0x04, 0x20, 0x91, 0xE5, 0x08, 0x20, 0x80, 0xE5
	.byte 0x08, 0x10, 0x91, 0xE5, 0x0C, 0x10, 0x80, 0xE5, 0x00, 0x10, 0x90, 0xE5, 0x18, 0x10, 0x81, 0xE3
	.byte 0x00, 0x10, 0x80, 0xE5, 0x1E, 0xFF, 0x2F, 0xE1, 0x38, 0x40, 0x2D, 0xE9, 0x00, 0x50, 0xA0, 0xE1
	.byte 0x00, 0x00, 0x95, 0xE5, 0x00, 0x40, 0xA0, 0xE3, 0x04, 0x00, 0x10, 0xE3, 0x01, 0x40, 0xA0, 0x03
	.byte 0x20, 0x00, 0x10, 0xE3, 0x0C, 0x00, 0x00, 0x0A, 0x08, 0x00, 0x10, 0xE3, 0x0A, 0x00, 0x00, 0x1A
	.byte 0x00, 0x00, 0x54, 0xE3, 0x04, 0x00, 0x00, 0x0A, 0x4C, 0x10, 0x85, 0xE2, 0x1C, 0x00, 0xA0, 0xE3
	.byte 0x03, 0x20, 0xA0, 0xE3, 0x12, 0xF4, 0xFF, 0xEB, 0x00, 0x40, 0xA0, 0xE3, 0x10, 0x10, 0x85, 0xE2
	.byte 0x1B, 0x00, 0xA0, 0xE3, 0x03, 0x20, 0xA0, 0xE3, 0x0D, 0xF4, 0xFF, 0xEB, 0x00, 0x00, 0x95, 0xE5
	.byte 0x02, 0x00, 0x10, 0xE3, 0x0A, 0x00, 0x00, 0x1A, 0x00, 0x00, 0x54, 0xE3, 0x28, 0x10, 0x85, 0xE2
	.byte 0x03, 0x00, 0x00, 0x0A, 0x19, 0x00, 0xA0, 0xE3, 0x0C, 0x20, 0xA0, 0xE3, 0x04, 0xF4, 0xFF, 0xEB
	.byte 0x09, 0x00, 0x00, 0xEA, 0x1A, 0x00, 0xA0, 0xE3, 0x09, 0x20, 0xA0, 0xE3, 0x00, 0xF4, 0xFF, 0xEB
	.byte 0x05, 0x00, 0x00, 0xEA, 0x00, 0x00, 0x54, 0xE3, 0x03, 0x00, 0x00, 0x0A, 0x4C, 0x10, 0x85, 0xE2
	.byte 0x1C, 0x00, 0xA0, 0xE3, 0x03, 0x20, 0xA0, 0xE3, 0xF9, 0xF3, 0xFF, 0xEB, 0x00, 0x00, 0x95, 0xE5
	.byte 0x01, 0x00, 0x10, 0xE3, 0x38, 0x80, 0xBD, 0x18, 0x04, 0x10, 0x85, 0xE2, 0x1B, 0x00, 0xA0, 0xE3
	.byte 0x03, 0x20, 0xA0, 0xE3, 0xF2, 0xF3, 0xFF, 0xEB, 0x38, 0x80, 0xBD, 0xE8, 0xF0, 0x41, 0x2D, 0xE9
	.byte 0x00, 0xC0, 0xA0, 0xE1, 0x04, 0x00, 0x13, 0xE3, 0x03, 0x00, 0xD2, 0xE5, 0x0F, 0x00, 0x00, 0x0A
	.byte 0x00, 0x10, 0x9C, 0xE5, 0x02, 0x00, 0x10, 0xE3, 0x01, 0x10, 0x81, 0xE3, 0x00, 0x10, 0x8C, 0xE5
	.byte 0x28, 0x00, 0x00, 0x0A, 0x10, 0x11, 0x9F, 0xE5, 0x01, 0x70, 0xD2, 0xE5, 0x00, 0x10, 0x91, 0xE5
	.byte 0x01, 0x30, 0xA0, 0xE3, 0xC4, 0x60, 0x81, 0xE2, 0xA7, 0x52, 0xA0, 0xE1, 0x05, 0x41, 0x96, 0xE7
	.byte 0x1F, 0x10, 0x07, 0xE2, 0x13, 0x11, 0x84, 0xE1, 0x05, 0x11, 0x86, 0xE7, 0x1D, 0x00, 0x00, 0xEA
	.byte 0x00, 0x30, 0x91, 0xE5, 0x02, 0x00, 0x10, 0xE3, 0x04, 0x30, 0x8C, 0xE5, 0x04, 0x30, 0x91, 0xE5
	.byte 0x08, 0x30, 0x8C, 0xE5, 0x08, 0x30, 0x91, 0xE5, 0x0C, 0x30, 0x8C, 0xE5, 0x15, 0x00, 0x00, 0x0A
	.byte 0xC4, 0x30, 0x9F, 0xE5, 0x01, 0x80, 0xD2, 0xE5, 0x00, 0x40, 0x93, 0xE5, 0x18, 0x30, 0xA0, 0xE3
	.byte 0xC4, 0x70, 0x84, 0xE2, 0xA8, 0x62, 0xA0, 0xE1, 0x1F, 0x40, 0x08, 0xE2, 0x01, 0x50, 0xA0, 0xE3
	.byte 0x15, 0x44, 0xE0, 0xE1, 0x06, 0xE1, 0x97, 0xE7, 0x88, 0x03, 0x65, 0xE1, 0x04, 0x30, 0x0E, 0xE0
	.byte 0x06, 0x31, 0x87, 0xE7, 0x0C, 0x40, 0x91, 0xE5, 0x90, 0x30, 0x9F, 0xE5, 0x90, 0xE0, 0x9F, 0xE5
	.byte 0x05, 0x40, 0x83, 0xE7, 0x10, 0x40, 0x91, 0xE5, 0x88, 0x30, 0x9F, 0xE5, 0x05, 0x40, 0x8E, 0xE7
	.byte 0x14, 0x10, 0x91, 0xE5, 0x05, 0x10, 0x83, 0xE7, 0x01, 0x00, 0x10, 0xE3, 0x16, 0x00, 0x00, 0x0A
	.byte 0x02, 0x30, 0xD2, 0xE5, 0x00, 0x10, 0x9C, 0xE5, 0x5C, 0x00, 0x9F, 0xE5, 0x20, 0x10, 0x81, 0xE3
	.byte 0x00, 0x10, 0x8C, 0xE5, 0x00, 0x10, 0x90, 0xE5, 0xA3, 0x02, 0xA0, 0xE1, 0x00, 0x01, 0x81, 0xE0
	.byte 0xC4, 0x00, 0x90, 0xE5, 0x1F, 0x10, 0x03, 0xE2, 0x01, 0x20, 0xA0, 0xE3, 0x12, 0x01, 0x10, 0xE1
	.byte 0x03, 0x00, 0x00, 0x0A, 0x00, 0x00, 0x9C, 0xE5, 0x08, 0x00, 0x80, 0xE3, 0x00, 0x00, 0x8C, 0xE5
	.byte 0x05, 0x00, 0x00, 0xEA, 0x24, 0x10, 0x9F, 0xE5, 0x18, 0x00, 0xA0, 0xE3, 0x93, 0x10, 0x20, 0xE0
	.byte 0x10, 0x30, 0x8C, 0xE2, 0x07, 0x00, 0x90, 0xE8, 0x07, 0x00, 0x83, 0xE8, 0x00, 0x00, 0x9C, 0xE5
	.byte 0x10, 0x00, 0x80, 0xE3, 0x00, 0x00, 0x8C, 0xE5, 0xF0, 0x81, 0xBD, 0xE8, 0xB0, 0x8D, 0x14, 0x02
	.byte 0xC0, 0x9B, 0x14, 0x02, 0xC4, 0x9B, 0x14, 0x02, 0xC8, 0x9B, 0x14, 0x02, 0xF8, 0x4F, 0x2D, 0xE9
	.byte 0x01, 0x90, 0xA0, 0xE1, 0xBC, 0x22, 0xD9, 0xE1, 0xBE, 0x12, 0xD9, 0xE1, 0x00, 0xA0, 0xA0, 0xE1
	.byte 0x02, 0x86, 0xA0, 0xE1, 0x01, 0xB6, 0xA0, 0xE1, 0x0B, 0x00, 0xA0, 0xE1, 0x08, 0x10, 0xA0, 0xE1
	.byte 0x76, 0x2E, 0x00, 0xEB, 0xF2, 0x52, 0xD9, 0xE1, 0x18, 0x30, 0x99, 0xE5, 0xF0, 0x02, 0xD9, 0xE1
	.byte 0x1C, 0x40, 0x99, 0xE5, 0x93, 0x25, 0xC1, 0xE0, 0x22, 0x66, 0xA0, 0xE1, 0x01, 0x6A, 0x86, 0xE1
	.byte 0x93, 0x20, 0xC1, 0xE0, 0x22, 0x76, 0xA0, 0xE1, 0x01, 0x7A, 0x87, 0xE1, 0x94, 0x30, 0xC2, 0xE0
	.byte 0x94, 0x15, 0xC0, 0xE0, 0x23, 0x56, 0xA0, 0xE1, 0x02, 0x5A, 0x85, 0xE1, 0x21, 0x46, 0xA0, 0xE1
	.byte 0x00, 0x4A, 0x84, 0xE1, 0x00, 0x60, 0x8A, 0xE5, 0x14, 0x40, 0x8A, 0xE5, 0x32, 0x2E, 0x00, 0xEB
	.byte 0x0B, 0x10, 0xA0, 0xE1, 0x00, 0x20, 0x65, 0xE2, 0x92, 0x00, 0x00, 0xE0, 0x40, 0x06, 0xA0, 0xE1
	.byte 0x04, 0x00, 0x8A, 0xE5, 0x08, 0x00, 0xA0, 0xE1, 0x5C, 0x2E, 0x00, 0xEB, 0x04, 0x00, 0x45, 0xE0
	.byte 0x06, 0x10, 0x87, 0xE0, 0x18, 0x50, 0x99, 0xE5, 0xBC, 0x42, 0xD9, 0xE1, 0x01, 0x20, 0x45, 0xE0
	.byte 0x24, 0x10, 0x99, 0xE5, 0x94, 0x02, 0x03, 0xE0, 0x95, 0x21, 0xC1, 0xE0, 0x22, 0x24, 0xA0, 0xE1
	.byte 0x01, 0x2C, 0x82, 0xE1, 0x94, 0x02, 0x01, 0xE0, 0x83, 0x11, 0x61, 0xE0, 0x30, 0x10, 0x8A, 0xE5
	.byte 0x1C, 0x40, 0x99, 0xE5, 0xBE, 0x32, 0xD9, 0xE1, 0x04, 0x00, 0x40, 0xE0, 0x02, 0x0A, 0x80, 0xE2
	.byte 0x93, 0x00, 0x02, 0xE0, 0x28, 0x00, 0x99, 0xE5, 0x94, 0x10, 0xC0, 0xE0, 0x21, 0x14, 0xA0, 0xE1
	.byte 0x00, 0x1C, 0x81, 0xE1, 0x93, 0x01, 0x00, 0xE0, 0x82, 0x01, 0x80, 0xE0, 0x34, 0x00, 0x8A, 0xE5
	.byte 0x11, 0x2E, 0x00, 0xEB, 0x97, 0x00, 0x00, 0xE0, 0x40, 0x06, 0xA0, 0xE1, 0x10, 0x00, 0x8A, 0xE5
	.byte 0xF8, 0x8F, 0xBD, 0xE8, 0xF8, 0x40, 0x2D, 0xE9, 0x01, 0x50, 0xA0, 0xE1, 0xBC, 0x22, 0xD5, 0xE1
	.byte 0xBE, 0x12, 0xD5, 0xE1, 0x00, 0x60, 0xA0, 0xE1, 0x02, 0x46, 0xA0, 0xE1, 0x01, 0x76, 0xA0, 0xE1
	.byte 0x07, 0x00, 0xA0, 0xE1, 0x04, 0x10, 0xA0, 0xE1, 0x34, 0x2E, 0x00, 0xEB, 0xF2, 0x02, 0xD5, 0xE1
	.byte 0x00, 0x00, 0x86, 0xE5, 0xF2, 0x02, 0xD5, 0xE1, 0x14, 0x00, 0x86, 0xE5, 0xFE, 0x2D, 0x00, 0xEB
	.byte 0xF0, 0x22, 0xD5, 0xE1, 0x07, 0x10, 0xA0, 0xE1, 0x00, 0x20, 0x62, 0xE2, 0x92, 0x00, 0x00, 0xE0
	.byte 0x40, 0x26, 0xA0, 0xE1, 0x04, 0x00, 0xA0, 0xE1, 0x04, 0x20, 0x86, 0xE5, 0x27, 0x2E, 0x00, 0xEB
	.byte 0xF0, 0x22, 0xD5, 0xE1, 0xF2, 0x12, 0xD5, 0xE1, 0xBC, 0x32, 0xD5, 0xE1, 0x24, 0x00, 0x95, 0xE5
	.byte 0x01, 0x10, 0x82, 0xE0, 0x00, 0x10, 0x61, 0xE2, 0x01, 0x2A, 0x81, 0xE2, 0x90, 0x03, 0x01, 0xE0
	.byte 0x93, 0x02, 0x02, 0xE0, 0x01, 0x02, 0xA0, 0xE1, 0x82, 0x01, 0x60, 0xE0, 0x30, 0x00, 0x86, 0xE5
	.byte 0xF0, 0x22, 0xD5, 0xE1, 0xF2, 0x12, 0xD5, 0xE1, 0xBE, 0x32, 0xD5, 0xE1, 0x28, 0x00, 0x95, 0xE5
	.byte 0x01, 0x10, 0x42, 0xE0, 0x01, 0x2A, 0x81, 0xE2, 0x90, 0x03, 0x01, 0xE0, 0x93, 0x02, 0x02, 0xE0
	.byte 0x01, 0x02, 0xA0, 0xE1, 0x82, 0x01, 0x80, 0xE0, 0x34, 0x00, 0x86, 0xE5, 0xDE, 0x2D, 0x00, 0xEB
	.byte 0xF0, 0x12, 0xD5, 0xE1, 0x91, 0x00, 0x00, 0xE0, 0x40, 0x06, 0xA0, 0xE1, 0x10, 0x00, 0x86, 0xE5
	.byte 0xF8, 0x80, 0xBD, 0xE8, 0x10, 0x40, 0x2D, 0xE9, 0x18, 0x30, 0x91, 0xE5, 0x00, 0x20, 0xA0, 0xE3
	.byte 0x00, 0x30, 0x80, 0xE5, 0x1C, 0x30, 0x91, 0xE5, 0x14, 0x30, 0x80, 0xE5, 0x04, 0x20, 0x80, 0xE5
	.byte 0x18, 0x40, 0x91, 0xE5, 0x24, 0x30, 0x91, 0xE5, 0xBC, 0xE2, 0xD1, 0xE1, 0x94, 0xC3, 0xC3, 0xE0
	.byte 0x2C, 0x44, 0xA0, 0xE1, 0x03, 0x4C, 0x84, 0xE1, 0x00, 0x30, 0x64, 0xE2, 0x9E, 0x03, 0x03, 0xE0
	.byte 0x30, 0x30, 0x80, 0xE5, 0x1C, 0x40, 0x91, 0xE5, 0x28, 0xC0, 0x91, 0xE5, 0x84, 0x30, 0xA0, 0xE1
	.byte 0x94, 0xEC, 0xCC, 0xE0, 0x00, 0x40, 0x63, 0xE2, 0x2E, 0x34, 0xA0, 0xE1, 0xBE, 0xE2, 0xD1, 0xE1
	.byte 0x02, 0x1A, 0x84, 0xE2, 0x0C, 0x3C, 0x83, 0xE1, 0x9E, 0x01, 0x04, 0xE0, 0x9E, 0x03, 0x01, 0xE0
	.byte 0x84, 0x11, 0x81, 0xE0, 0x34, 0x10, 0x80, 0xE5, 0x10, 0x20, 0x80, 0xE5, 0x10, 0x80, 0xBD, 0xE8
	.byte 0x01, 0x2A, 0xA0, 0xE3, 0x00, 0x20, 0x80, 0xE5, 0x14, 0x20, 0x80, 0xE5, 0x00, 0xC0, 0xA0, 0xE3
	.byte 0x04, 0xC0, 0x80, 0xE5, 0xBC, 0x22, 0xD1, 0xE1, 0x24, 0x30, 0x91, 0xE5, 0x93, 0x02, 0x02, 0xE0
	.byte 0x00, 0x20, 0x62, 0xE2, 0x02, 0x22, 0xA0, 0xE1, 0x30, 0x20, 0x80, 0xE5, 0xBE, 0x22, 0xD1, 0xE1
	.byte 0x28, 0x10, 0x91, 0xE5, 0x91, 0x02, 0x02, 0xE0, 0x02, 0x12, 0xA0, 0xE1, 0x34, 0x10, 0x80, 0xE5
	.byte 0x10, 0xC0, 0x80, 0xE5, 0x1E, 0xFF, 0x2F, 0xE1, 0xF8, 0x4F, 0x2D, 0xE9, 0x01, 0x90, 0xA0, 0xE1
	.byte 0xBC, 0x22, 0xD9, 0xE1, 0xBE, 0x12, 0xD9, 0xE1, 0x00, 0xA0, 0xA0, 0xE1, 0x02, 0x86, 0xA0, 0xE1
	.byte 0x01, 0xB6, 0xA0, 0xE1, 0x0B, 0x00, 0xA0, 0xE1, 0x08, 0x10, 0xA0, 0xE1, 0xCF, 0x2D, 0x00, 0xEB
	.byte 0xF2, 0x52, 0xD9, 0xE1, 0x18, 0x30, 0x99, 0xE5, 0xF0, 0x02, 0xD9, 0xE1, 0x1C, 0x40, 0x99, 0xE5
	.byte 0x93, 0x25, 0xC1, 0xE0, 0x22, 0x66, 0xA0, 0xE1, 0x01, 0x6A, 0x86, 0xE1, 0x93, 0x20, 0xC1, 0xE0
	.byte 0x22, 0x76, 0xA0, 0xE1, 0x01, 0x7A, 0x87, 0xE1, 0x94, 0x30, 0xC2, 0xE0, 0x94, 0x15, 0xC0, 0xE0
	.byte 0x23, 0x56, 0xA0, 0xE1, 0x02, 0x5A, 0x85, 0xE1, 0x21, 0x46, 0xA0, 0xE1, 0x00, 0x4A, 0x84, 0xE1
	.byte 0x00, 0x60, 0x8A, 0xE5, 0x14, 0x40, 0x8A, 0xE5, 0x8B, 0x2D, 0x00, 0xEB, 0x0B, 0x10, 0xA0, 0xE1
	.byte 0x00, 0x20, 0x65, 0xE2, 0x92, 0x00, 0x00, 0xE0, 0x40, 0x06, 0xA0, 0xE1, 0x04, 0x00, 0x8A, 0xE5
	.byte 0x08, 0x00, 0xA0, 0xE1, 0xB5, 0x2D, 0x00, 0xEB, 0x04, 0x10, 0x45, 0xE0, 0x06, 0x00, 0x87, 0xE0
	.byte 0xBC, 0x32, 0xD9, 0xE1, 0x18, 0x20, 0x99, 0xE5, 0x00, 0x00, 0x42, 0xE0, 0x93, 0x00, 0x00, 0xE0
	.byte 0x80, 0x01, 0xA0, 0xE1, 0x30, 0x00, 0x8A, 0xE5, 0xBE, 0x22, 0xD9, 0xE1, 0x1C, 0x00, 0x99, 0xE5
	.byte 0x00, 0x00, 0x41, 0xE0, 0x02, 0x0A, 0x80, 0xE2, 0x92, 0x00, 0x00, 0xE0, 0x80, 0x01, 0xA0, 0xE1
	.byte 0x34, 0x00, 0x8A, 0xE5, 0x74, 0x2D, 0x00, 0xEB, 0x97, 0x00, 0x00, 0xE0, 0x40, 0x06, 0xA0, 0xE1
	.byte 0x10, 0x00, 0x8A, 0xE5, 0xF8, 0x8F, 0xBD, 0xE8, 0xF8, 0x40, 0x2D, 0xE9, 0x01, 0x50, 0xA0, 0xE1
	.byte 0xBC, 0x22, 0xD5, 0xE1, 0xBE, 0x12, 0xD5, 0xE1, 0x00, 0x60, 0xA0, 0xE1, 0x02, 0x46, 0xA0, 0xE1
	.byte 0x01, 0x76, 0xA0, 0xE1, 0x07, 0x00, 0xA0, 0xE1, 0x04, 0x10, 0xA0, 0xE1, 0x97, 0x2D, 0x00, 0xEB
	.byte 0xF2, 0x02, 0xD5, 0xE1, 0x00, 0x00, 0x86, 0xE5, 0xF2, 0x02, 0xD5, 0xE1, 0x14, 0x00, 0x86, 0xE5
	.byte 0x61, 0x2D, 0x00, 0xEB, 0xF0, 0x22, 0xD5, 0xE1, 0x07, 0x10, 0xA0, 0xE1, 0x00, 0x20, 0x62, 0xE2
	.byte 0x92, 0x00, 0x00, 0xE0, 0x40, 0x26, 0xA0, 0xE1, 0x04, 0x00, 0xA0, 0xE1, 0x04, 0x20, 0x86, 0xE5
	.byte 0x8A, 0x2D, 0x00, 0xEB, 0xF0, 0x12, 0xD5, 0xE1, 0xF2, 0x02, 0xD5, 0xE1, 0xBC, 0x22, 0xD5, 0xE1
	.byte 0x00, 0x00, 0x81, 0xE0, 0x00, 0x00, 0x60, 0xE2, 0x01, 0x0A, 0x80, 0xE2, 0x92, 0x00, 0x00, 0xE0
	.byte 0x80, 0x01, 0xA0, 0xE1, 0x30, 0x00, 0x86, 0xE5, 0xF0, 0x12, 0xD5, 0xE1, 0xF2, 0x02, 0xD5, 0xE1
	.byte 0xBE, 0x22, 0xD5, 0xE1, 0x00, 0x00, 0x41, 0xE0, 0x01, 0x0A, 0x80, 0xE2, 0x92, 0x00, 0x00, 0xE0
	.byte 0x80, 0x01, 0xA0, 0xE1, 0x34, 0x00, 0x86, 0xE5, 0x47, 0x2D, 0x00, 0xEB, 0xF0, 0x12, 0xD5, 0xE1
	.byte 0x91, 0x00, 0x00, 0xE0, 0x40, 0x06, 0xA0, 0xE1, 0x10, 0x00, 0x86, 0xE5, 0xF8, 0x80, 0xBD, 0xE8
	.byte 0x18, 0x20, 0x91, 0xE5, 0x00, 0xC0, 0xA0, 0xE3, 0x00, 0x20, 0x80, 0xE5, 0x1C, 0x20, 0x91, 0xE5
	.byte 0x14, 0x20, 0x80, 0xE5, 0x04, 0xC0, 0x80, 0xE5, 0x30, 0xC0, 0x80, 0xE5, 0x1C, 0x20, 0x91, 0xE5
	.byte 0xBE, 0x32, 0xD1, 0xE1, 0x82, 0x10, 0xA0, 0xE1, 0x00, 0x10, 0x61, 0xE2, 0x02, 0x1A, 0x81, 0xE2
	.byte 0x93, 0x01, 0x01, 0xE0, 0x81, 0x11, 0xA0, 0xE1, 0x34, 0x10, 0x80, 0xE5, 0x10, 0xC0, 0x80, 0xE5
	.byte 0x1E, 0xFF, 0x2F, 0xE1, 0x01, 0x2A, 0xA0, 0xE3, 0x00, 0x20, 0x80, 0xE5, 0x00, 0x10, 0xA0, 0xE3
	.byte 0x04, 0x10, 0x80, 0xE5, 0x10, 0x10, 0x80, 0xE5, 0x14, 0x20, 0x80, 0xE5, 0x30, 0x10, 0x80, 0xE5
	.byte 0x34, 0x10, 0x80, 0xE5, 0x1E, 0xFF, 0x2F, 0xE1, 0x18, 0x40, 0x2D, 0xE9, 0x4C, 0xD0, 0x4D, 0xE2
	.byte 0x00, 0x40, 0xA0, 0xE1, 0x00, 0x00, 0x94, 0xE5, 0x00, 0x10, 0xA0, 0xE3, 0x08, 0x00, 0x10, 0xE3
	.byte 0x1C, 0x01, 0x9F, 0x15, 0x03, 0x30, 0xA0, 0xE3, 0x00, 0x00, 0x8D, 0x15, 0x14, 0x01, 0x9F, 0x05
	.byte 0x02, 0x20, 0xA0, 0xE3, 0x00, 0x00, 0x8D, 0x05, 0x01, 0x0A, 0xA0, 0xE3, 0x44, 0x00, 0x8D, 0xE5
	.byte 0x04, 0x30, 0x8D, 0xE5, 0x48, 0x20, 0x8D, 0xE5, 0x40, 0x10, 0x8D, 0xE5, 0x34, 0x10, 0x8D, 0xE5
	.byte 0x30, 0x10, 0x8D, 0xE5, 0x2C, 0x10, 0x8D, 0xE5, 0x28, 0x10, 0x8D, 0xE5, 0x24, 0x10, 0x8D, 0xE5
	.byte 0x20, 0x10, 0x8D, 0xE5, 0x14, 0x10, 0x8D, 0xE5, 0x10, 0x10, 0x8D, 0xE5, 0x00, 0x10, 0x94, 0xE5
	.byte 0xD4, 0x00, 0x9F, 0xE5, 0x07, 0x10, 0x01, 0xE2, 0x01, 0x21, 0x90, 0xE7, 0x08, 0x00, 0x8D, 0xE2
	.byte 0x04, 0x10, 0xA0, 0xE1, 0x32, 0xFF, 0x2F, 0xE1, 0x30, 0x30, 0x94, 0xE5, 0x01, 0x0A, 0x53, 0xE3
	.byte 0x10, 0x00, 0x00, 0x0A, 0x08, 0x00, 0x9D, 0xE5, 0x0C, 0x10, 0x9D, 0xE5, 0x93, 0x20, 0xC0, 0xE0
	.byte 0x22, 0x26, 0xA0, 0xE1, 0x00, 0x2A, 0x82, 0xE1, 0x08, 0x20, 0x8D, 0xE5, 0x30, 0x20, 0x94, 0xE5
	.byte 0x38, 0x00, 0x9D, 0xE5, 0x92, 0x31, 0xC1, 0xE0, 0x23, 0x26, 0xA0, 0xE1, 0x01, 0x2A, 0x82, 0xE1
	.byte 0x0C, 0x20, 0x8D, 0xE5, 0x30, 0x10, 0x94, 0xE5, 0x91, 0x20, 0xC0, 0xE0, 0x22, 0x16, 0xA0, 0xE1
	.byte 0x00, 0x1A, 0x81, 0xE1, 0x38, 0x10, 0x8D, 0xE5, 0x34, 0x30, 0x94, 0xE5, 0x01, 0x0A, 0x53, 0xE3
	.byte 0x10, 0x00, 0x00, 0x0A, 0x18, 0x00, 0x9D, 0xE5, 0x1C, 0x10, 0x9D, 0xE5, 0x93, 0x20, 0xC0, 0xE0
	.byte 0x22, 0x26, 0xA0, 0xE1, 0x00, 0x2A, 0x82, 0xE1, 0x18, 0x20, 0x8D, 0xE5, 0x34, 0x20, 0x94, 0xE5
	.byte 0x3C, 0x00, 0x9D, 0xE5, 0x92, 0x31, 0xC1, 0xE0, 0x23, 0x26, 0xA0, 0xE1, 0x01, 0x2A, 0x82, 0xE1
	.byte 0x1C, 0x20, 0x8D, 0xE5, 0x34, 0x10, 0x94, 0xE5, 0x91, 0x20, 0xC0, 0xE0, 0x22, 0x16, 0xA0, 0xE1
	.byte 0x00, 0x1A, 0x81, 0xE1, 0x3C, 0x10, 0x8D, 0xE5, 0x00, 0x10, 0x8D, 0xE2, 0x00, 0x00, 0x9D, 0xE5
	.byte 0x04, 0x10, 0x81, 0xE2, 0x12, 0x20, 0xA0, 0xE3, 0x29, 0xF2, 0xFF, 0xEB, 0x4C, 0xD0, 0x8D, 0xE2
	.byte 0x18, 0x80, 0xBD, 0xE8, 0x10, 0x16, 0x10, 0x00, 0x10, 0x18, 0x10, 0x00, 0x38, 0x84, 0x0A, 0x02
	.byte 0x78, 0x40, 0x2D, 0xE9, 0x0C, 0xD0, 0x4D, 0xE2, 0x00, 0x60, 0xA0, 0xE1, 0x00, 0x00, 0x96, 0xE5
	.byte 0x00, 0x40, 0xA0, 0xE3, 0x18, 0x50, 0x10, 0xE2, 0x03, 0x00, 0x00, 0x1A, 0x1C, 0x10, 0x86, 0xE2
	.byte 0x1B, 0x00, 0xA0, 0xE3, 0x03, 0x20, 0xA0, 0xE3, 0x19, 0xF2, 0xFF, 0xEB, 0x00, 0x00, 0x96, 0xE5
	.byte 0x04, 0x00, 0x10, 0xE3, 0x18, 0x00, 0x00, 0x1A, 0x00, 0x00, 0x55, 0xE3, 0x01, 0x40, 0xA0, 0x13
	.byte 0x15, 0x00, 0x00, 0x1A, 0x4C, 0x20, 0x96, 0xE5, 0x10, 0x00, 0x96, 0xE5, 0x00, 0x10, 0x8D, 0xE2
	.byte 0x92, 0x30, 0xC0, 0xE0, 0x23, 0x26, 0xA0, 0xE1, 0x00, 0x2A, 0x82, 0xE1, 0x00, 0x20, 0x8D, 0xE5
	.byte 0x50, 0x30, 0x96, 0xE5, 0x14, 0x20, 0x96, 0xE5, 0x1C, 0x00, 0xA0, 0xE3, 0x93, 0xC2, 0xC2, 0xE0
	.byte 0x2C, 0x36, 0xA0, 0xE1, 0x02, 0x3A, 0x83, 0xE1, 0x04, 0x30, 0x8D, 0xE5, 0x54, 0xC0, 0x96, 0xE5
	.byte 0x18, 0x30, 0x96, 0xE5, 0x03, 0x20, 0xA0, 0xE3, 0x9C, 0xE3, 0xC3, 0xE0, 0x2E, 0xC6, 0xA0, 0xE1
	.byte 0x03, 0xCA, 0x8C, 0xE1, 0x08, 0xC0, 0x8D, 0xE5, 0xFD, 0xF1, 0xFF, 0xEB, 0x00, 0x00, 0x96, 0xE5
	.byte 0x02, 0x00, 0x10, 0xE3, 0x0A, 0x00, 0x00, 0x1A, 0x00, 0x00, 0x54, 0xE3, 0x28, 0x10, 0x86, 0xE2
	.byte 0x03, 0x00, 0x00, 0x0A, 0x19, 0x00, 0xA0, 0xE3, 0x0C, 0x20, 0xA0, 0xE3, 0xF4, 0xF1, 0xFF, 0xEB
	.byte 0x09, 0x00, 0x00, 0xEA, 0x1A, 0x00, 0xA0, 0xE3, 0x09, 0x20, 0xA0, 0xE3, 0xF0, 0xF1, 0xFF, 0xEB
	.byte 0x05, 0x00, 0x00, 0xEA, 0x00, 0x00, 0x54, 0xE3, 0x03, 0x00, 0x00, 0x0A, 0x4C, 0x10, 0x86, 0xE2
	.byte 0x1C, 0x00, 0xA0, 0xE3, 0x03, 0x20, 0xA0, 0xE3, 0xE9, 0xF1, 0xFF, 0xEB, 0x00, 0x00, 0x55, 0xE3
	.byte 0x03, 0x00, 0x00, 0x1A, 0x10, 0x10, 0x86, 0xE2, 0x1B, 0x00, 0xA0, 0xE3, 0x03, 0x20, 0xA0, 0xE3
	.byte 0xE3, 0xF1, 0xFF, 0xEB, 0x00, 0x00, 0x96, 0xE5, 0x01, 0x00, 0x10, 0xE3, 0x0C, 0xD0, 0x8D, 0x12
	.byte 0x78, 0x80, 0xBD, 0x18, 0x04, 0x10, 0x86, 0xE2, 0x1B, 0x00, 0xA0, 0xE3, 0x03, 0x20, 0xA0, 0xE3
	.byte 0xDB, 0xF1, 0xFF, 0xEB, 0x0C, 0xD0, 0x8D, 0xE2, 0x78, 0x80, 0xBD, 0xE8, 0xF0, 0x41, 0x2D, 0xE9
	.byte 0x00, 0x50, 0xA0, 0xE1, 0x04, 0x00, 0x13, 0xE3, 0x01, 0x40, 0xD2, 0xE5, 0x02, 0x00, 0xD2, 0xE5
	.byte 0x20, 0x00, 0x00, 0x0A, 0x00, 0x20, 0x95, 0xE5, 0xDC, 0x11, 0x9F, 0xE5, 0x01, 0x20, 0x82, 0xE3
	.byte 0x00, 0x20, 0x85, 0xE5, 0x00, 0x30, 0x91, 0xE5, 0xA0, 0x12, 0xA0, 0xE1, 0x01, 0x11, 0x83, 0xE0
	.byte 0xC4, 0x10, 0x91, 0xE5, 0x1F, 0x20, 0x00, 0xE2, 0x01, 0x60, 0xA0, 0xE3, 0x16, 0x02, 0x11, 0xE1
	.byte 0x09, 0x00, 0x00, 0x0A, 0xC4, 0x30, 0x83, 0xE2, 0xA4, 0x22, 0xA0, 0xE1, 0x02, 0x11, 0x93, 0xE7
	.byte 0x1F, 0x00, 0x04, 0xE2, 0x16, 0x00, 0x81, 0xE1, 0x02, 0x01, 0x83, 0xE7, 0x00, 0x00, 0x95, 0xE5
	.byte 0x18, 0x00, 0x80, 0xE3, 0x00, 0x00, 0x85, 0xE5, 0xF0, 0x81, 0xBD, 0xE8, 0x18, 0x20, 0xA0, 0xE3
	.byte 0x88, 0x71, 0x9F, 0xE5, 0x90, 0x02, 0x06, 0xE0, 0x94, 0x72, 0x21, 0xE0, 0x06, 0x00, 0x87, 0xE0
	.byte 0xF2, 0x44, 0x00, 0xEB, 0x06, 0x00, 0x87, 0xE0, 0x10, 0x10, 0x85, 0xE2, 0x18, 0x20, 0xA0, 0xE3
	.byte 0xEE, 0x44, 0x00, 0xEB, 0xF0, 0x81, 0xBD, 0xE8, 0x00, 0x30, 0x91, 0xE5, 0x58, 0x21, 0x9F, 0xE5
	.byte 0x04, 0x30, 0x85, 0xE5, 0x04, 0x30, 0x91, 0xE5, 0xA0, 0x72, 0xA0, 0xE1, 0x08, 0x30, 0x85, 0xE5
	.byte 0x08, 0x30, 0x91, 0xE5, 0x1F, 0x80, 0x00, 0xE2, 0x0C, 0x30, 0x85, 0xE5, 0x00, 0x60, 0x92, 0xE5
	.byte 0x01, 0x30, 0xA0, 0xE3, 0x07, 0x21, 0x86, 0xE0, 0xC4, 0x20, 0x92, 0xE5, 0x13, 0x08, 0x12, 0xE1
	.byte 0x18, 0x20, 0xA0, 0xE3, 0x11, 0x00, 0x00, 0x0A, 0x20, 0x31, 0x9F, 0xE5, 0x01, 0x00, 0xA0, 0xE1
	.byte 0x94, 0x32, 0x21, 0xE0, 0xD9, 0x44, 0x00, 0xEB, 0x0C, 0x01, 0x9F, 0xE5, 0xA4, 0x22, 0xA0, 0xE1
	.byte 0x00, 0x10, 0x90, 0xE5, 0x1F, 0x00, 0x04, 0xE2, 0xC4, 0x30, 0x81, 0xE2, 0x01, 0x10, 0xA0, 0xE3
	.byte 0x11, 0x00, 0xE0, 0xE1, 0x02, 0x11, 0x93, 0xE7, 0x00, 0x00, 0x01, 0xE0, 0x02, 0x01, 0x83, 0xE7
	.byte 0x00, 0x00, 0x95, 0xE5, 0x18, 0x00, 0x80, 0xE3, 0x00, 0x00, 0x85, 0xE5, 0xF0, 0x81, 0xBD, 0xE8
	.byte 0x90, 0x02, 0x0C, 0xE0, 0x1F, 0x70, 0x04, 0xE2, 0x13, 0x77, 0xE0, 0xE1, 0xC4, 0x60, 0x86, 0xE2
	.byte 0xA4, 0xE2, 0xA0, 0xE1, 0x0E, 0x81, 0x96, 0xE7, 0x94, 0x02, 0x03, 0xE0, 0x07, 0x40, 0x08, 0xE0
	.byte 0x0E, 0x41, 0x86, 0xE7, 0xB4, 0x00, 0x9F, 0xE5, 0x00, 0x70, 0x91, 0xE5, 0x0C, 0x40, 0x90, 0xE7
	.byte 0xAC, 0x60, 0x9F, 0xE5, 0x97, 0x84, 0xC4, 0xE0, 0x28, 0x76, 0xA0, 0xE1, 0x04, 0x7A, 0x87, 0xE1
	.byte 0x03, 0x70, 0x80, 0xE7, 0x04, 0x80, 0x91, 0xE5, 0x0C, 0x40, 0x96, 0xE7, 0x94, 0x70, 0x9F, 0xE5
	.byte 0x98, 0xE4, 0xC4, 0xE0, 0x2E, 0x86, 0xA0, 0xE1, 0x04, 0x8A, 0x88, 0xE1, 0x03, 0x80, 0x86, 0xE7
	.byte 0x08, 0x80, 0x91, 0xE5, 0x0C, 0x40, 0x97, 0xE7, 0x7C, 0x60, 0x9F, 0xE5, 0x98, 0xE4, 0xC4, 0xE0
	.byte 0x2E, 0x86, 0xA0, 0xE1, 0x04, 0x8A, 0x88, 0xE1, 0x03, 0x80, 0x87, 0xE7, 0x0C, 0x70, 0x91, 0xE5
	.byte 0x0C, 0x40, 0x96, 0xE7, 0x64, 0xE0, 0x9F, 0xE5, 0x97, 0x84, 0xC4, 0xE0, 0x28, 0x76, 0xA0, 0xE1
	.byte 0x04, 0x7A, 0x87, 0xE1, 0x03, 0x70, 0x86, 0xE7, 0x10, 0x70, 0x91, 0xE5, 0x0C, 0x60, 0x9E, 0xE7
	.byte 0x4C, 0x40, 0x9F, 0xE5, 0x97, 0x86, 0xC6, 0xE0, 0x28, 0x76, 0xA0, 0xE1, 0x06, 0x7A, 0x87, 0xE1
	.byte 0x03, 0x70, 0x8E, 0xE7, 0x14, 0x60, 0x91, 0xE5, 0x0C, 0x10, 0x94, 0xE7, 0x0C, 0x00, 0x80, 0xE0
	.byte 0x96, 0xC1, 0xC1, 0xE0, 0x2C, 0x66, 0xA0, 0xE1, 0x01, 0x6A, 0x86, 0xE1, 0x10, 0x10, 0x85, 0xE2
	.byte 0x03, 0x60, 0x84, 0xE7, 0x95, 0x44, 0x00, 0xEB, 0xF0, 0x81, 0xBD, 0xE8, 0xB0, 0x8D, 0x14, 0x02
	.byte 0xB4, 0x9B, 0x14, 0x02, 0xB8, 0x9B, 0x14, 0x02, 0xBC, 0x9B, 0x14, 0x02, 0xC0, 0x9B, 0x14, 0x02
	.byte 0xC4, 0x9B, 0x14, 0x02, 0xC8, 0x9B, 0x14, 0x02, 0x00, 0x40, 0x2D, 0xE9, 0x3C, 0xD0, 0x4D, 0xE2
	.byte 0x00, 0x10, 0x90, 0xE5, 0x00, 0x20, 0xA0, 0xE3, 0x08, 0x00, 0x11, 0xE3, 0xA8, 0x11, 0x9F, 0x15
	.byte 0x03, 0x30, 0xA0, 0xE3, 0x00, 0x10, 0x8D, 0x15, 0xA0, 0x11, 0x9F, 0x05, 0x04, 0x30, 0x8D, 0xE5
	.byte 0x00, 0x10, 0x8D, 0x05, 0x02, 0x10, 0xA0, 0xE3, 0x34, 0x20, 0x8D, 0xE5, 0x28, 0x20, 0x8D, 0xE5
	.byte 0x24, 0x20, 0x8D, 0xE5, 0x20, 0x20, 0x8D, 0xE5, 0x1C, 0x20, 0x8D, 0xE5, 0x14, 0x20, 0x8D, 0xE5
	.byte 0x10, 0x20, 0x8D, 0xE5, 0x0C, 0x20, 0x8D, 0xE5, 0x38, 0x10, 0x8D, 0xE5, 0x00, 0x10, 0x90, 0xE5
	.byte 0x04, 0x00, 0x11, 0xE3, 0x0D, 0x00, 0x00, 0x0A, 0x2C, 0x20, 0x8D, 0xE5, 0x30, 0x20, 0x8D, 0xE5
	.byte 0x00, 0x10, 0x90, 0xE5, 0x01, 0x00, 0x11, 0xE3, 0x03, 0x00, 0x00, 0x0A, 0x01, 0x1A, 0xA0, 0xE3
	.byte 0x08, 0x10, 0x8D, 0xE5, 0x18, 0x10, 0x8D, 0xE5, 0x2C, 0x00, 0x00, 0xEA, 0x18, 0x10, 0x90, 0xE5
	.byte 0x08, 0x10, 0x8D, 0xE5, 0x1C, 0x10, 0x90, 0xE5, 0x18, 0x10, 0x8D, 0xE5, 0x27, 0x00, 0x00, 0xEA
	.byte 0x01, 0x00, 0x11, 0xE3, 0x0F, 0x00, 0x00, 0x0A, 0x24, 0x20, 0x90, 0xE5, 0xBC, 0x12, 0xD0, 0xE1
	.byte 0x02, 0x22, 0xA0, 0xE1, 0x00, 0x20, 0x62, 0xE2, 0x92, 0x01, 0x01, 0xE0, 0x2C, 0x10, 0x8D, 0xE5
	.byte 0x28, 0x20, 0x90, 0xE5, 0xBE, 0x12, 0xD0, 0xE1, 0x02, 0x22, 0xA0, 0xE1, 0x00, 0x20, 0x62, 0xE2
	.byte 0x92, 0x01, 0x03, 0xE0, 0x01, 0x1A, 0xA0, 0xE3, 0x30, 0x30, 0x8D, 0xE5, 0x08, 0x10, 0x8D, 0xE5
	.byte 0x18, 0x10, 0x8D, 0xE5, 0x15, 0x00, 0x00, 0xEA, 0x18, 0x20, 0x90, 0xE5, 0x24, 0x10, 0x90, 0xE5
	.byte 0xBC, 0xC2, 0xD0, 0xE1, 0x92, 0x31, 0xC1, 0xE0, 0x23, 0x24, 0xA0, 0xE1, 0x01, 0x2C, 0x82, 0xE1
	.byte 0x00, 0x10, 0x62, 0xE2, 0x9C, 0x01, 0x01, 0xE0, 0x2C, 0x10, 0x8D, 0xE5, 0x1C, 0x20, 0x90, 0xE5
	.byte 0x28, 0x10, 0x90, 0xE5, 0xBE, 0xC2, 0xD0, 0xE1, 0x92, 0x31, 0xC1, 0xE0, 0x23, 0x24, 0xA0, 0xE1
	.byte 0x01, 0x2C, 0x82, 0xE1, 0x00, 0x10, 0x62, 0xE2, 0x9C, 0x01, 0x01, 0xE0, 0x30, 0x10, 0x8D, 0xE5
	.byte 0x18, 0x10, 0x90, 0xE5, 0x08, 0x10, 0x8D, 0xE5, 0x1C, 0x10, 0x90, 0xE5, 0x18, 0x10, 0x8D, 0xE5
	.byte 0x30, 0xC0, 0x90, 0xE5, 0x01, 0x0A, 0x5C, 0xE3, 0x0A, 0x00, 0x00, 0x0A, 0x08, 0x20, 0x9D, 0xE5
	.byte 0x2C, 0x10, 0x9D, 0xE5, 0x9C, 0x32, 0xC2, 0xE0, 0x23, 0x36, 0xA0, 0xE1, 0x02, 0x3A, 0x83, 0xE1
	.byte 0x08, 0x30, 0x8D, 0xE5, 0x30, 0x20, 0x90, 0xE5, 0x92, 0x31, 0xC1, 0xE0, 0x23, 0x26, 0xA0, 0xE1
	.byte 0x01, 0x2A, 0x82, 0xE1, 0x2C, 0x20, 0x8D, 0xE5, 0x34, 0xC0, 0x90, 0xE5, 0x01, 0x0A, 0x5C, 0xE3
	.byte 0x0A, 0x00, 0x00, 0x0A, 0x18, 0x20, 0x9D, 0xE5, 0x30, 0x10, 0x9D, 0xE5, 0x9C, 0x32, 0xC2, 0xE0
	.byte 0x23, 0x36, 0xA0, 0xE1, 0x02, 0x3A, 0x83, 0xE1, 0x18, 0x30, 0x8D, 0xE5, 0x34, 0x00, 0x90, 0xE5
	.byte 0x90, 0x21, 0xC1, 0xE0, 0x22, 0x06, 0xA0, 0xE1, 0x01, 0x0A, 0x80, 0xE1, 0x30, 0x00, 0x8D, 0xE5
	.byte 0x00, 0x10, 0x8D, 0xE2, 0x00, 0x00, 0x9D, 0xE5, 0x04, 0x10, 0x81, 0xE2, 0x0E, 0x20, 0xA0, 0xE3
	.byte 0xE3, 0xF0, 0xFF, 0xEB, 0x3C, 0xD0, 0x8D, 0xE2, 0x00, 0x80, 0xBD, 0xE8, 0x10, 0x17, 0x10, 0x00
	.byte 0x10, 0x19, 0x10, 0x00, 0xF8, 0x4F, 0x2D, 0xE9, 0x01, 0x90, 0xA0, 0xE1, 0xBC, 0x22, 0xD9, 0xE1
	.byte 0xBE, 0x12, 0xD9, 0xE1, 0x00, 0xA0, 0xA0, 0xE1, 0x02, 0x86, 0xA0, 0xE1, 0x01, 0xB6, 0xA0, 0xE1
	.byte 0x0B, 0x00, 0xA0, 0xE1, 0x08, 0x10, 0xA0, 0xE1, 0xB8, 0x2B, 0x00, 0xEB, 0xF2, 0x02, 0xD9, 0xE1
	.byte 0x18, 0x30, 0x99, 0xE5, 0xF0, 0x52, 0xD9, 0xE1, 0x1C, 0x40, 0x99, 0xE5, 0x93, 0x20, 0xC1, 0xE0
	.byte 0x22, 0x76, 0xA0, 0xE1, 0x01, 0x7A, 0x87, 0xE1, 0x93, 0x25, 0xC1, 0xE0, 0x22, 0x66, 0xA0, 0xE1
	.byte 0x01, 0x6A, 0x86, 0xE1, 0x94, 0x30, 0xC2, 0xE0, 0x94, 0x15, 0xC0, 0xE0, 0x23, 0x56, 0xA0, 0xE1
	.byte 0x02, 0x5A, 0x85, 0xE1, 0x21, 0x46, 0xA0, 0xE1, 0x00, 0x4A, 0x84, 0xE1, 0x00, 0x70, 0x8A, 0xE5
	.byte 0x14, 0x50, 0x8A, 0xE5, 0x74, 0x2B, 0x00, 0xEB, 0x0B, 0x10, 0xA0, 0xE1, 0x94, 0x00, 0x00, 0xE0
	.byte 0x40, 0x06, 0xA0, 0xE1, 0x04, 0x00, 0x8A, 0xE5, 0x08, 0x00, 0xA0, 0xE1, 0x9F, 0x2B, 0x00, 0xEB
	.byte 0xBC, 0x12, 0xD9, 0xE1, 0xBE, 0x82, 0xD9, 0xE1, 0x28, 0x20, 0x99, 0xE5, 0x00, 0x00, 0x61, 0xE2
	.byte 0x92, 0x08, 0x03, 0xE0, 0x00, 0x20, 0x68, 0xE2, 0x82, 0x85, 0x83, 0xE0, 0x95, 0x38, 0xC2, 0xE0
	.byte 0x96, 0x88, 0xC5, 0xE0, 0x24, 0xB0, 0x99, 0xE5, 0x9B, 0x01, 0x0C, 0xE0, 0x80, 0x05, 0x6C, 0xE0
	.byte 0x94, 0x30, 0xE2, 0xE0, 0x97, 0x40, 0xC0, 0xE0, 0x08, 0x40, 0x54, 0xE0, 0x05, 0x00, 0xC0, 0xE0
	.byte 0x24, 0x44, 0xA0, 0xE1, 0x00, 0x4C, 0x84, 0xE1, 0x81, 0x07, 0x84, 0xE0, 0x30, 0x00, 0x8A, 0xE5
	.byte 0xBE, 0x12, 0xD9, 0xE1, 0x23, 0x04, 0xA0, 0xE1, 0x02, 0x0C, 0x80, 0xE1, 0x81, 0x07, 0x80, 0xE0
	.byte 0x34, 0x00, 0x8A, 0xE5, 0x54, 0x2B, 0x00, 0xEB, 0x00, 0x10, 0x66, 0xE2, 0x91, 0x00, 0x00, 0xE0
	.byte 0x40, 0x06, 0xA0, 0xE1, 0x10, 0x00, 0x8A, 0xE5, 0xF8, 0x8F, 0xBD, 0xE8, 0xF8, 0x40, 0x2D, 0xE9
	.byte 0x01, 0x50, 0xA0, 0xE1, 0xBC, 0x22, 0xD5, 0xE1, 0xBE, 0x12, 0xD5, 0xE1, 0x00, 0x60, 0xA0, 0xE1
	.byte 0x02, 0x46, 0xA0, 0xE1, 0x01, 0x76, 0xA0, 0xE1, 0x07, 0x00, 0xA0, 0xE1, 0x04, 0x10, 0xA0, 0xE1
	.byte 0x76, 0x2B, 0x00, 0xEB, 0xF2, 0x02, 0xD5, 0xE1, 0x00, 0x00, 0x86, 0xE5, 0xF2, 0x02, 0xD5, 0xE1
	.byte 0x14, 0x00, 0x86, 0xE5, 0x40, 0x2B, 0x00, 0xEB, 0xF0, 0x22, 0xD5, 0xE1, 0x07, 0x10, 0xA0, 0xE1
	.byte 0x92, 0x00, 0x00, 0xE0, 0x40, 0x26, 0xA0, 0xE1, 0x04, 0x00, 0xA0, 0xE1, 0x04, 0x20, 0x86, 0xE5
	.byte 0x6A, 0x2B, 0x00, 0xEB, 0xBC, 0x22, 0xD5, 0xE1, 0xBE, 0x42, 0xD5, 0xE1, 0x28, 0x10, 0x95, 0xE5
	.byte 0x24, 0x00, 0x95, 0xE5, 0x91, 0x04, 0x03, 0xE0, 0x00, 0x10, 0x64, 0xE2, 0x90, 0x02, 0x04, 0xE0
	.byte 0x00, 0x00, 0x62, 0xE2, 0x81, 0x15, 0x83, 0xE0, 0xF0, 0x32, 0xD5, 0xE1, 0x80, 0x05, 0x64, 0xE0
	.byte 0xF2, 0xE2, 0xD5, 0xE1, 0x93, 0xC1, 0xC4, 0xE0, 0x9E, 0x70, 0xC3, 0xE0, 0x0C, 0x70, 0x57, 0xE0
	.byte 0x04, 0x30, 0xC3, 0xE0, 0x27, 0x44, 0xA0, 0xE1, 0x03, 0x4C, 0x84, 0xE1, 0x82, 0x27, 0x84, 0xE0
	.byte 0x30, 0x20, 0x86, 0xE5, 0xF2, 0x22, 0xD5, 0xE1, 0xF0, 0x32, 0xD5, 0xE1, 0xBE, 0xC2, 0xD5, 0xE1
	.byte 0x92, 0x41, 0xC1, 0xE0, 0x93, 0x40, 0xE1, 0xE0, 0x24, 0x04, 0xA0, 0xE1, 0x01, 0x0C, 0x80, 0xE1
	.byte 0x8C, 0x07, 0x80, 0xE0, 0x34, 0x00, 0x86, 0xE5, 0x1B, 0x2B, 0x00, 0xEB, 0xF0, 0x12, 0xD5, 0xE1
	.byte 0x00, 0x10, 0x61, 0xE2, 0x91, 0x00, 0x00, 0xE0, 0x40, 0x06, 0xA0, 0xE1, 0x10, 0x00, 0x86, 0xE5
	.byte 0xF8, 0x80, 0xBD, 0xE8, 0x70, 0x40, 0x2D, 0xE9, 0x18, 0x20, 0x91, 0xE5, 0x00, 0x30, 0xA0, 0xE3
	.byte 0x00, 0x20, 0x80, 0xE5, 0x1C, 0x20, 0x91, 0xE5, 0x14, 0x20, 0x80, 0xE5, 0x04, 0x30, 0x80, 0xE5
	.byte 0xBC, 0x52, 0xD1, 0xE1, 0x24, 0xC0, 0x91, 0xE5, 0xBE, 0x22, 0xD1, 0xE1, 0x9C, 0x05, 0x0E, 0xE0
	.byte 0x00, 0xC0, 0x65, 0xE2, 0x18, 0x40, 0x91, 0xE5, 0x8C, 0xC5, 0x6E, 0xE0, 0x94, 0xEC, 0xCC, 0xE0
	.byte 0x28, 0x60, 0x91, 0xE5, 0x2E, 0x44, 0xA0, 0xE1, 0x0C, 0x4C, 0x84, 0xE1, 0x85, 0x47, 0x84, 0xE0
	.byte 0x30, 0x40, 0x80, 0xE5, 0x96, 0x02, 0x04, 0xE0, 0x00, 0x50, 0x62, 0xE2, 0x1C, 0x20, 0x91, 0xE5
	.byte 0x85, 0x45, 0x84, 0xE0, 0x92, 0xE4, 0xCC, 0xE0, 0x2E, 0x24, 0xA0, 0xE1, 0xBE, 0x12, 0xD1, 0xE1
	.byte 0x0C, 0x2C, 0x82, 0xE1, 0x81, 0x17, 0x82, 0xE0, 0x34, 0x10, 0x80, 0xE5, 0x10, 0x30, 0x80, 0xE5
	.byte 0x70, 0x80, 0xBD, 0xE8, 0x01, 0x2A, 0xA0, 0xE3, 0x00, 0x20, 0x80, 0xE5, 0x14, 0x20, 0x80, 0xE5
	.byte 0x00, 0xC0, 0xA0, 0xE3, 0x04, 0xC0, 0x80, 0xE5, 0x24, 0x30, 0x91, 0xE5, 0xBC, 0x22, 0xD1, 0xE1
	.byte 0x00, 0x30, 0x63, 0xE2, 0x93, 0x02, 0x02, 0xE0, 0x02, 0x22, 0xA0, 0xE1, 0x30, 0x20, 0x80, 0xE5
	.byte 0xBE, 0x22, 0xD1, 0xE1, 0x28, 0x10, 0x91, 0xE5, 0x91, 0x02, 0x02, 0xE0, 0x02, 0x12, 0xA0, 0xE1
	.byte 0x34, 0x10, 0x80, 0xE5, 0x10, 0xC0, 0x80, 0xE5, 0x1E, 0xFF, 0x2F, 0xE1, 0xF8, 0x4F, 0x2D, 0xE9
	.byte 0x01, 0x90, 0xA0, 0xE1, 0xBC, 0x22, 0xD9, 0xE1, 0xBE, 0x12, 0xD9, 0xE1, 0x00, 0xA0, 0xA0, 0xE1
	.byte 0x02, 0x86, 0xA0, 0xE1, 0x01, 0xB6, 0xA0, 0xE1, 0x0B, 0x00, 0xA0, 0xE1, 0x08, 0x10, 0xA0, 0xE1
	.byte 0x0A, 0x2B, 0x00, 0xEB, 0xF2, 0x02, 0xD9, 0xE1, 0x18, 0x30, 0x99, 0xE5, 0xF0, 0x52, 0xD9, 0xE1
	.byte 0x1C, 0x40, 0x99, 0xE5, 0x93, 0x20, 0xC1, 0xE0, 0x22, 0x76, 0xA0, 0xE1, 0x01, 0x7A, 0x87, 0xE1
	.byte 0x93, 0x25, 0xC1, 0xE0, 0x22, 0x66, 0xA0, 0xE1, 0x01, 0x6A, 0x86, 0xE1, 0x94, 0x30, 0xC2, 0xE0
	.byte 0x94, 0x15, 0xC0, 0xE0, 0x23, 0x56, 0xA0, 0xE1, 0x02, 0x5A, 0x85, 0xE1, 0x21, 0x46, 0xA0, 0xE1
	.byte 0x00, 0x4A, 0x84, 0xE1, 0x00, 0x70, 0x8A, 0xE5, 0x14, 0x50, 0x8A, 0xE5, 0xC6, 0x2A, 0x00, 0xEB
	.byte 0x0B, 0x10, 0xA0, 0xE1, 0x94, 0x00, 0x00, 0xE0, 0x40, 0x06, 0xA0, 0xE1, 0x04, 0x00, 0x8A, 0xE5
	.byte 0x08, 0x00, 0xA0, 0xE1, 0xF1, 0x2A, 0x00, 0xEB, 0xBC, 0x32, 0xD9, 0xE1, 0xBE, 0x12, 0xD9, 0xE1
	.byte 0x00, 0x00, 0x63, 0xE2, 0x00, 0x10, 0x61, 0xE2, 0x81, 0x25, 0xA0, 0xE1, 0x80, 0xB5, 0xA0, 0xE1
	.byte 0x97, 0x1B, 0xC0, 0xE0, 0x95, 0x82, 0xC7, 0xE0, 0x94, 0x8B, 0xE7, 0xE0, 0x28, 0x44, 0xA0, 0xE1
	.byte 0x07, 0x4C, 0x84, 0xE1, 0x96, 0x52, 0xC2, 0xE0, 0x05, 0x10, 0x51, 0xE0, 0x02, 0x00, 0xC0, 0xE0
	.byte 0x21, 0x14, 0xA0, 0xE1, 0x00, 0x1C, 0x81, 0xE1, 0x83, 0x07, 0x81, 0xE0, 0x30, 0x00, 0x8A, 0xE5
	.byte 0xBE, 0x02, 0xD9, 0xE1, 0x80, 0x07, 0x84, 0xE0, 0x34, 0x00, 0x8A, 0xE5, 0xAA, 0x2A, 0x00, 0xEB
	.byte 0x00, 0x10, 0x66, 0xE2, 0x91, 0x00, 0x00, 0xE0, 0x40, 0x06, 0xA0, 0xE1, 0x10, 0x00, 0x8A, 0xE5
	.byte 0xF8, 0x8F, 0xBD, 0xE8, 0xF8, 0x40, 0x2D, 0xE9, 0x01, 0x50, 0xA0, 0xE1, 0xBC, 0x22, 0xD5, 0xE1
	.byte 0xBE, 0x12, 0xD5, 0xE1, 0x00, 0x60, 0xA0, 0xE1, 0x02, 0x46, 0xA0, 0xE1, 0x01, 0x76, 0xA0, 0xE1
	.byte 0x07, 0x00, 0xA0, 0xE1, 0x04, 0x10, 0xA0, 0xE1, 0xCC, 0x2A, 0x00, 0xEB, 0xF2, 0x02, 0xD5, 0xE1
	.byte 0x00, 0x00, 0x86, 0xE5, 0xF2, 0x02, 0xD5, 0xE1, 0x14, 0x00, 0x86, 0xE5, 0x96, 0x2A, 0x00, 0xEB
	.byte 0xF0, 0x22, 0xD5, 0xE1, 0x07, 0x10, 0xA0, 0xE1, 0x92, 0x00, 0x00, 0xE0, 0x40, 0x26, 0xA0, 0xE1
	.byte 0x04, 0x00, 0xA0, 0xE1, 0x04, 0x20, 0x86, 0xE5, 0xC0, 0x2A, 0x00, 0xEB, 0xBC, 0x22, 0xD5, 0xE1
	.byte 0xBE, 0x12, 0xD5, 0xE1, 0xF2, 0x42, 0xD5, 0xE1, 0x00, 0x00, 0x62, 0xE2, 0x00, 0x10, 0x61, 0xE2
	.byte 0x80, 0x05, 0xA0, 0xE1, 0xF0, 0x32, 0xD5, 0xE1, 0x81, 0x15, 0xA0, 0xE1, 0x94, 0x70, 0xCE, 0xE0
	.byte 0x93, 0xC1, 0xC4, 0xE0, 0x0C, 0x70, 0x57, 0xE0, 0x04, 0x30, 0xCE, 0xE0, 0x27, 0x44, 0xA0, 0xE1
	.byte 0x03, 0x4C, 0x84, 0xE1, 0x82, 0x27, 0x84, 0xE0, 0x30, 0x20, 0x86, 0xE5, 0xF2, 0x22, 0xD5, 0xE1
	.byte 0xF0, 0x32, 0xD5, 0xE1, 0xBE, 0xC2, 0xD5, 0xE1, 0x92, 0x41, 0xC1, 0xE0, 0x93, 0x40, 0xE1, 0xE0
	.byte 0x24, 0x04, 0xA0, 0xE1, 0x01, 0x0C, 0x80, 0xE1, 0x8C, 0x07, 0x80, 0xE0, 0x34, 0x00, 0x86, 0xE5
	.byte 0x75, 0x2A, 0x00, 0xEB, 0xF0, 0x12, 0xD5, 0xE1, 0x00, 0x10, 0x61, 0xE2, 0x91, 0x00, 0x00, 0xE0
	.byte 0x40, 0x06, 0xA0, 0xE1, 0x10, 0x00, 0x86, 0xE5, 0xF8, 0x80, 0xBD, 0xE8, 0x18, 0x20, 0x91, 0xE5
	.byte 0x00, 0xC0, 0xA0, 0xE3, 0x00, 0x20, 0x80, 0xE5, 0x1C, 0x20, 0x91, 0xE5, 0x14, 0x20, 0x80, 0xE5
	.byte 0x04, 0xC0, 0x80, 0xE5, 0x18, 0x30, 0x91, 0xE5, 0xBC, 0x22, 0xD1, 0xE1, 0x01, 0x3A, 0x63, 0xE2
	.byte 0x93, 0x02, 0x02, 0xE0, 0x82, 0x21, 0xA0, 0xE1, 0x30, 0x20, 0x80, 0xE5, 0x1C, 0x20, 0x91, 0xE5
	.byte 0xBE, 0x12, 0xD1, 0xE1, 0x01, 0x2A, 0x62, 0xE2, 0x92, 0x01, 0x01, 0xE0, 0x81, 0x11, 0xA0, 0xE1
	.byte 0x34, 0x10, 0x80, 0xE5, 0x10, 0xC0, 0x80, 0xE5, 0x1E, 0xFF, 0x2F, 0xE1, 0x01, 0x2A, 0xA0, 0xE3
	.byte 0x00, 0x20, 0x80, 0xE5, 0x00, 0x10, 0xA0, 0xE3, 0x04, 0x10, 0x80, 0xE5, 0x10, 0x10, 0x80, 0xE5
	.byte 0x14, 0x20, 0x80, 0xE5, 0x30, 0x10, 0x80, 0xE5, 0x34, 0x10, 0x80, 0xE5, 0x1E, 0xFF, 0x2F, 0xE1
	.byte 0x18, 0x40, 0x2D, 0xE9, 0x4C, 0xD0, 0x4D, 0xE2, 0x00, 0x40, 0xA0, 0xE1, 0x00, 0x00, 0x94, 0xE5
	.byte 0x00, 0x10, 0xA0, 0xE3, 0x08, 0x00, 0x10, 0xE3, 0x1C, 0x01, 0x9F, 0x15, 0x03, 0x30, 0xA0, 0xE3
	.byte 0x00, 0x00, 0x8D, 0x15, 0x14, 0x01, 0x9F, 0x05, 0x02, 0x20, 0xA0, 0xE3, 0x00, 0x00, 0x8D, 0x05
	.byte 0x01, 0x0A, 0xA0, 0xE3, 0x44, 0x00, 0x8D, 0xE5, 0x04, 0x30, 0x8D, 0xE5, 0x48, 0x20, 0x8D, 0xE5
	.byte 0x40, 0x10, 0x8D, 0xE5, 0x34, 0x10, 0x8D, 0xE5, 0x30, 0x10, 0x8D, 0xE5, 0x2C, 0x10, 0x8D, 0xE5
	.byte 0x28, 0x10, 0x8D, 0xE5, 0x24, 0x10, 0x8D, 0xE5, 0x20, 0x10, 0x8D, 0xE5, 0x14, 0x10, 0x8D, 0xE5
	.byte 0x10, 0x10, 0x8D, 0xE5, 0x00, 0x10, 0x94, 0xE5, 0xD4, 0x00, 0x9F, 0xE5, 0x07, 0x10, 0x01, 0xE2
	.byte 0x01, 0x21, 0x90, 0xE7, 0x08, 0x00, 0x8D, 0xE2, 0x04, 0x10, 0xA0, 0xE1, 0x32, 0xFF, 0x2F, 0xE1
	.byte 0x30, 0x30, 0x94, 0xE5, 0x01, 0x0A, 0x53, 0xE3, 0x10, 0x00, 0x00, 0x0A, 0x08, 0x00, 0x9D, 0xE5
	.byte 0x0C, 0x10, 0x9D, 0xE5, 0x93, 0x20, 0xC0, 0xE0, 0x22, 0x26, 0xA0, 0xE1, 0x00, 0x2A, 0x82, 0xE1
	.byte 0x08, 0x20, 0x8D, 0xE5, 0x30, 0x20, 0x94, 0xE5, 0x38, 0x00, 0x9D, 0xE5, 0x92, 0x31, 0xC1, 0xE0
	.byte 0x23, 0x26, 0xA0, 0xE1, 0x01, 0x2A, 0x82, 0xE1, 0x0C, 0x20, 0x8D, 0xE5, 0x30, 0x10, 0x94, 0xE5
	.byte 0x91, 0x20, 0xC0, 0xE0, 0x22, 0x16, 0xA0, 0xE1, 0x00, 0x1A, 0x81, 0xE1, 0x38, 0x10, 0x8D, 0xE5
	.byte 0x34, 0x30, 0x94, 0xE5, 0x01, 0x0A, 0x53, 0xE3, 0x10, 0x00, 0x00, 0x0A, 0x18, 0x00, 0x9D, 0xE5
	.byte 0x1C, 0x10, 0x9D, 0xE5, 0x93, 0x20, 0xC0, 0xE0, 0x22, 0x26, 0xA0, 0xE1, 0x00, 0x2A, 0x82, 0xE1
	.byte 0x18, 0x20, 0x8D, 0xE5, 0x34, 0x20, 0x94, 0xE5, 0x3C, 0x00, 0x9D, 0xE5, 0x92, 0x31, 0xC1, 0xE0
	.byte 0x23, 0x26, 0xA0, 0xE1, 0x01, 0x2A, 0x82, 0xE1, 0x1C, 0x20, 0x8D, 0xE5, 0x34, 0x10, 0x94, 0xE5
	.byte 0x91, 0x20, 0xC0, 0xE0, 0x22, 0x16, 0xA0, 0xE1, 0x00, 0x1A, 0x81, 0xE1, 0x3C, 0x10, 0x8D, 0xE5
	.byte 0x00, 0x10, 0x8D, 0xE2, 0x00, 0x00, 0x9D, 0xE5, 0x04, 0x10, 0x81, 0xE2, 0x12, 0x20, 0xA0, 0xE3
	.byte 0x53, 0xEF, 0xFF, 0xEB, 0x4C, 0xD0, 0x8D, 0xE2, 0x18, 0x80, 0xBD, 0xE8, 0x10, 0x16, 0x10, 0x00
	.byte 0x10, 0x18, 0x10, 0x00, 0x58, 0x84, 0x0A, 0x02, 0xF8, 0x4F, 0x2D, 0xE9, 0x01, 0x60, 0xA0, 0xE1
	.byte 0xBC, 0x22, 0xD6, 0xE1, 0xBE, 0x12, 0xD6, 0xE1, 0x00, 0x70, 0xA0, 0xE1, 0x02, 0xA6, 0xA0, 0xE1
	.byte 0x01, 0xB6, 0xA0, 0xE1, 0x0B, 0x00, 0xA0, 0xE1, 0x0A, 0x10, 0xA0, 0xE1, 0x27, 0x2A, 0x00, 0xEB
	.byte 0xF2, 0x32, 0xD6, 0xE1, 0x18, 0x00, 0x96, 0xE5, 0xF0, 0x92, 0xD6, 0xE1, 0x90, 0x23, 0xC1, 0xE0
	.byte 0x22, 0x26, 0xA0, 0xE1, 0x1C, 0x80, 0x96, 0xE5, 0x01, 0x2A, 0x82, 0xE1, 0x00, 0x20, 0x87, 0xE5
	.byte 0x98, 0x23, 0xC1, 0xE0, 0x22, 0x46, 0xA0, 0xE1, 0x01, 0x4A, 0x84, 0xE1, 0x90, 0x29, 0xC1, 0xE0
	.byte 0x22, 0x56, 0xA0, 0xE1, 0x01, 0x5A, 0x85, 0xE1, 0x14, 0x40, 0x87, 0xE5, 0xE6, 0x29, 0x00, 0xEB
	.byte 0x98, 0x29, 0xC1, 0xE0, 0x22, 0x26, 0xA0, 0xE1, 0x01, 0x2A, 0x82, 0xE1, 0x92, 0x00, 0x00, 0xE0
	.byte 0x40, 0x06, 0xA0, 0xE1, 0x04, 0x00, 0x87, 0xE5, 0x0A, 0x00, 0xA0, 0xE1, 0x0B, 0x10, 0xA0, 0xE1
	.byte 0x0E, 0x2A, 0x00, 0xEB, 0x1C, 0xE0, 0x96, 0xE5, 0xF0, 0x22, 0xD6, 0xE1, 0x24, 0x80, 0x96, 0xE5
	.byte 0x28, 0x00, 0x96, 0xE5, 0x98, 0xA2, 0xC9, 0xE0, 0xBC, 0x12, 0xD6, 0xE1, 0x90, 0x32, 0xC2, 0xE0
	.byte 0xF2, 0xC2, 0xD6, 0xE1, 0x00, 0x10, 0x8D, 0xE5, 0xCE, 0xBF, 0xA0, 0xE1, 0x98, 0x3C, 0xE2, 0xE0
	.byte 0x90, 0x8C, 0xCC, 0xE0, 0x08, 0x80, 0x5A, 0xE0, 0x0C, 0x00, 0xC9, 0xE0, 0x28, 0x96, 0xA0, 0xE1
	.byte 0x23, 0xC6, 0xA0, 0xE1, 0x00, 0x9A, 0x89, 0xE1, 0x42, 0x36, 0xA0, 0xE1, 0x02, 0xCA, 0x8C, 0xE1
	.byte 0x99, 0xAE, 0x82, 0xE0, 0x99, 0x2B, 0x22, 0xE0, 0x40, 0x86, 0xA0, 0xE1, 0x98, 0x2E, 0x22, 0xE0
	.byte 0x18, 0x10, 0x96, 0xE5, 0x2A, 0x86, 0xA0, 0xE1, 0x02, 0x8A, 0x88, 0xE1, 0x08, 0x20, 0x84, 0xE0
	.byte 0xC1, 0x0F, 0xA0, 0xE1, 0x9C, 0x81, 0x84, 0xE0, 0x9C, 0x40, 0x24, 0xE0, 0x93, 0x41, 0x24, 0xE0
	.byte 0x28, 0x06, 0xA0, 0xE1, 0x04, 0x0A, 0x80, 0xE1, 0x00, 0x10, 0x45, 0xE0, 0x00, 0x00, 0x9D, 0xE5
	.byte 0x01, 0x2A, 0x42, 0xE2, 0x90, 0x01, 0x01, 0xE0, 0x01, 0x02, 0xA0, 0xE1, 0x30, 0x00, 0x87, 0xE5
	.byte 0xBE, 0x02, 0xD6, 0xE1, 0x00, 0x00, 0x60, 0xE2, 0x90, 0x02, 0x01, 0xE0, 0x01, 0x02, 0xA0, 0xE1
	.byte 0x34, 0x00, 0x87, 0xE5, 0xB0, 0x29, 0x00, 0xEB, 0x00, 0x10, 0x65, 0xE2, 0x91, 0x00, 0x00, 0xE0
	.byte 0x40, 0x06, 0xA0, 0xE1, 0x10, 0x00, 0x87, 0xE5, 0xF8, 0x8F, 0xBD, 0xE8, 0xF8, 0x40, 0x2D, 0xE9
	.byte 0x01, 0x50, 0xA0, 0xE1, 0xBC, 0x22, 0xD5, 0xE1, 0xBE, 0x12, 0xD5, 0xE1, 0x00, 0x60, 0xA0, 0xE1
	.byte 0x02, 0x46, 0xA0, 0xE1, 0x01, 0x76, 0xA0, 0xE1, 0x07, 0x00, 0xA0, 0xE1, 0x04, 0x10, 0xA0, 0xE1
	.byte 0xD2, 0x29, 0x00, 0xEB, 0xF2, 0x02, 0xD5, 0xE1, 0x00, 0x00, 0x86, 0xE5, 0xF2, 0x02, 0xD5, 0xE1
	.byte 0x14, 0x00, 0x86, 0xE5, 0x9C, 0x29, 0x00, 0xEB, 0xF0, 0x22, 0xD5, 0xE1, 0x07, 0x10, 0xA0, 0xE1
	.byte 0x92, 0x00, 0x00, 0xE0, 0x40, 0x26, 0xA0, 0xE1, 0x04, 0x00, 0xA0, 0xE1, 0x04, 0x20, 0x86, 0xE5
	.byte 0xC6, 0x29, 0x00, 0xEB, 0xF0, 0xE2, 0xD5, 0xE1, 0x28, 0x40, 0x95, 0xE5, 0xF2, 0x02, 0xD5, 0xE1
	.byte 0x24, 0xC0, 0x95, 0xE5, 0x94, 0x3E, 0xC2, 0xE0, 0x9C, 0x30, 0xE2, 0xE0, 0x94, 0x10, 0xC0, 0xE0
	.byte 0x23, 0x36, 0xA0, 0xE1, 0x02, 0x3A, 0x83, 0xE1, 0x03, 0x40, 0x4E, 0xE0, 0x9C, 0x3E, 0xC2, 0xE0
	.byte 0x01, 0x10, 0x53, 0xE0, 0x00, 0x00, 0xC2, 0xE0, 0xBC, 0x22, 0xD5, 0xE1, 0x21, 0x16, 0xA0, 0xE1
	.byte 0x00, 0x1A, 0x81, 0xE1, 0x92, 0x04, 0x00, 0xE0, 0x00, 0x02, 0xA0, 0xE1, 0x30, 0x00, 0x86, 0xE5
	.byte 0xF2, 0x02, 0xD5, 0xE1, 0xBE, 0x22, 0xD5, 0xE1, 0x01, 0x00, 0x80, 0xE0, 0x00, 0x10, 0x62, 0xE2
	.byte 0x01, 0x0A, 0x40, 0xE2, 0x91, 0x00, 0x00, 0xE0, 0x00, 0x02, 0xA0, 0xE1, 0x34, 0x00, 0x86, 0xE5
	.byte 0x79, 0x29, 0x00, 0xEB, 0xF0, 0x12, 0xD5, 0xE1, 0x00, 0x10, 0x61, 0xE2, 0x91, 0x00, 0x00, 0xE0
	.byte 0x40, 0x06, 0xA0, 0xE1, 0x10, 0x00, 0x86, 0xE5, 0xF8, 0x80, 0xBD, 0xE8, 0x10, 0x40, 0x2D, 0xE9
	.byte 0x18, 0x30, 0x91, 0xE5, 0x00, 0x20, 0xA0, 0xE3, 0x00, 0x30, 0x80, 0xE5, 0x1C, 0x30, 0x91, 0xE5
	.byte 0x14, 0x30, 0x80, 0xE5, 0x04, 0x20, 0x80, 0xE5, 0x24, 0xC0, 0x91, 0xE5, 0x18, 0x30, 0x91, 0xE5
	.byte 0x28, 0x40, 0x91, 0xE5, 0x9C, 0xE3, 0xC3, 0xE0, 0x2E, 0xC6, 0xA0, 0xE1, 0x03, 0xCA, 0x8C, 0xE1
	.byte 0xBC, 0xE2, 0xD1, 0xE1, 0x00, 0x30, 0x6C, 0xE2, 0x1C, 0xC0, 0x91, 0xE5, 0x00, 0x40, 0x64, 0xE2
	.byte 0x9E, 0x03, 0x03, 0xE0, 0x94, 0xEC, 0xCC, 0xE0, 0x03, 0x32, 0xA0, 0xE1, 0x30, 0x30, 0x80, 0xE5
	.byte 0x2E, 0x46, 0xA0, 0xE1, 0xBE, 0x32, 0xD1, 0xE1, 0x1C, 0x10, 0x91, 0xE5, 0x0C, 0x4A, 0x84, 0xE1
	.byte 0x04, 0x10, 0x81, 0xE0, 0x00, 0x30, 0x63, 0xE2, 0x01, 0x1A, 0x41, 0xE2, 0x93, 0x01, 0x01, 0xE0
	.byte 0x01, 0x12, 0xA0, 0xE1, 0x34, 0x10, 0x80, 0xE5, 0x10, 0x20, 0x80, 0xE5, 0x10, 0x80, 0xBD, 0xE8
	.byte 0x08, 0x40, 0x2D, 0xE9, 0x01, 0x2A, 0xA0, 0xE3, 0x00, 0x20, 0x80, 0xE5, 0x14, 0x20, 0x80, 0xE5
	.byte 0x00, 0xE0, 0xA0, 0xE3, 0x04, 0xE0, 0x80, 0xE5, 0x24, 0x20, 0x91, 0xE5, 0xBC, 0x32, 0xD1, 0xE1
	.byte 0x00, 0x20, 0x62, 0xE2, 0x28, 0xC0, 0x91, 0xE5, 0x93, 0x02, 0x02, 0xE0, 0x02, 0x22, 0xA0, 0xE1
	.byte 0x30, 0x20, 0x80, 0xE5, 0xBE, 0x12, 0xD1, 0xE1, 0x00, 0x20, 0x6C, 0xE2, 0x00, 0x10, 0x61, 0xE2
	.byte 0x91, 0x02, 0x02, 0xE0, 0x02, 0x12, 0xA0, 0xE1, 0x34, 0x10, 0x80, 0xE5, 0x10, 0xE0, 0x80, 0xE5
	.byte 0x08, 0x80, 0xBD, 0xE8, 0xF8, 0x4F, 0x2D, 0xE9, 0x01, 0x90, 0xA0, 0xE1, 0xBC, 0x22, 0xD9, 0xE1
	.byte 0xBE, 0x12, 0xD9, 0xE1, 0x00, 0xA0, 0xA0, 0xE1, 0x02, 0x86, 0xA0, 0xE1, 0x01, 0xB6, 0xA0, 0xE1
	.byte 0x0B, 0x00, 0xA0, 0xE1, 0x08, 0x10, 0xA0, 0xE1, 0x64, 0x29, 0x00, 0xEB, 0xF2, 0x32, 0xD9, 0xE1
	.byte 0x18, 0x00, 0x99, 0xE5, 0xF0, 0x72, 0xD9, 0xE1, 0x1C, 0x50, 0x99, 0xE5, 0x90, 0x23, 0xC1, 0xE0
	.byte 0x22, 0x26, 0xA0, 0xE1, 0x01, 0x2A, 0x82, 0xE1, 0x00, 0x20, 0x8A, 0xE5, 0x95, 0x23, 0xC1, 0xE0
	.byte 0x22, 0x46, 0xA0, 0xE1, 0x01, 0x4A, 0x84, 0xE1, 0x90, 0x27, 0xC1, 0xE0, 0x22, 0x66, 0xA0, 0xE1
	.byte 0x01, 0x6A, 0x86, 0xE1, 0x14, 0x40, 0x8A, 0xE5, 0x23, 0x29, 0x00, 0xEB, 0x95, 0x27, 0xC1, 0xE0
	.byte 0x22, 0x26, 0xA0, 0xE1, 0x01, 0x2A, 0x82, 0xE1, 0x92, 0x00, 0x00, 0xE0, 0x40, 0x06, 0xA0, 0xE1
	.byte 0x04, 0x00, 0x8A, 0xE5, 0x08, 0x00, 0xA0, 0xE1, 0x0B, 0x10, 0xA0, 0xE1, 0x4B, 0x29, 0x00, 0xEB
	.byte 0x01, 0x0A, 0x44, 0xE2, 0xBC, 0x12, 0xD9, 0xE1, 0x91, 0x06, 0x02, 0xE0, 0x02, 0x12, 0xA0, 0xE1
	.byte 0x30, 0x10, 0x8A, 0xE5, 0xBE, 0x12, 0xD9, 0xE1, 0x00, 0x10, 0x61, 0xE2, 0x91, 0x00, 0x00, 0xE0
	.byte 0x00, 0x02, 0xA0, 0xE1, 0x34, 0x00, 0x8A, 0xE5, 0x0F, 0x29, 0x00, 0xEB, 0x00, 0x10, 0x66, 0xE2
	.byte 0x91, 0x00, 0x00, 0xE0, 0x40, 0x06, 0xA0, 0xE1, 0x10, 0x00, 0x8A, 0xE5, 0xF8, 0x8F, 0xBD, 0xE8
	.byte 0xF8, 0x40, 0x2D, 0xE9, 0x01, 0x50, 0xA0, 0xE1, 0xBC, 0x22, 0xD5, 0xE1, 0xBE, 0x12, 0xD5, 0xE1
	.byte 0x00, 0x60, 0xA0, 0xE1, 0x02, 0x46, 0xA0, 0xE1, 0x01, 0x76, 0xA0, 0xE1, 0x07, 0x00, 0xA0, 0xE1
	.byte 0x04, 0x10, 0xA0, 0xE1, 0x31, 0x29, 0x00, 0xEB, 0xF2, 0x02, 0xD5, 0xE1, 0x00, 0x00, 0x86, 0xE5
	.byte 0xF2, 0x02, 0xD5, 0xE1, 0x14, 0x00, 0x86, 0xE5, 0xFB, 0x28, 0x00, 0xEB, 0xF0, 0x22, 0xD5, 0xE1
	.byte 0x07, 0x10, 0xA0, 0xE1, 0x92, 0x00, 0x00, 0xE0, 0x40, 0x26, 0xA0, 0xE1, 0x04, 0x00, 0xA0, 0xE1
	.byte 0x04, 0x20, 0x86, 0xE5, 0x25, 0x29, 0x00, 0xEB, 0xBC, 0x12, 0xD5, 0xE1, 0xF0, 0x02, 0xD5, 0xE1
	.byte 0x91, 0x00, 0x00, 0xE0, 0x00, 0x02, 0xA0, 0xE1, 0x30, 0x00, 0x86, 0xE5, 0xBE, 0x12, 0xD5, 0xE1
	.byte 0xF2, 0x02, 0xD5, 0xE1, 0x00, 0x10, 0x61, 0xE2, 0x01, 0x0A, 0x40, 0xE2, 0x91, 0x00, 0x00, 0xE0
	.byte 0x00, 0x02, 0xA0, 0xE1, 0x34, 0x00, 0x86, 0xE5, 0xE7, 0x28, 0x00, 0xEB, 0xF0, 0x12, 0xD5, 0xE1
	.byte 0x00, 0x10, 0x61, 0xE2, 0x91, 0x00, 0x00, 0xE0, 0x40, 0x06, 0xA0, 0xE1, 0x10, 0x00, 0x86, 0xE5
	.byte 0xF8, 0x80, 0xBD, 0xE8, 0x18, 0x20, 0x91, 0xE5, 0x00, 0x30, 0xA0, 0xE3, 0x00, 0x20, 0x80, 0xE5
	.byte 0x1C, 0x20, 0x91, 0xE5, 0x14, 0x20, 0x80, 0xE5, 0x04, 0x30, 0x80, 0xE5, 0x30, 0x30, 0x80, 0xE5
	.byte 0xBE, 0x22, 0xD1, 0xE1, 0x1C, 0x10, 0x91, 0xE5, 0x00, 0x20, 0x62, 0xE2, 0x01, 0x1A, 0x41, 0xE2
	.byte 0x92, 0x01, 0x01, 0xE0, 0x01, 0x12, 0xA0, 0xE1, 0x34, 0x10, 0x80, 0xE5, 0x10, 0x30, 0x80, 0xE5
	.byte 0x1E, 0xFF, 0x2F, 0xE1, 0x01, 0x2A, 0xA0, 0xE3, 0x00, 0x20, 0x80, 0xE5, 0x00, 0x10, 0xA0, 0xE3
	.byte 0x04, 0x10, 0x80, 0xE5, 0x10, 0x10, 0x80, 0xE5, 0x14, 0x20, 0x80, 0xE5, 0x30, 0x10, 0x80, 0xE5
	.byte 0x34, 0x10, 0x80, 0xE5, 0x1E, 0xFF, 0x2F, 0xE1, 0x18, 0x40, 0x2D, 0xE9, 0x4C, 0xD0, 0x4D, 0xE2
	.byte 0x00, 0x40, 0xA0, 0xE1, 0x00, 0x00, 0x94, 0xE5, 0x03, 0x30, 0xA0, 0xE3, 0x08, 0x00, 0x10, 0xE3
	.byte 0x5C, 0x01, 0x9F, 0x15, 0x02, 0x20, 0xA0, 0xE3, 0x00, 0x00, 0x8D, 0x15, 0x54, 0x01, 0x9F, 0x05
	.byte 0x01, 0x1A, 0xA0, 0xE3, 0x00, 0x00, 0x8D, 0x05, 0x00, 0x00, 0xA0, 0xE3, 0x04, 0x30, 0x8D, 0xE5
	.byte 0x48, 0x20, 0x8D, 0xE5, 0x44, 0x10, 0x8D, 0xE5, 0x40, 0x00, 0x8D, 0xE5, 0x34, 0x00, 0x8D, 0xE5
	.byte 0x30, 0x00, 0x8D, 0xE5, 0x2C, 0x00, 0x8D, 0xE5, 0x28, 0x00, 0x8D, 0xE5, 0x24, 0x00, 0x8D, 0xE5
	.byte 0x20, 0x00, 0x8D, 0xE5, 0x14, 0x00, 0x8D, 0xE5, 0x10, 0x00, 0x8D, 0xE5, 0x00, 0x00, 0x94, 0xE5
	.byte 0x01, 0x00, 0x10, 0xE3, 0x1C, 0x10, 0x84, 0x15, 0x18, 0x10, 0x84, 0x15, 0x00, 0x00, 0x94, 0xE5
	.byte 0x02, 0x00, 0x10, 0xE3, 0x03, 0x00, 0x00, 0x0A, 0x01, 0x0A, 0xA0, 0xE3, 0xB2, 0x02, 0xC4, 0xE1
	.byte 0x00, 0x00, 0xA0, 0xE3, 0xB0, 0x02, 0xC4, 0xE1, 0x00, 0x00, 0x94, 0xE5, 0x04, 0x00, 0x10, 0xE3
	.byte 0x00, 0x00, 0xA0, 0x13, 0x28, 0x00, 0x84, 0x15, 0x24, 0x00, 0x84, 0x15, 0x00, 0x10, 0x94, 0xE5
	.byte 0xD4, 0x00, 0x9F, 0xE5, 0x07, 0x10, 0x01, 0xE2, 0x01, 0x21, 0x90, 0xE7, 0x08, 0x00, 0x8D, 0xE2
	.byte 0x04, 0x10, 0xA0, 0xE1, 0x32, 0xFF, 0x2F, 0xE1, 0x30, 0x30, 0x94, 0xE5, 0x01, 0x0A, 0x53, 0xE3
	.byte 0x10, 0x00, 0x00, 0x0A, 0x08, 0x00, 0x9D, 0xE5, 0x0C, 0x10, 0x9D, 0xE5, 0x93, 0x20, 0xC0, 0xE0
	.byte 0x22, 0x26, 0xA0, 0xE1, 0x00, 0x2A, 0x82, 0xE1, 0x08, 0x20, 0x8D, 0xE5, 0x30, 0x20, 0x94, 0xE5
	.byte 0x38, 0x00, 0x9D, 0xE5, 0x92, 0x31, 0xC1, 0xE0, 0x23, 0x26, 0xA0, 0xE1, 0x01, 0x2A, 0x82, 0xE1
	.byte 0x0C, 0x20, 0x8D, 0xE5, 0x30, 0x10, 0x94, 0xE5, 0x91, 0x20, 0xC0, 0xE0, 0x22, 0x16, 0xA0, 0xE1
	.byte 0x00, 0x1A, 0x81, 0xE1, 0x38, 0x10, 0x8D, 0xE5, 0x34, 0x30, 0x94, 0xE5, 0x01, 0x0A, 0x53, 0xE3
	.byte 0x10, 0x00, 0x00, 0x0A, 0x18, 0x00, 0x9D, 0xE5, 0x1C, 0x10, 0x9D, 0xE5, 0x93, 0x20, 0xC0, 0xE0
	.byte 0x22, 0x26, 0xA0, 0xE1, 0x00, 0x2A, 0x82, 0xE1, 0x18, 0x20, 0x8D, 0xE5, 0x34, 0x20, 0x94, 0xE5
	.byte 0x3C, 0x00, 0x9D, 0xE5, 0x92, 0x31, 0xC1, 0xE0, 0x23, 0x26, 0xA0, 0xE1, 0x01, 0x2A, 0x82, 0xE1
	.byte 0x1C, 0x20, 0x8D, 0xE5, 0x34, 0x10, 0x94, 0xE5, 0x91, 0x20, 0xC0, 0xE0, 0x22, 0x16, 0xA0, 0xE1
	.byte 0x00, 0x1A, 0x81, 0xE1, 0x3C, 0x10, 0x8D, 0xE5, 0x00, 0x10, 0x8D, 0xE2, 0x00, 0x00, 0x9D, 0xE5
	.byte 0x04, 0x10, 0x81, 0xE2, 0x12, 0x20, 0xA0, 0xE3, 0xB9, 0xED, 0xFF, 0xEB, 0x4C, 0xD0, 0x8D, 0xE2
	.byte 0x18, 0x80, 0xBD, 0xE8, 0x10, 0x16, 0x10, 0x00, 0x10, 0x18, 0x10, 0x00, 0x78, 0x84, 0x0A, 0x02

