	.include "asm/macros/function.inc"


	.text

	arm_func_start FUN_020949F4
FUN_020949F4: ; 0x020949F4
	cmp r2, #0
	beq _02094A20
_020949FC:
	ldrb ip, [r1], #1
	ldrb r3, [r0], #1
	cmp r3, ip
	subne r0, r3, ip
	bxne lr
	cmp r3, #0
	beq _02094A20
	subs r2, r2, #1
	bne _020949FC
_02094A20:
	mov r0, #0
	bx lr
	arm_func_end FUN_020949F4
_02094A28:
	.byte 0x01, 0x20, 0xD0, 0xE4, 0xFF, 0x10, 0x01, 0xE2
	.byte 0x00, 0x00, 0x52, 0xE3, 0x05, 0x00, 0x00, 0x0A, 0x01, 0x00, 0x52, 0xE1, 0x01, 0x00, 0x40, 0x02
	.byte 0x1E, 0xFF, 0x2F, 0x01, 0x01, 0x20, 0xD0, 0xE4, 0x00, 0x00, 0x52, 0xE3, 0xF9, 0xFF, 0xFF, 0x1A
	.byte 0x00, 0x00, 0x51, 0xE3, 0x00, 0x00, 0xA0, 0x13, 0x01, 0x00, 0x40, 0x02, 0x1E, 0xFF, 0x2F, 0xE1
	.byte 0x38, 0x40, 0x2D, 0xE9, 0x20, 0xD0, 0x4D, 0xE2, 0x00, 0xC0, 0x8D, 0xE2, 0x08, 0x30, 0xA0, 0xE3
	.byte 0x00, 0x20, 0xA0, 0xE3, 0x00, 0x20, 0xCC, 0xE5, 0x01, 0x20, 0xCC, 0xE5, 0x02, 0x20, 0xCC, 0xE5
	.byte 0x03, 0x20, 0xCC, 0xE5, 0x04, 0xC0, 0x8C, 0xE2, 0x01, 0x30, 0x53, 0xE2, 0xF8, 0xFF, 0xFF, 0x1A
	.byte 0x00, 0x40, 0xD1, 0xE5, 0x01, 0x50, 0x81, 0xE2, 0x00, 0x00, 0x54, 0xE3, 0x0B, 0x00, 0x00, 0x0A
	.byte 0x00, 0xE0, 0x8D, 0xE2, 0x01, 0x20, 0xA0, 0xE3, 0xFF, 0xC0, 0x04, 0xE2, 0x07, 0x10, 0x04, 0xE2
	.byte 0x12, 0x11, 0xA0, 0xE1, 0x01, 0x40, 0xD5, 0xE4, 0xCC, 0x31, 0xDE, 0xE7, 0xFF, 0x10, 0x01, 0xE2
	.byte 0x00, 0x00, 0x54, 0xE3, 0x01, 0x10, 0x83, 0xE1, 0xCC, 0x11, 0xCE, 0xE7, 0xF5, 0xFF, 0xFF, 0x1A
	.byte 0x00, 0x10, 0xD0, 0xE5, 0x01, 0x40, 0x80, 0xE2, 0x00, 0x00, 0x51, 0xE3, 0x0B, 0x00, 0x00, 0x0A
	.byte 0x00, 0xC0, 0x8D, 0xE2, 0x01, 0x20, 0xA0, 0xE3, 0xFF, 0x30, 0x01, 0xE2, 0x07, 0x10, 0x01, 0xE2
	.byte 0x12, 0x11, 0xA0, 0xE1, 0xC3, 0x31, 0xDC, 0xE7, 0xFF, 0x10, 0x01, 0xE2, 0x01, 0x00, 0x13, 0xE1
	.byte 0x02, 0x00, 0x00, 0x1A, 0x01, 0x10, 0xD4, 0xE4, 0x00, 0x00, 0x51, 0xE3, 0xF5, 0xFF, 0xFF, 0x1A
	.byte 0x00, 0x00, 0x44, 0xE0, 0x01, 0x00, 0x40, 0xE2, 0x20, 0xD0, 0x8D, 0xE2, 0x38, 0x80, 0xBD, 0xE8
	.byte 0x10, 0x40, 0x2D, 0xE9, 0x00, 0x00, 0x51, 0xE3, 0x00, 0x20, 0xD1, 0x15, 0x00, 0x00, 0x52, 0x13
	.byte 0x10, 0x80, 0xBD, 0x08, 0x00, 0x30, 0xD0, 0xE5, 0x01, 0x40, 0x80, 0xE2, 0x00, 0x00, 0x53, 0xE3
	.byte 0x0F, 0x00, 0x00, 0x0A, 0x02, 0x00, 0x53, 0xE1, 0x0A, 0x00, 0x00, 0x1A, 0x04, 0xE0, 0xA0, 0xE1
	.byte 0x01, 0xC0, 0x81, 0xE2, 0x01, 0x30, 0xDC, 0xE4, 0x01, 0x00, 0xDE, 0xE4, 0x03, 0x00, 0x50, 0xE1
	.byte 0x01, 0x00, 0x00, 0x1A, 0x00, 0x00, 0x50, 0xE3, 0xF9, 0xFF, 0xFF, 0x1A, 0x00, 0x00, 0x53, 0xE3
	.byte 0x01, 0x00, 0x44, 0x02, 0x10, 0x80, 0xBD, 0x08, 0x01, 0x30, 0xD4, 0xE4, 0x00, 0x00, 0x53, 0xE3
	.byte 0xEF, 0xFF, 0xFF, 0x1A, 0x00, 0x00, 0xA0, 0xE3, 0x10, 0x80, 0xBD, 0xE8, 0xF8, 0x4F, 0x2D, 0xE9
	.byte 0xA8, 0xD0, 0x4D, 0xE2, 0xD0, 0x50, 0x9D, 0xE5, 0x00, 0x40, 0xA0, 0xE3, 0xD0, 0x50, 0x8D, 0xE5
	.byte 0x00, 0x00, 0x8D, 0xE5, 0x80, 0x70, 0x8D, 0xE2, 0x01, 0x90, 0xA0, 0xE1, 0x02, 0x80, 0xA0, 0xE1
	.byte 0x04, 0x30, 0x8D, 0xE5, 0x04, 0x50, 0xA0, 0xE1, 0x2C, 0x40, 0x8D, 0xE5, 0x01, 0x60, 0xA0, 0xE3
	.byte 0x04, 0x00, 0xA0, 0xE3, 0xB0, 0x40, 0xC7, 0xE1, 0xB2, 0x40, 0xC7, 0xE1, 0xB4, 0x40, 0xC7, 0xE1
	.byte 0xB6, 0x40, 0xC7, 0xE1, 0x08, 0x70, 0x87, 0xE2, 0x01, 0x00, 0x50, 0xE2, 0xF8, 0xFF, 0xFF, 0x1A
	.byte 0x00, 0x00, 0xA0, 0xE3, 0x28, 0x00, 0x8D, 0xE5, 0xB0, 0x40, 0xC7, 0xE1, 0xB2, 0x40, 0xC7, 0xE1
	.byte 0x28, 0x20, 0x9D, 0xE5, 0xD0, 0x10, 0x9D, 0xE5, 0xB4, 0x40, 0xC7, 0xE1, 0x00, 0x20, 0x81, 0xE5
	.byte 0x02, 0x10, 0xA0, 0xE1, 0x08, 0x00, 0xA0, 0xE1, 0x24, 0x10, 0x8D, 0xE5, 0x20, 0x10, 0x8D, 0xE5
	.byte 0x1C, 0x10, 0x8D, 0xE5, 0x18, 0x10, 0x8D, 0xE5, 0x10, 0x10, 0x8D, 0xE5, 0x0C, 0x10, 0x8D, 0xE5
	.byte 0x08, 0x10, 0x8D, 0xE5, 0x01, 0x50, 0x85, 0xE2, 0x39, 0xFF, 0x2F, 0xE1, 0x00, 0x10, 0xA0, 0xE1
	.byte 0x44, 0xBE, 0x9F, 0xE5, 0x4D, 0x00, 0x8D, 0xE2, 0x04, 0x70, 0xA0, 0xE3, 0x00, 0x30, 0xDB, 0xE5
	.byte 0x01, 0x20, 0xDB, 0xE5, 0x02, 0xB0, 0x8B, 0xE2, 0x01, 0x70, 0x57, 0xE2, 0x01, 0x20, 0xC0, 0xE5
	.byte 0x02, 0x30, 0xC0, 0xE4, 0xF8, 0xFF, 0xFF, 0x1A, 0x00, 0x30, 0xDB, 0xE5, 0x1C, 0x2E, 0x9F, 0xE5
	.byte 0x00, 0x30, 0xC0, 0xE5, 0x01, 0x30, 0xD2, 0xE5, 0x02, 0x00, 0xD2, 0xE5, 0x00, 0x70, 0xD2, 0xE5
	.byte 0x31, 0x30, 0xCD, 0xE5, 0x32, 0x00, 0xCD, 0xE5, 0x03, 0x30, 0xD2, 0xE5, 0x04, 0x00, 0xD2, 0xE5
	.byte 0x30, 0x70, 0xCD, 0xE5, 0x33, 0x30, 0xCD, 0xE5, 0x34, 0x00, 0xCD, 0xE5, 0x63, 0x02, 0x00, 0xEA
	.byte 0x01, 0x0C, 0x56, 0xE3, 0x1B, 0x00, 0x00, 0xCA, 0x87, 0x01, 0x00, 0xAA, 0x20, 0x00, 0x56, 0xE3
	.byte 0x11, 0x00, 0x00, 0xCA, 0x4D, 0x01, 0x00, 0xAA, 0x08, 0x00, 0x56, 0xE3, 0x0B, 0x00, 0x00, 0xCA
	.byte 0x00, 0x00, 0x56, 0xE3, 0x06, 0xF1, 0x8F, 0xA0, 0x58, 0x02, 0x00, 0xEA, 0x57, 0x02, 0x00, 0xEA
	.byte 0x21, 0x00, 0x00, 0xEA, 0xFD, 0x00, 0x00, 0xEA, 0x54, 0x02, 0x00, 0xEA, 0x1C, 0x01, 0x00, 0xEA
	.byte 0x52, 0x02, 0x00, 0xEA, 0x51, 0x02, 0x00, 0xEA, 0x50, 0x02, 0x00, 0xEA, 0x1C, 0x01, 0x00, 0xEA
	.byte 0x10, 0x00, 0x56, 0xE3, 0x33, 0x01, 0x00, 0x0A, 0x4C, 0x02, 0x00, 0xEA, 0x40, 0x00, 0x56, 0xE3
	.byte 0x01, 0x00, 0x00, 0xCA, 0x52, 0x01, 0x00, 0x0A, 0x48, 0x02, 0x00, 0xEA, 0x80, 0x00, 0x56, 0xE3
	.byte 0x58, 0x01, 0x00, 0x0A, 0x45, 0x02, 0x00, 0xEA, 0x02, 0x0A, 0x56, 0xE3, 0x07, 0x00, 0x00, 0xCA
	.byte 0x85, 0x00, 0x00, 0xAA, 0x02, 0x0C, 0x56, 0xE3, 0x01, 0x00, 0x00, 0xCA, 0x74, 0x01, 0x00, 0x0A
	.byte 0x3E, 0x02, 0x00, 0xEA, 0x01, 0x0B, 0x56, 0xE3, 0x75, 0x01, 0x00, 0x0A, 0x3B, 0x02, 0x00, 0xEA
	.byte 0x01, 0x09, 0x56, 0xE3, 0x01, 0x00, 0x00, 0xCA, 0x43, 0x00, 0x00, 0x0A, 0x37, 0x02, 0x00, 0xEA
	.byte 0x02, 0x09, 0x56, 0xE3, 0x7E, 0x01, 0x00, 0x0A, 0x34, 0x02, 0x00, 0xEA, 0x80, 0x00, 0x51, 0xE3
	.byte 0x00, 0x00, 0xA0, 0x23, 0x28, 0x0D, 0x9F, 0x35, 0x81, 0x20, 0xA0, 0x31, 0xB2, 0x00, 0x90, 0x31
	.byte 0x01, 0x0C, 0x00, 0x32, 0x00, 0x00, 0x50, 0xE3, 0x08, 0x00, 0x00, 0x0A, 0x00, 0x10, 0xA0, 0xE3
	.byte 0x08, 0x00, 0xA0, 0xE1, 0x01, 0x20, 0xA0, 0xE1, 0x39, 0xFF, 0x2F, 0xE1, 0x00, 0x10, 0xA0, 0xE1
	.byte 0x2C, 0x00, 0x9D, 0xE5, 0x01, 0x00, 0x80, 0xE2, 0x2C, 0x00, 0x8D, 0xE5, 0x23, 0x02, 0x00, 0xEA
	.byte 0x80, 0x00, 0x51, 0xE3, 0x01, 0x00, 0xA0, 0x21, 0xE8, 0x0C, 0x9F, 0x35, 0x01, 0x00, 0xD0, 0x37
	.byte 0x49, 0x00, 0x50, 0xE3, 0x08, 0x00, 0x00, 0xCA, 0x15, 0x00, 0x00, 0xAA, 0x2D, 0x00, 0x50, 0xE3
	.byte 0x23, 0x00, 0x00, 0xCA, 0x2B, 0x00, 0x50, 0xE3, 0x21, 0x00, 0x00, 0xBA, 0x07, 0x00, 0x00, 0x0A
	.byte 0x2D, 0x00, 0x50, 0xE3, 0x03, 0x00, 0x00, 0x0A, 0x1D, 0x00, 0x00, 0xEA, 0x4E, 0x00, 0x50, 0xE3
	.byte 0x13, 0x00, 0x00, 0x0A, 0x1A, 0x00, 0x00, 0xEA, 0x01, 0x00, 0xA0, 0xE3, 0x28, 0x00, 0x8D, 0xE5
	.byte 0x00, 0x10, 0xA0, 0xE3, 0x08, 0x00, 0xA0, 0xE1, 0x01, 0x20, 0xA0, 0xE1, 0x01, 0x50, 0x85, 0xE2
	.byte 0x39, 0xFF, 0x2F, 0xE1, 0x00, 0x10, 0xA0, 0xE1, 0x01, 0x00, 0xA0, 0xE3, 0x18, 0x00, 0x8D, 0xE5
	.byte 0x06, 0x02, 0x00, 0xEA, 0x01, 0x50, 0x85, 0xE2, 0x08, 0x00, 0xA0, 0xE1, 0x00, 0x10, 0xA0, 0xE3
	.byte 0x01, 0x20, 0xA0, 0xE1, 0x39, 0xFF, 0x2F, 0xE1, 0x00, 0x10, 0xA0, 0xE1, 0x01, 0x69, 0xA0, 0xE3
	.byte 0xFE, 0x01, 0x00, 0xEA, 0x01, 0x50, 0x85, 0xE2, 0x08, 0x00, 0xA0, 0xE1, 0x00, 0x10, 0xA0, 0xE3
	.byte 0x01, 0x20, 0xA0, 0xE1, 0x39, 0xFF, 0x2F, 0xE1, 0x00, 0x10, 0xA0, 0xE1, 0x02, 0x6A, 0xA0, 0xE3
	.byte 0xF6, 0x01, 0x00, 0xEA, 0x02, 0x60, 0xA0, 0xE3, 0xF4, 0x01, 0x00, 0xEA, 0x01, 0x60, 0xA0, 0xE3
	.byte 0x4D, 0xB0, 0x8D, 0xE2, 0x76, 0x70, 0x8D, 0xE2, 0x04, 0x30, 0xA0, 0xE3, 0x00, 0x20, 0xDB, 0xE5
	.byte 0x01, 0x00, 0xDB, 0xE5, 0x02, 0xB0, 0x8B, 0xE2, 0x01, 0x30, 0x53, 0xE2, 0x01, 0x00, 0xC7, 0xE5
	.byte 0x02, 0x20, 0xC7, 0xE4, 0xF8, 0xFF, 0xFF, 0x1A, 0x00, 0x00, 0xDB, 0xE5, 0x76, 0xB0, 0x8D, 0xE2
	.byte 0x00, 0x00, 0xC7, 0xE5, 0xFC, 0x7B, 0x9F, 0xE5, 0x06, 0x00, 0x00, 0xEA, 0x00, 0x10, 0xA0, 0xE3
	.byte 0x08, 0x00, 0xA0, 0xE1, 0x01, 0x20, 0xA0, 0xE1, 0x01, 0x60, 0x86, 0xE2, 0x01, 0x50, 0x85, 0xE2
	.byte 0x39, 0xFF, 0x2F, 0xE1, 0x00, 0x10, 0xA0, 0xE1, 0x08, 0x00, 0x56, 0xE3, 0x05, 0x00, 0x00, 0xAA
	.byte 0x01, 0x20, 0xA0, 0xE1, 0x80, 0x00, 0x51, 0xE3, 0x01, 0x20, 0xD7, 0x37, 0x06, 0x00, 0xDB, 0xE7
	.byte 0x02, 0x00, 0x50, 0xE1, 0xF0, 0xFF, 0xFF, 0x0A, 0x03, 0x00, 0x56, 0xE3, 0x01, 0x00, 0x00, 0x0A
	.byte 0x08, 0x00, 0x56, 0xE3, 0x12, 0x00, 0x00, 0x1A, 0x28, 0x00, 0x9D, 0xE5, 0x00, 0x00, 0x50, 0xE3
	.byte 0x04, 0x00, 0x00, 0x0A, 0xA0, 0x1B, 0x9F, 0xE5, 0x00, 0x00, 0xA0, 0xE3, 0x00, 0x10, 0x91, 0xE5
	.byte 0x25, 0x1F, 0x00, 0xEB, 0x01, 0x00, 0x00, 0xEA, 0x8C, 0x0B, 0x9F, 0xE5, 0x00, 0x00, 0x90, 0xE5
	.byte 0x8C, 0x1B, 0x00, 0xEB, 0x2C, 0x20, 0x9D, 0xE5, 0x06, 0x30, 0x82, 0xE0, 0x18, 0x20, 0x9D, 0xE5
	.byte 0x03, 0x30, 0x82, 0xE0, 0x04, 0x20, 0x9D, 0xE5, 0xA8, 0xD0, 0x8D, 0xE2, 0x00, 0x30, 0x82, 0xE5
	.byte 0xF8, 0x8F, 0xBD, 0xE8, 0x01, 0x6A, 0xA0, 0xE3, 0xBC, 0x01, 0x00, 0xEA, 0x30, 0x30, 0xDD, 0xE5
	.byte 0x32, 0x00, 0xDD, 0xE5, 0x31, 0x20, 0xDD, 0xE5, 0x40, 0x30, 0xCD, 0xE5, 0x42, 0x00, 0xCD, 0xE5
	.byte 0x33, 0x30, 0xDD, 0xE5, 0x34, 0x00, 0xDD, 0xE5, 0x41, 0x20, 0xCD, 0xE5, 0x01, 0x60, 0xA0, 0xE3
	.byte 0x44, 0x00, 0xCD, 0xE5, 0x00, 0x70, 0xA0, 0xE3, 0x56, 0x20, 0x8D, 0xE2, 0x43, 0x30, 0xCD, 0xE5
	.byte 0x08, 0x00, 0xA0, 0xE3, 0x00, 0x70, 0xC2, 0xE5, 0x01, 0x70, 0xC2, 0xE5, 0x02, 0x70, 0xC2, 0xE5
	.byte 0x03, 0x70, 0xC2, 0xE5, 0x04, 0x20, 0x82, 0xE2, 0x01, 0x00, 0x50, 0xE2, 0xF8, 0xFF, 0xFF, 0x1A
	.byte 0x00, 0xBB, 0x9F, 0xE5, 0x06, 0x00, 0x00, 0xEA, 0x00, 0x10, 0xA0, 0xE3, 0x08, 0x00, 0xA0, 0xE1
	.byte 0x01, 0x20, 0xA0, 0xE1, 0x01, 0x60, 0x86, 0xE2, 0x01, 0x50, 0x85, 0xE2, 0x39, 0xFF, 0x2F, 0xE1
	.byte 0x00, 0x10, 0xA0, 0xE1, 0x04, 0x00, 0x56, 0xE3, 0x06, 0x00, 0x00, 0xAA, 0x40, 0x00, 0x8D, 0xE2
	.byte 0x01, 0x20, 0xA0, 0xE1, 0x80, 0x00, 0x51, 0xE3, 0x01, 0x20, 0xDB, 0x37, 0x06, 0x00, 0xD0, 0xE7
	.byte 0x02, 0x00, 0x50, 0xE1, 0xEF, 0xFF, 0xFF, 0x0A, 0x03, 0x00, 0x46, 0xE2, 0x01, 0x00, 0x50, 0xE3
	.byte 0x39, 0x00, 0x00, 0x8A, 0x04, 0x00, 0x56, 0xE3, 0x20, 0x00, 0x00, 0x1A, 0xA0, 0xBA, 0x9F, 0xE5
	.byte 0x08, 0x00, 0x00, 0xEA, 0x56, 0x00, 0x8D, 0xE2, 0x07, 0x10, 0xC0, 0xE7, 0x00, 0x10, 0xA0, 0xE3
	.byte 0x08, 0x00, 0xA0, 0xE1, 0x01, 0x20, 0xA0, 0xE1, 0x01, 0x70, 0x87, 0xE2, 0x01, 0x50, 0x85, 0xE2
	.byte 0x39, 0xFF, 0x2F, 0xE1, 0x00, 0x10, 0xA0, 0xE1, 0x20, 0x00, 0x57, 0xE3, 0x0F, 0x00, 0x00, 0xAA
	.byte 0x80, 0x00, 0x51, 0xE3, 0x00, 0x00, 0xA0, 0x23, 0x81, 0x00, 0xA0, 0x31, 0xB0, 0x00, 0x9B, 0x31
	.byte 0x08, 0x00, 0x00, 0x32, 0x00, 0x00, 0x50, 0xE3, 0xED, 0xFF, 0xFF, 0x1A, 0x80, 0x00, 0x51, 0xE3
	.byte 0x00, 0x00, 0xA0, 0x23, 0x81, 0x00, 0xA0, 0x31, 0xB0, 0x00, 0x9B, 0x31, 0x01, 0x00, 0x00, 0x32
	.byte 0x00, 0x00, 0x50, 0xE3, 0xE6, 0xFF, 0xFF, 0x1A, 0x2E, 0x00, 0x51, 0xE3, 0xE4, 0xFF, 0xFF, 0x0A
	.byte 0x29, 0x00, 0x51, 0xE3, 0x01, 0x6A, 0xA0, 0x13, 0x70, 0x01, 0x00, 0x1A, 0x01, 0x70, 0x87, 0xE2
	.byte 0x28, 0x10, 0x9D, 0xE5, 0x56, 0x00, 0x8D, 0xE2, 0x00, 0x40, 0xA0, 0xE3, 0x07, 0x40, 0xC0, 0xE7
	.byte 0x00, 0x00, 0x51, 0xE3, 0x06, 0x00, 0x00, 0x0A, 0xBD, 0xF0, 0xFF, 0xEB, 0x00, 0x20, 0xA0, 0xE1
	.byte 0x01, 0x30, 0xA0, 0xE1, 0x04, 0x00, 0xA0, 0xE1, 0x04, 0x10, 0xA0, 0xE1, 0xA8, 0x17, 0x00, 0xEB
	.byte 0x00, 0x00, 0x00, 0xEA, 0xB6, 0xF0, 0xFF, 0xEB, 0x2C, 0x20, 0x9D, 0xE5, 0x06, 0x20, 0x82, 0xE0
	.byte 0x02, 0x30, 0x87, 0xE0, 0x18, 0x20, 0x9D, 0xE5, 0x03, 0x30, 0x82, 0xE0, 0x04, 0x20, 0x9D, 0xE5
	.byte 0xA8, 0xD0, 0x8D, 0xE2, 0x00, 0x30, 0x82, 0xE5, 0xF8, 0x8F, 0xBD, 0xE8, 0x98, 0xFF, 0xFF, 0xEA
	.byte 0x2E, 0x00, 0x51, 0xE3, 0x01, 0x00, 0x00, 0x1A, 0x10, 0x60, 0xA0, 0xE3, 0x4D, 0x01, 0x00, 0xEA
	.byte 0x80, 0x00, 0x51, 0xE3, 0x00, 0x00, 0xA0, 0x23, 0xA4, 0x09, 0x9F, 0x35, 0x81, 0x20, 0xA0, 0x31
	.byte 0xB2, 0x00, 0x90, 0x31, 0x08, 0x00, 0x00, 0x32, 0x00, 0x00, 0x50, 0xE3, 0x01, 0x6A, 0xA0, 0x03
	.byte 0x4A, 0x01, 0x00, 0x0A, 0x30, 0x00, 0x51, 0xE3, 0x0F, 0x00, 0x00, 0x1A, 0x01, 0x50, 0x85, 0xE2
	.byte 0x08, 0x00, 0xA0, 0xE1, 0x00, 0x10, 0xA0, 0xE3, 0x01, 0x20, 0xA0, 0xE1, 0x39, 0xFF, 0x2F, 0xE1
	.byte 0x00, 0x00, 0x50, 0xE3, 0x00, 0x10, 0xA0, 0xE1, 0x02, 0x00, 0x00, 0xBA, 0x80, 0x00, 0x50, 0xE3
	.byte 0x60, 0x29, 0x9F, 0xB5, 0x00, 0x00, 0xD2, 0xB7, 0x58, 0x00, 0x50, 0xE3, 0x02, 0x69, 0xA0, 0x03
	.byte 0x01, 0x40, 0xA0, 0x03, 0x04, 0x60, 0xA0, 0x13, 0x38, 0x01, 0x00, 0xEA, 0x08, 0x60, 0xA0, 0xE3
	.byte 0x36, 0x01, 0x00, 0xEA, 0x30, 0x00, 0x51, 0xE3, 0x08, 0x60, 0xA0, 0x13, 0x33, 0x01, 0x00, 0x1A
	.byte 0x2C, 0x01, 0x00, 0xEA, 0x80, 0x00, 0x51, 0xE3, 0x00, 0x00, 0xA0, 0x23, 0x20, 0x09, 0x9F, 0x35
	.byte 0x81, 0x20, 0xA0, 0x31, 0xB2, 0x00, 0x90, 0x31, 0x08, 0x00, 0x00, 0x32, 0x00, 0x00, 0x50, 0xE3
	.byte 0x04, 0x00, 0x00, 0x1A, 0x2E, 0x00, 0x51, 0xE3, 0x40, 0x60, 0xA0, 0x13, 0x27, 0x01, 0x00, 0x1A
	.byte 0x20, 0x60, 0xA0, 0xE3, 0x1F, 0x01, 0x00, 0xEA, 0x84, 0x20, 0xDD, 0xE5, 0x14, 0x00, 0x52, 0xE3
	.byte 0x1C, 0x00, 0x9D, 0x25, 0x01, 0x00, 0x80, 0x22, 0x1C, 0x00, 0x8D, 0x25, 0x04, 0x00, 0x00, 0x2A
	.byte 0x01, 0x00, 0x82, 0xE2, 0x84, 0x00, 0xCD, 0xE5, 0x80, 0x00, 0x8D, 0xE2, 0x02, 0x00, 0x80, 0xE0
	.byte 0x05, 0x10, 0xC0, 0xE5, 0x13, 0x01, 0x00, 0xEA, 0x80, 0x00, 0x51, 0xE3, 0x00, 0x00, 0xA0, 0x23
	.byte 0xBC, 0x08, 0x9F, 0x35, 0x81, 0x20, 0xA0, 0x31, 0xB2, 0x00, 0x90, 0x31, 0x08, 0x00, 0x00, 0x32
	.byte 0x00, 0x00, 0x50, 0xE3, 0x01, 0x6A, 0xA0, 0x03, 0x20, 0x60, 0xA0, 0x13, 0x0F, 0x01, 0x00, 0xEA
	.byte 0x80, 0x00, 0x51, 0xE3, 0x00, 0x00, 0xA0, 0x23, 0x94, 0x08, 0x9F, 0x35, 0x81, 0x20, 0xA0, 0x31
	.byte 0xB2, 0x00, 0x90, 0x31, 0x08, 0x00, 0x00, 0x32, 0x00, 0x00, 0x50, 0xE3, 0x40, 0x60, 0xA0, 0x03
	.byte 0x06, 0x01, 0x00, 0x0A, 0x84, 0x30, 0xDD, 0xE5, 0x14, 0x00, 0x53, 0xE3, 0x0B, 0x00, 0x00, 0x2A
	.byte 0x30, 0x00, 0x51, 0xE3, 0x00, 0x00, 0x53, 0x03, 0x05, 0x00, 0x00, 0x0A, 0x84, 0x20, 0xDD, 0xE5
	.byte 0x80, 0x00, 0x8D, 0xE2, 0x03, 0x00, 0x80, 0xE0, 0x01, 0x20, 0x82, 0xE2, 0x84, 0x20, 0xCD, 0xE5
	.byte 0x05, 0x10, 0xC0, 0xE5, 0x1C, 0x00, 0x9D, 0xE5, 0x01, 0x00, 0x40, 0xE2, 0x1C, 0x00, 0x8D, 0xE5
	.byte 0xF0, 0x00, 0x00, 0xEA, 0x80, 0x00, 0x51, 0xE3, 0x01, 0x00, 0xA0, 0x21, 0x34, 0x08, 0x9F, 0x35
	.byte 0x01, 0x00, 0xD0, 0x37, 0x45, 0x00, 0x50, 0xE3, 0x02, 0x6B, 0xA0, 0x13, 0xEF, 0x00, 0x00, 0x1A
	.byte 0x80, 0x60, 0xA0, 0xE3, 0xE7, 0x00, 0x00, 0xEA, 0x2B, 0x00, 0x51, 0xE3, 0x06, 0x00, 0x00, 0x1A
	.byte 0x01, 0x50, 0x85, 0xE2, 0x08, 0x00, 0xA0, 0xE1, 0x00, 0x10, 0xA0, 0xE3, 0x01, 0x20, 0xA0, 0xE1
	.byte 0x39, 0xFF, 0x2F, 0xE1, 0x00, 0x10, 0xA0, 0xE1, 0x09, 0x00, 0x00, 0xEA, 0x2D, 0x00, 0x51, 0xE3
	.byte 0x07, 0x00, 0x00, 0x1A, 0x00, 0x10, 0xA0, 0xE3, 0x08, 0x00, 0xA0, 0xE1, 0x01, 0x20, 0xA0, 0xE1
	.byte 0x01, 0x50, 0x85, 0xE2, 0x39, 0xFF, 0x2F, 0xE1, 0x00, 0x10, 0xA0, 0xE1, 0x01, 0x00, 0xA0, 0xE3
	.byte 0x24, 0x00, 0x8D, 0xE5, 0x01, 0x6C, 0xA0, 0xE3, 0xD8, 0x00, 0x00, 0xEA, 0x80, 0x00, 0x51, 0xE3
	.byte 0x00, 0x00, 0xA0, 0x23, 0xB8, 0x07, 0x9F, 0x35, 0x81, 0x20, 0xA0, 0x31, 0xB2, 0x00, 0x90, 0x31
	.byte 0x08, 0x00, 0x00, 0x32, 0x00, 0x00, 0x50, 0xE3, 0x01, 0x6A, 0xA0, 0x03, 0xCF, 0x00, 0x00, 0x0A
	.byte 0x30, 0x00, 0x51, 0xE3, 0x01, 0x6B, 0xA0, 0x13, 0xCC, 0x00, 0x00, 0x1A, 0x02, 0x6C, 0xA0, 0xE3
	.byte 0xC4, 0x00, 0x00, 0xEA, 0x30, 0x00, 0x51, 0xE3, 0x01, 0x6B, 0xA0, 0x13, 0xC7, 0x00, 0x00, 0x1A
	.byte 0xC0, 0x00, 0x00, 0xEA, 0x80, 0x00, 0x51, 0xE3, 0x00, 0x00, 0xA0, 0x23, 0x70, 0x07, 0x9F, 0x35
	.byte 0x81, 0x20, 0xA0, 0x31, 0xB2, 0x00, 0x90, 0x31, 0x08, 0x00, 0x00, 0x32, 0x00, 0x00, 0x50, 0xE3
	.byte 0x02, 0x6B, 0xA0, 0x03, 0xBD, 0x00, 0x00, 0x0A, 0x20, 0x00, 0x9D, 0xE5, 0x30, 0x20, 0x41, 0xE2
	.byte 0x0A, 0x10, 0xA0, 0xE3, 0x91, 0x20, 0x20, 0xE0, 0x20, 0x00, 0x8D, 0xE5, 0x4D, 0x0F, 0x50, 0xE3
	.byte 0xAD, 0x00, 0x00, 0xEA, 0x20, 0x00, 0x54, 0xE3, 0x11, 0x00, 0x00, 0xCA, 0x7B, 0x00, 0x00, 0xAA
	.byte 0x08, 0x00, 0x54, 0xE3, 0x0B, 0x00, 0x00, 0xCA, 0x00, 0x00, 0x54, 0xE3, 0x04, 0xF1, 0x8F, 0xA0
	.byte 0xAE, 0x00, 0x00, 0xEA, 0xAD, 0x00, 0x00, 0xEA, 0x12, 0x00, 0x00, 0xEA, 0x22, 0x00, 0x00, 0xEA
	.byte 0xAA, 0x00, 0x00, 0xEA, 0x24, 0x00, 0x00, 0xEA, 0xA8, 0x00, 0x00, 0xEA, 0xA7, 0x00, 0x00, 0xEA
	.byte 0xA6, 0x00, 0x00, 0xEA, 0x4D, 0x00, 0x00, 0xEA, 0x10, 0x00, 0x54, 0xE3, 0x62, 0x00, 0x00, 0x0A
	.byte 0xA2, 0x00, 0x00, 0xEA, 0x80, 0x00, 0x54, 0xE3, 0x03, 0x00, 0x00, 0xCA, 0x81, 0x00, 0x00, 0xAA
	.byte 0x40, 0x00, 0x54, 0xE3, 0x71, 0x00, 0x00, 0x0A, 0x9C, 0x00, 0x00, 0xEA, 0x01, 0x0C, 0x54, 0xE3
	.byte 0x80, 0x00, 0x00, 0x0A, 0x99, 0x00, 0x00, 0xEA, 0x00, 0x10, 0xA0, 0xE3, 0x45, 0x00, 0x8D, 0xE2
	.byte 0x14, 0x00, 0x8D, 0xE5, 0x08, 0x10, 0x8D, 0xE5, 0x00, 0x10, 0xC0, 0xE5, 0x01, 0x10, 0xC0, 0xE5
	.byte 0x02, 0x10, 0xC0, 0xE5, 0x03, 0x10, 0xC0, 0xE5, 0x04, 0x10, 0xC0, 0xE5, 0x05, 0x10, 0xC0, 0xE5
	.byte 0x06, 0x10, 0xC0, 0xE5, 0x07, 0x10, 0xC0, 0xE5, 0x01, 0xA0, 0xA0, 0xE1, 0x02, 0x40, 0xA0, 0xE3
	.byte 0x01, 0x50, 0x85, 0xE2, 0x08, 0x00, 0xA0, 0xE1, 0x85, 0x00, 0x00, 0xEA, 0x30, 0x00, 0x51, 0xE3
	.byte 0x04, 0x40, 0xA0, 0x13, 0x85, 0x00, 0x00, 0x1A, 0x7E, 0x00, 0x00, 0xEA, 0x80, 0x00, 0x51, 0xE3
	.byte 0x00, 0x00, 0xA0, 0x23, 0x68, 0x06, 0x9F, 0x35, 0x81, 0x20, 0xA0, 0x31, 0xB2, 0x00, 0x90, 0x31
	.byte 0x01, 0x0B, 0x00, 0x32, 0x00, 0x00, 0x50, 0xE3, 0x04, 0x00, 0x00, 0x1A, 0x2E, 0x00, 0x51, 0xE3
	.byte 0x10, 0x40, 0xA0, 0x13, 0x79, 0x00, 0x00, 0x1A, 0x08, 0x40, 0xA0, 0xE3, 0x71, 0x00, 0x00, 0xEA
	.byte 0x08, 0x20, 0x9D, 0xE5, 0x0E, 0x00, 0xA0, 0xE3, 0x00, 0x00, 0x52, 0xE1, 0x1A, 0x00, 0x00, 0x2A
	.byte 0x02, 0x00, 0xA0, 0xE1, 0x01, 0x00, 0x80, 0xE2, 0x08, 0x00, 0x8D, 0xE5, 0x14, 0x00, 0x9D, 0xE5
	.byte 0xAA, 0x2F, 0x8A, 0xE0, 0x00, 0x00, 0x51, 0xE3, 0xC2, 0x00, 0xD0, 0xE7, 0x02, 0x00, 0x00, 0xBA
	.byte 0x80, 0x00, 0x51, 0xE3, 0x0C, 0x26, 0x9F, 0xB5, 0x01, 0x10, 0xD2, 0xB7, 0x41, 0x00, 0x51, 0xE3
	.byte 0x37, 0x10, 0x41, 0xA2, 0x30, 0x10, 0x41, 0xB2, 0xAA, 0x2F, 0xA0, 0xE1, 0xFF, 0x30, 0x01, 0xE2
	.byte 0x8A, 0x1F, 0x62, 0xE0, 0xE1, 0x1F, 0x92, 0xE0, 0x03, 0x12, 0xA0, 0x01, 0xAA, 0x2F, 0x8A, 0xE0
	.byte 0x03, 0x00, 0x80, 0x11, 0xFF, 0x10, 0x01, 0x02, 0x01, 0x00, 0x80, 0x01, 0x14, 0x10, 0x9D, 0xE5
	.byte 0x01, 0xA0, 0x8A, 0xE2, 0xC2, 0x00, 0xC1, 0xE7, 0x52, 0x00, 0x00, 0xEA, 0x51, 0x00, 0x00, 0xEA
	.byte 0x80, 0x00, 0x51, 0xE3, 0x00, 0x00, 0xA0, 0x23, 0xB4, 0x05, 0x9F, 0x35, 0x81, 0x20, 0xA0, 0x31
	.byte 0xB2, 0x00, 0x90, 0x31, 0x01, 0x0B, 0x00, 0x32, 0x00, 0x00, 0x50, 0xE3, 0x10, 0x40, 0xA0, 0x03
	.byte 0x4E, 0x00, 0x00, 0x0A, 0x08, 0x20, 0x9D, 0xE5, 0x0E, 0x00, 0xA0, 0xE3, 0x00, 0x00, 0x52, 0xE1
	.byte 0x08, 0x00, 0x00, 0x2A, 0x14, 0x00, 0x9D, 0xE5, 0xAA, 0x2F, 0x8A, 0xE0, 0x00, 0x00, 0x51, 0xE3
	.byte 0xC2, 0x00, 0xD0, 0xE7, 0x02, 0x00, 0x00, 0xBA, 0x80, 0x00, 0x51, 0xE3, 0x74, 0x25, 0x9F, 0xB5
	.byte 0x01, 0x10, 0xD2, 0xB7, 0xD8, 0xFF, 0xFF, 0xEA, 0x3A, 0x00, 0x00, 0xEA, 0x80, 0x00, 0x51, 0xE3
	.byte 0x01, 0x00, 0xA0, 0x21, 0x5C, 0x05, 0x9F, 0x35, 0x01, 0x00, 0xD0, 0x37, 0x50, 0x00, 0x50, 0xE3
	.byte 0x02, 0x6B, 0xA0, 0x13, 0x39, 0x00, 0x00, 0x1A, 0x20, 0x40, 0xA0, 0xE3, 0x31, 0x00, 0x00, 0xEA
	.byte 0x2D, 0x00, 0x51, 0xE3, 0x01, 0x00, 0xA0, 0x03, 0x0C, 0x00, 0x8D, 0x05, 0x05, 0x00, 0x00, 0x0A
	.byte 0x2B, 0x00, 0x51, 0xE3, 0x03, 0x00, 0x00, 0x0A, 0x08, 0x00, 0xA0, 0xE1, 0x01, 0x20, 0xA0, 0xE3
	.byte 0x39, 0xFF, 0x2F, 0xE1, 0x01, 0x50, 0x45, 0xE2, 0x40, 0x40, 0xA0, 0xE3, 0x25, 0x00, 0x00, 0xEA
	.byte 0x80, 0x00, 0x51, 0xE3, 0x00, 0x00, 0xA0, 0x23, 0x04, 0x05, 0x9F, 0x35, 0x81, 0x20, 0xA0, 0x31
	.byte 0xB2, 0x00, 0x90, 0x31, 0x08, 0x00, 0x00, 0x32, 0x00, 0x00, 0x50, 0xE3, 0x01, 0x6A, 0xA0, 0x03
	.byte 0x22, 0x00, 0x00, 0x0A, 0x30, 0x00, 0x51, 0xE3, 0x01, 0x4C, 0xA0, 0x13, 0x1F, 0x00, 0x00, 0x1A
	.byte 0x80, 0x40, 0xA0, 0xE3, 0x17, 0x00, 0x00, 0xEA, 0x30, 0x00, 0x51, 0xE3, 0x01, 0x4C, 0xA0, 0x13
	.byte 0x1A, 0x00, 0x00, 0x1A, 0x13, 0x00, 0x00, 0xEA, 0x80, 0x00, 0x51, 0xE3, 0x00, 0x00, 0xA0, 0x23
	.byte 0xBC, 0x04, 0x9F, 0x35, 0x81, 0x20, 0xA0, 0x31, 0xB2, 0x00, 0x90, 0x31, 0x08, 0x00, 0x00, 0x32
	.byte 0x00, 0x00, 0x50, 0xE3, 0x02, 0x6B, 0xA0, 0x03, 0x10, 0x00, 0x00, 0x0A, 0x10, 0x00, 0x9D, 0xE5
	.byte 0x30, 0x20, 0x41, 0xE2, 0x0A, 0x10, 0xA0, 0xE3, 0x91, 0x20, 0x20, 0xE0, 0x10, 0x00, 0x8D, 0xE5
	.byte 0x98, 0x14, 0x9F, 0xE5, 0x20, 0x00, 0x9D, 0xE5, 0x01, 0x00, 0x50, 0xE1, 0xD0, 0x00, 0x9D, 0xC5
	.byte 0x01, 0x10, 0xA0, 0xC3, 0x00, 0x10, 0x80, 0xC5, 0x01, 0x50, 0x85, 0xE2, 0x08, 0x00, 0xA0, 0xE1
	.byte 0x00, 0x10, 0xA0, 0xE3, 0x01, 0x20, 0xA0, 0xE1, 0x39, 0xFF, 0x2F, 0xE1, 0x00, 0x10, 0xA0, 0xE1
	.byte 0x00, 0x00, 0x9D, 0xE5, 0x00, 0x00, 0x55, 0xE1, 0x03, 0x00, 0x00, 0xCA, 0x01, 0x00, 0x71, 0xE3
	.byte 0x01, 0x00, 0x00, 0x0A, 0x06, 0x0B, 0x16, 0xE3, 0x94, 0xFD, 0xFF, 0x0A, 0x02, 0x09, 0x56, 0xE3
	.byte 0x04, 0x00, 0x00, 0x0A, 0x48, 0x04, 0x9F, 0xE5, 0x00, 0x00, 0x16, 0xE1, 0x01, 0x00, 0xA0, 0x03
	.byte 0x00, 0x00, 0xA0, 0x13, 0x08, 0x00, 0x00, 0xEA, 0x01, 0x00, 0x45, 0xE2, 0x02, 0x00, 0x50, 0xE3
	.byte 0x02, 0x00, 0x00, 0xDA, 0x2C, 0x04, 0x9F, 0xE5, 0x00, 0x00, 0x14, 0xE1, 0x01, 0x00, 0x00, 0x1A
	.byte 0x01, 0x00, 0xA0, 0xE3, 0x00, 0x00, 0x00, 0xEA, 0x00, 0x00, 0xA0, 0xE3, 0x00, 0x00, 0x50, 0xE3
	.byte 0x04, 0x00, 0x9D, 0x15, 0x00, 0x20, 0xA0, 0x13, 0x2C, 0x00, 0x9D, 0x05, 0x01, 0x20, 0x45, 0x02
	.byte 0x00, 0x20, 0x82, 0x00, 0x04, 0x00, 0x9D, 0x05, 0x00, 0x20, 0x80, 0xE5, 0x08, 0x00, 0xA0, 0xE1
	.byte 0x01, 0x20, 0xA0, 0xE3, 0x39, 0xFF, 0x2F, 0xE1, 0x00, 0x00, 0x54, 0xE3, 0x78, 0x00, 0x00, 0x1A
	.byte 0x24, 0x00, 0x9D, 0xE5, 0x84, 0x20, 0xDD, 0xE5, 0x00, 0x00, 0x50, 0xE3, 0x20, 0x00, 0x9D, 0x15
	.byte 0x00, 0x40, 0xA0, 0xE3, 0x00, 0x00, 0x60, 0x12, 0x20, 0x00, 0x8D, 0x15, 0x85, 0x00, 0x8D, 0xE2
	.byte 0x02, 0x10, 0x80, 0xE0, 0x02, 0x00, 0x00, 0xEA, 0x1C, 0x00, 0x9D, 0xE5, 0x01, 0x00, 0x80, 0xE2
	.byte 0x1C, 0x00, 0x8D, 0xE5, 0x00, 0x00, 0x52, 0xE3, 0x01, 0x20, 0x42, 0xE2, 0x02, 0x00, 0x00, 0x0A
	.byte 0x01, 0x00, 0x71, 0xE5, 0x30, 0x00, 0x50, 0xE3, 0xF6, 0xFF, 0xFF, 0x0A, 0x01, 0x00, 0x82, 0xE2
	.byte 0xFF, 0x30, 0x10, 0xE2, 0x84, 0x00, 0xCD, 0xE5, 0x01, 0x10, 0x83, 0x02, 0x84, 0x10, 0xCD, 0x05
	.byte 0x85, 0x00, 0x8D, 0x02, 0x30, 0x10, 0xA0, 0x03, 0x03, 0x10, 0xC0, 0x07, 0x4D, 0x1F, 0xA0, 0xE3
	.byte 0x20, 0x00, 0x9D, 0xE5, 0x00, 0x10, 0x61, 0xE2, 0x01, 0x20, 0xA0, 0xE3, 0x01, 0x00, 0x50, 0xE1
	.byte 0x01, 0x00, 0x00, 0xBA, 0x4D, 0x0F, 0x50, 0xE3, 0x0C, 0x00, 0x00, 0xDA, 0xD0, 0x00, 0x9D, 0xE5
	.byte 0x00, 0x00, 0x90, 0xE5, 0x00, 0x00, 0x50, 0xE3, 0x85, 0x00, 0xDD, 0x05, 0x30, 0x00, 0x50, 0x03
	.byte 0x86, 0x00, 0xDD, 0x05, 0x00, 0x00, 0x50, 0x03, 0x00, 0x00, 0xA0, 0x03, 0xA8, 0xD0, 0x8D, 0x02
	.byte 0x00, 0x10, 0xA0, 0x01, 0xF8, 0x8F, 0xBD, 0x08, 0xD0, 0x00, 0x9D, 0xE5, 0x00, 0x20, 0x80, 0xE5
	.byte 0xD0, 0x00, 0x9D, 0xE5, 0x20, 0x10, 0x9D, 0xE5, 0x00, 0x00, 0x90, 0xE5, 0x00, 0x00, 0x50, 0xE3
	.byte 0x1C, 0x00, 0x9D, 0xE5, 0x00, 0x10, 0x81, 0xE0, 0x12, 0x00, 0x00, 0x0A, 0x24, 0x00, 0x9D, 0xE5
	.byte 0x00, 0x00, 0x50, 0xE3, 0x00, 0x00, 0xA0, 0x13, 0xA8, 0xD0, 0x8D, 0x12, 0x00, 0x10, 0xA0, 0x11
	.byte 0xF8, 0x8F, 0xBD, 0x18, 0x28, 0x00, 0x9D, 0xE5, 0x00, 0x00, 0x50, 0xE3, 0xE8, 0x12, 0x9F, 0x05
	.byte 0xA8, 0xD0, 0x8D, 0x02, 0x03, 0x00, 0x91, 0x08, 0xF8, 0x8F, 0xBD, 0x08, 0xD8, 0x12, 0x9F, 0xE5
	.byte 0x00, 0x00, 0xA0, 0xE3, 0x0C, 0x00, 0x91, 0xE8, 0x00, 0x10, 0xA0, 0xE1, 0xD8, 0x15, 0x00, 0xEB
	.byte 0xA8, 0xD0, 0x8D, 0xE2, 0xF8, 0x8F, 0xBD, 0xE8, 0x80, 0x00, 0x8D, 0xE2, 0xB2, 0x18, 0xCD, 0xE1
	.byte 0xED, 0x06, 0x00, 0xEB, 0x00, 0x80, 0xA0, 0xE1, 0x01, 0x90, 0xA0, 0xE1, 0x04, 0x00, 0xA0, 0xE1
	.byte 0x04, 0x10, 0xA0, 0xE1, 0x08, 0x20, 0xA0, 0xE1, 0x09, 0x30, 0xA0, 0xE1, 0xB1, 0x18, 0x00, 0xEB
	.byte 0x08, 0x00, 0x00, 0x0A, 0x04, 0x20, 0xA0, 0xE1, 0x08, 0x00, 0xA0, 0xE1, 0x09, 0x10, 0xA0, 0xE1
	.byte 0x01, 0x36, 0xA0, 0xE3, 0x01, 0x40, 0xA0, 0xE3, 0x60, 0x18, 0x00, 0xEB, 0xD0, 0x00, 0x9D, 0x35
	.byte 0x00, 0x40, 0x80, 0x35, 0x09, 0x00, 0x00, 0x3A, 0x70, 0x32, 0x9F, 0xE5, 0x08, 0x00, 0xA0, 0xE1
	.byte 0x09, 0x10, 0xA0, 0xE1, 0x00, 0x20, 0xE0, 0xE3, 0x01, 0x40, 0xA0, 0xE3, 0x08, 0x18, 0x00, 0xEB
	.byte 0xD0, 0x00, 0x9D, 0x85, 0x50, 0x12, 0x9F, 0x85, 0x00, 0x40, 0x80, 0x85, 0x00, 0x03, 0x91, 0x88
	.byte 0x28, 0x00, 0x9D, 0xE5, 0x00, 0x00, 0x50, 0xE3, 0x09, 0x00, 0x00, 0x0A, 0x30, 0x02, 0x9F, 0xE5
	.byte 0x00, 0x00, 0x16, 0xE1, 0x06, 0x00, 0x00, 0x0A, 0x00, 0x00, 0xA0, 0xE3, 0x00, 0x10, 0xA0, 0xE1
	.byte 0x08, 0x20, 0xA0, 0xE1, 0x09, 0x30, 0xA0, 0xE1, 0xAD, 0x15, 0x00, 0xEB, 0x00, 0x80, 0xA0, 0xE1
	.byte 0x01, 0x90, 0xA0, 0xE1, 0xA8, 0xD0, 0x8D, 0xE2, 0x08, 0x00, 0xA0, 0xE1, 0x09, 0x10, 0xA0, 0xE1
	.byte 0xF8, 0x8F, 0xBD, 0xE8, 0x0C, 0x00, 0x9D, 0xE5, 0x38, 0x40, 0x8D, 0xE2, 0x00, 0x00, 0x50, 0xE3
	.byte 0x10, 0x00, 0x9D, 0x15, 0x45, 0x30, 0xDD, 0xE5, 0x00, 0x00, 0x60, 0x12, 0x10, 0x00, 0x8D, 0x15
	.byte 0x10, 0x10, 0x9D, 0xE5, 0x08, 0x00, 0x9D, 0xE5, 0x00, 0x20, 0xA0, 0xE3, 0x00, 0x01, 0x81, 0xE0
	.byte 0x10, 0x00, 0x8D, 0xE5, 0x80, 0x10, 0xA0, 0xE3, 0x03, 0x00, 0x00, 0xEA, 0x10, 0x00, 0x9D, 0xE5
	.byte 0x01, 0x20, 0x82, 0xE2, 0x01, 0x00, 0x40, 0xE2, 0x10, 0x00, 0x8D, 0xE5, 0x04, 0x00, 0x52, 0xE3
	.byte 0x01, 0x00, 0x00, 0x2A, 0x51, 0x02, 0x13, 0xE1, 0xF7, 0xFF, 0xFF, 0x0A, 0x10, 0x00, 0x9D, 0xE5
	.byte 0x01, 0x50, 0x92, 0xE2, 0x01, 0x00, 0x40, 0xE2, 0x10, 0x00, 0x8D, 0xE5, 0x10, 0x00, 0x00, 0x0A
	.byte 0x4C, 0x00, 0x8D, 0xE2, 0x45, 0x30, 0x8D, 0xE2, 0x14, 0x00, 0x8D, 0xE5, 0x00, 0x10, 0xA0, 0xE3
	.byte 0x03, 0x00, 0x50, 0xE1, 0x0A, 0x00, 0x00, 0x3A, 0x08, 0x60, 0x65, 0xE2, 0x14, 0x00, 0x9D, 0xE5
	.byte 0x00, 0x00, 0xD0, 0xE5, 0x10, 0x25, 0x81, 0xE1, 0x50, 0x16, 0xA0, 0xE1, 0x14, 0x00, 0x9D, 0xE5
	.byte 0xFF, 0x10, 0x01, 0xE2, 0x01, 0x20, 0x40, 0xE4, 0x14, 0x00, 0x8D, 0xE5, 0x03, 0x00, 0x50, 0xE1
	.byte 0xF5, 0xFF, 0xFF, 0x2A, 0x00, 0x20, 0xA0, 0xE3, 0x00, 0x20, 0xC4, 0xE5, 0x01, 0x20, 0xC4, 0xE5
	.byte 0x02, 0x20, 0xC4, 0xE5, 0x03, 0x20, 0xC4, 0xE5, 0x04, 0x20, 0xC4, 0xE5, 0x05, 0x20, 0xC4, 0xE5
	.byte 0x06, 0x20, 0xC4, 0xE5, 0x07, 0x20, 0xC4, 0xE5, 0x0C, 0x30, 0xA0, 0xE3, 0xFF, 0x00, 0xA0, 0xE3
	.byte 0x45, 0x10, 0x8D, 0xE2, 0x08, 0x50, 0x82, 0xE2, 0x34, 0x00, 0x55, 0xE3, 0x34, 0x60, 0x62, 0x82
	.byte 0xA2, 0x51, 0xD1, 0xE7, 0x10, 0x66, 0xA0, 0x81, 0xFF, 0x60, 0x06, 0x82, 0x06, 0x50, 0x05, 0x80
	.byte 0x07, 0x90, 0x03, 0xE2, 0x55, 0x69, 0xA0, 0xE1, 0xFF, 0x70, 0x06, 0xE2, 0xA3, 0x81, 0xD4, 0xE7
	.byte 0x08, 0x60, 0x69, 0xE2, 0x15, 0x56, 0xA0, 0xE1, 0x07, 0x70, 0x88, 0xE1, 0xA3, 0x71, 0xC4, 0xE7
	.byte 0x08, 0x30, 0x83, 0xE2, 0x08, 0x20, 0x82, 0xE2, 0xA3, 0x61, 0xD4, 0xE7, 0xFF, 0x50, 0x05, 0xE2
	.byte 0x34, 0x00, 0x52, 0xE3, 0x05, 0x50, 0x86, 0xE1, 0xA3, 0x51, 0xC4, 0xE7, 0xE8, 0xFF, 0xFF, 0x3A
	.byte 0x20, 0x00, 0x9D, 0xE5, 0x02, 0x1B, 0xA0, 0xE3, 0xFF, 0x00, 0x80, 0xE2, 0x03, 0x2C, 0x80, 0xE2
	.byte 0x10, 0x00, 0x9D, 0xE5, 0x00, 0x10, 0x61, 0xE2, 0x02, 0x00, 0x80, 0xE0, 0x01, 0x00, 0x10, 0xE1
	.byte 0xD0, 0x20, 0x9D, 0x15, 0x01, 0x30, 0xA0, 0xE3, 0x00, 0x00, 0xA0, 0x13, 0xA8, 0xD0, 0x8D, 0x12
	.byte 0x00, 0x10, 0xA0, 0x11, 0x00, 0x30, 0x82, 0x15, 0xF8, 0x8F, 0xBD, 0x18, 0x80, 0x0A, 0xA0, 0xE1
	.byte 0xA0, 0x1C, 0xA0, 0xE1, 0xFF, 0x20, 0x01, 0xE2, 0xA0, 0x08, 0xA0, 0xE1, 0x00, 0x30, 0xD4, 0xE5
	.byte 0x01, 0x10, 0xD4, 0xE5, 0xFF, 0x00, 0x00, 0xE2, 0x02, 0x20, 0x83, 0xE1, 0x00, 0x00, 0x81, 0xE1
	.byte 0x01, 0x00, 0xC4, 0xE5, 0x28, 0x00, 0x9D, 0xE5, 0x00, 0x20, 0xC4, 0xE5, 0x00, 0x00, 0x50, 0xE3
	.byte 0xFF, 0x00, 0x02, 0x12, 0x80, 0x00, 0x80, 0x13, 0x00, 0x00, 0xC4, 0x15, 0x00, 0x30, 0xA0, 0xE3
	.byte 0x07, 0x10, 0x63, 0xE2, 0x03, 0x20, 0xD4, 0xE7, 0x01, 0x00, 0xD4, 0xE7, 0x03, 0x00, 0xC4, 0xE7
	.byte 0x01, 0x30, 0x83, 0xE2, 0x01, 0x20, 0xC4, 0xE7, 0x04, 0x00, 0x53, 0xE3, 0xF7, 0xFF, 0xFF, 0xBA
	.byte 0x03, 0x00, 0x94, 0xE8, 0xA8, 0xD0, 0x8D, 0xE2, 0xF8, 0x8F, 0xBD, 0xE8, 0xE4, 0x62, 0x0A, 0x02
	.byte 0xDC, 0x62, 0x0A, 0x02, 0xDC, 0x61, 0x0A, 0x02, 0x5C, 0x61, 0x0A, 0x02, 0x14, 0x88, 0x0A, 0x02
	.byte 0xFF, 0x7F, 0x00, 0x00, 0x2C, 0x0E, 0x00, 0x00, 0x8E, 0x01, 0x00, 0x00, 0x1C, 0x88, 0x0A, 0x02
	.byte 0xFF, 0xFF, 0xEF, 0x7F, 0xF0, 0x40, 0x2D, 0xE9, 0x14, 0xD0, 0x4D, 0xE2, 0x00, 0x70, 0xA0, 0xE1
	.byte 0x00, 0x00, 0xA0, 0xE3, 0x01, 0x60, 0xA0, 0xE1, 0x08, 0x00, 0x8D, 0xE5, 0x0C, 0xC0, 0x8D, 0xE2
	.byte 0x04, 0x70, 0x8D, 0xE5, 0x58, 0x10, 0x9F, 0xE5, 0x04, 0x20, 0x8D, 0xE2, 0x10, 0x30, 0x8D, 0xE2
	.byte 0x06, 0x01, 0x40, 0xE2, 0x00, 0xC0, 0x8D, 0xE5, 0x2B, 0xFC, 0xFF, 0xEB, 0x01, 0x50, 0xA0, 0xE1
	.byte 0x00, 0x40, 0xA0, 0xE1, 0x00, 0x00, 0x56, 0xE3, 0x10, 0x00, 0x9D, 0x15, 0x05, 0x10, 0xA0, 0xE1
	.byte 0x00, 0x00, 0x87, 0x10, 0x00, 0x00, 0x86, 0x15, 0x04, 0x00, 0xA0, 0xE1, 0x80, 0x12, 0x00, 0xEB
	.byte 0x0C, 0x00, 0x9D, 0xE5, 0x00, 0x00, 0x50, 0xE3, 0x18, 0x00, 0x9F, 0x15, 0x22, 0x10, 0xA0, 0x13
	.byte 0x00, 0x10, 0x80, 0x15, 0x04, 0x00, 0xA0, 0xE1, 0x05, 0x10, 0xA0, 0xE1, 0x14, 0xD0, 0x8D, 0xE2
	.byte 0xF0, 0x80, 0xBD, 0xE8, 0xD8, 0x46, 0x09, 0x02, 0xAC, 0x3F, 0x15, 0x02, 0x04, 0xC0, 0x9F, 0xE5
	.byte 0x00, 0x10, 0xA0, 0xE3, 0x1C, 0xFF, 0x2F, 0xE1, 0xA4, 0x5A, 0x09, 0x02, 0xF0, 0x4F, 0x2D, 0xE9
	.byte 0x0C, 0xD0, 0x4D, 0xE2, 0x38, 0x40, 0x9D, 0xE5, 0x00, 0x90, 0xB0, 0xE1, 0x34, 0x00, 0x9D, 0xE5
	.byte 0x38, 0x40, 0x8D, 0xE5, 0x00, 0x40, 0xA0, 0xE3, 0x34, 0x00, 0x8D, 0xE5, 0x38, 0x00, 0x9D, 0xE5
	.byte 0x00, 0x10, 0x8D, 0xE5, 0x00, 0x40, 0x80, 0xE5, 0x04, 0x00, 0xA0, 0xE1, 0x04, 0x00, 0x8D, 0xE5
	.byte 0x34, 0x00, 0x9D, 0xE5, 0x04, 0x10, 0xA0, 0xE1, 0x00, 0x10, 0x80, 0xE5, 0x30, 0x00, 0x9D, 0xE5
	.byte 0x08, 0x40, 0x8D, 0xE5, 0x02, 0x80, 0xA0, 0xE1, 0x03, 0x70, 0xA0, 0xE1, 0x04, 0x50, 0xA0, 0xE1
	.byte 0x04, 0xA0, 0xA0, 0xE1, 0x30, 0x00, 0x8D, 0xE5, 0x01, 0x40, 0xA0, 0xE3, 0x06, 0x00, 0x00, 0x4A
	.byte 0x01, 0x00, 0x59, 0xE3, 0x04, 0x00, 0x00, 0x0A, 0x24, 0x00, 0x59, 0xE3, 0x02, 0x00, 0x00, 0xCA
	.byte 0x00, 0x00, 0x9D, 0xE5, 0x01, 0x00, 0x50, 0xE3, 0x01, 0x00, 0x00, 0xAA, 0x40, 0x40, 0xA0, 0xE3
	.byte 0x06, 0x00, 0x00, 0xEA, 0x08, 0x10, 0x9D, 0xE5, 0x07, 0x00, 0xA0, 0xE1, 0x01, 0x30, 0xA0, 0xE1
	.byte 0x01, 0x20, 0xA0, 0xE1, 0x01, 0x50, 0x83, 0xE2, 0x38, 0xFF, 0x2F, 0xE1, 0x00, 0x60, 0xA0, 0xE1
	.byte 0x00, 0x00, 0x59, 0xE3, 0x03, 0x00, 0x00, 0x0A, 0x09, 0x10, 0xA0, 0xE1, 0x00, 0x00, 0xE0, 0xE3
	.byte 0xAE, 0x19, 0x00, 0xEB, 0x04, 0x00, 0x8D, 0xE5, 0x00, 0xB0, 0xE0, 0xE3, 0x91, 0x00, 0x00, 0xEA
	.byte 0x08, 0x00, 0x54, 0xE3, 0x0B, 0x00, 0x00, 0xCA, 0x00, 0x00, 0x54, 0xE3, 0x04, 0xF1, 0x8F, 0xA0
	.byte 0x8C, 0x00, 0x00, 0xEA, 0x8B, 0x00, 0x00, 0xEA, 0x09, 0x00, 0x00, 0xEA, 0x2F, 0x00, 0x00, 0xEA
	.byte 0x88, 0x00, 0x00, 0xEA, 0x37, 0x00, 0x00, 0xEA, 0x86, 0x00, 0x00, 0xEA, 0x85, 0x00, 0x00, 0xEA
	.byte 0x84, 0x00, 0x00, 0xEA, 0x3D, 0x00, 0x00, 0xEA, 0x10, 0x00, 0x54, 0xE3, 0x3B, 0x00, 0x00, 0x0A
	.byte 0x80, 0x00, 0x00, 0xEA, 0x80, 0x00, 0x56, 0xE3, 0x00, 0x00, 0xA0, 0x23, 0x50, 0x02, 0x9F, 0x35
	.byte 0x86, 0x10, 0xA0, 0x31, 0xB1, 0x00, 0x90, 0x31, 0x01, 0x0C, 0x00, 0x32, 0x00, 0x00, 0x50, 0xE3
	.byte 0x08, 0x00, 0x00, 0x0A, 0x00, 0x10, 0xA0, 0xE3, 0x07, 0x00, 0xA0, 0xE1, 0x01, 0x20, 0xA0, 0xE1
	.byte 0x38, 0xFF, 0x2F, 0xE1, 0x00, 0x60, 0xA0, 0xE1, 0x08, 0x00, 0x9D, 0xE5, 0x01, 0x00, 0x80, 0xE2
	.byte 0x08, 0x00, 0x8D, 0xE5, 0x6F, 0x00, 0x00, 0xEA, 0x2B, 0x00, 0x56, 0xE3, 0x06, 0x00, 0x00, 0x1A
	.byte 0x00, 0x10, 0xA0, 0xE3, 0x07, 0x00, 0xA0, 0xE1, 0x01, 0x20, 0xA0, 0xE1, 0x01, 0x50, 0x85, 0xE2
	.byte 0x38, 0xFF, 0x2F, 0xE1, 0x00, 0x60, 0xA0, 0xE1, 0x0A, 0x00, 0x00, 0xEA, 0x2D, 0x00, 0x56, 0xE3
	.byte 0x08, 0x00, 0x00, 0x1A, 0x00, 0x10, 0xA0, 0xE3, 0x07, 0x00, 0xA0, 0xE1, 0x01, 0x20, 0xA0, 0xE1
	.byte 0x01, 0x50, 0x85, 0xE2, 0x38, 0xFF, 0x2F, 0xE1, 0x00, 0x60, 0xA0, 0xE1, 0x34, 0x00, 0x9D, 0xE5
	.byte 0x01, 0x10, 0xA0, 0xE3, 0x00, 0x10, 0x80, 0xE5, 0x02, 0x40, 0xA0, 0xE3, 0x59, 0x00, 0x00, 0xEA
	.byte 0x00, 0x00, 0x59, 0xE3, 0x01, 0x00, 0x00, 0x0A, 0x10, 0x00, 0x59, 0xE3, 0x03, 0x00, 0x00, 0x1A
	.byte 0x30, 0x00, 0x56, 0xE3, 0x01, 0x00, 0x00, 0x1A, 0x04, 0x40, 0xA0, 0xE3, 0x4B, 0x00, 0x00, 0xEA
	.byte 0x08, 0x40, 0xA0, 0xE3, 0x4F, 0x00, 0x00, 0xEA, 0x58, 0x00, 0x56, 0xE3, 0x78, 0x00, 0x56, 0x13
	.byte 0x02, 0x00, 0x00, 0x1A, 0x10, 0x90, 0xA0, 0xE3, 0x08, 0x40, 0xA0, 0xE3, 0x43, 0x00, 0x00, 0xEA
	.byte 0x00, 0x00, 0x59, 0xE3, 0x08, 0x90, 0xA0, 0x03, 0x10, 0x40, 0xA0, 0xE3, 0x45, 0x00, 0x00, 0xEA
	.byte 0x04, 0x00, 0x9D, 0xE5, 0x00, 0x00, 0x59, 0xE3, 0x0A, 0x90, 0xA0, 0x03, 0x00, 0x00, 0x50, 0xE3
	.byte 0x03, 0x00, 0x00, 0x1A, 0x0B, 0x00, 0xA0, 0xE1, 0x09, 0x10, 0xA0, 0xE1, 0x57, 0x19, 0x00, 0xEB
	.byte 0x04, 0x00, 0x8D, 0xE5, 0x80, 0x00, 0x56, 0xE3, 0x00, 0x00, 0xA0, 0x23, 0x40, 0x01, 0x9F, 0x35
	.byte 0x86, 0x10, 0xA0, 0x31, 0xB1, 0x00, 0x90, 0x31, 0x08, 0x00, 0x00, 0x32, 0x00, 0x00, 0x50, 0xE3
	.byte 0x07, 0x00, 0x00, 0x0A, 0x30, 0x60, 0x46, 0xE2, 0x09, 0x00, 0x56, 0xE1, 0x1D, 0x00, 0x00, 0xBA
	.byte 0x10, 0x00, 0x54, 0xE3, 0x20, 0x40, 0xA0, 0x03, 0x40, 0x40, 0xA0, 0x13, 0x30, 0x60, 0x86, 0xE2
	.byte 0x2C, 0x00, 0x00, 0xEA, 0x80, 0x00, 0x56, 0xE3, 0x00, 0x00, 0xA0, 0x23, 0x00, 0x01, 0x9F, 0x35
	.byte 0x86, 0x10, 0xA0, 0x31, 0xB1, 0x00, 0x90, 0x31, 0x01, 0x00, 0x00, 0x32, 0x00, 0x00, 0x50, 0xE3
	.byte 0x06, 0x00, 0x00, 0x0A, 0x80, 0x00, 0x56, 0xE3, 0x06, 0x00, 0xA0, 0x21, 0xE4, 0x00, 0x9F, 0x35
	.byte 0x06, 0x00, 0xD0, 0x37, 0x37, 0x00, 0x40, 0xE2, 0x09, 0x00, 0x50, 0xE1, 0x03, 0x00, 0x00, 0xBA
	.byte 0x10, 0x00, 0x54, 0xE3, 0x20, 0x40, 0xA0, 0x03, 0x40, 0x40, 0xA0, 0x13, 0x19, 0x00, 0x00, 0xEA
	.byte 0x00, 0x00, 0x56, 0xE3, 0x02, 0x00, 0x00, 0xBA, 0x80, 0x00, 0x56, 0xE3, 0xB4, 0x00, 0x9F, 0xB5
	.byte 0x06, 0x60, 0xD0, 0xB7, 0x37, 0x60, 0x46, 0xE2, 0x04, 0x00, 0x9D, 0xE5, 0x10, 0x40, 0xA0, 0xE3
	.byte 0x00, 0x00, 0x5A, 0xE1, 0x38, 0x00, 0x9D, 0x85, 0x01, 0x10, 0xA0, 0x83, 0x00, 0x10, 0x80, 0x85
	.byte 0x9A, 0x09, 0x00, 0xE0, 0x00, 0xA0, 0xA0, 0xE1, 0x00, 0x00, 0x4B, 0xE0, 0x00, 0x00, 0x56, 0xE1
	.byte 0x38, 0x00, 0x9D, 0x85, 0x01, 0x10, 0xA0, 0x83, 0x00, 0x10, 0x80, 0x85, 0x06, 0xA0, 0x8A, 0xE0
	.byte 0x00, 0x10, 0xA0, 0xE3, 0x07, 0x00, 0xA0, 0xE1, 0x01, 0x20, 0xA0, 0xE1, 0x01, 0x50, 0x85, 0xE2
	.byte 0x38, 0xFF, 0x2F, 0xE1, 0x00, 0x60, 0xA0, 0xE1, 0x00, 0x00, 0x9D, 0xE5, 0x00, 0x00, 0x55, 0xE1
	.byte 0x03, 0x00, 0x00, 0xCA, 0x0B, 0x00, 0x56, 0xE1, 0x01, 0x00, 0x00, 0x0A, 0x60, 0x00, 0x14, 0xE3
	.byte 0x66, 0xFF, 0xFF, 0x0A, 0x34, 0x00, 0x14, 0xE3, 0x30, 0x00, 0x9D, 0x05, 0x00, 0xA0, 0xA0, 0x03
	.byte 0x00, 0xA0, 0x80, 0x05, 0x08, 0x00, 0x9D, 0x15, 0x01, 0x10, 0x45, 0x12, 0x00, 0x10, 0x81, 0x10
	.byte 0x30, 0x00, 0x9D, 0x15, 0x01, 0x20, 0xA0, 0xE3, 0x00, 0x10, 0x80, 0x15, 0x07, 0x00, 0xA0, 0xE1
	.byte 0x06, 0x10, 0xA0, 0xE1, 0x38, 0xFF, 0x2F, 0xE1, 0x0A, 0x00, 0xA0, 0xE1, 0x0C, 0xD0, 0x8D, 0xE2
	.byte 0xF0, 0x8F, 0xBD, 0xE8, 0xDC, 0x61, 0x0A, 0x02, 0x5C, 0x61, 0x0A, 0x02, 0x38, 0x40, 0x2D, 0xE9
	.byte 0x20, 0xD0, 0x4D, 0xE2, 0x00, 0x50, 0xA0, 0xE1, 0x00, 0xE0, 0xA0, 0xE3, 0x02, 0x00, 0xA0, 0xE1
	.byte 0x01, 0x40, 0xA0, 0xE1, 0x1C, 0x20, 0x8D, 0xE2, 0x0C, 0x50, 0x8D, 0xE5, 0x10, 0xE0, 0x8D, 0xE5
	.byte 0x00, 0x20, 0x8D, 0xE5, 0x18, 0x10, 0x8D, 0xE2, 0x04, 0x10, 0x8D, 0xE5, 0x14, 0xC0, 0x8D, 0xE2
	.byte 0x50, 0x20, 0x9F, 0xE5, 0x0C, 0x30, 0x8D, 0xE2, 0x06, 0x11, 0x4E, 0xE2, 0x08, 0xC0, 0x8D, 0xE5
	.byte 0x11, 0xFF, 0xFF, 0xEB, 0x00, 0x00, 0x54, 0xE3, 0x1C, 0x10, 0x9D, 0x15, 0x01, 0x10, 0x85, 0x10
	.byte 0x00, 0x10, 0x84, 0x15, 0x14, 0x10, 0x9D, 0xE5, 0x00, 0x00, 0x51, 0xE3, 0x28, 0x00, 0x9F, 0x15
	.byte 0x22, 0x10, 0xA0, 0x13, 0x00, 0x10, 0x80, 0x15, 0x20, 0xD0, 0x8D, 0x12, 0x00, 0x00, 0xE0, 0x13
	.byte 0x38, 0x80, 0xBD, 0x18, 0x18, 0x10, 0x9D, 0xE5, 0x00, 0x00, 0x51, 0xE3, 0x00, 0x00, 0x60, 0x12
	.byte 0x20, 0xD0, 0x8D, 0xE2, 0x38, 0x80, 0xBD, 0xE8, 0xD8, 0x46, 0x09, 0x02, 0xAC, 0x3F, 0x15, 0x02
	.byte 0x38, 0x40, 0x2D, 0xE9, 0x20, 0xD0, 0x4D, 0xE2, 0x00, 0x50, 0xA0, 0xE1, 0x00, 0xE0, 0xA0, 0xE3
	.byte 0x02, 0x00, 0xA0, 0xE1, 0x01, 0x40, 0xA0, 0xE1, 0x1C, 0x20, 0x8D, 0xE2, 0x0C, 0x50, 0x8D, 0xE5
	.byte 0x10, 0xE0, 0x8D, 0xE5, 0x00, 0x20, 0x8D, 0xE5, 0x18, 0x10, 0x8D, 0xE2, 0x04, 0x10, 0x8D, 0xE5
	.byte 0x14, 0xC0, 0x8D, 0xE2, 0x80, 0x20, 0x9F, 0xE5, 0x0C, 0x30, 0x8D, 0xE2, 0x06, 0x11, 0x4E, 0xE2
	.byte 0x08, 0xC0, 0x8D, 0xE5, 0xEC, 0xFE, 0xFF, 0xEB, 0x00, 0x00, 0x54, 0xE3, 0x1C, 0x10, 0x9D, 0x15
	.byte 0x01, 0x10, 0x85, 0x10, 0x00, 0x10, 0x84, 0x15, 0x14, 0x10, 0x9D, 0xE5, 0x00, 0x00, 0x51, 0xE3
	.byte 0x08, 0x00, 0x00, 0x1A, 0x18, 0x10, 0x9D, 0xE5, 0x00, 0x00, 0x51, 0xE3, 0x01, 0x00, 0x00, 0x1A
	.byte 0x06, 0x01, 0x70, 0xE3, 0x03, 0x00, 0x00, 0x8A, 0x00, 0x00, 0x51, 0xE3, 0x0A, 0x00, 0x00, 0x0A
	.byte 0x02, 0x01, 0x50, 0xE3, 0x08, 0x00, 0x00, 0x9A, 0x18, 0x00, 0x9D, 0xE5, 0x2C, 0x10, 0x9F, 0xE5
	.byte 0x22, 0x20, 0xA0, 0xE3, 0x00, 0x00, 0x50, 0xE3, 0x02, 0x01, 0xA0, 0x13, 0x00, 0x20, 0x81, 0xE5
	.byte 0x20, 0xD0, 0x8D, 0xE2, 0x02, 0x01, 0xE0, 0x03, 0x38, 0x80, 0xBD, 0xE8, 0x00, 0x00, 0x51, 0xE3
	.byte 0x00, 0x00, 0x60, 0x12, 0x20, 0xD0, 0x8D, 0xE2, 0x38, 0x80, 0xBD, 0xE8, 0xD8, 0x46, 0x09, 0x02
	.byte 0xAC, 0x3F, 0x15, 0x02, 0xF8, 0x47, 0x2D, 0xE9, 0x1C, 0xD0, 0x4D, 0xE2, 0x48, 0x40, 0x9D, 0xE5
	.byte 0x00, 0x90, 0xB0, 0xE1, 0x44, 0x00, 0x9D, 0xE5, 0x48, 0x40, 0x8D, 0xE5, 0x00, 0x40, 0xA0, 0xE3
	.byte 0x44, 0x00, 0x8D, 0xE5, 0x48, 0x00, 0x9D, 0xE5, 0x00, 0x10, 0x8D, 0xE5, 0x00, 0x40, 0x80, 0xE5
	.byte 0x04, 0x00, 0xA0, 0xE1, 0x0C, 0x00, 0x8D, 0xE5, 0x10, 0x00, 0x8D, 0xE5, 0x08, 0x00, 0x8D, 0xE5
	.byte 0x44, 0x00, 0x9D, 0xE5, 0x04, 0x10, 0xA0, 0xE1, 0x00, 0x10, 0x80, 0xE5, 0x40, 0x00, 0x9D, 0xE5
	.byte 0x14, 0x40, 0x8D, 0xE5, 0x02, 0x80, 0xA0, 0xE1, 0x03, 0xA0, 0xA0, 0xE1, 0x04, 0x50, 0xA0, 0xE1
	.byte 0x04, 0x60, 0xA0, 0xE1, 0x40, 0x00, 0x8D, 0xE5, 0x01, 0x40, 0xA0, 0xE3, 0x06, 0x00, 0x00, 0x4A
	.byte 0x01, 0x00, 0x59, 0xE3, 0x04, 0x00, 0x00, 0x0A, 0x24, 0x00, 0x59, 0xE3, 0x02, 0x00, 0x00, 0xCA
	.byte 0x00, 0x00, 0x9D, 0xE5, 0x01, 0x00, 0x50, 0xE3, 0x01, 0x00, 0x00, 0xAA, 0x40, 0x40, 0xA0, 0xE3
	.byte 0x05, 0x00, 0x00, 0xEA, 0x14, 0x10, 0x9D, 0xE5, 0x0A, 0x00, 0xA0, 0xE1, 0x01, 0x20, 0xA0, 0xE1
	.byte 0x01, 0x50, 0x81, 0xE2, 0x38, 0xFF, 0x2F, 0xE1, 0x00, 0x70, 0xA0, 0xE1, 0x00, 0x00, 0x59, 0xE3
	.byte 0x06, 0x00, 0x00, 0x0A, 0x00, 0x00, 0xE0, 0xE3, 0x00, 0x10, 0xA0, 0xE1, 0xC9, 0x3F, 0xA0, 0xE1
	.byte 0x09, 0x20, 0xA0, 0xE1, 0xD0, 0x17, 0x00, 0xEB, 0x00, 0x60, 0xA0, 0xE1, 0x08, 0x10, 0x8D, 0xE5
	.byte 0x00, 0x00, 0xE0, 0xE3, 0x18, 0x00, 0x8D, 0xE5, 0xA8, 0x00, 0x00, 0xEA, 0x08, 0x00, 0x54, 0xE3
	.byte 0x0B, 0x00, 0x00, 0xCA, 0x00, 0x00, 0x54, 0xE3, 0x04, 0xF1, 0x8F, 0xA0, 0xA3, 0x00, 0x00, 0xEA
	.byte 0xA2, 0x00, 0x00, 0xEA, 0x09, 0x00, 0x00, 0xEA, 0x2F, 0x00, 0x00, 0xEA, 0x9F, 0x00, 0x00, 0xEA
	.byte 0x37, 0x00, 0x00, 0xEA, 0x9D, 0x00, 0x00, 0xEA, 0x9C, 0x00, 0x00, 0xEA, 0x9B, 0x00, 0x00, 0xEA
	.byte 0x3D, 0x00, 0x00, 0xEA, 0x10, 0x00, 0x54, 0xE3, 0x3B, 0x00, 0x00, 0x0A, 0x97, 0x00, 0x00, 0xEA
	.byte 0x80, 0x00, 0x57, 0xE3, 0x00, 0x00, 0xA0, 0x23, 0xC0, 0x02, 0x9F, 0x35, 0x87, 0x10, 0xA0, 0x31
	.byte 0xB1, 0x00, 0x90, 0x31, 0x01, 0x0C, 0x00, 0x32, 0x00, 0x00, 0x50, 0xE3, 0x08, 0x00, 0x00, 0x0A
	.byte 0x00, 0x10, 0xA0, 0xE3, 0x0A, 0x00, 0xA0, 0xE1, 0x01, 0x20, 0xA0, 0xE1, 0x38, 0xFF, 0x2F, 0xE1
	.byte 0x00, 0x70, 0xA0, 0xE1, 0x14, 0x00, 0x9D, 0xE5, 0x01, 0x00, 0x80, 0xE2, 0x14, 0x00, 0x8D, 0xE5
	.byte 0x86, 0x00, 0x00, 0xEA, 0x2B, 0x00, 0x57, 0xE3, 0x06, 0x00, 0x00, 0x1A, 0x00, 0x10, 0xA0, 0xE3
	.byte 0x0A, 0x00, 0xA0, 0xE1, 0x01, 0x20, 0xA0, 0xE1, 0x01, 0x50, 0x85, 0xE2, 0x38, 0xFF, 0x2F, 0xE1
	.byte 0x00, 0x70, 0xA0, 0xE1, 0x0A, 0x00, 0x00, 0xEA, 0x2D, 0x00, 0x57, 0xE3, 0x08, 0x00, 0x00, 0x1A
	.byte 0x00, 0x10, 0xA0, 0xE3, 0x0A, 0x00, 0xA0, 0xE1, 0x01, 0x20, 0xA0, 0xE1, 0x01, 0x50, 0x85, 0xE2
	.byte 0x38, 0xFF, 0x2F, 0xE1, 0x00, 0x70, 0xA0, 0xE1, 0x44, 0x00, 0x9D, 0xE5, 0x01, 0x10, 0xA0, 0xE3
	.byte 0x00, 0x10, 0x80, 0xE5, 0x02, 0x40, 0xA0, 0xE3, 0x70, 0x00, 0x00, 0xEA, 0x00, 0x00, 0x59, 0xE3
	.byte 0x01, 0x00, 0x00, 0x0A, 0x10, 0x00, 0x59, 0xE3, 0x03, 0x00, 0x00, 0x1A, 0x30, 0x00, 0x57, 0xE3
	.byte 0x01, 0x00, 0x00, 0x1A, 0x04, 0x40, 0xA0, 0xE3, 0x62, 0x00, 0x00, 0xEA, 0x08, 0x40, 0xA0, 0xE3
	.byte 0x66, 0x00, 0x00, 0xEA, 0x58, 0x00, 0x57, 0xE3, 0x78, 0x00, 0x57, 0x13, 0x02, 0x00, 0x00, 0x1A
	.byte 0x10, 0x90, 0xA0, 0xE3, 0x08, 0x40, 0xA0, 0xE3, 0x5A, 0x00, 0x00, 0xEA, 0x00, 0x00, 0x59, 0xE3
	.byte 0x08, 0x90, 0xA0, 0x03, 0x10, 0x40, 0xA0, 0xE3, 0x5C, 0x00, 0x00, 0xEA, 0x08, 0x00, 0x9D, 0xE5
	.byte 0x00, 0x00, 0x59, 0xE3, 0x0A, 0x90, 0xA0, 0x03, 0x00, 0x00, 0x50, 0xE3, 0x00, 0x00, 0x56, 0x03
	.byte 0x06, 0x00, 0x00, 0x1A, 0x18, 0x00, 0x9D, 0xE5, 0xC9, 0x3F, 0xA0, 0xE1, 0x00, 0x10, 0xA0, 0xE1
	.byte 0x09, 0x20, 0xA0, 0xE1, 0x74, 0x17, 0x00, 0xEB, 0x00, 0x60, 0xA0, 0xE1, 0x08, 0x10, 0x8D, 0xE5
	.byte 0x80, 0x00, 0x57, 0xE3, 0x00, 0x00, 0xA0, 0x23, 0xA0, 0x01, 0x9F, 0x35, 0x87, 0x10, 0xA0, 0x31
	.byte 0xB1, 0x00, 0x90, 0x31, 0x08, 0x00, 0x00, 0x32, 0x00, 0x00, 0x50, 0xE3, 0x07, 0x00, 0x00, 0x0A
	.byte 0x30, 0x70, 0x47, 0xE2, 0x09, 0x00, 0x57, 0xE1, 0x1D, 0x00, 0x00, 0xBA, 0x10, 0x00, 0x54, 0xE3
	.byte 0x20, 0x40, 0xA0, 0x03, 0x40, 0x40, 0xA0, 0x13, 0x30, 0x70, 0x87, 0xE2, 0x3F, 0x00, 0x00, 0xEA
	.byte 0x80, 0x00, 0x57, 0xE3, 0x00, 0x00, 0xA0, 0x23, 0x60, 0x01, 0x9F, 0x35, 0x87, 0x10, 0xA0, 0x31
	.byte 0xB1, 0x00, 0x90, 0x31, 0x01, 0x00, 0x00, 0x32, 0x00, 0x00, 0x50, 0xE3, 0x06, 0x00, 0x00, 0x0A
	.byte 0x80, 0x00, 0x57, 0xE3, 0x07, 0x00, 0xA0, 0x21, 0x44, 0x01, 0x9F, 0x35, 0x07, 0x00, 0xD0, 0x37
	.byte 0x37, 0x00, 0x40, 0xE2, 0x09, 0x00, 0x50, 0xE1, 0x03, 0x00, 0x00, 0xBA, 0x10, 0x00, 0x54, 0xE3
	.byte 0x20, 0x40, 0xA0, 0x03, 0x40, 0x40, 0xA0, 0x13, 0x2C, 0x00, 0x00, 0xEA, 0x00, 0x00, 0x57, 0xE3
	.byte 0x02, 0x00, 0x00, 0xBA, 0x80, 0x00, 0x57, 0xE3, 0x14, 0x01, 0x9F, 0xB5, 0x07, 0x70, 0xD0, 0xB7
	.byte 0x37, 0x70, 0x47, 0xE2, 0x10, 0x10, 0x9D, 0xE5, 0x08, 0x00, 0x9D, 0xE5, 0x0C, 0x30, 0x9D, 0xE5
	.byte 0x00, 0x00, 0x51, 0xE1, 0x0C, 0x00, 0x9D, 0xE5, 0xC9, 0x4F, 0xA0, 0xE1, 0x06, 0x00, 0x50, 0x01
	.byte 0x48, 0x00, 0x9D, 0x85, 0x01, 0x10, 0xA0, 0x83, 0x00, 0x10, 0x80, 0x85, 0x93, 0x09, 0x81, 0xE0
	.byte 0x93, 0x14, 0x21, 0xE0, 0x10, 0x30, 0x9D, 0xE5, 0x0C, 0x00, 0x8D, 0xE5, 0x93, 0x19, 0x21, 0xE0
	.byte 0x18, 0x30, 0x9D, 0xE5, 0xC7, 0x2F, 0xA0, 0xE1, 0x00, 0x30, 0x53, 0xE0, 0x18, 0x00, 0x9D, 0xE5
	.byte 0x10, 0x10, 0x8D, 0xE5, 0x01, 0x00, 0xC0, 0xE0, 0x00, 0x00, 0x52, 0xE1, 0x03, 0x00, 0x57, 0x01
	.byte 0x48, 0x00, 0x9D, 0x85, 0x01, 0x10, 0xA0, 0x83, 0x00, 0x10, 0x80, 0x85, 0x0C, 0x00, 0x9D, 0xE5
	.byte 0x10, 0x40, 0xA0, 0xE3, 0x07, 0x00, 0x90, 0xE0, 0x0C, 0x00, 0x8D, 0xE5, 0x10, 0x00, 0x9D, 0xE5
	.byte 0x02, 0x00, 0xA0, 0xE0, 0x10, 0x00, 0x8D, 0xE5, 0x00, 0x10, 0xA0, 0xE3, 0x0A, 0x00, 0xA0, 0xE1
	.byte 0x01, 0x20, 0xA0, 0xE1, 0x01, 0x50, 0x85, 0xE2, 0x38, 0xFF, 0x2F, 0xE1, 0x00, 0x70, 0xA0, 0xE1
	.byte 0x00, 0x00, 0x9D, 0xE5, 0x00, 0x00, 0x55, 0xE1, 0x04, 0x00, 0x00, 0xCA, 0x18, 0x00, 0x9D, 0xE5
	.byte 0x00, 0x00, 0x57, 0xE1, 0x01, 0x00, 0x00, 0x0A, 0x60, 0x00, 0x14, 0xE3, 0x4E, 0xFF, 0xFF, 0x0A
	.byte 0x34, 0x00, 0x14, 0xE3, 0x14, 0x00, 0x9D, 0x15, 0x01, 0x10, 0x45, 0x12, 0x00, 0x10, 0x81, 0x10
	.byte 0x40, 0x00, 0x9D, 0x15, 0x04, 0x00, 0x00, 0x1A, 0x00, 0x00, 0xA0, 0xE3, 0x0C, 0x00, 0x8D, 0xE5
	.byte 0x10, 0x00, 0x8D, 0xE5, 0x00, 0x10, 0xA0, 0xE1, 0x40, 0x00, 0x9D, 0xE5, 0x00, 0x10, 0x80, 0xE5
	.byte 0x0A, 0x00, 0xA0, 0xE1, 0x07, 0x10, 0xA0, 0xE1, 0x01, 0x20, 0xA0, 0xE3, 0x38, 0xFF, 0x2F, 0xE1
	.byte 0x0C, 0x00, 0x9D, 0xE5, 0x10, 0x10, 0x9D, 0xE5, 0x1C, 0xD0, 0x8D, 0xE2, 0xF8, 0x87, 0xBD, 0xE8
	.byte 0xDC, 0x61, 0x0A, 0x02, 0x5C, 0x61, 0x0A, 0x02, 0x38, 0x40, 0x2D, 0xE9, 0x20, 0xD0, 0x4D, 0xE2
	.byte 0x00, 0x50, 0xA0, 0xE1, 0x00, 0xE0, 0xA0, 0xE3, 0x02, 0x00, 0xA0, 0xE1, 0x01, 0x40, 0xA0, 0xE1
	.byte 0x1C, 0x20, 0x8D, 0xE2, 0x0C, 0x50, 0x8D, 0xE5, 0x10, 0xE0, 0x8D, 0xE5, 0x00, 0x20, 0x8D, 0xE5
	.byte 0x18, 0x10, 0x8D, 0xE2, 0x04, 0x10, 0x8D, 0xE5, 0x14, 0xC0, 0x8D, 0xE2, 0xA4, 0x20, 0x9F, 0xE5
	.byte 0x0C, 0x30, 0x8D, 0xE2, 0x06, 0x11, 0x4E, 0xE2, 0x08, 0xC0, 0x8D, 0xE5, 0xF0, 0xFE, 0xFF, 0xEB
	.byte 0x00, 0x00, 0x54, 0xE3, 0x1C, 0x20, 0x9D, 0x15, 0x02, 0x20, 0x85, 0x10, 0x00, 0x20, 0x84, 0x15
	.byte 0x14, 0x20, 0x9D, 0xE5, 0x00, 0x00, 0x52, 0xE3, 0x0C, 0x00, 0x00, 0x1A, 0x18, 0xC0, 0x9D, 0xE5
	.byte 0x00, 0x00, 0x5C, 0xE3, 0x04, 0x00, 0x00, 0x1A, 0x02, 0x31, 0xE0, 0xE3, 0x02, 0x21, 0x43, 0xE2
	.byte 0x03, 0x00, 0x51, 0xE1, 0x02, 0x00, 0x50, 0x01, 0x04, 0x00, 0x00, 0x8A, 0x00, 0x00, 0x5C, 0xE3
	.byte 0x0D, 0x00, 0x00, 0x0A, 0x02, 0x01, 0x51, 0xE3, 0x00, 0x00, 0x50, 0x03, 0x0A, 0x00, 0x00, 0x9A
	.byte 0x18, 0x00, 0x9D, 0xE5, 0x40, 0x20, 0x9F, 0xE5, 0x00, 0x00, 0x50, 0xE3, 0x00, 0x00, 0xA0, 0x13
	.byte 0x22, 0x30, 0xA0, 0xE3, 0x02, 0x11, 0xA0, 0x13, 0x00, 0x00, 0xE0, 0x03, 0x20, 0xD0, 0x8D, 0xE2
	.byte 0x02, 0x11, 0x40, 0x02, 0x00, 0x30, 0x82, 0xE5, 0x38, 0x80, 0xBD, 0xE8, 0x00, 0x00, 0x5C, 0xE3
	.byte 0x20, 0xD0, 0x8D, 0x02, 0x38, 0x80, 0xBD, 0x08, 0x00, 0x00, 0x70, 0xE2, 0x00, 0x10, 0xE1, 0xE2
	.byte 0x20, 0xD0, 0x8D, 0xE2, 0x38, 0x80, 0xBD, 0xE8, 0xD8, 0x46, 0x09, 0x02, 0xAC, 0x3F, 0x15, 0x02
	.byte 0x08, 0xC0, 0x9F, 0xE5, 0x00, 0x10, 0xA0, 0xE3, 0x0A, 0x20, 0xA0, 0xE3, 0x1C, 0xFF, 0x2F, 0xE1
	.byte 0x40, 0x5F, 0x09, 0x02, 0x08, 0xC0, 0x9F, 0xE5, 0x00, 0x10, 0xA0, 0xE3, 0x0A, 0x20, 0xA0, 0xE3
	.byte 0x1C, 0xFF, 0x2F, 0xE1, 0xF8, 0x63, 0x09, 0x02, 0x00, 0x00, 0x50, 0xE3, 0x03, 0x00, 0x00, 0x0A
	.byte 0x04, 0x30, 0x90, 0xE5, 0x03, 0x2B, 0xA0, 0xE1, 0xA2, 0x2E, 0xB0, 0xE1, 0x01, 0x00, 0x00, 0x1A
	.byte 0x00, 0x00, 0xA0, 0xE3, 0x1E, 0xFF, 0x2F, 0xE1, 0x03, 0x2A, 0xA0, 0xE1, 0x22, 0x2F, 0xB0, 0xE1
	.byte 0x04, 0x00, 0x00, 0x0A, 0x01, 0x00, 0x52, 0xE3, 0x0B, 0x00, 0x00, 0x0A, 0x02, 0x00, 0x52, 0xE3
	.byte 0x01, 0x10, 0xA0, 0x03, 0x09, 0x00, 0x00, 0xEA, 0x00, 0x00, 0x51, 0xE3, 0x03, 0x2B, 0xC3, 0xC3
	.byte 0x02, 0x2B, 0x82, 0xC3, 0x04, 0x20, 0x80, 0xC5, 0x04, 0x00, 0x00, 0xCA, 0x03, 0x2B, 0xC3, 0xB3
	.byte 0x01, 0x2B, 0x82, 0xB3, 0x04, 0x20, 0x80, 0xB5, 0x00, 0x00, 0x00, 0xEA, 0x00, 0x10, 0xE0, 0xE3
	.byte 0x01, 0x00, 0xA0, 0xE1, 0x1E, 0xFF, 0x2F, 0xE1, 0x00, 0x20, 0xE0, 0xE3, 0xB2, 0x10, 0xD0, 0xE0
	.byte 0x01, 0x20, 0x82, 0xE2, 0x00, 0x00, 0x51, 0xE3, 0xFB, 0xFF, 0xFF, 0x1A, 0x02, 0x00, 0xA0, 0xE1
	.byte 0x1E, 0xFF, 0x2F, 0xE1, 0x00, 0x30, 0xA0, 0xE1, 0xB2, 0x20, 0xD1, 0xE0, 0x03, 0xC0, 0xA0, 0xE1
	.byte 0xB2, 0x20, 0xC3, 0xE0, 0xB0, 0x20, 0xDC, 0xE1, 0x00, 0x00, 0x52, 0xE3, 0xF9, 0xFF, 0xFF, 0x1A
	.byte 0x1E, 0xFF, 0x2F, 0xE1, 0x05, 0x30, 0x80, 0xE2, 0x01, 0x20, 0xD3, 0xE7, 0x01, 0xC0, 0x83, 0xE0
	.byte 0x05, 0x00, 0x52, 0xE3, 0x01, 0x00, 0xA0, 0x83, 0x1E, 0xFF, 0x2F, 0x81, 0x00, 0x00, 0xE0, 0x33
	.byte 0x1E, 0xFF, 0x2F, 0x31, 0x04, 0x20, 0xD0, 0xE5, 0x01, 0xC0, 0x8C, 0xE2, 0x02, 0x30, 0x83, 0xE0
	.byte 0x03, 0x00, 0x5C, 0xE1, 0x06, 0x00, 0x00, 0x2A, 0x00, 0x20, 0xDC, 0xE5, 0x00, 0x00, 0x52, 0xE3
	.byte 0x01, 0x00, 0xA0, 0x13, 0x1E, 0xFF, 0x2F, 0x11, 0x01, 0xC0, 0x8C, 0xE2, 0x03, 0x00, 0x5C, 0xE1
	.byte 0xF8, 0xFF, 0xFF, 0x3A, 0x01, 0x10, 0x41, 0xE2, 0x01, 0x00, 0x80, 0xE0, 0x05, 0x00, 0xD0, 0xE5
	.byte 0x01, 0x00, 0x10, 0xE3, 0x01, 0x00, 0xA0, 0x13, 0x00, 0x00, 0xE0, 0x03, 0x1E, 0xFF, 0x2F, 0xE1
	.byte 0x05, 0x30, 0x80, 0xE2, 0x01, 0x10, 0x83, 0xE0, 0x01, 0xC0, 0x41, 0xE2, 0x00, 0x10, 0xA0, 0xE3
	.byte 0x00, 0x20, 0xDC, 0xE5, 0x09, 0x00, 0x52, 0xE3, 0x01, 0x00, 0x82, 0x32, 0x00, 0x00, 0xCC, 0x35
	.byte 0x1E, 0xFF, 0x2F, 0x31, 0x03, 0x00, 0x5C, 0xE1, 0x05, 0x00, 0x00, 0x1A, 0x01, 0x10, 0xA0, 0xE3
	.byte 0x00, 0x10, 0xCC, 0xE5, 0xF2, 0x10, 0xD0, 0xE1, 0x01, 0x10, 0x81, 0xE2, 0xB2, 0x10, 0xC0, 0xE1
	.byte 0x1E, 0xFF, 0x2F, 0xE1, 0x01, 0x10, 0x4C, 0xE4, 0xF0, 0xFF, 0xFF, 0xEA, 0x1E, 0xFF, 0x2F, 0xE1
	.byte 0x38, 0x40, 0x2D, 0xE9, 0x01, 0x40, 0xA0, 0xE1, 0x00, 0x50, 0xA0, 0xE1, 0x00, 0x00, 0x54, 0xE3
	.byte 0x38, 0x80, 0xBD, 0xD8, 0x04, 0x20, 0xD5, 0xE5, 0x02, 0x00, 0x54, 0xE1, 0x38, 0x80, 0xBD, 0xA8
	.byte 0xC7, 0xFF, 0xFF, 0xEB, 0x04, 0x40, 0xC5, 0xE5, 0x00, 0x00, 0x50, 0xE3, 0x38, 0x80, 0xBD, 0xB8
	.byte 0x05, 0x00, 0xA0, 0xE1, 0x04, 0x10, 0xA0, 0xE1, 0xDC, 0xFF, 0xFF, 0xEB, 0x38, 0x80, 0xBD, 0xE8
	.byte 0xF8, 0x43, 0x2D, 0xE9, 0x02, 0x50, 0xA0, 0xE1, 0x00, 0x70, 0xA0, 0xE1, 0x00, 0x00, 0xA0, 0xE3
	.byte 0x01, 0x60, 0xA0, 0xE1, 0x00, 0x00, 0x55, 0xE3, 0x00, 0x00, 0xC7, 0xE5, 0x04, 0x00, 0xC7, 0xE5
	.byte 0x00, 0x00, 0x56, 0x03, 0x16, 0x00, 0x00, 0x0A, 0x0A, 0x90, 0xA0, 0xE3, 0x00, 0x80, 0xA0, 0xE1
	.byte 0x04, 0x10, 0xD7, 0xE5, 0x06, 0x00, 0xA0, 0xE1, 0x09, 0x20, 0xA0, 0xE1, 0x01, 0xC0, 0x81, 0xE2
	.byte 0x01, 0x40, 0xA0, 0xE1, 0x05, 0x10, 0xA0, 0xE1, 0x08, 0x30, 0xA0, 0xE1, 0x04, 0xC0, 0xC7, 0xE5
	.byte 0x44, 0x16, 0x00, 0xEB, 0x04, 0x10, 0x87, 0xE0, 0x05, 0x00, 0xC1, 0xE5, 0x06, 0x00, 0xA0, 0xE1
	.byte 0x05, 0x10, 0xA0, 0xE1, 0x09, 0x20, 0xA0, 0xE1, 0x08, 0x30, 0xA0, 0xE1, 0x3A, 0x16, 0x00, 0xEB
	.byte 0x01, 0x50, 0xA0, 0xE1, 0x00, 0x60, 0xA0, 0xE1, 0x00, 0x00, 0x55, 0xE3, 0x00, 0x00, 0x56, 0x03
	.byte 0xEA, 0xFF, 0xFF, 0x1A, 0x04, 0x00, 0xD7, 0xE5, 0x05, 0x20, 0x87, 0xE2, 0x00, 0x00, 0x82, 0xE0
	.byte 0x01, 0x30, 0x40, 0xE2, 0x03, 0x00, 0x52, 0xE1, 0x05, 0x00, 0x00, 0x2A, 0x00, 0x10, 0xD2, 0xE5
	.byte 0x00, 0x00, 0xD3, 0xE5, 0x01, 0x10, 0x43, 0xE4, 0x01, 0x00, 0xC2, 0xE4, 0x03, 0x00, 0x52, 0xE1
	.byte 0xF9, 0xFF, 0xFF, 0x3A, 0x04, 0x00, 0xD7, 0xE5, 0x01, 0x00, 0x40, 0xE2, 0xB2, 0x00, 0xC7, 0xE1
	.byte 0xF8, 0x83, 0xBD, 0xE8, 0xF8, 0x4F, 0x2D, 0xE9, 0x40, 0xD0, 0x4D, 0xE2, 0x04, 0x60, 0xD1, 0xE5
	.byte 0x04, 0x50, 0xD2, 0xE5, 0x00, 0x40, 0xA0, 0xE3, 0x00, 0x30, 0x8D, 0xE2, 0x05, 0x50, 0x86, 0xE0
	.byte 0x01, 0x50, 0x45, 0xE2, 0x05, 0x30, 0x83, 0xE0, 0x01, 0x60, 0x83, 0xE2, 0x06, 0x70, 0xA0, 0xE1
	.byte 0x00, 0x40, 0xC0, 0xE5, 0x00, 0x00, 0x55, 0xE3, 0x23, 0x00, 0x00, 0xDA, 0x05, 0xE0, 0x81, 0xE2
	.byte 0x05, 0xB0, 0x82, 0xE2, 0x04, 0x30, 0xD2, 0xE5, 0x01, 0xA0, 0x43, 0xE2, 0x0A, 0x30, 0x45, 0xE0
	.byte 0x01, 0x90, 0x53, 0xE2, 0x04, 0x30, 0xD1, 0xE5, 0x00, 0x90, 0xA0, 0x43, 0x01, 0xA0, 0x45, 0x42
	.byte 0x01, 0x80, 0x8A, 0xE2, 0x09, 0x30, 0x43, 0xE0, 0x03, 0x00, 0x58, 0xE1, 0x03, 0x80, 0xA0, 0xC1
	.byte 0x0A, 0xA0, 0x8B, 0xE0, 0x09, 0x90, 0x8E, 0xE0, 0x00, 0x00, 0x58, 0xE3, 0x05, 0x00, 0x00, 0xDA
	.byte 0x01, 0xC0, 0xD9, 0xE4, 0x01, 0x30, 0x5A, 0xE4, 0x01, 0x80, 0x48, 0xE2, 0x00, 0x00, 0x58, 0xE3
	.byte 0x9C, 0x43, 0x24, 0xE0, 0xF9, 0xFF, 0xFF, 0xCA, 0xE0, 0x30, 0x9F, 0xE5, 0x01, 0x50, 0x45, 0xE2
	.byte 0x94, 0x83, 0x89, 0xE0, 0xA9, 0x91, 0xA0, 0xE1, 0x00, 0x00, 0x55, 0xE3, 0x0A, 0xA0, 0xA0, 0xE3
	.byte 0x9A, 0x89, 0x89, 0xE0, 0x08, 0x90, 0x44, 0xE0, 0x01, 0x90, 0x66, 0xE5, 0x04, 0x80, 0xA0, 0xE1
	.byte 0x98, 0x33, 0x84, 0xE0, 0xA4, 0x41, 0xA0, 0xE1, 0xDD, 0xFF, 0xFF, 0xCA, 0xF2, 0x30, 0xD1, 0xE1
	.byte 0xF2, 0x10, 0xD2, 0xE1, 0x00, 0x00, 0x54, 0xE3, 0x01, 0x10, 0x83, 0xE0, 0xB2, 0x10, 0xC0, 0xE1
	.byte 0x01, 0x40, 0x66, 0x15, 0xF2, 0x10, 0xD0, 0x11, 0x00, 0x30, 0xA0, 0xE3, 0x01, 0x10, 0x81, 0x12
	.byte 0xB2, 0x10, 0xC0, 0x11, 0x03, 0x00, 0x00, 0xEA, 0x01, 0x20, 0xD6, 0xE4, 0x03, 0x10, 0x80, 0xE0
	.byte 0x01, 0x30, 0x83, 0xE2, 0x05, 0x20, 0xC1, 0xE5, 0x20, 0x00, 0x53, 0xE3, 0x01, 0x00, 0x00, 0xAA
	.byte 0x07, 0x00, 0x56, 0xE1, 0xF7, 0xFF, 0xFF, 0x3A, 0x07, 0x00, 0x56, 0xE1, 0x40, 0xD0, 0x8D, 0x22
	.byte 0x04, 0x30, 0xC0, 0xE5, 0xF8, 0x8F, 0xBD, 0x28, 0x00, 0x10, 0xD6, 0xE5, 0x05, 0x00, 0x51, 0xE3
	.byte 0x40, 0xD0, 0x8D, 0x32, 0xF8, 0x8F, 0xBD, 0x38, 0x0C, 0x00, 0x00, 0x1A, 0x01, 0x20, 0x86, 0xE2
	.byte 0x07, 0x00, 0x52, 0xE1, 0x05, 0x00, 0x00, 0x2A, 0x00, 0x10, 0xD2, 0xE5, 0x00, 0x00, 0x51, 0xE3
	.byte 0x06, 0x00, 0x00, 0x1A, 0x01, 0x20, 0x82, 0xE2, 0x07, 0x00, 0x52, 0xE1, 0xF9, 0xFF, 0xFF, 0x3A
	.byte 0x01, 0x10, 0x56, 0xE5, 0x01, 0x00, 0x11, 0xE3, 0x40, 0xD0, 0x8D, 0x02, 0xF8, 0x8F, 0xBD, 0x08
	.byte 0x04, 0x10, 0xD0, 0xE5, 0x4D, 0xFF, 0xFF, 0xEB, 0x40, 0xD0, 0x8D, 0xE2, 0xF8, 0x8F, 0xBD, 0xE8
	.byte 0xCD, 0xCC, 0xCC, 0xCC, 0x08, 0x40, 0x2D, 0xE9, 0x00, 0xC0, 0xA0, 0xE3, 0xB2, 0x20, 0xC0, 0xE1
	.byte 0x00, 0xC0, 0xC0, 0xE5, 0x04, 0x00, 0x00, 0xEA, 0x01, 0x30, 0xD1, 0xE4, 0x0C, 0x20, 0x80, 0xE0
	.byte 0x01, 0xC0, 0x8C, 0xE2, 0x30, 0x30, 0x43, 0xE2, 0x05, 0x30, 0xC2, 0xE5, 0x20, 0x00, 0x5C, 0xE3
	.byte 0x02, 0x00, 0x00, 0xAA, 0x00, 0x20, 0xD1, 0xE5, 0x00, 0x00, 0x52, 0xE3, 0xF5, 0xFF, 0xFF, 0x1A
	.byte 0x00, 0x20, 0xD1, 0xE5, 0x04, 0xC0, 0xC0, 0xE5, 0x00, 0x00, 0x52, 0xE3, 0x08, 0x80, 0xBD, 0x08
	.byte 0x05, 0x00, 0x52, 0xE3, 0x08, 0x80, 0xBD, 0x38, 0x0D, 0x00, 0x00, 0x8A, 0x01, 0x20, 0xD1, 0xE5
	.byte 0x01, 0x10, 0x81, 0xE2, 0x00, 0x00, 0x52, 0xE3, 0x04, 0x00, 0x00, 0x0A, 0x30, 0x00, 0x52, 0xE3
	.byte 0x07, 0x00, 0x00, 0x1A, 0x01, 0x20, 0xF1, 0xE5, 0x00, 0x00, 0x52, 0xE3, 0xFA, 0xFF, 0xFF, 0x1A
	.byte 0x01, 0x10, 0x4C, 0xE2, 0x01, 0x10, 0x80, 0xE0, 0x05, 0x10, 0xD1, 0xE5, 0x01, 0x00, 0x11, 0xE3
	.byte 0x08, 0x80, 0xBD, 0x08, 0x04, 0x10, 0xD0, 0xE5, 0x24, 0xFF, 0xFF, 0xEB, 0x08, 0x80, 0xBD, 0xE8
	.byte 0x78, 0x40, 0x2D, 0xE9, 0x4C, 0xD0, 0x4D, 0xE2, 0x01, 0x40, 0xA0, 0xE1, 0x34, 0x20, 0xE0, 0xE3
	.byte 0x00, 0x50, 0xA0, 0xE1, 0x02, 0x00, 0x54, 0xE1, 0x04, 0x00, 0x00, 0xCA, 0x36, 0x00, 0x00, 0xAA
	.byte 0x0B, 0x00, 0x42, 0xE2, 0x00, 0x00, 0x54, 0xE1, 0x2D, 0x00, 0x00, 0x0A, 0x96, 0x00, 0x00, 0xEA
	.byte 0x20, 0x10, 0x84, 0xE2, 0x28, 0x00, 0x51, 0xE3, 0x01, 0xF1, 0x8F, 0x90, 0x92, 0x00, 0x00, 0xEA
	.byte 0x32, 0x00, 0x00, 0xEA, 0x90, 0x00, 0x00, 0xEA, 0x8F, 0x00, 0x00, 0xEA, 0x8E, 0x00, 0x00, 0xEA
	.byte 0x8D, 0x00, 0x00, 0xEA, 0x8C, 0x00, 0x00, 0xEA, 0x8B, 0x00, 0x00, 0xEA, 0x8A, 0x00, 0x00, 0xEA
	.byte 0x89, 0x00, 0x00, 0xEA, 0x88, 0x00, 0x00, 0xEA, 0x87, 0x00, 0x00, 0xEA, 0x86, 0x00, 0x00, 0xEA
	.byte 0x85, 0x00, 0x00, 0xEA, 0x84, 0x00, 0x00, 0xEA, 0x83, 0x00, 0x00, 0xEA, 0x82, 0x00, 0x00, 0xEA
	.byte 0x27, 0x00, 0x00, 0xEA, 0x80, 0x00, 0x00, 0xEA, 0x7F, 0x00, 0x00, 0xEA, 0x7E, 0x00, 0x00, 0xEA
	.byte 0x7D, 0x00, 0x00, 0xEA, 0x7C, 0x00, 0x00, 0xEA, 0x7B, 0x00, 0x00, 0xEA, 0x7A, 0x00, 0x00, 0xEA
	.byte 0x24, 0x00, 0x00, 0xEA, 0x28, 0x00, 0x00, 0xEA, 0x2C, 0x00, 0x00, 0xEA, 0x30, 0x00, 0x00, 0xEA
	.byte 0x34, 0x00, 0x00, 0xEA, 0x38, 0x00, 0x00, 0xEA, 0x3C, 0x00, 0x00, 0xEA, 0x40, 0x00, 0x00, 0xEA
	.byte 0x44, 0x00, 0x00, 0xEA, 0x48, 0x00, 0x00, 0xEA, 0x4C, 0x00, 0x00, 0xEA, 0x50, 0x00, 0x00, 0xEA
	.byte 0x54, 0x00, 0x00, 0xEA, 0x58, 0x00, 0x00, 0xEA, 0x5C, 0x00, 0x00, 0xEA, 0x60, 0x00, 0x00, 0xEA
	.byte 0x64, 0x00, 0x00, 0xEA, 0x40, 0x12, 0x9F, 0xE5, 0x05, 0x00, 0xA0, 0xE1, 0x13, 0x20, 0xE0, 0xE3
	.byte 0x9B, 0xFF, 0xFF, 0xEB, 0x4C, 0xD0, 0x8D, 0xE2, 0x78, 0x80, 0xBD, 0xE8, 0x2C, 0x12, 0x9F, 0xE5
	.byte 0x25, 0x20, 0x82, 0xE2, 0x96, 0xFF, 0xFF, 0xEB, 0x4C, 0xD0, 0x8D, 0xE2, 0x78, 0x80, 0xBD, 0xE8
	.byte 0x1C, 0x12, 0x9F, 0xE5, 0x2B, 0x20, 0x82, 0xE2, 0x91, 0xFF, 0xFF, 0xEB, 0x4C, 0xD0, 0x8D, 0xE2
	.byte 0x78, 0x80, 0xBD, 0xE8, 0x0C, 0x12, 0x9F, 0xE5, 0x30, 0x20, 0x82, 0xE2, 0x8C, 0xFF, 0xFF, 0xEB
	.byte 0x4C, 0xD0, 0x8D, 0xE2, 0x78, 0x80, 0xBD, 0xE8, 0xFC, 0x11, 0x9F, 0xE5, 0x32, 0x20, 0x82, 0xE2
	.byte 0x87, 0xFF, 0xFF, 0xEB, 0x4C, 0xD0, 0x8D, 0xE2, 0x78, 0x80, 0xBD, 0xE8, 0xEC, 0x11, 0x9F, 0xE5
	.byte 0x32, 0x20, 0x82, 0xE2, 0x82, 0xFF, 0xFF, 0xEB, 0x4C, 0xD0, 0x8D, 0xE2, 0x78, 0x80, 0xBD, 0xE8
	.byte 0xDC, 0x11, 0x9F, 0xE5, 0x33, 0x20, 0x82, 0xE2, 0x7D, 0xFF, 0xFF, 0xEB, 0x4C, 0xD0, 0x8D, 0xE2
	.byte 0x78, 0x80, 0xBD, 0xE8, 0xCC, 0x11, 0x9F, 0xE5, 0x33, 0x20, 0x82, 0xE2, 0x78, 0xFF, 0xFF, 0xEB
	.byte 0x4C, 0xD0, 0x8D, 0xE2, 0x78, 0x80, 0xBD, 0xE8, 0xBC, 0x11, 0x9F, 0xE5, 0x33, 0x20, 0x82, 0xE2
	.byte 0x73, 0xFF, 0xFF, 0xEB, 0x4C, 0xD0, 0x8D, 0xE2, 0x78, 0x80, 0xBD, 0xE8, 0xAC, 0x11, 0x9F, 0xE5
	.byte 0x34, 0x20, 0x82, 0xE2, 0x6E, 0xFF, 0xFF, 0xEB, 0x4C, 0xD0, 0x8D, 0xE2, 0x78, 0x80, 0xBD, 0xE8
	.byte 0x9C, 0x11, 0x9F, 0xE5, 0x34, 0x20, 0x82, 0xE2, 0x69, 0xFF, 0xFF, 0xEB, 0x4C, 0xD0, 0x8D, 0xE2
	.byte 0x78, 0x80, 0xBD, 0xE8, 0x8C, 0x11, 0x9F, 0xE5, 0x34, 0x20, 0x82, 0xE2, 0x64, 0xFF, 0xFF, 0xEB
	.byte 0x4C, 0xD0, 0x8D, 0xE2, 0x78, 0x80, 0xBD, 0xE8, 0x7C, 0x11, 0x9F, 0xE5, 0x00, 0x20, 0xA0, 0xE3
	.byte 0x5F, 0xFF, 0xFF, 0xEB, 0x4C, 0xD0, 0x8D, 0xE2, 0x78, 0x80, 0xBD, 0xE8, 0x6C, 0x11, 0x9F, 0xE5
	.byte 0x00, 0x20, 0xA0, 0xE3, 0x5A, 0xFF, 0xFF, 0xEB, 0x4C, 0xD0, 0x8D, 0xE2, 0x78, 0x80, 0xBD, 0xE8
	.byte 0x5C, 0x11, 0x9F, 0xE5, 0x00, 0x20, 0xA0, 0xE3, 0x55, 0xFF, 0xFF, 0xEB, 0x4C, 0xD0, 0x8D, 0xE2
	.byte 0x78, 0x80, 0xBD, 0xE8, 0x4C, 0x11, 0x9F, 0xE5, 0x00, 0x20, 0xA0, 0xE3, 0x50, 0xFF, 0xFF, 0xEB
	.byte 0x4C, 0xD0, 0x8D, 0xE2, 0x78, 0x80, 0xBD, 0xE8, 0x3C, 0x11, 0x9F, 0xE5, 0x01, 0x20, 0xA0, 0xE3
	.byte 0x4B, 0xFF, 0xFF, 0xEB, 0x4C, 0xD0, 0x8D, 0xE2, 0x78, 0x80, 0xBD, 0xE8, 0x2C, 0x11, 0x9F, 0xE5
	.byte 0x01, 0x20, 0xA0, 0xE3, 0x46, 0xFF, 0xFF, 0xEB, 0x4C, 0xD0, 0x8D, 0xE2, 0x78, 0x80, 0xBD, 0xE8
	.byte 0x1C, 0x11, 0x9F, 0xE5, 0x01, 0x20, 0xA0, 0xE3, 0x41, 0xFF, 0xFF, 0xEB, 0x4C, 0xD0, 0x8D, 0xE2
	.byte 0x78, 0x80, 0xBD, 0xE8, 0x0C, 0x11, 0x9F, 0xE5, 0x02, 0x20, 0xA0, 0xE3, 0x3C, 0xFF, 0xFF, 0xEB
	.byte 0x4C, 0xD0, 0x8D, 0xE2, 0x78, 0x80, 0xBD, 0xE8, 0xFC, 0x10, 0x9F, 0xE5, 0x02, 0x20, 0xA0, 0xE3
	.byte 0x37, 0xFF, 0xFF, 0xEB, 0x4C, 0xD0, 0x8D, 0xE2, 0x78, 0x80, 0xBD, 0xE8, 0x02, 0x01, 0x04, 0xE2
	.byte 0xA0, 0x1F, 0x84, 0xE0, 0x26, 0x60, 0x8D, 0xE2, 0x06, 0x00, 0xA0, 0xE1, 0xC1, 0x10, 0xA0, 0xE1
	.byte 0x56, 0xFF, 0xFF, 0xEB, 0x05, 0x00, 0xA0, 0xE1, 0x06, 0x10, 0xA0, 0xE1, 0x06, 0x20, 0xA0, 0xE1
	.byte 0xCB, 0xFE, 0xFF, 0xEB, 0x01, 0x00, 0x14, 0xE3, 0x4C, 0xD0, 0x8D, 0x02, 0x78, 0x80, 0xBD, 0x08
	.byte 0x00, 0x30, 0x8D, 0xE2, 0x05, 0xC0, 0xA0, 0xE1, 0x09, 0x20, 0xA0, 0xE3, 0xB0, 0x10, 0xDC, 0xE1
	.byte 0xB2, 0x00, 0xDC, 0xE1, 0x04, 0xC0, 0x8C, 0xE2, 0x01, 0x20, 0x52, 0xE2, 0xB2, 0x00, 0xC3, 0xE1
	.byte 0xB4, 0x10, 0xC3, 0xE0, 0xF8, 0xFF, 0xFF, 0x1A, 0xB0, 0x00, 0xDC, 0xE1, 0x00, 0x00, 0x54, 0xE3
	.byte 0xB0, 0x00, 0xC3, 0xE1, 0x26, 0x00, 0x8D, 0xE2, 0x02, 0x00, 0x00, 0xDA, 0x5C, 0x10, 0x9F, 0xE5
	.byte 0x00, 0x20, 0xA0, 0xE3, 0x01, 0x00, 0x00, 0xEA, 0x48, 0x10, 0x9F, 0xE5, 0x00, 0x20, 0xE0, 0xE3
	.byte 0x13, 0xFF, 0xFF, 0xEB, 0x00, 0x10, 0x8D, 0xE2, 0x26, 0x20, 0x8D, 0xE2, 0x05, 0x00, 0xA0, 0xE1
	.byte 0xAF, 0xFE, 0xFF, 0xEB, 0x4C, 0xD0, 0x8D, 0xE2, 0x78, 0x80, 0xBD, 0xE8, 0xBC, 0x8A, 0x0A, 0x02
	.byte 0xEC, 0x8A, 0x0A, 0x02, 0x14, 0x8B, 0x0A, 0x02, 0x2C, 0x8B, 0x0A, 0x02, 0x3C, 0x8B, 0x0A, 0x02
	.byte 0x44, 0x8B, 0x0A, 0x02, 0x4C, 0x8B, 0x0A, 0x02, 0x54, 0x8B, 0x0A, 0x02, 0x5C, 0x8B, 0x0A, 0x02
	.byte 0x60, 0x8B, 0x0A, 0x02, 0x64, 0x8B, 0x0A, 0x02, 0x68, 0x8B, 0x0A, 0x02, 0x6C, 0x8B, 0x0A, 0x02
	.byte 0x70, 0x8B, 0x0A, 0x02, 0x74, 0x8B, 0x0A, 0x02, 0x78, 0x8B, 0x0A, 0x02, 0x7C, 0x8B, 0x0A, 0x02
	.byte 0x80, 0x8B, 0x0A, 0x02, 0x84, 0x8B, 0x0A, 0x02, 0x88, 0x8B, 0x0A, 0x02, 0x8C, 0x8B, 0x0A, 0x02
	.byte 0x10, 0x40, 0x2D, 0xE9, 0x05, 0x30, 0xD0, 0xE5, 0x00, 0x00, 0x53, 0xE3, 0x04, 0x00, 0x00, 0x1A
	.byte 0x05, 0x00, 0xD1, 0xE5, 0x00, 0x00, 0x50, 0xE3, 0x01, 0x00, 0xA0, 0x03, 0x00, 0x00, 0xA0, 0x13
	.byte 0x10, 0x80, 0xBD, 0xE8, 0x05, 0x20, 0xD1, 0xE5, 0x00, 0x00, 0x52, 0xE3, 0x03, 0x00, 0x00, 0x1A
	.byte 0x01, 0x00, 0xA0, 0xE3, 0x00, 0x00, 0x53, 0xE3, 0x00, 0x00, 0xA0, 0x13, 0x10, 0x80, 0xBD, 0xE8
	.byte 0xF2, 0x30, 0xD0, 0xE1, 0xF2, 0x20, 0xD1, 0xE1, 0x02, 0x00, 0x53, 0xE1, 0x21, 0x00, 0x00, 0x1A
	.byte 0x04, 0x40, 0xD0, 0xE5, 0x04, 0x20, 0xD1, 0xE5, 0x00, 0xC0, 0xA0, 0xE3, 0x04, 0xE0, 0xA0, 0xE1
	.byte 0x02, 0x00, 0x54, 0xE1, 0x02, 0xE0, 0xA0, 0xC1, 0x00, 0x00, 0x5E, 0xE3, 0x09, 0x00, 0x00, 0xDA
	.byte 0x0C, 0x30, 0x80, 0xE0, 0x0C, 0x20, 0x81, 0xE0, 0x05, 0x30, 0xD3, 0xE5, 0x05, 0x20, 0xD2, 0xE5
	.byte 0x02, 0x00, 0x53, 0xE1, 0x00, 0x00, 0xA0, 0x13, 0x10, 0x80, 0xBD, 0x18, 0x01, 0xC0, 0x8C, 0xE2
	.byte 0x0E, 0x00, 0x5C, 0xE1, 0xF5, 0xFF, 0xFF, 0xBA, 0x04, 0x00, 0x5E, 0xE1, 0x01, 0x00, 0xA0, 0x01
	.byte 0x04, 0x10, 0xD0, 0xE5, 0x01, 0x00, 0x5C, 0xE1, 0x08, 0x00, 0x00, 0xAA, 0x0C, 0x10, 0x80, 0xE0
	.byte 0x05, 0x10, 0xD1, 0xE5, 0x00, 0x00, 0x51, 0xE3, 0x00, 0x00, 0xA0, 0x13, 0x10, 0x80, 0xBD, 0x18
	.byte 0x04, 0x10, 0xD0, 0xE5, 0x01, 0xC0, 0x8C, 0xE2, 0x01, 0x00, 0x5C, 0xE1, 0xF6, 0xFF, 0xFF, 0xBA
	.byte 0x01, 0x00, 0xA0, 0xE3, 0x10, 0x80, 0xBD, 0xE8, 0x00, 0x00, 0xA0, 0xE3, 0x10, 0x80, 0xBD, 0xE8
	.byte 0x38, 0x40, 0x2D, 0xE9, 0x05, 0x20, 0xD0, 0xE5, 0x00, 0x00, 0x52, 0xE3, 0x04, 0x00, 0x00, 0x1A
	.byte 0x05, 0x00, 0xD1, 0xE5, 0x00, 0x00, 0x50, 0xE3, 0x01, 0x00, 0xA0, 0x13, 0x00, 0x00, 0xA0, 0x03
	.byte 0x38, 0x80, 0xBD, 0xE8, 0x05, 0x20, 0xD1, 0xE5, 0x00, 0x00, 0x52, 0xE3, 0x00, 0x00, 0xA0, 0x03
	.byte 0x38, 0x80, 0xBD, 0x08, 0xF2, 0x30, 0xD1, 0xE1, 0xF2, 0x20, 0xD0, 0xE1, 0x03, 0x00, 0x52, 0xE1
	.byte 0x23, 0x00, 0x00, 0x1A, 0x04, 0x50, 0xD0, 0xE5, 0x04, 0x40, 0xD1, 0xE5, 0x00, 0xC0, 0xA0, 0xE3
	.byte 0x05, 0xE0, 0xA0, 0xE1, 0x04, 0x00, 0x55, 0xE1, 0x04, 0xE0, 0xA0, 0xC1, 0x00, 0x00, 0x5E, 0xE3
	.byte 0x0C, 0x00, 0x00, 0xDA, 0x0C, 0x30, 0x81, 0xE0, 0x0C, 0x20, 0x80, 0xE0, 0x05, 0x30, 0xD3, 0xE5
	.byte 0x05, 0x20, 0xD2, 0xE5, 0x03, 0x00, 0x52, 0xE1, 0x01, 0x00, 0xA0, 0x33, 0x38, 0x80, 0xBD, 0x38
	.byte 0x02, 0x00, 0x53, 0xE1, 0x00, 0x00, 0xA0, 0x33, 0x38, 0x80, 0xBD, 0x38, 0x01, 0xC0, 0x8C, 0xE2
	.byte 0x0E, 0x00, 0x5C, 0xE1, 0xF2, 0xFF, 0xFF, 0xBA, 0x05, 0x00, 0x5E, 0xE1, 0x0A, 0x00, 0x00, 0x1A
	.byte 0x04, 0x00, 0x5C, 0xE1, 0x08, 0x00, 0x00, 0xAA, 0x0C, 0x00, 0x81, 0xE0, 0x05, 0x00, 0xD0, 0xE5
	.byte 0x00, 0x00, 0x50, 0xE3, 0x01, 0x00, 0xA0, 0x13, 0x38, 0x80, 0xBD, 0x18, 0x04, 0x00, 0xD1, 0xE5
	.byte 0x01, 0xC0, 0x8C, 0xE2, 0x00, 0x00, 0x5C, 0xE1, 0xF6, 0xFF, 0xFF, 0xBA, 0x00, 0x00, 0xA0, 0xE3
	.byte 0x38, 0x80, 0xBD, 0xE8, 0x01, 0x00, 0xA0, 0xB3, 0x00, 0x00, 0xA0, 0xA3, 0x38, 0x80, 0xBD, 0xE8
	.byte 0xF8, 0x40, 0x2D, 0xE9, 0x00, 0x60, 0xA0, 0xE1, 0x09, 0x50, 0xA0, 0xE3, 0xB2, 0x30, 0xD1, 0xE1
	.byte 0xB4, 0x40, 0xD1, 0xE0, 0x01, 0x50, 0x55, 0xE2, 0xB2, 0x30, 0xC6, 0xE1, 0xB4, 0x40, 0xC6, 0xE0
	.byte 0xF9, 0xFF, 0xFF, 0x1A, 0xB0, 0x10, 0xD1, 0xE1, 0xB0, 0x10, 0xC6, 0xE1, 0x05, 0x10, 0xD2, 0xE5
	.byte 0x00, 0x00, 0x51, 0xE3, 0xF8, 0x80, 0xBD, 0x08, 0x04, 0x70, 0xD0, 0xE5, 0x04, 0x30, 0xD2, 0xE5
	.byte 0xF2, 0x40, 0xD0, 0xE1, 0x07, 0x10, 0xA0, 0xE1, 0x03, 0x00, 0x57, 0xE1, 0x03, 0x10, 0xA0, 0xB1
	.byte 0xF2, 0x30, 0xD2, 0xE1, 0x03, 0x60, 0x44, 0xE0, 0x06, 0x10, 0x81, 0xE0, 0x20, 0x00, 0x51, 0xE3
	.byte 0x20, 0x10, 0xA0, 0xC3, 0x01, 0x00, 0x57, 0xE1, 0x08, 0x00, 0x00, 0xAA, 0x00, 0x40, 0xA0, 0xE3
	.byte 0x04, 0x50, 0xD0, 0xE5, 0x07, 0x30, 0x80, 0xE0, 0x01, 0x50, 0x85, 0xE2, 0x04, 0x50, 0xC0, 0xE5
	.byte 0x05, 0x40, 0xC3, 0xE5, 0x04, 0x70, 0xD0, 0xE5, 0x01, 0x00, 0x57, 0xE1, 0xF7, 0xFF, 0xFF, 0xBA
	.byte 0x04, 0x40, 0xD2, 0xE5, 0x05, 0x30, 0x80, 0xE2, 0x01, 0xC0, 0x83, 0xE0, 0x06, 0x40, 0x84, 0xE0
	.byte 0x01, 0x00, 0x54, 0xE1, 0x04, 0xC0, 0x83, 0xB0, 0x03, 0x40, 0x4C, 0xE0, 0x05, 0x10, 0x82, 0xE2
	.byte 0x06, 0x40, 0x44, 0xE0, 0x04, 0xE0, 0x81, 0xE0, 0x0E, 0x40, 0xA0, 0xE1, 0x18, 0x00, 0x00, 0xEA
	.byte 0x01, 0x70, 0x7C, 0xE5, 0x01, 0x50, 0x7E, 0xE5, 0x05, 0x00, 0x57, 0xE1, 0x10, 0x00, 0x00, 0x2A
	.byte 0x01, 0x70, 0x5C, 0xE5, 0x01, 0x50, 0x4C, 0xE2, 0x00, 0x00, 0x57, 0xE3, 0x02, 0x00, 0x00, 0x1A
	.byte 0x01, 0x70, 0x75, 0xE5, 0x00, 0x00, 0x57, 0xE3, 0xFC, 0xFF, 0xFF, 0x0A, 0x0C, 0x00, 0x55, 0xE1
	.byte 0x07, 0x00, 0x00, 0x0A, 0x00, 0x70, 0xD5, 0xE5, 0x01, 0x70, 0x47, 0xE2, 0x00, 0x70, 0xC5, 0xE5
	.byte 0x01, 0x70, 0xF5, 0xE5, 0x0C, 0x00, 0x55, 0xE1, 0x0A, 0x70, 0x87, 0xE2, 0x00, 0x70, 0xC5, 0xE5
	.byte 0xF7, 0xFF, 0xFF, 0x1A, 0x00, 0x70, 0xDC, 0xE5, 0x00, 0x50, 0xDE, 0xE5, 0x05, 0x50, 0x47, 0xE0
	.byte 0x00, 0x50, 0xCC, 0xE5, 0x03, 0x00, 0x5C, 0xE1, 0x01, 0x00, 0x00, 0x9A, 0x01, 0x00, 0x5E, 0xE1
	.byte 0xE2, 0xFF, 0xFF, 0x8A, 0x04, 0x50, 0xD2, 0xE5, 0x01, 0xE0, 0x44, 0xE0, 0x05, 0x00, 0x5E, 0xE1
	.byte 0x2F, 0x00, 0x00, 0xAA, 0x00, 0x10, 0xD4, 0xE5, 0x00, 0x70, 0xA0, 0xE3, 0x05, 0x00, 0x51, 0xE3
	.byte 0x01, 0x70, 0xA0, 0x33, 0x11, 0x00, 0x00, 0x3A, 0x10, 0x00, 0x00, 0x1A, 0x05, 0x10, 0x82, 0xE2
	.byte 0x05, 0x20, 0x81, 0xE0, 0x01, 0x40, 0x84, 0xE2, 0x02, 0x00, 0x54, 0xE1, 0x05, 0x00, 0x00, 0x2A
	.byte 0x00, 0x10, 0xD4, 0xE5, 0x00, 0x00, 0x51, 0xE3, 0x21, 0x00, 0x00, 0x1A, 0x01, 0x40, 0x84, 0xE2
	.byte 0x02, 0x00, 0x54, 0xE1, 0xF9, 0xFF, 0xFF, 0x3A, 0x0E, 0x10, 0x83, 0xE0, 0x06, 0x20, 0x81, 0xE0
	.byte 0x01, 0x10, 0x52, 0xE5, 0x01, 0xC0, 0x42, 0xE2, 0x01, 0x00, 0x11, 0xE3, 0x01, 0x70, 0xA0, 0x13
	.byte 0x00, 0x00, 0x57, 0xE3, 0x16, 0x00, 0x00, 0x0A, 0x00, 0x10, 0xDC, 0xE5, 0x01, 0x00, 0x51, 0xE3
	.byte 0x10, 0x00, 0x00, 0x2A, 0x01, 0x10, 0x5C, 0xE5, 0x01, 0x20, 0x4C, 0xE2, 0x00, 0x00, 0x51, 0xE3
	.byte 0x02, 0x00, 0x00, 0x1A, 0x01, 0x10, 0x72, 0xE5, 0x00, 0x00, 0x51, 0xE3, 0xFC, 0xFF, 0xFF, 0x0A
	.byte 0x0C, 0x00, 0x52, 0xE1, 0x07, 0x00, 0x00, 0x0A, 0x00, 0x10, 0xD2, 0xE5, 0x01, 0x10, 0x41, 0xE2
	.byte 0x00, 0x10, 0xC2, 0xE5, 0x01, 0x10, 0xF2, 0xE5, 0x0C, 0x00, 0x52, 0xE1, 0x0A, 0x10, 0x81, 0xE2
	.byte 0x00, 0x10, 0xC2, 0xE5, 0xF7, 0xFF, 0xFF, 0x1A, 0x00, 0x10, 0xDC, 0xE5, 0x01, 0x10, 0x41, 0xE2
	.byte 0x00, 0x10, 0xCC, 0xE5, 0x00, 0x10, 0xD3, 0xE5, 0x03, 0x60, 0xA0, 0xE1, 0x00, 0x00, 0x51, 0xE3
	.byte 0x02, 0x00, 0x00, 0x1A, 0x01, 0x10, 0xF6, 0xE5, 0x00, 0x00, 0x51, 0xE3, 0xFC, 0xFF, 0xFF, 0x0A
	.byte 0x03, 0x00, 0x56, 0xE1, 0x0F, 0x00, 0x00, 0x9A, 0x04, 0x10, 0xD0, 0xE5, 0x03, 0x40, 0x46, 0xE0
	.byte 0xF2, 0x20, 0xD0, 0xE1, 0xFF, 0x50, 0x04, 0xE2, 0x01, 0x40, 0x83, 0xE0, 0x05, 0x10, 0x42, 0xE0
	.byte 0xB2, 0x10, 0xC0, 0xE1, 0x04, 0x00, 0x56, 0xE1, 0x03, 0x00, 0x00, 0x2A, 0x01, 0x10, 0xD6, 0xE4
	.byte 0x04, 0x00, 0x56, 0xE1, 0x01, 0x10, 0xC3, 0xE4, 0xFB, 0xFF, 0xFF, 0x3A, 0x04, 0x10, 0xD0, 0xE5
	.byte 0x05, 0x10, 0x41, 0xE0, 0x04, 0x10, 0xC0, 0xE5, 0x04, 0x10, 0xD0, 0xE5, 0x05, 0x20, 0x80, 0xE2
	.byte 0x01, 0x30, 0x82, 0xE0, 0x02, 0x00, 0x53, 0xE1, 0x04, 0x00, 0x00, 0x9A, 0x01, 0x10, 0x73, 0xE5
	.byte 0x00, 0x00, 0x51, 0xE3, 0x01, 0x00, 0x00, 0x1A, 0x02, 0x00, 0x53, 0xE1, 0xFA, 0xFF, 0xFF, 0x8A
	.byte 0x02, 0x10, 0x43, 0xE0, 0x01, 0x10, 0x81, 0xE2, 0x04, 0x10, 0xC0, 0xE5, 0xF8, 0x80, 0xBD, 0xE8
	.byte 0xF8, 0x43, 0x2D, 0xE9, 0x58, 0xD0, 0x4D, 0xE2, 0x01, 0x80, 0xA0, 0xE1, 0x02, 0x60, 0xA0, 0xE1
	.byte 0x00, 0x70, 0xA0, 0xE1, 0x08, 0x00, 0xA0, 0xE1, 0x06, 0x10, 0xA0, 0xE1, 0x11, 0xEC, 0xFF, 0xEB
	.byte 0x00, 0x40, 0xA0, 0xE3, 0x00, 0x00, 0x50, 0xE3, 0x01, 0x50, 0xA0, 0xE3, 0x00, 0x50, 0xA0, 0x03
	.byte 0x04, 0x00, 0xA0, 0xE1, 0x04, 0x10, 0xA0, 0xE1, 0x08, 0x20, 0xA0, 0xE1, 0x06, 0x30, 0xA0, 0xE1
	.byte 0xFF, 0x50, 0x05, 0xE2, 0x20, 0x12, 0x00, 0xEB, 0x06, 0x00, 0x00, 0x1A, 0x01, 0x00, 0xA0, 0xE3
	.byte 0x58, 0xD0, 0x8D, 0xE2, 0x00, 0x50, 0xC7, 0xE5, 0xB2, 0x40, 0xC7, 0xE1, 0x04, 0x00, 0xC7, 0xE5
	.byte 0x05, 0x40, 0xC7, 0xE5, 0xF8, 0x83, 0xBD, 0xE8, 0x08, 0x00, 0xA0, 0xE1, 0x06, 0x10, 0xA0, 0xE1
	.byte 0x03, 0xEC, 0xFF, 0xEB, 0x02, 0x00, 0x50, 0xE3, 0x0C, 0x00, 0x00, 0xCA, 0x01, 0x20, 0xA0, 0xE3
	.byte 0x08, 0x00, 0xA0, 0xE1, 0x06, 0x10, 0xA0, 0xE1, 0x00, 0x50, 0xC7, 0xE5, 0xB2, 0x40, 0xC7, 0xE1
	.byte 0x04, 0x20, 0xC7, 0xE5, 0xFA, 0xEB, 0xFF, 0xEB, 0x01, 0x00, 0x50, 0xE3, 0x4E, 0x00, 0xA0, 0x03
	.byte 0x49, 0x00, 0xA0, 0x13, 0x58, 0xD0, 0x8D, 0xE2, 0x05, 0x00, 0xC7, 0xE5, 0xF8, 0x83, 0xBD, 0xE8
	.byte 0x00, 0x00, 0x55, 0xE3, 0x06, 0x00, 0x00, 0x0A, 0x04, 0x00, 0xA0, 0xE1, 0x04, 0x10, 0xA0, 0xE1
	.byte 0x08, 0x20, 0xA0, 0xE1, 0x06, 0x30, 0xA0, 0xE1, 0x3D, 0x0F, 0x00, 0xEB, 0x00, 0x80, 0xA0, 0xE1
	.byte 0x01, 0x60, 0xA0, 0xE1, 0x08, 0x20, 0x8D, 0xE2, 0x08, 0x00, 0xA0, 0xE1, 0x06, 0x10, 0xA0, 0xE1
	.byte 0x24, 0x0D, 0x00, 0xEB, 0x00, 0x40, 0xA0, 0xE1, 0x01, 0x60, 0xA0, 0xE1, 0x00, 0x80, 0x84, 0xE3
	.byte 0x00, 0x20, 0x78, 0xE2, 0x01, 0x36, 0x86, 0xE3, 0x00, 0x10, 0xE3, 0xE2, 0x00, 0x00, 0xA0, 0xE3
	.byte 0x01, 0x30, 0x03, 0xE0, 0x01, 0x10, 0x40, 0xE2, 0x02, 0x80, 0x08, 0xE0, 0x01, 0x20, 0xA0, 0xE1
	.byte 0x01, 0x00, 0x98, 0xE0, 0x02, 0x10, 0xA3, 0xE0, 0x00, 0x40, 0x8D, 0xE5, 0x04, 0x60, 0x8D, 0xE5
	.byte 0xAB, 0xEB, 0xFF, 0xEB, 0x08, 0x10, 0x9D, 0xE5, 0x35, 0x90, 0x60, 0xE2, 0x0C, 0x80, 0x8D, 0xE2
	.byte 0x09, 0x10, 0x41, 0xE0, 0x08, 0x00, 0xA0, 0xE1, 0xB8, 0xFD, 0xFF, 0xEB, 0x04, 0x00, 0xA0, 0xE1
	.byte 0x06, 0x10, 0xA0, 0xE1, 0x09, 0x20, 0xA0, 0xE1, 0x3A, 0x0D, 0x00, 0xEB, 0xA4, 0x14, 0x00, 0xEB
	.byte 0x01, 0x20, 0xA0, 0xE1, 0x32, 0x40, 0x8D, 0xE2, 0x00, 0x10, 0xA0, 0xE1, 0x04, 0x00, 0xA0, 0xE1
	.byte 0xF6, 0xFC, 0xFF, 0xEB, 0x04, 0x10, 0xA0, 0xE1, 0x08, 0x20, 0xA0, 0xE1, 0x07, 0x00, 0xA0, 0xE1
	.byte 0x23, 0xFD, 0xFF, 0xEB, 0x00, 0x50, 0xC7, 0xE5, 0x58, 0xD0, 0x8D, 0xE2, 0xF8, 0x83, 0xBD, 0xE8
	.byte 0x38, 0x40, 0x2D, 0xE9, 0x03, 0x40, 0xA0, 0xE1, 0xF2, 0x50, 0xD0, 0xE1, 0x04, 0x00, 0xA0, 0xE1
	.byte 0x9A, 0xFF, 0xFF, 0xEB, 0x05, 0x00, 0xD4, 0xE5, 0x09, 0x00, 0x50, 0xE3, 0x38, 0x80, 0xBD, 0x88
	.byte 0x20, 0x00, 0x55, 0xE3, 0x20, 0x50, 0xA0, 0xC3, 0x04, 0x00, 0xA0, 0xE1, 0x05, 0x10, 0xA0, 0xE1
	.byte 0xD2, 0xFC, 0xFF, 0xEB, 0x04, 0x00, 0xD4, 0xE5, 0x05, 0x00, 0x50, 0xE1, 0x08, 0x00, 0x00, 0xAA
	.byte 0x00, 0x10, 0xA0, 0xE3, 0x04, 0x20, 0xD4, 0xE5, 0x00, 0x00, 0x84, 0xE0, 0x01, 0x20, 0x82, 0xE2
	.byte 0x04, 0x20, 0xC4, 0xE5, 0x05, 0x10, 0xC0, 0xE5, 0x04, 0x00, 0xD4, 0xE5, 0x05, 0x00, 0x50, 0xE1
	.byte 0xF7, 0xFF, 0xFF, 0xBA, 0xF2, 0x20, 0xD4, 0xE1, 0x01, 0x00, 0x40, 0xE2, 0x04, 0x10, 0xD4, 0xE5
	.byte 0x00, 0x08, 0xA0, 0xE1, 0x40, 0x08, 0x42, 0xE0, 0xB2, 0x00, 0xC4, 0xE1, 0x00, 0x00, 0x51, 0xE3
	.byte 0x00, 0x20, 0xA0, 0xE3, 0x38, 0x80, 0xBD, 0xD8, 0x02, 0x10, 0x84, 0xE0, 0x05, 0x00, 0xD1, 0xE5
	.byte 0x01, 0x20, 0x82, 0xE2, 0x30, 0x00, 0x80, 0xE2, 0x05, 0x00, 0xC1, 0xE5, 0x04, 0x00, 0xD4, 0xE5
	.byte 0x00, 0x00, 0x52, 0xE1, 0xF7, 0xFF, 0xFF, 0xBA, 0x38, 0x80, 0xBD, 0xE8, 0xF0, 0x4F, 0x2D, 0xE9
	.byte 0xFC, 0xD0, 0x4D, 0xE2, 0x00, 0x40, 0xA0, 0xE1, 0x04, 0x00, 0xD4, 0xE5, 0x00, 0x00, 0x50, 0xE3
	.byte 0x09, 0x00, 0x00, 0x1A, 0x00, 0x00, 0xD4, 0xE5, 0xB0, 0x35, 0x9F, 0xE5, 0x00, 0x20, 0xA0, 0xE3
	.byte 0x00, 0x00, 0x50, 0xE3, 0x00, 0x00, 0xA0, 0xE3, 0xA4, 0x35, 0x9F, 0x15, 0x00, 0x10, 0xA0, 0xE1
	.byte 0xE4, 0x0B, 0x00, 0xEB, 0xFC, 0xD0, 0x8D, 0xE2, 0xF0, 0x8F, 0xBD, 0xE8, 0x05, 0x00, 0xD4, 0xE5
	.byte 0x30, 0x00, 0x50, 0xE3, 0x04, 0x00, 0x00, 0x0A, 0x49, 0x00, 0x50, 0xE3, 0x0C, 0x00, 0x00, 0x0A
	.byte 0x4E, 0x00, 0x50, 0xE3, 0x17, 0x00, 0x00, 0x0A, 0x25, 0x00, 0x00, 0xEA, 0x00, 0x00, 0xD4, 0xE5
	.byte 0x68, 0x35, 0x9F, 0xE5, 0x00, 0x20, 0xA0, 0xE3, 0x00, 0x00, 0x50, 0xE3, 0x00, 0x00, 0xA0, 0xE3
	.byte 0x5C, 0x35, 0x9F, 0x15, 0x00, 0x10, 0xA0, 0xE1, 0xD2, 0x0B, 0x00, 0xEB, 0xFC, 0xD0, 0x8D, 0xE2
	.byte 0xF0, 0x8F, 0xBD, 0xE8, 0x00, 0x00, 0xD4, 0xE5, 0x40, 0x45, 0x9F, 0xE5, 0x00, 0x50, 0xA0, 0xE3
	.byte 0x00, 0x00, 0x50, 0xE3, 0x3C, 0x05, 0x9F, 0xE5, 0x34, 0x45, 0x9F, 0x15, 0x00, 0x00, 0x90, 0xE5
	.byte 0x3C, 0x12, 0x00, 0xEB, 0x05, 0x20, 0xA0, 0xE1, 0x04, 0x30, 0xA0, 0xE1, 0xC5, 0x0B, 0x00, 0xEB
	.byte 0xFC, 0xD0, 0x8D, 0xE2, 0xF0, 0x8F, 0xBD, 0xE8, 0x00, 0x10, 0xD4, 0xE5, 0x10, 0x30, 0x8D, 0xE2
	.byte 0x14, 0x25, 0x9F, 0xE5, 0x00, 0x00, 0xA0, 0xE3, 0x00, 0x00, 0x51, 0xE3, 0x05, 0x00, 0x83, 0xE8
	.byte 0x02, 0x11, 0x82, 0x13, 0x00, 0x00, 0x80, 0x11, 0x03, 0x00, 0x83, 0x18, 0x03, 0x00, 0x93, 0xE8
	.byte 0x00, 0x00, 0x80, 0xE3, 0x02, 0x17, 0x81, 0xE3, 0xFC, 0xD0, 0x8D, 0xE2, 0x03, 0x00, 0x83, 0xE8
	.byte 0xF0, 0x8F, 0xBD, 0xE8, 0xD6, 0x30, 0x8D, 0xE2, 0x04, 0x50, 0xA0, 0xE1, 0x09, 0x20, 0xA0, 0xE3
	.byte 0xB2, 0x00, 0xD5, 0xE1, 0xB4, 0x10, 0xD5, 0xE0, 0x01, 0x20, 0x52, 0xE2, 0xB2, 0x00, 0xC3, 0xE1
	.byte 0xB4, 0x10, 0xC3, 0xE0, 0xF9, 0xFF, 0xFF, 0x1A, 0xB0, 0x00, 0xD5, 0xE1, 0xDB, 0x10, 0x8D, 0xE2
	.byte 0xB0, 0x00, 0xC3, 0xE1, 0xDA, 0x00, 0xDD, 0xE5, 0x00, 0x50, 0x81, 0xE0, 0x05, 0x00, 0x51, 0xE1
	.byte 0x04, 0x00, 0x00, 0x2A, 0x00, 0x00, 0xD1, 0xE5, 0x30, 0x00, 0x40, 0xE2, 0x01, 0x00, 0xC1, 0xE4
	.byte 0x05, 0x00, 0x51, 0xE1, 0xFA, 0xFF, 0xFF, 0x3A, 0xDA, 0x00, 0xDD, 0xE5, 0xF8, 0x1D, 0xDD, 0xE1
	.byte 0xB0, 0x60, 0x8D, 0xE2, 0x01, 0x00, 0x40, 0xE2, 0x00, 0x08, 0xA0, 0xE1, 0x40, 0x08, 0x81, 0xE0
	.byte 0xB8, 0x0D, 0xCD, 0xE1, 0x74, 0x14, 0x9F, 0xE5, 0x06, 0x00, 0xA0, 0xE1, 0x4D, 0x2F, 0xA0, 0xE3
	.byte 0xF8, 0xBD, 0xDD, 0xE1, 0xF6, 0xFC, 0xFF, 0xEB, 0xD6, 0x10, 0x8D, 0xE2, 0x06, 0x00, 0xA0, 0xE1
	.byte 0x32, 0xFE, 0xFF, 0xEB, 0x00, 0x00, 0x50, 0xE3, 0x0C, 0x00, 0x00, 0x0A, 0x00, 0x00, 0xD4, 0xE5
	.byte 0x38, 0x44, 0x9F, 0xE5, 0x00, 0x50, 0xA0, 0xE3, 0x00, 0x00, 0x50, 0xE3, 0x34, 0x04, 0x9F, 0xE5
	.byte 0x2C, 0x44, 0x9F, 0x15, 0x00, 0x00, 0x90, 0xE5, 0xFA, 0x11, 0x00, 0xEB, 0x05, 0x20, 0xA0, 0xE1
	.byte 0x04, 0x30, 0xA0, 0xE1, 0x83, 0x0B, 0x00, 0xEB, 0xFC, 0xD0, 0x8D, 0xE2, 0xF0, 0x8F, 0xBD, 0xE8
	.byte 0xDB, 0x10, 0x8D, 0xE2, 0x00, 0x00, 0xD1, 0xE5, 0x01, 0x80, 0x81, 0xE2, 0x87, 0x10, 0x00, 0xEB
	.byte 0x08, 0x00, 0x8D, 0xE5, 0x0C, 0x10, 0x8D, 0xE5, 0x05, 0x00, 0x58, 0xE1, 0x2D, 0x00, 0x00, 0x2A
	.byte 0x08, 0x00, 0x45, 0xE0, 0xA0, 0x1F, 0xA0, 0xE1, 0x80, 0x0E, 0x61, 0xE0, 0xE0, 0x7E, 0x91, 0xE0
	.byte 0x08, 0x70, 0xA0, 0x03, 0x00, 0x60, 0xA0, 0xE3, 0x00, 0x20, 0xA0, 0xE3, 0x00, 0x00, 0x57, 0xE3
	.byte 0x05, 0x00, 0x00, 0xDA, 0x0A, 0x00, 0xA0, 0xE3, 0x01, 0x10, 0xD8, 0xE4, 0x01, 0x20, 0x82, 0xE2
	.byte 0x07, 0x00, 0x52, 0xE1, 0x90, 0x16, 0x26, 0xE0, 0xFA, 0xFF, 0xFF, 0xBA, 0xC0, 0x03, 0x9F, 0xE5
	.byte 0x0C, 0x10, 0x9D, 0xE5, 0x87, 0x31, 0x80, 0xE0, 0x08, 0x20, 0x13, 0xE5, 0x08, 0x00, 0x9D, 0xE5
	.byte 0x04, 0x30, 0x13, 0xE5, 0x43, 0x0F, 0x00, 0xEB, 0x00, 0x40, 0xA0, 0xE1, 0x01, 0x90, 0xA0, 0xE1
	.byte 0x06, 0x00, 0xA0, 0xE1, 0x69, 0x10, 0x00, 0xEB, 0x00, 0x20, 0xA0, 0xE1, 0x01, 0x30, 0xA0, 0xE1
	.byte 0x04, 0x00, 0xA0, 0xE1, 0x09, 0x10, 0xA0, 0xE1, 0x81, 0x0D, 0x00, 0xEB, 0x00, 0x00, 0x56, 0xE3
	.byte 0x00, 0x60, 0xA0, 0xE1, 0x01, 0xA0, 0xA0, 0xE1, 0x05, 0x00, 0x00, 0x0A, 0x04, 0x00, 0xA0, 0xE1
	.byte 0x09, 0x10, 0xA0, 0xE1, 0x06, 0x20, 0xA0, 0xE1, 0x0A, 0x30, 0xA0, 0xE1, 0x06, 0x11, 0x00, 0xEB
	.byte 0x04, 0x00, 0x00, 0x0A, 0x08, 0x60, 0x8D, 0xE5, 0x0C, 0xA0, 0x8D, 0xE5, 0x05, 0x00, 0x58, 0xE1
	.byte 0x07, 0xB0, 0x4B, 0xE0, 0xD1, 0xFF, 0xFF, 0x3A, 0x00, 0x00, 0x5B, 0xE3, 0x8A, 0x70, 0x8D, 0xE2
	.byte 0xD6, 0x40, 0x8D, 0xE2, 0x0C, 0x00, 0x00, 0xAA, 0x00, 0x00, 0x6B, 0xE2, 0x3F, 0x10, 0x00, 0xEB
	.byte 0x01, 0x30, 0xA0, 0xE1, 0x00, 0x20, 0xA0, 0xE1, 0x28, 0x13, 0x9F, 0xE5, 0x00, 0x00, 0xA0, 0xE3
	.byte 0x46, 0x0D, 0x00, 0xEB, 0x00, 0x20, 0xA0, 0xE1, 0x01, 0x30, 0xA0, 0xE1, 0x08, 0x00, 0x9D, 0xE5
	.byte 0x0C, 0x10, 0x9D, 0xE5, 0xD9, 0x16, 0x00, 0xEB, 0x0B, 0x00, 0x00, 0xEA, 0x0B, 0x00, 0xA0, 0xE1
	.byte 0x32, 0x10, 0x00, 0xEB, 0x01, 0x30, 0xA0, 0xE1, 0x00, 0x20, 0xA0, 0xE1, 0xF4, 0x12, 0x9F, 0xE5
	.byte 0x00, 0x00, 0xA0, 0xE3, 0x39, 0x0D, 0x00, 0xEB, 0x00, 0x20, 0xA0, 0xE1, 0x01, 0x30, 0xA0, 0xE1
	.byte 0x08, 0x00, 0x9D, 0xE5, 0x0C, 0x10, 0x9D, 0xE5, 0x0E, 0x0F, 0x00, 0xEB, 0x08, 0x00, 0x8D, 0xE5
	.byte 0x0C, 0x10, 0x8D, 0xE5, 0x08, 0x00, 0x9D, 0xE5, 0x0C, 0x10, 0x9D, 0xE5, 0x0B, 0x20, 0xA0, 0xE1
	.byte 0x38, 0x0C, 0x00, 0xEB, 0x08, 0x00, 0x8D, 0xE5, 0x0C, 0x10, 0x8D, 0xE5, 0xC8, 0xEA, 0xFF, 0xEB
	.byte 0x02, 0x00, 0x50, 0xE3, 0xB0, 0x12, 0x9F, 0x05, 0x00, 0x00, 0xE0, 0x03, 0x08, 0x00, 0x8D, 0x05
	.byte 0x0C, 0x10, 0x8D, 0x05, 0x08, 0x10, 0x9D, 0xE5, 0x0C, 0x20, 0x9D, 0xE5, 0x07, 0x00, 0xA0, 0xE1
	.byte 0x00, 0x50, 0x8D, 0xE2, 0x00, 0x60, 0xA0, 0xE3, 0x9C, 0xFE, 0xFF, 0xEB, 0x07, 0x00, 0xA0, 0xE1
	.byte 0x04, 0x10, 0xA0, 0xE1, 0x81, 0xFD, 0xFF, 0xEB, 0x00, 0x00, 0x50, 0xE3, 0x89, 0x00, 0x00, 0x1A
	.byte 0x07, 0x00, 0xA0, 0xE1, 0x04, 0x10, 0xA0, 0xE1, 0xB4, 0xFD, 0xFF, 0xEB, 0x00, 0x00, 0x50, 0xE3
	.byte 0x08, 0x00, 0x9D, 0xE5, 0x0C, 0x10, 0x9D, 0xE5, 0x01, 0x60, 0xA0, 0x13, 0x01, 0x70, 0xA0, 0xE3
	.byte 0x00, 0x00, 0x56, 0xE3, 0x00, 0x00, 0x8D, 0xE5, 0x04, 0x10, 0x8D, 0xE5, 0x00, 0x70, 0xA0, 0x13
	.byte 0xD6, 0x90, 0x8D, 0xE2, 0x64, 0x40, 0x8D, 0xE2, 0x00, 0x80, 0xA0, 0xE3, 0x00, 0x00, 0x57, 0xE3
	.byte 0x03, 0x00, 0x95, 0xE8, 0x06, 0x00, 0x00, 0x1A, 0x01, 0x00, 0x90, 0xE2, 0x00, 0x10, 0xA1, 0xE2
	.byte 0x03, 0x00, 0x85, 0xE8, 0xA2, 0xEA, 0xFF, 0xEB, 0x02, 0x00, 0x50, 0xE3, 0x71, 0x00, 0x00, 0x0A
	.byte 0x02, 0x00, 0x00, 0xEA, 0x01, 0x00, 0x50, 0xE2, 0x00, 0x10, 0xC1, 0xE2, 0x03, 0x00, 0x85, 0xE8
	.byte 0x00, 0x10, 0x9D, 0xE5, 0x04, 0x20, 0x9D, 0xE5, 0x04, 0x00, 0xA0, 0xE1, 0x77, 0xFE, 0xFF, 0xEB
	.byte 0x00, 0x00, 0x56, 0xE3, 0x04, 0x00, 0x00, 0x0A, 0xD6, 0x10, 0x8D, 0xE2, 0x04, 0x00, 0xA0, 0xE1
	.byte 0x92, 0xFD, 0xFF, 0xEB, 0x00, 0x00, 0x50, 0xE3, 0x40, 0x00, 0x00, 0x0A, 0x00, 0x00, 0x56, 0xE3
	.byte 0x2E, 0x00, 0x00, 0x1A, 0xD6, 0x00, 0x8D, 0xE2, 0x64, 0x10, 0x8D, 0xE2, 0x8B, 0xFD, 0xFF, 0xEB
	.byte 0x00, 0x00, 0x50, 0xE3, 0x29, 0x00, 0x00, 0x1A, 0x8A, 0x30, 0x8D, 0xE2, 0x3E, 0x50, 0x8D, 0xE2
	.byte 0x09, 0x20, 0xA0, 0xE3, 0xB2, 0x00, 0xD3, 0xE1, 0xB4, 0x10, 0xD3, 0xE0, 0x01, 0x20, 0x52, 0xE2
	.byte 0xB2, 0x00, 0xC5, 0xE1, 0xB4, 0x10, 0xC5, 0xE0, 0xF9, 0xFF, 0xFF, 0x1A, 0xB0, 0x00, 0xD3, 0xE1
	.byte 0x64, 0x30, 0x8D, 0xE2, 0x8A, 0x40, 0x8D, 0xE2, 0xB0, 0x00, 0xC5, 0xE1, 0x09, 0x20, 0xA0, 0xE3
	.byte 0xB2, 0x00, 0xD3, 0xE1, 0xB4, 0x10, 0xD3, 0xE0, 0x01, 0x20, 0x52, 0xE2, 0xB2, 0x00, 0xC4, 0xE1
	.byte 0xB4, 0x10, 0xC4, 0xE0, 0xF9, 0xFF, 0xFF, 0x1A, 0xB0, 0x00, 0xD3, 0xE1, 0x3E, 0x30, 0x8D, 0xE2
	.byte 0x64, 0x50, 0x8D, 0xE2, 0xB0, 0x00, 0xC4, 0xE1, 0x09, 0x20, 0xA0, 0xE3, 0xB2, 0x00, 0xD3, 0xE1
	.byte 0xB4, 0x10, 0xD3, 0xE0, 0x01, 0x20, 0x52, 0xE2, 0xB2, 0x00, 0xC5, 0xE1, 0xB4, 0x10, 0xC5, 0xE0
	.byte 0xF9, 0xFF, 0xFF, 0x1A, 0xB0, 0x40, 0xD3, 0xE1, 0x08, 0x20, 0x9D, 0xE5, 0x00, 0x00, 0x9D, 0xE5
	.byte 0x0C, 0x30, 0x9D, 0xE5, 0x04, 0x10, 0x9D, 0xE5, 0xB0, 0x40, 0xC5, 0xE1, 0x08, 0x00, 0x8D, 0xE5
	.byte 0x0C, 0x10, 0x8D, 0xE5, 0x00, 0x20, 0x8D, 0xE5, 0x04, 0x30, 0x8D, 0xE5, 0x0F, 0x00, 0x00, 0xEA
	.byte 0x64, 0xA0, 0x8D, 0xE2, 0x8A, 0x30, 0x8D, 0xE2, 0x09, 0x20, 0xA0, 0xE3, 0xB2, 0x00, 0xDA, 0xE1
	.byte 0xB4, 0x10, 0xDA, 0xE0, 0x01, 0x20, 0x52, 0xE2, 0xB2, 0x00, 0xC3, 0xE1, 0xB4, 0x10, 0xC3, 0xE0
	.byte 0xF9, 0xFF, 0xFF, 0x1A, 0xB0, 0x20, 0xDA, 0xE1, 0x00, 0x00, 0x9D, 0xE5, 0x04, 0x10, 0x9D, 0xE5
	.byte 0xB0, 0x20, 0xC3, 0xE1, 0x08, 0x00, 0x8D, 0xE5, 0x0C, 0x10, 0x8D, 0xE5, 0xA6, 0xFF, 0xFF, 0xEA
	.byte 0x3E, 0x50, 0x8D, 0xE2, 0x8A, 0x20, 0x8D, 0xE2, 0x05, 0x00, 0xA0, 0xE1, 0x09, 0x10, 0xA0, 0xE1
	.byte 0x82, 0xFD, 0xFF, 0xEB, 0x18, 0x40, 0x8D, 0xE2, 0x64, 0x10, 0x8D, 0xE2, 0x04, 0x00, 0xA0, 0xE1
	.byte 0x09, 0x20, 0xA0, 0xE1, 0x7D, 0xFD, 0xFF, 0xEB, 0x05, 0x00, 0xA0, 0xE1, 0x04, 0x10, 0xA0, 0xE1
	.byte 0x0A, 0xFD, 0xFF, 0xEB, 0x00, 0x00, 0x50, 0xE3, 0x0A, 0x00, 0x00, 0x0A, 0x08, 0x00, 0x9D, 0xE5
	.byte 0x0C, 0x10, 0x9D, 0xE5, 0x01, 0x00, 0x00, 0xE2, 0x08, 0x10, 0x01, 0xE0, 0x08, 0x00, 0x51, 0xE1
	.byte 0x08, 0x00, 0x50, 0x01, 0x00, 0x00, 0x9D, 0x15, 0x04, 0x10, 0x9D, 0x15, 0x08, 0x00, 0x8D, 0x15
	.byte 0x0C, 0x10, 0x8D, 0x15, 0x07, 0x00, 0x00, 0xEA, 0x05, 0x00, 0xA0, 0xE1, 0x04, 0x10, 0xA0, 0xE1
	.byte 0x32, 0xFD, 0xFF, 0xEB, 0x00, 0x00, 0x50, 0xE3, 0x00, 0x00, 0x9D, 0x05, 0x04, 0x10, 0x9D, 0x05
	.byte 0x08, 0x00, 0x8D, 0x05, 0x0C, 0x10, 0x8D, 0x05, 0xD6, 0x00, 0xDD, 0xE5, 0x00, 0x00, 0x50, 0xE3
	.byte 0x06, 0x00, 0x00, 0x0A, 0x00, 0x00, 0xA0, 0xE3, 0x08, 0x20, 0x9D, 0xE5, 0x0C, 0x30, 0x9D, 0xE5
	.byte 0x00, 0x10, 0xA0, 0xE1, 0x76, 0x0D, 0x00, 0xEB, 0x08, 0x00, 0x8D, 0xE5, 0x0C, 0x10, 0x8D, 0xE5
	.byte 0x08, 0x00, 0x9D, 0xE5, 0x0C, 0x10, 0x9D, 0xE5, 0xFC, 0xD0, 0x8D, 0xE2, 0xF0, 0x8F, 0xBD, 0xE8
	.byte 0x00, 0x00, 0xF0, 0x3F, 0x00, 0x00, 0xF0, 0xBF, 0x14, 0x88, 0x0A, 0x02, 0x00, 0x00, 0xF0, 0x7F
	.byte 0x90, 0x8B, 0x0A, 0x02, 0x7C, 0x8A, 0x0A, 0x02, 0x00, 0x00, 0x14, 0x40, 0xFF, 0xFF, 0xEF, 0x7F
	.byte 0x18, 0x40, 0x2D, 0xE9, 0x04, 0xD0, 0x4D, 0xE2, 0x02, 0x40, 0xA0, 0xE1, 0x00, 0x20, 0x8D, 0xE2
	.byte 0x50, 0x0B, 0x00, 0xEB, 0x00, 0x20, 0x9D, 0xE5, 0x04, 0x20, 0x82, 0xE0, 0x00, 0x20, 0x8D, 0xE5
	.byte 0x7C, 0x0B, 0x00, 0xEB, 0x04, 0xD0, 0x8D, 0xE2, 0x18, 0x80, 0xBD, 0xE8, 0x0F, 0x00, 0x2D, 0xE9
	.byte 0xF8, 0x4F, 0x2D, 0xE9, 0x78, 0xD0, 0x4D, 0xE2, 0xAC, 0x80, 0x9D, 0xE5, 0xA4, 0x60, 0x9D, 0xE5
	.byte 0xA8, 0x00, 0x9D, 0xE5, 0x02, 0x91, 0xC8, 0xE3, 0x00, 0x10, 0x99, 0xE1, 0xA0, 0x70, 0x9D, 0xE5
	.byte 0x02, 0x41, 0xC6, 0xE3, 0x78, 0xD0, 0x8D, 0x02, 0x00, 0x00, 0xA0, 0x03, 0x64, 0x15, 0x9F, 0x05
	.byte 0xF8, 0x4F, 0xBD, 0x08, 0x10, 0xD0, 0x8D, 0x02, 0x1E, 0xFF, 0x2F, 0x01, 0x58, 0x15, 0x9F, 0xE5
	.byte 0x01, 0x00, 0x54, 0xE1, 0x08, 0x00, 0x00, 0xCA, 0x01, 0x00, 0x00, 0x1A, 0x00, 0x00, 0x57, 0xE3
	.byte 0x05, 0x00, 0x00, 0x1A, 0x40, 0x15, 0x9F, 0xE5, 0x01, 0x00, 0x59, 0xE1, 0x02, 0x00, 0x00, 0xCA
	.byte 0x0A, 0x00, 0x00, 0x1A, 0x00, 0x00, 0x50, 0xE3, 0x08, 0x00, 0x00, 0x0A, 0xA0, 0x00, 0x9D, 0xE5
	.byte 0xA4, 0x10, 0x9D, 0xE5, 0xA8, 0x20, 0x9D, 0xE5, 0xAC, 0x30, 0x9D, 0xE5, 0x70, 0x0C, 0x00, 0xEB
	.byte 0x78, 0xD0, 0x8D, 0xE2, 0xF8, 0x4F, 0xBD, 0xE8, 0x10, 0xD0, 0x8D, 0xE2, 0x1E, 0xFF, 0x2F, 0xE1
	.byte 0x00, 0x00, 0x56, 0xE3, 0x00, 0x50, 0xA0, 0xE3, 0x14, 0x00, 0x00, 0xAA, 0xFC, 0x14, 0x9F, 0xE5
	.byte 0x01, 0x00, 0x59, 0xE1, 0x02, 0x50, 0xA0, 0xA3, 0x10, 0x00, 0x00, 0xAA, 0x35, 0x16, 0x41, 0xE2
	.byte 0x01, 0x00, 0x59, 0xE1, 0x0D, 0x00, 0x00, 0xBA, 0xE4, 0x14, 0x9F, 0xE5, 0x49, 0x1A, 0x81, 0xE0
	.byte 0x14, 0x00, 0x51, 0xE3, 0x03, 0x00, 0x00, 0xDA, 0x34, 0x20, 0x61, 0xE2, 0x30, 0x12, 0xA0, 0xE1
	.byte 0x11, 0x02, 0x50, 0xE1, 0x03, 0x00, 0x00, 0xEA, 0x00, 0x00, 0x50, 0xE3, 0x14, 0x20, 0x61, 0x02
	.byte 0x59, 0x12, 0xA0, 0x01, 0x11, 0x02, 0x59, 0x01, 0x01, 0x10, 0x01, 0x02, 0x02, 0x50, 0x61, 0x02
	.byte 0x00, 0x00, 0x50, 0xE3, 0x54, 0x00, 0x00, 0x1A, 0x9C, 0x14, 0x9F, 0xE5, 0x01, 0x00, 0x59, 0xE1
	.byte 0x27, 0x00, 0x00, 0x1A, 0x01, 0x06, 0x84, 0xE2, 0x03, 0x01, 0x80, 0xE2, 0x07, 0x00, 0x90, 0xE1
	.byte 0x08, 0x00, 0x00, 0x1A, 0xA8, 0x00, 0x9D, 0xE5, 0xAC, 0x10, 0x9D, 0xE5, 0x00, 0x20, 0xA0, 0xE1
	.byte 0x01, 0x30, 0xA0, 0xE1, 0x12, 0x0D, 0x00, 0xEB, 0x78, 0xD0, 0x8D, 0xE2, 0xF8, 0x4F, 0xBD, 0xE8
	.byte 0x10, 0xD0, 0x8D, 0xE2, 0x1E, 0xFF, 0x2F, 0xE1, 0x01, 0x01, 0x41, 0xE2, 0x00, 0x00, 0x54, 0xE1
	.byte 0x08, 0x00, 0x00, 0xBA, 0x00, 0x00, 0x58, 0xE3, 0xA8, 0x00, 0x9D, 0xA5, 0xAC, 0x10, 0x9D, 0xA5
	.byte 0x00, 0x00, 0xA0, 0xB3, 0x78, 0xD0, 0x8D, 0xE2, 0x00, 0x10, 0xA0, 0xB1, 0xF8, 0x4F, 0xBD, 0xE8
	.byte 0x10, 0xD0, 0x8D, 0xE2, 0x1E, 0xFF, 0x2F, 0xE1, 0x00, 0x00, 0x58, 0xE3, 0x00, 0x00, 0xA0, 0xE3
	.byte 0x78, 0xD0, 0x8D, 0xA2, 0x00, 0x10, 0xA0, 0xA1, 0xF8, 0x4F, 0xBD, 0xA8, 0x10, 0xD0, 0x8D, 0xA2
	.byte 0x1E, 0xFF, 0x2F, 0xA1, 0xA8, 0x20, 0x9D, 0xE5, 0xAC, 0x30, 0x9D, 0xE5, 0x00, 0x10, 0xA0, 0xE1
	.byte 0xF7, 0x0C, 0x00, 0xEB, 0x78, 0xD0, 0x8D, 0xE2, 0xF8, 0x4F, 0xBD, 0xE8, 0x10, 0xD0, 0x8D, 0xE2
	.byte 0x1E, 0xFF, 0x2F, 0xE1, 0x01, 0x01, 0x41, 0xE2, 0x00, 0x00, 0x59, 0xE1, 0x0F, 0x00, 0x00, 0x1A
	.byte 0x00, 0x00, 0x58, 0xE3, 0xA0, 0x00, 0x9D, 0xA5, 0xA4, 0x10, 0x9D, 0xA5, 0x78, 0xD0, 0x8D, 0xA2
	.byte 0xF8, 0x4F, 0xBD, 0xA8, 0x10, 0xD0, 0x8D, 0xA2, 0x1E, 0xFF, 0x2F, 0xA1, 0xA0, 0x20, 0x9D, 0xE5
	.byte 0xA4, 0x30, 0x9D, 0xE5, 0x01, 0x11, 0x41, 0xE2, 0x00, 0x00, 0xA0, 0xE3, 0x8F, 0x15, 0x00, 0xEB
	.byte 0x78, 0xD0, 0x8D, 0xE2, 0xF8, 0x4F, 0xBD, 0xE8, 0x10, 0xD0, 0x8D, 0xE2, 0x1E, 0xFF, 0x2F, 0xE1
	.byte 0x01, 0x01, 0x58, 0xE3, 0x08, 0x00, 0x00, 0x1A, 0xA0, 0x00, 0x9D, 0xE5, 0xA4, 0x10, 0x9D, 0xE5
	.byte 0x00, 0x20, 0xA0, 0xE1, 0x01, 0x30, 0xA0, 0xE1, 0xC6, 0x0D, 0x00, 0xEB, 0x78, 0xD0, 0x8D, 0xE2
	.byte 0xF8, 0x4F, 0xBD, 0xE8, 0x10, 0xD0, 0x8D, 0xE2, 0x1E, 0xFF, 0x2F, 0xE1, 0x84, 0x03, 0x9F, 0xE5
	.byte 0x00, 0x00, 0x58, 0xE1, 0x08, 0x00, 0x00, 0x1A, 0x00, 0x00, 0x56, 0xE3, 0x06, 0x00, 0x00, 0xBA
	.byte 0xA0, 0x00, 0x9D, 0xE5, 0xA4, 0x10, 0x9D, 0xE5, 0x78, 0x12, 0x00, 0xEB, 0x78, 0xD0, 0x8D, 0xE2
	.byte 0xF8, 0x4F, 0xBD, 0xE8, 0x10, 0xD0, 0x8D, 0xE2, 0x1E, 0xFF, 0x2F, 0xE1, 0xA0, 0x00, 0x9D, 0xE5
	.byte 0xA4, 0x10, 0x9D, 0xE5, 0x3A, 0x0A, 0x00, 0xEB, 0x68, 0x00, 0x8D, 0xE5, 0x6C, 0x10, 0x8D, 0xE5
	.byte 0x00, 0x00, 0x57, 0xE3, 0x38, 0x00, 0x00, 0x1A, 0x2C, 0x03, 0x9F, 0xE5, 0x00, 0x00, 0x54, 0xE1
	.byte 0x00, 0x00, 0x54, 0x13, 0x02, 0x00, 0x00, 0x0A, 0x01, 0x01, 0x40, 0xE2, 0x00, 0x00, 0x54, 0xE1
	.byte 0x31, 0x00, 0x00, 0x1A, 0x68, 0x20, 0x9D, 0xE5, 0x6C, 0x30, 0x9D, 0xE5, 0x70, 0x20, 0x8D, 0xE5
	.byte 0x74, 0x30, 0x8D, 0xE5, 0x00, 0x00, 0x58, 0xE3, 0x04, 0x00, 0x00, 0xAA, 0xF4, 0x12, 0x9F, 0xE5
	.byte 0x00, 0x00, 0xA0, 0xE3, 0x5D, 0x15, 0x00, 0xEB, 0x70, 0x00, 0x8D, 0xE5, 0x74, 0x10, 0x8D, 0xE5
	.byte 0x00, 0x00, 0x56, 0xE3, 0x1E, 0x00, 0x00, 0xAA, 0x01, 0x06, 0x84, 0xE2, 0x03, 0x01, 0x80, 0xE2
	.byte 0x05, 0x00, 0x90, 0xE1, 0x11, 0x00, 0x00, 0x1A, 0x70, 0x00, 0x9D, 0xE5, 0x74, 0x10, 0x9D, 0xE5
	.byte 0x00, 0x20, 0xA0, 0xE1, 0x01, 0x30, 0xA0, 0xE1, 0xA5, 0x0C, 0x00, 0xEB, 0x00, 0x40, 0xA0, 0xE1
	.byte 0x01, 0x50, 0xA0, 0xE1, 0x70, 0x00, 0x9D, 0xE5, 0x74, 0x10, 0x9D, 0xE5, 0x00, 0x20, 0xA0, 0xE1
	.byte 0x01, 0x30, 0xA0, 0xE1, 0x9E, 0x0C, 0x00, 0xEB, 0x00, 0x20, 0xA0, 0xE1, 0x01, 0x30, 0xA0, 0xE1
	.byte 0x04, 0x00, 0xA0, 0xE1, 0x05, 0x10, 0xA0, 0xE1, 0x44, 0x15, 0x00, 0xEB, 0x06, 0x00, 0x00, 0xEA
	.byte 0x01, 0x00, 0x55, 0xE3, 0x06, 0x00, 0x00, 0x1A, 0x00, 0x00, 0xA0, 0xE3, 0x70, 0x20, 0x9D, 0xE5
	.byte 0x74, 0x30, 0x9D, 0xE5, 0x00, 0x10, 0xA0, 0xE1, 0x91, 0x0C, 0x00, 0xEB, 0x70, 0x00, 0x8D, 0xE5
	.byte 0x74, 0x10, 0x8D, 0xE5, 0x70, 0x00, 0x9D, 0xE5, 0x74, 0x10, 0x9D, 0xE5, 0x78, 0xD0, 0x8D, 0xE2
	.byte 0xF8, 0x4F, 0xBD, 0xE8, 0x10, 0xD0, 0x8D, 0xE2, 0x1E, 0xFF, 0x2F, 0xE1, 0xC6, 0x0F, 0xA0, 0xE1
	.byte 0x01, 0x70, 0x80, 0xE2, 0x05, 0x00, 0x97, 0xE1, 0x09, 0x00, 0x00, 0x1A, 0x48, 0x02, 0x9F, 0xE5
	.byte 0x48, 0x12, 0x9F, 0xE5, 0x00, 0x00, 0x90, 0xE5, 0x21, 0x20, 0xA0, 0xE3, 0x00, 0x20, 0x81, 0xE5
	.byte 0x00, 0x10, 0x00, 0xEB, 0x78, 0xD0, 0x8D, 0xE2, 0xF8, 0x4F, 0xBD, 0xE8, 0x10, 0xD0, 0x8D, 0xE2
	.byte 0x1E, 0xFF, 0x2F, 0xE1, 0x28, 0x32, 0x9F, 0xE5, 0x03, 0x00, 0x59, 0xE1, 0xBA, 0x00, 0x00, 0xDA
	.byte 0x21, 0x06, 0x83, 0xE2, 0x00, 0x00, 0x59, 0xE1, 0x15, 0x00, 0x00, 0xDA, 0x14, 0x12, 0x9F, 0xE5
	.byte 0x01, 0x00, 0x54, 0xE1, 0x07, 0x00, 0x00, 0xCA, 0x05, 0x11, 0x81, 0xE2, 0x00, 0x00, 0xA0, 0xE3
	.byte 0x00, 0x00, 0x58, 0xE3, 0x78, 0xD0, 0x8D, 0xE2, 0x00, 0x10, 0xA0, 0xA1, 0xF8, 0x4F, 0xBD, 0xE8
	.byte 0x10, 0xD0, 0x8D, 0xE2, 0x1E, 0xFF, 0x2F, 0xE1, 0x01, 0x00, 0x81, 0xE2, 0x00, 0x00, 0x54, 0xE1
	.byte 0x07, 0x00, 0x00, 0xBA, 0x05, 0x11, 0x81, 0xE2, 0x00, 0x00, 0xA0, 0xE3, 0x00, 0x00, 0x58, 0xE3
	.byte 0x78, 0xD0, 0x8D, 0xE2, 0x00, 0x10, 0xA0, 0xD1, 0xF8, 0x4F, 0xBD, 0xE8, 0x10, 0xD0, 0x8D, 0xE2
	.byte 0x1E, 0xFF, 0x2F, 0xE1, 0xBC, 0x31, 0x9F, 0xE5, 0x03, 0x00, 0x54, 0xE1, 0x07, 0x00, 0x00, 0xAA
	.byte 0x05, 0x11, 0x83, 0xE2, 0x00, 0x00, 0xA0, 0xE3, 0x00, 0x00, 0x58, 0xE3, 0x78, 0xD0, 0x8D, 0xE2
	.byte 0x00, 0x10, 0xA0, 0xA1, 0xF8, 0x4F, 0xBD, 0xE8, 0x10, 0xD0, 0x8D, 0xE2, 0x1E, 0xFF, 0x2F, 0xE1
	.byte 0x01, 0x00, 0x83, 0xE2, 0x00, 0x00, 0x54, 0xE1, 0x07, 0x00, 0x00, 0xDA, 0x05, 0x11, 0x83, 0xE2
	.byte 0x00, 0x00, 0xA0, 0xE3, 0x00, 0x00, 0x58, 0xE3, 0x78, 0xD0, 0x8D, 0xE2, 0x00, 0x10, 0xA0, 0xD1
	.byte 0xF8, 0x4F, 0xBD, 0xE8, 0x10, 0xD0, 0x8D, 0xE2, 0x1E, 0xFF, 0x2F, 0xE1, 0xA0, 0x00, 0x9D, 0xE5
	.byte 0xA4, 0x10, 0x9D, 0xE5, 0x00, 0x20, 0xA0, 0xE3, 0x01, 0x30, 0x83, 0xE2, 0x44, 0x0C, 0x00, 0xEB
	.byte 0x00, 0x20, 0xA0, 0xE1, 0x01, 0x30, 0xA0, 0xE1, 0x48, 0x00, 0x8D, 0xE5, 0x4C, 0x10, 0x8D, 0xE5
	.byte 0x2C, 0x0D, 0x00, 0xEB, 0x00, 0x60, 0xA0, 0xE1, 0x3C, 0x41, 0x9F, 0xE5, 0x01, 0x80, 0xA0, 0xE1
	.byte 0x48, 0x20, 0x9D, 0xE5, 0x4C, 0x30, 0x9D, 0xE5, 0x00, 0x00, 0xA0, 0xE3, 0x04, 0x10, 0xA0, 0xE1
	.byte 0x24, 0x0D, 0x00, 0xEB, 0x00, 0x20, 0xA0, 0xE1, 0x20, 0x01, 0x9F, 0xE5, 0x01, 0x30, 0xA0, 0xE1
	.byte 0x56, 0x15, 0x40, 0xE2, 0x32, 0x0C, 0x00, 0xEB, 0x00, 0x20, 0xA0, 0xE1, 0x01, 0x30, 0xA0, 0xE1
	.byte 0x48, 0x00, 0x9D, 0xE5, 0x4C, 0x10, 0x9D, 0xE5, 0x1A, 0x0D, 0x00, 0xEB, 0x00, 0x20, 0xA0, 0xE1
	.byte 0x01, 0x30, 0xA0, 0xE1, 0x01, 0x16, 0x84, 0xE2, 0x00, 0x00, 0xA0, 0xE3, 0x28, 0x0C, 0x00, 0xEB
	.byte 0x00, 0x20, 0xA0, 0xE1, 0x01, 0x30, 0xA0, 0xE1, 0x06, 0x00, 0xA0, 0xE1, 0x08, 0x10, 0xA0, 0xE1
	.byte 0x10, 0x0D, 0x00, 0xEB, 0x00, 0x60, 0xA0, 0xE1, 0xD4, 0x90, 0x9F, 0xE5, 0x01, 0xA0, 0xA0, 0xE1
	.byte 0x48, 0x20, 0x9D, 0xE5, 0x4C, 0x30, 0x9D, 0xE5, 0x06, 0x02, 0xA0, 0xE3, 0x09, 0x10, 0xA0, 0xE1
	.byte 0x08, 0x0D, 0x00, 0xEB, 0x00, 0x80, 0xA0, 0xE1, 0x01, 0x40, 0xA0, 0xE1, 0xB4, 0x00, 0x9F, 0xE5
	.byte 0xB4, 0x10, 0x9F, 0xE5, 0x48, 0x20, 0x9D, 0xE5, 0x4C, 0x30, 0x9D, 0xE5, 0x01, 0x0D, 0x00, 0xEB
	.byte 0x06, 0x20, 0xA0, 0xE1, 0x00, 0x60, 0xA0, 0xE1, 0x0A, 0x30, 0xA0, 0xE1, 0x01, 0xA0, 0xA0, 0xE1
	.byte 0x98, 0x00, 0x9F, 0xE5, 0x09, 0x10, 0xA0, 0xE1, 0xFA, 0x0C, 0x00, 0xEB, 0x00, 0x20, 0xA0, 0xE1
	.byte 0x01, 0x30, 0xA0, 0xE1, 0x06, 0x00, 0xA0, 0xE1, 0x0A, 0x10, 0xA0, 0xE1, 0x08, 0x0C, 0x00, 0xEB
	.byte 0x00, 0x60, 0xA0, 0xE1, 0x01, 0x90, 0xA0, 0xE1, 0x08, 0x00, 0xA0, 0xE1, 0x04, 0x10, 0xA0, 0xE1
	.byte 0x06, 0x20, 0xA0, 0xE1, 0x09, 0x30, 0xA0, 0xE1, 0x35, 0x0B, 0x00, 0xEB, 0x00, 0x00, 0xA0, 0xE3
	.byte 0x08, 0x20, 0xA0, 0xE1, 0x04, 0x30, 0xA0, 0xE1, 0x54, 0x10, 0x8D, 0xE5, 0x50, 0x00, 0x8D, 0xE5
	.byte 0xFB, 0x0B, 0x00, 0xEB, 0x00, 0x20, 0xA0, 0xE1, 0x01, 0x30, 0xA0, 0xE1, 0x06, 0x00, 0xA0, 0xE1
	.byte 0x09, 0x10, 0xA0, 0xE1, 0x88, 0x01, 0x00, 0xEA, 0x00, 0x00, 0xF0, 0x3F, 0x00, 0x00, 0xF0, 0x7F
	.byte 0x00, 0x00, 0x40, 0x43, 0x01, 0xFC, 0xFF, 0xFF, 0x00, 0x00, 0xE0, 0x3F, 0x18, 0x88, 0x0A, 0x02
	.byte 0xAC, 0x3F, 0x15, 0x02, 0x00, 0x00, 0xE0, 0x41, 0xFF, 0xFF, 0xEF, 0x3F, 0x00, 0x00, 0xD0, 0x3F
	.byte 0x55, 0x55, 0x55, 0x55, 0x47, 0x15, 0xF7, 0x3F, 0x44, 0xDF, 0x5D, 0xF8, 0x0B, 0xAE, 0x54, 0x3E
	.byte 0xFE, 0x82, 0x2B, 0x65, 0x8E, 0x98, 0x03, 0x00, 0x7A, 0xB6, 0x0B, 0x00, 0x00, 0x63, 0x0A, 0x02
	.byte 0xEF, 0x4E, 0x45, 0x4A, 0x28, 0x7E, 0xCA, 0x3F, 0x65, 0xDB, 0xC9, 0x93, 0x4A, 0x86, 0xCD, 0x3F
	.byte 0x01, 0x41, 0x1D, 0xA9, 0x60, 0x74, 0xD1, 0x3F, 0x4D, 0x26, 0x8F, 0x51, 0x55, 0x55, 0xD5, 0x3F
	.byte 0xFF, 0xAB, 0x6F, 0xDB, 0xB6, 0x6D, 0xDB, 0x3F, 0x03, 0x33, 0x33, 0x33, 0x33, 0x33, 0xE3, 0x3F
	.byte 0x09, 0xC7, 0xEE, 0x3F, 0xF5, 0x01, 0x5B, 0x14, 0xE0, 0x2F, 0x3E, 0xBE, 0xFD, 0x03, 0x3A, 0xDC
	.byte 0x10, 0x63, 0x0A, 0x02, 0xF0, 0x62, 0x0A, 0x02, 0x00, 0x00, 0x90, 0x40, 0x9C, 0x75, 0x00, 0x88
	.byte 0x3C, 0xE4, 0x37, 0x7E, 0x47, 0x15, 0x97, 0x3C, 0x00, 0x34, 0x6F, 0x3F, 0x59, 0xF3, 0xF8, 0xC2
	.byte 0x1F, 0x6E, 0xA5, 0x01, 0x43, 0x2E, 0xE6, 0x3F, 0xEF, 0x39, 0xFA, 0xFE, 0x39, 0x6C, 0xA8, 0x0C
	.byte 0x61, 0x5C, 0x20, 0xBE, 0xD0, 0xA4, 0xBE, 0x72, 0x69, 0x37, 0x66, 0x3E, 0xF1, 0x6B, 0xD2, 0xC5
	.byte 0x41, 0xBD, 0xBB, 0xBE, 0x2C, 0xDE, 0x25, 0xAF, 0x6A, 0x56, 0x11, 0x3F, 0x93, 0xBD, 0xBE, 0x16
	.byte 0x6C, 0xC1, 0x66, 0xBF, 0x3E, 0x55, 0x55, 0x55, 0x55, 0x55, 0xC5, 0x3F, 0x01, 0x06, 0x54, 0xE3
	.byte 0x00, 0x60, 0xA0, 0xE3, 0x08, 0x00, 0x00, 0xAA, 0x68, 0x00, 0x9D, 0xE5, 0x6C, 0x10, 0x9D, 0xE5
	.byte 0x06, 0x20, 0xA0, 0xE1, 0x16, 0x36, 0x83, 0xE2, 0xA2, 0x0C, 0x00, 0xEB, 0x01, 0x40, 0xA0, 0xE1
	.byte 0x68, 0x00, 0x8D, 0xE5, 0x6C, 0x40, 0x8D, 0xE5, 0x35, 0x60, 0x46, 0xE2, 0x10, 0x01, 0x1F, 0xE5
	.byte 0xE4, 0x10, 0x1F, 0xE5, 0x20, 0x26, 0x04, 0xE0, 0x44, 0x3A, 0x80, 0xE0, 0xFF, 0x96, 0x82, 0xE3
	.byte 0x01, 0x00, 0x52, 0xE1, 0x03, 0x60, 0x86, 0xE0, 0x03, 0x92, 0x89, 0xE3, 0x00, 0x80, 0xA0, 0xD3
	.byte 0x05, 0x00, 0x00, 0xDA, 0x04, 0x01, 0x1F, 0xE5, 0x00, 0x00, 0x52, 0xE1, 0x01, 0x80, 0xA0, 0xB3
	.byte 0x01, 0x60, 0x86, 0xA2, 0x01, 0x96, 0x49, 0xA2, 0x00, 0x80, 0xA0, 0xA3, 0x18, 0xA1, 0x1F, 0xE5
	.byte 0x68, 0x00, 0x9D, 0xE5, 0x88, 0x11, 0x8A, 0xE0, 0x0C, 0x00, 0x91, 0xE8, 0x09, 0x10, 0xA0, 0xE1
	.byte 0x6C, 0x90, 0x8D, 0xE5, 0x9A, 0x0B, 0x00, 0xEB, 0x88, 0x21, 0x8A, 0xE0, 0x00, 0xB0, 0xA0, 0xE1
	.byte 0x04, 0x30, 0x92, 0xE5, 0x01, 0x40, 0xA0, 0xE1, 0x68, 0x00, 0x9D, 0xE5, 0x88, 0x21, 0x9A, 0xE7
	.byte 0x09, 0x10, 0xA0, 0xE1, 0xC6, 0x0A, 0x00, 0xEB, 0x01, 0x30, 0xA0, 0xE1, 0x00, 0x20, 0xA0, 0xE1
	.byte 0xA0, 0x11, 0x1F, 0xE5, 0x00, 0x00, 0xA0, 0xE3, 0x38, 0x14, 0x00, 0xEB, 0x20, 0x00, 0x8D, 0xE5
	.byte 0x1C, 0x10, 0x8D, 0xE5, 0x20, 0x20, 0x9D, 0xE5, 0x1C, 0x30, 0x9D, 0xE5, 0x0B, 0x00, 0xA0, 0xE1
	.byte 0x04, 0x10, 0xA0, 0xE1, 0x73, 0x0C, 0x00, 0xEB, 0xC9, 0x20, 0xA0, 0xE1, 0x02, 0x22, 0x82, 0xE3
	.byte 0x02, 0x37, 0x82, 0xE2, 0x00, 0x20, 0xA0, 0xE3, 0x01, 0x90, 0xA0, 0xE1, 0x08, 0x19, 0x83, 0xE0
	.byte 0x24, 0x00, 0x8D, 0xE5, 0x02, 0x00, 0xA0, 0xE1, 0x88, 0x31, 0x8A, 0xE0, 0x40, 0x20, 0x8D, 0xE5
	.byte 0x38, 0x20, 0x8D, 0xE5, 0x44, 0x90, 0x8D, 0xE5, 0x3C, 0x10, 0x8D, 0xE5, 0x0C, 0x00, 0x93, 0xE8
	.byte 0x77, 0x0B, 0x00, 0xEB, 0x00, 0x20, 0xA0, 0xE1, 0x01, 0x30, 0xA0, 0xE1, 0x68, 0x00, 0x9D, 0xE5
	.byte 0x6C, 0x10, 0x9D, 0xE5, 0x72, 0x0B, 0x00, 0xEB, 0x28, 0x00, 0x8D, 0xE5, 0x01, 0xA0, 0xA0, 0xE1
	.byte 0x40, 0x00, 0x9D, 0xE5, 0x38, 0x20, 0x9D, 0xE5, 0x3C, 0x30, 0x9D, 0xE5, 0x09, 0x10, 0xA0, 0xE1
	.byte 0x58, 0x0C, 0x00, 0xEB, 0x00, 0x20, 0xA0, 0xE1, 0x01, 0x30, 0xA0, 0xE1, 0x0B, 0x00, 0xA0, 0xE1
	.byte 0x04, 0x10, 0xA0, 0xE1, 0x66, 0x0B, 0x00, 0xEB, 0x00, 0x40, 0xA0, 0xE1, 0x0A, 0x30, 0xA0, 0xE1
	.byte 0x01, 0xA0, 0xA0, 0xE1, 0x28, 0x20, 0x9D, 0xE5, 0x40, 0x00, 0x9D, 0xE5, 0x09, 0x10, 0xA0, 0xE1
	.byte 0x4C, 0x0C, 0x00, 0xEB, 0x00, 0x20, 0xA0, 0xE1, 0x01, 0x30, 0xA0, 0xE1, 0x04, 0x00, 0xA0, 0xE1
	.byte 0x0A, 0x10, 0xA0, 0xE1, 0x5A, 0x0B, 0x00, 0xEB, 0x00, 0x20, 0xA0, 0xE1, 0x01, 0x30, 0xA0, 0xE1
	.byte 0x20, 0x00, 0x9D, 0xE5, 0x1C, 0x10, 0x9D, 0xE5, 0x42, 0x0C, 0x00, 0xEB, 0x2C, 0x00, 0x8D, 0xE5
	.byte 0x24, 0x00, 0x9D, 0xE5, 0x14, 0x10, 0x8D, 0xE5, 0x09, 0x10, 0xA0, 0xE1, 0x00, 0x20, 0xA0, 0xE1
	.byte 0x09, 0x30, 0xA0, 0xE1, 0x3B, 0x0C, 0x00, 0xEB, 0x00, 0x40, 0xA0, 0xE1, 0x01, 0xA0, 0xA0, 0xE1
	.byte 0x04, 0x20, 0xA0, 0xE1, 0x0A, 0x30, 0xA0, 0xE1, 0x36, 0x0C, 0x00, 0xEB, 0x30, 0x00, 0x8D, 0xE5
	.byte 0x01, 0xB0, 0xA0, 0xE1, 0x7C, 0x02, 0x1F, 0xE5, 0x7C, 0x12, 0x1F, 0xE5, 0x04, 0x20, 0xA0, 0xE1
	.byte 0x0A, 0x30, 0xA0, 0xE1, 0x2F, 0x0C, 0x00, 0xEB, 0x00, 0x20, 0xA0, 0xE1, 0x01, 0x30, 0xA0, 0xE1
	.byte 0x90, 0x02, 0x1F, 0xE5, 0x90, 0x12, 0x1F, 0xE5, 0x71, 0x0A, 0x00, 0xEB, 0x00, 0x20, 0xA0, 0xE1
	.byte 0x01, 0x30, 0xA0, 0xE1, 0x04, 0x00, 0xA0, 0xE1, 0x0A, 0x10, 0xA0, 0xE1, 0x25, 0x0C, 0x00, 0xEB
	.byte 0x00, 0x20, 0xA0, 0xE1, 0x01, 0x30, 0xA0, 0xE1, 0xB0, 0x02, 0x1F, 0xE5, 0xB0, 0x12, 0x1F, 0xE5
	.byte 0x67, 0x0A, 0x00, 0xEB, 0x00, 0x20, 0xA0, 0xE1, 0x01, 0x30, 0xA0, 0xE1, 0x04, 0x00, 0xA0, 0xE1
	.byte 0x0A, 0x10, 0xA0, 0xE1, 0x1B, 0x0C, 0x00, 0xEB, 0x00, 0x20, 0xA0, 0xE1, 0x01, 0x30, 0xA0, 0xE1
	.byte 0xD0, 0x02, 0x1F, 0xE5, 0xD0, 0x12, 0x1F, 0xE5, 0x5D, 0x0A, 0x00, 0xEB, 0x00, 0x20, 0xA0, 0xE1
	.byte 0x01, 0x30, 0xA0, 0xE1, 0x04, 0x00, 0xA0, 0xE1, 0x0A, 0x10, 0xA0, 0xE1, 0x11, 0x0C, 0x00, 0xEB
	.byte 0x00, 0x20, 0xA0, 0xE1, 0x01, 0x30, 0xA0, 0xE1, 0xF0, 0x02, 0x1F, 0xE5, 0xF0, 0x12, 0x1F, 0xE5
	.byte 0x53, 0x0A, 0x00, 0xEB, 0x00, 0x20, 0xA0, 0xE1, 0x01, 0x30, 0xA0, 0xE1, 0x04, 0x00, 0xA0, 0xE1
	.byte 0x0A, 0x10, 0xA0, 0xE1, 0x07, 0x0C, 0x00, 0xEB, 0x00, 0x20, 0xA0, 0xE1, 0x01, 0x30, 0xA0, 0xE1
	.byte 0x10, 0x03, 0x1F, 0xE5, 0x10, 0x13, 0x1F, 0xE5, 0x49, 0x0A, 0x00, 0xEB, 0x00, 0x20, 0xA0, 0xE1
	.byte 0x01, 0x30, 0xA0, 0xE1, 0x30, 0x00, 0x9D, 0xE5, 0x0B, 0x10, 0xA0, 0xE1, 0xFD, 0x0B, 0x00, 0xEB
	.byte 0x00, 0x40, 0xA0, 0xE1, 0x01, 0xA0, 0xA0, 0xE1, 0x40, 0x00, 0x9D, 0xE5, 0x24, 0x20, 0x9D, 0xE5
	.byte 0x09, 0x10, 0xA0, 0xE1, 0x09, 0x30, 0xA0, 0xE1, 0x3D, 0x0A, 0x00, 0xEB, 0x00, 0x20, 0xA0, 0xE1
	.byte 0x01, 0x30, 0xA0, 0xE1, 0x2C, 0x00, 0x9D, 0xE5, 0x14, 0x10, 0x9D, 0xE5, 0xF1, 0x0B, 0x00, 0xEB
	.byte 0x00, 0x20, 0xA0, 0xE1, 0x01, 0x30, 0xA0, 0xE1, 0x04, 0x00, 0xA0, 0xE1, 0x0A, 0x10, 0xA0, 0xE1
	.byte 0x33, 0x0A, 0x00, 0xEB, 0x00, 0x40, 0xA0, 0xE1, 0x40, 0x00, 0x9D, 0xE5, 0x01, 0xA0, 0xA0, 0xE1
	.byte 0x09, 0x10, 0xA0, 0xE1, 0x00, 0x20, 0xA0, 0xE1, 0x01, 0x30, 0xA0, 0xE1, 0xE5, 0x0B, 0x00, 0xEB
	.byte 0x0C, 0x10, 0x8D, 0xE5, 0x00, 0xB0, 0xA0, 0xE1, 0x08, 0x14, 0x1F, 0xE5, 0x0C, 0x30, 0x9D, 0xE5
	.byte 0x00, 0x00, 0xA0, 0xE3, 0x06, 0x17, 0x81, 0xE2, 0x0B, 0x20, 0xA0, 0xE1, 0x24, 0x0A, 0x00, 0xEB
	.byte 0x04, 0x20, 0xA0, 0xE1, 0x0A, 0x30, 0xA0, 0xE1, 0x21, 0x0A, 0x00, 0xEB, 0x2C, 0x04, 0x1F, 0xE5
	.byte 0x3C, 0x10, 0x8D, 0xE5, 0x06, 0x37, 0x80, 0xE2, 0x00, 0x00, 0xA0, 0xE3, 0x00, 0x20, 0xA0, 0xE1
	.byte 0x38, 0x00, 0x8D, 0xE5, 0xE6, 0x0A, 0x00, 0xEB, 0x0C, 0x30, 0x9D, 0xE5, 0x0B, 0x20, 0xA0, 0xE1
	.byte 0xE3, 0x0A, 0x00, 0xEB, 0x00, 0x20, 0xA0, 0xE1, 0x01, 0x30, 0xA0, 0xE1, 0x04, 0x00, 0xA0, 0xE1
	.byte 0x0A, 0x10, 0xA0, 0xE1, 0xDE, 0x0A, 0x00, 0xEB, 0x34, 0x00, 0x8D, 0xE5, 0x04, 0x10, 0x8D, 0xE5
	.byte 0x40, 0x00, 0x9D, 0xE5, 0x38, 0x20, 0x9D, 0xE5, 0x3C, 0x30, 0x9D, 0xE5, 0x09, 0x10, 0xA0, 0xE1
	.byte 0xC4, 0x0B, 0x00, 0xEB, 0x00, 0x40, 0xA0, 0xE1, 0x01, 0xA0, 0xA0, 0xE1, 0x2C, 0x00, 0x9D, 0xE5
	.byte 0x14, 0x10, 0x9D, 0xE5, 0x38, 0x20, 0x9D, 0xE5, 0x3C, 0x30, 0x9D, 0xE5, 0xBD, 0x0B, 0x00, 0xEB
	.byte 0x09, 0x30, 0xA0, 0xE1, 0x00, 0xB0, 0xA0, 0xE1, 0x01, 0x90, 0xA0, 0xE1, 0x24, 0x20, 0x9D, 0xE5
	.byte 0x34, 0x00, 0x9D, 0xE5, 0x04, 0x10, 0x9D, 0xE5, 0xB6, 0x0B, 0x00, 0xEB, 0x00, 0x20, 0xA0, 0xE1
	.byte 0x01, 0x30, 0xA0, 0xE1, 0x0B, 0x00, 0xA0, 0xE1, 0x09, 0x10, 0xA0, 0xE1, 0xF8, 0x09, 0x00, 0xEB
	.byte 0x00, 0x90, 0xA0, 0xE1, 0x01, 0xB0, 0xA0, 0xE1, 0x04, 0x00, 0xA0, 0xE1, 0x0A, 0x10, 0xA0, 0xE1
	.byte 0x09, 0x20, 0xA0, 0xE1, 0x0B, 0x30, 0xA0, 0xE1, 0xF1, 0x09, 0x00, 0xEB, 0x00, 0x00, 0xA0, 0xE3
	.byte 0x04, 0x20, 0xA0, 0xE1, 0x0A, 0x30, 0xA0, 0xE1, 0x64, 0x10, 0x8D, 0xE5, 0x60, 0x00, 0x8D, 0xE5
	.byte 0xB7, 0x0A, 0x00, 0xEB, 0x00, 0x20, 0xA0, 0xE1, 0x01, 0x30, 0xA0, 0xE1, 0x09, 0x00, 0xA0, 0xE1
	.byte 0x0B, 0x10, 0xA0, 0xE1, 0xB2, 0x0A, 0x00, 0xEB, 0x01, 0x90, 0xA0, 0xE1, 0x00, 0xB0, 0xA0, 0xE1
	.byte 0x60, 0x20, 0x9D, 0xE5, 0xAC, 0x14, 0x1F, 0xE5, 0x64, 0x30, 0x9D, 0xE5, 0x0E, 0x02, 0xA0, 0xE3
	.byte 0x98, 0x0B, 0x00, 0xEB, 0x00, 0x40, 0xA0, 0xE1, 0x01, 0xA0, 0xA0, 0xE1, 0xC0, 0x04, 0x1F, 0xE5
	.byte 0xC0, 0x14, 0x1F, 0xE5, 0x60, 0x20, 0x9D, 0xE5, 0x64, 0x30, 0x9D, 0xE5, 0x91, 0x0B, 0x00, 0xEB
	.byte 0x0B, 0x20, 0xA0, 0xE1, 0x09, 0x30, 0xA0, 0xE1, 0x00, 0xB0, 0xA0, 0xE1, 0x01, 0x90, 0xA0, 0xE1
	.byte 0xE8, 0x14, 0x1F, 0xE5, 0xE0, 0x04, 0x1F, 0xE5, 0x8A, 0x0B, 0x00, 0xEB, 0x00, 0x20, 0xA0, 0xE1
	.byte 0x01, 0x30, 0xA0, 0xE1, 0x0B, 0x00, 0xA0, 0xE1, 0x09, 0x10, 0xA0, 0xE1, 0xCC, 0x09, 0x00, 0xEB
	.byte 0x00, 0x20, 0xA0, 0xE1, 0xFC, 0x04, 0x1F, 0xE5, 0x01, 0x30, 0xA0, 0xE1, 0x88, 0x11, 0x80, 0xE0
	.byte 0x03, 0x00, 0x91, 0xE8, 0xC6, 0x09, 0x00, 0xEB, 0x00, 0x90, 0xA0, 0xE1, 0x06, 0x00, 0xA0, 0xE1
	.byte 0x01, 0x60, 0xA0, 0xE1, 0x95, 0x0C, 0x00, 0xEB, 0x48, 0x00, 0x8D, 0xE5, 0x4C, 0x10, 0x8D, 0xE5
	.byte 0x04, 0x00, 0xA0, 0xE1, 0x0A, 0x10, 0xA0, 0xE1, 0x09, 0x20, 0xA0, 0xE1, 0x06, 0x30, 0xA0, 0xE1
	.byte 0xBB, 0x09, 0x00, 0xEB, 0x38, 0xB5, 0x1F, 0xE5, 0x88, 0x21, 0x8B, 0xE0, 0x04, 0x30, 0x92, 0xE5
	.byte 0x88, 0x21, 0x9B, 0xE7, 0xB6, 0x09, 0x00, 0xEB, 0x00, 0x20, 0xA0, 0xE1, 0x01, 0x30, 0xA0, 0xE1
	.byte 0x48, 0x00, 0x9D, 0xE5, 0x4C, 0x10, 0x9D, 0xE5, 0xB1, 0x09, 0x00, 0xEB, 0x00, 0x00, 0xA0, 0xE3
	.byte 0x48, 0x20, 0x9D, 0xE5, 0x4C, 0x30, 0x9D, 0xE5, 0x54, 0x10, 0x8D, 0xE5, 0x50, 0x00, 0x8D, 0xE5
	.byte 0x77, 0x0A, 0x00, 0xEB, 0x88, 0x31, 0x8B, 0xE0, 0x0C, 0x00, 0x93, 0xE8, 0x74, 0x0A, 0x00, 0xEB
	.byte 0x04, 0x20, 0xA0, 0xE1, 0x0A, 0x30, 0xA0, 0xE1, 0x71, 0x0A, 0x00, 0xEB, 0x00, 0x20, 0xA0, 0xE1
	.byte 0x01, 0x30, 0xA0, 0xE1, 0x09, 0x00, 0xA0, 0xE1, 0x06, 0x10, 0xA0, 0xE1, 0x6C, 0x0A, 0x00, 0xEB
	.byte 0x00, 0x40, 0xA0, 0xE1, 0x01, 0x60, 0xA0, 0xE1, 0x01, 0x00, 0x45, 0xE2, 0x00, 0x00, 0x97, 0xE1
	.byte 0xAC, 0x10, 0x9D, 0xE5, 0x44, 0x76, 0x1F, 0xE5, 0x00, 0x20, 0xA0, 0xE3, 0xA8, 0x00, 0x9D, 0xE5
	.byte 0x01, 0x30, 0xA0, 0xE1, 0x00, 0x80, 0xA0, 0xE3, 0x02, 0x71, 0x47, 0x02, 0x5C, 0x10, 0x8D, 0xE5
	.byte 0x58, 0x20, 0x8D, 0xE5, 0x5E, 0x0A, 0x00, 0xEB, 0x00, 0x20, 0xA0, 0xE1, 0x01, 0x30, 0xA0, 0xE1
	.byte 0x50, 0x00, 0x9D, 0xE5, 0x54, 0x10, 0x9D, 0xE5, 0x46, 0x0B, 0x00, 0xEB, 0x00, 0x50, 0xA0, 0xE1
	.byte 0x01, 0x90, 0xA0, 0xE1, 0xA8, 0x00, 0x9D, 0xE5, 0xAC, 0x10, 0x9D, 0xE5, 0x04, 0x20, 0xA0, 0xE1
	.byte 0x06, 0x30, 0xA0, 0xE1, 0x3F, 0x0B, 0x00, 0xEB, 0x00, 0x20, 0xA0, 0xE1, 0x01, 0x30, 0xA0, 0xE1
	.byte 0x05, 0x00, 0xA0, 0xE1, 0x09, 0x10, 0xA0, 0xE1, 0x81, 0x09, 0x00, 0xEB, 0x00, 0x50, 0xA0, 0xE1
	.byte 0x01, 0x90, 0xA0, 0xE1, 0x58, 0x00, 0x9D, 0xE5, 0x5C, 0x10, 0x9D, 0xE5, 0x50, 0x20, 0x9D, 0xE5
	.byte 0x54, 0x30, 0x9D, 0xE5, 0x33, 0x0B, 0x00, 0xEB, 0x00, 0x20, 0xA0, 0xE1, 0x01, 0x30, 0xA0, 0xE1
	.byte 0x05, 0x00, 0xA0, 0xE1, 0x09, 0x10, 0xA0, 0xE1, 0x60, 0x20, 0x8D, 0xE5, 0x64, 0x30, 0x8D, 0xE5
	.byte 0x73, 0x09, 0x00, 0xEB, 0x01, 0x40, 0xA0, 0xE1, 0x58, 0x26, 0x1F, 0xE5, 0x70, 0x00, 0x8D, 0xE5
	.byte 0x74, 0x40, 0x8D, 0xE5, 0x02, 0x00, 0x54, 0xE1, 0x35, 0x00, 0x00, 0xBA, 0xF7, 0x16, 0x84, 0xE2
	.byte 0x0B, 0x12, 0x81, 0xE2, 0x00, 0x00, 0x91, 0xE1, 0x0F, 0x00, 0x00, 0x0A, 0x78, 0x56, 0x1F, 0xE5
	.byte 0x78, 0x46, 0x1F, 0xE5, 0x05, 0x00, 0xA0, 0xE1, 0x04, 0x10, 0xA0, 0xE1, 0x08, 0x20, 0xA0, 0xE1
	.byte 0x07, 0x30, 0xA0, 0xE1, 0x1B, 0x0B, 0x00, 0xEB, 0x00, 0x20, 0xA0, 0xE1, 0x01, 0x30, 0xA0, 0xE1
	.byte 0x05, 0x00, 0xA0, 0xE1, 0x04, 0x10, 0xA0, 0xE1, 0x16, 0x0B, 0x00, 0xEB, 0x78, 0xD0, 0x8D, 0xE2
	.byte 0xF8, 0x4F, 0xBD, 0xE8, 0x10, 0xD0, 0x8D, 0xE2, 0x1E, 0xFF, 0x2F, 0xE1, 0x14, 0x07, 0x1F, 0xE5
	.byte 0xB4, 0x16, 0x1F, 0xE5, 0x05, 0x20, 0xA0, 0xE1, 0x09, 0x30, 0xA0, 0xE1, 0x54, 0x09, 0x00, 0xEB
	.byte 0x00, 0x60, 0xA0, 0xE1, 0x01, 0xA0, 0xA0, 0xE1, 0x70, 0x00, 0x9D, 0xE5, 0x60, 0x20, 0x9D, 0xE5
	.byte 0x64, 0x30, 0x9D, 0xE5, 0x04, 0x10, 0xA0, 0xE1, 0x19, 0x0A, 0x00, 0xEB, 0x00, 0x20, 0xA0, 0xE1
	.byte 0x01, 0x30, 0xA0, 0xE1, 0x06, 0x00, 0xA0, 0xE1, 0x0A, 0x10, 0xA0, 0xE1, 0x60, 0x0C, 0x00, 0xEB
	.byte 0x40, 0x00, 0x00, 0x9A, 0x00, 0x57, 0x1F, 0xE5, 0x00, 0x47, 0x1F, 0xE5, 0x05, 0x00, 0xA0, 0xE1
	.byte 0x04, 0x10, 0xA0, 0xE1, 0x08, 0x20, 0xA0, 0xE1, 0x07, 0x30, 0xA0, 0xE1, 0xF9, 0x0A, 0x00, 0xEB
	.byte 0x00, 0x20, 0xA0, 0xE1, 0x01, 0x30, 0xA0, 0xE1, 0x05, 0x00, 0xA0, 0xE1, 0x04, 0x10, 0xA0, 0xE1
	.byte 0xF4, 0x0A, 0x00, 0xEB, 0x78, 0xD0, 0x8D, 0xE2, 0xF8, 0x4F, 0xBD, 0xE8, 0x10, 0xD0, 0x8D, 0xE2
	.byte 0x1E, 0xFF, 0x2F, 0xE1, 0x02, 0x31, 0xC4, 0xE3, 0x33, 0x2B, 0x82, 0xE2, 0x02, 0x00, 0x53, 0xE1
	.byte 0x2C, 0x00, 0x00, 0xBA, 0x44, 0x27, 0x1F, 0xE5, 0x02, 0x20, 0x84, 0xE0, 0x00, 0x20, 0x92, 0xE1
	.byte 0x0F, 0x00, 0x00, 0x0A, 0x50, 0x57, 0x1F, 0xE5, 0x50, 0x47, 0x1F, 0xE5, 0x05, 0x00, 0xA0, 0xE1
	.byte 0x04, 0x10, 0xA0, 0xE1, 0x08, 0x20, 0xA0, 0xE1, 0x07, 0x30, 0xA0, 0xE1, 0xE1, 0x0A, 0x00, 0xEB
	.byte 0x00, 0x20, 0xA0, 0xE1, 0x01, 0x30, 0xA0, 0xE1, 0x05, 0x00, 0xA0, 0xE1, 0x04, 0x10, 0xA0, 0xE1
	.byte 0xDC, 0x0A, 0x00, 0xEB, 0x78, 0xD0, 0x8D, 0xE2, 0xF8, 0x4F, 0xBD, 0xE8, 0x10, 0xD0, 0x8D, 0xE2
	.byte 0x1E, 0xFF, 0x2F, 0xE1, 0x60, 0x20, 0x9D, 0xE5, 0x64, 0x30, 0x9D, 0xE5, 0xE8, 0x09, 0x00, 0xEB
	.byte 0x00, 0x20, 0xA0, 0xE1, 0x01, 0x30, 0xA0, 0xE1, 0x05, 0x00, 0xA0, 0xE1, 0x09, 0x10, 0xA0, 0xE1
	.byte 0x55, 0x0C, 0x00, 0xEB, 0x0F, 0x00, 0x00, 0x8A, 0xB4, 0x57, 0x1F, 0xE5, 0xB4, 0x47, 0x1F, 0xE5
	.byte 0x05, 0x00, 0xA0, 0xE1, 0x04, 0x10, 0xA0, 0xE1, 0x08, 0x20, 0xA0, 0xE1, 0x07, 0x30, 0xA0, 0xE1
	.byte 0xC8, 0x0A, 0x00, 0xEB, 0x00, 0x20, 0xA0, 0xE1, 0x01, 0x30, 0xA0, 0xE1, 0x05, 0x00, 0xA0, 0xE1
	.byte 0x04, 0x10, 0xA0, 0xE1, 0xC3, 0x0A, 0x00, 0xEB, 0x78, 0xD0, 0x8D, 0xE2, 0xF8, 0x4F, 0xBD, 0xE8
	.byte 0x10, 0xD0, 0x8D, 0xE2, 0x1E, 0xFF, 0x2F, 0xE1, 0x8C, 0x08, 0x1F, 0xE5, 0x02, 0x31, 0xC4, 0xE3
	.byte 0x90, 0x18, 0x1F, 0xE5, 0x43, 0x2A, 0x80, 0xE0, 0x01, 0x00, 0x53, 0xE1, 0x00, 0x60, 0xA0, 0xE3
	.byte 0x17, 0x00, 0x00, 0xDA, 0x01, 0x16, 0xA0, 0xE3, 0x01, 0x20, 0x82, 0xE2, 0x51, 0x22, 0x84, 0xE0
	.byte 0x02, 0x31, 0xC2, 0xE3, 0x43, 0x0A, 0x80, 0xE0, 0x01, 0x30, 0x41, 0xE2, 0x53, 0x30, 0xE0, 0xE1
	.byte 0x01, 0x10, 0x41, 0xE2, 0x01, 0x10, 0x02, 0xE0, 0x03, 0x20, 0x02, 0xE0, 0x4C, 0x20, 0x8D, 0xE5
	.byte 0x48, 0x60, 0x8D, 0xE5, 0x01, 0x16, 0x81, 0xE3, 0x14, 0x00, 0x60, 0xE2, 0x51, 0x60, 0xA0, 0xE1
	.byte 0x00, 0x00, 0x54, 0xE3, 0x60, 0x00, 0x9D, 0xE5, 0x64, 0x10, 0x9D, 0xE5, 0x48, 0x20, 0x9D, 0xE5
	.byte 0x4C, 0x30, 0x9D, 0xE5, 0x00, 0x60, 0x66, 0xB2, 0xB5, 0x09, 0x00, 0xEB, 0x60, 0x00, 0x8D, 0xE5
	.byte 0x64, 0x10, 0x8D, 0xE5, 0x60, 0x20, 0x9D, 0xE5, 0x64, 0x30, 0x9D, 0xE5, 0x05, 0x00, 0xA0, 0xE1
	.byte 0x09, 0x10, 0xA0, 0xE1, 0xE2, 0x08, 0x00, 0xEB, 0x00, 0x00, 0xA0, 0xE3, 0x01, 0x30, 0xA0, 0xE1
	.byte 0x84, 0xB8, 0x1F, 0xE5, 0x00, 0x20, 0xA0, 0xE1, 0x0B, 0x10, 0xA0, 0xE1, 0x4C, 0x30, 0x8D, 0xE5
	.byte 0x48, 0x20, 0x8D, 0xE5, 0x93, 0x0A, 0x00, 0xEB, 0x00, 0x40, 0xA0, 0xE1, 0x01, 0xA0, 0xA0, 0xE1
	.byte 0x48, 0x00, 0x9D, 0xE5, 0x4C, 0x10, 0x9D, 0xE5, 0x60, 0x20, 0x9D, 0xE5, 0x64, 0x30, 0x9D, 0xE5
	.byte 0x9F, 0x09, 0x00, 0xEB, 0x00, 0x20, 0xA0, 0xE1, 0x01, 0x30, 0xA0, 0xE1, 0x05, 0x00, 0xA0, 0xE1
	.byte 0x09, 0x10, 0xA0, 0xE1, 0x9A, 0x09, 0x00, 0xEB, 0x00, 0x20, 0xA0, 0xE1, 0x01, 0x30, 0xA0, 0xE1
	.byte 0xD0, 0x08, 0x1F, 0xE5, 0x01, 0x10, 0x4B, 0xE2, 0x82, 0x0A, 0x00, 0xEB, 0x00, 0x50, 0xA0, 0xE1
	.byte 0x01, 0x90, 0xA0, 0xE1, 0xE0, 0x08, 0x1F, 0xE5, 0xE0, 0x18, 0x1F, 0xE5, 0x48, 0x20, 0x9D, 0xE5
	.byte 0x4C, 0x30, 0x9D, 0xE5, 0x7B, 0x0A, 0x00, 0xEB, 0x00, 0x20, 0xA0, 0xE1, 0x01, 0x30, 0xA0, 0xE1
	.byte 0x05, 0x00, 0xA0, 0xE1, 0x09, 0x10, 0xA0, 0xE1, 0xBD, 0x08, 0x00, 0xEB, 0x00, 0x50, 0xA0, 0xE1
	.byte 0x01, 0x90, 0xA0, 0xE1, 0x04, 0x00, 0xA0, 0xE1, 0x0A, 0x10, 0xA0, 0xE1, 0x05, 0x20, 0xA0, 0xE1
	.byte 0x09, 0x30, 0xA0, 0xE1, 0xB6, 0x08, 0x00, 0xEB, 0x04, 0x20, 0xA0, 0xE1, 0x0A, 0x30, 0xA0, 0xE1
	.byte 0x70, 0x00, 0x8D, 0xE5, 0x74, 0x10, 0x8D, 0xE5, 0x7D, 0x09, 0x00, 0xEB, 0x00, 0x20, 0xA0, 0xE1
	.byte 0x01, 0x30, 0xA0, 0xE1, 0x05, 0x00, 0xA0, 0xE1, 0x09, 0x10, 0xA0, 0xE1, 0x78, 0x09, 0x00, 0xEB
	.byte 0x00, 0x50, 0xA0, 0xE1, 0x01, 0x90, 0xA0, 0xE1, 0x70, 0x00, 0x9D, 0xE5, 0x74, 0x10, 0x9D, 0xE5
	.byte 0x00, 0x20, 0xA0, 0xE1, 0x01, 0x30, 0xA0, 0xE1, 0x5E, 0x0A, 0x00, 0xEB, 0x00, 0x20, 0xA0, 0xE1
	.byte 0x01, 0x30, 0xA0, 0xE1, 0x68, 0x09, 0x1F, 0xE5, 0x68, 0x19, 0x1F, 0xE5, 0x48, 0x20, 0x8D, 0xE5
	.byte 0x4C, 0x30, 0x8D, 0xE5, 0x57, 0x0A, 0x00, 0xEB, 0x00, 0x20, 0xA0, 0xE1, 0x01, 0x30, 0xA0, 0xE1
	.byte 0x7C, 0x09, 0x1F, 0xE5, 0x7C, 0x19, 0x1F, 0xE5, 0x99, 0x08, 0x00, 0xEB, 0x00, 0x20, 0xA0, 0xE1
	.byte 0x01, 0x30, 0xA0, 0xE1, 0x48, 0x00, 0x9D, 0xE5, 0x4C, 0x10, 0x9D, 0xE5, 0x4D, 0x0A, 0x00, 0xEB
	.byte 0x00, 0x20, 0xA0, 0xE1, 0x01, 0x30, 0xA0, 0xE1, 0x9C, 0x09, 0x1F, 0xE5, 0x9C, 0x19, 0x1F, 0xE5
	.byte 0x8F, 0x08, 0x00, 0xEB, 0x00, 0x20, 0xA0, 0xE1, 0x01, 0x30, 0xA0, 0xE1, 0x48, 0x00, 0x9D, 0xE5
	.byte 0x4C, 0x10, 0x9D, 0xE5, 0x43, 0x0A, 0x00, 0xEB, 0x00, 0x20, 0xA0, 0xE1, 0x01, 0x30, 0xA0, 0xE1
	.byte 0xBC, 0x09, 0x1F, 0xE5, 0xBC, 0x19, 0x1F, 0xE5, 0x85, 0x08, 0x00, 0xEB, 0x00, 0x20, 0xA0, 0xE1
	.byte 0x01, 0x30, 0xA0, 0xE1, 0x48, 0x00, 0x9D, 0xE5, 0x4C, 0x10, 0x9D, 0xE5, 0x39, 0x0A, 0x00, 0xEB
	.byte 0x00, 0x20, 0xA0, 0xE1, 0x01, 0x30, 0xA0, 0xE1, 0xDC, 0x09, 0x1F, 0xE5, 0xDC, 0x19, 0x1F, 0xE5
	.byte 0x7B, 0x08, 0x00, 0xEB, 0x00, 0x20, 0xA0, 0xE1, 0x01, 0x30, 0xA0, 0xE1, 0x48, 0x00, 0x9D, 0xE5
	.byte 0x4C, 0x10, 0x9D, 0xE5, 0x2F, 0x0A, 0x00, 0xEB, 0x00, 0x20, 0xA0, 0xE1, 0x01, 0x30, 0xA0, 0xE1
	.byte 0x70, 0x00, 0x9D, 0xE5, 0x74, 0x10, 0x9D, 0xE5, 0x3D, 0x09, 0x00, 0xEB, 0x00, 0x20, 0xA0, 0xE1
	.byte 0x01, 0x30, 0xA0, 0xE1, 0x70, 0x00, 0x9D, 0xE5, 0x74, 0x10, 0x9D, 0xE5, 0x50, 0x20, 0x8D, 0xE5
	.byte 0x54, 0x30, 0x8D, 0xE5, 0x23, 0x0A, 0x00, 0xEB, 0x00, 0x40, 0xA0, 0xE1, 0x01, 0xA0, 0xA0, 0xE1
	.byte 0x01, 0xB1, 0xA0, 0xE3, 0x50, 0x00, 0x9D, 0xE5, 0x54, 0x10, 0x9D, 0xE5, 0x00, 0x20, 0xA0, 0xE3
	.byte 0x0B, 0x30, 0xA0, 0xE1, 0x2E, 0x09, 0x00, 0xEB, 0x00, 0x20, 0xA0, 0xE1, 0x01, 0x30, 0xA0, 0xE1
	.byte 0x04, 0x00, 0xA0, 0xE1, 0x0A, 0x10, 0xA0, 0xE1, 0xD4, 0x11, 0x00, 0xEB, 0x00, 0x40, 0xA0, 0xE1
	.byte 0x01, 0xA0, 0xA0, 0xE1, 0x70, 0x00, 0x9D, 0xE5, 0x74, 0x10, 0x9D, 0xE5, 0x05, 0x20, 0xA0, 0xE1
	.byte 0x09, 0x30, 0xA0, 0xE1, 0x0F, 0x0A, 0x00, 0xEB, 0x00, 0x20, 0xA0, 0xE1, 0x01, 0x30, 0xA0, 0xE1
	.byte 0x05, 0x00, 0xA0, 0xE1, 0x09, 0x10, 0xA0, 0xE1, 0x51, 0x08, 0x00, 0xEB, 0x00, 0x20, 0xA0, 0xE1
	.byte 0x01, 0x30, 0xA0, 0xE1, 0x04, 0x00, 0xA0, 0xE1, 0x0A, 0x10, 0xA0, 0xE1, 0x18, 0x09, 0x00, 0xEB
	.byte 0x70, 0x20, 0x9D, 0xE5, 0x74, 0x30, 0x9D, 0xE5, 0x15, 0x09, 0x00, 0xEB, 0x00, 0x20, 0xA0, 0xE1
	.byte 0x01, 0x30, 0xA0, 0xE1, 0x00, 0x00, 0xA0, 0xE3, 0x01, 0x16, 0x4B, 0xE2, 0x10, 0x09, 0x00, 0xEB
	.byte 0x06, 0x3A, 0x81, 0xE0, 0x43, 0x2A, 0xA0, 0xE1, 0x70, 0x00, 0x8D, 0xE5, 0x00, 0x00, 0x52, 0xE3
	.byte 0x74, 0x10, 0x8D, 0xE5, 0x70, 0x00, 0x8D, 0xC2, 0x04, 0x30, 0x80, 0xC5, 0x03, 0x00, 0x00, 0xCA
	.byte 0x06, 0x20, 0xA0, 0xE1, 0x9D, 0xFB, 0xFF, 0xEB, 0x70, 0x00, 0x8D, 0xE5, 0x74, 0x10, 0x8D, 0xE5
	.byte 0x70, 0x20, 0x9D, 0xE5, 0x74, 0x30, 0x9D, 0xE5, 0x08, 0x00, 0xA0, 0xE1, 0x07, 0x10, 0xA0, 0xE1
	.byte 0xEC, 0x09, 0x00, 0xEB, 0x78, 0xD0, 0x8D, 0xE2, 0xF8, 0x4F, 0xBD, 0xE8, 0x10, 0xD0, 0x8D, 0xE2
	.byte 0x1E, 0xFF, 0x2F, 0xE1, 0x0F, 0x00, 0x2D, 0xE9, 0xF8, 0x4F, 0x2D, 0xE9, 0x70, 0xD0, 0x4D, 0xE2
	.byte 0x9C, 0x70, 0x9D, 0xE5, 0x80, 0x46, 0x9F, 0xE5, 0x02, 0x61, 0xC7, 0xE3, 0x02, 0xA0, 0xA0, 0xE1
	.byte 0x04, 0x00, 0x56, 0xE1, 0x74, 0x86, 0x9F, 0xE5, 0x00, 0x50, 0xA0, 0xE3, 0x09, 0x00, 0x00, 0xCA
	.byte 0x98, 0x20, 0x9D, 0xE5, 0x9C, 0x30, 0x9D, 0xE5, 0x05, 0x00, 0xA0, 0xE1, 0x0C, 0x00, 0x8A, 0xE8
	.byte 0x70, 0xD0, 0x8D, 0xE2, 0x08, 0x00, 0x8A, 0xE5, 0x0C, 0x00, 0x8A, 0xE5, 0xF8, 0x4F, 0xBD, 0xE8
	.byte 0x10, 0xD0, 0x8D, 0xE2, 0x1E, 0xFF, 0x2F, 0xE1, 0x44, 0x06, 0x9F, 0xE5, 0x00, 0x00, 0x56, 0xE1
	.byte 0x6D, 0x00, 0x00, 0xAA, 0x00, 0x00, 0x57, 0xE3, 0x31, 0x00, 0x00, 0xDA, 0x98, 0x00, 0x9D, 0xE5
	.byte 0x9C, 0x10, 0x9D, 0xE5, 0x2C, 0x26, 0x9F, 0xE5, 0x01, 0x36, 0x84, 0xE2, 0xDC, 0x08, 0x00, 0xEB
	.byte 0x01, 0x26, 0x84, 0xE2, 0x50, 0x00, 0x8D, 0xE5, 0x54, 0x10, 0x8D, 0xE5, 0x02, 0x00, 0x56, 0xE1
	.byte 0x0D, 0x00, 0x00, 0x0A, 0x10, 0x46, 0x9F, 0xE5, 0x08, 0x30, 0xA0, 0xE1, 0x04, 0x20, 0xA0, 0xE1
	.byte 0xD3, 0x08, 0x00, 0xEB, 0x00, 0x20, 0xA0, 0xE1, 0x01, 0x30, 0xA0, 0xE1, 0x50, 0x00, 0x9D, 0xE5
	.byte 0x54, 0x10, 0x9D, 0xE5, 0x0C, 0x00, 0x8A, 0xE8, 0xCD, 0x08, 0x00, 0xEB, 0x04, 0x20, 0xA0, 0xE1
	.byte 0x08, 0x30, 0xA0, 0xE1, 0xCA, 0x08, 0x00, 0xEB, 0x12, 0x00, 0x00, 0xEA, 0xDC, 0x25, 0x9F, 0xE5
	.byte 0xC8, 0x35, 0x9F, 0xE5, 0xC6, 0x08, 0x00, 0xEB, 0xD4, 0x55, 0x9F, 0xE5, 0xD4, 0x45, 0x9F, 0xE5
	.byte 0x05, 0x20, 0xA0, 0xE1, 0x04, 0x30, 0xA0, 0xE1, 0x50, 0x00, 0x8D, 0xE5, 0x54, 0x10, 0x8D, 0xE5
	.byte 0xBF, 0x08, 0x00, 0xEB, 0x00, 0x20, 0xA0, 0xE1, 0x01, 0x30, 0xA0, 0xE1, 0x50, 0x00, 0x9D, 0xE5
	.byte 0x54, 0x10, 0x9D, 0xE5, 0x0C, 0x00, 0x8A, 0xE8, 0xB9, 0x08, 0x00, 0xEB, 0x05, 0x20, 0xA0, 0xE1
	.byte 0x04, 0x30, 0xA0, 0xE1, 0xB6, 0x08, 0x00, 0xEB, 0x70, 0xD0, 0x8D, 0xE2, 0x08, 0x00, 0x8A, 0xE5
	.byte 0x0C, 0x10, 0x8A, 0xE5, 0x01, 0x00, 0xA0, 0xE3, 0xF8, 0x4F, 0xBD, 0xE8, 0x10, 0xD0, 0x8D, 0xE2
	.byte 0x1E, 0xFF, 0x2F, 0xE1, 0x98, 0x20, 0x9D, 0xE5, 0x9C, 0x30, 0x9D, 0xE5, 0x64, 0x05, 0x9F, 0xE5
	.byte 0x01, 0x16, 0x84, 0xE2, 0xDE, 0x07, 0x00, 0xEB, 0x00, 0x20, 0xA0, 0xE1, 0x01, 0x30, 0xA0, 0xE1
	.byte 0x01, 0x46, 0x84, 0xE2, 0x50, 0x20, 0x8D, 0xE5, 0x54, 0x30, 0x8D, 0xE5, 0x04, 0x00, 0x56, 0xE1
	.byte 0x0F, 0x00, 0x00, 0x0A, 0x40, 0x45, 0x9F, 0xE5, 0x08, 0x10, 0xA0, 0xE1, 0x04, 0x00, 0xA0, 0xE1
	.byte 0xD3, 0x07, 0x00, 0xEB, 0x00, 0x20, 0xA0, 0xE1, 0x01, 0x30, 0xA0, 0xE1, 0x50, 0x00, 0x9D, 0xE5
	.byte 0x54, 0x10, 0x9D, 0xE5, 0x0C, 0x00, 0x8A, 0xE8, 0x99, 0x08, 0x00, 0xEB, 0x00, 0x20, 0xA0, 0xE1
	.byte 0x01, 0x30, 0xA0, 0xE1, 0x04, 0x00, 0xA0, 0xE1, 0x08, 0x10, 0xA0, 0xE1, 0xC8, 0x07, 0x00, 0xEB
	.byte 0x16, 0x00, 0x00, 0xEA, 0x04, 0x25, 0x9F, 0xE5, 0xF0, 0x34, 0x9F, 0xE5, 0xC4, 0x07, 0x00, 0xEB
	.byte 0x00, 0x20, 0xA0, 0xE1, 0xF8, 0x54, 0x9F, 0xE5, 0x01, 0x30, 0xA0, 0xE1, 0xF4, 0x44, 0x9F, 0xE5
	.byte 0x05, 0x00, 0xA0, 0xE1, 0x04, 0x10, 0xA0, 0xE1, 0x50, 0x20, 0x8D, 0xE5, 0x54, 0x30, 0x8D, 0xE5
	.byte 0xBB, 0x07, 0x00, 0xEB, 0x00, 0x20, 0xA0, 0xE1, 0x01, 0x30, 0xA0, 0xE1, 0x50, 0x00, 0x9D, 0xE5
	.byte 0x54, 0x10, 0x9D, 0xE5, 0x0C, 0x00, 0x8A, 0xE8, 0x81, 0x08, 0x00, 0xEB, 0x00, 0x20, 0xA0, 0xE1
	.byte 0x01, 0x30, 0xA0, 0xE1, 0x05, 0x00, 0xA0, 0xE1, 0x04, 0x10, 0xA0, 0xE1, 0xB0, 0x07, 0x00, 0xEB
	.byte 0x70, 0xD0, 0x8D, 0xE2, 0x08, 0x00, 0x8A, 0xE5, 0x0C, 0x10, 0x8A, 0xE5, 0x00, 0x00, 0xE0, 0xE3
	.byte 0xF8, 0x4F, 0xBD, 0xE8, 0x10, 0xD0, 0x8D, 0xE2, 0x1E, 0xFF, 0x2F, 0xE1, 0x15, 0x06, 0x84, 0xE2
	.byte 0x00, 0x00, 0x56, 0xE1, 0xB9, 0x00, 0x00, 0xCA, 0x98, 0x00, 0x9D, 0xE5, 0x9C, 0x10, 0x9D, 0xE5
	.byte 0xE3, 0x05, 0x00, 0xEB, 0x24, 0x10, 0x8D, 0xE5, 0x00, 0x90, 0xA0, 0xE1, 0x78, 0x04, 0x9F, 0xE5
	.byte 0x78, 0x14, 0x9F, 0xE5, 0x24, 0x30, 0x9D, 0xE5, 0x09, 0x20, 0xA0, 0xE1, 0x55, 0x09, 0x00, 0xEB
	.byte 0x01, 0x30, 0xA0, 0xE1, 0x00, 0x20, 0xA0, 0xE1, 0x64, 0x14, 0x9F, 0xE5, 0x05, 0x00, 0xA0, 0xE1
	.byte 0x97, 0x07, 0x00, 0xEB, 0xD7, 0x0D, 0x00, 0xEB, 0x00, 0x50, 0xA0, 0xE1, 0x67, 0x0A, 0x00, 0xEB
	.byte 0x00, 0xB0, 0xA0, 0xE1, 0x01, 0x80, 0xA0, 0xE1, 0x28, 0x04, 0x9F, 0xE5, 0x01, 0x16, 0x84, 0xE2
	.byte 0x0B, 0x20, 0xA0, 0xE1, 0x08, 0x30, 0xA0, 0xE1, 0x46, 0x09, 0x00, 0xEB, 0x01, 0x30, 0xA0, 0xE1
	.byte 0x00, 0x20, 0xA0, 0xE1, 0x24, 0x10, 0x9D, 0xE5, 0x09, 0x00, 0xA0, 0xE1, 0x54, 0x08, 0x00, 0xEB
	.byte 0x00, 0x40, 0xA0, 0xE1, 0x01, 0x90, 0xA0, 0xE1, 0xFC, 0x03, 0x9F, 0xE5, 0xEC, 0x13, 0x9F, 0xE5
	.byte 0x0B, 0x20, 0xA0, 0xE1, 0x08, 0x30, 0xA0, 0xE1, 0x3A, 0x09, 0x00, 0xEB, 0x28, 0x00, 0x8D, 0xE5
	.byte 0x0C, 0x10, 0x8D, 0xE5, 0x20, 0x00, 0x55, 0xE3, 0x05, 0x00, 0x00, 0xAA, 0xF4, 0x03, 0x9F, 0xE5
	.byte 0x01, 0x10, 0x45, 0xE2, 0x01, 0x01, 0x90, 0xE7, 0x00, 0x00, 0x56, 0xE1, 0x00, 0x00, 0x00, 0x0A
	.byte 0x63, 0x00, 0x00, 0xEA, 0x28, 0x20, 0x9D, 0xE5, 0x0C, 0x30, 0x9D, 0xE5, 0x04, 0x00, 0xA0, 0xE1
	.byte 0x09, 0x10, 0xA0, 0xE1, 0x3E, 0x08, 0x00, 0xEB, 0x00, 0x00, 0x8A, 0xE5, 0xC8, 0x03, 0x9F, 0xE5
	.byte 0x04, 0x10, 0x8A, 0xE5, 0x41, 0x0A, 0x00, 0xE0, 0x46, 0x0A, 0x60, 0xE0, 0x10, 0x00, 0x50, 0xE3
	.byte 0x5D, 0x00, 0x00, 0xDA, 0x94, 0x03, 0x9F, 0xE5, 0x80, 0x13, 0x9F, 0xE5, 0x0B, 0x20, 0xA0, 0xE1
	.byte 0x08, 0x30, 0xA0, 0xE1, 0x30, 0x40, 0x8D, 0xE5, 0x34, 0x90, 0x8D, 0xE5, 0x1D, 0x09, 0x00, 0xEB
	.byte 0x40, 0x00, 0x8D, 0xE5, 0x1C, 0x10, 0x8D, 0xE5, 0x40, 0x20, 0x9D, 0xE5, 0x1C, 0x30, 0x9D, 0xE5
	.byte 0x04, 0x00, 0xA0, 0xE1, 0x09, 0x10, 0xA0, 0xE1, 0x29, 0x08, 0x00, 0xEB, 0x01, 0x90, 0xA0, 0xE1
	.byte 0x44, 0x00, 0x8D, 0xE5, 0x00, 0x40, 0xA0, 0xE1, 0x54, 0x03, 0x9F, 0xE5, 0x54, 0x13, 0x9F, 0xE5
	.byte 0x0B, 0x20, 0xA0, 0xE1, 0x08, 0x30, 0xA0, 0xE1, 0x0E, 0x09, 0x00, 0xEB, 0x48, 0x00, 0x8D, 0xE5
	.byte 0x14, 0x10, 0x8D, 0xE5, 0x30, 0x00, 0x9D, 0xE5, 0x34, 0x10, 0x9D, 0xE5, 0x44, 0x20, 0x9D, 0xE5
	.byte 0x09, 0x30, 0xA0, 0xE1, 0x1A, 0x08, 0x00, 0xEB, 0x40, 0x20, 0x9D, 0xE5, 0x1C, 0x30, 0x9D, 0xE5
	.byte 0x17, 0x08, 0x00, 0xEB, 0x00, 0x20, 0xA0, 0xE1, 0x01, 0x30, 0xA0, 0xE1, 0x48, 0x00, 0x9D, 0xE5
	.byte 0x14, 0x10, 0x9D, 0xE5, 0x12, 0x08, 0x00, 0xEB, 0x28, 0x00, 0x8D, 0xE5, 0x0C, 0x10, 0x8D, 0xE5
	.byte 0x44, 0x00, 0x9D, 0xE5, 0x28, 0x20, 0x9D, 0xE5, 0x0C, 0x30, 0x9D, 0xE5, 0x09, 0x10, 0xA0, 0xE1
	.byte 0x0B, 0x08, 0x00, 0xEB, 0x00, 0x00, 0x8A, 0xE5, 0xFC, 0x02, 0x9F, 0xE5, 0x04, 0x10, 0x8A, 0xE5
	.byte 0x41, 0x0A, 0x00, 0xE0, 0x46, 0x0A, 0x60, 0xE0, 0x31, 0x00, 0x50, 0xE3, 0x2A, 0x00, 0x00, 0xDA
	.byte 0xD0, 0x12, 0x9F, 0xE5, 0x0B, 0x20, 0xA0, 0xE1, 0x08, 0x30, 0xA0, 0xE1, 0x2E, 0x04, 0xA0, 0xE3
	.byte 0x3C, 0x90, 0x8D, 0xE5, 0xEB, 0x08, 0x00, 0xEB, 0x4C, 0x00, 0x8D, 0xE5, 0x01, 0x60, 0xA0, 0xE1
	.byte 0x44, 0x00, 0x9D, 0xE5, 0x4C, 0x20, 0x9D, 0xE5, 0x09, 0x10, 0xA0, 0xE1, 0x06, 0x30, 0xA0, 0xE1
	.byte 0xF7, 0x07, 0x00, 0xEB, 0x00, 0x40, 0xA0, 0xE1, 0x01, 0x90, 0xA0, 0xE1, 0xAC, 0x02, 0x9F, 0xE5
	.byte 0xAC, 0x12, 0x9F, 0xE5, 0x0B, 0x20, 0xA0, 0xE1, 0x08, 0x30, 0xA0, 0xE1, 0xDD, 0x08, 0x00, 0xEB
	.byte 0x00, 0xB0, 0xA0, 0xE1, 0x01, 0x80, 0xA0, 0xE1, 0x44, 0x00, 0x9D, 0xE5, 0x3C, 0x10, 0x9D, 0xE5
	.byte 0x04, 0x20, 0xA0, 0xE1, 0x09, 0x30, 0xA0, 0xE1, 0xE9, 0x07, 0x00, 0xEB, 0x4C, 0x20, 0x9D, 0xE5
	.byte 0x06, 0x30, 0xA0, 0xE1, 0xE6, 0x07, 0x00, 0xEB, 0x00, 0x20, 0xA0, 0xE1, 0x01, 0x30, 0xA0, 0xE1
	.byte 0x0B, 0x00, 0xA0, 0xE1, 0x08, 0x10, 0xA0, 0xE1, 0xE1, 0x07, 0x00, 0xEB, 0x28, 0x00, 0x8D, 0xE5
	.byte 0x0C, 0x10, 0x8D, 0xE5, 0x28, 0x20, 0x9D, 0xE5, 0x0C, 0x30, 0x9D, 0xE5, 0x04, 0x00, 0xA0, 0xE1
	.byte 0x09, 0x10, 0xA0, 0xE1, 0xDA, 0x07, 0x00, 0xEB, 0x03, 0x00, 0x8A, 0xE8, 0x04, 0x00, 0xA0, 0xE1
	.byte 0x09, 0x10, 0xA0, 0xE1, 0x0C, 0x00, 0x9A, 0xE8, 0x00, 0x40, 0xA0, 0xE3, 0xD4, 0x07, 0x00, 0xEB
	.byte 0x28, 0x20, 0x9D, 0xE5, 0x0C, 0x30, 0x9D, 0xE5, 0xD1, 0x07, 0x00, 0xEB, 0x00, 0x00, 0x57, 0xE3
	.byte 0x08, 0x00, 0x8A, 0xE5, 0x70, 0xD0, 0x8D, 0xA2, 0x0C, 0x10, 0x8A, 0xE5, 0x05, 0x00, 0xA0, 0xA1
	.byte 0xF8, 0x4F, 0xBD, 0xA8, 0x10, 0xD0, 0x8D, 0xA2, 0x1E, 0xFF, 0x2F, 0xA1, 0x0C, 0x00, 0x9A, 0xE8
	.byte 0x04, 0x00, 0xA0, 0xE1, 0x04, 0x10, 0xA0, 0xE1, 0xC5, 0x07, 0x00, 0xEB, 0x03, 0x00, 0x8A, 0xE8
	.byte 0x08, 0x20, 0x9A, 0xE5, 0x0C, 0x30, 0x9A, 0xE5, 0x04, 0x00, 0xA0, 0xE1, 0x04, 0x10, 0xA0, 0xE1
	.byte 0xBF, 0x07, 0x00, 0xEB, 0x08, 0x00, 0x8A, 0xE5, 0x70, 0xD0, 0x8D, 0xE2, 0x0C, 0x10, 0x8A, 0xE5
	.byte 0x00, 0x00, 0x65, 0xE2, 0xF8, 0x4F, 0xBD, 0xE8, 0x10, 0xD0, 0x8D, 0xE2, 0x1E, 0xFF, 0x2F, 0xE1
	.byte 0xC0, 0x11, 0x9F, 0xE5, 0x01, 0x00, 0x56, 0xE1, 0x0C, 0x00, 0x00, 0xBA, 0x98, 0x00, 0x9D, 0xE5
	.byte 0x9C, 0x10, 0x9D, 0xE5, 0x00, 0x20, 0xA0, 0xE1, 0x01, 0x30, 0xA0, 0xE1, 0xB0, 0x07, 0x00, 0xEB
	.byte 0x08, 0x00, 0x8A, 0xE5, 0x0C, 0x10, 0x8A, 0xE5, 0x03, 0x00, 0x8A, 0xE8, 0x70, 0xD0, 0x8D, 0xE2
	.byte 0x05, 0x00, 0xA0, 0xE1, 0xF8, 0x4F, 0xBD, 0xE8, 0x10, 0xD0, 0x8D, 0xE2, 0x1E, 0xFF, 0x2F, 0xE1
	.byte 0x84, 0x01, 0x9F, 0xE5, 0x98, 0x20, 0x9D, 0xE5, 0x46, 0x8A, 0x80, 0xE0, 0x08, 0x0A, 0x46, 0xE0
	.byte 0x50, 0x20, 0x8D, 0xE5, 0x54, 0x00, 0x8D, 0xE5, 0x05, 0x60, 0xA0, 0xE1, 0xFA, 0x95, 0x41, 0xE2
	.byte 0x58, 0x40, 0x8D, 0xE2, 0x50, 0x00, 0x9D, 0xE5, 0x54, 0x10, 0x9D, 0xE5, 0x11, 0x0D, 0x00, 0xEB
	.byte 0xA2, 0x09, 0x00, 0xEB, 0x86, 0x01, 0x84, 0xE7, 0x86, 0x01, 0x84, 0xE0, 0x04, 0x10, 0x80, 0xE5
	.byte 0x01, 0x30, 0xA0, 0xE1, 0x50, 0x00, 0x9D, 0xE5, 0x54, 0x10, 0x9D, 0xE5, 0x86, 0x21, 0x94, 0xE7
	.byte 0x93, 0x07, 0x00, 0xEB, 0x00, 0x20, 0xA0, 0xE1, 0x01, 0x30, 0xA0, 0xE1, 0x05, 0x00, 0xA0, 0xE1
	.byte 0x09, 0x10, 0xA0, 0xE1, 0x7B, 0x08, 0x00, 0xEB, 0x00, 0x20, 0xA0, 0xE1, 0x01, 0x30, 0xA0, 0xE1
	.byte 0x01, 0x60, 0x86, 0xE2, 0x50, 0x20, 0x8D, 0xE5, 0x54, 0x30, 0x8D, 0xE5, 0x02, 0x00, 0x56, 0xE3
	.byte 0xE7, 0xFF, 0xFF, 0xBA, 0x05, 0x00, 0xA0, 0xE1, 0x05, 0x10, 0xA0, 0xE1, 0x68, 0x20, 0x8D, 0xE5
	.byte 0x6C, 0x30, 0x8D, 0xE5, 0x00, 0x60, 0xA0, 0xE3, 0x03, 0x40, 0xA0, 0xE3, 0x42, 0x0A, 0x00, 0xEB
	.byte 0x08, 0x00, 0x00, 0x1A, 0x58, 0x50, 0x8D, 0xE2, 0x01, 0x40, 0x44, 0xE2, 0x84, 0x01, 0x85, 0xE0
	.byte 0x08, 0x20, 0x10, 0xE5, 0x04, 0x30, 0x10, 0xE5, 0x06, 0x00, 0xA0, 0xE1, 0x06, 0x10, 0xA0, 0xE1
	.byte 0x39, 0x0A, 0x00, 0xEB, 0xF7, 0xFF, 0xFF, 0x0A, 0x02, 0x00, 0xA0, 0xE3, 0x00, 0x00, 0x8D, 0xE5
	.byte 0xB8, 0x50, 0x9F, 0xE5, 0x04, 0x30, 0xA0, 0xE1, 0x58, 0x00, 0x8D, 0xE2, 0x0A, 0x10, 0xA0, 0xE1
	.byte 0x08, 0x20, 0xA0, 0xE1, 0x04, 0x50, 0x8D, 0xE5, 0x00, 0x40, 0xA0, 0xE3, 0xEE, 0x00, 0x00, 0xEB
	.byte 0x00, 0x00, 0x57, 0xE3, 0x00, 0x50, 0xA0, 0xE1, 0x70, 0xD0, 0x8D, 0xA2, 0xF8, 0x4F, 0xBD, 0xA8
	.byte 0x10, 0xD0, 0x8D, 0xA2, 0x1E, 0xFF, 0x2F, 0xA1, 0x0C, 0x00, 0x9A, 0xE8, 0x04, 0x00, 0xA0, 0xE1
	.byte 0x04, 0x10, 0xA0, 0xE1, 0x62, 0x07, 0x00, 0xEB, 0x03, 0x00, 0x8A, 0xE8, 0x08, 0x20, 0x9A, 0xE5
	.byte 0x0C, 0x30, 0x9A, 0xE5, 0x04, 0x00, 0xA0, 0xE1, 0x04, 0x10, 0xA0, 0xE1, 0x5C, 0x07, 0x00, 0xEB
	.byte 0x08, 0x00, 0x8A, 0xE5, 0x0C, 0x10, 0x8A, 0xE5, 0x00, 0x00, 0x65, 0xE2, 0x70, 0xD0, 0x8D, 0xE2
	.byte 0xF8, 0x4F, 0xBD, 0xE8, 0x10, 0xD0, 0x8D, 0xE2, 0x1E, 0xFF, 0x2F, 0xE1, 0xFB, 0x21, 0xE9, 0x3F
	.byte 0x61, 0xB4, 0xD0, 0x3D, 0x7C, 0xD9, 0x02, 0x40, 0x00, 0x00, 0x40, 0x54, 0x31, 0x63, 0x62, 0x1A
	.byte 0x00, 0x00, 0x60, 0x1A, 0x73, 0x70, 0x03, 0x2E, 0x8A, 0x19, 0xA3, 0x3B, 0x83, 0xC8, 0xC9, 0x6D
	.byte 0x30, 0x5F, 0xE4, 0x3F, 0x00, 0x00, 0xE0, 0x3F, 0x20, 0x63, 0x0A, 0x02, 0xFF, 0x07, 0x00, 0x00
	.byte 0xC1, 0x49, 0x20, 0x25, 0x9A, 0x83, 0x7B, 0x39, 0x00, 0x00, 0xF0, 0x7F, 0xEA, 0xFB, 0xFF, 0xFF
	.byte 0xA0, 0x63, 0x0A, 0x02, 0x0F, 0x00, 0x2D, 0xE9, 0xF0, 0x4F, 0x2D, 0xE9, 0x0C, 0xD0, 0x4D, 0xE2
	.byte 0x34, 0x00, 0x9D, 0xE5, 0x02, 0xA0, 0xA0, 0xE1, 0x02, 0x81, 0xC0, 0xE3, 0x03, 0x90, 0xA0, 0xE1
	.byte 0xF9, 0x05, 0x58, 0xE3, 0x00, 0xB0, 0xA0, 0xE3, 0x09, 0x00, 0x00, 0xAA, 0x30, 0x00, 0x9D, 0xE5
	.byte 0x34, 0x10, 0x9D, 0xE5, 0xAB, 0x0C, 0x00, 0xEB, 0x00, 0x00, 0x50, 0xE3, 0x0C, 0xD0, 0x8D, 0x02
	.byte 0x0B, 0x00, 0xA0, 0x01, 0x90, 0x12, 0x9F, 0x05, 0xF0, 0x4F, 0xBD, 0x08, 0x10, 0xD0, 0x8D, 0x02
	.byte 0x1E, 0xFF, 0x2F, 0x01, 0x30, 0x00, 0x9D, 0xE5, 0x34, 0x10, 0x9D, 0xE5, 0x00, 0x20, 0xA0, 0xE1
	.byte 0x01, 0x30, 0xA0, 0xE1, 0x17, 0x08, 0x00, 0xEB, 0x00, 0x40, 0xA0, 0xE1, 0x01, 0x60, 0xA0, 0xE1
	.byte 0x68, 0x02, 0x9F, 0xE5, 0x68, 0x12, 0x9F, 0xE5, 0x04, 0x20, 0xA0, 0xE1, 0x06, 0x30, 0xA0, 0xE1
	.byte 0x10, 0x08, 0x00, 0xEB, 0x00, 0x20, 0xA0, 0xE1, 0x01, 0x30, 0xA0, 0xE1, 0x54, 0x02, 0x9F, 0xE5
	.byte 0x54, 0x12, 0x9F, 0xE5, 0x52, 0x06, 0x00, 0xEB, 0x00, 0x20, 0xA0, 0xE1, 0x01, 0x30, 0xA0, 0xE1
	.byte 0x04, 0x00, 0xA0, 0xE1, 0x06, 0x10, 0xA0, 0xE1, 0x06, 0x08, 0x00, 0xEB, 0x00, 0x20, 0xA0, 0xE1
	.byte 0x01, 0x30, 0xA0, 0xE1, 0x34, 0x02, 0x9F, 0xE5, 0x34, 0x12, 0x9F, 0xE5, 0x48, 0x06, 0x00, 0xEB
	.byte 0x00, 0x20, 0xA0, 0xE1, 0x01, 0x30, 0xA0, 0xE1, 0x04, 0x00, 0xA0, 0xE1, 0x06, 0x10, 0xA0, 0xE1
	.byte 0xFC, 0x07, 0x00, 0xEB, 0x00, 0x20, 0xA0, 0xE1, 0x01, 0x30, 0xA0, 0xE1, 0x14, 0x02, 0x9F, 0xE5
	.byte 0x14, 0x12, 0x9F, 0xE5, 0x3E, 0x06, 0x00, 0xEB, 0x00, 0x20, 0xA0, 0xE1, 0x01, 0x30, 0xA0, 0xE1
	.byte 0x04, 0x00, 0xA0, 0xE1, 0x06, 0x10, 0xA0, 0xE1, 0xF2, 0x07, 0x00, 0xEB, 0x00, 0x20, 0xA0, 0xE1
	.byte 0x01, 0x30, 0xA0, 0xE1, 0xF4, 0x01, 0x9F, 0xE5, 0xF4, 0x11, 0x9F, 0xE5, 0x34, 0x06, 0x00, 0xEB
	.byte 0x00, 0x20, 0xA0, 0xE1, 0x01, 0x30, 0xA0, 0xE1, 0x04, 0x00, 0xA0, 0xE1, 0x06, 0x10, 0xA0, 0xE1
	.byte 0xE8, 0x07, 0x00, 0xEB, 0x00, 0x20, 0xA0, 0xE1, 0x01, 0x30, 0xA0, 0xE1, 0xD4, 0x01, 0x9F, 0xE5
	.byte 0xD4, 0x11, 0x9F, 0xE5, 0x2A, 0x06, 0x00, 0xEB, 0x00, 0x20, 0xA0, 0xE1, 0x01, 0x30, 0xA0, 0xE1
	.byte 0x04, 0x00, 0xA0, 0xE1, 0x06, 0x10, 0xA0, 0xE1, 0xDE, 0x07, 0x00, 0xEB, 0x00, 0x50, 0xA0, 0xE1
	.byte 0xB8, 0x01, 0x9F, 0xE5, 0x01, 0x70, 0xA0, 0xE1, 0x00, 0x00, 0x58, 0xE1, 0xB0, 0x11, 0x9F, 0xE5
	.byte 0x25, 0x00, 0x00, 0xAA, 0x00, 0x00, 0xA0, 0xE3, 0x04, 0x20, 0xA0, 0xE1, 0x06, 0x30, 0xA0, 0xE1
	.byte 0xD4, 0x07, 0x00, 0xEB, 0x00, 0xB0, 0xA0, 0xE1, 0x01, 0x80, 0xA0, 0xE1, 0x04, 0x00, 0xA0, 0xE1
	.byte 0x06, 0x10, 0xA0, 0xE1, 0x05, 0x20, 0xA0, 0xE1, 0x07, 0x30, 0xA0, 0xE1, 0xCD, 0x07, 0x00, 0xEB
	.byte 0x00, 0x40, 0xA0, 0xE1, 0x01, 0x50, 0xA0, 0xE1, 0x30, 0x00, 0x9D, 0xE5, 0x34, 0x10, 0x9D, 0xE5
	.byte 0x0A, 0x20, 0xA0, 0xE1, 0x09, 0x30, 0xA0, 0xE1, 0xC6, 0x07, 0x00, 0xEB, 0x00, 0x20, 0xA0, 0xE1
	.byte 0x01, 0x30, 0xA0, 0xE1, 0x04, 0x00, 0xA0, 0xE1, 0x05, 0x10, 0xA0, 0xE1, 0xD4, 0x06, 0x00, 0xEB
	.byte 0x00, 0x20, 0xA0, 0xE1, 0x01, 0x30, 0xA0, 0xE1, 0x0B, 0x00, 0xA0, 0xE1, 0x08, 0x10, 0xA0, 0xE1
	.byte 0xCF, 0x06, 0x00, 0xEB, 0x01, 0x30, 0xA0, 0xE1, 0x34, 0x11, 0x9F, 0xE5, 0x00, 0x20, 0xA0, 0xE1
	.byte 0x00, 0x00, 0xA0, 0xE3, 0x01, 0x16, 0x81, 0xE2, 0xC9, 0x06, 0x00, 0xEB, 0x0C, 0xD0, 0x8D, 0xE2
	.byte 0xF0, 0x4F, 0xBD, 0xE8, 0x10, 0xD0, 0x8D, 0xE2, 0x1E, 0xFF, 0x2F, 0xE1, 0x14, 0x01, 0x9F, 0xE5
	.byte 0x04, 0x20, 0xA0, 0xE1, 0x00, 0x00, 0x58, 0xE1, 0x17, 0xC8, 0x40, 0xC2, 0x04, 0xB0, 0x8D, 0xC5
	.byte 0x08, 0xC0, 0x8D, 0xC5, 0x02, 0x06, 0x48, 0xD2, 0x08, 0x00, 0x8D, 0xD5, 0x04, 0xB0, 0x8D, 0xD5
	.byte 0x0B, 0x00, 0xA0, 0xE1, 0x06, 0x30, 0xA0, 0xE1, 0xA6, 0x07, 0x00, 0xEB, 0x04, 0x20, 0x9D, 0xE5
	.byte 0x08, 0x30, 0x9D, 0xE5, 0xB6, 0x06, 0x00, 0xEB, 0x01, 0x80, 0xA0, 0xE1, 0xD0, 0x10, 0x9F, 0xE5
	.byte 0x00, 0x00, 0x8D, 0xE5, 0x04, 0x20, 0x9D, 0xE5, 0x08, 0x30, 0x9D, 0xE5, 0x0B, 0x00, 0xA0, 0xE1
	.byte 0x01, 0x16, 0x81, 0xE2, 0xAE, 0x06, 0x00, 0xEB, 0x05, 0x20, 0xA0, 0xE1, 0x07, 0x30, 0xA0, 0xE1
	.byte 0x00, 0x50, 0xA0, 0xE1, 0x01, 0x70, 0xA0, 0xE1, 0x04, 0x00, 0xA0, 0xE1, 0x06, 0x10, 0xA0, 0xE1
	.byte 0x94, 0x07, 0x00, 0xEB, 0x00, 0x40, 0xA0, 0xE1, 0x01, 0x60, 0xA0, 0xE1, 0x30, 0x00, 0x9D, 0xE5
	.byte 0x34, 0x10, 0x9D, 0xE5, 0x0A, 0x20, 0xA0, 0xE1, 0x09, 0x30, 0xA0, 0xE1, 0x8D, 0x07, 0x00, 0xEB
	.byte 0x00, 0x20, 0xA0, 0xE1, 0x01, 0x30, 0xA0, 0xE1, 0x04, 0x00, 0xA0, 0xE1, 0x06, 0x10, 0xA0, 0xE1
	.byte 0x9B, 0x06, 0x00, 0xEB, 0x00, 0x20, 0xA0, 0xE1, 0x01, 0x30, 0xA0, 0xE1, 0x00, 0x00, 0x9D, 0xE5
	.byte 0x08, 0x10, 0xA0, 0xE1, 0x96, 0x06, 0x00, 0xEB, 0x00, 0x20, 0xA0, 0xE1, 0x01, 0x30, 0xA0, 0xE1
	.byte 0x05, 0x00, 0xA0, 0xE1, 0x07, 0x10, 0xA0, 0xE1, 0x91, 0x06, 0x00, 0xEB, 0x0C, 0xD0, 0x8D, 0xE2
	.byte 0xF0, 0x4F, 0xBD, 0xE8, 0x10, 0xD0, 0x8D, 0xE2, 0x1E, 0xFF, 0x2F, 0xE1, 0x00, 0x00, 0xF0, 0x3F
	.byte 0xD4, 0x38, 0x88, 0xBE, 0xE9, 0xFA, 0xA8, 0xBD, 0xC4, 0xB1, 0xB4, 0xBD, 0x9E, 0xEE, 0x21, 0x3E
	.byte 0xAD, 0x52, 0x9C, 0x80, 0x4F, 0x7E, 0x92, 0xBE, 0x90, 0x15, 0xCB, 0x19, 0xA0, 0x01, 0xFA, 0x3E
	.byte 0x77, 0x51, 0xC1, 0x16, 0x6C, 0xC1, 0x56, 0xBF, 0x4C, 0x55, 0x55, 0x55, 0x55, 0x55, 0xA5, 0x3F
	.byte 0x33, 0x33, 0xD3, 0x3F, 0x00, 0x00, 0xE0, 0x3F, 0x00, 0x00, 0xE9, 0x3F, 0xF0, 0x4F, 0x2D, 0xE9
	.byte 0x99, 0xDF, 0x4D, 0xE2, 0x80, 0x6B, 0x9F, 0xE5, 0x03, 0x70, 0x42, 0xE2, 0x96, 0x57, 0xC4, 0xE0
	.byte 0x0C, 0x40, 0x8D, 0xE5, 0x00, 0x90, 0xA0, 0xE1, 0xA7, 0x4F, 0xA0, 0xE1, 0x0C, 0x00, 0x9D, 0xE5
	.byte 0x88, 0x72, 0x9D, 0xE5, 0x40, 0x01, 0x94, 0xE0, 0x0C, 0x00, 0x8D, 0xE5, 0x8C, 0x02, 0x9D, 0xE5
	.byte 0x58, 0x6B, 0x9F, 0xE5, 0x8C, 0x02, 0x8D, 0xE5, 0x07, 0x01, 0x96, 0xE7, 0x00, 0x10, 0x8D, 0xE5
	.byte 0x24, 0x00, 0x8D, 0xE5, 0x00, 0x00, 0xA0, 0x43, 0x0C, 0x00, 0x8D, 0x45, 0x0C, 0x00, 0x9D, 0xE5
	.byte 0x01, 0x50, 0x43, 0xE2, 0x01, 0x10, 0x80, 0xE2, 0x18, 0x00, 0xA0, 0xE3, 0x91, 0x00, 0x00, 0xE0
	.byte 0x00, 0x00, 0x42, 0xE0, 0x18, 0x00, 0x8D, 0xE5, 0x0C, 0x00, 0x9D, 0xE5, 0x00, 0x60, 0xA0, 0xE3
	.byte 0x05, 0x70, 0x40, 0xE0, 0x24, 0x00, 0x9D, 0xE5, 0x00, 0x80, 0x95, 0xE0, 0x11, 0x00, 0x00, 0x4A
	.byte 0x00, 0x00, 0x58, 0xE3, 0x0F, 0x00, 0x00, 0xBA, 0x06, 0xA0, 0xA0, 0xE1, 0x5D, 0x4F, 0x8D, 0xE2
	.byte 0x00, 0x00, 0x57, 0xE3, 0x0A, 0x00, 0xA0, 0xB1, 0x0A, 0x10, 0xA0, 0xB1, 0x02, 0x00, 0x00, 0xBA
	.byte 0x8C, 0x02, 0x9D, 0xE5, 0x07, 0x01, 0x90, 0xE7, 0x58, 0x08, 0x00, 0xEB, 0x86, 0x01, 0x84, 0xE7
	.byte 0x86, 0x01, 0x84, 0xE0, 0x04, 0x10, 0x80, 0xE5, 0x01, 0x60, 0x86, 0xE2, 0x08, 0x00, 0x56, 0xE1
	.byte 0x01, 0x70, 0x87, 0xE2, 0xF1, 0xFF, 0xFF, 0xDA, 0x24, 0x00, 0x9D, 0xE5, 0x00, 0xA0, 0xA0, 0xE3
	.byte 0x00, 0x00, 0x50, 0xE3, 0x1E, 0x00, 0x00, 0xBA, 0x5D, 0xBF, 0x8D, 0xE2, 0x00, 0x70, 0xA0, 0xE3
	.byte 0x07, 0x40, 0xA0, 0xE1, 0x07, 0x80, 0xA0, 0xE1, 0x00, 0x00, 0x55, 0xE3, 0x11, 0x00, 0x00, 0xBA
	.byte 0x0A, 0x60, 0x85, 0xE0, 0x87, 0x01, 0x89, 0xE0, 0x04, 0x10, 0x90, 0xE5, 0x07, 0x20, 0x46, 0xE0
	.byte 0x82, 0x31, 0x8B, 0xE0, 0x87, 0x01, 0x99, 0xE7, 0x0C, 0x00, 0x93, 0xE8, 0x25, 0x07, 0x00, 0xEB
	.byte 0x00, 0x20, 0xA0, 0xE1, 0x01, 0x30, 0xA0, 0xE1, 0x04, 0x00, 0xA0, 0xE1, 0x08, 0x10, 0xA0, 0xE1
	.byte 0x67, 0x05, 0x00, 0xEB, 0x01, 0x70, 0x87, 0xE2, 0x00, 0x40, 0xA0, 0xE1, 0x01, 0x80, 0xA0, 0xE1
	.byte 0x05, 0x00, 0x57, 0xE1, 0xEE, 0xFF, 0xFF, 0xDA, 0x34, 0x00, 0x8D, 0xE2, 0x8A, 0x01, 0x80, 0xE0
	.byte 0x10, 0x01, 0x80, 0xE8, 0x24, 0x00, 0x9D, 0xE5, 0x01, 0xA0, 0x8A, 0xE2, 0x00, 0x00, 0x5A, 0xE1
	.byte 0xE1, 0xFF, 0xFF, 0xDA, 0x24, 0x00, 0x9D, 0xE5, 0x04, 0x00, 0x8D, 0xE5, 0x18, 0x00, 0x9D, 0xE5
	.byte 0x18, 0x00, 0x60, 0xE2, 0x14, 0x00, 0x8D, 0xE5, 0x18, 0x00, 0x9D, 0xE5, 0x17, 0x00, 0x60, 0xE2
	.byte 0x10, 0x00, 0x8D, 0xE5, 0x04, 0x60, 0x9D, 0xE5, 0x34, 0x10, 0x8D, 0xE2, 0x06, 0x00, 0xA0, 0xE1
	.byte 0x80, 0x21, 0x81, 0xE0, 0x00, 0x00, 0x50, 0xE3, 0x10, 0x01, 0x92, 0xE8, 0x00, 0x70, 0xA0, 0xE3
	.byte 0x00, 0x00, 0x50, 0xC3, 0x25, 0x00, 0x00, 0xDA, 0xF4, 0x09, 0x9F, 0xE5, 0xFD, 0x04, 0x40, 0xE2
	.byte 0x28, 0x00, 0x8D, 0xE5, 0xE8, 0x19, 0x9F, 0xE5, 0x00, 0x00, 0xA0, 0xE3, 0x04, 0x20, 0xA0, 0xE1
	.byte 0x08, 0x30, 0xA0, 0xE1, 0xFB, 0x06, 0x00, 0xEB, 0x82, 0x0B, 0x00, 0xEB, 0x13, 0x08, 0x00, 0xEB
	.byte 0x00, 0xA0, 0xA0, 0xE1, 0x01, 0xB0, 0xA0, 0xE1, 0x28, 0x10, 0x9D, 0xE5, 0x00, 0x00, 0xA0, 0xE3
	.byte 0x0A, 0x20, 0xA0, 0xE1, 0x0B, 0x30, 0xA0, 0xE1, 0xF2, 0x06, 0x00, 0xEB, 0x00, 0x20, 0xA0, 0xE1
	.byte 0x01, 0x30, 0xA0, 0xE1, 0x04, 0x00, 0xA0, 0xE1, 0x08, 0x10, 0xA0, 0xE1, 0x00, 0x06, 0x00, 0xEB
	.byte 0x74, 0x0B, 0x00, 0xEB, 0x85, 0x2F, 0x8D, 0xE2, 0x07, 0x01, 0x82, 0xE7, 0x34, 0x20, 0x8D, 0xE2
	.byte 0x86, 0x31, 0x82, 0xE0, 0x08, 0x20, 0x13, 0xE5, 0x04, 0x30, 0x13, 0xE5, 0x0B, 0x10, 0xA0, 0xE1
	.byte 0x0A, 0x00, 0xA0, 0xE1, 0x2A, 0x05, 0x00, 0xEB, 0x01, 0x60, 0x46, 0xE2, 0x00, 0x40, 0xA0, 0xE1
	.byte 0x01, 0x80, 0xA0, 0xE1, 0x01, 0x70, 0x87, 0xE2, 0x00, 0x00, 0x56, 0xE3, 0xDC, 0xFF, 0xFF, 0xCA
	.byte 0x18, 0x20, 0x9D, 0xE5, 0x04, 0x00, 0xA0, 0xE1, 0x08, 0x10, 0xA0, 0xE1, 0x83, 0xF8, 0xFF, 0xEB
	.byte 0x00, 0x60, 0xA0, 0xE1, 0x01, 0x70, 0xA0, 0xE1, 0x00, 0xA0, 0xA0, 0xE3, 0xFF, 0x45, 0xA0, 0xE3
	.byte 0x0A, 0x00, 0xA0, 0xE1, 0x04, 0x10, 0xA0, 0xE1, 0x06, 0x20, 0xA0, 0xE1, 0x07, 0x30, 0xA0, 0xE1
	.byte 0xD0, 0x06, 0x00, 0xEB, 0x5E, 0x03, 0x00, 0xEB, 0x00, 0x20, 0xA0, 0xE1, 0x01, 0x30, 0xA0, 0xE1
	.byte 0x0A, 0x00, 0xA0, 0xE1, 0x06, 0x16, 0x84, 0xE2, 0xCA, 0x06, 0x00, 0xEB, 0x00, 0x20, 0xA0, 0xE1
	.byte 0x01, 0x30, 0xA0, 0xE1, 0x06, 0x00, 0xA0, 0xE1, 0x07, 0x10, 0xA0, 0xE1, 0xD8, 0x05, 0x00, 0xEB
	.byte 0x00, 0x60, 0xA0, 0xE1, 0x01, 0x70, 0xA0, 0xE1, 0x4A, 0x0B, 0x00, 0xEB, 0x20, 0x00, 0x8D, 0xE5
	.byte 0xDA, 0x07, 0x00, 0xEB, 0x00, 0x20, 0xA0, 0xE1, 0x01, 0x30, 0xA0, 0xE1, 0x06, 0x00, 0xA0, 0xE1
	.byte 0x07, 0x10, 0xA0, 0xE1, 0xCE, 0x05, 0x00, 0xEB, 0x18, 0x20, 0x9D, 0xE5, 0x00, 0x60, 0xA0, 0xE1
	.byte 0x00, 0x00, 0x52, 0xE3, 0x01, 0x70, 0xA0, 0xE1, 0x0D, 0x00, 0x00, 0xDA, 0x04, 0x00, 0x9D, 0xE5
	.byte 0x85, 0x1F, 0x8D, 0xE2, 0x00, 0x11, 0x81, 0xE0, 0x04, 0x30, 0x11, 0xE5, 0x14, 0x00, 0x9D, 0xE5
	.byte 0x53, 0x20, 0xA0, 0xE1, 0x12, 0x20, 0x43, 0xE0, 0x04, 0x20, 0x01, 0xE5, 0x20, 0x10, 0x9D, 0xE5
	.byte 0x53, 0x00, 0x81, 0xE0, 0x20, 0x00, 0x8D, 0xE5, 0x10, 0x00, 0x9D, 0xE5, 0x52, 0xA0, 0xA0, 0xE1
	.byte 0x0B, 0x00, 0x00, 0xEA, 0x00, 0x00, 0x52, 0xE3, 0x05, 0x00, 0x00, 0x1A, 0x04, 0x00, 0x9D, 0xE5
	.byte 0x85, 0x1F, 0x8D, 0xE2, 0x00, 0x01, 0x81, 0xE0, 0x04, 0x00, 0x10, 0xE5, 0xC0, 0xAB, 0xA0, 0xE1
	.byte 0x03, 0x00, 0x00, 0xEA, 0x02, 0x36, 0x84, 0xE2, 0x0A, 0x20, 0xA0, 0xE1, 0xD6, 0x07, 0x00, 0xEB
	.byte 0x02, 0xA0, 0xA0, 0x23, 0x00, 0x00, 0x5A, 0xE3, 0x42, 0x00, 0x00, 0xDA, 0x04, 0x00, 0x9D, 0xE5
	.byte 0x00, 0x40, 0xA0, 0xE3, 0x00, 0x00, 0x50, 0xE3, 0x20, 0x00, 0x9D, 0xE5, 0x04, 0x20, 0xA0, 0xE1
	.byte 0x01, 0x00, 0x80, 0xE2, 0x20, 0x00, 0x8D, 0xE5, 0x10, 0x00, 0x00, 0xDA, 0x01, 0x00, 0xA0, 0xE3
	.byte 0x85, 0x1F, 0x8D, 0xE2, 0xFF, 0x84, 0xE0, 0xE3, 0x00, 0x00, 0x54, 0xE3, 0x02, 0x31, 0x91, 0xE7
	.byte 0x04, 0x00, 0x00, 0x1A, 0x00, 0x00, 0x53, 0xE3, 0x01, 0x34, 0x63, 0x12, 0x02, 0x31, 0x81, 0x17
	.byte 0x00, 0x40, 0xA0, 0x11, 0x01, 0x00, 0x00, 0xEA, 0x03, 0x30, 0x48, 0xE0, 0x02, 0x31, 0x81, 0xE7
	.byte 0x04, 0x30, 0x9D, 0xE5, 0x01, 0x20, 0x82, 0xE2, 0x03, 0x00, 0x52, 0xE1, 0xF1, 0xFF, 0xFF, 0xBA
	.byte 0x18, 0x00, 0x9D, 0xE5, 0x00, 0x00, 0x50, 0xE3, 0x0E, 0x00, 0x00, 0xDA, 0x01, 0x00, 0x50, 0xE3
	.byte 0x02, 0x00, 0x00, 0x0A, 0x02, 0x00, 0x50, 0xE3, 0x03, 0x00, 0x00, 0x0A, 0x09, 0x00, 0x00, 0xEA
	.byte 0x85, 0x2F, 0x8D, 0xE2, 0xCC, 0x17, 0x9F, 0xE5, 0x01, 0x00, 0x00, 0xEA, 0xC8, 0x17, 0x9F, 0xE5
	.byte 0x85, 0x2F, 0x8D, 0xE2, 0x04, 0x00, 0x9D, 0xE5, 0x00, 0x21, 0x82, 0xE0, 0x04, 0x00, 0x12, 0xE5
	.byte 0x01, 0x00, 0x00, 0xE0, 0x04, 0x00, 0x02, 0xE5, 0x02, 0x00, 0x5A, 0xE3, 0x15, 0x00, 0x00, 0x1A
	.byte 0x00, 0x80, 0xA0, 0xE3, 0xA4, 0xB7, 0x9F, 0xE5, 0x08, 0x00, 0xA0, 0xE1, 0x0B, 0x10, 0xA0, 0xE1
	.byte 0x06, 0x20, 0xA0, 0xE1, 0x07, 0x30, 0xA0, 0xE1, 0x79, 0x05, 0x00, 0xEB, 0x00, 0x00, 0x54, 0xE3
	.byte 0x00, 0x60, 0xA0, 0xE1, 0x01, 0x70, 0xA0, 0xE1, 0x0A, 0x00, 0x00, 0x0A, 0x18, 0x20, 0x9D, 0xE5
	.byte 0x08, 0x00, 0xA0, 0xE1, 0x0B, 0x10, 0xA0, 0xE1, 0x08, 0xF8, 0xFF, 0xEB, 0x00, 0x20, 0xA0, 0xE1
	.byte 0x01, 0x30, 0xA0, 0xE1, 0x06, 0x00, 0xA0, 0xE1, 0x07, 0x10, 0xA0, 0xE1, 0x6C, 0x05, 0x00, 0xEB
	.byte 0x00, 0x60, 0xA0, 0xE1, 0x01, 0x70, 0xA0, 0xE1, 0x00, 0x40, 0xA0, 0xE3, 0x04, 0x00, 0xA0, 0xE1
	.byte 0x04, 0x10, 0xA0, 0xE1, 0x06, 0x20, 0xA0, 0xE1, 0x07, 0x30, 0xA0, 0xE1, 0x26, 0x08, 0x00, 0xEB
	.byte 0x57, 0x00, 0x00, 0x1A, 0x04, 0x00, 0x9D, 0xE5, 0x01, 0x20, 0x40, 0xE2, 0x24, 0x00, 0x9D, 0xE5
	.byte 0x00, 0x00, 0x52, 0xE1, 0x06, 0x00, 0x00, 0xBA, 0x85, 0x1F, 0x8D, 0xE2, 0x02, 0x01, 0x91, 0xE7
	.byte 0x01, 0x20, 0x42, 0xE2, 0x00, 0x40, 0x84, 0xE1, 0x24, 0x00, 0x9D, 0xE5, 0x00, 0x00, 0x52, 0xE1
	.byte 0xF9, 0xFF, 0xFF, 0xAA, 0x00, 0x00, 0x54, 0xE3, 0x49, 0x00, 0x00, 0x1A, 0x24, 0x00, 0x9D, 0xE5
	.byte 0x85, 0x2F, 0x8D, 0xE2, 0x01, 0x00, 0x40, 0xE2, 0x00, 0x11, 0x92, 0xE7, 0x01, 0x00, 0xA0, 0xE3
	.byte 0x1C, 0x00, 0x8D, 0xE5, 0x00, 0x00, 0x51, 0xE3, 0x07, 0x00, 0x00, 0x1A, 0x1C, 0x00, 0x9D, 0xE5
	.byte 0x24, 0x10, 0x9D, 0xE5, 0x01, 0x00, 0x80, 0xE2, 0x1C, 0x00, 0x8D, 0xE5, 0x00, 0x00, 0x41, 0xE0
	.byte 0x00, 0x01, 0x92, 0xE7, 0x00, 0x00, 0x50, 0xE3, 0xF7, 0xFF, 0xFF, 0x0A, 0x04, 0x00, 0x9D, 0xE5
	.byte 0x01, 0xA0, 0x80, 0xE2, 0x00, 0x10, 0xA0, 0xE1, 0x1C, 0x00, 0x9D, 0xE5, 0x00, 0x00, 0x81, 0xE0
	.byte 0x08, 0x00, 0x8D, 0xE5, 0x00, 0x00, 0x5A, 0xE1, 0x2C, 0x00, 0x00, 0xCA, 0x8C, 0x12, 0x9D, 0xE5
	.byte 0x0C, 0x00, 0x9D, 0xE5, 0x5D, 0xBF, 0x8D, 0xE2, 0x00, 0x01, 0x81, 0xE0, 0x2C, 0x00, 0x8D, 0xE5
	.byte 0x85, 0x01, 0x8B, 0xE0, 0x30, 0x00, 0x8D, 0xE5, 0x2C, 0x00, 0x9D, 0xE5, 0x0A, 0x01, 0x90, 0xE7
	.byte 0x3A, 0x07, 0x00, 0xEB, 0x00, 0x60, 0xA0, 0xE3, 0x30, 0x20, 0x9D, 0xE5, 0x00, 0x00, 0x55, 0xE3
	.byte 0x8A, 0x01, 0x82, 0xE7, 0x02, 0x00, 0xA0, 0xE1, 0x8A, 0x01, 0x80, 0xE0, 0x04, 0x10, 0x80, 0xE5
	.byte 0x06, 0x70, 0xA0, 0xE1, 0x06, 0x80, 0xA0, 0xE1, 0x11, 0x00, 0x00, 0xBA, 0x0A, 0x40, 0x85, 0xE0
	.byte 0x86, 0x01, 0x89, 0xE0, 0x04, 0x10, 0x90, 0xE5, 0x06, 0x20, 0x44, 0xE0, 0x82, 0x31, 0x8B, 0xE0
	.byte 0x86, 0x01, 0x99, 0xE7, 0x0C, 0x00, 0x93, 0xE8, 0x0E, 0x06, 0x00, 0xEB, 0x00, 0x20, 0xA0, 0xE1
	.byte 0x01, 0x30, 0xA0, 0xE1, 0x07, 0x00, 0xA0, 0xE1, 0x08, 0x10, 0xA0, 0xE1, 0x50, 0x04, 0x00, 0xEB
	.byte 0x01, 0x60, 0x86, 0xE2, 0x00, 0x70, 0xA0, 0xE1, 0x01, 0x80, 0xA0, 0xE1, 0x05, 0x00, 0x56, 0xE1
	.byte 0xEE, 0xFF, 0xFF, 0xDA, 0x34, 0x00, 0x8D, 0xE2, 0x8A, 0x01, 0x80, 0xE0, 0x80, 0x01, 0x80, 0xE8
	.byte 0x08, 0x00, 0x9D, 0xE5, 0x01, 0xA0, 0x8A, 0xE2, 0x00, 0x00, 0x5A, 0xE1, 0xD9, 0xFF, 0xFF, 0xDA
	.byte 0x04, 0x10, 0x9D, 0xE5, 0x1C, 0x00, 0x9D, 0xE5, 0x00, 0x00, 0x81, 0xE0, 0x04, 0x00, 0x8D, 0xE5
	.byte 0xEB, 0xFE, 0xFF, 0xEA, 0x00, 0x40, 0xA0, 0xE3, 0x04, 0x00, 0xA0, 0xE1, 0x04, 0x10, 0xA0, 0xE1
	.byte 0x06, 0x20, 0xA0, 0xE1, 0x07, 0x30, 0xA0, 0xE1, 0xC7, 0x07, 0x00, 0xEB, 0x13, 0x00, 0x00, 0x1A
	.byte 0x04, 0x00, 0x9D, 0xE5, 0x85, 0x2F, 0x8D, 0xE2, 0x01, 0x00, 0x40, 0xE2, 0x00, 0x11, 0x92, 0xE7
	.byte 0x04, 0x00, 0x8D, 0xE5, 0x18, 0x00, 0x9D, 0xE5, 0x00, 0x00, 0x51, 0xE3, 0x18, 0x00, 0x40, 0xE2
	.byte 0x18, 0x00, 0x8D, 0xE5, 0x3D, 0x00, 0x00, 0x1A, 0x04, 0x00, 0x9D, 0xE5, 0x01, 0x00, 0x40, 0xE2
	.byte 0x00, 0x11, 0x92, 0xE7, 0x04, 0x00, 0x8D, 0xE5, 0x18, 0x00, 0x9D, 0xE5, 0x00, 0x00, 0x51, 0xE3
	.byte 0x18, 0x00, 0x40, 0xE2, 0x18, 0x00, 0x8D, 0xE5, 0xF6, 0xFF, 0xFF, 0x0A, 0x33, 0x00, 0x00, 0xEA
	.byte 0x18, 0x20, 0x9D, 0xE5, 0x06, 0x00, 0xA0, 0xE1, 0x07, 0x10, 0xA0, 0xE1, 0x00, 0x20, 0x62, 0xE2
	.byte 0x82, 0xF7, 0xFF, 0xEB, 0x58, 0x65, 0x9F, 0xE5, 0x04, 0x20, 0xA0, 0xE1, 0x06, 0x30, 0xA0, 0xE1
	.byte 0x00, 0x70, 0xA0, 0xE1, 0x01, 0x80, 0xA0, 0xE1, 0x0B, 0x07, 0x00, 0xEB, 0x21, 0x00, 0x00, 0x3A
	.byte 0x04, 0x00, 0xA0, 0xE1, 0x07, 0x20, 0xA0, 0xE1, 0x08, 0x30, 0xA0, 0xE1, 0x03, 0x14, 0x46, 0xE2
	.byte 0xCC, 0x05, 0x00, 0xEB, 0x53, 0x0A, 0x00, 0xEB, 0xE4, 0x06, 0x00, 0xEB, 0x00, 0x50, 0xA0, 0xE1
	.byte 0x04, 0x00, 0xA0, 0xE1, 0x01, 0x40, 0xA0, 0xE1, 0x06, 0x10, 0xA0, 0xE1, 0x05, 0x20, 0xA0, 0xE1
	.byte 0x04, 0x30, 0xA0, 0xE1, 0xC3, 0x05, 0x00, 0xEB, 0x00, 0x20, 0xA0, 0xE1, 0x01, 0x30, 0xA0, 0xE1
	.byte 0x07, 0x00, 0xA0, 0xE1, 0x08, 0x10, 0xA0, 0xE1, 0xD1, 0x04, 0x00, 0xEB, 0x45, 0x0A, 0x00, 0xEB
	.byte 0x18, 0x20, 0x9D, 0xE5, 0x04, 0x10, 0xA0, 0xE1, 0x18, 0x20, 0x82, 0xE2, 0x18, 0x20, 0x8D, 0xE5
	.byte 0x04, 0x20, 0x9D, 0xE5, 0x85, 0x4F, 0x8D, 0xE2, 0x02, 0x01, 0x84, 0xE7, 0x01, 0x20, 0x82, 0xE2
	.byte 0x05, 0x00, 0xA0, 0xE1, 0x04, 0x20, 0x8D, 0xE5, 0x3A, 0x0A, 0x00, 0xEB, 0x04, 0x10, 0x9D, 0xE5
	.byte 0x01, 0x01, 0x84, 0xE7, 0x05, 0x00, 0x00, 0xEA, 0x07, 0x00, 0xA0, 0xE1, 0x08, 0x10, 0xA0, 0xE1
	.byte 0x34, 0x0A, 0x00, 0xEB, 0x04, 0x10, 0x9D, 0xE5, 0x85, 0x2F, 0x8D, 0xE2, 0x01, 0x01, 0x82, 0xE7
	.byte 0x98, 0x44, 0x9F, 0xE5, 0x18, 0x20, 0x9D, 0xE5, 0x04, 0x10, 0xA0, 0xE1, 0x00, 0x00, 0xA0, 0xE3
	.byte 0x4E, 0xF7, 0xFF, 0xEB, 0x04, 0x60, 0x9D, 0xE5, 0x00, 0x70, 0xA0, 0xE1, 0x01, 0x80, 0xA0, 0xE1
	.byte 0x06, 0x00, 0xB0, 0xE1, 0x16, 0x00, 0x00, 0x4A, 0x06, 0x45, 0x44, 0xE2, 0x85, 0x9F, 0x8D, 0xE2
	.byte 0x34, 0x50, 0x8D, 0xE2, 0x00, 0xB0, 0xA0, 0xE3, 0x06, 0x01, 0x99, 0xE7, 0xB3, 0x06, 0x00, 0xEB
	.byte 0x00, 0x20, 0xA0, 0xE1, 0x01, 0x30, 0xA0, 0xE1, 0x07, 0x00, 0xA0, 0xE1, 0x08, 0x10, 0xA0, 0xE1
	.byte 0x94, 0x05, 0x00, 0xEB, 0x86, 0x01, 0x85, 0xE7, 0x86, 0x01, 0x85, 0xE0, 0x04, 0x10, 0x80, 0xE5
	.byte 0x07, 0x00, 0xA0, 0xE1, 0x08, 0x10, 0xA0, 0xE1, 0x0B, 0x20, 0xA0, 0xE1, 0x04, 0x30, 0xA0, 0xE1
	.byte 0x8C, 0x05, 0x00, 0xEB, 0x00, 0x70, 0xA0, 0xE1, 0x01, 0x80, 0xA0, 0xE1, 0x01, 0x60, 0x56, 0xE2
	.byte 0xEC, 0xFF, 0xFF, 0x5A, 0x04, 0xB0, 0x9D, 0xE5, 0x0B, 0x00, 0xB0, 0xE1, 0x21, 0x00, 0x00, 0x4A
	.byte 0x10, 0x54, 0x9F, 0xE5, 0x04, 0x00, 0x9D, 0xE5, 0x00, 0x80, 0xA0, 0xE3, 0x0B, 0x60, 0x40, 0xE0
	.byte 0x34, 0x00, 0x8D, 0xE2, 0x08, 0x90, 0xA0, 0xE1, 0x08, 0x70, 0xA0, 0xE1, 0x8B, 0x41, 0x80, 0xE0
	.byte 0x0E, 0x00, 0x00, 0xEA, 0x87, 0x01, 0x85, 0xE0, 0x04, 0x10, 0x90, 0xE5, 0x87, 0x01, 0x95, 0xE7
	.byte 0x87, 0x21, 0x84, 0xE0, 0x04, 0x30, 0x92, 0xE5, 0x87, 0x21, 0x94, 0xE7, 0x75, 0x05, 0x00, 0xEB
	.byte 0x00, 0x20, 0xA0, 0xE1, 0x01, 0x30, 0xA0, 0xE1, 0x08, 0x00, 0xA0, 0xE1, 0x09, 0x10, 0xA0, 0xE1
	.byte 0xB7, 0x03, 0x00, 0xEB, 0x00, 0x80, 0xA0, 0xE1, 0x01, 0x90, 0xA0, 0xE1, 0x01, 0x70, 0x87, 0xE2
	.byte 0x24, 0x00, 0x9D, 0xE5, 0x00, 0x00, 0x57, 0xE1, 0x01, 0x00, 0x00, 0xCA, 0x06, 0x00, 0x57, 0xE1
	.byte 0xEB, 0xFF, 0xFF, 0xDA, 0xD4, 0x00, 0x8D, 0xE2, 0x86, 0x01, 0x80, 0xE0, 0x00, 0x03, 0x80, 0xE8
	.byte 0x01, 0xB0, 0x5B, 0xE2, 0xDE, 0xFF, 0xFF, 0x5A, 0x88, 0x02, 0x9D, 0xE5, 0xD4, 0x40, 0x8D, 0xE2
	.byte 0x03, 0x00, 0x50, 0xE3, 0x00, 0xF1, 0x8F, 0x90, 0xD3, 0x00, 0x00, 0xEA, 0x02, 0x00, 0x00, 0xEA
	.byte 0x1E, 0x00, 0x00, 0xEA, 0x1D, 0x00, 0x00, 0xEA, 0x59, 0x00, 0x00, 0xEA, 0x04, 0x00, 0x9D, 0xE5
	.byte 0x00, 0x20, 0xA0, 0xE3, 0x02, 0x30, 0xA0, 0xE1, 0x00, 0x00, 0x50, 0xE3, 0x0D, 0x00, 0x00, 0xBA
	.byte 0x04, 0x00, 0x9D, 0xE5, 0x03, 0x10, 0xA0, 0xE1, 0x80, 0x51, 0x84, 0xE0, 0x02, 0x00, 0xA0, 0xE1
	.byte 0x04, 0x20, 0x9D, 0xE5, 0x04, 0x30, 0x95, 0xE5, 0x82, 0x21, 0x94, 0xE7, 0x94, 0x03, 0x00, 0xEB
	.byte 0x00, 0x20, 0xA0, 0xE1, 0x04, 0x00, 0x9D, 0xE5, 0x01, 0x30, 0xA0, 0xE1, 0x01, 0x00, 0x50, 0xE2
	.byte 0x04, 0x00, 0x8D, 0xE5, 0xF1, 0xFF, 0xFF, 0x5A, 0x00, 0x00, 0x5A, 0xE3, 0x04, 0x00, 0x00, 0x0A
	.byte 0x00, 0x00, 0xA0, 0xE3, 0x00, 0x10, 0xA0, 0xE1, 0x55, 0x04, 0x00, 0xEB, 0x00, 0x20, 0xA0, 0xE1
	.byte 0x01, 0x30, 0xA0, 0xE1, 0x00, 0x00, 0x9D, 0xE5, 0x0C, 0x00, 0x80, 0xE8, 0xB2, 0x00, 0x00, 0xEA
	.byte 0x04, 0x70, 0x9D, 0xE5, 0x00, 0x50, 0xA0, 0xE3, 0x05, 0x60, 0xA0, 0xE1, 0x07, 0x00, 0xB0, 0xE1
	.byte 0x08, 0x00, 0x00, 0x4A, 0x87, 0x01, 0x84, 0xE0, 0x0C, 0x00, 0x90, 0xE8, 0x05, 0x00, 0xA0, 0xE1
	.byte 0x06, 0x10, 0xA0, 0xE1, 0x7A, 0x03, 0x00, 0xEB, 0x00, 0x50, 0xA0, 0xE1, 0x01, 0x60, 0xA0, 0xE1
	.byte 0x01, 0x70, 0x57, 0xE2, 0xF6, 0xFF, 0xFF, 0x5A, 0x00, 0x00, 0x5A, 0xE3, 0x05, 0x00, 0xA0, 0x01
	.byte 0x06, 0x10, 0xA0, 0x01, 0x04, 0x00, 0x00, 0x0A, 0x00, 0x00, 0xA0, 0xE3, 0x00, 0x10, 0xA0, 0xE1
	.byte 0x05, 0x20, 0xA0, 0xE1, 0x06, 0x30, 0xA0, 0xE1, 0x39, 0x04, 0x00, 0xEB, 0x00, 0x20, 0x9D, 0xE5
	.byte 0x06, 0x30, 0xA0, 0xE1, 0x00, 0x00, 0x82, 0xE5, 0x02, 0x00, 0xA0, 0xE1, 0x04, 0x10, 0x80, 0xE5
	.byte 0x05, 0x20, 0xA0, 0xE1, 0xD4, 0x00, 0x9D, 0xE5, 0xD8, 0x10, 0x9D, 0xE5, 0xD4, 0x50, 0x8D, 0xE2
	.byte 0x2F, 0x04, 0x00, 0xEB, 0x00, 0x20, 0xA0, 0xE1, 0x04, 0x00, 0x9D, 0xE5, 0x01, 0x30, 0xA0, 0xE1
	.byte 0x01, 0x00, 0x50, 0xE3, 0x01, 0x60, 0xA0, 0xE3, 0x0A, 0x00, 0x00, 0xBA, 0x86, 0x41, 0x85, 0xE0
	.byte 0x02, 0x00, 0xA0, 0xE1, 0x03, 0x10, 0xA0, 0xE1, 0x0C, 0x00, 0x94, 0xE8, 0x58, 0x03, 0x00, 0xEB
	.byte 0x00, 0x20, 0xA0, 0xE1, 0x04, 0x00, 0x9D, 0xE5, 0x01, 0x60, 0x86, 0xE2, 0x01, 0x30, 0xA0, 0xE1
	.byte 0x00, 0x00, 0x56, 0xE1, 0xF4, 0xFF, 0xFF, 0xDA, 0x00, 0x00, 0x5A, 0xE3, 0x04, 0x00, 0x00, 0x0A
	.byte 0x00, 0x00, 0xA0, 0xE3, 0x00, 0x10, 0xA0, 0xE1, 0x19, 0x04, 0x00, 0xEB, 0x00, 0x20, 0xA0, 0xE1
	.byte 0x01, 0x30, 0xA0, 0xE1, 0x00, 0x00, 0x9D, 0xE5, 0x08, 0x20, 0x80, 0xE5, 0x0C, 0x30, 0x80, 0xE5
	.byte 0x75, 0x00, 0x00, 0xEA, 0x04, 0x50, 0x9D, 0xE5, 0x05, 0x00, 0xA0, 0xE1, 0x00, 0x00, 0x50, 0xE3
	.byte 0x17, 0x00, 0x00, 0xDA, 0x85, 0x31, 0x84, 0xE0, 0x08, 0x00, 0x13, 0xE5, 0x04, 0x10, 0x13, 0xE5
	.byte 0x0C, 0x00, 0x93, 0xE8, 0x3E, 0x03, 0x00, 0xEB, 0x00, 0x60, 0xA0, 0xE1, 0x85, 0x81, 0x84, 0xE0
	.byte 0x01, 0x70, 0xA0, 0xE1, 0x08, 0x00, 0x18, 0xE5, 0x04, 0x10, 0x18, 0xE5, 0x06, 0x20, 0xA0, 0xE1
	.byte 0x07, 0x30, 0xA0, 0xE1, 0x02, 0x04, 0x00, 0xEB, 0x00, 0x20, 0xA0, 0xE1, 0x01, 0x30, 0xA0, 0xE1
	.byte 0x03, 0x00, 0x98, 0xE8, 0x32, 0x03, 0x00, 0xEB, 0x03, 0x00, 0x88, 0xE8, 0x08, 0x00, 0xA0, 0xE1
	.byte 0x08, 0x60, 0x00, 0xE5, 0x01, 0x50, 0x45, 0xE2, 0x04, 0x70, 0x00, 0xE5, 0x00, 0x00, 0x55, 0xE3
	.byte 0xE7, 0xFF, 0xFF, 0xCA, 0x04, 0x60, 0x9D, 0xE5, 0xD4, 0x50, 0x8D, 0xE2, 0x06, 0x00, 0xA0, 0xE1
	.byte 0x01, 0x00, 0x50, 0xE3, 0x17, 0x00, 0x00, 0xDA, 0x86, 0x31, 0x85, 0xE0, 0x08, 0x00, 0x13, 0xE5
	.byte 0x04, 0x10, 0x13, 0xE5, 0x0C, 0x00, 0x93, 0xE8, 0x21, 0x03, 0x00, 0xEB, 0x00, 0x40, 0xA0, 0xE1
	.byte 0x86, 0x81, 0x85, 0xE0, 0x01, 0x70, 0xA0, 0xE1, 0x08, 0x00, 0x18, 0xE5, 0x04, 0x10, 0x18, 0xE5
	.byte 0x04, 0x20, 0xA0, 0xE1, 0x07, 0x30, 0xA0, 0xE1, 0xE5, 0x03, 0x00, 0xEB, 0x00, 0x20, 0xA0, 0xE1
	.byte 0x01, 0x30, 0xA0, 0xE1, 0x03, 0x00, 0x98, 0xE8, 0x15, 0x03, 0x00, 0xEB, 0x03, 0x00, 0x88, 0xE8
	.byte 0x08, 0x00, 0xA0, 0xE1, 0x08, 0x40, 0x00, 0xE5, 0x01, 0x60, 0x46, 0xE2, 0x04, 0x70, 0x00, 0xE5
	.byte 0x01, 0x00, 0x56, 0xE3, 0xE7, 0xFF, 0xFF, 0xCA, 0x04, 0x00, 0x9D, 0xE5, 0x00, 0x60, 0xA0, 0xE3
	.byte 0x06, 0x70, 0xA0, 0xE1, 0x02, 0x00, 0x50, 0xE3, 0xD4, 0x50, 0x8D, 0xE2, 0x06, 0x40, 0xA0, 0xE1
	.byte 0x0D, 0x00, 0x00, 0xBA, 0x04, 0x00, 0x9D, 0xE5, 0x80, 0x11, 0x85, 0xE0, 0x0C, 0x00, 0x91, 0xE8
	.byte 0x06, 0x00, 0xA0, 0xE1, 0x07, 0x10, 0xA0, 0xE1, 0x01, 0x03, 0x00, 0xEB, 0x04, 0x20, 0x9D, 0xE5
	.byte 0x00, 0x60, 0xA0, 0xE1, 0x01, 0x20, 0x42, 0xE2, 0x02, 0x00, 0xA0, 0xE1, 0x04, 0x20, 0x8D, 0xE5
	.byte 0x01, 0x70, 0xA0, 0xE1, 0x02, 0x00, 0x50, 0xE3, 0xF1, 0xFF, 0xFF, 0xAA, 0x00, 0x00, 0x5A, 0xE3
	.byte 0x0A, 0x00, 0x00, 0x1A, 0xD4, 0x40, 0x9D, 0xE5, 0xD8, 0x50, 0x9D, 0xE5, 0x00, 0x00, 0x9D, 0xE5
	.byte 0xDC, 0x20, 0x9D, 0xE5, 0x30, 0x00, 0x80, 0xE8, 0xE0, 0x30, 0x9D, 0xE5, 0x08, 0x20, 0x80, 0xE5
	.byte 0x0C, 0x30, 0x80, 0xE5, 0x10, 0x60, 0x80, 0xE5, 0x14, 0x70, 0x80, 0xE5, 0x1A, 0x00, 0x00, 0xEA
	.byte 0xD4, 0x20, 0x9D, 0xE5, 0xD8, 0x30, 0x9D, 0xE5, 0x04, 0x00, 0xA0, 0xE1, 0x04, 0x10, 0xA0, 0xE1
	.byte 0xB3, 0x03, 0x00, 0xEB, 0x00, 0x20, 0x9D, 0xE5, 0xE0, 0x30, 0x9D, 0xE5, 0x00, 0x00, 0x82, 0xE5
	.byte 0x02, 0x00, 0xA0, 0xE1, 0x04, 0x10, 0x80, 0xE5, 0xDC, 0x20, 0x9D, 0xE5, 0x04, 0x00, 0xA0, 0xE1
	.byte 0x04, 0x10, 0xA0, 0xE1, 0xAA, 0x03, 0x00, 0xEB, 0x00, 0x20, 0x9D, 0xE5, 0x07, 0x30, 0xA0, 0xE1
	.byte 0x08, 0x00, 0x82, 0xE5, 0x02, 0x00, 0xA0, 0xE1, 0x0C, 0x10, 0x80, 0xE5, 0x04, 0x00, 0xA0, 0xE1
	.byte 0x04, 0x10, 0xA0, 0xE1, 0x06, 0x20, 0xA0, 0xE1, 0xA1, 0x03, 0x00, 0xEB, 0x00, 0x20, 0x9D, 0xE5
	.byte 0x10, 0x00, 0x82, 0xE5, 0x02, 0x00, 0xA0, 0xE1, 0x14, 0x10, 0x80, 0xE5, 0x20, 0x00, 0x9D, 0xE5
	.byte 0x07, 0x00, 0x00, 0xE2, 0x99, 0xDF, 0x8D, 0xE2, 0xF0, 0x8F, 0xBD, 0xE8, 0xAB, 0xAA, 0xAA, 0x2A
	.byte 0xA8, 0x64, 0x0A, 0x02, 0x00, 0x00, 0x70, 0x3E, 0xFF, 0xFF, 0x7F, 0x00, 0xFF, 0xFF, 0x3F, 0x00
	.byte 0x00, 0x00, 0xF0, 0x3F, 0x00, 0x00, 0x70, 0x41, 0xB8, 0x64, 0x0A, 0x02, 0x0F, 0x00, 0x2D, 0xE9
	.byte 0xF0, 0x4F, 0x2D, 0xE9, 0x0C, 0xD0, 0x4D, 0xE2, 0x34, 0x00, 0x9D, 0xE5, 0x02, 0xA0, 0xA0, 0xE1
	.byte 0x02, 0x01, 0xC0, 0xE3, 0x03, 0x90, 0xA0, 0xE1, 0xF9, 0x05, 0x50, 0xE3, 0x09, 0x00, 0x00, 0xAA
	.byte 0x30, 0x00, 0x9D, 0xE5, 0x34, 0x10, 0x9D, 0xE5, 0xFA, 0x08, 0x00, 0xEB, 0x00, 0x00, 0x50, 0xE3
	.byte 0x30, 0x00, 0x9D, 0x05, 0x34, 0x10, 0x9D, 0x05, 0x0C, 0xD0, 0x8D, 0x02, 0xF0, 0x4F, 0xBD, 0x08
	.byte 0x10, 0xD0, 0x8D, 0x02, 0x1E, 0xFF, 0x2F, 0x01, 0x30, 0x00, 0x9D, 0xE5, 0x34, 0x10, 0x9D, 0xE5
	.byte 0x00, 0x20, 0xA0, 0xE1, 0x01, 0x30, 0xA0, 0xE1, 0x66, 0x04, 0x00, 0xEB, 0x30, 0x20, 0x9D, 0xE5
	.byte 0x34, 0x30, 0x9D, 0xE5, 0x00, 0x50, 0xA0, 0xE1, 0x01, 0x60, 0xA0, 0xE1, 0x61, 0x04, 0x00, 0xEB
	.byte 0x00, 0x40, 0xA0, 0xE1, 0x01, 0x70, 0xA0, 0xE1, 0xC4, 0x01, 0x9F, 0xE5, 0xC4, 0x11, 0x9F, 0xE5
	.byte 0x05, 0x20, 0xA0, 0xE1, 0x06, 0x30, 0xA0, 0xE1, 0x5A, 0x04, 0x00, 0xEB, 0x00, 0x20, 0xA0, 0xE1
	.byte 0x01, 0x30, 0xA0, 0xE1, 0xB0, 0x01, 0x9F, 0xE5, 0xB0, 0x11, 0x9F, 0xE5, 0x9C, 0x02, 0x00, 0xEB
	.byte 0x00, 0x20, 0xA0, 0xE1, 0x01, 0x30, 0xA0, 0xE1, 0x05, 0x00, 0xA0, 0xE1, 0x06, 0x10, 0xA0, 0xE1
	.byte 0x50, 0x04, 0x00, 0xEB, 0x00, 0x20, 0xA0, 0xE1, 0x01, 0x30, 0xA0, 0xE1, 0x90, 0x01, 0x9F, 0xE5
	.byte 0x90, 0x11, 0x9F, 0xE5, 0x92, 0x02, 0x00, 0xEB, 0x00, 0x20, 0xA0, 0xE1, 0x01, 0x30, 0xA0, 0xE1
	.byte 0x05, 0x00, 0xA0, 0xE1, 0x06, 0x10, 0xA0, 0xE1, 0x46, 0x04, 0x00, 0xEB, 0x00, 0x20, 0xA0, 0xE1
	.byte 0x01, 0x30, 0xA0, 0xE1, 0x70, 0x01, 0x9F, 0xE5, 0x70, 0x11, 0x9F, 0xE5, 0x88, 0x02, 0x00, 0xEB
	.byte 0x00, 0x20, 0xA0, 0xE1, 0x01, 0x30, 0xA0, 0xE1, 0x05, 0x00, 0xA0, 0xE1, 0x06, 0x10, 0xA0, 0xE1
	.byte 0x3C, 0x04, 0x00, 0xEB, 0x00, 0x20, 0xA0, 0xE1, 0x01, 0x30, 0xA0, 0xE1, 0x50, 0x01, 0x9F, 0xE5
	.byte 0x50, 0x11, 0x9F, 0xE5, 0x7E, 0x02, 0x00, 0xEB, 0x00, 0xB0, 0xA0, 0xE1, 0x01, 0x80, 0xA0, 0xE1
	.byte 0x40, 0x00, 0x9D, 0xE5, 0x00, 0x00, 0x50, 0xE3, 0x17, 0x00, 0x00, 0x1A, 0x05, 0x00, 0xA0, 0xE1
	.byte 0x06, 0x10, 0xA0, 0xE1, 0x0B, 0x20, 0xA0, 0xE1, 0x08, 0x30, 0xA0, 0xE1, 0x2D, 0x04, 0x00, 0xEB
	.byte 0x00, 0x20, 0xA0, 0xE1, 0x01, 0x30, 0xA0, 0xE1, 0x1C, 0x01, 0x9F, 0xE5, 0x1C, 0x11, 0x9F, 0xE5
	.byte 0x6F, 0x02, 0x00, 0xEB, 0x00, 0x20, 0xA0, 0xE1, 0x01, 0x30, 0xA0, 0xE1, 0x04, 0x00, 0xA0, 0xE1
	.byte 0x07, 0x10, 0xA0, 0xE1, 0x23, 0x04, 0x00, 0xEB, 0x00, 0x20, 0xA0, 0xE1, 0x01, 0x30, 0xA0, 0xE1
	.byte 0x30, 0x00, 0x9D, 0xE5, 0x34, 0x10, 0x9D, 0xE5, 0x65, 0x02, 0x00, 0xEB, 0x0C, 0xD0, 0x8D, 0xE2
	.byte 0xF0, 0x4F, 0xBD, 0xE8, 0x10, 0xD0, 0x8D, 0xE2, 0x1E, 0xFF, 0x2F, 0xE1, 0xE0, 0x10, 0x9F, 0xE5
	.byte 0x0A, 0x20, 0xA0, 0xE1, 0x09, 0x30, 0xA0, 0xE1, 0x00, 0x00, 0xA0, 0xE3, 0x15, 0x04, 0x00, 0xEB
	.byte 0x08, 0x00, 0x8D, 0xE5, 0x04, 0x10, 0x8D, 0xE5, 0x0B, 0x20, 0xA0, 0xE1, 0x08, 0x30, 0xA0, 0xE1
	.byte 0x04, 0x00, 0xA0, 0xE1, 0x07, 0x10, 0xA0, 0xE1, 0x0E, 0x04, 0x00, 0xEB, 0x00, 0x20, 0xA0, 0xE1
	.byte 0x01, 0x30, 0xA0, 0xE1, 0x08, 0x00, 0x9D, 0xE5, 0x04, 0x10, 0x9D, 0xE5, 0x1C, 0x03, 0x00, 0xEB
	.byte 0x00, 0x20, 0xA0, 0xE1, 0x01, 0x30, 0xA0, 0xE1, 0x05, 0x00, 0xA0, 0xE1, 0x06, 0x10, 0xA0, 0xE1
	.byte 0x04, 0x04, 0x00, 0xEB, 0x0A, 0x20, 0xA0, 0xE1, 0x09, 0x30, 0xA0, 0xE1, 0x14, 0x03, 0x00, 0xEB
	.byte 0x04, 0x20, 0xA0, 0xE1, 0x00, 0x40, 0xA0, 0xE1, 0x01, 0x50, 0xA0, 0xE1, 0x68, 0x00, 0x9F, 0xE5
	.byte 0x68, 0x10, 0x9F, 0xE5, 0x07, 0x30, 0xA0, 0xE1, 0xFA, 0x03, 0x00, 0xEB, 0x00, 0x20, 0xA0, 0xE1
	.byte 0x01, 0x30, 0xA0, 0xE1, 0x04, 0x00, 0xA0, 0xE1, 0x05, 0x10, 0xA0, 0xE1, 0x08, 0x03, 0x00, 0xEB
	.byte 0x00, 0x20, 0xA0, 0xE1, 0x01, 0x30, 0xA0, 0xE1, 0x30, 0x00, 0x9D, 0xE5, 0x34, 0x10, 0x9D, 0xE5
	.byte 0x03, 0x03, 0x00, 0xEB, 0x0C, 0xD0, 0x8D, 0xE2, 0xF0, 0x4F, 0xBD, 0xE8, 0x10, 0xD0, 0x8D, 0xE2
	.byte 0x1E, 0xFF, 0x2F, 0xE1, 0x7C, 0xD5, 0xCF, 0x5A, 0x3A, 0xD9, 0xE5, 0x3D, 0xEB, 0x9C, 0x2B, 0x8A
	.byte 0xE6, 0xE5, 0x5A, 0xBE, 0x7D, 0xFE, 0xB1, 0x57, 0xE3, 0x1D, 0xC7, 0x3E, 0xD5, 0x61, 0xC1, 0x19
	.byte 0xA0, 0x01, 0x2A, 0xBF, 0xA6, 0xF8, 0x10, 0x11, 0x11, 0x11, 0x81, 0x3F, 0x49, 0x55, 0x55, 0x55
	.byte 0x55, 0x55, 0xC5, 0xBF, 0x00, 0x00, 0xE0, 0x3F, 0x0F, 0x00, 0x2D, 0xE9, 0x04, 0x10, 0x9D, 0xE5
	.byte 0x0C, 0x00, 0x9D, 0xE5, 0x02, 0x11, 0xC1, 0xE3, 0x02, 0x01, 0x00, 0xE2, 0x00, 0x10, 0x81, 0xE1
	.byte 0x00, 0x00, 0x9D, 0xE5, 0x04, 0x10, 0x8D, 0xE5, 0x10, 0xD0, 0x8D, 0xE2, 0x1E, 0xFF, 0x2F, 0xE1
	.byte 0x0F, 0x00, 0x2D, 0xE9, 0x18, 0x40, 0x2D, 0xE9, 0x14, 0xD0, 0x4D, 0xE2, 0x24, 0x10, 0x9D, 0xE5
	.byte 0x54, 0x01, 0x9F, 0xE5, 0x02, 0x11, 0xC1, 0xE3, 0x00, 0x00, 0x51, 0xE1, 0x00, 0x40, 0xA0, 0xE3
	.byte 0x08, 0x00, 0x00, 0xCA, 0x20, 0x00, 0x9D, 0xE5, 0x24, 0x10, 0x9D, 0xE5, 0x04, 0x20, 0xA0, 0xE1
	.byte 0x04, 0x30, 0xA0, 0xE1, 0x96, 0xFB, 0xFF, 0xEB, 0x14, 0xD0, 0x8D, 0xE2, 0x18, 0x40, 0xBD, 0xE8
	.byte 0x10, 0xD0, 0x8D, 0xE2, 0x1E, 0xFF, 0x2F, 0xE1, 0x20, 0x01, 0x9F, 0xE5, 0x00, 0x00, 0x51, 0xE1
	.byte 0x08, 0x00, 0x00, 0xBA, 0x20, 0x00, 0x9D, 0xE5, 0x24, 0x10, 0x9D, 0xE5, 0x00, 0x20, 0xA0, 0xE1
	.byte 0x01, 0x30, 0xA0, 0xE1, 0xCE, 0x02, 0x00, 0xEB, 0x14, 0xD0, 0x8D, 0xE2, 0x18, 0x40, 0xBD, 0xE8
	.byte 0x10, 0xD0, 0x8D, 0xE2, 0x1E, 0xFF, 0x2F, 0xE1, 0x20, 0x00, 0x9D, 0xE5, 0x24, 0x10, 0x9D, 0xE5
	.byte 0x04, 0x20, 0x8D, 0xE2, 0xCA, 0xF9, 0xFF, 0xEB, 0x03, 0x00, 0x10, 0xE2, 0x04, 0x00, 0x00, 0x0A
	.byte 0x01, 0x00, 0x50, 0xE3, 0x0B, 0x00, 0x00, 0x0A, 0x02, 0x00, 0x50, 0xE3, 0x19, 0x00, 0x00, 0x0A
	.byte 0x26, 0x00, 0x00, 0xEA, 0x04, 0x00, 0x9D, 0xE5, 0x08, 0x10, 0x9D, 0xE5, 0x0C, 0x20, 0x9D, 0xE5
	.byte 0x10, 0x30, 0x9D, 0xE5, 0x76, 0xFB, 0xFF, 0xEB, 0x14, 0xD0, 0x8D, 0xE2, 0x18, 0x40, 0xBD, 0xE8
	.byte 0x10, 0xD0, 0x8D, 0xE2, 0x1E, 0xFF, 0x2F, 0xE1, 0x01, 0x00, 0xA0, 0xE3, 0x00, 0x00, 0x8D, 0xE5
	.byte 0x04, 0x00, 0x9D, 0xE5, 0x08, 0x10, 0x9D, 0xE5, 0x0C, 0x20, 0x9D, 0xE5, 0x10, 0x30, 0x9D, 0xE5
	.byte 0x1D, 0xFF, 0xFF, 0xEB, 0x00, 0x20, 0xA0, 0xE1, 0x01, 0x30, 0xA0, 0xE1, 0x04, 0x00, 0xA0, 0xE1
	.byte 0x04, 0x10, 0xA0, 0xE1, 0xAA, 0x02, 0x00, 0xEB, 0x14, 0xD0, 0x8D, 0xE2, 0x18, 0x40, 0xBD, 0xE8
	.byte 0x10, 0xD0, 0x8D, 0xE2, 0x1E, 0xFF, 0x2F, 0xE1, 0x04, 0x00, 0x9D, 0xE5, 0x08, 0x10, 0x9D, 0xE5
	.byte 0x0C, 0x20, 0x9D, 0xE5, 0x10, 0x30, 0x9D, 0xE5, 0x5D, 0xFB, 0xFF, 0xEB, 0x00, 0x20, 0xA0, 0xE1
	.byte 0x01, 0x30, 0xA0, 0xE1, 0x04, 0x00, 0xA0, 0xE1, 0x04, 0x10, 0xA0, 0xE1, 0x9C, 0x02, 0x00, 0xEB
	.byte 0x14, 0xD0, 0x8D, 0xE2, 0x18, 0x40, 0xBD, 0xE8, 0x10, 0xD0, 0x8D, 0xE2, 0x1E, 0xFF, 0x2F, 0xE1
	.byte 0x01, 0x00, 0xA0, 0xE3, 0x00, 0x00, 0x8D, 0xE5, 0x04, 0x00, 0x9D, 0xE5, 0x08, 0x10, 0x9D, 0xE5
	.byte 0x0C, 0x20, 0x9D, 0xE5, 0x10, 0x30, 0x9D, 0xE5, 0xFF, 0xFE, 0xFF, 0xEB, 0x14, 0xD0, 0x8D, 0xE2
	.byte 0x18, 0x40, 0xBD, 0xE8, 0x10, 0xD0, 0x8D, 0xE2, 0x1E, 0xFF, 0x2F, 0xE1, 0xFB, 0x21, 0xE9, 0x3F
	.byte 0x00, 0x00, 0xF0, 0x7F, 0x0F, 0x00, 0x2D, 0xE9, 0x00, 0x20, 0x8D, 0xE2, 0x04, 0x10, 0x92, 0xE5
	.byte 0x00, 0x00, 0x9D, 0xE5, 0x02, 0x11, 0xC1, 0xE3, 0x04, 0x10, 0x82, 0xE5, 0x10, 0xD0, 0x8D, 0xE2
	.byte 0x1E, 0xFF, 0x2F, 0xE1, 0x0F, 0x00, 0x2D, 0xE9, 0xF8, 0x43, 0x2D, 0xE9, 0xA0, 0x01, 0x9F, 0xE5
	.byte 0x24, 0x60, 0x9D, 0xE5, 0x01, 0x1B, 0x60, 0xE2, 0x46, 0x2A, 0x00, 0xE0, 0x01, 0x70, 0x82, 0xE0
	.byte 0x14, 0x00, 0x57, 0xE3, 0x20, 0x80, 0x9D, 0xE5, 0x2C, 0x00, 0x00, 0xAA, 0x00, 0x00, 0x57, 0xE3
	.byte 0x12, 0x00, 0x00, 0xAA, 0x20, 0x20, 0x9D, 0xE5, 0x24, 0x30, 0x9D, 0xE5, 0x74, 0x01, 0x9F, 0xE5
	.byte 0x74, 0x11, 0x9F, 0xE5, 0xA6, 0x01, 0x00, 0xEB, 0x00, 0x40, 0xA0, 0xE3, 0x04, 0x20, 0xA0, 0xE1
	.byte 0x04, 0x30, 0xA0, 0xE1, 0xBA, 0x04, 0x00, 0xEB, 0x4E, 0x00, 0x00, 0x9A, 0x00, 0x00, 0x56, 0xE3
	.byte 0x04, 0x80, 0xA0, 0xA1, 0x04, 0x60, 0xA0, 0xA1, 0x4A, 0x00, 0x00, 0xAA, 0x02, 0x01, 0xC6, 0xE3
	.byte 0x08, 0x00, 0x90, 0xE1, 0x04, 0x80, 0xA0, 0x11, 0x40, 0x61, 0x9F, 0x15, 0x45, 0x00, 0x00, 0xEA
	.byte 0x3C, 0x41, 0x9F, 0xE5, 0x54, 0x07, 0x06, 0xE0, 0x00, 0x00, 0x98, 0xE1, 0x20, 0x00, 0x9D, 0x05
	.byte 0x24, 0x10, 0x9D, 0x05, 0xF8, 0x43, 0xBD, 0x08, 0x10, 0xD0, 0x8D, 0x02, 0x1E, 0xFF, 0x2F, 0x01
	.byte 0x20, 0x20, 0x9D, 0xE5, 0x24, 0x30, 0x9D, 0xE5, 0x08, 0x01, 0x9F, 0xE5, 0x08, 0x11, 0x9F, 0xE5
	.byte 0x8B, 0x01, 0x00, 0xEB, 0x00, 0x20, 0xA0, 0xE3, 0x02, 0x30, 0xA0, 0xE1, 0xA0, 0x04, 0x00, 0xEB
	.byte 0x34, 0x00, 0x00, 0x9A, 0x00, 0x00, 0x56, 0xE3, 0x01, 0x06, 0xA0, 0xB3, 0x50, 0x67, 0x86, 0xB0
	.byte 0x54, 0x07, 0xE0, 0xE1, 0x00, 0x60, 0x06, 0xE0, 0x00, 0x80, 0xA0, 0xE3, 0x2D, 0x00, 0x00, 0xEA
	.byte 0x33, 0x00, 0x57, 0xE3, 0x0D, 0x00, 0x00, 0xDA, 0x01, 0x0B, 0x57, 0xE3, 0x20, 0x00, 0x9D, 0x15
	.byte 0x24, 0x10, 0x9D, 0x15, 0xF8, 0x43, 0xBD, 0x18, 0x10, 0xD0, 0x8D, 0x12, 0x1E, 0xFF, 0x2F, 0x11
	.byte 0x20, 0x00, 0x9D, 0xE5, 0x24, 0x10, 0x9D, 0xE5, 0x00, 0x20, 0xA0, 0xE1, 0x01, 0x30, 0xA0, 0xE1
	.byte 0x73, 0x01, 0x00, 0xEB, 0xF8, 0x43, 0xBD, 0xE8, 0x10, 0xD0, 0x8D, 0xE2, 0x1E, 0xFF, 0x2F, 0xE1
	.byte 0x02, 0x5B, 0x40, 0xE2, 0x14, 0x40, 0x47, 0xE2, 0x35, 0x04, 0x18, 0xE1, 0x08, 0x90, 0xA0, 0xE1
	.byte 0x20, 0x00, 0x9D, 0x05, 0x24, 0x10, 0x9D, 0x05, 0xF8, 0x43, 0xBD, 0x08, 0x10, 0xD0, 0x8D, 0x02
	.byte 0x1E, 0xFF, 0x2F, 0x01, 0x20, 0x20, 0x9D, 0xE5, 0x24, 0x30, 0x9D, 0xE5, 0x64, 0x00, 0x9F, 0xE5
	.byte 0x64, 0x10, 0x9F, 0xE5, 0x62, 0x01, 0x00, 0xEB, 0x00, 0x20, 0xA0, 0xE3, 0x02, 0x30, 0xA0, 0xE1
	.byte 0x77, 0x04, 0x00, 0xEB, 0x0B, 0x00, 0x00, 0x9A, 0x00, 0x00, 0x56, 0xE3, 0x07, 0x00, 0x00, 0xAA
	.byte 0x14, 0x00, 0x57, 0xE3, 0x01, 0x60, 0x86, 0x02, 0x04, 0x00, 0x00, 0x0A, 0x34, 0x00, 0x67, 0xE2
	.byte 0x01, 0x10, 0xA0, 0xE3, 0x11, 0x80, 0x88, 0xE0, 0x09, 0x00, 0x58, 0xE1, 0x01, 0x60, 0x86, 0x32
	.byte 0x35, 0x04, 0xE0, 0xE1, 0x00, 0x80, 0x08, 0xE0, 0x08, 0x00, 0xA0, 0xE1, 0x06, 0x10, 0xA0, 0xE1
	.byte 0x24, 0x60, 0x8D, 0xE5, 0x20, 0x80, 0x8D, 0xE5, 0xF8, 0x43, 0xBD, 0xE8, 0x10, 0xD0, 0x8D, 0xE2
	.byte 0x1E, 0xFF, 0x2F, 0xE1, 0xFF, 0x07, 0x00, 0x00, 0x9C, 0x75, 0x00, 0x88, 0x3C, 0xE4, 0x37, 0x7E
	.byte 0x00, 0x00, 0xF0, 0xBF, 0xFF, 0xFF, 0x0F, 0x00, 0x0F, 0x00, 0x2D, 0xE9, 0x38, 0x40, 0x2D, 0xE9
	.byte 0x14, 0x10, 0x9D, 0xE5, 0x9C, 0x00, 0x9F, 0xE5, 0x02, 0x31, 0xC1, 0xE3, 0x02, 0x40, 0xA0, 0xE1
	.byte 0x00, 0x50, 0xA0, 0xE3, 0x00, 0x50, 0x84, 0xE5, 0x00, 0x00, 0x53, 0xE1, 0x10, 0x00, 0x9D, 0xE5
	.byte 0x01, 0x00, 0x00, 0xAA, 0x00, 0x00, 0x93, 0xE1, 0x04, 0x00, 0x00, 0x1A, 0x10, 0x00, 0x9D, 0xE5
	.byte 0x14, 0x10, 0x9D, 0xE5, 0x38, 0x40, 0xBD, 0xE8, 0x10, 0xD0, 0x8D, 0xE2, 0x1E, 0xFF, 0x2F, 0xE1
	.byte 0x01, 0x06, 0x53, 0xE3, 0x09, 0x00, 0x00, 0xAA, 0x10, 0x00, 0x9D, 0xE5, 0x14, 0x10, 0x9D, 0xE5
	.byte 0x54, 0x30, 0x9F, 0xE5, 0x05, 0x20, 0xA0, 0xE1, 0xE6, 0x02, 0x00, 0xEB, 0x36, 0x20, 0x45, 0xE2
	.byte 0x10, 0x00, 0x8D, 0xE5, 0x14, 0x10, 0x8D, 0xE5, 0x00, 0x20, 0x84, 0xE5, 0x02, 0x31, 0xC1, 0xE3
	.byte 0x38, 0x20, 0x9F, 0xE5, 0x38, 0x00, 0x9F, 0xE5, 0x02, 0x10, 0x01, 0xE0, 0xFE, 0x16, 0x81, 0xE3
	.byte 0x03, 0x12, 0x81, 0xE3, 0x00, 0x20, 0x94, 0xE5, 0x43, 0x0A, 0x80, 0xE0, 0x00, 0x20, 0x82, 0xE0
	.byte 0x10, 0x00, 0x9D, 0xE5, 0x00, 0x20, 0x84, 0xE5, 0x14, 0x10, 0x8D, 0xE5, 0x38, 0x40, 0xBD, 0xE8
	.byte 0x10, 0xD0, 0x8D, 0xE2, 0x1E, 0xFF, 0x2F, 0xE1, 0x00, 0x00, 0xF0, 0x7F, 0x00, 0x00, 0x50, 0x43
	.byte 0xFF, 0xFF, 0x0F, 0x80, 0x02, 0xFC, 0xFF, 0xFF, 0x0F, 0x00, 0x2D, 0xE9, 0x70, 0x40, 0x2D, 0xE9
	.byte 0x10, 0x00, 0x9D, 0xE5, 0x14, 0x10, 0x9D, 0xE5, 0x02, 0x40, 0xA0, 0xE1, 0x8C, 0xDE, 0xFF, 0xEB
	.byte 0x02, 0x00, 0x50, 0xE3, 0x06, 0x00, 0x00, 0xDA, 0x00, 0x60, 0xA0, 0xE3, 0x10, 0x20, 0x9D, 0xE5
	.byte 0x14, 0x30, 0x9D, 0xE5, 0x06, 0x00, 0xA0, 0xE1, 0x06, 0x10, 0xA0, 0xE1, 0x96, 0x04, 0x00, 0xEB
	.byte 0x04, 0x00, 0x00, 0x1A, 0x10, 0x00, 0x9D, 0xE5, 0x14, 0x10, 0x9D, 0xE5, 0x70, 0x40, 0xBD, 0xE8
	.byte 0x10, 0xD0, 0x8D, 0xE2, 0x1E, 0xFF, 0x2F, 0xE1, 0x14, 0x30, 0x9D, 0xE5, 0xD8, 0x51, 0x9F, 0xE5
	.byte 0x10, 0x10, 0x9D, 0xE5, 0x05, 0x00, 0x03, 0xE0, 0x40, 0xCA, 0xB0, 0xE1, 0x1B, 0x00, 0x00, 0x1A
	.byte 0x02, 0x01, 0xC3, 0xE3, 0x00, 0x00, 0x91, 0xE1, 0x10, 0x00, 0x9D, 0x05, 0x14, 0x10, 0x9D, 0x05
	.byte 0x70, 0x40, 0xBD, 0x08, 0x10, 0xD0, 0x8D, 0x02, 0x1E, 0xFF, 0x2F, 0x01, 0x10, 0x00, 0x9D, 0xE5
	.byte 0x14, 0x10, 0x9D, 0xE5, 0xA4, 0x31, 0x9F, 0xE5, 0x06, 0x20, 0xA0, 0xE1, 0xA9, 0x02, 0x00, 0xEB
	.byte 0x01, 0x30, 0xA0, 0xE1, 0x05, 0x50, 0x03, 0xE0, 0x94, 0x11, 0x9F, 0xE5, 0x00, 0x20, 0xA0, 0xE1
	.byte 0x45, 0x0A, 0xA0, 0xE1, 0x10, 0x20, 0x8D, 0xE5, 0x14, 0x30, 0x8D, 0xE5, 0x01, 0x00, 0x54, 0xE1
	.byte 0x36, 0xC0, 0x40, 0xE2, 0x05, 0x00, 0x00, 0xAA, 0x78, 0x01, 0x9F, 0xE5, 0x78, 0x11, 0x9F, 0xE5
	.byte 0x9C, 0x02, 0x00, 0xEB, 0x70, 0x40, 0xBD, 0xE8, 0x10, 0xD0, 0x8D, 0xE2, 0x1E, 0xFF, 0x2F, 0xE1
	.byte 0x68, 0x01, 0x9F, 0xE5, 0x00, 0x00, 0x5C, 0xE1, 0x07, 0x00, 0x00, 0x1A, 0x10, 0x00, 0x9D, 0xE5
	.byte 0x14, 0x10, 0x9D, 0xE5, 0x00, 0x20, 0xA0, 0xE1, 0x01, 0x30, 0xA0, 0xE1, 0xD8, 0x00, 0x00, 0xEB
	.byte 0x70, 0x40, 0xBD, 0xE8, 0x10, 0xD0, 0x8D, 0xE2, 0x1E, 0xFF, 0x2F, 0xE1, 0x04, 0x20, 0x8C, 0xE0
	.byte 0x01, 0x00, 0x40, 0xE2, 0x00, 0x00, 0x52, 0xE1, 0x0E, 0x00, 0x00, 0xDA, 0x30, 0x51, 0x9F, 0xE5
	.byte 0x30, 0x41, 0x9F, 0xE5, 0x10, 0x20, 0x9D, 0xE5, 0x14, 0x30, 0x9D, 0xE5, 0x05, 0x00, 0xA0, 0xE1
	.byte 0x04, 0x10, 0xA0, 0xE1, 0xA3, 0xFE, 0xFF, 0xEB, 0x00, 0x20, 0xA0, 0xE1, 0x01, 0x30, 0xA0, 0xE1
	.byte 0x05, 0x00, 0xA0, 0xE1, 0x04, 0x10, 0xA0, 0xE1, 0x7E, 0x02, 0x00, 0xEB, 0x70, 0x40, 0xBD, 0xE8
	.byte 0x10, 0xD0, 0x8D, 0xE2, 0x1E, 0xFF, 0x2F, 0xE1, 0x00, 0x00, 0x52, 0xE3, 0x07, 0x00, 0x00, 0xDA
	.byte 0xF4, 0x10, 0x9F, 0xE5, 0x10, 0x00, 0x9D, 0xE5, 0x01, 0x10, 0x03, 0xE0, 0x02, 0x1A, 0x81, 0xE1
	.byte 0x14, 0x10, 0x8D, 0xE5, 0x70, 0x40, 0xBD, 0xE8, 0x10, 0xD0, 0x8D, 0xE2, 0x1E, 0xFF, 0x2F, 0xE1
	.byte 0x36, 0x00, 0x72, 0xE3, 0x20, 0x00, 0x00, 0xCA, 0xD0, 0x00, 0x9F, 0xE5, 0x00, 0x00, 0x54, 0xE1
	.byte 0x0E, 0x00, 0x00, 0xDA, 0xB8, 0x50, 0x9F, 0xE5, 0xB8, 0x40, 0x9F, 0xE5, 0x10, 0x20, 0x9D, 0xE5
	.byte 0x14, 0x30, 0x9D, 0xE5, 0x05, 0x00, 0xA0, 0xE1, 0x04, 0x10, 0xA0, 0xE1, 0x85, 0xFE, 0xFF, 0xEB
	.byte 0x00, 0x20, 0xA0, 0xE1, 0x01, 0x30, 0xA0, 0xE1, 0x05, 0x00, 0xA0, 0xE1, 0x04, 0x10, 0xA0, 0xE1
	.byte 0x60, 0x02, 0x00, 0xEB, 0x70, 0x40, 0xBD, 0xE8, 0x10, 0xD0, 0x8D, 0xE2, 0x1E, 0xFF, 0x2F, 0xE1
	.byte 0x70, 0x50, 0x9F, 0xE5, 0x70, 0x40, 0x9F, 0xE5, 0x10, 0x20, 0x9D, 0xE5, 0x14, 0x30, 0x9D, 0xE5
	.byte 0x05, 0x00, 0xA0, 0xE1, 0x04, 0x10, 0xA0, 0xE1, 0x76, 0xFE, 0xFF, 0xEB, 0x00, 0x20, 0xA0, 0xE1
	.byte 0x01, 0x30, 0xA0, 0xE1, 0x05, 0x00, 0xA0, 0xE1, 0x04, 0x10, 0xA0, 0xE1, 0x51, 0x02, 0x00, 0xEB
	.byte 0x70, 0x40, 0xBD, 0xE8, 0x10, 0xD0, 0x8D, 0xE2, 0x1E, 0xFF, 0x2F, 0xE1, 0x48, 0x00, 0x9F, 0xE5
	.byte 0x36, 0x10, 0x82, 0xE2, 0x00, 0x00, 0x03, 0xE0, 0x01, 0x3A, 0x80, 0xE1, 0x10, 0x20, 0x9D, 0xE5
	.byte 0x3C, 0x10, 0x9F, 0xE5, 0x00, 0x00, 0xA0, 0xE3, 0x14, 0x30, 0x8D, 0xE5, 0x45, 0x02, 0x00, 0xEB
	.byte 0x70, 0x40, 0xBD, 0xE8, 0x10, 0xD0, 0x8D, 0xE2, 0x1E, 0xFF, 0x2F, 0xE1, 0x00, 0x00, 0xF0, 0x7F
	.byte 0x00, 0x00, 0x50, 0x43, 0xB0, 0x3C, 0xFF, 0xFF, 0x59, 0xF3, 0xF8, 0xC2, 0x1F, 0x6E, 0xA5, 0x01
	.byte 0xFF, 0x07, 0x00, 0x00, 0x9C, 0x75, 0x00, 0x88, 0x3C, 0xE4, 0x37, 0x7E, 0xFF, 0xFF, 0x0F, 0x80
	.byte 0x50, 0xC3, 0x00, 0x00, 0x00, 0x00, 0x90, 0x3C, 0x0F, 0x00, 0x2D, 0xE9, 0x18, 0x40, 0x2D, 0xE9
	.byte 0x14, 0xD0, 0x4D, 0xE2, 0x24, 0x10, 0x9D, 0xE5, 0x58, 0x01, 0x9F, 0xE5, 0x02, 0x11, 0xC1, 0xE3
	.byte 0x00, 0x00, 0x51, 0xE1, 0x00, 0x40, 0xA0, 0xE3, 0x09, 0x00, 0x00, 0xCA, 0x20, 0x00, 0x9D, 0xE5
	.byte 0x24, 0x10, 0x9D, 0xE5, 0x04, 0x20, 0xA0, 0xE1, 0x04, 0x30, 0xA0, 0xE1, 0x00, 0x40, 0x8D, 0xE5
	.byte 0xA9, 0xFD, 0xFF, 0xEB, 0x14, 0xD0, 0x8D, 0xE2, 0x18, 0x40, 0xBD, 0xE8, 0x10, 0xD0, 0x8D, 0xE2
	.byte 0x1E, 0xFF, 0x2F, 0xE1, 0x20, 0x01, 0x9F, 0xE5, 0x00, 0x00, 0x51, 0xE1, 0x08, 0x00, 0x00, 0xBA
	.byte 0x20, 0x00, 0x9D, 0xE5, 0x24, 0x10, 0x9D, 0xE5, 0x00, 0x20, 0xA0, 0xE1, 0x01, 0x30, 0xA0, 0xE1
	.byte 0x2F, 0x01, 0x00, 0xEB, 0x14, 0xD0, 0x8D, 0xE2, 0x18, 0x40, 0xBD, 0xE8, 0x10, 0xD0, 0x8D, 0xE2
	.byte 0x1E, 0xFF, 0x2F, 0xE1, 0x20, 0x00, 0x9D, 0xE5, 0x24, 0x10, 0x9D, 0xE5, 0x04, 0x20, 0x8D, 0xE2
	.byte 0x2B, 0xF8, 0xFF, 0xEB, 0x03, 0x00, 0x10, 0xE2, 0x04, 0x00, 0x00, 0x0A, 0x01, 0x00, 0x50, 0xE3
	.byte 0x0D, 0x00, 0x00, 0x0A, 0x02, 0x00, 0x50, 0xE3, 0x14, 0x00, 0x00, 0x0A, 0x23, 0x00, 0x00, 0xEA
	.byte 0x01, 0x00, 0xA0, 0xE3, 0x00, 0x00, 0x8D, 0xE5, 0x04, 0x00, 0x9D, 0xE5, 0x08, 0x10, 0x9D, 0xE5
	.byte 0x0C, 0x20, 0x9D, 0xE5, 0x10, 0x30, 0x9D, 0xE5, 0x87, 0xFD, 0xFF, 0xEB, 0x14, 0xD0, 0x8D, 0xE2
	.byte 0x18, 0x40, 0xBD, 0xE8, 0x10, 0xD0, 0x8D, 0xE2, 0x1E, 0xFF, 0x2F, 0xE1, 0x04, 0x00, 0x9D, 0xE5
	.byte 0x08, 0x10, 0x9D, 0xE5, 0x0C, 0x20, 0x9D, 0xE5, 0x10, 0x30, 0x9D, 0xE5, 0xCC, 0xF9, 0xFF, 0xEB
	.byte 0x14, 0xD0, 0x8D, 0xE2, 0x18, 0x40, 0xBD, 0xE8, 0x10, 0xD0, 0x8D, 0xE2, 0x1E, 0xFF, 0x2F, 0xE1
	.byte 0x01, 0x00, 0xA0, 0xE3, 0x00, 0x00, 0x8D, 0xE5, 0x04, 0x00, 0x9D, 0xE5, 0x08, 0x10, 0x9D, 0xE5
	.byte 0x0C, 0x20, 0x9D, 0xE5, 0x10, 0x30, 0x9D, 0xE5, 0x73, 0xFD, 0xFF, 0xEB, 0x00, 0x20, 0xA0, 0xE1
	.byte 0x01, 0x30, 0xA0, 0xE1, 0x04, 0x00, 0xA0, 0xE1, 0x04, 0x10, 0xA0, 0xE1, 0x00, 0x01, 0x00, 0xEB
	.byte 0x14, 0xD0, 0x8D, 0xE2, 0x18, 0x40, 0xBD, 0xE8, 0x10, 0xD0, 0x8D, 0xE2, 0x1E, 0xFF, 0x2F, 0xE1
	.byte 0x04, 0x00, 0x9D, 0xE5, 0x08, 0x10, 0x9D, 0xE5, 0x0C, 0x20, 0x9D, 0xE5, 0x10, 0x30, 0x9D, 0xE5
	.byte 0xB3, 0xF9, 0xFF, 0xEB, 0x00, 0x20, 0xA0, 0xE1, 0x01, 0x30, 0xA0, 0xE1, 0x04, 0x00, 0xA0, 0xE1
	.byte 0x04, 0x10, 0xA0, 0xE1, 0xF2, 0x00, 0x00, 0xEB, 0x14, 0xD0, 0x8D, 0xE2, 0x18, 0x40, 0xBD, 0xE8
	.byte 0x10, 0xD0, 0x8D, 0xE2, 0x1E, 0xFF, 0x2F, 0xE1, 0xFB, 0x21, 0xE9, 0x3F, 0x00, 0x00, 0xF0, 0x7F
_0209AB80:
	.byte 0x00, 0xC0, 0x9F, 0xE5, 0x1C, 0xFF, 0x2F, 0xE1, 0xBC, 0x79, 0x09, 0x02, 0x08, 0x40, 0x2D, 0xE9
	.byte 0x50, 0x30, 0x9F, 0xE5, 0x01, 0x20, 0xD0, 0xE4, 0x00, 0x00, 0x52, 0xE3, 0x01, 0x00, 0x00, 0xBA
	.byte 0x80, 0x00, 0x52, 0xE3, 0x02, 0x20, 0xD3, 0xB7, 0x01, 0xE0, 0xD1, 0xE4, 0xFF, 0xC0, 0x02, 0xE2
	.byte 0x00, 0x00, 0x5E, 0xE3, 0x01, 0x00, 0x00, 0xBA, 0x80, 0x00, 0x5E, 0xE3, 0x0E, 0xE0, 0xD3, 0xB7
	.byte 0xFF, 0x20, 0x0E, 0xE2, 0x02, 0x00, 0x5C, 0xE1, 0x00, 0x00, 0xE0, 0x33, 0x08, 0x80, 0xBD, 0x38
	.byte 0x01, 0x00, 0xA0, 0x83, 0x08, 0x80, 0xBD, 0x88, 0x00, 0x00, 0x5C, 0xE3, 0xEC, 0xFF, 0xFF, 0x1A
	.byte 0x00, 0x00, 0xA0, 0xE3, 0x08, 0x80, 0xBD, 0xE8, 0xDC, 0x60, 0x0A, 0x02, 0x00, 0xC0, 0x9F, 0xE5
	.byte 0x1C, 0xFF, 0x2F, 0xE1, 0x40, 0x1C, 0x09, 0x02, 0x00, 0xC0, 0x9F, 0xE5, 0x1C, 0xFF, 0x2F, 0xE1
	.byte 0x8C, 0xAB, 0x09, 0x02
_0209AC04:
	.byte 0x10, 0x40, 0x2D, 0xE9, 0x03, 0xC0, 0x31, 0xE0, 0x02, 0x31, 0x23, 0x42
	.byte 0xCB, 0x00, 0x00, 0x4A, 0x02, 0xC0, 0x50, 0xE0, 0x03, 0xE0, 0xD1, 0xE0, 0x03, 0x00, 0x00, 0x2A
	.byte 0x0C, 0x20, 0x92, 0xE0, 0x0E, 0x30, 0xA3, 0xE0, 0x0C, 0x00, 0x50, 0xE0, 0x0E, 0x10, 0xC1, 0xE0
	.byte 0x02, 0xE1, 0xA0, 0xE3, 0x21, 0xCA, 0xA0, 0xE1, 0x81, 0x15, 0x8E, 0xE1, 0xA0, 0x1A, 0x81, 0xE1
	.byte 0x80, 0x05, 0xA0, 0xE1, 0x8C, 0x4A, 0xB0, 0xE1, 0x02, 0x06, 0x74, 0x13, 0x36, 0x00, 0x00, 0x0A
	.byte 0x23, 0x4A, 0xA0, 0xE1, 0x83, 0x35, 0x8E, 0xE1, 0xA2, 0x3A, 0x83, 0xE1, 0x82, 0x25, 0xA0, 0xE1
	.byte 0x84, 0xEA, 0xB0, 0xE1, 0x42, 0x00, 0x00, 0x0A, 0x04, 0x40, 0x5C, 0xE0, 0x13, 0x00, 0x00, 0x0A
	.byte 0x20, 0x00, 0x54, 0xE3, 0x0A, 0x00, 0x00, 0xDA, 0x38, 0x00, 0x54, 0xE3, 0x3F, 0x40, 0xA0, 0xA3
	.byte 0x20, 0x40, 0x44, 0xE2, 0x20, 0xE0, 0x64, 0xE2, 0x13, 0xEE, 0x92, 0xE1, 0x33, 0x24, 0xA0, 0xE1
	.byte 0x01, 0x20, 0x82, 0x13, 0x02, 0x00, 0x90, 0xE0, 0x00, 0x10, 0xB1, 0xE2, 0x11, 0x00, 0x00, 0x3A
	.byte 0x09, 0x00, 0x00, 0xEA, 0x20, 0xE0, 0x64, 0xE2, 0x12, 0xEE, 0xB0, 0xE1, 0x20, 0xE0, 0x64, 0xE2
	.byte 0x32, 0x24, 0xA0, 0xE1, 0x13, 0x2E, 0x82, 0xE1, 0x33, 0x34, 0xA0, 0xE1, 0x01, 0x20, 0x82, 0x13
	.byte 0x02, 0x00, 0x90, 0xE0, 0x03, 0x10, 0xB1, 0xE0, 0x06, 0x00, 0x00, 0x3A, 0x01, 0xC0, 0x8C, 0xE2
	.byte 0x01, 0x40, 0x00, 0xE2, 0x61, 0x10, 0xB0, 0xE1, 0x60, 0x00, 0x84, 0xE1, 0x8C, 0xEA, 0xA0, 0xE1
	.byte 0x02, 0x06, 0x7E, 0xE3, 0x83, 0x00, 0x00, 0x0A, 0x80, 0x2A, 0xB0, 0xE1, 0xA0, 0x05, 0xA0, 0xE1
	.byte 0x81, 0x0A, 0x80, 0xE1, 0x01, 0x10, 0x81, 0xE0, 0x21, 0x16, 0xA0, 0xE1, 0x0C, 0x1A, 0x81, 0xE1
	.byte 0x02, 0x01, 0x12, 0xE3, 0x10, 0x40, 0xBD, 0x08, 0x1E, 0xFF, 0x2F, 0x01, 0x82, 0x20, 0xB0, 0xE1
	.byte 0x01, 0x20, 0x10, 0x02, 0x10, 0x40, 0xBD, 0x08, 0x1E, 0xFF, 0x2F, 0x01, 0x01, 0x00, 0x90, 0xE2
	.byte 0x00, 0x10, 0xA1, 0xE2, 0x10, 0x40, 0xBD, 0xE8, 0x1E, 0xFF, 0x2F, 0xE1, 0x02, 0x0B, 0x5C, 0xE3
	.byte 0x02, 0xE1, 0xA0, 0xA3, 0x00, 0xE0, 0xA0, 0xB3, 0x02, 0xCB, 0xDC, 0xE3, 0x15, 0x00, 0x00, 0x0A
	.byte 0x81, 0x40, 0x90, 0xE1, 0x62, 0x00, 0x00, 0x1A, 0x23, 0x4A, 0xA0, 0xE1, 0x83, 0x35, 0xA0, 0xE1
	.byte 0xA2, 0x3A, 0x83, 0xE1, 0x82, 0x25, 0xA0, 0xE1, 0x84, 0x4A, 0xB0, 0xE1, 0x57, 0x00, 0x00, 0x0A
	.byte 0x02, 0x06, 0x74, 0xE3, 0x55, 0x00, 0x00, 0x1A, 0x83, 0x40, 0x92, 0xE1, 0x53, 0x00, 0x00, 0x0A
	.byte 0x57, 0x00, 0x00, 0xEA, 0x02, 0x0B, 0x54, 0xE3, 0x02, 0xE1, 0xA0, 0xA3, 0x00, 0xE0, 0xA0, 0xB3
	.byte 0x02, 0xCB, 0xCC, 0xE3, 0x02, 0x4B, 0xD4, 0xE3, 0x1D, 0x00, 0x00, 0x0A, 0x83, 0x40, 0x92, 0xE1
	.byte 0x4F, 0x00, 0x00, 0x1A, 0x49, 0x00, 0x00, 0xEA, 0x81, 0x40, 0x90, 0xE1, 0x0D, 0x00, 0x00, 0x0A
	.byte 0x01, 0xC0, 0xA0, 0xE3, 0x02, 0x11, 0xC1, 0xE3, 0x23, 0x4A, 0xA0, 0xE1, 0x83, 0x35, 0xA0, 0xE1
	.byte 0xA2, 0x3A, 0x83, 0xE1, 0x82, 0x25, 0xA0, 0xE1, 0x84, 0x4A, 0xB0, 0xE1, 0x02, 0x06, 0x74, 0x13
	.byte 0xA4, 0x4A, 0xA0, 0xE1, 0x2E, 0x4A, 0x84, 0xE1, 0xE9, 0xFF, 0xFF, 0x0A, 0x02, 0x31, 0x83, 0xE3
	.byte 0x2E, 0xCA, 0x8C, 0xE1, 0xA3, 0xFF, 0xFF, 0xEA, 0x23, 0xCA, 0xA0, 0xE1, 0x83, 0x15, 0xA0, 0xE1
	.byte 0xA2, 0x1A, 0x81, 0xE1, 0x82, 0x05, 0xA0, 0xE1, 0x8C, 0x4A, 0xB0, 0xE1, 0x26, 0x00, 0x00, 0x0A
	.byte 0x02, 0x06, 0x74, 0xE3, 0x24, 0x00, 0x00, 0x1A, 0x81, 0x40, 0x90, 0xE1, 0x2F, 0x00, 0x00, 0x0A
	.byte 0x34, 0x00, 0x00, 0xEA, 0x83, 0x40, 0x92, 0xE1, 0x23, 0x00, 0x00, 0x0A, 0x01, 0x40, 0xA0, 0xE3
	.byte 0x02, 0x31, 0xC3, 0xE3, 0x00, 0x00, 0x51, 0xE3, 0x02, 0x00, 0x00, 0x5A, 0x2E, 0xCA, 0x8C, 0xE1
	.byte 0x2E, 0x4A, 0x84, 0xE1, 0x8F, 0xFF, 0xFF, 0xEA, 0x02, 0x00, 0x90, 0xE0, 0x03, 0x10, 0xB1, 0xE0
	.byte 0x04, 0x00, 0x00, 0x3A, 0x01, 0xC0, 0x8C, 0xE2, 0x01, 0x40, 0x00, 0xE2, 0x61, 0x10, 0xB0, 0xE1
	.byte 0x60, 0x00, 0xA0, 0xE1, 0x04, 0x00, 0x80, 0xE1, 0x00, 0x00, 0x51, 0xE3, 0x01, 0xC0, 0x5C, 0xA2
	.byte 0x80, 0x2A, 0xB0, 0xE1, 0xA0, 0x05, 0xA0, 0xE1, 0x81, 0x0A, 0x80, 0xE1, 0x01, 0x10, 0x81, 0xE0
	.byte 0x21, 0x16, 0x8E, 0xE1, 0x0C, 0x1A, 0x81, 0xE1, 0x10, 0x40, 0xBD, 0x08, 0x1E, 0xFF, 0x2F, 0x01
	.byte 0x02, 0x01, 0x12, 0xE3, 0x10, 0x40, 0xBD, 0x08, 0x1E, 0xFF, 0x2F, 0x01, 0x82, 0x20, 0xB0, 0xE1
	.byte 0x01, 0x20, 0x10, 0x02, 0x10, 0x40, 0xBD, 0x08, 0x1E, 0xFF, 0x2F, 0x01, 0x03, 0x10, 0xA0, 0xE1
	.byte 0x02, 0x00, 0xA0, 0xE1, 0x10, 0x40, 0xBD, 0xE8, 0x1E, 0xFF, 0x2F, 0xE1, 0x00, 0x00, 0x51, 0xE3
	.byte 0x01, 0xC0, 0x5C, 0xA2, 0xA0, 0x05, 0xA0, 0xE1, 0x81, 0x0A, 0x80, 0xE1, 0x01, 0x10, 0x81, 0xE0
	.byte 0x21, 0x16, 0x8E, 0xE1, 0x0C, 0x1A, 0x81, 0xE1, 0x10, 0x40, 0xBD, 0xE8, 0x1E, 0xFF, 0x2F, 0xE1
	.byte 0x50, 0x10, 0x9F, 0xE5, 0x01, 0x10, 0x8E, 0xE1, 0x00, 0x00, 0xA0, 0xE3, 0x10, 0x40, 0xBD, 0xE8
	.byte 0x1E, 0xFF, 0x2F, 0xE1, 0x03, 0x10, 0xA0, 0xE1, 0x00, 0x00, 0xE0, 0xE3, 0x02, 0x11, 0xC0, 0xE3
	.byte 0x10, 0x40, 0xBD, 0xE8, 0x1E, 0xFF, 0x2F, 0xE1, 0x00, 0x00, 0xE0, 0xE3, 0x02, 0x11, 0xC0, 0xE3
	.byte 0x10, 0x40, 0xBD, 0xE8, 0x1E, 0xFF, 0x2F, 0xE1, 0x02, 0x0B, 0x5C, 0xE3, 0x02, 0xE1, 0xA0, 0xA3
	.byte 0x00, 0xE0, 0xA0, 0xB3, 0x0C, 0x10, 0x9F, 0xE5, 0x01, 0x10, 0x8E, 0xE1, 0x00, 0x00, 0xA0, 0xE3
	.byte 0x10, 0x40, 0xBD, 0xE8, 0x1E, 0xFF, 0x2F, 0xE1, 0x00, 0x00, 0xF0, 0x7F, 0x03, 0x10, 0x21, 0xE0
	.byte 0x03, 0x30, 0x21, 0xE0, 0x03, 0x10, 0x21, 0xE0, 0x02, 0x00, 0x20, 0xE0, 0x02, 0x20, 0x20, 0xE0
	.byte 0x02, 0x00, 0x20, 0xE0, 0x10, 0x40, 0x2D, 0xE9, 0x03, 0xC0, 0x31, 0xE0, 0x02, 0x31, 0x23, 0x42
	.byte 0x33, 0xFF, 0xFF, 0x4A, 0x02, 0xC0, 0x50, 0xE0, 0x03, 0xE0, 0xD1, 0xE0, 0x04, 0x00, 0x00, 0x2A
	.byte 0x02, 0xE1, 0x2E, 0xE2, 0x0C, 0x20, 0x92, 0xE0, 0x0E, 0x30, 0xA3, 0xE0, 0x0C, 0x00, 0x50, 0xE0
	.byte 0x0E, 0x10, 0xC1, 0xE0, 0x02, 0xE1, 0xA0, 0xE3, 0x21, 0xCA, 0xA0, 0xE1, 0x81, 0x15, 0x8E, 0xE1
	.byte 0xA0, 0x1A, 0x81, 0xE1, 0x80, 0x05, 0xA0, 0xE1, 0x8C, 0x4A, 0xB0, 0xE1, 0x02, 0x06, 0x74, 0x13
	.byte 0x78, 0x00, 0x00, 0x0A, 0x23, 0x4A, 0xA0, 0xE1, 0x83, 0x35, 0x8E, 0xE1, 0xA2, 0x3A, 0x83, 0xE1
	.byte 0x82, 0x25, 0xA0, 0xE1, 0x84, 0xEA, 0xB0, 0xE1, 0x84, 0x00, 0x00, 0x0A, 0x04, 0x40, 0x5C, 0xE0
	.byte 0x27, 0x00, 0x00, 0x0A, 0x20, 0x00, 0x54, 0xE3, 0x0A, 0x00, 0x00, 0xDA, 0x38, 0x00, 0x54, 0xE3
	.byte 0x3F, 0x40, 0xA0, 0xA3, 0x20, 0x40, 0x44, 0xE2, 0x20, 0xE0, 0x64, 0xE2, 0x13, 0xEE, 0x92, 0xE1
	.byte 0x33, 0x24, 0xA0, 0xE1, 0x01, 0x20, 0x82, 0x13, 0x02, 0x00, 0x50, 0xE0, 0x00, 0x10, 0xD1, 0xE2
	.byte 0x0A, 0x00, 0x00, 0x4A, 0x45, 0x00, 0x00, 0xEA, 0x20, 0xE0, 0x64, 0xE2, 0x12, 0xEE, 0xB0, 0xE1
	.byte 0x20, 0xE0, 0x64, 0xE2, 0x32, 0x24, 0xA0, 0xE1, 0x13, 0x2E, 0x82, 0xE1, 0x33, 0x34, 0xA0, 0xE1
	.byte 0x01, 0x20, 0x82, 0x13, 0x02, 0x00, 0x50, 0xE0, 0x03, 0x10, 0xD1, 0xE0, 0x3B, 0x00, 0x00, 0x5A
	.byte 0x80, 0x2A, 0xB0, 0xE1, 0xA0, 0x05, 0xA0, 0xE1, 0x81, 0x0A, 0x80, 0xE1, 0x01, 0x10, 0x81, 0xE0
	.byte 0x21, 0x16, 0xA0, 0xE1, 0x0C, 0x1A, 0x81, 0xE1, 0x02, 0x01, 0x12, 0xE3, 0x10, 0x40, 0xBD, 0x08
	.byte 0x1E, 0xFF, 0x2F, 0x01, 0x82, 0x20, 0xB0, 0xE1, 0x01, 0x20, 0x10, 0x02, 0x10, 0x40, 0xBD, 0x08
	.byte 0x1E, 0xFF, 0x2F, 0x01, 0x01, 0x00, 0x90, 0xE2, 0x00, 0x10, 0xA1, 0xE2, 0x10, 0x40, 0xBD, 0xE8
	.byte 0x1E, 0xFF, 0x2F, 0xE1, 0x02, 0x00, 0x50, 0xE0, 0x03, 0x10, 0xC1, 0xE0, 0x00, 0xE0, 0x91, 0xE1
	.byte 0x9F, 0x00, 0x00, 0x0A, 0x0C, 0xEA, 0xA0, 0xE1, 0x02, 0xE1, 0x0E, 0xE2, 0x02, 0xCB, 0xCC, 0xE3
	.byte 0x00, 0x00, 0x51, 0xE3, 0x18, 0x00, 0x00, 0x4A, 0x03, 0x00, 0x00, 0x1A, 0x20, 0xC0, 0x4C, 0xE2
	.byte 0x00, 0x10, 0xB0, 0xE1, 0x00, 0x00, 0xA0, 0xE3, 0x06, 0x00, 0x00, 0x4A, 0x11, 0x4F, 0x6F, 0xE1
	.byte 0x11, 0x14, 0xB0, 0xE1, 0x20, 0x40, 0x64, 0xE2, 0x30, 0x14, 0x81, 0xE1, 0x20, 0x40, 0x64, 0xE2
	.byte 0x10, 0x04, 0xA0, 0xE1, 0x04, 0xC0, 0x4C, 0xE0, 0x00, 0x00, 0x5C, 0xE3, 0x0C, 0x00, 0x00, 0xCA
	.byte 0x0C, 0xC0, 0x6C, 0xE2, 0x20, 0x00, 0x5C, 0xE3, 0x01, 0x00, 0xA0, 0xA1, 0x00, 0x10, 0xA0, 0xA3
	.byte 0x20, 0xC0, 0x4C, 0xA2, 0x20, 0x40, 0x6C, 0xE2, 0x30, 0x0C, 0xA0, 0xE1, 0x11, 0x04, 0x80, 0xE1
	.byte 0x31, 0x1C, 0x8E, 0xE1, 0x10, 0x40, 0xBD, 0xE8, 0x1E, 0xFF, 0x2F, 0xE1, 0x00, 0x00, 0x51, 0xE3
	.byte 0x01, 0xC0, 0x5C, 0xA2, 0xA0, 0x05, 0xA0, 0xE1, 0x81, 0x0A, 0x80, 0xE1, 0x01, 0x10, 0x81, 0xE0
	.byte 0x21, 0x16, 0x8E, 0xE1, 0x0C, 0x1A, 0x81, 0xE1, 0x10, 0x40, 0xBD, 0xE8, 0x1E, 0xFF, 0x2F, 0xE1
	.byte 0x0C, 0xEA, 0xA0, 0xE1, 0x02, 0xE1, 0x0E, 0xE2, 0x02, 0xCB, 0xCC, 0xE3, 0x00, 0x00, 0x51, 0xE3
	.byte 0x03, 0x00, 0x00, 0x1A, 0x20, 0xC0, 0x4C, 0xE2, 0x00, 0x10, 0xB0, 0xE1, 0x00, 0x00, 0xA0, 0xE3
	.byte 0x06, 0x00, 0x00, 0x4A, 0x11, 0x4F, 0x6F, 0xE1, 0x11, 0x14, 0xB0, 0xE1, 0x20, 0x40, 0x64, 0xE2
	.byte 0x30, 0x14, 0x81, 0xE1, 0x20, 0x40, 0x64, 0xE2, 0x10, 0x04, 0xA0, 0xE1, 0x04, 0xC0, 0x4C, 0xE0
	.byte 0x00, 0x00, 0x5C, 0xE3, 0x2E, 0xCA, 0x8C, 0xC1, 0xB0, 0xFF, 0xFF, 0xCA, 0x0C, 0xC0, 0x6C, 0xE2
	.byte 0x20, 0x00, 0x5C, 0xE3, 0x01, 0x00, 0xA0, 0xA1, 0x00, 0x10, 0xA0, 0xA3, 0x20, 0xC0, 0x4C, 0xA2
	.byte 0x20, 0x40, 0x6C, 0xE2, 0x30, 0x0C, 0xA0, 0xE1, 0x11, 0x04, 0x80, 0xE1, 0x31, 0x1C, 0x8E, 0xE1
	.byte 0x10, 0x40, 0xBD, 0xE8, 0x1E, 0xFF, 0x2F, 0xE1, 0x02, 0x0B, 0x5C, 0xE3, 0x02, 0xE1, 0xA0, 0xA3
	.byte 0x00, 0xE0, 0xA0, 0xB3, 0x02, 0xCB, 0xDC, 0xE3, 0x15, 0x00, 0x00, 0x0A, 0x81, 0x40, 0x90, 0xE1
	.byte 0x4A, 0x00, 0x00, 0x1A, 0x23, 0x4A, 0xA0, 0xE1, 0x83, 0x35, 0xA0, 0xE1, 0xA2, 0x3A, 0x83, 0xE1
	.byte 0x82, 0x25, 0xA0, 0xE1, 0x84, 0x4A, 0xB0, 0xE1, 0x3F, 0x00, 0x00, 0x0A, 0x02, 0x06, 0x74, 0xE3
	.byte 0x3D, 0x00, 0x00, 0x1A, 0x83, 0x40, 0x92, 0xE1, 0x45, 0x00, 0x00, 0x0A, 0x3F, 0x00, 0x00, 0xEA
	.byte 0x02, 0x0B, 0x54, 0xE3, 0x02, 0xE1, 0xA0, 0xA3, 0x00, 0xE0, 0xA0, 0xB3, 0x02, 0xCB, 0xCC, 0xE3
	.byte 0x02, 0x4B, 0xD4, 0xE3, 0x20, 0x00, 0x00, 0x0A, 0x83, 0x40, 0x92, 0xE1, 0x37, 0x00, 0x00, 0x1A
	.byte 0x31, 0x00, 0x00, 0xEA, 0x81, 0x40, 0x90, 0xE1, 0x0D, 0x00, 0x00, 0x0A, 0x01, 0xC0, 0xA0, 0xE3
	.byte 0x02, 0x11, 0xC1, 0xE3, 0x23, 0x4A, 0xA0, 0xE1, 0x83, 0x35, 0xA0, 0xE1, 0xA2, 0x3A, 0x83, 0xE1
	.byte 0x82, 0x25, 0xA0, 0xE1, 0x84, 0x4A, 0xB0, 0xE1, 0x02, 0x06, 0x74, 0x13, 0xA4, 0x4A, 0xA0, 0xE1
	.byte 0x2E, 0x4A, 0x84, 0xE1, 0xE9, 0xFF, 0xFF, 0x0A, 0x02, 0x31, 0x83, 0xE3, 0x2E, 0xCA, 0x8C, 0xE1
	.byte 0x61, 0xFF, 0xFF, 0xEA, 0x23, 0xCA, 0xA0, 0xE1, 0x83, 0x15, 0xA0, 0xE1, 0xA2, 0x1A, 0x81, 0xE1
	.byte 0x82, 0x05, 0xA0, 0xE1, 0x8C, 0x4A, 0xB0, 0xE1, 0x04, 0x00, 0x00, 0x0A, 0x02, 0x06, 0x74, 0xE3
	.byte 0x0C, 0x00, 0x00, 0x1A, 0x81, 0x40, 0x90, 0xE1, 0x1D, 0x00, 0x00, 0x1A, 0x16, 0x00, 0x00, 0xEA
	.byte 0x81, 0x40, 0x90, 0xE1, 0x22, 0x00, 0x00, 0x0A, 0x06, 0x00, 0x00, 0xEA, 0x83, 0x40, 0x92, 0xE1
	.byte 0x08, 0x00, 0x00, 0x0A, 0x01, 0x40, 0xA0, 0xE3, 0x02, 0x31, 0xC3, 0xE3, 0x2E, 0xCA, 0x8C, 0xE1
	.byte 0x2E, 0x4A, 0x84, 0xE1, 0x4C, 0xFF, 0xFF, 0xEA, 0x03, 0x10, 0xA0, 0xE1, 0x02, 0x00, 0xA0, 0xE1
	.byte 0x10, 0x40, 0xBD, 0xE8, 0x1E, 0xFF, 0x2F, 0xE1, 0x00, 0x00, 0x51, 0xE3, 0x01, 0xC0, 0x5C, 0xA2
	.byte 0xA0, 0x05, 0xA0, 0xE1, 0x81, 0x0A, 0x80, 0xE1, 0x01, 0x10, 0x81, 0xE0, 0x21, 0x16, 0x8E, 0xE1
	.byte 0x0C, 0x1A, 0x81, 0xE1, 0x10, 0x40, 0xBD, 0xE8, 0x1E, 0xFF, 0x2F, 0xE1, 0x40, 0x10, 0x9F, 0xE5
	.byte 0x01, 0x10, 0x8E, 0xE1, 0x00, 0x00, 0xA0, 0xE3, 0x10, 0x40, 0xBD, 0xE8, 0x1E, 0xFF, 0x2F, 0xE1
	.byte 0x03, 0x10, 0xA0, 0xE1, 0x00, 0x00, 0xE0, 0xE3, 0x02, 0x11, 0xC0, 0xE3, 0x10, 0x40, 0xBD, 0xE8
	.byte 0x1E, 0xFF, 0x2F, 0xE1, 0x00, 0x00, 0xE0, 0xE3, 0x02, 0x11, 0xC0, 0xE3, 0x10, 0x40, 0xBD, 0xE8
	.byte 0x1E, 0xFF, 0x2F, 0xE1, 0x00, 0x10, 0xA0, 0xE3, 0x00, 0x00, 0xA0, 0xE3, 0x10, 0x40, 0xBD, 0xE8
	.byte 0x1E, 0xFF, 0x2F, 0xE1, 0x00, 0x00, 0xF0, 0x7F, 0xF0, 0x40, 0x2D, 0xE9, 0x03, 0xE0, 0x21, 0xE0
	.byte 0x02, 0xE1, 0x0E, 0xE2, 0x21, 0xCA, 0xA0, 0xE1, 0x81, 0x15, 0xA0, 0xE1, 0xA0, 0x1A, 0x81, 0xE1
	.byte 0x80, 0x05, 0xA0, 0xE1, 0x8C, 0x6A, 0xB0, 0xE1, 0x02, 0x06, 0x76, 0x13, 0x37, 0x00, 0x00, 0x0A
	.byte 0x02, 0x11, 0x81, 0xE3, 0x02, 0xCB, 0xCC, 0xE3, 0x23, 0x4A, 0xA0, 0xE1, 0x83, 0x35, 0xA0, 0xE1
	.byte 0xA2, 0x3A, 0x83, 0xE1, 0x82, 0x25, 0xA0, 0xE1, 0x84, 0x5A, 0xB0, 0xE1, 0x02, 0x06, 0x75, 0x13
	.byte 0x40, 0x00, 0x00, 0x0A, 0x02, 0x31, 0x83, 0xE3, 0x02, 0x4B, 0xC4, 0xE3, 0x0C, 0xC0, 0x84, 0xE0
	.byte 0x90, 0x52, 0x84, 0xE0, 0x90, 0x73, 0x86, 0xE0, 0x04, 0x40, 0x97, 0xE0, 0x00, 0x60, 0xA6, 0xE2
	.byte 0x91, 0x72, 0x80, 0xE0, 0x04, 0x40, 0x97, 0xE0, 0x06, 0x00, 0xB0, 0xE0, 0x91, 0x73, 0x82, 0xE0
	.byte 0x00, 0x10, 0xA2, 0xE2, 0x07, 0x00, 0x90, 0xE0, 0x00, 0x10, 0xA1, 0xE2, 0x05, 0x40, 0x94, 0xE1
	.byte 0x01, 0x00, 0x80, 0x13, 0x00, 0x00, 0x51, 0xE3, 0x02, 0x00, 0x00, 0xBA, 0x01, 0xC0, 0x4C, 0xE2
	.byte 0x00, 0x00, 0x90, 0xE0, 0x01, 0x10, 0xA1, 0xE0, 0x02, 0xC0, 0x8C, 0xE2, 0x01, 0xCB, 0x5C, 0xE2
	.byte 0x63, 0x00, 0x00, 0x4A, 0x62, 0x00, 0x00, 0x0A, 0x0C, 0x6A, 0xA0, 0xE1, 0x01, 0x06, 0x76, 0xE3
	.byte 0x9F, 0x00, 0x00, 0x4A, 0x80, 0x2A, 0xB0, 0xE1, 0xA0, 0x05, 0xA0, 0xE1, 0x81, 0x0A, 0x80, 0xE1
	.byte 0x01, 0x10, 0x81, 0xE0, 0x21, 0x16, 0x8E, 0xE1, 0x0C, 0x1A, 0x81, 0xE1, 0xF0, 0x40, 0xBD, 0x08
	.byte 0x1E, 0xFF, 0x2F, 0x01, 0x02, 0x01, 0x12, 0xE3, 0xF0, 0x40, 0xBD, 0x08, 0x1E, 0xFF, 0x2F, 0x01
	.byte 0x82, 0x20, 0xB0, 0xE1, 0x01, 0x20, 0x10, 0x02, 0xF0, 0x40, 0xBD, 0x08, 0x1E, 0xFF, 0x2F, 0x01
	.byte 0x01, 0x00, 0x90, 0xE2, 0x00, 0x10, 0xA1, 0xE2, 0xF0, 0x40, 0xBD, 0xE8, 0x1E, 0xFF, 0x2F, 0xE1
	.byte 0x02, 0xCB, 0xDC, 0xE3, 0x14, 0x00, 0x00, 0x0A, 0x81, 0x60, 0x90, 0xE1, 0x75, 0x00, 0x00, 0x1A
	.byte 0x23, 0x4A, 0xA0, 0xE1, 0x83, 0x35, 0xA0, 0xE1, 0xA2, 0x3A, 0x83, 0xE1, 0x82, 0x25, 0xA0, 0xE1
	.byte 0x84, 0x5A, 0xB0, 0xE1, 0x04, 0x00, 0x00, 0x0A, 0x02, 0x06, 0x75, 0xE3, 0x68, 0x00, 0x00, 0x1A
	.byte 0x83, 0x50, 0x92, 0xE1, 0x66, 0x00, 0x00, 0x0A, 0x6A, 0x00, 0x00, 0xEA, 0x02, 0x50, 0x93, 0xE1
	.byte 0x6D, 0x00, 0x00, 0x0A, 0x62, 0x00, 0x00, 0xEA, 0x02, 0x4B, 0xD4, 0xE3, 0x27, 0x00, 0x00, 0x0A
	.byte 0x83, 0x60, 0x92, 0xE1, 0x63, 0x00, 0x00, 0x1A, 0x5D, 0x00, 0x00, 0xEA, 0x81, 0x60, 0x90, 0xE1
	.byte 0x17, 0x00, 0x00, 0x0A, 0x01, 0xC0, 0xA0, 0xE3, 0x00, 0x00, 0x51, 0xE3, 0x03, 0x00, 0x00, 0x1A
	.byte 0x20, 0xC0, 0x4C, 0xE2, 0x00, 0x10, 0xB0, 0xE1, 0x00, 0x00, 0xA0, 0xE3, 0x06, 0x00, 0x00, 0x4A
	.byte 0x11, 0x6F, 0x6F, 0xE1, 0x11, 0x16, 0xB0, 0xE1, 0x20, 0x60, 0x66, 0xE2, 0x30, 0x16, 0x81, 0xE1
	.byte 0x20, 0x60, 0x66, 0xE2, 0x10, 0x06, 0xA0, 0xE1, 0x06, 0xC0, 0x4C, 0xE0, 0x23, 0x4A, 0xA0, 0xE1
	.byte 0x83, 0x35, 0xA0, 0xE1, 0xA2, 0x3A, 0x83, 0xE1, 0x82, 0x25, 0xA0, 0xE1, 0x84, 0x5A, 0xB0, 0xE1
	.byte 0x02, 0x06, 0x75, 0x13, 0xE3, 0xFF, 0xFF, 0x0A, 0x02, 0x31, 0x83, 0xE3, 0x02, 0x4B, 0xC4, 0xE3
	.byte 0xA1, 0xFF, 0xFF, 0xEA, 0x23, 0x4A, 0xA0, 0xE1, 0x83, 0x35, 0xA0, 0xE1, 0xA2, 0x3A, 0x83, 0xE1
	.byte 0x82, 0x25, 0xA0, 0xE1, 0x84, 0x5A, 0xB0, 0xE1, 0x5A, 0x00, 0x00, 0x0A, 0x02, 0x06, 0x75, 0xE3
	.byte 0x58, 0x00, 0x00, 0x1A, 0x83, 0x60, 0x92, 0xE1, 0x43, 0x00, 0x00, 0x0A, 0x3D, 0x00, 0x00, 0xEA
	.byte 0x83, 0x50, 0x92, 0xE1, 0x53, 0x00, 0x00, 0x0A, 0x01, 0x40, 0xA0, 0xE3, 0x00, 0x00, 0x53, 0xE3
	.byte 0x03, 0x00, 0x00, 0x1A, 0x20, 0x40, 0x44, 0xE2, 0x02, 0x30, 0xB0, 0xE1, 0x00, 0x20, 0xA0, 0xE3
	.byte 0x8D, 0xFF, 0xFF, 0x4A, 0x13, 0x6F, 0x6F, 0xE1, 0x13, 0x36, 0xB0, 0xE1, 0x20, 0x60, 0x66, 0xE2
	.byte 0x32, 0x36, 0x83, 0xE1, 0x20, 0x60, 0x66, 0xE2, 0x12, 0x26, 0xA0, 0xE1, 0x06, 0x40, 0x44, 0xE0
	.byte 0x85, 0xFF, 0xFF, 0xEA, 0x34, 0x00, 0x7C, 0xE3, 0x23, 0x00, 0x00, 0x0A, 0x38, 0x00, 0x00, 0x4A
	.byte 0x01, 0x20, 0xA0, 0xE1, 0x00, 0x30, 0xA0, 0xE1, 0x34, 0x40, 0x8C, 0xE2, 0x20, 0x00, 0x54, 0xE3
	.byte 0x03, 0x20, 0xA0, 0xA1, 0x00, 0x30, 0xA0, 0xA3, 0x20, 0x40, 0x44, 0xA2, 0x20, 0x50, 0x64, 0xE2
	.byte 0x12, 0x24, 0xA0, 0xE1, 0x33, 0x25, 0x82, 0xE1, 0x13, 0x34, 0xB0, 0xE1, 0x01, 0x20, 0x82, 0x13
	.byte 0x0C, 0xC0, 0x6C, 0xE2, 0x20, 0x00, 0x5C, 0xE3, 0x01, 0x00, 0xA0, 0xA1, 0x00, 0x10, 0xA0, 0xA3
	.byte 0x20, 0xC0, 0x4C, 0xA2, 0x20, 0x40, 0x6C, 0xE2, 0x30, 0x0C, 0xA0, 0xE1, 0x11, 0x04, 0x80, 0xE1
	.byte 0x31, 0x1C, 0x8E, 0xE1, 0x00, 0x00, 0x52, 0xE3, 0xF0, 0x40, 0xBD, 0x08, 0x1E, 0xFF, 0x2F, 0x01
	.byte 0x02, 0x01, 0x12, 0xE3, 0xF0, 0x40, 0xBD, 0x08, 0x1E, 0xFF, 0x2F, 0x01, 0x82, 0x20, 0xB0, 0xE1
	.byte 0x01, 0x20, 0x10, 0x02, 0xF0, 0x40, 0xBD, 0x08, 0x1E, 0xFF, 0x2F, 0x01, 0x01, 0x00, 0x90, 0xE2
	.byte 0x00, 0x10, 0xA1, 0xE2, 0xF0, 0x40, 0xBD, 0xE8, 0x1E, 0xFF, 0x2F, 0xE1, 0x81, 0x00, 0x80, 0xE1
	.byte 0x0D, 0x00, 0x00, 0xEA, 0x7C, 0x10, 0x9F, 0xE5, 0x01, 0x10, 0x8E, 0xE1, 0x00, 0x00, 0xA0, 0xE3
	.byte 0xF0, 0x40, 0xBD, 0xE8, 0x1E, 0xFF, 0x2F, 0xE1, 0x03, 0x10, 0xA0, 0xE1, 0x00, 0x00, 0xE0, 0xE3
	.byte 0x02, 0x11, 0xC0, 0xE3, 0xF0, 0x40, 0xBD, 0xE8, 0x1E, 0xFF, 0x2F, 0xE1, 0x00, 0x00, 0xE0, 0xE3
	.byte 0x02, 0x11, 0xC0, 0xE3, 0xF0, 0x40, 0xBD, 0xE8, 0x1E, 0xFF, 0x2F, 0xE1, 0x00, 0x20, 0xB0, 0xE1
	.byte 0x0E, 0x10, 0xA0, 0xE1, 0x00, 0x00, 0xA0, 0xE3, 0x01, 0x00, 0x80, 0x12, 0xF0, 0x40, 0xBD, 0xE8
	.byte 0x1E, 0xFF, 0x2F, 0xE1, 0x0E, 0x10, 0xA0, 0xE1, 0x00, 0x00, 0xA0, 0xE3, 0xF0, 0x40, 0xBD, 0xE8
	.byte 0x1E, 0xFF, 0x2F, 0xE1, 0x1C, 0x10, 0x9F, 0xE5, 0x01, 0x10, 0x8E, 0xE1, 0x00, 0x00, 0xA0, 0xE3
	.byte 0xF0, 0x40, 0xBD, 0xE8, 0x1E, 0xFF, 0x2F, 0xE1, 0x0E, 0x10, 0xA0, 0xE1, 0x00, 0x00, 0xA0, 0xE3
	.byte 0xF0, 0x40, 0xBD, 0xE8, 0x1E, 0xFF, 0x2F, 0xE1, 0x00, 0x00, 0xF0, 0x7F, 0x02, 0x21, 0x01, 0xE2
	.byte 0x21, 0xCA, 0xA0, 0xE1, 0x02, 0xCB, 0xDC, 0xE3, 0x19, 0x00, 0x00, 0x0A, 0x8C, 0x3A, 0xA0, 0xE1
	.byte 0x02, 0x06, 0x73, 0xE3, 0x0F, 0x00, 0x00, 0x2A, 0x0E, 0xCD, 0x5C, 0xE2, 0x18, 0x00, 0x00, 0x9A
	.byte 0xFF, 0x00, 0x5C, 0xE3, 0x32, 0x00, 0x00, 0xAA, 0x01, 0x16, 0xA0, 0xE1, 0xA1, 0x34, 0x82, 0xE1
	.byte 0xA0, 0x3E, 0x83, 0xE1, 0x80, 0x11, 0xB0, 0xE1, 0x8C, 0x0B, 0x83, 0xE1, 0x1E, 0xFF, 0x2F, 0x01
	.byte 0x02, 0x01, 0x11, 0xE3, 0x1E, 0xFF, 0x2F, 0x01, 0x81, 0x10, 0xB0, 0xE1, 0x01, 0x10, 0x10, 0x02
	.byte 0x01, 0x00, 0x80, 0x12, 0x1E, 0xFF, 0x2F, 0xE1, 0x01, 0x36, 0x90, 0xE1, 0x02, 0x00, 0x00, 0x1A
	.byte 0xFF, 0x04, 0xA0, 0xE3, 0xA0, 0x00, 0x82, 0xE1, 0x1E, 0xFF, 0x2F, 0xE1, 0x02, 0x01, 0xE0, 0xE3
	.byte 0x1E, 0xFF, 0x2F, 0xE1, 0x01, 0x36, 0x90, 0xE1, 0x1B, 0x00, 0x00, 0x1A, 0x02, 0x00, 0xA0, 0xE1
	.byte 0x1E, 0xFF, 0x2F, 0xE1, 0x17, 0x00, 0x7C, 0xE3, 0x12, 0x00, 0x00, 0x0A, 0x16, 0x00, 0x00, 0x4A
	.byte 0x81, 0x15, 0xA0, 0xE1, 0x02, 0x11, 0x81, 0xE3, 0x21, 0x34, 0xA0, 0xE1, 0xA0, 0x3E, 0x83, 0xE1
	.byte 0x01, 0xC0, 0x6C, 0xE2, 0x80, 0x11, 0xB0, 0xE1, 0x33, 0x0C, 0x82, 0xE1, 0x20, 0xC0, 0x6C, 0xE2
	.byte 0x13, 0x3C, 0xA0, 0xE1, 0x01, 0x30, 0x83, 0x13, 0x03, 0x10, 0xB0, 0xE1, 0x1E, 0xFF, 0x2F, 0x01
	.byte 0x02, 0x01, 0x11, 0xE3, 0x1E, 0xFF, 0x2F, 0x01, 0x81, 0x10, 0xB0, 0xE1, 0x01, 0x10, 0x10, 0x02
	.byte 0x01, 0x00, 0x80, 0x12, 0x1E, 0xFF, 0x2F, 0xE1, 0x01, 0x06, 0x80, 0xE1, 0x00, 0x10, 0xB0, 0xE1
	.byte 0x02, 0x00, 0xA0, 0xE1, 0x01, 0x00, 0x80, 0x12, 0x1E, 0xFF, 0x2F, 0xE1, 0x02, 0x00, 0xA0, 0xE1
	.byte 0x1E, 0xFF, 0x2F, 0xE1, 0xFF, 0x04, 0xA0, 0xE3, 0xA0, 0x00, 0x82, 0xE1, 0x1E, 0xFF, 0x2F, 0xE1

