	.include "asm/macros/function.inc"

	.extern FUN_02FAF9A0
	.extern FUN_02FE0000
	.extern FUN_02FE1484
	.extern FUN_02FE1A58
	.extern FUN_02FE20F4
	.extern FUN_02FF7500
	.extern FUN_030021A0
	.extern FUN_03003CE0
	.extern FUN_03004754
	.extern FUN_03005538
	.extern FUN_03005860
	.extern FUN_03016D78
	.extern FUN_03016D90
	.extern FUN_03016DE8
	.extern FUN_03017010
	.extern FUN_030172E8
	.extern FUN_030174F8
	.extern FUN_030176D0
	.extern FUN_030179FC
	.extern FUN_0301E708
	.extern FUN_0301EE80

	.text


	arm_func_start FUN_037F8000
FUN_037F8000: ; 0x037F8000
	stmdb sp!, {r4, r5, r6, lr}
	bl FUN_037FDA00
	bl FUN_02FF7500
	bl FUN_037F8328
	mov r0, #0
	bl FUN_037F816C
	mov r5, #1
	mov r6, r0
	mov r0, r5
	bl FUN_037F816C
	mov r4, r0
	bl FUN_037FF8CC
	mov r0, r5
	ldr r1, _037F810C ; =0x037F868C
	bl FUN_037FC094
	mov r0, r5
	bl FUN_037FC280
	mov r0, r5
	bl FUN_037F8110
	bl FUN_037F8148
	bl FUN_037FEF48
	sub r0, r5, #2
	bl FUN_03806660
	mov r0, #0xf
	bl FUN_03806714
	bl FUN_037FD4BC
	cmp r0, #1
	bne _037F809C
	bl FUN_03016D78
	mov r0, r6
	mov r1, r4
	bl FUN_03016D90
	mov r0, r5
	mov r1, #2
	mov r2, #0xc
	bl FUN_02FAF9A0
	mov r0, r5
	bl FUN_0301EE80
	bl FUN_030021A0
_037F809C:
	bl FUN_037FEFE8
	cmp r0, #1
	bne _037F80AC
	bl FUN_0301E708
_037F80AC:
	mov r0, #6
	bl FUN_038005A8
	bl FUN_037FD4BC
	cmp r0, #1
	bne _037F80C8
	mov r0, #0xe
	bl FUN_03003CE0
_037F80C8:
	mov r0, #0xc
	bl FUN_02FE0000
	mov r0, r6
	bl FUN_02FE20F4
	mov r0, #2
	bl FUN_03803B08
	mov r4, #0
_037F80E4:
	bl FUN_037F8160
	bl FUN_037FC3D0
	cmp r0, #0
	beq _037F8100
	mov r0, r4
	bl FUN_03808AEC
	bl FUN_037FF074
_037F8100:
	bl FUN_03808CE0
	bl FUN_03807870
	b _037F80E4
	.balign 4, 0
_037F810C: .word 0x037F868C
	arm_func_end FUN_037F8000

	arm_func_start FUN_037F8110
FUN_037F8110: ; 0x037F8110
	ldr r3, _037F8140 ; =0x04000004
	cmp r0, #0
	ldrh r0, [r3]
	ldrneh r1, [r3]
	and r0, r0, #8
	orrne r1, r1, #8
	strneh r1, [r3]
	ldreqh r2, [r3]
	ldreq r1, _037F8144 ; =0x0000FFF7
	andeq r1, r2, r1
	streqh r1, [r3]
	bx lr
	.balign 4, 0
_037F8140: .word 0x04000004
_037F8144: .word 0x0000FFF7
	arm_func_end FUN_037F8110

	arm_func_start FUN_037F8148
FUN_037F8148: ; 0x037F8148
	ldr r2, _037F815C ; =0x04000208
	mov r1, #1
	ldrh r0, [r2]
	strh r1, [r2]
	bx lr
	.balign 4, 0
_037F815C: .word 0x04000208
	arm_func_end FUN_037F8148

	arm_func_start FUN_037F8160
FUN_037F8160: ; 0x037F8160
	ldr ip, _037F8168 ; =FUN_037FB51E
	bx ip
	.balign 4, 0
_037F8168: .word 0x037FB51F
	arm_func_end FUN_037F8160

	arm_func_start FUN_037F816C
FUN_037F816C: ; 0x037F816C
	stmdb sp!, {r4, lr}
	mov r4, r0
	bl FUN_037FD4BC
	cmp r0, #1
	mov r0, r4
	bne _037F818C
	bl FUN_03016DE8
	b _037F8190
_037F818C:
	bl FUN_037F8198
_037F8190:
	ldmia sp!, {r4, lr}
	bx lr
	arm_func_end FUN_037F816C

	arm_func_start FUN_037F8198
FUN_037F8198: ; 0x037F8198
	stmdb sp!, {r3, r4, r5, r6, r7, lr}
	mov r7, r0
	cmp r7, #1
	mov r5, #1
	bne _037F822C
	bl FUN_037F82D4
	mov r4, r0
	bl FUN_037F82E4
	mov r6, r0
	mov r0, r4
	sub r1, r6, r4
	bl FUN_037F82F4
	mov r1, r4
	mov r0, r5
	mov r2, r6
	mov r3, r5
	bl FUN_037FDE88
	mov r4, r0
	mov r0, r5
	mov r1, r4
	bl FUN_037FDBF0
	mov r1, r4
	mov r2, r6
	mov r0, r5
	bl FUN_037FDF30
	movs r6, r0
	bpl _037F8208
	bl FUN_037FF18C
_037F8208:
	mov r0, r5
	mov r1, r6
	bl FUN_037FDE54
	mov r0, r5
	mov r1, r6
	bl FUN_037FE044
	cmp r0, #0
	bne _037F822C
	bl FUN_037FF18C
_037F822C:
	cmp r7, #0
	bne _037F82C8
	bl FUN_037F8308
	mov r4, r0
	bl FUN_037F8318
	mov r6, r0
	mov r0, r4
	sub r1, r6, r4
	bl FUN_037F82F4
	mov r5, #8
	mov r1, r4
	mov r0, r5
	mov r2, r6
	mov r3, #1
	bl FUN_037FDE88
	mov r4, r0
	mov r0, r5
	mov r1, r4
	bl FUN_037FDBF0
	mov r0, r5
	mov r1, r4
	mov r2, r6
	bl FUN_037FDF30
	movs r6, r0
	bpl _037F8294
	bl FUN_037FF18C
_037F8294:
	mov r4, #8
	mov r0, r4
	mov r1, r6
	bl FUN_037FDE54
	mov r0, r4
	mov r1, r6
	bl FUN_037FE044
	movs r4, r0
	bne _037F82BC
	bl FUN_037FF18C
_037F82BC:
	cmp r4, #0x2100
	bhs _037F82C8
	bl FUN_037FF18C
_037F82C8:
	mov r0, r6
	ldmia sp!, {r3, r4, r5, r6, r7, lr}
	bx lr
	arm_func_end FUN_037F8198

	arm_func_start FUN_037F82D4
FUN_037F82D4: ; 0x037F82D4
	ldr ip, _037F82E0 ; =FUN_037FDAE4
	mov r0, #1
	bx ip
	.balign 4, 0
_037F82E0: .word 0x037FDAE4
	arm_func_end FUN_037F82D4

	arm_func_start FUN_037F82E4
FUN_037F82E4: ; 0x037F82E4
	ldr ip, _037F82F0 ; =FUN_037FDAD0
	mov r0, #1
	bx ip
	.balign 4, 0
_037F82F0: .word 0x037FDAD0
	arm_func_end FUN_037F82E4

	arm_func_start FUN_037F82F4
FUN_037F82F4: ; 0x037F82F4
	ldr ip, _037F8304 ; =FUN_037FF6B0
	mov r2, r1
	mov r1, #0
	bx ip
	.balign 4, 0
_037F8304: .word 0x037FF6B0
	arm_func_end FUN_037F82F4

	arm_func_start FUN_037F8308
FUN_037F8308: ; 0x037F8308
	ldr ip, _037F8314 ; =FUN_037FDAE4
	mov r0, #8
	bx ip
	.balign 4, 0
_037F8314: .word 0x037FDAE4
	arm_func_end FUN_037F8308

	arm_func_start FUN_037F8318
FUN_037F8318: ; 0x037F8318
	ldr ip, _037F8324 ; =FUN_037FDAD0
	mov r0, #8
	bx ip
	.balign 4, 0
_037F8324: .word 0x037FDAD0
	arm_func_end FUN_037F8318

	arm_func_start FUN_037F8328
FUN_037F8328: ; 0x037F8328
	stmdb sp!, {r3, r4, r5, r6, lr}
	sub sp, sp, #0x20c
	add r2, sp, #8
	mov r0, #0x20
	mov r1, #2
	ldr r5, _037F847C ; =0x02FFFC80
	bl FUN_02FE1A58
	ldr r0, [sp, #8]
	add r4, sp, #0xc
	mov r0, r0, lsl #3
	mov r6, #0x100
	str r0, [sp, #8]
	mov r1, r6
	mov r2, r4
	bl FUN_02FE1A58
	ldr r0, [sp, #8]
	add r2, sp, #0x10c
	mov r1, r6
	add r0, r0, #0x100
	bl FUN_02FE1A58
	mov r0, r4
	bl FUN_037F851C
	cmp r0, #0
	beq _037F8418
	mvn r1, #0xd9
	add r1, sp, r1
	ldrb r1, [r1, r0, lsl #8]
	cmp r1, #0xa
	bhs _037F83C4
	mov r6, #0xa
	add r2, r4, r0, lsl #8
	mov r3, #0
	b _037F83B8
_037F83AC:
	add r1, r2, r6, lsl #1
	strh r3, [r1, #-0xfc]
	sub r6, r6, #1
_037F83B8:
	ldrb r1, [r2, #-0xe6]
	cmp r6, r1
	bgt _037F83AC
_037F83C4:
	mvn r1, #0xa3
	add r1, sp, r1
	ldrb r1, [r1, r0, lsl #8]
	cmp r1, #0x1a
	bhs _037F8400
	mov r6, #0x1a
	add r2, r4, r0, lsl #8
	mov r3, #0
	b _037F83F4
_037F83E8:
	add r1, r2, r6, lsl #1
	strh r3, [r1, #-0xe6]
	sub r6, r6, #1
_037F83F4:
	ldrb r1, [r2, #-0xb0]
	cmp r6, r1
	bgt _037F83E8
_037F8400:
	ldr r1, _037F847C ; =0x02FFFC80
	sub r0, r0, #1
	add r0, r4, r0, lsl #8
	mov r2, #0x74
	bl FUN_037F8480
	b _037F8424
_037F8418:
	ldr r0, _037F847C ; =0x02FFFC80
	mov r1, #0x74
	bl FUN_037F848C
_037F8424:
	add r4, sp, #2
	mov r6, #6
	mov r1, r6
	mov r2, r4
	mov r0, #0x36
	bl FUN_02FE1A58
	mov r0, r4
	mov r2, r6
	add r1, r5, #0x74
	bl FUN_037FF744
	add r2, sp, #0
	mov r0, #0x3c
	mov r1, #2
	bl FUN_02FE1A58
	ldrh r0, [sp]
	mov r0, r0, lsl #0xf
	mov r0, r0, lsr #0x10
	bl FUN_03809190
	strh r0, [r5, #0x7a]
	add sp, sp, #0x20c
	ldmia sp!, {r3, r4, r5, r6, lr}
	bx lr
	.balign 4, 0
_037F847C: .word 0x02FFFC80
	arm_func_end FUN_037F8328

	arm_func_start FUN_037F8480
FUN_037F8480: ; 0x037F8480
	ldr ip, _037F8488 ; =FUN_037FF5A4
	bx ip
	.balign 4, 0
_037F8488: .word 0x037FF5A4
	arm_func_end FUN_037F8480

	arm_func_start FUN_037F848C
FUN_037F848C: ; 0x037F848C
	ldr ip, _037F849C ; =FUN_037F84A0
	mov r2, r1
	mov r1, #0
	bx ip
	.balign 4, 0
_037F849C: .word 0x037F84A0
	arm_func_end FUN_037F848C

	arm_func_start FUN_037F84A0
FUN_037F84A0: ; 0x037F84A0
	ldr ip, _037F84B4 ; =FUN_037FF590
	mov r3, r0
	mov r0, r1
	mov r1, r3
	bx ip
	.balign 4, 0
_037F84B4: .word 0x037FF590
	arm_func_end FUN_037F84A0

	arm_func_start FUN_037F84B8
FUN_037F84B8: ; 0x037F84B8
	stmdb sp!, {r2, r3, r4, lr}
	mov r4, #1
	add r2, sp, #0
	mov r1, r4
	mov r0, #0x1d
	bl FUN_02FE1A58
	ldrb r0, [sp]
	cmp r0, #0xff
	moveq r0, #0
	beq _037F84EC
	tst r0, #0x50
	moveq r4, #0
	mov r0, r4
_037F84EC:
	ldmia sp!, {r2, r3, r4, lr}
	bx lr
	arm_func_end FUN_037F84B8

	arm_func_start FUN_037F84F4
FUN_037F84F4: ; 0x037F84F4
	ldr r1, _037F8518 ; =0x02FFFE1D
	mov r0, #0
	ldrb r1, [r1]
	cmp r1, #0x80
	orreq r0, r0, #0x40
	bxeq lr
	cmp r1, #0x40
	orreq r0, r0, #0x80
	bx lr
	.balign 4, 0
_037F8518: .word 0x02FFFE1D
	arm_func_end FUN_037F84F4

	arm_func_start FUN_037F851C
FUN_037F851C: ; 0x037F851C
	stmdb sp!, {r3, r4, r5, r6, r7, r8, sb, sl, fp, lr}
	mov sl, r0
	mov r4, #1
	mov r7, #0
	bl FUN_037F84B8
	cmp r0, #0
	beq _037F85E0
	bl FUN_037F84F4
	ldr r5, _037F867C ; =0x0000FFFF
	mov r8, r0
	mov r6, r7
	mov fp, #0x70
_037F854C:
	add sb, sl, r6, lsl #8
	mov r0, r5
	mov r1, sb
	mov r2, fp
	bl FUN_037F8680
	mov r2, sb
	ldrh r1, [r2, #0x72]
	cmp r0, r1
	bne _037F85C8
	ldrh r0, [r2, #0x70]
	cmp r0, #0x80
	bhs _037F85C8
	mov r0, r5
	mov r2, #0x8a
	add r1, sb, #0x74
	bl FUN_037F8680
	mov r2, sb
	ldrh r1, [r2, #0xfe]
	cmp r0, r1
	bne _037F85C8
	ldrh r1, [r2, #0x76]
	ldrb r0, [r2, #0x75]
	tst r1, r4, lsl r0
	beq _037F85C8
	tst r8, r1
	ldrneh r1, [sb, #0x64]
	andne r0, r0, #7
	bicne r1, r1, #7
	orrne r0, r1, r0
	strneh r0, [sb, #0x64]
	orr r7, r7, r4, lsl r6
_037F85C8:
	add r0, r6, #1
	mov r0, r0, lsl #0x10
	mov r6, r0, lsr #0x10
	cmp r6, #2
	blo _037F854C
	b _037F862C
_037F85E0:
	ldr r6, _037F867C ; =0x0000FFFF
	mov r8, r7
	mov r5, #0x70
_037F85EC:
	mov r0, r6
	mov r2, r5
	add r1, sl, r8, lsl #8
	bl FUN_037F8680
	add r2, sl, r8, lsl #8
	ldrh r1, [r2, #0x72]
	cmp r0, r1
	bne _037F8618
	ldrh r0, [r2, #0x70]
	cmp r0, #0x80
	orrlo r7, r7, r4, lsl r8
_037F8618:
	add r0, r8, #1
	mov r0, r0, lsl #0x10
	mov r8, r0, lsr #0x10
	cmp r8, #2
	blo _037F85EC
_037F862C:
	cmp r7, #1
	cmpne r7, #2
	beq _037F8644
	cmp r7, #3
	beq _037F864C
	b _037F8670
_037F8644:
	mov r0, r7
	b _037F8674
_037F864C:
	ldrh r1, [sl, #0x70]
	add r0, sl, #0x100
	add r1, r1, #1
	ldrh r0, [r0, #0x70]
	and r1, r1, #0x7f
	cmp r1, r0
	moveq r0, #2
	movne r0, #1
	b _037F8674
_037F8670:
	mov r0, #0
_037F8674:
	ldmia sp!, {r3, r4, r5, r6, r7, r8, sb, sl, fp, lr}
	bx lr
	.balign 4, 0
_037F867C: .word 0x0000FFFF
	arm_func_end FUN_037F851C

	arm_func_start FUN_037F8680
FUN_037F8680: ; 0x037F8680
	ldr ip, _037F8688 ; =FUN_037FB550
	bx ip
	.balign 4, 0
_037F8688: .word 0x037FB551
	arm_func_end FUN_037F8680
_037F868C:
	.byte 0x08, 0x40, 0x2D, 0xE9
	.byte 0x14, 0x00, 0x9F, 0xE5, 0x00, 0x00, 0x90, 0xE5, 0x00, 0x00, 0x50, 0xE3, 0x00, 0x00, 0x00, 0x0A
	.byte 0xA2, 0x31, 0x00, 0xEB, 0x08, 0x40, 0xBD, 0xE8, 0x1E, 0xFF, 0x2F, 0xE1, 0x1C, 0xB6, 0x80, 0x03
	.byte 0xF8, 0x43, 0x2D, 0xE9, 0xA0, 0x70, 0x9F, 0xE5, 0x00, 0x00, 0xA0, 0xE3, 0x00, 0x80, 0x97, 0xE5
	.byte 0x98, 0x40, 0x9F, 0xE5, 0xB0, 0x01, 0xC8, 0xE1, 0x94, 0x90, 0x9F, 0xE5, 0xB4, 0x01, 0xC8, 0xE1
	.byte 0x00, 0x60, 0x8D, 0xE2, 0x00, 0x50, 0xA0, 0xE1, 0x00, 0x00, 0x97, 0xE5, 0x06, 0x10, 0xA0, 0xE1
	.byte 0x08, 0x03, 0x90, 0xE5, 0x05, 0x20, 0xA0, 0xE1, 0xB6, 0x13, 0x00, 0xEB, 0x00, 0x00, 0x50, 0xE3
	.byte 0x01, 0x00, 0x00, 0x0A, 0x06, 0x00, 0xA0, 0xE1, 0x76, 0x00, 0x00, 0xEB, 0x04, 0x00, 0xA0, 0xE1
	.byte 0xFA, 0x0E, 0x00, 0xEB, 0xB0, 0x11, 0xD8, 0xE1, 0xB2, 0x11, 0xC8, 0xE1, 0x81, 0x10, 0xA0, 0xE1
	.byte 0xB1, 0x10, 0x98, 0xE1, 0x09, 0x00, 0x51, 0xE1, 0x04, 0x00, 0x00, 0x1A, 0xB0, 0x11, 0xD8, 0xE1
	.byte 0x01, 0x10, 0x81, 0xE2, 0xB0, 0x11, 0xC8, 0xE1, 0xD4, 0x0E, 0x00, 0xEB, 0xE9, 0xFF, 0xFF, 0xEA
	.byte 0xD2, 0x0E, 0x00, 0xEB, 0xB2, 0x01, 0xD8, 0xE1, 0x38, 0x00, 0x00, 0xEB, 0xB4, 0x01, 0xC8, 0xE1
	.byte 0xB4, 0x01, 0xD8, 0xE1, 0x80, 0x01, 0x88, 0xE0, 0xC0, 0x00, 0x90, 0xE5, 0x0F, 0xE0, 0xA0, 0xE1
	.byte 0x10, 0xFF, 0x2F, 0xE1, 0xB4, 0x91, 0xC8, 0xE1, 0xDE, 0xFF, 0xFF, 0xEA, 0xF4, 0xFF, 0x80, 0x03
	.byte 0x10, 0x00, 0x00, 0x01, 0xFF, 0xFF, 0x00, 0x00

	arm_func_start FUN_037F8768
FUN_037F8768: ; 0x037F8768
	stmdb sp!, {r3, r4, r5, r6, r7, lr}
	ldr r2, _037F8818 ; =0x0380FFF4
	mov r7, r0
	ldr r4, [r2]
	ldr r0, _037F881C ; =0x01000010
	mov r6, r1
	add r5, r4, #0xbc
	bl FUN_037FC2F0
	add r2, r5, r6, lsl #3
	ldrh r1, [r2, #2]
	mov ip, r6, lsl #3
	cmp r1, #0
	bne _037F87E0
	mov r3, #1
	strh r3, [r2, #2]
	rsb r1, r3, #0x10000
	strh r1, [r5, ip]
	add r1, r4, r7, lsl #1
	ldrh r2, [r1, #8]
	rsb r1, r3, #0x10000
	cmp r2, r1
	mov r1, r7, lsl #1
	streqh r6, [r4, r1]
	addne r1, r4, r2, lsl #3
	strneh r6, [r1, #0xbc]
	add r1, r4, r7, lsl #1
	strh r6, [r1, #8]
	ldrh r1, [r4, #0x10]
	cmp r7, r1
	strlth r7, [r4, #0x10]
_037F87E0:
	bl FUN_037FC280
	cmp r7, #3
	beq _037F8810
	ldrh r0, [r4, #0x12]
	cmp r0, #3
	bne _037F8810
	ldr r0, _037F8818 ; =0x0380FFF4
	mov r1, #0
	ldr r0, [r0]
	mov r2, r1
	ldr r0, [r0, #0x308]
	bl FUN_037FD53C
_037F8810:
	ldmia sp!, {r3, r4, r5, r6, r7, lr}
	bx lr
	.balign 4, 0
_037F8818: .word 0x0380FFF4
_037F881C: .word 0x01000010
	arm_func_end FUN_037F8768
_037F8820:
	.byte 0x38, 0x40, 0x2D, 0xE9, 0x60, 0x10, 0x9F, 0xE5, 0x00, 0x50, 0xA0, 0xE1, 0x5C, 0x00, 0x9F, 0xE5
	.byte 0x00, 0x40, 0x91, 0xE5, 0xAD, 0x0E, 0x00, 0xEB, 0x85, 0xE0, 0xA0, 0xE1, 0xBE, 0x50, 0x94, 0xE1
	.byte 0x4C, 0x20, 0x9F, 0xE5, 0x02, 0x00, 0x55, 0xE1, 0x0B, 0x00, 0x00, 0x0A, 0xBC, 0xC0, 0x84, 0xE2
	.byte 0x85, 0x11, 0x8C, 0xE0, 0x00, 0x30, 0xA0, 0xE3, 0xB2, 0x30, 0xC1, 0xE1, 0x85, 0x31, 0xA0, 0xE1
	.byte 0xB3, 0x10, 0x9C, 0xE1, 0x02, 0x00, 0x51, 0xE1, 0xBE, 0x20, 0x84, 0x01, 0x0E, 0x10, 0x84, 0x00
	.byte 0xB8, 0x20, 0xC1, 0x01, 0xBE, 0x10, 0x84, 0x11, 0xB3, 0x20, 0x8C, 0x11, 0x7F, 0x0E, 0x00, 0xEB
	.byte 0x05, 0x00, 0xA0, 0xE1, 0x38, 0x40, 0xBD, 0xE8, 0x1E, 0xFF, 0x2F, 0xE1, 0xF4, 0xFF, 0x80, 0x03
	.byte 0x10, 0x00, 0x00, 0x01, 0xFF, 0xFF, 0x00, 0x00, 0x1C, 0x40, 0x2D, 0xE9, 0x30, 0x00, 0x9F, 0xE5
	.byte 0x00, 0x40, 0x8D, 0xE2, 0x00, 0x00, 0x90, 0xE5, 0x04, 0x10, 0xA0, 0xE1, 0x08, 0x03, 0x90, 0xE5
	.byte 0x01, 0x20, 0xA0, 0xE3, 0x43, 0x13, 0x00, 0xEB, 0x04, 0x00, 0xA0, 0xE1, 0x05, 0x00, 0x00, 0xEB
	.byte 0x03, 0x00, 0xA0, 0xE3, 0x0C, 0x10, 0xA0, 0xE3, 0xA6, 0xFF, 0xFF, 0xEB, 0x1C, 0x40, 0xBD, 0xE8
	.byte 0x1E, 0xFF, 0x2F, 0xE1, 0xF4, 0xFF, 0x80, 0x03, 0x08, 0x40, 0x2D, 0xE9, 0x00, 0x10, 0x90, 0xE5
	.byte 0x00, 0x00, 0x51, 0xE3, 0x06, 0x00, 0x00, 0x0A, 0x1C, 0x00, 0x9F, 0xE5, 0x00, 0x00, 0x90, 0xE5
	.byte 0x02, 0x0C, 0x80, 0xE2, 0x05, 0x00, 0x00, 0xEB, 0x02, 0x00, 0xA0, 0xE3, 0x0B, 0x10, 0xA0, 0xE3
	.byte 0x98, 0xFF, 0xFF, 0xEB, 0x08, 0x40, 0xBD, 0xE8, 0x1E, 0xFF, 0x2F, 0xE1, 0xF4, 0xFF, 0x80, 0x03
	.byte 0x38, 0x40, 0x2D, 0xE9, 0x00, 0x50, 0xA0, 0xE1, 0x01, 0x04, 0xA0, 0xE3, 0x01, 0x40, 0xA0, 0xE1
	.byte 0x72, 0x0E, 0x00, 0xEB, 0xB8, 0x10, 0xD5, 0xE1, 0x00, 0x00, 0x51, 0xE3, 0x00, 0x10, 0xE0, 0x03
	.byte 0x00, 0x10, 0x84, 0x05, 0x04, 0x10, 0x95, 0x15, 0x00, 0x40, 0x85, 0x05, 0x00, 0x10, 0x84, 0x15
	.byte 0x04, 0x40, 0x81, 0x15, 0x00, 0x10, 0xE0, 0xE3, 0x04, 0x10, 0x84, 0xE5, 0xBA, 0x20, 0xD5, 0xE1
	.byte 0x24, 0x10, 0x9F, 0xE5, 0xB8, 0x20, 0xC4, 0xE1, 0xBA, 0x10, 0xC4, 0xE1, 0xB8, 0x10, 0xD5, 0xE1
	.byte 0x04, 0x40, 0x85, 0xE5, 0x01, 0x10, 0x81, 0xE2, 0xB8, 0x10, 0xC5, 0xE1, 0x43, 0x0E, 0x00, 0xEB
	.byte 0x00, 0x00, 0xA0, 0xE3, 0x38, 0x40, 0xBD, 0xE8, 0x1E, 0xFF, 0x2F, 0xE1, 0x1D, 0xBF, 0x00, 0x00
	.byte 0x70, 0x40, 0x2D, 0xE9, 0x01, 0x40, 0xA0, 0xE1, 0xBA, 0x20, 0xD4, 0xE1, 0xA4, 0x10, 0x9F, 0xE5
	.byte 0x00, 0x50, 0xA0, 0xE1, 0x01, 0x00, 0x52, 0xE1, 0x00, 0x60, 0xE0, 0xE3, 0x01, 0x00, 0xA0, 0x13
	.byte 0x22, 0x00, 0x00, 0x1A, 0xB8, 0x10, 0xD4, 0xE1, 0xBA, 0x00, 0xD5, 0xE1, 0x00, 0x00, 0x51, 0xE1
	.byte 0x02, 0x00, 0xA0, 0x13, 0x1D, 0x00, 0x00, 0x1A, 0x01, 0x04, 0xA0, 0xE3, 0x4B, 0x0E, 0x00, 0xEB
	.byte 0xB8, 0x10, 0xD5, 0xE1, 0x01, 0x10, 0x41, 0xE2, 0xB8, 0x10, 0xC5, 0xE1, 0xB8, 0x10, 0xD5, 0xE1
	.byte 0x00, 0x00, 0x51, 0xE3, 0x00, 0x60, 0x85, 0x05, 0x04, 0x60, 0x85, 0x05, 0x0F, 0x00, 0x00, 0x0A
	.byte 0x00, 0x10, 0x95, 0xE5, 0x01, 0x00, 0x54, 0xE1, 0x04, 0x10, 0x94, 0x05, 0x00, 0x10, 0x85, 0x05
	.byte 0x00, 0x60, 0x81, 0x05, 0x09, 0x00, 0x00, 0x0A, 0x04, 0x10, 0x95, 0xE5, 0x01, 0x00, 0x54, 0xE1
	.byte 0x00, 0x10, 0x94, 0x05, 0x04, 0x10, 0x85, 0x05, 0x04, 0x60, 0x81, 0x05, 0x00, 0x20, 0x94, 0x15
	.byte 0x04, 0x10, 0x94, 0x15, 0x00, 0x20, 0x81, 0x15, 0x06, 0x00, 0x94, 0x18, 0x04, 0x20, 0x81, 0x15
	.byte 0x00, 0x50, 0xA0, 0xE3, 0xB8, 0x50, 0xC4, 0xE1, 0x14, 0x0E, 0x00, 0xEB, 0x05, 0x00, 0xA0, 0xE1
	.byte 0x70, 0x40, 0xBD, 0xE8, 0x1E, 0xFF, 0x2F, 0xE1, 0x1D, 0xBF, 0x00, 0x00

	arm_func_start FUN_037F8A3C
FUN_037F8A3C: ; 0x037F8A3C
	stmdb sp!, {r4, r5, r6, lr}
	ldr r2, _037F8ACC ; =0x0380FFF4
	movs r3, r1
	ldr r1, [r2]
	mov r5, #0
	mov r4, r0
	moveq r0, r5
	beq _037F8AC4
	ldr r0, [r1, #0x17c]
	cmp r0, #0
	beq _037F8A74
	cmp r0, #1
	beq _037F8A88
	b _037F8A9C
_037F8A74:
	ldr r0, [r1, #0x180]
	ldr r1, [r1, #0x184]
	add r2, r3, #0xc
	bl FUN_037FDCD4
	b _037F8A98
_037F8A88:
	ldr r1, [r1, #0x180]
	add r0, r3, #0xc
	mov lr, pc
	bx r1
_037F8A98:
	mov r6, r0
_037F8A9C:
	cmp r6, #0
	moveq r0, #0
	beq _037F8AC4
	ldr r0, _037F8AD0 ; =0x0000BF1D
	mov r1, r6
	strh r0, [r6, #0xa]
	mov r0, r4
	strh r5, [r6, #8]
	bl FUN_037F8BC0
	mov r0, r6
_037F8AC4:
	ldmia sp!, {r4, r5, r6, lr}
	bx lr
	.balign 4, 0
_037F8ACC: .word 0x0380FFF4
_037F8AD0: .word 0x0000BF1D
	arm_func_end FUN_037F8A3C
_037F8AD4:
	.byte 0x70, 0x40, 0x2D, 0xE9, 0x01, 0x40, 0xA0, 0xE1, 0x68, 0x50, 0x9F, 0xE5
	.byte 0xBA, 0x30, 0xD4, 0xE1, 0x64, 0x20, 0x9F, 0xE5, 0x00, 0x50, 0x95, 0xE5, 0x02, 0x00, 0x53, 0xE1
	.byte 0x01, 0x00, 0xA0, 0x13, 0x12, 0x00, 0x00, 0x1A, 0xA0, 0xFF, 0xFF, 0xEB, 0x00, 0x60, 0xB0, 0xE1
	.byte 0x0E, 0x00, 0x00, 0x1A, 0x7C, 0x01, 0x95, 0xE5, 0x00, 0x00, 0x50, 0xE3, 0x02, 0x00, 0x00, 0x0A
	.byte 0x01, 0x00, 0x50, 0xE3, 0x05, 0x00, 0x00, 0x0A, 0x08, 0x00, 0x00, 0xEA, 0x80, 0x01, 0x95, 0xE5
	.byte 0x84, 0x11, 0x95, 0xE5, 0x04, 0x20, 0xA0, 0xE1, 0xAE, 0x14, 0x00, 0xEB, 0x03, 0x00, 0x00, 0xEA
	.byte 0x84, 0x11, 0x95, 0xE5, 0x04, 0x00, 0xA0, 0xE1, 0x0F, 0xE0, 0xA0, 0xE1, 0x11, 0xFF, 0x2F, 0xE1
	.byte 0x06, 0x00, 0xA0, 0xE1, 0x70, 0x40, 0xBD, 0xE8, 0x1E, 0xFF, 0x2F, 0xE1, 0xF4, 0xFF, 0x80, 0x03
	.byte 0x1D, 0xBF, 0x00, 0x00, 0xF8, 0x40, 0x2D, 0xE9, 0x02, 0x60, 0xA0, 0xE1, 0xBA, 0x30, 0xD6, 0xE1
	.byte 0x54, 0x20, 0x9F, 0xE5, 0x00, 0x40, 0xA0, 0xE1, 0x02, 0x00, 0x53, 0xE1, 0x01, 0x70, 0xA0, 0xE1
	.byte 0x01, 0x00, 0xA0, 0x13, 0x0E, 0x00, 0x00, 0x1A, 0x01, 0x04, 0xA0, 0xE3, 0xDB, 0x0D, 0x00, 0xEB
	.byte 0x00, 0x50, 0xA0, 0xE1, 0x04, 0x00, 0xA0, 0xE1, 0x06, 0x10, 0xA0, 0xE1, 0x7B, 0xFF, 0xFF, 0xEB
	.byte 0x00, 0x40, 0xB0, 0xE1, 0x03, 0x00, 0x00, 0x1A, 0x07, 0x00, 0xA0, 0xE1, 0x06, 0x10, 0xA0, 0xE1
	.byte 0x06, 0x00, 0x00, 0xEB, 0x00, 0x40, 0xA0, 0xE1, 0x05, 0x00, 0xA0, 0xE1, 0xB3, 0x0D, 0x00, 0xEB
	.byte 0x04, 0x00, 0xA0, 0xE1, 0xF8, 0x40, 0xBD, 0xE8, 0x1E, 0xFF, 0x2F, 0xE1, 0x1D, 0xBF, 0x00, 0x00

	arm_func_start FUN_037F8BC0
FUN_037F8BC0: ; 0x037F8BC0
	stmdb sp!, {r3, r4, r5, lr}
	mov r4, r1
	ldrh r2, [r4, #0xa]
	ldr r1, _037F8C48 ; =0x0000BF1D
	mov r5, r0
	cmp r2, r1
	movne r0, #1
	bne _037F8C40
	ldrh r0, [r4, #8]
	cmp r0, #0
	movne r0, #2
	bne _037F8C40
	mov r0, #0x1000000
	bl FUN_037FC2F0
	ldrh r1, [r5, #8]
	cmp r1, #0
	mvneq r1, #0
	streq r1, [r4]
	ldrne r1, [r5, #4]
	streq r4, [r5]
	strne r1, [r4]
	strne r4, [r1, #4]
	mvn r1, #0
	str r1, [r4, #4]
	ldrh r1, [r5, #0xa]
	strh r1, [r4, #8]
	ldrh r1, [r5, #8]
	str r4, [r5, #4]
	add r1, r1, #1
	strh r1, [r5, #8]
	bl FUN_037FC280
	mov r0, #0
_037F8C40:
	ldmia sp!, {r3, r4, r5, lr}
	bx lr
	.balign 4, 0
_037F8C48: .word 0x0000BF1D
	arm_func_end FUN_037F8BC0
_037F8C4C:
	.byte 0x04, 0x00, 0x90, 0xE5
	.byte 0x1E, 0xFF, 0x2F, 0xE1, 0xF8, 0x43, 0x2D, 0xE9, 0x94, 0x62, 0x9F, 0xE5, 0x00, 0xC0, 0xA0, 0xE3
	.byte 0x00, 0x10, 0x96, 0xE5, 0x0C, 0x40, 0xA0, 0xE1, 0x24, 0x00, 0x81, 0xE2, 0x01, 0x7B, 0x80, 0xE2
	.byte 0xB4, 0x00, 0xD7, 0xE1, 0x06, 0x80, 0xA0, 0xE3, 0x00, 0x00, 0x50, 0xE3, 0x01, 0x20, 0xA0, 0xE3
	.byte 0x99, 0x00, 0x00, 0x1A, 0x00, 0x02, 0x91, 0xE5, 0x01, 0x10, 0x4C, 0xE2, 0x00, 0x00, 0x87, 0xE5
	.byte 0x01, 0x00, 0x50, 0xE1, 0x94, 0x00, 0x00, 0x0A, 0x00, 0x10, 0x96, 0xE5, 0xBE, 0x50, 0xD0, 0xE1
	.byte 0x03, 0xEC, 0x81, 0xE2, 0xBE, 0x13, 0xDE, 0xE1, 0x85, 0x50, 0x80, 0xE0, 0x00, 0x00, 0x51, 0xE3
	.byte 0xB2, 0x21, 0xC5, 0x11, 0xB4, 0x81, 0xC5, 0x11, 0x7A, 0x00, 0x00, 0x1A, 0xBC, 0x10, 0xD0, 0xE1
	.byte 0xB0, 0x81, 0xD5, 0xE1, 0x08, 0x00, 0x51, 0xE1, 0x0D, 0x00, 0xA0, 0x13, 0xB4, 0x01, 0xC5, 0x11
	.byte 0x74, 0x00, 0x00, 0x1A, 0xFF, 0x8C, 0x01, 0xE2, 0x01, 0x0C, 0x58, 0xE3, 0x03, 0x00, 0x00, 0xCA
	.byte 0x15, 0x00, 0x00, 0xAA, 0x00, 0x00, 0x58, 0xE3, 0x07, 0x00, 0x00, 0x0A, 0x48, 0x00, 0x00, 0xEA
	.byte 0x02, 0x0C, 0x58, 0xE3, 0x01, 0x00, 0x00, 0xCA, 0x17, 0x00, 0x00, 0x0A, 0x44, 0x00, 0x00, 0xEA
	.byte 0x03, 0x0C, 0x58, 0xE3, 0x3D, 0x00, 0x00, 0x0A, 0x41, 0x00, 0x00, 0xEA, 0xB4, 0x40, 0xD7, 0xE1
	.byte 0xE0, 0x31, 0x9F, 0xE5, 0x01, 0x00, 0x14, 0xE3, 0xFF, 0x10, 0x01, 0xE2, 0x02, 0x40, 0xA0, 0xE1
	.byte 0x0B, 0x90, 0xA0, 0xE3, 0x02, 0xC0, 0xA0, 0x13, 0x3B, 0x00, 0x00, 0x1A, 0xBC, 0x84, 0xDE, 0xE1
	.byte 0x20, 0x00, 0x58, 0xE3, 0x04, 0xC0, 0xA0, 0x31, 0x37, 0x00, 0x00, 0xEA, 0xBC, 0x44, 0xDE, 0xE1
	.byte 0xB4, 0x31, 0x9F, 0xE5, 0x40, 0x00, 0x54, 0xE3, 0xFF, 0x10, 0x01, 0xE2, 0x02, 0x40, 0xA0, 0xE3
	.byte 0x05, 0x90, 0xA0, 0xE3, 0x02, 0xC0, 0xA0, 0x11, 0x2F, 0x00, 0x00, 0xEA, 0xFF, 0x10, 0x01, 0xE2
	.byte 0x40, 0x00, 0x51, 0xE3, 0x05, 0x00, 0x00, 0x2A, 0xBC, 0x34, 0xDE, 0xE1, 0x04, 0x40, 0xA0, 0xE3
	.byte 0x10, 0x00, 0x53, 0xE3, 0x84, 0x31, 0x9F, 0xE5, 0x02, 0xC0, 0xA0, 0x31, 0x14, 0x00, 0x00, 0xEA
	.byte 0x80, 0x00, 0x51, 0xE3, 0x08, 0x00, 0x00, 0x2A, 0xBC, 0x34, 0xDE, 0xE1, 0x40, 0x10, 0x41, 0xE2
	.byte 0x40, 0x00, 0x53, 0xE3, 0x01, 0x18, 0xA0, 0xE1, 0x64, 0x31, 0x9F, 0xE5, 0x02, 0xC0, 0xA0, 0x11
	.byte 0x21, 0x18, 0xA0, 0xE1, 0x08, 0x40, 0xA0, 0xE3, 0x12, 0x00, 0x00, 0xEA, 0xBC, 0x34, 0xDE, 0xE1
	.byte 0xC0, 0x00, 0x51, 0xE3, 0x08, 0x00, 0x00, 0x2A, 0x10, 0x00, 0x53, 0xE3, 0x80, 0x10, 0x41, 0xE2
	.byte 0x01, 0x18, 0xA0, 0xE1, 0x3C, 0x31, 0x9F, 0xE5, 0x02, 0xC0, 0xA0, 0x31, 0x21, 0x18, 0xA0, 0xE1
	.byte 0x10, 0x40, 0xA0, 0xE3, 0x18, 0x90, 0xA0, 0xE3, 0x0F, 0x00, 0x00, 0xEA, 0x10, 0x00, 0x53, 0xE3
	.byte 0xC0, 0x10, 0x41, 0xE2, 0x01, 0x18, 0xA0, 0xE1, 0x1C, 0x31, 0x9F, 0xE5, 0x02, 0xC0, 0xA0, 0x31
	.byte 0x21, 0x18, 0xA0, 0xE1, 0x20, 0x40, 0xA0, 0xE3, 0x06, 0x90, 0xA0, 0xE3, 0x06, 0x00, 0x00, 0xEA
	.byte 0x08, 0x31, 0x9F, 0xE5, 0xFF, 0x10, 0x01, 0xE2, 0x40, 0x40, 0xA0, 0xE3, 0x0B, 0x90, 0xA0, 0xE3
	.byte 0x01, 0x00, 0x00, 0xEA, 0x01, 0x10, 0xA0, 0xE3, 0x00, 0x90, 0xA0, 0xE3, 0x09, 0x00, 0x51, 0xE1
	.byte 0x03, 0xC0, 0xA0, 0x83, 0x08, 0x00, 0x00, 0x8A, 0x81, 0xE1, 0xA0, 0xE1, 0xBE, 0x90, 0xD0, 0xE1
	.byte 0xBE, 0x80, 0x93, 0xE1, 0x08, 0x00, 0x59, 0xE1, 0x0E, 0xE0, 0x83, 0x20, 0xB2, 0x81, 0xD5, 0x21
	.byte 0xB2, 0xE0, 0xDE, 0x21, 0x0E, 0x00, 0x58, 0x21, 0x04, 0xC0, 0xA0, 0x33, 0x00, 0x00, 0x5C, 0xE3
	.byte 0xB2, 0x21, 0xC5, 0x11, 0xB4, 0xC1, 0xC5, 0x11, 0x12, 0x00, 0x00, 0x1A, 0xB4, 0x20, 0xD7, 0xE1
	.byte 0x81, 0x11, 0x83, 0xE0, 0x04, 0x20, 0x82, 0xE1, 0xB4, 0x20, 0xC7, 0xE1, 0x04, 0x20, 0x91, 0xE5
	.byte 0x10, 0x10, 0x85, 0xE2, 0x0F, 0xE0, 0xA0, 0xE1, 0x12, 0xFF, 0x2F, 0xE1, 0xB4, 0x01, 0xC5, 0xE1
	.byte 0xB4, 0x01, 0xD5, 0xE1, 0x80, 0x00, 0x50, 0xE3, 0x17, 0x00, 0x00, 0x0A, 0x81, 0x00, 0x50, 0xE3
	.byte 0xB4, 0x10, 0xD7, 0x01, 0x04, 0x00, 0xE0, 0x01, 0x00, 0x08, 0xA0, 0x01, 0x20, 0x08, 0x01, 0x00
	.byte 0xB4, 0x00, 0xC7, 0x01, 0x08, 0x00, 0x00, 0x0A, 0xB4, 0x10, 0xD7, 0xE1, 0x04, 0x00, 0xE0, 0xE1
	.byte 0x00, 0x08, 0xA0, 0xE1, 0x20, 0x08, 0x01, 0xE0, 0xB4, 0x00, 0xC7, 0xE1, 0x00, 0x00, 0x96, 0xE5
	.byte 0x00, 0x10, 0x97, 0xE5, 0x02, 0x0C, 0x80, 0xE2, 0x11, 0x00, 0x00, 0xEB, 0x00, 0x00, 0x96, 0xE5
	.byte 0x02, 0x0C, 0x80, 0xE2, 0xB8, 0x00, 0xD0, 0xE1, 0x00, 0x00, 0x50, 0xE3, 0x02, 0x00, 0x00, 0x0A
	.byte 0x02, 0x00, 0xA0, 0xE3, 0x0B, 0x10, 0xA0, 0xE3, 0x1E, 0xFE, 0xFF, 0xEB, 0xF8, 0x43, 0xBD, 0xE8
	.byte 0x1E, 0xFF, 0x2F, 0xE1, 0xF4, 0xFF, 0x80, 0x03, 0xBC, 0x72, 0xFF, 0x02, 0x34, 0x72, 0xFF, 0x02
	.byte 0x2C, 0x74, 0xFF, 0x02, 0x8C, 0x72, 0xFF, 0x02, 0x6C, 0x73, 0xFF, 0x02, 0x5C, 0x72, 0xFF, 0x02
	.byte 0x14, 0x73, 0xFF, 0x02, 0x70, 0x40, 0x2D, 0xE9, 0x74, 0x40, 0x9F, 0xE5, 0x00, 0x60, 0xA0, 0xE1
	.byte 0x00, 0x30, 0x94, 0xE5, 0x01, 0x50, 0xA0, 0xE1, 0x01, 0x2C, 0x83, 0xE2, 0xBC, 0x2F, 0xD2, 0xE1
	.byte 0x00, 0x00, 0x52, 0xE3, 0x06, 0x00, 0x00, 0x0A, 0x05, 0x20, 0xA0, 0xE1, 0x7D, 0x1F, 0x83, 0xE2
	.byte 0x03, 0xFF, 0xFF, 0xEB, 0x02, 0x00, 0xA0, 0xE3, 0x13, 0x10, 0xA0, 0xE3, 0x05, 0xFE, 0xFF, 0xEB
	.byte 0x0D, 0x00, 0x00, 0xEA, 0x04, 0x03, 0x93, 0xE5, 0x00, 0x20, 0xA0, 0xE3, 0x76, 0x11, 0x00, 0xEB
	.byte 0x00, 0x00, 0x50, 0xE3, 0x03, 0x00, 0x00, 0x0A, 0x06, 0x00, 0xA0, 0xE1, 0x05, 0x10, 0xA0, 0xE1
	.byte 0x82, 0xFE, 0xFF, 0xEB, 0x04, 0x00, 0x00, 0xEA, 0x00, 0x10, 0x94, 0xE5, 0x06, 0x00, 0xA0, 0xE1
	.byte 0x05, 0x20, 0xA0, 0xE1, 0x7D, 0x1F, 0x81, 0xE2, 0xF1, 0xFE, 0xFF, 0xEB, 0x70, 0x40, 0xBD, 0xE8
	.byte 0x1E, 0xFF, 0x2F, 0xE1, 0xF4, 0xFF, 0x80, 0x03, 0xFC, 0x47, 0x2D, 0xE9, 0xF8, 0x82, 0x9F, 0xE5
	.byte 0xF8, 0x52, 0x9F, 0xE5, 0x00, 0x00, 0x98, 0xE5, 0x00, 0x60, 0xA0, 0xE3, 0xD1, 0x9F, 0x80, 0xE2
	.byte 0xC7, 0x4F, 0x80, 0xE2, 0xC8, 0x00, 0x00, 0xEB, 0xE4, 0x12, 0x9F, 0xE5, 0xB0, 0x20, 0xD1, 0xE1
	.byte 0xB0, 0x00, 0xD1, 0xE1, 0xB0, 0x10, 0xD1, 0xE1, 0x00, 0x04, 0x82, 0xE0, 0x4E, 0xCF, 0xDF, 0xEB
	.byte 0x01, 0x70, 0xA0, 0xE3, 0xBC, 0x77, 0xC9, 0xE1, 0xBE, 0x01, 0xD4, 0xE1, 0x02, 0xA9, 0xA0, 0xE3
	.byte 0x80, 0x0E, 0xA0, 0xE1, 0xA0, 0x0F, 0xA0, 0xE1, 0x01, 0x00, 0x50, 0xE3, 0xBC, 0x07, 0xD9, 0x01
	.byte 0x20, 0x00, 0x80, 0x03, 0xBC, 0x07, 0xC9, 0x01, 0xB8, 0x01, 0xD4, 0xE1, 0xA4, 0x42, 0x9F, 0xE5
	.byte 0x00, 0x00, 0x50, 0xE3, 0xBC, 0x07, 0xD9, 0x11, 0x10, 0x00, 0x80, 0x13, 0xBC, 0x07, 0xC9, 0x11
	.byte 0x94, 0x02, 0x9F, 0xE5, 0xB2, 0x61, 0xC9, 0xE1, 0xB0, 0xA0, 0xC0, 0xE1, 0xB0, 0x50, 0xC4, 0xE1
	.byte 0xB8, 0x60, 0x40, 0xE1, 0x43, 0x0F, 0x44, 0xE2, 0xB0, 0x60, 0xC0, 0xE1, 0x0F, 0x00, 0xA0, 0xE3
	.byte 0xBC, 0x0F, 0x44, 0xE1, 0x0C, 0xD5, 0xDF, 0xEB, 0xBB, 0xF6, 0xDF, 0xEB, 0xDA, 0x07, 0x00, 0xEB
	.byte 0x8C, 0x08, 0x00, 0xEB, 0x41, 0x0F, 0x44, 0xE2, 0xB0, 0xA0, 0xC0, 0xE1, 0x49, 0x0F, 0x44, 0xE2
	.byte 0xB0, 0x50, 0xC0, 0xE1, 0x0E, 0x0A, 0x45, 0xE2, 0xBA, 0x07, 0xC4, 0xE1, 0x00, 0x00, 0x98, 0xE5
	.byte 0x06, 0x0C, 0x80, 0xE2, 0xB4, 0x09, 0xD0, 0xE1, 0x08, 0x00, 0x10, 0xE3, 0x01, 0x0B, 0xA0, 0x13
	.byte 0xB6, 0x07, 0xC4, 0x11, 0xB6, 0x67, 0xC4, 0x01, 0x30, 0x12, 0x9F, 0xE5, 0xB0, 0x60, 0xC1, 0xE1
	.byte 0xB2, 0x60, 0xC1, 0xE1, 0xBC, 0x00, 0xD9, 0xE1, 0x04, 0x00, 0x50, 0xE3, 0x76, 0x00, 0x00, 0x8A
	.byte 0x80, 0x00, 0x8F, 0xE0, 0xB4, 0x00, 0xD0, 0xE1, 0x00, 0xF0, 0x8F, 0xE0, 0x08, 0x00, 0x30, 0x00
	.byte 0x00, 0x01, 0x70, 0x01, 0xB4, 0x01, 0xB2, 0x01, 0x3F, 0x00, 0xA0, 0xE3, 0xBA, 0x00, 0xC1, 0xE1
	.byte 0xB8, 0x5C, 0xC1, 0xE1, 0x08, 0x00, 0xA0, 0xE3, 0xB8, 0x0D, 0xC1, 0xE1, 0xB0, 0x60, 0xC1, 0xE1
	.byte 0xB2, 0x60, 0xC1, 0xE1, 0xB0, 0x6E, 0xC1, 0xE1, 0xB4, 0x70, 0x41, 0xE1, 0x66, 0x00, 0x00, 0xEA
	.byte 0xDC, 0x21, 0x9F, 0xE5, 0xDC, 0x01, 0x9F, 0xE5, 0xDC, 0x81, 0x9F, 0xE5, 0xBA, 0x20, 0xC1, 0xE1
	.byte 0xB0, 0x00, 0xC8, 0xE1, 0x23, 0x0C, 0x60, 0xE2, 0xBE, 0x0D, 0x48, 0xE1, 0x0D, 0x00, 0xA0, 0xE3
	.byte 0xBE, 0x0C, 0x48, 0xE1, 0x0E, 0x0A, 0xA0, 0xE3, 0xB0, 0x00, 0xC1, 0xE1, 0xB4, 0x70, 0x41, 0xE1
	.byte 0xB6, 0xCB, 0x58, 0xE1, 0xB4, 0xAB, 0x58, 0xE1, 0x00, 0x50, 0x8D, 0xE2, 0xB2, 0x2B, 0x58, 0xE1
	.byte 0xB0, 0x1B, 0x58, 0xE1, 0xBE, 0x06, 0xD9, 0xE1, 0xB0, 0xC0, 0xC5, 0xE1, 0xB2, 0xA0, 0xC5, 0xE1
	.byte 0x00, 0x45, 0xA0, 0xE1, 0xB4, 0x20, 0xC5, 0xE1, 0xB6, 0x10, 0xC5, 0xE1, 0x00, 0x00, 0x9D, 0xE5
	.byte 0x04, 0x10, 0x9D, 0xE5, 0x00, 0x30, 0xA0, 0xE3, 0x04, 0x20, 0xA0, 0xE1, 0xD3, 0x09, 0x00, 0xEB
	.byte 0x07, 0x30, 0x90, 0xE0, 0x93, 0x24, 0x80, 0xE0, 0x06, 0x10, 0xA1, 0xE0, 0x91, 0x04, 0x20, 0xE0
	.byte 0x04, 0x00, 0x8D, 0xE5, 0x00, 0x20, 0x8D, 0xE5, 0xB6, 0x10, 0xD5, 0xE1, 0xB0, 0x00, 0xD5, 0xE1
	.byte 0xB8, 0x1B, 0x48, 0xE1, 0xB4, 0x20, 0xD5, 0xE1, 0xB2, 0x10, 0xD5, 0xE1, 0xBA, 0x2B, 0x48, 0xE1
	.byte 0xBC, 0x1B, 0x48, 0xE1, 0x01, 0x00, 0x80, 0xE3, 0xBE, 0x0B, 0x48, 0xE1, 0xB6, 0x7C, 0x48, 0xE1
	.byte 0xB4, 0x7C, 0x48, 0xE1, 0x40, 0x00, 0xA0, 0xE3, 0x7A, 0x00, 0x00, 0xEB, 0xB3, 0xE7, 0xDF, 0xEB
	.byte 0x01, 0x0C, 0x48, 0xE2, 0x02, 0x10, 0xA0, 0xE3, 0xB0, 0x10, 0xC0, 0xE1, 0x32, 0x00, 0x00, 0xEA
	.byte 0x18, 0x01, 0x9F, 0xE5, 0xBA, 0x00, 0xC1, 0xE1, 0x00, 0x00, 0x98, 0xE5, 0x06, 0x0C, 0x80, 0xE2
	.byte 0xB4, 0x09, 0xD0, 0xE1, 0x20, 0x00, 0x10, 0xE3, 0xBA, 0x00, 0xD1, 0x11, 0x00, 0x21, 0x9F, 0x15
	.byte 0x40, 0x00, 0x80, 0x13, 0xBA, 0x00, 0xC1, 0x11, 0xB0, 0x00, 0xD2, 0x11, 0x68, 0x00, 0x80, 0x13
	.byte 0xB0, 0x00, 0xC2, 0x11, 0xB4, 0x06, 0xD9, 0xE1, 0x01, 0x00, 0x10, 0xE3, 0xE4, 0x00, 0x9F, 0xE5
	.byte 0xE4, 0x10, 0x9F, 0x15, 0xB0, 0x10, 0xC0, 0x11, 0xE0, 0x10, 0x9F, 0x05, 0xB0, 0x10, 0xC0, 0x01
	.byte 0xDC, 0x10, 0x9F, 0xE5, 0x0B, 0x00, 0xA0, 0xE3, 0xB0, 0x00, 0xC1, 0xE1, 0xBC, 0x7D, 0x41, 0xE1
	.byte 0xB8, 0x70, 0xC1, 0xE1, 0x20, 0x00, 0xA0, 0xE3, 0xBA, 0x70, 0xC1, 0xE1, 0x15, 0x00, 0x00, 0xEA
	.byte 0xB8, 0x50, 0xC1, 0xE1, 0xFF, 0x0D, 0x45, 0xE2, 0xBA, 0x00, 0xC1, 0xE1, 0xB4, 0x06, 0xD9, 0xE1
	.byte 0x01, 0x00, 0x10, 0xE3, 0x41, 0x0B, 0x65, 0x12, 0xB8, 0x0C, 0xC1, 0x11, 0xB8, 0x7C, 0xC1, 0x01
	.byte 0x9C, 0x10, 0x9F, 0xE5, 0x0B, 0x00, 0xA0, 0xE3, 0xB0, 0x00, 0xC1, 0xE1, 0xBC, 0x7D, 0x41, 0xE1
	.byte 0xB8, 0x70, 0xC1, 0xE1, 0xBA, 0x70, 0xC1, 0xE1, 0x20, 0x00, 0xA0, 0xE3, 0xB8, 0x69, 0x41, 0xE1
	.byte 0x04, 0x00, 0x00, 0xEA, 0x60, 0x00, 0x9F, 0xE5, 0xBA, 0x60, 0xC1, 0xE1, 0xB0, 0x60, 0xC0, 0xE1
	.byte 0xB4, 0x70, 0x41, 0xE1, 0x20, 0x00, 0xA0, 0xE3, 0x42, 0x00, 0x00, 0xEB, 0x64, 0x40, 0x9F, 0xE5
	.byte 0xB0, 0x60, 0xC4, 0xE1, 0xFF, 0xCA, 0xDF, 0xEB, 0x02, 0x00, 0xA0, 0xE3, 0xB6, 0x06, 0xC4, 0xE1
	.byte 0xBE, 0x10, 0xD9, 0xE1, 0x01, 0x00, 0x51, 0xE3, 0x00, 0x00, 0x00, 0x1A, 0x87, 0xCA, 0xDF, 0xEB
	.byte 0x3D, 0x08, 0x00, 0xEB, 0xFC, 0x47, 0xBD, 0xE8, 0x1E, 0xFF, 0x2F, 0xE1, 0xF4, 0xFF, 0x80, 0x03
	.byte 0xFF, 0xFF, 0x00, 0x00, 0x44, 0x80, 0x80, 0x04, 0x34, 0x81, 0x80, 0x04, 0x32, 0x80, 0x80, 0x04
	.byte 0x08, 0x80, 0x80, 0x04, 0x3F, 0x70, 0x00, 0x00, 0xFF, 0x1F, 0x00, 0x00, 0xAE, 0x81, 0x80, 0x04
	.byte 0xBF, 0xE0, 0x00, 0x00, 0xAA, 0x81, 0x80, 0x04, 0xD0, 0x80, 0x80, 0x04, 0x81, 0x05, 0x00, 0x00
	.byte 0x81, 0x01, 0x00, 0x00, 0xE0, 0x80, 0x80, 0x04, 0x48, 0x80, 0x80, 0x04, 0x38, 0x40, 0x2D, 0xE9
	.byte 0x80, 0x40, 0x9F, 0xE5, 0x00, 0x10, 0x94, 0xE5, 0x83, 0x0F, 0x81, 0xE2, 0x01, 0x0B, 0x80, 0xE2
	.byte 0xD1, 0x5F, 0x81, 0xE2, 0x57, 0x15, 0x00, 0xEB, 0x00, 0x00, 0x94, 0xE5, 0x8E, 0x0F, 0x80, 0xE2
	.byte 0x01, 0x0B, 0x80, 0xE2, 0x53, 0x15, 0x00, 0xEB, 0x20, 0x00, 0xA0, 0xE3, 0x19, 0x00, 0x00, 0xEB
	.byte 0x00, 0x10, 0xA0, 0xE3, 0xB4, 0x1A, 0xC5, 0xE1, 0x4C, 0x00, 0x9F, 0xE5, 0xB2, 0x11, 0xC5, 0xE1
	.byte 0xB0, 0x10, 0xC0, 0xE1, 0xBE, 0x10, 0x40, 0xE1, 0xB8, 0x1D, 0xC0, 0xE1, 0xB6, 0x1D, 0xC0, 0xE1
	.byte 0xBA, 0x10, 0x40, 0xE1, 0xB8, 0x10, 0x40, 0xE1, 0xBC, 0x00, 0xD5, 0xE1, 0x01, 0x00, 0x50, 0xE3
	.byte 0x00, 0x00, 0x00, 0x1A, 0x55, 0xE7, 0xDF, 0xEB, 0x20, 0x10, 0x9F, 0xE5, 0x20, 0x00, 0x9F, 0xE5
	.byte 0xB0, 0x10, 0xC0, 0xE1, 0xB8, 0x10, 0xC0, 0xE1, 0xA0, 0xE6, 0xDF, 0xEB, 0x64, 0xC6, 0xDF, 0xEB
	.byte 0x38, 0x40, 0xBD, 0xE8, 0x1E, 0xFF, 0x2F, 0xE1, 0xF4, 0xFF, 0x80, 0x03, 0x12, 0x80, 0x80, 0x04
	.byte 0xFF, 0xFF, 0x00, 0x00, 0xAC, 0x80, 0x80, 0x04, 0x38, 0x40, 0x2D, 0xE9, 0x8C, 0x10, 0x9F, 0xE5
	.byte 0x00, 0x50, 0xA0, 0xE1, 0x00, 0x10, 0x91, 0xE5, 0xD1, 0x4F, 0x81, 0xE2, 0xB8, 0x00, 0xD4, 0xE1
	.byte 0x05, 0x00, 0x50, 0xE1, 0x1B, 0x00, 0x00, 0x0A, 0x40, 0x00, 0x50, 0xE3, 0x02, 0x00, 0x00, 0x1A
	.byte 0x8E, 0x0F, 0x81, 0xE2, 0x01, 0x0B, 0x80, 0xE2, 0x2A, 0x15, 0x00, 0xEB, 0x00, 0x00, 0x55, 0xE3
	.byte 0x04, 0x00, 0x00, 0x0A, 0x10, 0x00, 0x55, 0xE3, 0x04, 0x00, 0x00, 0x0A, 0x40, 0x00, 0x55, 0xE3
	.byte 0x08, 0x00, 0x00, 0x0A, 0x0E, 0x00, 0x00, 0xEA, 0x48, 0xCA, 0xDF, 0xEB, 0x0C, 0x00, 0x00, 0xEA
	.byte 0x3C, 0x00, 0x9F, 0xE5, 0x00, 0x10, 0xA0, 0xE3, 0xB0, 0x10, 0xC0, 0xE1, 0xBE, 0xFF, 0xFF, 0xEB
	.byte 0x60, 0xCA, 0xDF, 0xEB, 0x06, 0x00, 0x00, 0xEA, 0xBC, 0x00, 0xD4, 0xE1, 0x02, 0x00, 0x50, 0xE3
	.byte 0x00, 0x00, 0x00, 0x1A, 0xB3, 0xCA, 0xDF, 0xEB, 0x18, 0x10, 0x9F, 0xE5, 0x64, 0x00, 0xA0, 0xE3
	.byte 0x5F, 0xCD, 0xDF, 0xEB, 0xB8, 0x50, 0xC4, 0xE1, 0x38, 0x40, 0xBD, 0xE8, 0x1E, 0xFF, 0x2F, 0xE1
	.byte 0xF4, 0xFF, 0x80, 0x03, 0x40, 0x80, 0x80, 0x04, 0x20, 0xCA, 0xFE, 0x02, 0x70, 0x40, 0x2D, 0xE9
	.byte 0xC0, 0x50, 0x9F, 0xE5, 0x01, 0x40, 0xA0, 0xE3, 0xB0, 0x10, 0xD5, 0xE1, 0xB2, 0x00, 0xD5, 0xE1
	.byte 0x00, 0x60, 0x11, 0xE0, 0x25, 0x00, 0x00, 0x0A, 0x80, 0x00, 0x16, 0xE3, 0x00, 0x00, 0x00, 0x0A
	.byte 0xC6, 0x03, 0x00, 0xEB, 0x40, 0x00, 0x16, 0xE3, 0x00, 0x00, 0x00, 0x0A, 0x07, 0x04, 0x00, 0xEB
	.byte 0x02, 0x09, 0x16, 0xE3, 0x00, 0x00, 0x00, 0x0A, 0x24, 0x00, 0x00, 0xEB, 0x01, 0x09, 0x16, 0xE3
	.byte 0x00, 0x00, 0x00, 0x0A, 0x44, 0x00, 0x00, 0xEB, 0x02, 0x0A, 0x16, 0xE3, 0x00, 0x00, 0x00, 0x0A
	.byte 0xE9, 0x00, 0x00, 0xEB, 0x02, 0x0B, 0x16, 0xE3, 0x00, 0x00, 0x00, 0x0A, 0xC9, 0xD0, 0xDF, 0xEB
	.byte 0x08, 0x00, 0x16, 0xE3, 0x00, 0x00, 0x00, 0x0A, 0x0A, 0x01, 0x00, 0xEB, 0x04, 0x00, 0x16, 0xE3
	.byte 0x00, 0x00, 0x00, 0x0A, 0x4A, 0x01, 0x00, 0xEB, 0x01, 0x00, 0x16, 0xE3, 0x00, 0x00, 0x00, 0x0A
	.byte 0x3B, 0x02, 0x00, 0xEB, 0x30, 0x00, 0x16, 0xE3, 0x00, 0x00, 0x00, 0x0A, 0xF5, 0x00, 0x00, 0xEB
	.byte 0x02, 0x00, 0x16, 0xE3, 0x00, 0x00, 0x00, 0x0A, 0xA0, 0x01, 0x00, 0xEB, 0x01, 0x0A, 0x16, 0xE3
	.byte 0xD8, 0xFF, 0xFF, 0x0A, 0x04, 0x00, 0xA0, 0xE1, 0x67, 0x03, 0x00, 0xEB, 0xD5, 0xFF, 0xFF, 0xEA
	.byte 0x14, 0x10, 0x9F, 0xE5, 0x00, 0x00, 0x91, 0xE5, 0x01, 0x04, 0x80, 0xE3, 0x00, 0x00, 0x81, 0xE5
	.byte 0x70, 0x40, 0xBD, 0xE8, 0x1E, 0xFF, 0x2F, 0xE1, 0x10, 0x80, 0x80, 0x04, 0xF8, 0xFF, 0x80, 0x03
	.byte 0x10, 0x40, 0x2D, 0xE9, 0x78, 0x10, 0x9F, 0xE5, 0x78, 0x00, 0x9F, 0xE5, 0x00, 0x20, 0x91, 0xE5
	.byte 0x02, 0x19, 0xA0, 0xE3, 0xB0, 0x10, 0xC0, 0xE1, 0xD1, 0x4F, 0x82, 0xE2, 0xB8, 0x00, 0xD4, 0xE1
	.byte 0x40, 0x00, 0x50, 0xE3, 0x12, 0x00, 0x00, 0x1A, 0xBE, 0x07, 0xD4, 0xE1, 0x00, 0x00, 0x50, 0xE3
	.byte 0x0F, 0x00, 0x00, 0x0A, 0xB2, 0x17, 0xD4, 0xE1, 0xB0, 0x07, 0xD4, 0xE1, 0x00, 0x00, 0x51, 0xE1
	.byte 0x0B, 0x00, 0x00, 0x1A, 0xB0, 0x08, 0xD4, 0xE1, 0x01, 0x00, 0x80, 0xE2, 0xB0, 0x08, 0xC4, 0xE1
	.byte 0xB0, 0x18, 0xD4, 0xE1, 0xBE, 0x07, 0xD4, 0xE1, 0x00, 0x00, 0x51, 0xE1, 0x04, 0x00, 0x00, 0x9A
	.byte 0x00, 0x20, 0xA0, 0xE3, 0x01, 0x00, 0xA0, 0xE3, 0x0D, 0x10, 0xA0, 0xE3, 0xB0, 0x28, 0xC4, 0xE1
	.byte 0x80, 0xFC, 0xFF, 0xEB, 0x01, 0x00, 0xA0, 0xE3, 0xB0, 0x01, 0xC4, 0xE1, 0x10, 0x40, 0xBD, 0xE8
	.byte 0x1E, 0xFF, 0x2F, 0xE1, 0xF4, 0xFF, 0x80, 0x03, 0x10, 0x80, 0x80, 0x04, 0xF0, 0x47, 0x2D, 0xE9
	.byte 0x74, 0x32, 0x9F, 0xE5, 0x74, 0x42, 0x9F, 0xE5, 0x00, 0x20, 0x93, 0xE5, 0x01, 0x09, 0xA0, 0xE3
	.byte 0xB0, 0x00, 0xC4, 0xE1, 0xD1, 0x5F, 0x82, 0xE2, 0xBC, 0x10, 0xD5, 0xE1, 0x2C, 0x00, 0x82, 0xE2
	.byte 0x01, 0x00, 0x51, 0xE3, 0xC7, 0x7F, 0x82, 0xE2, 0x01, 0x8B, 0x80, 0xE2, 0x00, 0x60, 0xA0, 0xE3
	.byte 0x04, 0x00, 0x00, 0x0A, 0x02, 0x00, 0x51, 0xE3, 0x2E, 0x00, 0x00, 0x0A, 0x03, 0x00, 0x51, 0xE3
	.byte 0x3C, 0x00, 0x00, 0x0A, 0x8A, 0x00, 0x00, 0xEA, 0x80, 0x10, 0x98, 0xE5, 0xB6, 0x09, 0xD5, 0xE1
	.byte 0x24, 0x10, 0x81, 0xE2, 0x00, 0x90, 0x81, 0xE0, 0xB4, 0x60, 0x53, 0xE1, 0x08, 0x00, 0x89, 0xE2
	.byte 0xFF, 0x10, 0x06, 0xE2, 0xB6, 0xCD, 0xDF, 0xEB, 0x26, 0x14, 0xA0, 0xE1, 0x09, 0x00, 0x89, 0xE2
	.byte 0xFF, 0x10, 0x01, 0xE2, 0xB2, 0xCD, 0xDF, 0xEB, 0xBE, 0x00, 0xD5, 0xE1, 0x01, 0x00, 0x50, 0xE3
	.byte 0x49, 0x1F, 0x84, 0x02, 0xB0, 0x22, 0xD7, 0x01, 0xB0, 0x00, 0xD1, 0x01, 0x00, 0x00, 0x82, 0x00
	.byte 0x01, 0x00, 0x80, 0x02, 0xB0, 0x00, 0xC1, 0x01, 0xDC, 0x01, 0x9F, 0xE5, 0xE0, 0x11, 0x9F, 0xE5
	.byte 0x00, 0x00, 0x90, 0xE5, 0x05, 0x0C, 0x80, 0xE2, 0xB2, 0x33, 0xD0, 0xE1, 0xB6, 0x23, 0xD0, 0xE1
	.byte 0x03, 0x30, 0xE0, 0xE1, 0x02, 0x20, 0x83, 0xE1, 0xB4, 0x23, 0xC0, 0xE1, 0xB0, 0x00, 0xD1, 0xE1
	.byte 0x18, 0x00, 0x10, 0xE3, 0x02, 0x00, 0x00, 0x1A, 0x06, 0x00, 0x00, 0xE2, 0x02, 0x00, 0x50, 0xE3
	.byte 0x04, 0x00, 0x00, 0x1A, 0x8C, 0x00, 0x98, 0xE5, 0x02, 0x00, 0xC0, 0xE3, 0x8C, 0x00, 0x88, 0xE5
	.byte 0x20, 0x04, 0x00, 0xEB, 0x62, 0x00, 0x00, 0xEA, 0x8C, 0x00, 0x98, 0xE5, 0x02, 0x00, 0x80, 0xE3
	.byte 0x8C, 0x00, 0x88, 0xE5, 0x5E, 0x00, 0x00, 0xEA, 0xB2, 0x01, 0xD5, 0xE1, 0x00, 0x00, 0x50, 0xE3
	.byte 0x49, 0x1F, 0x84, 0x12, 0xB0, 0x22, 0xD7, 0x11, 0xB0, 0x00, 0xD1, 0x11, 0x00, 0x00, 0x82, 0x10
	.byte 0x01, 0x00, 0x80, 0x12, 0xB0, 0x00, 0xC1, 0x11, 0x68, 0x11, 0x9F, 0x05, 0x49, 0x0F, 0x84, 0x02
	.byte 0xB0, 0x10, 0xC0, 0x01, 0xBA, 0x01, 0xD5, 0xE1, 0x02, 0x00, 0x50, 0xE3, 0x01, 0x00, 0x00, 0x1A
	.byte 0x02, 0x00, 0xA0, 0xE3, 0x7D, 0xC9, 0xDF, 0xEB, 0xB8, 0x00, 0xD5, 0xE1, 0x40, 0x00, 0x50, 0xE3
	.byte 0x01, 0x10, 0xA0, 0x13, 0x0E, 0x00, 0x00, 0x1A, 0xB2, 0x07, 0xD5, 0xE1, 0x00, 0x10, 0xA0, 0xE3
	.byte 0x01, 0x00, 0x50, 0xE3, 0xB4, 0x01, 0xD5, 0xE1, 0x01, 0x10, 0xA0, 0x03, 0x00, 0x00, 0x50, 0xE3
	.byte 0x07, 0x00, 0x00, 0x0A, 0xB6, 0x07, 0xD5, 0xE1, 0x01, 0x00, 0x50, 0xE3, 0x03, 0x00, 0x00, 0x0A
	.byte 0x00, 0x00, 0x50, 0xE3, 0xB4, 0x07, 0xD5, 0x01, 0x01, 0x00, 0x50, 0x03, 0x00, 0x00, 0x00, 0x1A
	.byte 0x01, 0x10, 0xA0, 0xE3, 0x00, 0x00, 0x51, 0xE3, 0xFC, 0x10, 0x9F, 0x15, 0xF8, 0x20, 0x9F, 0x05
	.byte 0xB0, 0x00, 0xD1, 0x11, 0x01, 0x00, 0x80, 0x13, 0xB0, 0x00, 0xC1, 0x11, 0xEC, 0x00, 0x9F, 0x05
	.byte 0xB0, 0x10, 0xD2, 0x01, 0x00, 0x00, 0x01, 0x00, 0xB0, 0x00, 0xC2, 0x01, 0xE0, 0x10, 0x9F, 0xE5
	.byte 0x00, 0x70, 0xA0, 0xE3, 0xB0, 0x00, 0xD1, 0xE1, 0x0E, 0x40, 0xA0, 0xE3, 0x0A, 0x00, 0x50, 0xE3
	.byte 0xB0, 0x6D, 0x41, 0x81, 0xB2, 0x07, 0xD5, 0xE1, 0x14, 0xA0, 0xA0, 0xE3, 0x01, 0x00, 0x40, 0xE2
	.byte 0xB2, 0x07, 0xC5, 0xE1, 0xB2, 0x07, 0xD5, 0xE1, 0x00, 0x00, 0x50, 0xE3, 0xB0, 0x07, 0xD5, 0x01
	.byte 0xB2, 0x07, 0xC5, 0x01, 0xB6, 0x17, 0xD5, 0xE1, 0x01, 0x00, 0x41, 0xE2, 0xB6, 0x07, 0xC5, 0xE1
	.byte 0x00, 0x00, 0x51, 0xE3, 0xB4, 0x07, 0xD5, 0x01, 0x01, 0x00, 0x40, 0x02, 0xB6, 0x07, 0xC5, 0x01
	.byte 0x02, 0x50, 0xA0, 0xE3, 0x97, 0x0A, 0x01, 0xE0, 0xB1, 0x00, 0x98, 0xE1, 0x01, 0x90, 0x88, 0xE0
	.byte 0x00, 0x00, 0x50, 0xE3, 0x10, 0x00, 0x00, 0x0A, 0x0C, 0x00, 0x99, 0xE5, 0xB8, 0x10, 0xD0, 0xE1
	.byte 0x00, 0x00, 0x51, 0xE3, 0x0C, 0x00, 0x00, 0x1A, 0x7E, 0xE2, 0xDF, 0xEB, 0x00, 0x00, 0x50, 0xE3
	.byte 0x09, 0x00, 0x00, 0x0A, 0x07, 0x00, 0xA0, 0xE1, 0xFB, 0xE4, 0xDF, 0xEB, 0x08, 0x10, 0x99, 0xE5
	.byte 0x06, 0x00, 0xA0, 0xE1, 0xB0, 0x50, 0xC1, 0xE1, 0x04, 0x10, 0xA0, 0xE1, 0xE5, 0xFB, 0xFF, 0xEB
	.byte 0xBE, 0x0A, 0xD8, 0xE1, 0x01, 0x00, 0x80, 0xE2, 0xBE, 0x0A, 0xC8, 0xE1, 0x01, 0x70, 0x87, 0xE2
	.byte 0x02, 0x00, 0x57, 0xE3, 0xE6, 0xFF, 0xFF, 0x3A, 0x28, 0x00, 0x9F, 0xE5, 0x0D, 0x10, 0xA0, 0xE3
	.byte 0xB0, 0x10, 0xC0, 0xE1, 0xF0, 0x47, 0xBD, 0xE8, 0x1E, 0xFF, 0x2F, 0xE1, 0xF4, 0xFF, 0x80, 0x03
	.byte 0x10, 0x80, 0x80, 0x04, 0xB6, 0x80, 0x80, 0x04, 0xFF, 0xFF, 0x00, 0x00, 0x38, 0x80, 0x80, 0x04
	.byte 0xFE, 0xFF, 0x00, 0x00, 0x18, 0x81, 0x80, 0x04, 0xAE, 0x80, 0x80, 0x04, 0x5C, 0x00, 0x9F, 0xE5
	.byte 0x5C, 0x10, 0x9F, 0xE5, 0x00, 0x20, 0x90, 0xE5, 0x02, 0x0A, 0xA0, 0xE3, 0xB0, 0x00, 0xC1, 0xE1
	.byte 0x0D, 0x00, 0xA0, 0xE3, 0xD1, 0x2F, 0x82, 0xE2, 0xBC, 0x09, 0xC1, 0xE1, 0xBA, 0x01, 0xD2, 0xE1
	.byte 0x01, 0x00, 0x50, 0xE3, 0x02, 0x00, 0xA0, 0x03, 0xBA, 0x01, 0xC2, 0x01, 0x1E, 0xFF, 0x2F, 0x01
	.byte 0x02, 0x00, 0x50, 0xE3, 0x00, 0x00, 0xA0, 0x03, 0xBA, 0x01, 0xC2, 0x01, 0x1E, 0xFF, 0x2F, 0x01
	.byte 0xBC, 0x00, 0xD2, 0xE1, 0x02, 0x00, 0x50, 0xE3, 0x1E, 0xFF, 0x2F, 0x11, 0xB8, 0x00, 0xD2, 0xE1
	.byte 0x40, 0x00, 0x50, 0xE3, 0x00, 0x00, 0xA0, 0x13, 0xB8, 0x03, 0xC1, 0x11, 0x1E, 0xFF, 0x2F, 0xE1
	.byte 0xF4, 0xFF, 0x80, 0x03, 0x10, 0x80, 0x80, 0x04, 0x08, 0x40, 0x2D, 0xE9, 0x3D, 0xCA, 0xDF, 0xEB
	.byte 0x18, 0x10, 0x9F, 0xE5, 0x18, 0x20, 0x9F, 0xE5, 0x67, 0x0F, 0x41, 0xE2, 0xB0, 0x20, 0xC1, 0xE1
	.byte 0x30, 0x10, 0xA0, 0xE3, 0xB0, 0x10, 0xC0, 0xE1, 0x08, 0x40, 0xBD, 0xE8, 0x1E, 0xFF, 0x2F, 0xE1
	.byte 0xAC, 0x81, 0x80, 0x04, 0xFF, 0xFF, 0x00, 0x00, 0xF8, 0x40, 0x2D, 0xE9, 0xF4, 0x10, 0x9F, 0xE5
	.byte 0x08, 0x20, 0xA0, 0xE3, 0xF0, 0x00, 0x9F, 0xE5, 0xB0, 0x20, 0xC1, 0xE1, 0x00, 0x00, 0x90, 0xE5
	.byte 0x03, 0x0C, 0x80, 0xE2, 0xBA, 0x03, 0xD0, 0xE1, 0x80, 0x0D, 0xA0, 0xE1, 0xA0, 0x0F, 0xB0, 0xE1
	.byte 0x06, 0x00, 0x00, 0x0A, 0x63, 0x0F, 0x81, 0xE2, 0xB0, 0x00, 0xD0, 0xE1, 0x01, 0x00, 0x10, 0xE3
	.byte 0x0A, 0x1D, 0x81, 0x02, 0xB0, 0x00, 0xD1, 0x01, 0x01, 0x00, 0x20, 0x02, 0xB0, 0x00, 0xC1, 0x01
	.byte 0xB4, 0x00, 0x9F, 0xE5, 0x00, 0x10, 0x90, 0xE5, 0x06, 0x0C, 0x81, 0xE2, 0xB4, 0x09, 0xD0, 0xE1
	.byte 0x08, 0x00, 0x10, 0xE3, 0x25, 0x00, 0x00, 0x0A, 0xA0, 0x40, 0x9F, 0xE5, 0x2C, 0x00, 0x81, 0xE2
	.byte 0x00, 0x20, 0xA0, 0xE3, 0xD1, 0x1F, 0x81, 0xE2, 0x01, 0x3B, 0x80, 0xE2, 0x02, 0x50, 0xA0, 0xE1
	.byte 0x02, 0xE9, 0xA0, 0xE3, 0x14, 0xC0, 0xA0, 0xE3, 0x92, 0x0C, 0x06, 0xE0, 0xB6, 0x00, 0x93, 0xE1
	.byte 0x06, 0x60, 0x83, 0xE0, 0x00, 0x00, 0x50, 0xE3, 0x15, 0x00, 0x00, 0x0A, 0x08, 0x00, 0x96, 0xE5
	.byte 0xBC, 0x60, 0xD0, 0xE1, 0x01, 0x09, 0x16, 0xE3, 0x11, 0x00, 0x00, 0x0A, 0xB4, 0x60, 0xD0, 0xE1
	.byte 0xFF, 0x00, 0x16, 0xE3, 0x0E, 0x00, 0x00, 0x0A, 0xBA, 0x60, 0xD0, 0xE1, 0x0C, 0x70, 0x80, 0xE2
	.byte 0x06, 0x60, 0x87, 0xE0, 0x07, 0x60, 0x46, 0xE2, 0x01, 0x70, 0xC6, 0xE3, 0xB0, 0x60, 0xD7, 0xE1
	.byte 0x00, 0x00, 0x56, 0xE3, 0xB2, 0x60, 0xD7, 0x01, 0x00, 0x00, 0x56, 0x03, 0xB4, 0x50, 0xC0, 0x01
	.byte 0xB0, 0x50, 0xC4, 0x01, 0xB0, 0xE0, 0xC4, 0x01, 0xBA, 0x0B, 0xD1, 0x01, 0x01, 0x00, 0x80, 0x02
	.byte 0xBA, 0x0B, 0xC1, 0x01, 0x01, 0x20, 0x82, 0xE2, 0x03, 0x00, 0x52, 0xE3, 0xE1, 0xFF, 0xFF, 0x3A
	.byte 0xF8, 0x40, 0xBD, 0xE8, 0x1E, 0xFF, 0x2F, 0xE1, 0x10, 0x80, 0x80, 0x04, 0xF4, 0xFF, 0x80, 0x03
	.byte 0x32, 0x80, 0x80, 0x04, 0x08, 0x40, 0x2D, 0xE9, 0x54, 0x01, 0x9F, 0xE5, 0x54, 0xE1, 0x9F, 0xE5
	.byte 0x00, 0x30, 0x90, 0xE5, 0x04, 0x10, 0xA0, 0xE3, 0xB0, 0x10, 0xCE, 0xE1, 0x00, 0x10, 0x90, 0xE5
	.byte 0x66, 0x2F, 0x8E, 0xE2, 0x06, 0x1C, 0x81, 0xE2, 0xB4, 0xC9, 0xD1, 0xE1, 0xDC, 0x10, 0x83, 0xE2
	.byte 0x2C, 0x30, 0x83, 0xE2, 0xB0, 0x20, 0xD2, 0xE1, 0x08, 0x00, 0x1C, 0xE3, 0x01, 0x1B, 0x81, 0xE2
	.byte 0x01, 0xCB, 0x83, 0xE2, 0x2B, 0x00, 0x00, 0x0A, 0x01, 0x0B, 0x12, 0xE3, 0x29, 0x00, 0x00, 0x0A
	.byte 0xB0, 0xEA, 0xDE, 0xE1, 0x01, 0x00, 0x1E, 0xE3, 0x02, 0x00, 0x00, 0x0A, 0xB0, 0x30, 0xDC, 0xE1
	.byte 0x00, 0x00, 0x53, 0xE3, 0x13, 0x00, 0x00, 0x1A, 0x04, 0x00, 0x1E, 0xE3, 0x02, 0x00, 0x00, 0x0A
	.byte 0xB4, 0x31, 0xDC, 0xE1, 0x00, 0x00, 0x53, 0xE3, 0x0E, 0x00, 0x00, 0x1A, 0x08, 0x00, 0x1E, 0xE3
	.byte 0x02, 0x00, 0x00, 0x0A, 0xB8, 0x32, 0xDC, 0xE1, 0x00, 0x00, 0x53, 0xE3, 0x09, 0x00, 0x00, 0x1A
	.byte 0xD4, 0x30, 0x9F, 0xE5, 0xB0, 0x30, 0xD3, 0xE1, 0x01, 0x00, 0x13, 0xE3, 0xCC, 0xC0, 0x9F, 0x05
	.byte 0x00, 0xE0, 0xA0, 0x03, 0xB0, 0xE0, 0xCC, 0x01, 0x02, 0x39, 0xA0, 0x03, 0xB0, 0x30, 0xCC, 0x01
	.byte 0xB2, 0xE0, 0xC1, 0x01, 0x0F, 0x00, 0x00, 0x0A, 0xB2, 0xC0, 0xD1, 0xE1, 0x01, 0x30, 0x8C, 0xE2
	.byte 0xB2, 0x30, 0xC1, 0xE1, 0x0C, 0x00, 0x5C, 0xE3, 0x0A, 0x00, 0x00, 0x9A, 0x9C, 0x30, 0x9F, 0xE5
	.byte 0x00, 0xC0, 0xA0, 0xE3, 0xB2, 0xC0, 0xC1, 0xE1, 0xB0, 0xC0, 0xC3, 0xE1, 0x02, 0x19, 0xA0, 0xE3
	.byte 0xB0, 0x10, 0xC3, 0xE1, 0x00, 0x10, 0x90, 0xE5, 0x03, 0x1C, 0x81, 0xE2, 0xBE, 0x3F, 0xD1, 0xE1
	.byte 0x01, 0x30, 0x83, 0xE2, 0xBE, 0x3F, 0xC1, 0xE1, 0x00, 0x00, 0x90, 0xE5, 0x06, 0x0C, 0x80, 0xE2
	.byte 0xB4, 0x09, 0xD0, 0xE1, 0x01, 0x00, 0x10, 0xE3, 0x13, 0x00, 0x00, 0x0A, 0x60, 0x00, 0x12, 0xE3
	.byte 0x11, 0x00, 0x00, 0x0A, 0x58, 0x20, 0x9F, 0xE5, 0xB0, 0x10, 0xD2, 0xE1, 0xB2, 0x00, 0x52, 0xE1
	.byte 0x01, 0x09, 0x40, 0xE2, 0xA0, 0x0F, 0x80, 0xE0, 0xC0, 0x00, 0x51, 0xE1, 0x04, 0x00, 0x00, 0xAA
	.byte 0xB4, 0x00, 0x52, 0xE1, 0x01, 0x09, 0x40, 0xE2, 0xA0, 0x0F, 0x80, 0xE0, 0xC0, 0x00, 0x51, 0xE1
	.byte 0x04, 0x00, 0x00, 0xAA, 0x2C, 0x20, 0x9F, 0xE5, 0x2C, 0x00, 0x9F, 0xE5, 0xB0, 0x10, 0xD2, 0xE1
	.byte 0xB4, 0x10, 0x42, 0xE1, 0xBA, 0x02, 0x42, 0xE1, 0xFE, 0xCC, 0xDF, 0xEB, 0x08, 0x40, 0xBD, 0xE8
	.byte 0x1E, 0xFF, 0x2F, 0xE1, 0xF4, 0xFF, 0x80, 0x03, 0x10, 0x80, 0x80, 0x04, 0x9C, 0x81, 0x80, 0x04
	.byte 0x32, 0x80, 0x80, 0x04, 0x54, 0x80, 0x80, 0x04, 0x5A, 0x80, 0x80, 0x04, 0x01, 0x80, 0x00, 0x00
	.byte 0xF0, 0x41, 0x2D, 0xE9, 0x28, 0x62, 0x9F, 0xE5, 0x28, 0x02, 0x9F, 0xE5, 0x00, 0x10, 0x96, 0xE5
	.byte 0x02, 0x50, 0xA0, 0xE3, 0xB0, 0x50, 0xC0, 0xE1, 0x00, 0x20, 0x96, 0xE5, 0x2C, 0x10, 0x81, 0xE2
	.byte 0x03, 0x2C, 0x82, 0xE2, 0xBC, 0x24, 0xD2, 0xE1, 0x01, 0x7B, 0x81, 0xE2, 0x12, 0x00, 0x52, 0xE3
	.byte 0x00, 0x40, 0xA0, 0xE3, 0x01, 0x00, 0x00, 0x1A, 0x2A, 0xDE, 0xDF, 0xEB, 0x7A, 0x00, 0x00, 0xEA
	.byte 0xB8, 0x1A, 0xD0, 0xE1, 0x0F, 0x8C, 0x01, 0xE2, 0x03, 0x0C, 0x58, 0xE3, 0x04, 0x00, 0x00, 0x0A
	.byte 0x02, 0x0B, 0x58, 0xE3, 0x0E, 0x00, 0x00, 0x0A, 0x0B, 0x0C, 0x58, 0xE3, 0x1B, 0x00, 0x00, 0x0A
	.byte 0x56, 0x00, 0x00, 0xEA, 0x8C, 0x00, 0x97, 0xE5, 0x02, 0x00, 0x10, 0xE3, 0x00, 0x00, 0x00, 0x0A
	.byte 0xCC, 0x02, 0x00, 0xEB, 0x00, 0x30, 0x96, 0xE5, 0x00, 0x00, 0xA0, 0xE3, 0x5C, 0x25, 0x93, 0xE5
	.byte 0x08, 0x10, 0xA0, 0xE3, 0x01, 0x20, 0x82, 0xE2, 0x5C, 0x25, 0x83, 0xE5, 0xE5, 0xFA, 0xFF, 0xEB
	.byte 0x4A, 0x00, 0x00, 0xEA, 0x44, 0x10, 0x97, 0xE5, 0xBE, 0x29, 0xD7, 0xE1, 0xB4, 0x10, 0xD1, 0xE1
	.byte 0xFF, 0x10, 0x01, 0xE2, 0x01, 0x18, 0xA0, 0xE1, 0x21, 0x08, 0x52, 0xE1, 0xBC, 0x59, 0xC0, 0x91
	.byte 0xB8, 0x0A, 0xD7, 0x91, 0x01, 0x00, 0x80, 0x92, 0xB8, 0x0A, 0xC7, 0x91, 0x90, 0x10, 0x97, 0xE5
	.byte 0xB8, 0x01, 0xD1, 0xE1, 0x01, 0x00, 0x80, 0xE2, 0xB8, 0x01, 0xC1, 0xE1, 0x3B, 0x00, 0x00, 0xEA
	.byte 0x64, 0x31, 0x9F, 0xE5, 0x64, 0x21, 0x9F, 0xE5, 0x64, 0x11, 0x9F, 0xE5, 0xB0, 0x30, 0xC2, 0xE1
	.byte 0xB2, 0x30, 0xC2, 0xE1, 0x8F, 0x0F, 0x80, 0xE2, 0xB0, 0x30, 0xC0, 0xE1, 0xB0, 0x30, 0xC1, 0xE1
	.byte 0xBC, 0x03, 0xD7, 0xE1, 0x00, 0x00, 0x50, 0xE3, 0x09, 0x00, 0x00, 0x0A, 0x44, 0x10, 0x97, 0xE5
	.byte 0xB2, 0x02, 0xD1, 0xE1, 0x03, 0x00, 0x50, 0xE1, 0x05, 0x00, 0x00, 0x1A, 0xB4, 0x00, 0xD1, 0xE1
	.byte 0x00, 0x00, 0x50, 0xE3, 0xB4, 0x40, 0xC1, 0x11, 0xB8, 0x19, 0xD7, 0x11, 0x44, 0x00, 0x97, 0x15
	.byte 0xB2, 0x10, 0xC0, 0x11, 0x44, 0x00, 0x97, 0xE5, 0x90, 0x20, 0x97, 0xE5, 0xB2, 0x10, 0xD0, 0xE1
	.byte 0xB8, 0x09, 0xD7, 0xE1, 0x01, 0x00, 0x51, 0xE3, 0x1A, 0x20, 0x82, 0xE2, 0x0B, 0x00, 0x00, 0x9A
	.byte 0x00, 0x30, 0x96, 0xE5, 0x03, 0x3C, 0x83, 0xE2, 0xBA, 0x33, 0xD3, 0xE1, 0x83, 0x3D, 0xA0, 0xE1
	.byte 0xA3, 0x3F, 0xB0, 0xE1, 0x05, 0x00, 0x00, 0x0A, 0xE8, 0xC0, 0x9F, 0xE5, 0xB0, 0x30, 0xDC, 0xE1
	.byte 0x01, 0x00, 0x13, 0xE3, 0xB4, 0x3F, 0xDC, 0x01, 0x01, 0x30, 0x23, 0x02, 0xB4, 0x3F, 0xCC, 0x01
	.byte 0x00, 0x30, 0x96, 0xE5, 0x06, 0x3C, 0x83, 0xE2, 0xB4, 0x39, 0xD3, 0xE1, 0x40, 0x00, 0x13, 0xE3
	.byte 0x0E, 0x00, 0x00, 0x0A, 0x0B, 0x00, 0x00, 0xEA, 0x81, 0x17, 0xA0, 0xE1, 0x21, 0x18, 0xA0, 0xE1
	.byte 0x01, 0x00, 0x11, 0xE3, 0xB6, 0x30, 0xD2, 0x11, 0x80, 0x07, 0xA0, 0xE1, 0x01, 0x30, 0x83, 0x12
	.byte 0x20, 0x08, 0xA0, 0xE1, 0xB6, 0x30, 0xC2, 0x11, 0x01, 0x00, 0x10, 0xE3, 0x90, 0x30, 0x97, 0x15
	.byte 0xB6, 0x31, 0xD3, 0x11, 0x03, 0x20, 0x82, 0x10, 0x01, 0x00, 0x51, 0xE3, 0xF1, 0xFF, 0xFF, 0x8A
	.byte 0x02, 0x0B, 0x58, 0xE3, 0x15, 0x00, 0x00, 0x0A, 0x7C, 0x10, 0x9F, 0xE5, 0xB0, 0x00, 0xD1, 0xE1
	.byte 0x02, 0x00, 0x10, 0xE3, 0x11, 0x00, 0x00, 0x1A, 0xBC, 0x03, 0xD7, 0xE1, 0x00, 0x00, 0x50, 0xE3
	.byte 0x0C, 0x00, 0x00, 0x0A, 0x02, 0x00, 0xA0, 0xE3, 0xB4, 0x00, 0xC1, 0xE1, 0xB8, 0x46, 0x41, 0xE1
	.byte 0xB0, 0x1A, 0x51, 0xE1, 0x01, 0x0A, 0x11, 0xE3, 0xBC, 0x0A, 0xD7, 0x11, 0x01, 0x00, 0x80, 0x12
	.byte 0xBC, 0x0A, 0xC7, 0x11, 0x00, 0x00, 0x00, 0x1A, 0x47, 0x01, 0x00, 0xEB, 0xBA, 0x0A, 0xD7, 0xE1
	.byte 0x01, 0x00, 0x80, 0xE2, 0xBA, 0x0A, 0xC7, 0xE1, 0x30, 0x00, 0x9F, 0xE5, 0xB0, 0x50, 0xC0, 0xE1
	.byte 0x00, 0x00, 0xA0, 0xE3, 0x0E, 0x10, 0xA0, 0xE3, 0x7E, 0xFA, 0xFF, 0xEB, 0xF0, 0x41, 0xBD, 0xE8
	.byte 0x1E, 0xFF, 0x2F, 0xE1, 0xF4, 0xFF, 0x80, 0x03, 0x10, 0x80, 0x80, 0x04, 0xFF, 0xFF, 0x00, 0x00
	.byte 0x70, 0x5F, 0x80, 0x04, 0x4E, 0x82, 0x80, 0x04, 0x9C, 0x81, 0x80, 0x04, 0xB0, 0x80, 0x80, 0x04
	.byte 0xAE, 0x80, 0x80, 0x04, 0xF0, 0x4F, 0x2D, 0xE9, 0x3C, 0xD0, 0x4D, 0xE2, 0x9C, 0x04, 0x9F, 0xE5
	.byte 0x9C, 0x24, 0x9F, 0xE5, 0x00, 0x30, 0x90, 0xE5, 0x01, 0x10, 0xA0, 0xE3, 0x06, 0x0C, 0x83, 0xE2
	.byte 0xB4, 0x49, 0xD0, 0xE1, 0xD1, 0x6F, 0x83, 0xE2, 0xB0, 0x10, 0xC2, 0xE1, 0xBC, 0x10, 0xD6, 0xE1
	.byte 0xDC, 0x00, 0x83, 0xE2, 0x00, 0x00, 0x51, 0xE3, 0x01, 0x7B, 0x80, 0xE2, 0xB4, 0x04, 0xD2, 0x01
	.byte 0x01, 0x40, 0x04, 0xE2, 0xBA, 0x04, 0xC2, 0x01, 0x68, 0x04, 0x9F, 0xE5, 0x04, 0x00, 0x40, 0xE2
	.byte 0x24, 0x00, 0x8D, 0xE5, 0x5C, 0x04, 0x9F, 0xE5, 0x70, 0xB0, 0x40, 0xE2, 0x6D, 0x0F, 0x80, 0xE2
	.byte 0x28, 0x00, 0x8D, 0xE5, 0x50, 0x04, 0x9F, 0xE5, 0x55, 0x0F, 0x40, 0xE2, 0x14, 0x00, 0x8D, 0xE5
	.byte 0x40, 0x04, 0x9F, 0xE5, 0x44, 0x00, 0x40, 0xE2, 0x10, 0x00, 0x8D, 0xE5, 0x3C, 0x04, 0x9F, 0xE5
	.byte 0x29, 0x00, 0x40, 0xE2, 0x2C, 0x00, 0x8D, 0xE5, 0x30, 0x04, 0x9F, 0xE5, 0x3D, 0x00, 0x80, 0xE2
	.byte 0x30, 0x00, 0x8D, 0xE5, 0x28, 0x04, 0x9F, 0xE5, 0x24, 0x00, 0x40, 0xE2, 0x34, 0x00, 0x8D, 0xE5
	.byte 0x18, 0x04, 0x9F, 0xE5, 0x71, 0x0E, 0x80, 0xE2, 0x38, 0x00, 0x8D, 0xE5, 0x10, 0x00, 0x9D, 0xE5
	.byte 0xB4, 0x90, 0xD7, 0xE1, 0xB0, 0xA0, 0xD0, 0xE1, 0x0A, 0x00, 0x59, 0xE1, 0xDD, 0x00, 0x00, 0x0A
	.byte 0xF0, 0x03, 0x9F, 0xE5, 0x14, 0x10, 0x9D, 0xE5, 0xB0, 0x06, 0xD0, 0xE1, 0xB0, 0x30, 0xD1, 0xE1
	.byte 0xE0, 0x13, 0x9F, 0xE5, 0xB0, 0x26, 0xD1, 0xE1, 0x14, 0x10, 0x9D, 0xE5, 0x02, 0x00, 0x50, 0xE1
	.byte 0xB0, 0x10, 0xD1, 0xE1, 0x01, 0x06, 0xA0, 0x81, 0x22, 0x02, 0x80, 0x81, 0x04, 0x00, 0x8D, 0x85
	.byte 0x03, 0x16, 0xA0, 0x91, 0x20, 0x02, 0x81, 0x91, 0x04, 0x00, 0x8D, 0x95, 0x2C, 0x00, 0x9D, 0xE5
	.byte 0x00, 0x00, 0x59, 0xE1, 0x03, 0x00, 0x00, 0x3A, 0xB0, 0x03, 0x9F, 0xE5, 0x00, 0x00, 0x59, 0xE1
	.byte 0x00, 0x00, 0x00, 0x8A, 0xB7, 0xC8, 0xDF, 0xEB, 0x89, 0x00, 0xA0, 0xE1, 0x18, 0x00, 0x8D, 0xE5
	.byte 0x01, 0x09, 0x80, 0xE2, 0x12, 0x85, 0x80, 0xE2, 0x02, 0x00, 0x88, 0xE2, 0x54, 0x02, 0x00, 0xEB
	.byte 0x00, 0x50, 0xA0, 0xE1, 0x02, 0x00, 0x85, 0xE2, 0x51, 0x02, 0x00, 0xEB, 0x1C, 0x00, 0x8D, 0xE5
	.byte 0x04, 0x00, 0x80, 0xE2, 0x4E, 0x02, 0x00, 0xEB, 0x20, 0x00, 0x8D, 0xE5, 0x0E, 0x00, 0x88, 0xE2
	.byte 0x4B, 0x02, 0x00, 0xEB, 0x0C, 0x00, 0x8D, 0xE5, 0x18, 0x00, 0x9D, 0xE5, 0xB0, 0x10, 0xD5, 0xE1
	.byte 0x12, 0x05, 0x80, 0xE2, 0x01, 0x29, 0x80, 0xE2, 0x81, 0x10, 0xA0, 0xE1, 0x01, 0x1B, 0x01, 0xE2
	.byte 0xB0, 0x00, 0xD2, 0xE1, 0x01, 0x18, 0xA0, 0xE1, 0x21, 0x08, 0x80, 0xE1, 0xB0, 0x00, 0xC2, 0xE1
	.byte 0x04, 0x10, 0x9D, 0xE5, 0x1C, 0x00, 0x9D, 0xE5, 0xB0, 0x10, 0xC0, 0xE1, 0x20, 0x00, 0x9D, 0xE5
	.byte 0xB0, 0x10, 0xD0, 0xE1, 0x89, 0x00, 0x81, 0xE0, 0x0F, 0x00, 0x80, 0xE2, 0x20, 0x01, 0xA0, 0xE1
	.byte 0x80, 0x90, 0xA0, 0xE1, 0xFB, 0x0E, 0x59, 0xE3, 0xBA, 0x09, 0xD6, 0x21, 0xA0, 0x90, 0x49, 0x20
	.byte 0x30, 0x00, 0x9D, 0xE5, 0x00, 0x00, 0x51, 0xE1, 0x08, 0x03, 0x9F, 0x85, 0x0A, 0x90, 0xA0, 0x81
	.byte 0xB0, 0x00, 0xC8, 0x81, 0xB4, 0x0B, 0xD6, 0x81, 0x01, 0x00, 0x80, 0x82, 0xB4, 0x0B, 0xC6, 0x81
	.byte 0x21, 0x00, 0x00, 0x8A, 0x00, 0x00, 0x54, 0xE3, 0x0A, 0x00, 0x59, 0x11, 0x1E, 0x00, 0x00, 0x0A
	.byte 0x34, 0x30, 0x9D, 0xE5, 0x89, 0x20, 0xA0, 0xE1, 0x01, 0x09, 0x82, 0xE2, 0x12, 0x05, 0x80, 0xE2
	.byte 0x03, 0x00, 0x50, 0xE1, 0xB6, 0x00, 0xD0, 0x31, 0x12, 0x25, 0x82, 0xE2, 0x01, 0x29, 0x82, 0xE2
	.byte 0xBA, 0x39, 0xD6, 0x21, 0xFF, 0x00, 0x00, 0x32, 0x03, 0x00, 0x40, 0x20, 0xB0, 0x20, 0xD2, 0xE1
	.byte 0xB6, 0x00, 0xD0, 0x21, 0x1F, 0x0B, 0x12, 0xE3, 0x05, 0x00, 0x00, 0x1A, 0x0A, 0x00, 0x50, 0xE3
	.byte 0x14, 0x00, 0x50, 0x13, 0x02, 0x00, 0x00, 0x1A, 0x38, 0x00, 0x9D, 0xE5, 0x00, 0x00, 0x51, 0xE1
	.byte 0x09, 0x00, 0x00, 0x9A, 0xB4, 0x0B, 0xD6, 0xE1, 0x88, 0x12, 0x9F, 0xE5, 0x01, 0x00, 0x80, 0xE2
	.byte 0xB4, 0x0B, 0xC6, 0xE1, 0x0A, 0x08, 0xA0, 0xE1, 0xB0, 0x10, 0xC8, 0xE1, 0x20, 0x08, 0xA0, 0xE1
	.byte 0xB4, 0x00, 0xC7, 0xE1, 0xB0, 0x00, 0xC5, 0xE1, 0x76, 0x00, 0x00, 0xEA, 0xB0, 0x00, 0xD8, 0xE1
	.byte 0x0F, 0x00, 0x00, 0xE2, 0x0C, 0x00, 0x50, 0xE3, 0x59, 0x00, 0x00, 0x1A, 0x0C, 0x00, 0x88, 0xE2
	.byte 0x03, 0x02, 0x00, 0xEB, 0xB0, 0x00, 0xD0, 0xE1, 0x08, 0x00, 0x8D, 0xE5, 0x22, 0x00, 0x88, 0xE2
	.byte 0xFF, 0x01, 0x00, 0xEB, 0xB0, 0xA0, 0xD0, 0xE1, 0xB0, 0x00, 0xD7, 0xE1, 0x0A, 0x00, 0x50, 0xE1
	.byte 0x09, 0x00, 0x00, 0x1A, 0x08, 0x00, 0x9D, 0xE5, 0x02, 0x0B, 0x10, 0xE3, 0x0C, 0x02, 0x9F, 0x15
	.byte 0x00, 0x10, 0x90, 0x15, 0x80, 0x05, 0x91, 0x15, 0x01, 0x00, 0x80, 0x12, 0x80, 0x05, 0x81, 0x15
	.byte 0x10, 0x02, 0x9F, 0x15, 0xB0, 0x00, 0xC8, 0x11, 0x3A, 0x00, 0x00, 0x1A, 0xEC, 0x01, 0x9F, 0xE5
	.byte 0x00, 0x00, 0x90, 0xE5, 0x03, 0x1C, 0x80, 0xE2, 0xBA, 0x23, 0xD1, 0xE1, 0x02, 0x2C, 0xA0, 0xE1
	.byte 0xA2, 0x2F, 0xB0, 0xE1, 0xBC, 0x14, 0xD1, 0x01, 0x40, 0x00, 0x51, 0x03, 0x31, 0x00, 0x00, 0x1A
	.byte 0xB0, 0x10, 0xDB, 0xE1, 0x00, 0x00, 0x51, 0xE3, 0x24, 0x00, 0x00, 0x0A, 0xC4, 0x11, 0x9F, 0xE5
	.byte 0xB0, 0x10, 0xD1, 0xE1, 0x02, 0x09, 0x11, 0xE3, 0x03, 0x00, 0x00, 0x1A, 0x24, 0x10, 0x9D, 0xE5
	.byte 0xB0, 0x10, 0xD1, 0xE1, 0x02, 0x09, 0x11, 0xE3, 0x1C, 0x00, 0x00, 0x1A, 0x99, 0x0F, 0x80, 0xE2
	.byte 0x01, 0x0B, 0x80, 0xE2, 0xEB, 0x11, 0x00, 0xEB, 0x0C, 0x00, 0x9D, 0xE5, 0x00, 0x30, 0xA0, 0xE3
	.byte 0xB0, 0x10, 0xD0, 0xE1, 0xA0, 0x01, 0x9F, 0xE5, 0xFA, 0x2F, 0xA0, 0xE3, 0x91, 0xC0, 0x88, 0xE0
	.byte 0x03, 0x00, 0xA0, 0xE1, 0x91, 0x80, 0x28, 0xE0, 0x2C, 0x03, 0xA0, 0xE1, 0x88, 0x11, 0x9F, 0xE5
	.byte 0x03, 0xC0, 0xA0, 0xE1, 0x9C, 0x81, 0x28, 0xE0, 0x28, 0x13, 0xA0, 0xE1, 0x08, 0x0D, 0x80, 0xE1
	.byte 0xEA, 0x05, 0x00, 0xEB, 0x00, 0x20, 0xA0, 0xE3, 0x00, 0x20, 0x8D, 0xE5, 0x01, 0x20, 0xA0, 0xE1
	.byte 0x00, 0x10, 0xA0, 0xE1, 0x44, 0x01, 0x9F, 0xE5, 0x60, 0x31, 0x9F, 0xE5, 0x00, 0x00, 0x90, 0xE5
	.byte 0x99, 0x0F, 0x80, 0xE2, 0x01, 0x0B, 0x80, 0xE2, 0x99, 0x11, 0x00, 0xEB, 0x09, 0x00, 0x00, 0xEA
	.byte 0x40, 0x11, 0x9F, 0xE5, 0x38, 0x01, 0x9F, 0xE5, 0x01, 0xA0, 0xA0, 0xE1, 0xB0, 0x10, 0xC0, 0xE1
	.byte 0x28, 0x00, 0x9D, 0xE5, 0xB0, 0x10, 0xC0, 0xE1, 0x1C, 0x01, 0x9F, 0xE5, 0xB0, 0x10, 0xC0, 0xE1
	.byte 0x01, 0x00, 0xA0, 0xE1, 0xB0, 0x00, 0xC8, 0xE1, 0xB0, 0xA0, 0xC7, 0xE1, 0xBE, 0x01, 0x00, 0xEB
	.byte 0x00, 0x08, 0xA0, 0xE1, 0x20, 0x08, 0xA0, 0xE1, 0x01, 0x00, 0x10, 0xE3, 0xEC, 0x00, 0x9F, 0x15
	.byte 0x00, 0x10, 0x90, 0x15, 0xAC, 0x05, 0x91, 0x15, 0x01, 0x00, 0x80, 0x12, 0xAC, 0x05, 0x81, 0x15
	.byte 0x13, 0x00, 0x00, 0xEA, 0x0D, 0x00, 0x50, 0xE3, 0x11, 0x00, 0x00, 0x1A, 0xCC, 0x00, 0x9F, 0xE5
	.byte 0x00, 0x00, 0x90, 0xE5, 0x03, 0x0C, 0x80, 0xE2, 0xBA, 0x13, 0xD0, 0xE1, 0x01, 0x1C, 0xA0, 0xE1
	.byte 0xA1, 0x1F, 0xB0, 0xE1, 0xBC, 0x04, 0xD0, 0x01, 0x40, 0x00, 0x50, 0x03, 0x08, 0x00, 0x00, 0x1A
	.byte 0xB0, 0x00, 0xDB, 0xE1, 0x00, 0x00, 0x50, 0xE3, 0x03, 0x00, 0x00, 0x0A, 0xA4, 0x00, 0x9F, 0xE5
	.byte 0xB0, 0x00, 0xD0, 0xE1, 0x02, 0x09, 0x10, 0xE3, 0x01, 0x00, 0x00, 0x1A, 0xA4, 0x00, 0x9F, 0xE5
	.byte 0xB0, 0x00, 0xC8, 0xE1, 0x09, 0x08, 0xA0, 0xE1, 0x20, 0x08, 0xA0, 0xE1, 0xB4, 0x00, 0xC7, 0xE1
	.byte 0xB0, 0x00, 0xC5, 0xE1, 0x1C, 0xFF, 0xFF, 0xEA, 0x00, 0x00, 0x54, 0xE3, 0x10, 0x00, 0x00, 0x0A
	.byte 0x8C, 0x50, 0x9F, 0xE5, 0xB0, 0x40, 0xD5, 0xE1, 0x97, 0x01, 0x00, 0xEB, 0x00, 0x08, 0xA0, 0xE1
	.byte 0x20, 0x18, 0xB0, 0xE1, 0x0A, 0x00, 0x00, 0x0A, 0xB0, 0x00, 0xD5, 0xE1, 0x00, 0x00, 0x54, 0xE1
	.byte 0x07, 0x00, 0x00, 0x1A, 0x02, 0x00, 0x11, 0xE3, 0x01, 0x00, 0x00, 0x0A, 0x80, 0x00, 0xA0, 0xE3
	.byte 0x02, 0x00, 0x00, 0xEA, 0x01, 0x00, 0x11, 0xE3, 0x01, 0x00, 0x00, 0x0A, 0x01, 0x0C, 0xA0, 0xE3
	.byte 0x7E, 0xCB, 0xDF, 0xEB, 0x4C, 0x00, 0x9F, 0xE5, 0xB0, 0x10, 0xD0, 0xE1, 0xB6, 0x00, 0x50, 0xE1
	.byte 0x00, 0x00, 0x51, 0xE1, 0x02, 0x00, 0x00, 0x0A, 0x00, 0x00, 0xA0, 0xE3, 0x0F, 0x10, 0xA0, 0xE3
	.byte 0x4C, 0xF9, 0xFF, 0xEB, 0x3C, 0xD0, 0x8D, 0xE2, 0xF0, 0x4F, 0xBD, 0xE8, 0x1E, 0xFF, 0x2F, 0xE1
	.byte 0xF4, 0xFF, 0x80, 0x03, 0x10, 0x80, 0x80, 0x04, 0x98, 0x80, 0x80, 0x04, 0x4E, 0x82, 0x80, 0x04
	.byte 0xEF, 0x08, 0x00, 0x00, 0x7E, 0x5F, 0x80, 0x04, 0xFF, 0xFF, 0x00, 0x00, 0xEA, 0x82, 0x00, 0x00
	.byte 0x9C, 0xC0, 0xFE, 0x02, 0x54, 0x80, 0x80, 0x04, 0x5A, 0x80, 0x80, 0x04, 0x08, 0x40, 0x2D, 0xE9
	.byte 0xDC, 0xC0, 0x9F, 0xE5, 0xDC, 0x20, 0x9F, 0xE5, 0x00, 0x10, 0x9C, 0xE5, 0x01, 0x3A, 0xA0, 0xE3
	.byte 0x2C, 0x10, 0x81, 0xE2, 0xB0, 0x30, 0xC2, 0xE1, 0x01, 0x3B, 0x81, 0xE2, 0xBC, 0x13, 0xD3, 0xE1
	.byte 0x00, 0x00, 0x51, 0xE3, 0x2C, 0x00, 0x00, 0x0A, 0x00, 0x10, 0x9C, 0xE5, 0x06, 0x1C, 0x81, 0xE2
	.byte 0xB4, 0x19, 0xD1, 0xE1, 0x10, 0x00, 0x11, 0xE3, 0x00, 0x00, 0x50, 0x13, 0x23, 0x00, 0x00, 0x0A
	.byte 0x81, 0x0F, 0x82, 0xE2, 0xB6, 0x1A, 0xD2, 0xE1, 0xB0, 0x00, 0xD0, 0xE1, 0x03, 0x00, 0x50, 0xE3
	.byte 0x01, 0x00, 0x00, 0x0A, 0x05, 0x00, 0x50, 0xE3, 0x1C, 0x00, 0x00, 0x1A, 0x00, 0x00, 0x51, 0xE3
	.byte 0x1A, 0x00, 0x00, 0x1A, 0x44, 0x30, 0x93, 0xE5, 0x00, 0x20, 0xA0, 0xE3, 0xB2, 0x00, 0xD3, 0xE1
	.byte 0x03, 0x00, 0x00, 0xEA, 0x01, 0x10, 0x00, 0xE2, 0x80, 0x07, 0xA0, 0xE1, 0x01, 0x20, 0x82, 0xE0
	.byte 0x20, 0x08, 0xA0, 0xE1, 0x00, 0x00, 0x50, 0xE3, 0xF9, 0xFF, 0xFF, 0x1A, 0xB4, 0x02, 0xD3, 0xE1
	.byte 0xBA, 0x10, 0xD3, 0xE1, 0x0A, 0x00, 0x80, 0xE2, 0x92, 0x00, 0x00, 0xE0, 0xC0, 0x00, 0x80, 0xE2
	.byte 0x01, 0x01, 0x80, 0xE0, 0x00, 0x08, 0xA0, 0xE1, 0x3C, 0x10, 0x9F, 0xE5, 0x20, 0x08, 0xA0, 0xE1
	.byte 0xF8, 0xC9, 0xDF, 0xEB, 0x28, 0x00, 0x9F, 0xE5, 0x00, 0x00, 0x90, 0xE5, 0x01, 0x0B, 0x80, 0xE2
	.byte 0xB0, 0x10, 0xD0, 0xE1, 0x01, 0x10, 0x81, 0xE2, 0xB0, 0x10, 0xC0, 0xE1, 0x02, 0x00, 0x00, 0xEA
	.byte 0x00, 0x00, 0xA0, 0xE3, 0x10, 0x10, 0xA0, 0xE3, 0x06, 0xF9, 0xFF, 0xEB, 0x08, 0x40, 0xBD, 0xE8
	.byte 0x1E, 0xFF, 0x2F, 0xE1, 0xF4, 0xFF, 0x80, 0x03, 0x10, 0x80, 0x80, 0x04, 0xAC, 0xA7, 0x7F, 0x03
	.byte 0x08, 0x40, 0x2D, 0xE9, 0xF0, 0x30, 0x9F, 0xE5, 0xF0, 0x00, 0x9F, 0xE5, 0x00, 0x20, 0x93, 0xE5
	.byte 0x80, 0x10, 0xA0, 0xE3, 0xB0, 0x10, 0xC0, 0xE1, 0x00, 0x10, 0x93, 0xE5, 0x2C, 0x20, 0x82, 0xE2
	.byte 0x06, 0x1C, 0x81, 0xE2, 0xB4, 0x19, 0xD1, 0xE1, 0x20, 0x00, 0x11, 0xE3, 0x18, 0x00, 0x00, 0x0A
	.byte 0x81, 0x1F, 0x80, 0xE2, 0xB0, 0x30, 0xD1, 0xE1, 0x96, 0x1F, 0x80, 0xE2, 0xFF, 0x30, 0x03, 0xE2
	.byte 0xB0, 0xC0, 0xD1, 0xE1, 0x03, 0x00, 0x53, 0xE3, 0x11, 0x00, 0x00, 0x3A, 0x05, 0x00, 0x53, 0xE3
	.byte 0x0F, 0x00, 0x00, 0x8A, 0x58, 0x34, 0x92, 0xE5, 0xA4, 0x10, 0x9F, 0xE5, 0xA3, 0x30, 0x01, 0xE0
	.byte 0x03, 0x00, 0x5C, 0xE1, 0x0A, 0x00, 0x00, 0x3A, 0x30, 0x24, 0x92, 0xE5, 0xA2, 0x10, 0x01, 0xE0
	.byte 0x01, 0x00, 0x5C, 0xE1, 0x8D, 0x2F, 0x80, 0x92, 0xB0, 0x10, 0xD2, 0x91, 0x84, 0x00, 0x9F, 0x95
	.byte 0x80, 0x10, 0x81, 0x93, 0xB0, 0x10, 0xC2, 0x91, 0xB0, 0x10, 0xD2, 0x91, 0x00, 0x00, 0x01, 0x90
	.byte 0xB0, 0x00, 0xC2, 0x91, 0x70, 0x10, 0x9F, 0xE5, 0xB0, 0x00, 0xD1, 0xE1, 0x51, 0x0D, 0x50, 0xE3
	.byte 0x13, 0x00, 0x00, 0x0A, 0x67, 0x0F, 0x81, 0xE2, 0xB0, 0x00, 0xD0, 0xE1, 0x42, 0x00, 0x00, 0xE2
	.byte 0x42, 0x00, 0x50, 0xE3, 0x0E, 0x00, 0x00, 0x1A, 0xAE, 0x1F, 0x81, 0xE2, 0xB0, 0x20, 0xD1, 0xE1
	.byte 0x00, 0x00, 0x52, 0xE3, 0x0A, 0x00, 0x00, 0x0A, 0x00, 0x30, 0xA0, 0xE3, 0x05, 0x00, 0x00, 0xEA
	.byte 0xFA, 0x0F, 0x53, 0xE3, 0x01, 0x30, 0x83, 0xE2, 0x02, 0x00, 0x00, 0x9A, 0x40, 0x00, 0xA0, 0xE3
	.byte 0xF2, 0xCA, 0xDF, 0xEB, 0x02, 0x00, 0x00, 0xEA, 0xB0, 0x00, 0xD1, 0xE1, 0x00, 0x00, 0x52, 0xE1
	.byte 0xF6, 0xFF, 0xFF, 0x0A, 0x08, 0x40, 0xBD, 0xE8, 0x1E, 0xFF, 0x2F, 0xE1, 0xF4, 0xFF, 0x80, 0x03
	.byte 0x10, 0x80, 0x80, 0x04, 0xFF, 0x0F, 0x00, 0x00, 0x7F, 0xFF, 0x00, 0x00, 0x00, 0x80, 0x80, 0x04
	.byte 0xF8, 0x43, 0x2D, 0xE9, 0x50, 0x12, 0x9F, 0xE5, 0x50, 0x92, 0x9F, 0xE5, 0x00, 0x20, 0x91, 0xE5
	.byte 0x40, 0x00, 0xA0, 0xE3, 0xB0, 0x00, 0xC9, 0xE1, 0x00, 0x10, 0x91, 0xE5, 0x2C, 0x00, 0x82, 0xE2
	.byte 0x06, 0x1C, 0x81, 0xE2, 0xB4, 0x19, 0xD1, 0xE1, 0xD1, 0x4F, 0x82, 0xE2, 0x20, 0x00, 0x11, 0xE3
	.byte 0x01, 0x5B, 0x80, 0xE2, 0x86, 0x00, 0x00, 0x0A, 0xB4, 0x0A, 0xD5, 0xE1, 0x20, 0x62, 0x9F, 0xE5
	.byte 0x06, 0x00, 0x50, 0xE1, 0x63, 0x0F, 0x89, 0x02, 0xB0, 0x00, 0xD0, 0x01, 0x03, 0x00, 0x00, 0x02
	.byte 0x03, 0x00, 0x50, 0x03, 0x7E, 0x00, 0x00, 0x1A, 0x96, 0x8F, 0x89, 0xE2, 0xB0, 0x20, 0xD8, 0xE1
	.byte 0xB0, 0x14, 0xD9, 0xE1, 0x0F, 0x0A, 0x46, 0xE2, 0xA1, 0x00, 0x00, 0xE0, 0x00, 0x00, 0x52, 0xE1
	.byte 0x77, 0x00, 0x00, 0xBA, 0xB4, 0x74, 0xD9, 0xE1, 0x87, 0x00, 0xA0, 0xE1, 0x01, 0x09, 0x80, 0xE2
	.byte 0x12, 0x05, 0x80, 0xE2, 0x08, 0x00, 0x80, 0xE2, 0xC5, 0x00, 0x00, 0xEB, 0x04, 0x00, 0x80, 0xE2
	.byte 0xC3, 0x00, 0x00, 0xEB, 0xB0, 0x20, 0xD0, 0xE1, 0x06, 0x1B, 0x46, 0xE2, 0x01, 0x10, 0x02, 0xE0
	.byte 0x8A, 0x0F, 0x51, 0xE3, 0x6A, 0x00, 0x00, 0x1A, 0x02, 0x00, 0x80, 0xE2, 0xBC, 0x00, 0x00, 0xEB
	.byte 0xB8, 0x1E, 0xD9, 0xE1, 0x01, 0x68, 0x41, 0xE2, 0xB0, 0x10, 0xD8, 0xE1, 0x07, 0x10, 0x41, 0xE0
	.byte 0x01, 0x18, 0xA0, 0xE1, 0x21, 0x28, 0xA0, 0xE1, 0x02, 0x09, 0x12, 0xE3, 0xBA, 0x19, 0xD4, 0x11
	.byte 0x81, 0x17, 0xA0, 0x11, 0x21, 0x18, 0x82, 0x10, 0x01, 0x18, 0xA0, 0x11, 0x21, 0x28, 0xA0, 0x11
	.byte 0x0E, 0x00, 0x52, 0xE3, 0x06, 0x00, 0x00, 0x8A, 0xB8, 0x1E, 0xD9, 0xE1, 0x06, 0x10, 0x41, 0xE0
	.byte 0x01, 0x18, 0xA0, 0xE1, 0x21, 0x18, 0xA0, 0xE1, 0x40, 0x00, 0x51, 0xE3, 0x54, 0x00, 0x00, 0x8A
	.byte 0xEC, 0xFF, 0xFF, 0xEA, 0x08, 0x00, 0x80, 0xE2, 0x00, 0x80, 0xA0, 0xE3, 0x06, 0x00, 0x00, 0xEA
	.byte 0xA3, 0x00, 0x00, 0xEB, 0x88, 0x10, 0x84, 0xE0, 0xB2, 0x20, 0xD0, 0xE0, 0xB4, 0x16, 0xD1, 0xE1
	.byte 0x01, 0x00, 0x52, 0xE1, 0x4A, 0x00, 0x00, 0x1A, 0x01, 0x80, 0x88, 0xE2, 0x03, 0x00, 0x58, 0xE3
	.byte 0xF6, 0xFF, 0xFF, 0x3A, 0x0A, 0x00, 0x80, 0xE2, 0x99, 0x00, 0x00, 0xEB, 0x24, 0x31, 0x9F, 0xE5
	.byte 0x17, 0x1E, 0x83, 0xE2, 0xB0, 0x20, 0xD1, 0xE1, 0x07, 0x20, 0x42, 0xE0, 0x02, 0x28, 0xA0, 0xE1
	.byte 0x22, 0x88, 0xA0, 0xE1, 0x02, 0x09, 0x18, 0xE3, 0xBA, 0x29, 0xD4, 0x11, 0x82, 0x27, 0xA0, 0x11
	.byte 0x22, 0x28, 0x88, 0x10, 0x02, 0x28, 0xA0, 0x11, 0x22, 0x88, 0xA0, 0x11, 0x14, 0x00, 0x58, 0xE3
	.byte 0x06, 0x00, 0x00, 0x8A, 0xB0, 0x20, 0xD3, 0xE1, 0x06, 0x20, 0x42, 0xE0, 0x02, 0x28, 0xA0, 0xE1
	.byte 0x22, 0x28, 0xA0, 0xE1, 0x70, 0x00, 0x52, 0xE3, 0x31, 0x00, 0x00, 0x8A, 0xEC, 0xFF, 0xFF, 0xEA
	.byte 0xD4, 0x20, 0x9F, 0xE5, 0xB0, 0x30, 0xD0, 0xE1, 0xB0, 0x00, 0xD2, 0xE1, 0x01, 0x10, 0xA0, 0xE3
	.byte 0x11, 0x00, 0x13, 0xE1, 0x2A, 0x00, 0x00, 0x1A, 0xB0, 0x17, 0xD2, 0xE1, 0x40, 0x00, 0xA0, 0xE3
	.byte 0xB4, 0x1A, 0xC5, 0xE1, 0xBC, 0x08, 0xC2, 0xE1, 0xBE, 0x0B, 0xD4, 0xE1, 0x5D, 0x1F, 0x82, 0xE2
	.byte 0x01, 0x00, 0x80, 0xE2, 0xBE, 0x0B, 0xC4, 0xE1, 0xB0, 0x00, 0xD1, 0xE1, 0x03, 0x00, 0x00, 0xE2
	.byte 0x03, 0x00, 0x50, 0xE3, 0xFB, 0xFF, 0xFF, 0x0A, 0x90, 0x00, 0x9F, 0xE5, 0x90, 0x10, 0x9F, 0xE5
	.byte 0xB0, 0x20, 0xD0, 0xE1, 0x1C, 0x40, 0x40, 0xE2, 0x40, 0x20, 0x82, 0xE3, 0xB0, 0x20, 0xC0, 0xE1
	.byte 0xB0, 0x30, 0xD0, 0xE1, 0x08, 0x20, 0xA0, 0xE3, 0x01, 0x30, 0x03, 0xE0, 0xB0, 0x30, 0xC0, 0xE1
	.byte 0xB0, 0x20, 0xC4, 0xE1, 0x00, 0x30, 0xA0, 0xE3, 0x4C, 0x20, 0x9F, 0xE5, 0xB0, 0x30, 0xC4, 0xE1
	.byte 0x00, 0x20, 0x92, 0xE5, 0x40, 0x30, 0x81, 0xE2, 0x2C, 0x20, 0x82, 0xE2, 0x01, 0x6B, 0x82, 0xE2
	.byte 0xB4, 0x2A, 0xD6, 0xE1, 0x03, 0x00, 0x52, 0xE1, 0x09, 0x00, 0x00, 0x0A, 0x1B, 0x5E, 0x40, 0xE2
	.byte 0xB0, 0x40, 0xD5, 0xE1, 0x85, 0x3F, 0x40, 0xE2, 0xB0, 0x20, 0xC5, 0xE1, 0xB0, 0x20, 0xD3, 0xE1
	.byte 0x40, 0x00, 0x81, 0xE2, 0x80, 0x10, 0x82, 0xE3, 0xB0, 0x10, 0xC3, 0xE1, 0xB0, 0x40, 0xC5, 0xE1
	.byte 0xB4, 0x0A, 0xC6, 0xE1, 0xF8, 0x43, 0xBD, 0xE8, 0x1E, 0xFF, 0x2F, 0xE1, 0xF4, 0xFF, 0x80, 0x03
	.byte 0x10, 0x80, 0x80, 0x04, 0xFF, 0xFF, 0x00, 0x00, 0xF8, 0x80, 0x80, 0x04, 0x28, 0x80, 0x80, 0x04
	.byte 0x44, 0x82, 0x80, 0x04, 0xBF, 0xFF, 0x00, 0x00, 0xF8, 0x40, 0x2D, 0xE9, 0xB4, 0x10, 0x9F, 0xE5
	.byte 0x00, 0x60, 0xA0, 0xE3, 0x00, 0x10, 0x91, 0xE5, 0x02, 0x00, 0xA0, 0xE3, 0x2C, 0x10, 0x81, 0xE2
	.byte 0x01, 0x4B, 0x81, 0xE2, 0x06, 0x50, 0xA0, 0xE1, 0x27, 0xE1, 0xDF, 0xEB, 0x01, 0x70, 0xA0, 0xE3
	.byte 0x07, 0x00, 0xA0, 0xE1, 0x24, 0xE1, 0xDF, 0xEB, 0x05, 0x00, 0xA0, 0xE1, 0x22, 0xE1, 0xDF, 0xEB
	.byte 0xB8, 0x02, 0xD4, 0xE1, 0x00, 0x00, 0x50, 0xE3, 0x04, 0x00, 0x00, 0x0A, 0x30, 0x00, 0x94, 0xE5
	.byte 0xB0, 0x00, 0xD0, 0xE1, 0x00, 0x00, 0x50, 0xE3, 0x07, 0x50, 0xA0, 0x11, 0xB8, 0x52, 0xC4, 0x01
	.byte 0xB4, 0x01, 0xD4, 0xE1, 0x00, 0x00, 0x50, 0xE3, 0x04, 0x00, 0x00, 0x0A, 0x1C, 0x00, 0x94, 0xE5
	.byte 0xB0, 0x00, 0xD0, 0xE1, 0x00, 0x00, 0x50, 0xE3, 0xB4, 0x61, 0xC4, 0x01, 0x01, 0x50, 0xA0, 0x13
	.byte 0xB0, 0x00, 0xD4, 0xE1, 0x00, 0x00, 0x50, 0xE3, 0x04, 0x00, 0x00, 0x0A, 0x08, 0x00, 0x94, 0xE5
	.byte 0xB0, 0x00, 0xD0, 0xE1, 0x00, 0x00, 0x50, 0xE3, 0xB0, 0x60, 0xC4, 0x01, 0x01, 0x50, 0xA0, 0x13
	.byte 0x00, 0x00, 0x55, 0xE3, 0x02, 0x00, 0x00, 0x0A, 0x00, 0x00, 0xA0, 0xE3, 0x0E, 0x10, 0xA0, 0xE3
	.byte 0xF4, 0xF7, 0xFF, 0xEB, 0x00, 0x00, 0xA0, 0xE3, 0x14, 0x10, 0xA0, 0xE3, 0xF1, 0xF7, 0xFF, 0xEB
	.byte 0xF8, 0x40, 0xBD, 0xE8, 0x1E, 0xFF, 0x2F, 0xE1, 0xF4, 0xFF, 0x80, 0x03, 0x10, 0x40, 0x2D, 0xE9
	.byte 0x01, 0x04, 0xA0, 0xE3, 0xCD, 0x06, 0x00, 0xEB, 0x4C, 0x20, 0x9F, 0xE5, 0x01, 0x1A, 0xA0, 0xE3
	.byte 0xB0, 0x30, 0xD2, 0xE1, 0x00, 0x40, 0xA0, 0xE1, 0xB4, 0x13, 0xC2, 0xE1, 0x64, 0x10, 0xA0, 0xE3
	.byte 0x03, 0x00, 0x00, 0xEA, 0xB0, 0x00, 0xD2, 0xE1, 0x00, 0x00, 0x53, 0xE1, 0x02, 0x00, 0x00, 0x1A
	.byte 0x01, 0x10, 0x41, 0xE2, 0x00, 0x00, 0x51, 0xE3, 0xF9, 0xFF, 0xFF, 0x1A, 0x1C, 0x10, 0x9F, 0xE5
	.byte 0x00, 0x00, 0xA0, 0xE3, 0xB0, 0x00, 0xC1, 0xE1, 0x9B, 0xFE, 0xFF, 0xEB, 0x04, 0x00, 0xA0, 0xE1
	.byte 0x9E, 0x06, 0x00, 0xEB, 0x10, 0x40, 0xBD, 0xE8, 0x1E, 0xFF, 0x2F, 0xE1, 0x10, 0x82, 0x80, 0x04
	.byte 0x44, 0x82, 0x80, 0x04, 0x18, 0x10, 0x9F, 0xE5, 0x01, 0x00, 0x50, 0xE1, 0x14, 0x10, 0x9F, 0x25
	.byte 0x00, 0x10, 0x91, 0x25, 0x03, 0x1C, 0x81, 0x22, 0xBE, 0x1D, 0xD1, 0x21, 0x01, 0x00, 0x40, 0x20
	.byte 0x1E, 0xFF, 0x2F, 0xE1, 0x60, 0x5F, 0x80, 0x04, 0xF4, 0xFF, 0x80, 0x03, 0x70, 0x40, 0x2D, 0xE9
	.byte 0x50, 0x00, 0x9F, 0xE5, 0x00, 0x10, 0x90, 0xE5, 0x2C, 0x00, 0x81, 0xE2, 0x01, 0x5B, 0x80, 0xE2
	.byte 0xDC, 0x10, 0x81, 0xE2, 0x50, 0x00, 0x85, 0xE2, 0x01, 0x6B, 0x81, 0xE2, 0xD6, 0xCB, 0xDF, 0xEB
	.byte 0x00, 0x40, 0xA0, 0xE1, 0x64, 0x00, 0x85, 0xE2, 0xD3, 0xCB, 0xDF, 0xEB, 0x00, 0x00, 0x84, 0xE1
	.byte 0x01, 0x00, 0x10, 0xE3, 0xB8, 0x10, 0xD6, 0x11, 0x01, 0x1B, 0x81, 0x13, 0xB8, 0x10, 0xC6, 0x11
	.byte 0x02, 0x00, 0x10, 0xE3, 0xB8, 0x10, 0xD6, 0x11, 0x02, 0x19, 0x81, 0x13, 0xB8, 0x10, 0xC6, 0x11
	.byte 0x70, 0x40, 0xBD, 0xE8, 0x1E, 0xFF, 0x2F, 0xE1, 0xF4, 0xFF, 0x80, 0x03, 0x08, 0x40, 0x2D, 0xE9
	.byte 0x3C, 0x00, 0x9F, 0xE5, 0x00, 0x00, 0x90, 0xE5, 0x03, 0x0C, 0x80, 0xE2, 0xB8, 0x0E, 0xD0, 0xE1
	.byte 0x00, 0x00, 0x50, 0xE3, 0x00, 0x00, 0x00, 0x0A, 0xDC, 0xE2, 0xDF, 0xEB, 0x20, 0x00, 0x9F, 0xE5
	.byte 0x00, 0x00, 0x90, 0xE5, 0x03, 0x0C, 0x80, 0xE2, 0xBA, 0x03, 0xD0, 0xE1, 0x80, 0x0C, 0xA0, 0xE1
	.byte 0xA0, 0x0F, 0xB0, 0xE1, 0x00, 0x00, 0x00, 0x0A, 0x5B, 0xD5, 0xDF, 0xEB, 0x08, 0x40, 0xBD, 0xE8
	.byte 0x1E, 0xFF, 0x2F, 0xE1, 0xF4, 0xFF, 0x80, 0x03, 0xF8, 0x4F, 0x2D, 0xE9, 0xB0, 0xB1, 0x9F, 0xE5
	.byte 0x02, 0xA0, 0xA0, 0xE3, 0x00, 0x10, 0x9B, 0xE5, 0x00, 0x50, 0xA0, 0xE3, 0x2C, 0x00, 0x81, 0xE2
	.byte 0x01, 0x8B, 0x80, 0xE2, 0x9C, 0x01, 0x9F, 0xE5, 0xD1, 0x7F, 0x81, 0xE2, 0x6E, 0x40, 0x80, 0xE2
	.byte 0x14, 0x00, 0xA0, 0xE3, 0x0A, 0x61, 0xA0, 0xE1, 0x9A, 0x80, 0x29, 0xE0, 0x12, 0x05, 0x86, 0xE2
	.byte 0x02, 0x09, 0x80, 0xE2, 0xB0, 0x0A, 0xD0, 0xE1, 0x02, 0x09, 0x10, 0xE3, 0x58, 0x00, 0x00, 0x1A
	.byte 0xB0, 0x00, 0xD9, 0xE1, 0x00, 0x00, 0x50, 0xE3, 0x55, 0x00, 0x00, 0x0A, 0x0C, 0x10, 0x99, 0xE5
	.byte 0x00, 0x00, 0x51, 0xE3, 0x4A, 0x00, 0x00, 0x0A, 0x08, 0x00, 0x99, 0xE5, 0xB0, 0x00, 0xD0, 0xE1
	.byte 0xB8, 0x00, 0xC1, 0xE1, 0x08, 0x10, 0x99, 0xE5, 0x0C, 0x00, 0x99, 0xE5, 0xBC, 0x10, 0xD1, 0xE1
	.byte 0xB4, 0x11, 0xC0, 0xE1, 0x08, 0x00, 0x99, 0xE5, 0xBC, 0x10, 0xD0, 0xE1, 0x01, 0x09, 0x11, 0xE3
	.byte 0x35, 0x00, 0x00, 0x0A, 0x00, 0x10, 0x9B, 0xE5, 0x06, 0x1C, 0x81, 0xE2, 0xB4, 0x19, 0xD1, 0xE1
	.byte 0x08, 0x00, 0x11, 0xE3, 0x28, 0x00, 0x00, 0x0A, 0xBA, 0x10, 0xD0, 0xE1, 0x0C, 0x20, 0x80, 0xE2
	.byte 0x01, 0x10, 0x82, 0xE0, 0x07, 0x10, 0x41, 0xE2, 0x01, 0x20, 0xC1, 0xE3, 0xB0, 0x10, 0xD2, 0xE1
	.byte 0x00, 0x00, 0x51, 0xE3, 0xB2, 0x10, 0xD2, 0x01, 0x00, 0x00, 0x51, 0x03, 0x1E, 0x00, 0x00, 0x1A
	.byte 0xF0, 0x00, 0x9F, 0xE5, 0x02, 0x19, 0xA0, 0xE3, 0xB0, 0x50, 0xC0, 0xE1, 0xB0, 0x10, 0xC0, 0xE1
	.byte 0xBA, 0x0B, 0xD7, 0xE1, 0x01, 0x00, 0x80, 0xE2, 0xBA, 0x0B, 0xC7, 0xE1, 0x0C, 0x00, 0x99, 0xE5
	.byte 0xF4, 0xDD, 0xDF, 0xEB, 0x00, 0x00, 0x50, 0xE3, 0x0C, 0x00, 0x99, 0x05, 0xBC, 0x50, 0xC0, 0x01
	.byte 0xB4, 0x00, 0x96, 0x01, 0x02, 0x09, 0x80, 0x03, 0xB4, 0x00, 0x86, 0x01, 0x28, 0x00, 0x00, 0x0A
	.byte 0x0C, 0x20, 0x99, 0xE5, 0x02, 0x00, 0xA0, 0xE3, 0xB8, 0x00, 0xC2, 0xE1, 0xB4, 0x00, 0xD9, 0xE1
	.byte 0x01, 0x10, 0xA0, 0xE3, 0x01, 0x00, 0x80, 0xE2, 0xB4, 0x00, 0xC9, 0xE1, 0xBE, 0x0A, 0xD8, 0xE1
	.byte 0x01, 0x00, 0x80, 0xE2, 0xBE, 0x0A, 0xC8, 0xE1, 0x0C, 0x00, 0x99, 0xE5, 0x10, 0x20, 0x99, 0xE5
	.byte 0x0F, 0xE0, 0xA0, 0xE1, 0x12, 0xFF, 0x2F, 0xE1, 0x19, 0x00, 0x00, 0xEA, 0xB4, 0x00, 0xD0, 0xE1
	.byte 0x0C, 0x20, 0x99, 0xE5, 0xFF, 0x00, 0x00, 0xE2, 0x00, 0x08, 0xA0, 0xE1, 0xBC, 0x10, 0xD2, 0xE1
	.byte 0x20, 0x08, 0x81, 0xE0, 0xBC, 0x00, 0xC2, 0xE1, 0x03, 0x00, 0x00, 0xEA, 0xB4, 0x10, 0xD0, 0xE1
	.byte 0x0C, 0x00, 0x99, 0xE5, 0xFF, 0x10, 0x01, 0xE2, 0xBC, 0x10, 0xC0, 0xE1, 0xB4, 0x00, 0xD9, 0xE1
	.byte 0x02, 0x10, 0xA0, 0xE3, 0x01, 0x00, 0x80, 0xE2, 0xB4, 0x00, 0xC9, 0xE1, 0x0C, 0x00, 0x99, 0xE5
	.byte 0x04, 0x00, 0x00, 0xEA, 0xB4, 0x00, 0xD9, 0xE1, 0x03, 0x10, 0xA0, 0xE3, 0x01, 0x00, 0x80, 0xE2
	.byte 0xB4, 0x00, 0xC9, 0xE1, 0x08, 0x00, 0x99, 0xE5, 0x10, 0x20, 0x99, 0xE5, 0x0F, 0xE0, 0xA0, 0xE1
	.byte 0x12, 0xFF, 0x2F, 0xE1, 0x01, 0xA0, 0x5A, 0xE2, 0x9C, 0xFF, 0xFF, 0x5A, 0xF8, 0x4F, 0xBD, 0xE8
	.byte 0x1E, 0xFF, 0x2F, 0xE1, 0xF4, 0xFF, 0x80, 0x03, 0x32, 0x80, 0x80, 0x04, 0xF8, 0x4F, 0x2D, 0xE9
	.byte 0xE4, 0x52, 0x9F, 0xE5, 0xE4, 0xB2, 0x9F, 0xE5, 0x00, 0x40, 0x95, 0xE5, 0xDC, 0x00, 0x84, 0xE2
	.byte 0x01, 0x6B, 0x80, 0xE2, 0xB0, 0x70, 0xDB, 0xE1, 0xB4, 0x00, 0xD6, 0xE1, 0x00, 0x00, 0x57, 0xE1
	.byte 0xAF, 0x00, 0x00, 0x0A, 0xC8, 0x02, 0x9F, 0xE5, 0x00, 0x00, 0x57, 0xE1, 0x00, 0x00, 0x00, 0x3A
	.byte 0xA8, 0xC5, 0xDF, 0xEB, 0x87, 0x70, 0xA0, 0xE1, 0x01, 0x09, 0x87, 0xE2, 0x12, 0x85, 0x80, 0xE2
	.byte 0x02, 0x00, 0x88, 0xE2, 0x46, 0xFF, 0xFF, 0xEB, 0x12, 0x15, 0x87, 0xE2, 0x01, 0x19, 0x81, 0xE2
	.byte 0xB0, 0x20, 0xD1, 0xE1, 0x9C, 0x12, 0x9F, 0xE5, 0xB0, 0x70, 0xD0, 0xE1, 0x01, 0x00, 0x52, 0xE1
	.byte 0xB0, 0x70, 0xCB, 0x01, 0xEA, 0xFF, 0xFF, 0x0A, 0x08, 0x00, 0x88, 0xE2, 0x3C, 0xFF, 0xFF, 0xEB
	.byte 0xB0, 0x10, 0xD0, 0xE1, 0x08, 0x00, 0xA0, 0xE1, 0x03, 0x01, 0x00, 0xEB, 0x00, 0x90, 0xB0, 0xE1
	.byte 0xB0, 0x70, 0xCB, 0xE1, 0x08, 0x00, 0x00, 0x1A, 0xB0, 0x00, 0xD8, 0xE1, 0x0F, 0x00, 0x00, 0xE2
	.byte 0x0C, 0x00, 0x50, 0xE3, 0x01, 0x00, 0x00, 0x1A, 0x10, 0x00, 0xA0, 0xE3, 0x00, 0x00, 0x00, 0xEA
	.byte 0x08, 0x00, 0xA0, 0xE3, 0x2D, 0xC9, 0xDF, 0xEB, 0xD9, 0xFF, 0xFF, 0xEA, 0x00, 0x00, 0x95, 0xE5
	.byte 0x06, 0x0C, 0x80, 0xE2, 0xB4, 0x09, 0xD0, 0xE1, 0x08, 0x00, 0x10, 0xE3, 0x03, 0x00, 0x00, 0x0A
	.byte 0xB4, 0x01, 0xD9, 0xE1, 0x01, 0x09, 0x10, 0xE3, 0x00, 0x00, 0xA0, 0x13, 0xB2, 0x00, 0xC6, 0x11
	.byte 0xB8, 0x00, 0xD9, 0xE1, 0x01, 0xA0, 0xA0, 0xE3, 0x0A, 0x70, 0xA0, 0xE1, 0x02, 0x0C, 0x10, 0xE3
	.byte 0x10, 0x00, 0x00, 0x0A, 0xB4, 0x01, 0xD9, 0xE1, 0x80, 0x0A, 0xA0, 0xE1, 0xA0, 0x0F, 0xA0, 0xE1
	.byte 0x01, 0x00, 0x50, 0xE3, 0x03, 0x00, 0x00, 0x0A, 0xBA, 0x02, 0xD9, 0xE1, 0x00, 0x0E, 0xA0, 0xE1
	.byte 0x20, 0x0E, 0xB0, 0xE1, 0x5F, 0x00, 0x00, 0x0A, 0x62, 0x0F, 0x84, 0xE2, 0x7A, 0x1F, 0x84, 0xE2
	.byte 0x10, 0x20, 0x49, 0xE2, 0x00, 0x70, 0xA0, 0xE3, 0xE1, 0xF7, 0xFF, 0xEB, 0x02, 0x00, 0xA0, 0xE3
	.byte 0x09, 0x10, 0xA0, 0xE3, 0x29, 0x00, 0x00, 0xEA, 0x0F, 0x00, 0x00, 0xE2, 0x0F, 0x00, 0x50, 0xE3
	.byte 0x54, 0x00, 0x00, 0x8A, 0x80, 0x00, 0x8F, 0xE0, 0xB4, 0x00, 0xD0, 0xE1, 0x00, 0xF0, 0x8F, 0xE0
	.byte 0x64, 0x00, 0x4C, 0x00, 0x44, 0x01, 0x44, 0x01, 0x44, 0x01, 0x94, 0x00, 0x44, 0x01, 0x44, 0x01
	.byte 0x1C, 0x00, 0x44, 0x01, 0x44, 0x01, 0x44, 0x01, 0xCC, 0x00, 0x14, 0x01, 0xAC, 0x00, 0xAC, 0x00
	.byte 0xB4, 0x01, 0xD9, 0xE1, 0x0F, 0x00, 0x00, 0xE2, 0x08, 0x00, 0x50, 0xE3, 0x45, 0x00, 0x00, 0x1A
	.byte 0x62, 0x0F, 0x84, 0xE2, 0x71, 0x1F, 0x84, 0xE2, 0x10, 0x20, 0x49, 0xE2, 0x00, 0x70, 0xA0, 0xE3
	.byte 0xC7, 0xF7, 0xFF, 0xEB, 0x02, 0x00, 0xA0, 0xE3, 0x06, 0x10, 0xA0, 0xE3, 0xE4, 0xFF, 0xFF, 0xEA
	.byte 0xB4, 0x01, 0xD9, 0xE1, 0x80, 0x00, 0x50, 0xE3, 0x3A, 0x00, 0x00, 0x1A, 0x09, 0x00, 0xA0, 0xE1
	.byte 0xB3, 0xE6, 0xDF, 0xEB, 0x37, 0x00, 0x00, 0xEA, 0xB4, 0x01, 0xD9, 0xE1, 0x0F, 0x00, 0x10, 0xE3
	.byte 0x34, 0x00, 0x00, 0x1A, 0x62, 0x0F, 0x84, 0xE2, 0x77, 0x1F, 0x84, 0xE2, 0x10, 0x20, 0x49, 0xE2
	.byte 0x00, 0x70, 0xA0, 0xE3, 0xB6, 0xF7, 0xFF, 0xEB, 0x0A, 0x00, 0xA0, 0xE1, 0x07, 0x10, 0xA0, 0xE3
	.byte 0xB8, 0xF6, 0xFF, 0xEB, 0x2B, 0x00, 0x00, 0xEA, 0xB4, 0x11, 0xD9, 0xE1, 0x3A, 0x0B, 0x6A, 0xE2
	.byte 0x00, 0x00, 0x01, 0xE0, 0xA4, 0x00, 0x50, 0xE3, 0x26, 0x00, 0x00, 0x1A, 0xF0, 0xFF, 0xFF, 0xEA
	.byte 0xB4, 0x11, 0xD9, 0xE1, 0x00, 0x01, 0x9F, 0xE5, 0x00, 0x00, 0x01, 0xE0, 0x46, 0x0F, 0x50, 0xE3
	.byte 0x20, 0x00, 0x00, 0x1A, 0x09, 0x00, 0xA0, 0xE1, 0xF9, 0xE5, 0xDF, 0xEB, 0x1D, 0x00, 0x00, 0xEA
	.byte 0xB4, 0x11, 0xD9, 0xE1, 0x3A, 0x0B, 0x6A, 0xE2, 0x00, 0x00, 0x01, 0xE0, 0x8A, 0x0F, 0x50, 0xE3
	.byte 0x18, 0x00, 0x00, 0x1A, 0x00, 0x00, 0x95, 0xE5, 0x03, 0x0C, 0x80, 0xE2, 0xB4, 0x05, 0xD0, 0xE1
	.byte 0x00, 0x00, 0x50, 0xE3, 0xC4, 0x00, 0x9F, 0x05, 0xB0, 0xA0, 0xC0, 0x01, 0x00, 0x20, 0x95, 0xE5
	.byte 0x09, 0x00, 0xA0, 0xE1, 0xB0, 0x15, 0x92, 0xE5, 0x01, 0x10, 0x81, 0xE2, 0xB0, 0x15, 0x82, 0xE5
	.byte 0x83, 0xE5, 0xDF, 0xEB, 0x0A, 0x00, 0x00, 0xEA, 0xB4, 0x11, 0xD9, 0xE1, 0x3A, 0x0B, 0x6A, 0xE2
	.byte 0x00, 0x00, 0x01, 0xE0, 0x86, 0x0F, 0x50, 0xE3, 0x06, 0x00, 0x00, 0x1A, 0x00, 0x20, 0x95, 0xE5
	.byte 0x09, 0x00, 0xA0, 0xE1, 0xB4, 0x15, 0x92, 0xE5, 0x01, 0x10, 0x81, 0xE2, 0xB4, 0x15, 0x82, 0xE5
	.byte 0x46, 0xE6, 0xDF, 0xEB, 0x00, 0x70, 0xA0, 0xE1, 0x00, 0x00, 0x57, 0xE3, 0x02, 0x00, 0x00, 0x0A
	.byte 0x62, 0x0F, 0x84, 0xE2, 0x10, 0x10, 0x49, 0xE2, 0x61, 0xF7, 0xFF, 0xEB, 0x00, 0x00, 0x95, 0xE5
	.byte 0x06, 0x0C, 0x80, 0xE2, 0xB4, 0x09, 0xD0, 0xE1, 0x01, 0x00, 0x10, 0xE3, 0x58, 0xFF, 0xFF, 0x0A
	.byte 0x40, 0x20, 0x9F, 0xE5, 0x48, 0x10, 0x9F, 0xE5, 0x00, 0x30, 0xA0, 0xE3, 0x01, 0x00, 0x58, 0xE1
	.byte 0x00, 0x00, 0x95, 0x25, 0x01, 0x30, 0x83, 0xE2, 0x03, 0x0C, 0x80, 0x22, 0xBE, 0x0D, 0xD0, 0x21
	.byte 0x00, 0x80, 0x48, 0x20, 0x07, 0x00, 0x53, 0xE3, 0xB2, 0x20, 0xC8, 0xE0, 0xF6, 0xFF, 0xFF, 0x3A
	.byte 0x4B, 0xFF, 0xFF, 0xEA, 0xF8, 0x4F, 0xBD, 0xE8, 0x1E, 0xFF, 0x2F, 0xE1, 0xF4, 0xFF, 0x80, 0x03
	.byte 0x5A, 0x80, 0x80, 0x04, 0xC6, 0x08, 0x00, 0x00, 0xFF, 0xFF, 0x00, 0x00, 0xBF, 0xE7, 0x00, 0x00
	.byte 0x3C, 0x80, 0x80, 0x04, 0x60, 0x5F, 0x80, 0x04, 0x38, 0x40, 0x2D, 0xE9, 0xB8, 0x40, 0x9F, 0xE5
	.byte 0x00, 0x00, 0x94, 0xE5, 0x2C, 0x00, 0x80, 0xE2, 0x01, 0x5B, 0x80, 0xE2, 0xBC, 0x03, 0xD5, 0xE1
	.byte 0x00, 0x00, 0x50, 0xE3, 0x26, 0x00, 0x00, 0x0A, 0x90, 0x10, 0x95, 0xE5, 0x44, 0x00, 0x95, 0xE5
	.byte 0xB0, 0x11, 0xD1, 0xE1, 0xB2, 0x00, 0xD0, 0xE1, 0x00, 0x00, 0x51, 0xE1, 0x00, 0x00, 0x00, 0x0A
	.byte 0x2D, 0xFF, 0xFF, 0xEB, 0x44, 0x00, 0x95, 0xE5, 0x00, 0x10, 0x94, 0xE5, 0xB4, 0x00, 0xD0, 0xE1
	.byte 0xFF, 0x20, 0x10, 0xE2, 0xA4, 0x05, 0x91, 0xE5, 0x02, 0x00, 0x80, 0x10, 0x01, 0x00, 0x80, 0x02
	.byte 0xA4, 0x05, 0x81, 0xE5, 0xB0, 0x14, 0xD5, 0xE1, 0x00, 0x00, 0xA0, 0xE3, 0x01, 0x10, 0x81, 0xE2
	.byte 0xB0, 0x14, 0xC5, 0xE1, 0x90, 0x30, 0x95, 0xE5, 0x44, 0x10, 0x95, 0xE5, 0xB0, 0x21, 0xD3, 0xE1
	.byte 0xB2, 0x10, 0xD1, 0xE1, 0x01, 0x10, 0x22, 0xE0, 0xB2, 0x11, 0xC3, 0xE1, 0x90, 0x10, 0x95, 0xE5
	.byte 0xB0, 0x11, 0xD1, 0xE1, 0xB0, 0x1A, 0xC5, 0xE1, 0xBC, 0x03, 0xC5, 0xE1, 0x00, 0x00, 0x94, 0xE5
	.byte 0x03, 0x0C, 0x80, 0xE2, 0xBA, 0x0E, 0xD0, 0xE1, 0x00, 0x00, 0x50, 0xE3, 0x00, 0x00, 0x00, 0x0A
	.byte 0x04, 0xC4, 0xDF, 0xEB, 0x00, 0x00, 0x94, 0xE5, 0x90, 0x10, 0x95, 0xE5, 0x62, 0x0F, 0x80, 0xE2
	.byte 0x27, 0xF8, 0xFF, 0xEB, 0x38, 0x40, 0xBD, 0xE8, 0x1E, 0xFF, 0x2F, 0xE1, 0xF4, 0xFF, 0x80, 0x03
	.byte 0x10, 0x40, 0x2D, 0xE9, 0xA4, 0x00, 0x9F, 0xE5, 0xA4, 0x20, 0x9F, 0xE5, 0x00, 0x10, 0x90, 0xE5
	.byte 0xB0, 0x00, 0xD2, 0xE1, 0x5F, 0x4F, 0x81, 0xE2, 0x00, 0x00, 0x50, 0xE3, 0x06, 0x00, 0x00, 0x1A
	.byte 0xB8, 0x03, 0xD4, 0xE1, 0x00, 0x00, 0x50, 0xE3, 0x03, 0x00, 0x00, 0x0A, 0x08, 0x10, 0xA0, 0xE3
	.byte 0x02, 0x00, 0xA0, 0xE3, 0xB6, 0x12, 0xC2, 0xE1, 0x19, 0x00, 0x00, 0xEA, 0x05, 0x0C, 0x81, 0xE2
	.byte 0xB6, 0x13, 0xD0, 0xE1, 0xB2, 0x23, 0xD0, 0xE1, 0x01, 0x00, 0xE0, 0xE1, 0x00, 0x00, 0x12, 0xE1
	.byte 0x07, 0x00, 0x00, 0x1A, 0x5C, 0x00, 0x9F, 0xE5, 0x08, 0x10, 0xA0, 0xE3, 0xB0, 0x10, 0xC0, 0xE1
	.byte 0xB8, 0x03, 0xD4, 0xE1, 0x00, 0x00, 0x50, 0xE3, 0x01, 0x00, 0x00, 0x0A, 0x02, 0x00, 0xA0, 0xE3
	.byte 0xCB, 0xDB, 0xDF, 0xEB, 0x3C, 0x00, 0x9F, 0xE5, 0x05, 0x10, 0xA0, 0xE3, 0xB0, 0x10, 0xC0, 0xE1
	.byte 0xBC, 0x02, 0xD4, 0xE1, 0x00, 0x00, 0x50, 0xE3, 0x01, 0x00, 0x00, 0x0A, 0x01, 0x00, 0xA0, 0xE3
	.byte 0xC3, 0xDB, 0xDF, 0xEB, 0xB0, 0x02, 0xD4, 0xE1, 0x00, 0x00, 0x50, 0xE3, 0x01, 0x00, 0x00, 0x0A
	.byte 0x00, 0x00, 0xA0, 0xE3, 0xBE, 0xDB, 0xDF, 0xEB, 0x10, 0x40, 0xBD, 0xE8, 0x1E, 0xFF, 0x2F, 0xE1
	.byte 0xF4, 0xFF, 0x80, 0x03, 0x88, 0x80, 0x80, 0x04, 0xAE, 0x80, 0x80, 0x04, 0x70, 0x40, 0x2D, 0xE9
	.byte 0x60, 0x20, 0x9F, 0xE5, 0x01, 0x50, 0xA0, 0xE1, 0x00, 0x10, 0x92, 0xE5, 0x00, 0x60, 0xA0, 0xE1
	.byte 0x62, 0x0F, 0x81, 0xE2, 0x22, 0x10, 0x85, 0xE2, 0xB7, 0xF6, 0xFF, 0xEB, 0x00, 0x40, 0xB0, 0xE1
	.byte 0x00, 0x00, 0xA0, 0x03, 0x0D, 0x00, 0x00, 0x0A, 0x06, 0x10, 0xA0, 0xE1, 0x18, 0x00, 0x84, 0xE2
	.byte 0x0C, 0x20, 0x85, 0xE2, 0x09, 0xC7, 0xDF, 0xEB, 0x18, 0x00, 0x45, 0xE2, 0xB6, 0x01, 0xC4, 0xE1
	.byte 0xB2, 0x02, 0xD4, 0xE1, 0xBE, 0x11, 0xD4, 0xE1, 0xFF, 0x00, 0x00, 0xE2, 0xFF, 0x10, 0x01, 0xE2
	.byte 0x00, 0x08, 0xA0, 0xE1, 0x20, 0x04, 0x81, 0xE1, 0xBE, 0x01, 0xC4, 0xE1, 0x10, 0x00, 0x84, 0xE2
	.byte 0x70, 0x40, 0xBD, 0xE8, 0x1E, 0xFF, 0x2F, 0xE1, 0xF4, 0xFF, 0x80, 0x03, 0xF8, 0x4F, 0x2D, 0xE9
	.byte 0x70, 0x02, 0x9F, 0xE5, 0xB0, 0x20, 0xA0, 0xE3, 0x00, 0x60, 0x90, 0xE5, 0x00, 0x00, 0xA0, 0xE3
	.byte 0x2C, 0x10, 0x86, 0xE2, 0x01, 0x7B, 0x81, 0xE2, 0x07, 0x10, 0xA0, 0xE1, 0xD1, 0x8F, 0x86, 0xE2
	.byte 0xC7, 0x9F, 0x86, 0xE2, 0x50, 0xA2, 0x9F, 0xE5, 0x50, 0x52, 0x9F, 0xE5, 0x50, 0xB2, 0x9F, 0xE5
	.byte 0x50, 0x42, 0x9F, 0xE5, 0x69, 0x11, 0x00, 0xEB, 0x01, 0x1B, 0x86, 0xE2, 0x00, 0x00, 0xA0, 0xE3
	.byte 0xBC, 0x02, 0xC1, 0xE1, 0x0C, 0x00, 0x87, 0xE5, 0xB4, 0x01, 0xC7, 0xE1, 0x20, 0x00, 0x87, 0xE5
	.byte 0xB8, 0x02, 0xC7, 0xE1, 0x30, 0x12, 0x9F, 0xE5, 0x34, 0x00, 0x87, 0xE5, 0xB2, 0x1A, 0xC7, 0xE1
	.byte 0xB4, 0x1A, 0xC7, 0xE1, 0xBC, 0x00, 0xD8, 0xE1, 0x03, 0x00, 0x50, 0xE3, 0x7A, 0x00, 0x00, 0x8A
	.byte 0x80, 0x00, 0x8F, 0xE0, 0xB4, 0x00, 0xD0, 0xE1, 0x00, 0xF0, 0x8F, 0xE0, 0x04, 0x00, 0x68, 0x00
	.byte 0xF4, 0x00, 0x74, 0x01, 0x04, 0x22, 0x9F, 0xE5, 0x04, 0x12, 0x9F, 0xE5, 0x08, 0x20, 0x87, 0xE5
	.byte 0x52, 0x0F, 0x42, 0xE2, 0x1C, 0x00, 0x87, 0xE5, 0x17, 0x0E, 0x42, 0xE2, 0x30, 0x00, 0x87, 0xE5
	.byte 0x10, 0xA0, 0x87, 0xE5, 0xEC, 0x01, 0x9F, 0xE5, 0x24, 0xB0, 0x87, 0xE5, 0x38, 0x00, 0x87, 0xE5
	.byte 0x53, 0x0F, 0x42, 0xE2, 0xB0, 0x50, 0xC0, 0xE1, 0xB0, 0x40, 0xC1, 0xE1, 0x52, 0x0F, 0x81, 0xE2
	.byte 0xB4, 0x50, 0x42, 0xE1, 0xB0, 0x40, 0xC0, 0xE1, 0x62, 0x1E, 0x82, 0xE2, 0xB0, 0x50, 0xC1, 0xE1
	.byte 0xC4, 0x01, 0x9F, 0xE5, 0x01, 0x10, 0xA0, 0xE3, 0xB0, 0x40, 0xC0, 0xE1, 0x08, 0x00, 0xA0, 0xE3
	.byte 0xBA, 0x08, 0xC8, 0xE1, 0x5A, 0x00, 0x00, 0xEA, 0xB0, 0x21, 0x9F, 0xE5, 0xB0, 0x11, 0x9F, 0xE5
	.byte 0x08, 0x20, 0x87, 0xE5, 0x52, 0x0F, 0x42, 0xE2, 0x1C, 0x00, 0x87, 0xE5, 0x30, 0x10, 0x87, 0xE5
	.byte 0x10, 0xA0, 0x87, 0xE5, 0x9C, 0x01, 0x9F, 0xE5, 0x24, 0xB0, 0x87, 0xE5, 0x38, 0x00, 0x87, 0xE5
	.byte 0xFC, 0x00, 0x41, 0xE2, 0x80, 0x00, 0x87, 0xE5, 0xCD, 0x6F, 0x41, 0xE2, 0x44, 0x60, 0x87, 0xE5
	.byte 0x01, 0x6C, 0x41, 0xE2, 0xB0, 0x50, 0xC6, 0xE1, 0xBE, 0x4F, 0x41, 0xE1, 0xB4, 0x50, 0x41, 0xE1
	.byte 0xB2, 0x40, 0x41, 0xE1, 0x62, 0x1E, 0x81, 0xE2, 0x6C, 0x31, 0x9F, 0xE5, 0xB0, 0x50, 0xC1, 0xE1
	.byte 0xB0, 0x40, 0xC3, 0xE1, 0xB4, 0x50, 0x42, 0xE1, 0x52, 0x1F, 0x83, 0xE2, 0xB0, 0x40, 0xC1, 0xE1
	.byte 0x62, 0x2E, 0x82, 0xE2, 0x54, 0x11, 0x9F, 0xE5, 0xB0, 0x50, 0xC2, 0xE1, 0xB0, 0x40, 0xC1, 0xE1
	.byte 0x82, 0x1F, 0xA0, 0xE3, 0xBA, 0x18, 0xC8, 0xE1, 0x80, 0x00, 0x87, 0xE5, 0xE9, 0xDF, 0xDF, 0xEB
	.byte 0x39, 0x00, 0x00, 0xEA, 0x38, 0x01, 0x9F, 0xE5, 0x38, 0x31, 0x9F, 0xE5, 0x08, 0x00, 0x87, 0xE5
	.byte 0x52, 0x1F, 0x40, 0xE2, 0x1C, 0x10, 0x87, 0xE5, 0x17, 0x1E, 0x40, 0xE2, 0x30, 0x10, 0x87, 0xE5
	.byte 0x10, 0xA0, 0x87, 0xE5, 0xFC, 0x10, 0x9F, 0xE5, 0x24, 0xB0, 0x87, 0xE5, 0x38, 0x10, 0x87, 0xE5
	.byte 0x58, 0x30, 0x87, 0xE5, 0x8D, 0x1F, 0x83, 0xE2, 0x6C, 0x10, 0x87, 0xE5, 0x23, 0x1E, 0x83, 0xE2
	.byte 0xB0, 0x50, 0xC1, 0xE1, 0x00, 0x21, 0x9F, 0xE5, 0x5D, 0x1F, 0x40, 0xE2, 0xB0, 0x40, 0xC2, 0xE1
	.byte 0xB0, 0x50, 0xC1, 0xE1, 0x8D, 0x1F, 0x82, 0xE2, 0xB0, 0x40, 0xC1, 0xE1, 0x53, 0x1F, 0x40, 0xE2
	.byte 0xB0, 0x50, 0xC1, 0xE1, 0x97, 0x1F, 0x82, 0xE2, 0xB0, 0x40, 0xC1, 0xE1, 0xB4, 0x50, 0x40, 0xE1
	.byte 0xE9, 0x1F, 0x82, 0xE2, 0xB0, 0x40, 0xC1, 0xE1, 0x62, 0x1E, 0x80, 0xE2, 0xCC, 0x00, 0x9F, 0xE5
	.byte 0x12, 0x00, 0x00, 0xEA, 0x94, 0x20, 0x9F, 0xE5, 0x94, 0x10, 0x9F, 0xE5, 0x08, 0x20, 0x87, 0xE5
	.byte 0x52, 0x0F, 0x42, 0xE2, 0x1C, 0x00, 0x87, 0xE5, 0x17, 0x0E, 0x42, 0xE2, 0x30, 0x00, 0x87, 0xE5
	.byte 0x10, 0xA0, 0x87, 0xE5, 0x7C, 0x00, 0x9F, 0xE5, 0x24, 0xB0, 0x87, 0xE5, 0x38, 0x00, 0x87, 0xE5
	.byte 0x53, 0x0F, 0x42, 0xE2, 0xB0, 0x50, 0xC0, 0xE1, 0xB0, 0x40, 0xC1, 0xE1, 0x52, 0x0F, 0x81, 0xE2
	.byte 0xB4, 0x50, 0x42, 0xE1, 0xB0, 0x40, 0xC0, 0xE1, 0x5C, 0x00, 0x9F, 0xE5, 0x62, 0x1E, 0x82, 0xE2
	.byte 0xB0, 0x50, 0xC1, 0xE1, 0xB0, 0x40, 0xC0, 0xE1, 0x42, 0x0F, 0xA0, 0xE3, 0xBA, 0x08, 0xC8, 0xE1
	.byte 0x0D, 0x10, 0xA0, 0xE3, 0x68, 0x00, 0x9F, 0xE5, 0xB0, 0x10, 0xC0, 0xE1, 0xB8, 0x01, 0xD9, 0xE1
	.byte 0x00, 0x00, 0x50, 0xE3, 0xBA, 0x08, 0xD8, 0x11, 0x01, 0x09, 0x80, 0x13, 0xBA, 0x08, 0xC8, 0x11
	.byte 0xF8, 0x4F, 0xBD, 0xE8, 0x1E, 0xFF, 0x2F, 0xE1, 0xF4, 0xFF, 0x80, 0x03, 0x28, 0x22, 0xFF, 0x02
	.byte 0xB8, 0xB6, 0x00, 0x00, 0x88, 0x23, 0xFF, 0x02, 0x46, 0x1D, 0x00, 0x00, 0xFF, 0xFF, 0x00, 0x00
	.byte 0x70, 0x41, 0x80, 0x04, 0x26, 0x40, 0x80, 0x04, 0x28, 0x28, 0xFF, 0x02, 0x92, 0x47, 0x80, 0x04
	.byte 0xA0, 0x4A, 0x80, 0x04, 0x34, 0x43, 0x80, 0x04, 0x8C, 0x28, 0xFF, 0x02, 0x56, 0x49, 0x80, 0x04
	.byte 0xC2, 0x50, 0x80, 0x04, 0xD8, 0x45, 0x80, 0x04, 0x00, 0x40, 0x80, 0x04, 0x32, 0x42, 0x80, 0x04
	.byte 0xFA, 0x4B, 0x80, 0x04, 0xAE, 0x80, 0x80, 0x04, 0xF0, 0x41, 0x2D, 0xE9, 0xE8, 0x50, 0x9F, 0xE5
	.byte 0x54, 0x40, 0xA0, 0xE3, 0x00, 0x30, 0x95, 0xE5, 0x04, 0x20, 0xA0, 0xE1, 0xDC, 0x00, 0x83, 0xE2
	.byte 0x01, 0x7B, 0x80, 0xE2, 0x07, 0x10, 0xA0, 0xE1, 0x00, 0x00, 0xA0, 0xE3, 0xD1, 0x6F, 0x83, 0xE2
	.byte 0xBA, 0x10, 0x00, 0xEB, 0xC4, 0x00, 0x9F, 0xE5, 0x02, 0x19, 0xA0, 0xE3, 0xB0, 0x10, 0xC0, 0xE1
	.byte 0x00, 0x00, 0x95, 0xE5, 0x03, 0x0C, 0x80, 0xE2, 0xB0, 0x05, 0xD0, 0xE1, 0x03, 0x00, 0x50, 0xE3
	.byte 0x0A, 0x00, 0x00, 0x8A, 0x80, 0x00, 0x8F, 0xE0, 0xB4, 0x00, 0xD0, 0xE1, 0x00, 0xF0, 0x8F, 0xE0
	.byte 0x04, 0x00, 0x08, 0x00, 0x10, 0x00, 0x18, 0x00, 0x03, 0x00, 0x00, 0xEA, 0x90, 0x80, 0x9F, 0xE5
	.byte 0x02, 0x00, 0x00, 0xEA, 0xC5, 0x8E, 0x64, 0xE2, 0x00, 0x00, 0x00, 0xEA, 0x1D, 0x8D, 0x84, 0xE2
	.byte 0x80, 0x30, 0x9F, 0xE5, 0x01, 0x09, 0x88, 0xE2, 0x7C, 0x10, 0x9F, 0xE5, 0x12, 0x25, 0x80, 0xE2
	.byte 0x88, 0x07, 0xA0, 0xE1, 0xB0, 0x20, 0xC3, 0xE1, 0x20, 0x08, 0xA0, 0xE1, 0xB6, 0x00, 0xC3, 0xE1
	.byte 0xB2, 0x10, 0xC3, 0xE1, 0xBA, 0x00, 0xC3, 0xE1, 0x60, 0x20, 0x9F, 0xE5, 0xB4, 0x00, 0xC7, 0xE1
	.byte 0x01, 0x09, 0x41, 0xE2, 0xB0, 0x20, 0xC7, 0xE1, 0x08, 0x00, 0x40, 0xE0, 0xBA, 0x09, 0xC6, 0xE1
	.byte 0x02, 0x00, 0x41, 0xE2, 0xB2, 0x01, 0xC3, 0xE1, 0x06, 0x09, 0x62, 0xE2, 0xB0, 0x02, 0x43, 0xE1
	.byte 0x7F, 0x0F, 0x83, 0xE2, 0x38, 0x10, 0x9F, 0xE5, 0xB0, 0x20, 0xC0, 0xE1, 0x34, 0x00, 0x9F, 0xE5
	.byte 0xB0, 0x20, 0xC1, 0xE1, 0xB0, 0x20, 0xC0, 0xE1, 0xB2, 0x20, 0xC0, 0xE1, 0xBE, 0x20, 0xC0, 0xE1
	.byte 0xB6, 0x20, 0xC0, 0xE1, 0xF0, 0x41, 0xBD, 0xE8, 0x1E, 0xFF, 0x2F, 0xE1, 0xF4, 0xFF, 0x80, 0x03
	.byte 0x30, 0x80, 0x80, 0x04, 0xC4, 0x10, 0x00, 0x00, 0x50, 0x80, 0x80, 0x04, 0x60, 0x5F, 0x00, 0x00
	.byte 0xFF, 0xFF, 0x00, 0x00, 0x4E, 0x82, 0x80, 0x04, 0x70, 0x5F, 0x80, 0x04, 0x20, 0x10, 0x9F, 0xE5
	.byte 0xFA, 0x2E, 0xA0, 0xE3, 0x03, 0x00, 0x00, 0xEA, 0xB0, 0x00, 0xD1, 0xE1, 0x80, 0x00, 0x10, 0xE3
	.byte 0x1E, 0xFF, 0x2F, 0x11, 0x01, 0x20, 0x42, 0xE2, 0x00, 0x00, 0x52, 0xE3, 0xF9, 0xFF, 0xFF, 0x1A
	.byte 0x1E, 0xFF, 0x2F, 0xE1, 0x9C, 0x81, 0x80, 0x04

	arm_func_start FUN_037FB3B8
FUN_037FB3B8: ; 0x037FB3B8
	stmdb sp!, {r2, r3, r4, lr}
	ldr r2, _037FB424 ; =0x000082EA
	mov ip, #1
	umull r3, r2, r0, r2
	mov r0, r3, lsr #6
	mov r4, r1
	mov r1, r2, lsr #6
	orr r0, r0, r2, lsl #26
	mov r3, #0
	mov r2, #0x3e8
	str ip, [sp, #4]
	bl FUN_037FB890
	add r3, sp, #4
	str r3, [sp]
	ldr r2, _037FB428 ; =0x0380FFF4
	mov r3, r4
	ldr r2, [r2]
	add ip, r2, #0x238
	mov r2, r1
	mov r1, r0
	add r0, ip, #0x400
	bl FUN_037FE774
_037FB410:
	ldr r0, [sp, #4]
	cmp r0, #0
	bne _037FB410
	ldmia sp!, {r2, r3, r4, lr}
	bx lr
	.balign 4, 0
_037FB424: .word 0x000082EA
_037FB428: .word 0x0380FFF4
	arm_func_end FUN_037FB3B8
_037FB42C:
	.byte 0x38, 0x40, 0x2D, 0xE9
	.byte 0x58, 0x10, 0x9F, 0xE5, 0x58, 0xE0, 0x9F, 0xE5, 0x01, 0x50, 0xA0, 0xE3, 0x7B, 0x2F, 0x81, 0xE2
	.byte 0x5D, 0x3F, 0x81, 0xE2, 0x00, 0xC0, 0xA0, 0xE3, 0x0C, 0x00, 0x00, 0xEA, 0xB0, 0x40, 0xDE, 0xE1
	.byte 0xB0, 0xC0, 0xCE, 0xE1, 0xB0, 0x00, 0xD3, 0xE1, 0x03, 0x00, 0x00, 0xE2, 0x03, 0x00, 0x50, 0xE3
	.byte 0xB0, 0x00, 0xD2, 0x11, 0x05, 0x00, 0x50, 0x13, 0x07, 0x00, 0x50, 0x13, 0x08, 0x00, 0x50, 0x13
	.byte 0xB0, 0xC0, 0xC1, 0x11, 0xB0, 0x00, 0xDE, 0xE1, 0x0C, 0x50, 0xA0, 0x11, 0xB0, 0x40, 0xCE, 0xE1
	.byte 0x00, 0x00, 0x55, 0xE3, 0xF0, 0xFF, 0xFF, 0x1A, 0x38, 0x40, 0xBD, 0xE8, 0x1E, 0xFF, 0x2F, 0xE1
	.byte 0x28, 0x80, 0x80, 0x04, 0x08, 0x02, 0x00, 0x04

	arm_func_start FUN_037FB498
FUN_037FB498: ; 0x037FB498
	ldr r1, _037FB4C8 ; =0x0480815E
	mov r2, #0
	b _037FB4B8
_037FB4A4:
	ldrh r0, [r1]
	tst r0, #1
	moveq r0, #0
	bxeq lr
	add r2, r2, #1
_037FB4B8:
	cmp r2, #0x2800
	blo _037FB4A4
	mov r0, #1
	bx lr
	.balign 4, 0
_037FB4C8: .word 0x0480815E
	arm_func_end FUN_037FB498
_037FB4CC:
	.byte 0x28, 0x10, 0x9F, 0xE5
	.byte 0x00, 0x20, 0xA0, 0xE3, 0x04, 0x00, 0x00, 0xEA, 0xB0, 0x00, 0xD1, 0xE1, 0x01, 0x00, 0x10, 0xE3
	.byte 0x00, 0x00, 0xA0, 0x03, 0x1E, 0xFF, 0x2F, 0x01, 0x01, 0x20, 0x82, 0xE2, 0x0A, 0x0B, 0x52, 0xE3
	.byte 0xF8, 0xFF, 0xFF, 0x3A, 0x01, 0x00, 0xA0, 0xE3, 0x1E, 0xFF, 0x2F, 0xE1, 0x80, 0x81, 0x80, 0x04
	.byte 0x00, 0xDF, 0x70, 0x47

	thumb_func_start FUN_037FB504
FUN_037FB504: ; 0x037FB504
	swi 3
	bx lr
	thumb_func_end FUN_037FB504
_037FB508:
	.byte 0x02, 0x4A, 0x94, 0x46, 0x00, 0x22, 0x04, 0xDF
	.byte 0x70, 0x47, 0x00, 0x00, 0x00, 0x00, 0x00, 0x04, 0x00, 0x22, 0x05, 0xDF, 0x70, 0x47

	non_word_aligned_thumb_func_start FUN_037FB51E
FUN_037FB51E: ; 0x037FB51E
	swi 6
	bx lr
	thumb_func_end FUN_037FB51E
_037FB522:
	.byte 0x07, 0xDF, 0x70, 0x47, 0x08, 0xDF, 0x70, 0x47, 0x01, 0x1C, 0x01, 0x20, 0x08, 0xDF
	.byte 0x70, 0x47, 0x01, 0x1C, 0x00, 0x20, 0x08, 0xDF, 0x70, 0x47, 0x09, 0xDF, 0x70, 0x47, 0x09, 0xDF
	.byte 0x08, 0x1C, 0x70, 0x47

	thumb_func_start FUN_037FB544
FUN_037FB544: ; 0x037FB544
	swi 0xb
	bx lr
	thumb_func_end FUN_037FB544
_037FB548:
	.byte 0x0C, 0xDF, 0x70, 0x47, 0x0D, 0xDF, 0x70, 0x47

	thumb_func_start FUN_037FB550
FUN_037FB550: ; 0x037FB550
	swi 0xe
	bx lr
	thumb_func_end FUN_037FB550
_037FB554:
	.byte 0x0F, 0xDF, 0x70, 0x47, 0x10, 0xDF, 0x70, 0x47, 0x11, 0xDF, 0x70, 0x47
	.byte 0x12, 0xDF, 0x70, 0x47, 0x13, 0xDF, 0x70, 0x47, 0x14, 0xDF, 0x70, 0x47, 0x15, 0xDF, 0x70, 0x47
	.byte 0x1A, 0xDF, 0x70, 0x47, 0x06, 0x4B, 0x1A, 0x78, 0x91, 0x07, 0x03, 0xD3, 0xD1, 0x06, 0x01, 0xD2
	.byte 0x04, 0x49, 0x40, 0x1A, 0x1B, 0xDF, 0x00, 0x04, 0x00, 0x0C, 0x70, 0x47, 0x1C, 0xDF, 0x70, 0x47
	.byte 0xC8, 0xFF, 0xFF, 0x03, 0x6A, 0x04, 0x00, 0x00, 0xF8, 0x4F, 0x2D, 0xE9, 0x08, 0xD0, 0x4D, 0xE2
	.byte 0x01, 0x90, 0xA0, 0xE1, 0x02, 0x00, 0x59, 0xE3, 0x00, 0xA0, 0xA0, 0xE1, 0x02, 0x80, 0xA0, 0xE1
	.byte 0x03, 0x70, 0xA0, 0xE1, 0x08, 0xD0, 0x8D, 0x32, 0xF8, 0x8F, 0xBD, 0x38, 0xA9, 0x00, 0xA0, 0xE1
	.byte 0x01, 0xB0, 0x80, 0xE2, 0x01, 0x00, 0x4B, 0xE2, 0x98, 0xA0, 0x20, 0xE0, 0x01, 0x10, 0x49, 0xE2
	.byte 0x04, 0x00, 0x8D, 0xE5, 0x98, 0xA1, 0x20, 0xE0, 0x00, 0x00, 0x8D, 0xE5, 0x01, 0x00, 0x5B, 0xE3
	.byte 0x04, 0x00, 0x9D, 0x85, 0x01, 0xB0, 0x4B, 0x82, 0x08, 0x00, 0x40, 0x80, 0x04, 0x00, 0x8D, 0x85
	.byte 0x11, 0x00, 0x00, 0x8A, 0x08, 0x20, 0xA0, 0xE1, 0x00, 0x40, 0x9D, 0xE5, 0x04, 0x30, 0x9D, 0xE5
	.byte 0x00, 0x00, 0x58, 0xE3, 0x05, 0x00, 0x00, 0x0A, 0x00, 0x00, 0xD4, 0xE5, 0x00, 0x10, 0xD3, 0xE5
	.byte 0x01, 0x20, 0x52, 0xE2, 0x01, 0x00, 0xC3, 0xE4, 0x01, 0x10, 0xC4, 0xE4, 0xF9, 0xFF, 0xFF, 0x1A
	.byte 0x01, 0x90, 0x49, 0xE2, 0x01, 0x00, 0x59, 0xE3, 0x08, 0xD0, 0x8D, 0x02, 0xF8, 0x8F, 0xBD, 0x08
	.byte 0x00, 0x00, 0x9D, 0xE5, 0x08, 0x00, 0x40, 0xE0, 0x00, 0x00, 0x8D, 0xE5, 0x01, 0x00, 0x4B, 0xE2
	.byte 0x98, 0xA0, 0x25, 0xE0, 0x0B, 0x40, 0xA0, 0xE1, 0x8B, 0x00, 0x59, 0xE1, 0xE2, 0xFF, 0xFF, 0x3A
	.byte 0x84, 0x40, 0xA0, 0xE1, 0x01, 0x00, 0x44, 0xE2, 0x05, 0x60, 0xA0, 0xE1, 0x98, 0xA0, 0x25, 0xE0
	.byte 0x04, 0x00, 0x59, 0xE1, 0x05, 0x00, 0x00, 0x9A, 0x05, 0x00, 0xA0, 0xE1, 0x08, 0x10, 0x85, 0xE0
	.byte 0x37, 0xFF, 0x2F, 0xE1, 0x00, 0x00, 0x50, 0xE3, 0x01, 0x40, 0x84, 0xB2, 0x08, 0x50, 0x85, 0xB0
	.byte 0x06, 0x00, 0xA0, 0xE1, 0x05, 0x10, 0xA0, 0xE1, 0x37, 0xFF, 0x2F, 0xE1, 0x00, 0x00, 0x50, 0xE3
	.byte 0xD1, 0xFF, 0xFF, 0xAA, 0x08, 0x20, 0xA0, 0xE1, 0x05, 0x30, 0xA0, 0xE1, 0x00, 0x00, 0x58, 0xE3
	.byte 0x05, 0x00, 0x00, 0x0A, 0x00, 0x00, 0xD3, 0xE5, 0x00, 0x10, 0xD6, 0xE5, 0x01, 0x20, 0x52, 0xE2
	.byte 0x01, 0x00, 0xC6, 0xE4, 0x01, 0x10, 0xC3, 0xE4, 0xF9, 0xFF, 0xFF, 0x1A, 0x84, 0x00, 0x59, 0xE1
	.byte 0xE2, 0xFF, 0xFF, 0x2A, 0xC4, 0xFF, 0xFF, 0xEA, 0x08, 0xD0, 0x8D, 0xE2, 0xF8, 0x8F, 0xBD, 0xE8
	.byte 0xF0, 0x58, 0x2D, 0xE9, 0x01, 0x40, 0xA0, 0xE1, 0x01, 0x40, 0x84, 0xE3, 0x03, 0x00, 0x00, 0xEA
	.byte 0xF0, 0x58, 0x2D, 0xE9, 0x03, 0x40, 0x21, 0xE0, 0xC4, 0x40, 0xA0, 0xE1, 0x84, 0x40, 0xA0, 0xE1
	.byte 0x02, 0x50, 0x93, 0xE1, 0x01, 0x00, 0x00, 0x1A, 0xF0, 0x58, 0xBD, 0xE8, 0x1E, 0xFF, 0x2F, 0xE1
	.byte 0xA0, 0x5F, 0xA0, 0xE1, 0x01, 0x50, 0x85, 0xE0, 0xA2, 0x6F, 0xA0, 0xE1, 0x03, 0x60, 0x86, 0xE0
	.byte 0x06, 0x60, 0x95, 0xE1, 0x06, 0x00, 0x00, 0x1A, 0x02, 0x10, 0xA0, 0xE1, 0x6D, 0x00, 0x00, 0xEB
	.byte 0x01, 0x40, 0x14, 0xE2, 0x01, 0x00, 0xA0, 0x11, 0xC0, 0x1F, 0xA0, 0xE1, 0xF0, 0x58, 0xBD, 0xE8
	.byte 0x1E, 0xFF, 0x2F, 0xE1, 0x00, 0x00, 0x51, 0xE3, 0x01, 0x00, 0x00, 0xAA, 0x00, 0x00, 0x70, 0xE2
	.byte 0x00, 0x10, 0xE1, 0xE2, 0x00, 0x00, 0x53, 0xE3, 0x01, 0x00, 0x00, 0xAA, 0x00, 0x20, 0x72, 0xE2
	.byte 0x00, 0x30, 0xE3, 0xE2

	arm_func_start FUN_037FB754
FUN_037FB754: ; 0x037FB754
	orrs r5, r1, r0
	beq _037FB878
	mov r5, #0
	mov r6, #1
	cmp r3, #0
	bmi _037FB780
_037FB76C:
	add r5, r5, #1
	adds r2, r2, r2
	adcs r3, r3, r3
	bpl _037FB76C
	add r6, r6, r5
_037FB780:
	cmp r1, #0
	blt _037FB7A0
_037FB788:
	cmp r6, #1
	beq _037FB7A0
	sub r6, r6, #1
	adds r0, r0, r0
	adcs r1, r1, r1
	bpl _037FB788
_037FB7A0:
	mov r7, #0
	mov ip, #0
	mov fp, #0
	b _037FB7C8
_037FB7B0:
	orr ip, ip, #1
	subs r6, r6, #1
	beq _037FB820
	adds r0, r0, r0
	adcs r1, r1, r1
	adcs r7, r7, r7
_037FB7C8:
	subs r0, r0, r2
	sbcs r1, r1, r3
	sbcs r7, r7, #0
	adds ip, ip, ip
	adc fp, fp, fp
	cmp r7, #0
	bge _037FB7B0
_037FB7E4:
	subs r6, r6, #1
	beq _037FB818
	adds r0, r0, r0
	adcs r1, r1, r1
	adc r7, r7, r7
	adds r0, r0, r2
	adcs r1, r1, r3
	adc r7, r7, #0
	adds ip, ip, ip
	adc fp, fp, fp
	cmp r7, #0
	bge _037FB7B0
	b _037FB7E4
_037FB818:
	adds r0, r0, r2
	adc r1, r1, r3
_037FB820:
	ands r7, r4, #1
	moveq r0, ip
	moveq r1, fp
	beq _037FB858
	subs r7, r5, #0x20
	movge r0, r1, lsr r7
	bge _037FB87C
	rsb r7, r5, #0x20
	mov r0, r0, lsr r5
	orr r0, r0, r1, lsl r7
	mov r1, r1, lsr r5
	b _037FB858
_037FB850:
	.byte 0x31, 0x07, 0xA0, 0xE1, 0x00, 0x10, 0xA0, 0xE3
_037FB858:
	cmp r4, #0
	blt _037FB868
	ldmia sp!, {r4, r5, r6, r7, fp, ip, lr}
	bx lr
_037FB868:
	rsbs r0, r0, #0
	rsc r1, r1, #0
	ldmia sp!, {r4, r5, r6, r7, fp, ip, lr}
	bx lr
_037FB878:
	mov r0, #0
_037FB87C:
	mov r1, #0
	cmp r4, #0
	blt _037FB868
	ldmia sp!, {r4, r5, r6, r7, fp, ip, lr}
	bx lr
	arm_func_end FUN_037FB754

	arm_func_start FUN_037FB890
FUN_037FB890: ; 0x037FB890
	stmdb sp!, {r4, r5, r6, r7, fp, ip, lr}
	mov r4, #0
	b _037FB8A4
_037FB89C:
	.byte 0xF0, 0x58, 0x2D, 0xE9
	.byte 0x01, 0x40, 0xA0, 0xE3
_037FB8A4:
	orrs r5, r3, r2
	bne _037FB8B4
	ldmia sp!, {r4, r5, r6, r7, fp, ip, lr}
	bx lr
_037FB8B4:
	orrs r5, r1, r3
	bne FUN_037FB754
	mov r1, r2
	bl FUN_037FBAEC
	cmp r4, #0
	movne r0, r1
	mov r1, #0
	ldmia sp!, {r4, r5, r6, r7, fp, ip, lr}
	bx lr
	arm_func_end FUN_037FB890

	arm_func_start FUN_037FB8D8
FUN_037FB8D8: ; 0x037FB8D8
	eor ip, r0, r1
	and ip, ip, #0x80000000
	cmp r0, #0
	rsblt r0, r0, #0
	addlt ip, ip, #1
	cmp r1, #0
	rsblt r1, r1, #0
	beq _037FBAD0
	cmp r0, r1
	movlo r1, r0
	movlo r0, #0
	blo _037FBAD0
	mov r2, #0x1c
	mov r3, r0, lsr #4
	cmp r1, r3, lsr #12
	suble r2, r2, #0x10
	movle r3, r3, lsr #0x10
	cmp r1, r3, lsr #4
	suble r2, r2, #8
	movle r3, r3, lsr #8
	cmp r1, r3
	suble r2, r2, #4
	movle r3, r3, lsr #4
	mov r0, r0, lsl r2
	rsb r1, r1, #0
	adds r0, r0, r0
	add r2, r2, r2, lsl #1
	add pc, pc, r2, lsl #2
	mov r0, r0
	adcs r3, r1, r3, lsl #1
	sublo r3, r3, r1
	adcs r0, r0, r0
	adcs r3, r1, r3, lsl #1
	sublo r3, r3, r1
	adcs r0, r0, r0
	adcs r3, r1, r3, lsl #1
	sublo r3, r3, r1
	adcs r0, r0, r0
	adcs r3, r1, r3, lsl #1
	sublo r3, r3, r1
	adcs r0, r0, r0
	adcs r3, r1, r3, lsl #1
	sublo r3, r3, r1
	adcs r0, r0, r0
	adcs r3, r1, r3, lsl #1
	sublo r3, r3, r1
	adcs r0, r0, r0
	adcs r3, r1, r3, lsl #1
	sublo r3, r3, r1
	adcs r0, r0, r0
	adcs r3, r1, r3, lsl #1
	sublo r3, r3, r1
	adcs r0, r0, r0
	adcs r3, r1, r3, lsl #1
	sublo r3, r3, r1
	adcs r0, r0, r0
	adcs r3, r1, r3, lsl #1
	sublo r3, r3, r1
	adcs r0, r0, r0
	adcs r3, r1, r3, lsl #1
	sublo r3, r3, r1
	adcs r0, r0, r0
	adcs r3, r1, r3, lsl #1
	sublo r3, r3, r1
	adcs r0, r0, r0
	adcs r3, r1, r3, lsl #1
	sublo r3, r3, r1
	adcs r0, r0, r0
	adcs r3, r1, r3, lsl #1
	sublo r3, r3, r1
	adcs r0, r0, r0
	adcs r3, r1, r3, lsl #1
	sublo r3, r3, r1
	adcs r0, r0, r0
	adcs r3, r1, r3, lsl #1
	sublo r3, r3, r1
	adcs r0, r0, r0
	adcs r3, r1, r3, lsl #1
	sublo r3, r3, r1
	adcs r0, r0, r0
	adcs r3, r1, r3, lsl #1
	sublo r3, r3, r1
	adcs r0, r0, r0
	adcs r3, r1, r3, lsl #1
	sublo r3, r3, r1
	adcs r0, r0, r0
	adcs r3, r1, r3, lsl #1
	sublo r3, r3, r1
	adcs r0, r0, r0
	adcs r3, r1, r3, lsl #1
	sublo r3, r3, r1
	adcs r0, r0, r0
	adcs r3, r1, r3, lsl #1
	sublo r3, r3, r1
	adcs r0, r0, r0
	adcs r3, r1, r3, lsl #1
	sublo r3, r3, r1
	adcs r0, r0, r0
	adcs r3, r1, r3, lsl #1
	sublo r3, r3, r1
	adcs r0, r0, r0
	adcs r3, r1, r3, lsl #1
	sublo r3, r3, r1
	adcs r0, r0, r0
	adcs r3, r1, r3, lsl #1
	sublo r3, r3, r1
	adcs r0, r0, r0
	adcs r3, r1, r3, lsl #1
	sublo r3, r3, r1
	adcs r0, r0, r0
	adcs r3, r1, r3, lsl #1
	sublo r3, r3, r1
	adcs r0, r0, r0
	adcs r3, r1, r3, lsl #1
	sublo r3, r3, r1
	adcs r0, r0, r0
	adcs r3, r1, r3, lsl #1
	sublo r3, r3, r1
	adcs r0, r0, r0
	adcs r3, r1, r3, lsl #1
	sublo r3, r3, r1
	adcs r0, r0, r0
	adcs r3, r1, r3, lsl #1
	sublo r3, r3, r1
	adcs r0, r0, r0
	mov r1, r3
_037FBAD0:
	ands r3, ip, #0x80000000
	rsbne r0, r0, #0
	ands r3, ip, #1
	rsbne r1, r1, #0
	bx lr
	arm_func_end FUN_037FB8D8

	arm_func_start FUN_037FBAE4
FUN_037FBAE4: ; 0x037FBAE4
	cmp r1, #0
	bxeq lr
	arm_func_end FUN_037FBAE4

	arm_func_start FUN_037FBAEC
FUN_037FBAEC: ; 0x037FBAEC
	cmp r0, r1
	movlo r1, r0
	movlo r0, #0
	bxlo lr
	mov r2, #0x1c
	mov r3, r0, lsr #4
	cmp r1, r3, lsr #12
	suble r2, r2, #0x10
	movle r3, r3, lsr #0x10
	cmp r1, r3, lsr #4
	suble r2, r2, #8
	movle r3, r3, lsr #8
	cmp r1, r3
	suble r2, r2, #4
	movle r3, r3, lsr #4
	mov r0, r0, lsl r2
	rsb r1, r1, #0
	adds r0, r0, r0
	add r2, r2, r2, lsl #1
	add pc, pc, r2, lsl #2
	mov r0, r0
	adcs r3, r1, r3, lsl #1
	sublo r3, r3, r1
	adcs r0, r0, r0
	adcs r3, r1, r3, lsl #1
	sublo r3, r3, r1
	adcs r0, r0, r0
	adcs r3, r1, r3, lsl #1
	sublo r3, r3, r1
	adcs r0, r0, r0
	adcs r3, r1, r3, lsl #1
	sublo r3, r3, r1
	adcs r0, r0, r0
	adcs r3, r1, r3, lsl #1
	sublo r3, r3, r1
	adcs r0, r0, r0
	adcs r3, r1, r3, lsl #1
	sublo r3, r3, r1
	adcs r0, r0, r0
	adcs r3, r1, r3, lsl #1
	sublo r3, r3, r1
	adcs r0, r0, r0
	adcs r3, r1, r3, lsl #1
	sublo r3, r3, r1
	adcs r0, r0, r0
	adcs r3, r1, r3, lsl #1
	sublo r3, r3, r1
	adcs r0, r0, r0
	adcs r3, r1, r3, lsl #1
	sublo r3, r3, r1
	adcs r0, r0, r0
	adcs r3, r1, r3, lsl #1
	sublo r3, r3, r1
	adcs r0, r0, r0
	adcs r3, r1, r3, lsl #1
	sublo r3, r3, r1
	adcs r0, r0, r0
	adcs r3, r1, r3, lsl #1
	sublo r3, r3, r1
	adcs r0, r0, r0
	adcs r3, r1, r3, lsl #1
	sublo r3, r3, r1
	adcs r0, r0, r0
	adcs r3, r1, r3, lsl #1
	sublo r3, r3, r1
	adcs r0, r0, r0
	adcs r3, r1, r3, lsl #1
	sublo r3, r3, r1
	adcs r0, r0, r0
	adcs r3, r1, r3, lsl #1
	sublo r3, r3, r1
	adcs r0, r0, r0
	adcs r3, r1, r3, lsl #1
	sublo r3, r3, r1
	adcs r0, r0, r0
	adcs r3, r1, r3, lsl #1
	sublo r3, r3, r1
	adcs r0, r0, r0
	adcs r3, r1, r3, lsl #1
	sublo r3, r3, r1
	adcs r0, r0, r0
	adcs r3, r1, r3, lsl #1
	sublo r3, r3, r1
	adcs r0, r0, r0
	adcs r3, r1, r3, lsl #1
	sublo r3, r3, r1
	adcs r0, r0, r0
	adcs r3, r1, r3, lsl #1
	sublo r3, r3, r1
	adcs r0, r0, r0
	adcs r3, r1, r3, lsl #1
	sublo r3, r3, r1
	adcs r0, r0, r0
	adcs r3, r1, r3, lsl #1
	sublo r3, r3, r1
	adcs r0, r0, r0
	adcs r3, r1, r3, lsl #1
	sublo r3, r3, r1
	adcs r0, r0, r0
	adcs r3, r1, r3, lsl #1
	sublo r3, r3, r1
	adcs r0, r0, r0
	adcs r3, r1, r3, lsl #1
	sublo r3, r3, r1
	adcs r0, r0, r0
	adcs r3, r1, r3, lsl #1
	sublo r3, r3, r1
	adcs r0, r0, r0
	adcs r3, r1, r3, lsl #1
	sublo r3, r3, r1
	adcs r0, r0, r0
	adcs r3, r1, r3, lsl #1
	sublo r3, r3, r1
	adcs r0, r0, r0
	adcs r3, r1, r3, lsl #1
	sublo r3, r3, r1
	adcs r0, r0, r0
	mov r1, r3
	bx lr
	arm_func_end FUN_037FBAEC
_037FBCC8:
	.byte 0x00, 0x00, 0x50, 0xE3, 0x00, 0x30, 0xA0, 0xE1
	.byte 0x00, 0x00, 0x51, 0x13, 0x1E, 0xFF, 0x2F, 0x01, 0x00, 0x20, 0xA0, 0xE3, 0x01, 0x20, 0xC3, 0xE4
	.byte 0x01, 0x10, 0x51, 0xE2, 0xFC, 0xFF, 0xFF, 0x1A, 0x1E, 0xFF, 0x2F, 0xE1, 0x00, 0x40, 0x2D, 0xE9
	.byte 0x01, 0xC3, 0xA0, 0xE3, 0x21, 0xCE, 0x8C, 0xE2, 0x08, 0x10, 0x1C, 0xE5, 0x00, 0x00, 0x51, 0xE3
	.byte 0x00, 0x80, 0xBD, 0x08, 0x06, 0x00, 0x9C, 0xE8, 0x02, 0x10, 0x11, 0xE0, 0x08, 0x00, 0x00, 0x0A
	.byte 0x01, 0x30, 0xA0, 0xE3, 0x00, 0x00, 0xA0, 0xE3, 0x13, 0x20, 0x11, 0xE0, 0x01, 0x00, 0x80, 0x02
	.byte 0xFC, 0xFF, 0xFF, 0x0A, 0x04, 0x20, 0x8C, 0xE5, 0x44, 0x10, 0x9F, 0xE5, 0x00, 0x01, 0x91, 0xE7
	.byte 0x0B, 0x00, 0x00, 0xEA, 0x08, 0xC0, 0x8C, 0xE2, 0x06, 0x00, 0x9C, 0xE8, 0x02, 0x10, 0x11, 0xE0
	.byte 0x00, 0x80, 0xBD, 0x08, 0x01, 0x30, 0xA0, 0xE3, 0x00, 0x00, 0xA0, 0xE3, 0x13, 0x20, 0x11, 0xE0
	.byte 0x01, 0x00, 0x80, 0x02, 0xFC, 0xFF, 0xFF, 0x0A, 0x04, 0x20, 0x8C, 0xE5, 0x14, 0x10, 0x9F, 0xE5
	.byte 0x00, 0x01, 0x91, 0xE7, 0x10, 0x20, 0x9F, 0xE5, 0xF0, 0x2F, 0x82, 0xE8, 0x0C, 0xE0, 0x9F, 0xE5
	.byte 0x10, 0xFF, 0x2F, 0xE1, 0xD4, 0x92, 0x80, 0x03, 0x98, 0x92, 0x80, 0x03, 0xE4, 0x95, 0x80, 0x03
	.byte 0xAC, 0xBD, 0x7F, 0x03

	arm_func_start FUN_037FBD84
FUN_037FBD84: ; 0x037FBD84
	mrs r0, cpsr
	bic r0, r0, #0x1f
	orr r1, r0, #0x92
	msr cpsr_c, r1
	ldr r2, _037FBDA4 ; =0x038095E4
	ldmia r2, {r4, r5, r6, r7, r8, sb, sl, fp, sp}
	ldr lr, _037FBDA8 ; =FUN_037FBDAC
	bx lr
	.balign 4, 0
_037FBDA4: .word 0x038095E4
_037FBDA8: .word 0x037FBDAC
	arm_func_end FUN_037FBD84

	arm_func_start FUN_037FBDAC
FUN_037FBDAC: ; 0x037FBDAC
	ldr ip, _037FBEC8 ; =0x038095DC
	mov r3, #0
	ldr ip, [ip]
	mov r2, #1
	cmp ip, #0
	beq _037FBDFC
_037FBDC4:
	str r2, [ip, #0x48]
	str r3, [ip, #0x5c]
	str r3, [ip, #0x60]
	ldr r0, [ip, #0x64]
	str r3, [ip, #0x64]
	mov ip, r0
	cmp ip, #0
	bne _037FBDC4
	ldr ip, _037FBEC8 ; =0x038095DC
	str r3, [ip]
	str r3, [ip, #4]
	ldr ip, _037FBECC ; =0x038096C8
	mov r1, #1
	strh r1, [ip]
_037FBDFC:
	ldr ip, _037FBECC ; =0x038096C8
	ldrh r1, [ip]
	cmp r1, #0
	ldreq pc, [sp], #4
	mov r1, #0
	strh r1, [ip]
	mov r3, #0xd2
	msr cpsr_c, r3
	add r2, ip, #8
	ldr r1, [r2]
_037FBE24:
	cmp r1, #0
	ldrneh r0, [r1, #0x48]
	cmpne r0, #1
	ldrne r1, [r1, #0x4c]
	bne _037FBE24
	cmp r1, #0
	bne _037FBE4C
_037FBE40:
	mov r3, #0x92
	msr cpsr_c, r3
	ldr pc, [sp], #4
_037FBE4C:
	ldr r0, [ip, #4]
	cmp r1, r0
	beq _037FBE40
	ldr r3, [ip, #0xc]
	cmp r3, #0
	beq _037FBE74
	stmdb sp!, {r0, r1, ip}
	mov lr, pc
	bx r3
_037FBE70:
	.byte 0x03, 0x10, 0xBD, 0xE8
_037FBE74:
	str r1, [ip, #4]
	mrs r2, spsr
	str r2, [r0, #0]!
	ldmib sp!, {r2, r3}
	stmib r0!, {r2, r3}
	ldmib sp!, {r2, r3, ip, lr}
	stmib r0!, {r2, r3, r4, r5, r6, r7, r8, sb, sl, fp, ip, sp, lr} ^
	stmib r0!, {lr}
	mov r3, #0xd3
	msr cpsr_c, r3
	stmib r0!, {sp}
	ldr sp, [r1, #0x44]
	mov r3, #0xd2
	msr cpsr_c, r3
	ldr r2, [r1, #0]!
	msr spsr_fc, r2
	ldr lr, [r1, #0x40]
	ldmib r1, {r0, r1, r2, r3, r4, r5, r6, r7, r8, sb, sl, fp, ip, sp, lr} ^
	mov r0, r0
	stmda sp!, {r0, r1, r2, r3, ip, lr}
	ldmia sp!, {pc}
	.balign 4, 0
_037FBEC8: .word 0x038095DC
_037FBECC: .word 0x038096C8
	arm_func_end FUN_037FBDAC
_037FBED0:
	.byte 0x1E, 0xFF, 0x2F, 0xE1, 0x38, 0x40, 0x2D, 0xE9, 0x0C, 0x10, 0xA0, 0xE3, 0x90, 0x01, 0x05, 0xE0
	.byte 0x64, 0x20, 0x9F, 0xE5, 0x64, 0x30, 0x9F, 0xE5, 0x80, 0x40, 0xA0, 0xE1, 0x05, 0x10, 0x92, 0xE7
	.byte 0x00, 0x00, 0xA0, 0xE3, 0xB4, 0x30, 0x93, 0xE1, 0x01, 0x40, 0xA0, 0xE3, 0x05, 0x00, 0x82, 0xE7
	.byte 0x00, 0x00, 0x51, 0xE3, 0x14, 0x43, 0xA0, 0xE1, 0x03, 0x00, 0x00, 0x0A, 0x40, 0x00, 0x9F, 0xE5
	.byte 0x05, 0x00, 0x90, 0xE7, 0x0F, 0xE0, 0xA0, 0xE1, 0x11, 0xFF, 0x2F, 0xE1, 0x34, 0x20, 0x9F, 0xE5
	.byte 0x34, 0x00, 0x9F, 0xE5, 0x00, 0x10, 0x92, 0xE5, 0x04, 0x10, 0x81, 0xE1, 0x00, 0x10, 0x82, 0xE5
	.byte 0x05, 0x00, 0x90, 0xE7, 0x00, 0x00, 0x50, 0xE3, 0x01, 0x00, 0x00, 0x1A, 0x04, 0x00, 0xA0, 0xE1
	.byte 0xEA, 0x00, 0x00, 0xEB, 0x38, 0x40, 0xBD, 0xE8, 0x1E, 0xFF, 0x2F, 0xE1, 0x08, 0x96, 0x80, 0x03
	.byte 0x7C, 0x92, 0x80, 0x03, 0x10, 0x96, 0x80, 0x03, 0xF8, 0xFF, 0x80, 0x03, 0x0C, 0x96, 0x80, 0x03
	.byte 0x04, 0xC0, 0x9F, 0xE5, 0x00, 0x00, 0xA0, 0xE3, 0x1C, 0xFF, 0x2F, 0xE1, 0xD4, 0xBE, 0x7F, 0x03
	.byte 0x04, 0xC0, 0x9F, 0xE5, 0x01, 0x00, 0xA0, 0xE3, 0x1C, 0xFF, 0x2F, 0xE1, 0xD4, 0xBE, 0x7F, 0x03
	.byte 0x04, 0xC0, 0x9F, 0xE5, 0x02, 0x00, 0xA0, 0xE3, 0x1C, 0xFF, 0x2F, 0xE1, 0xD4, 0xBE, 0x7F, 0x03
	.byte 0x04, 0xC0, 0x9F, 0xE5, 0x03, 0x00, 0xA0, 0xE3, 0x1C, 0xFF, 0x2F, 0xE1, 0xD4, 0xBE, 0x7F, 0x03
	.byte 0x04, 0xC0, 0x9F, 0xE5, 0x08, 0x00, 0xA0, 0xE3, 0x1C, 0xFF, 0x2F, 0xE1, 0xD4, 0xBE, 0x7F, 0x03
	.byte 0x04, 0xC0, 0x9F, 0xE5, 0x09, 0x00, 0xA0, 0xE3, 0x1C, 0xFF, 0x2F, 0xE1, 0xD4, 0xBE, 0x7F, 0x03
	.byte 0x04, 0xC0, 0x9F, 0xE5, 0x0A, 0x00, 0xA0, 0xE3, 0x1C, 0xFF, 0x2F, 0xE1, 0xD4, 0xBE, 0x7F, 0x03
	.byte 0x04, 0xC0, 0x9F, 0xE5, 0x0B, 0x00, 0xA0, 0xE3, 0x1C, 0xFF, 0x2F, 0xE1, 0xD4, 0xBE, 0x7F, 0x03
	.byte 0x08, 0x40, 0x2D, 0xE9, 0x38, 0x20, 0x9F, 0xE5, 0x38, 0x00, 0x9F, 0xE5, 0x00, 0x10, 0x92, 0xE5
	.byte 0x90, 0x30, 0x90, 0xE5, 0x01, 0x00, 0x81, 0xE2, 0x00, 0x00, 0x82, 0xE5, 0x00, 0x00, 0x53, 0xE3
	.byte 0x01, 0x00, 0x00, 0x0A, 0x0F, 0xE0, 0xA0, 0xE1, 0x13, 0xFF, 0x2F, 0xE1, 0x18, 0x10, 0x9F, 0xE5
	.byte 0x00, 0x00, 0x91, 0xE5, 0x01, 0x00, 0x80, 0xE3, 0x00, 0x00, 0x81, 0xE5, 0x08, 0x40, 0xBD, 0xE8
	.byte 0x1E, 0xFF, 0x2F, 0xE1, 0x3C, 0xFC, 0xFF, 0x02, 0x08, 0x96, 0x80, 0x03, 0xF8, 0xFF, 0x80, 0x03
	.byte 0x04, 0xC0, 0x9F, 0xE5, 0x04, 0x00, 0xA0, 0xE3, 0x1C, 0xFF, 0x2F, 0xE1, 0xD4, 0xBE, 0x7F, 0x03
	.byte 0x04, 0xC0, 0x9F, 0xE5, 0x05, 0x00, 0xA0, 0xE3, 0x1C, 0xFF, 0x2F, 0xE1, 0xD4, 0xBE, 0x7F, 0x03
	.byte 0x04, 0xC0, 0x9F, 0xE5, 0x06, 0x00, 0xA0, 0xE3, 0x1C, 0xFF, 0x2F, 0xE1, 0xD4, 0xBE, 0x7F, 0x03
	.byte 0x04, 0xC0, 0x9F, 0xE5, 0x07, 0x00, 0xA0, 0xE3, 0x1C, 0xFF, 0x2F, 0xE1, 0xD4, 0xBE, 0x7F, 0x03

	arm_func_start FUN_037FC070
FUN_037FC070: ; 0x037FC070
	ldr r0, _037FC08C ; =0x038095DC
	mov r2, #0
	str r2, [r0, #4]
	ldr r1, _037FC090 ; =0x02FFFC3C
	str r2, [r0]
	str r2, [r1]
	bx lr
	.balign 4, 0
_037FC08C: .word 0x038095DC
_037FC090: .word 0x02FFFC3C
	arm_func_end FUN_037FC070

	arm_func_start FUN_037FC094
FUN_037FC094: ; 0x037FC094
	stmdb sp!, {r3, r4, r5, r6, r7, r8, sb, lr}
	ldr lr, _037FC138 ; =_038092D4
	mov r7, #0
	ldr r4, _037FC13C ; =0x03809698
	ldr r6, _037FC140 ; =0x03809608
	mov r2, #0xc
	mov ip, r7
	mov r8, r7
	mov r3, #1
_037FC0B8:
	tst r0, #1
	beq _037FC120
	mov sb, r7
	cmp r8, #8
	blt _037FC0DC
	cmp r8, #0xb
	suble r5, r8, #8
	mlale sb, r5, r2, r6
	ble _037FC118
_037FC0DC:
	cmp r8, #0x1c
	blt _037FC0F4
	cmp r8, #0x1f
	suble r5, r8, #0x18
	mlale sb, r5, r2, r6
	ble _037FC118
_037FC0F4:
	cmp r8, #3
	blt _037FC10C
	cmp r8, #6
	addle r5, r8, #5
	mlale sb, r5, r2, r6
	ble _037FC118
_037FC10C:
	cmp r8, #0
	strne r1, [lr, r8, lsl #2]
	moveq sb, r4
_037FC118:
	cmp sb, #0
	stmneia sb, {r1, r3, ip}
_037FC120:
	add r8, r8, #1
	cmp r8, #0x20
	mov r0, r0, lsr #1
	blt _037FC0B8
	ldmia sp!, {r3, r4, r5, r6, r7, r8, sb, lr}
	bx lr
	.balign 4, 0
_037FC138: .word 0x038092D4
_037FC13C: .word 0x03809698
_037FC140: .word 0x03809608
	arm_func_end FUN_037FC094
_037FC144:
	.byte 0x1C, 0x20, 0x9F, 0xE5, 0x00, 0x30, 0xA0, 0xE3, 0x01, 0x00, 0x10, 0xE3
	.byte 0x03, 0x11, 0x82, 0x17, 0x01, 0x30, 0x83, 0xE2, 0x0F, 0x00, 0x53, 0xE3, 0xA0, 0x00, 0xA0, 0xE1
	.byte 0xF9, 0xFF, 0xFF, 0xBA, 0x1E, 0xFF, 0x2F, 0xE1, 0x98, 0x92, 0x80, 0x03, 0x70, 0x40, 0x2D, 0xE9
	.byte 0x0C, 0x30, 0xA0, 0xE3, 0x90, 0x03, 0x06, 0xE0, 0x2C, 0xC0, 0x9F, 0xE5, 0x2C, 0x30, 0x9F, 0xE5
	.byte 0x06, 0x10, 0x8C, 0xE7, 0x1C, 0x40, 0x80, 0xE2, 0x01, 0x50, 0xA0, 0xE3, 0x15, 0x04, 0xA0, 0xE1
	.byte 0x06, 0x20, 0x83, 0xE7, 0x39, 0x00, 0x00, 0xEB, 0x14, 0x10, 0x9F, 0xE5, 0x15, 0x04, 0x00, 0xE0
	.byte 0x06, 0x00, 0x81, 0xE7, 0x70, 0x40, 0xBD, 0xE8, 0x1E, 0xFF, 0x2F, 0xE1, 0x38, 0x96, 0x80, 0x03
	.byte 0x40, 0x96, 0x80, 0x03, 0x3C, 0x96, 0x80, 0x03

	arm_func_start FUN_037FC1B8
FUN_037FC1B8: ; 0x037FC1B8
	stmdb sp!, {r3, r4, r5, lr}
	mov r3, #0xc
	mul r5, r0, r3
	ldr r4, _037FC1F4 ; =0x03809668
	ldr r3, _037FC1F8 ; =0x03809670
	str r1, [r4, r5]
	add r0, r0, #3
	mov r4, #1
	mov r0, r4, lsl r0
	str r2, [r3, r5]
	bl FUN_037FC280
	ldr r0, _037FC1FC ; =0x0380966C
	str r4, [r0, r5]
	ldmia sp!, {r3, r4, r5, lr}
	bx lr
	.balign 4, 0
_037FC1F4: .word 0x03809668
_037FC1F8: .word 0x03809670
_037FC1FC: .word 0x0380966C
	arm_func_end FUN_037FC1B8

	arm_func_start FUN_037FC200
FUN_037FC200: ; 0x037FC200
	stmdb sp!, {r4, lr}
	mov r4, r0
	bl FUN_037FC234
	ldr r1, _037FC230 ; =0x04000210
	ldr r3, [r1]
	sub r2, r1, #8
	str r4, [r1]
	ldrh r1, [r2]
	strh r0, [r2]
	mov r0, r3
	ldmia sp!, {r4, lr}
	bx lr
	.balign 4, 0
_037FC230: .word 0x04000210
	arm_func_end FUN_037FC200

	arm_func_start FUN_037FC234
FUN_037FC234: ; 0x037FC234
	ldr r2, _037FC248 ; =0x04000208
	mov r1, #0
	ldrh r0, [r2]
	strh r1, [r2]
	bx lr
	.balign 4, 0
_037FC248: .word 0x04000208
	arm_func_end FUN_037FC234

	arm_func_start FUN_037FC24C
FUN_037FC24C: ; 0x037FC24C
	stmdb sp!, {r4, lr}
	mov r4, r0
	bl FUN_037FC234
	ldr r1, _037FC27C ; =0x04000218
	ldrh r3, [r1]
	sub r2, r1, #0x10
	strh r4, [r1]
	ldrh r1, [r2]
	strh r0, [r2]
	mov r0, r3
	ldmia sp!, {r4, lr}
	bx lr
	.balign 4, 0
_037FC27C: .word 0x04000218
	arm_func_end FUN_037FC24C

	arm_func_start FUN_037FC280
FUN_037FC280: ; 0x037FC280
	stmdb sp!, {r4, lr}
	mov r4, r0
	bl FUN_037FC234
	ldr ip, _037FC2B4 ; =0x04000210
	ldr r3, [ip]
	sub r2, ip, #8
	orr r1, r3, r4
	str r1, [ip]
	ldrh r1, [r2]
	strh r0, [r2]
	mov r0, r3
	ldmia sp!, {r4, lr}
	bx lr
	.balign 4, 0
_037FC2B4: .word 0x04000210
	arm_func_end FUN_037FC280
_037FC2B8:
	.byte 0x10, 0x40, 0x2D, 0xE9, 0x00, 0x40, 0xA0, 0xE1
	.byte 0xDB, 0xFF, 0xFF, 0xEB, 0x20, 0xC0, 0x9F, 0xE5, 0xB0, 0x30, 0xDC, 0xE1, 0x10, 0x20, 0x4C, 0xE2
	.byte 0x04, 0x10, 0x83, 0xE1, 0xB0, 0x10, 0xCC, 0xE1, 0xB0, 0x10, 0xD2, 0xE1, 0xB0, 0x00, 0xC2, 0xE1
	.byte 0x03, 0x00, 0xA0, 0xE1, 0x10, 0x40, 0xBD, 0xE8, 0x1E, 0xFF, 0x2F, 0xE1, 0x18, 0x02, 0x00, 0x04

	arm_func_start FUN_037FC2F0
FUN_037FC2F0: ; 0x037FC2F0
	stmdb sp!, {r4, lr}
	mov r4, r0
	bl FUN_037FC234
	ldr ip, _037FC328 ; =0x04000210
	mvn r1, r4
	ldr r3, [ip]
	sub r2, ip, #8
	and r1, r3, r1
	str r1, [ip]
	ldrh r1, [r2]
	strh r0, [r2]
	mov r0, r3
	ldmia sp!, {r4, lr}
	bx lr
	.balign 4, 0
_037FC328: .word 0x04000210
	arm_func_end FUN_037FC2F0
_037FC32C:
	.byte 0x10, 0x40, 0x2D, 0xE9
	.byte 0x00, 0x40, 0xA0, 0xE1, 0xBE, 0xFF, 0xFF, 0xEB, 0x24, 0xC0, 0x9F, 0xE5, 0x04, 0x10, 0xE0, 0xE1
	.byte 0xB0, 0x30, 0xDC, 0xE1, 0x10, 0x20, 0x4C, 0xE2, 0x01, 0x10, 0x03, 0xE0, 0xB0, 0x10, 0xCC, 0xE1
	.byte 0xB0, 0x10, 0xD2, 0xE1, 0xB0, 0x00, 0xC2, 0xE1, 0x03, 0x00, 0xA0, 0xE1, 0x10, 0x40, 0xBD, 0xE8
	.byte 0x1E, 0xFF, 0x2F, 0xE1, 0x18, 0x02, 0x00, 0x04

	arm_func_start FUN_037FC368
FUN_037FC368: ; 0x037FC368
	stmdb sp!, {r4, lr}
	mov r4, r0
	bl FUN_037FC234
	ldr r1, _037FC398 ; =0x04000214
	ldr r3, [r1]
	sub r2, r1, #0xc
	str r4, [r1]
	ldrh r1, [r2]
	strh r0, [r2]
	mov r0, r3
	ldmia sp!, {r4, lr}
	bx lr
	.balign 4, 0
_037FC398: .word 0x04000214
	arm_func_end FUN_037FC368
_037FC39C:
	.byte 0x10, 0x40, 0x2D, 0xE9
	.byte 0x00, 0x40, 0xA0, 0xE1, 0xA2, 0xFF, 0xFF, 0xEB, 0x1C, 0x10, 0x9F, 0xE5, 0xB0, 0x30, 0xD1, 0xE1
	.byte 0x14, 0x20, 0x41, 0xE2, 0xB0, 0x40, 0xC1, 0xE1, 0xB0, 0x10, 0xD2, 0xE1, 0xB0, 0x00, 0xC2, 0xE1
	.byte 0x03, 0x00, 0xA0, 0xE1, 0x10, 0x40, 0xBD, 0xE8, 0x1E, 0xFF, 0x2F, 0xE1, 0x1C, 0x02, 0x00, 0x04

	arm_func_start FUN_037FC3D0
FUN_037FC3D0: ; 0x037FC3D0
	ldr r0, _037FC3DC ; =0x038096A4
	ldrh r0, [r0]
	bx lr
	.balign 4, 0
_037FC3DC: .word 0x038096A4
	arm_func_end FUN_037FC3D0

	arm_func_start FUN_037FC3E0
FUN_037FC3E0: ; 0x037FC3E0
	ldr r0, _037FC3EC ; =0x038096A4
	ldrh r0, [r0, #2]
	bx lr
	.balign 4, 0
_037FC3EC: .word 0x038096A4
	arm_func_end FUN_037FC3E0
_037FC3F0:
	.byte 0x08, 0x00, 0x9F, 0xE5, 0x01, 0x10, 0xA0, 0xE3, 0xB2, 0x10, 0xC0, 0xE1, 0x1E, 0xFF, 0x2F, 0xE1
	.byte 0xA4, 0x96, 0x80, 0x03, 0x08, 0x40, 0x2D, 0xE9, 0x7F, 0x0C, 0x01, 0xE2, 0x00, 0x04, 0xA0, 0xE1
	.byte 0x20, 0x08, 0xA0, 0xE1, 0x10, 0x00, 0x50, 0xE3, 0x2C, 0x00, 0x9F, 0x05, 0x01, 0x10, 0xA0, 0x03
	.byte 0xB0, 0x10, 0xC0, 0x01, 0x06, 0x00, 0x00, 0x0A, 0x20, 0x00, 0x50, 0xE3, 0x03, 0x00, 0x00, 0x1A
	.byte 0x14, 0x00, 0x9F, 0xE5, 0x01, 0x10, 0xA0, 0xE3, 0xB2, 0x10, 0xC0, 0xE1, 0xFF, 0xFF, 0xFF, 0xEA
	.byte 0x51, 0x0B, 0x00, 0xEB, 0x08, 0x40, 0xBD, 0xE8, 0x1E, 0xFF, 0x2F, 0xE1, 0xA4, 0x96, 0x80, 0x03

	arm_func_start FUN_037FC450
FUN_037FC450: ; 0x037FC450
	stmdb sp!, {r4, r5, r6, lr}
	mov r6, r0, lsl #8
	mov r5, #0xc
	mov r4, #0
_037FC460:
	mov r0, r5
	mov r1, r6
	mov r2, r4
	bl FUN_037FFB00
	cmp r0, #0
	bne _037FC460
	ldmia sp!, {r4, r5, r6, lr}
	bx lr
	arm_func_end FUN_037FC450

	arm_func_start FUN_037FC480
FUN_037FC480: ; 0x037FC480
	stmdb sp!, {r3, r4, r5, r6, r7, lr}
	mov r7, #0
	mov r6, r1
	cmp r0, #0
	mov r4, #0x400
	mov r5, r7
	bne _037FC4F0
	strb r5, [r6, #2]
_037FC4A0:
	and r0, r5, #0xf
	orr r0, r0, #0x80
	strb r0, [r6]
	b _037FC4B8
_037FC4B0:
	mov r0, r4
	bl FUN_037FC554
_037FC4B8:
	ldrb r1, [r6]
	ldrb r0, [r6, #1]
	cmp r1, r0
	beq _037FC4D4
	ldrb r0, [r6, #2]
	cmp r0, #0
	beq _037FC4B0
_037FC4D4:
	ldrb r0, [r6, #2]
	add r5, r5, #1
	cmp r0, #0
	beq _037FC4A0
	mov r0, #1
	strb r0, [r6, #3]
	b _037FC54C
_037FC4F0:
	strb r5, [r6, #1]
	b _037FC520
_037FC4F8:
	ldrb r1, [r6, #1]
	ldrb r0, [r6]
	cmp r1, r0
	ldrneb r0, [r6]
	strneb r0, [r6, #1]
	ldrneb r0, [r6, #1]
	addne r5, r5, r0
	bne _037FC520
	mov r0, r4
	bl FUN_037FC554
_037FC520:
	cmp r5, #0x300
	blt _037FC4F8
	mov r0, #1
	strb r7, [r6, #3]
	strb r0, [r6, #2]
	b _037FC540
_037FC538:
	mov r0, r4
	bl FUN_037FC554
_037FC540:
	ldrb r0, [r6, #3]
	cmp r0, #0
	beq _037FC538
_037FC54C:
	ldmia sp!, {r3, r4, r5, r6, r7, lr}
	bx lr
	arm_func_end FUN_037FC480

	arm_func_start FUN_037FC554
FUN_037FC554: ; 0x037FC554
	ldr ip, _037FC55C ; =FUN_037FB504
	bx ip
	.balign 4, 0
_037FC55C: .word 0x037FB505
	arm_func_end FUN_037FC554

	arm_func_start FUN_037FC560
FUN_037FC560: ; 0x037FC560
	stmdb sp!, {r4, lr}
	ldr r2, _037FC5B0 ; =0x038096A8
	ldr r0, [r2]
	cmp r0, #0
	bne _037FC5A8
	ldr r4, _037FC5B4 ; =0x02FFFFB8
	mov r0, #1
	sub r1, r0, #2
	mov r3, #0x10000
	str r1, [r4]
	rsb r3, r3, #0
	add r1, r4, #0x38
	str r0, [r2]
	str r3, [r4, #4]
	bl FUN_037FC480
	add r1, r4, #0x38
	mov r0, #0
	bl FUN_037FC480
_037FC5A8:
	ldmia sp!, {r4, lr}
	bx lr
	.balign 4, 0
_037FC5B0: .word 0x038096A8
_037FC5B4: .word 0x02FFFFB8
	arm_func_end FUN_037FC560
_037FC5B8:
	.byte 0xF0, 0x41, 0x2D, 0xE9, 0x00, 0x80, 0xA0, 0xE1
	.byte 0x01, 0x70, 0xA0, 0xE1, 0x02, 0x60, 0xA0, 0xE1, 0x01, 0x5B, 0xA0, 0xE3, 0x00, 0x40, 0xA0, 0xE3
	.byte 0x01, 0x00, 0x00, 0xEA, 0x05, 0x00, 0xA0, 0xE1, 0xDD, 0xFF, 0xFF, 0xEB, 0x08, 0x00, 0xA0, 0xE1
	.byte 0x07, 0x10, 0xA0, 0xE1, 0x06, 0x20, 0xA0, 0xE1, 0x04, 0x30, 0xA0, 0xE1, 0x21, 0x00, 0x00, 0xEB
	.byte 0x00, 0x00, 0x50, 0xE3, 0xF6, 0xFF, 0xFF, 0xCA, 0xF0, 0x41, 0xBD, 0xE8, 0x1E, 0xFF, 0x2F, 0xE1

	arm_func_start FUN_037FC600
FUN_037FC600: ; 0x037FC600
	stmdb sp!, {r4, r5, r6, r7, r8, lr}
	mov r8, r1
	ldrh r1, [r8, #4]
	mov r7, r2
	cmp r0, r1
	mov r6, r3
	mov r4, #0
	mvnne r0, #1
	bne _037FC670
	cmp r6, #0
	beq _037FC634
	bl FUN_037FEF88
	b _037FC638
_037FC634:
	bl FUN_037FEF5C
_037FC638:
	mov r5, r0
	strh r4, [r8, #4]
	cmp r7, #0
	beq _037FC650
	mov lr, pc
	bx r7
_037FC650:
	str r4, [r8]
	cmp r6, #0
	mov r0, r5
	beq _037FC668
	bl FUN_037FEF9C
	b _037FC66C
_037FC668:
	bl FUN_037FEF70
_037FC66C:
	mov r0, #0
_037FC670:
	ldmia sp!, {r4, r5, r6, r7, r8, lr}
	bx lr
	arm_func_end FUN_037FC600

	arm_func_start FUN_037FC678
FUN_037FC678: ; 0x037FC678
	stmdb sp!, {r3, r4, r5, r6, r7, r8, sb, lr}
	movs r6, r3
	mov sb, r0
	mov r8, r1
	mov r7, r2
	beq _037FC698
	bl FUN_037FEF88
	b _037FC69C
_037FC698:
	bl FUN_037FEF5C
_037FC69C:
	mov r5, r0
	mov r0, sb
	mov r1, r8
	bl FUN_037FF8A0
	movs r4, r0
	bne _037FC6C8
	cmp r7, #0
	beq _037FC6C4
	mov lr, pc
	bx r7
_037FC6C4:
	strh sb, [r8, #4]
_037FC6C8:
	cmp r6, #0
	mov r0, r5
	beq _037FC6DC
	bl FUN_037FEF9C
	b _037FC6E0
_037FC6DC:
	bl FUN_037FEF70
_037FC6E0:
	mov r0, r4
	ldmia sp!, {r3, r4, r5, r6, r7, r8, sb, lr}
	bx lr
	arm_func_end FUN_037FC678

	arm_func_start FUN_037FC6EC
FUN_037FC6EC: ; 0x037FC6EC
	stmdb sp!, {r4, r5, r6, r7, r8, lr}
	ldr r6, _037FC734 ; =0x02FFFFE8
	ldr r5, _037FC738 ; =0x037FC788
	mov r8, r0
	mov r7, #0x400
	mov r4, #1
	b _037FC710
_037FC708:
	mov r0, r7
	bl FUN_037FC554
_037FC710:
	mov r0, r8
	mov r1, r6
	mov r2, r5
	mov r3, r4
	bl FUN_037FC678
	cmp r0, #0
	bgt _037FC708
	ldmia sp!, {r4, r5, r6, r7, r8, lr}
	bx lr
	.balign 4, 0
_037FC734: .word 0x02FFFFE8
_037FC738: .word 0x037FC788
	arm_func_end FUN_037FC6EC

	arm_func_start FUN_037FC73C
FUN_037FC73C: ; 0x037FC73C
	ldr r1, _037FC750 ; =0x02FFFFE8
	ldr r2, _037FC754 ; =0x037FC78C
	ldr ip, _037FC758 ; =FUN_037FC600
	mov r3, #1
	bx ip
	.balign 4, 0
_037FC750: .word 0x02FFFFE8
_037FC754: .word 0x037FC78C
_037FC758: .word 0x037FC600
	arm_func_end FUN_037FC73C

	arm_func_start FUN_037FC75C
FUN_037FC75C: ; 0x037FC75C
	ldr r1, _037FC764 ; =FUN_037FC73C
	bx r1
	.balign 4, 0
_037FC764: .word 0x037FC73C
	arm_func_end FUN_037FC75C

	arm_func_start FUN_037FC768
FUN_037FC768: ; 0x037FC768
	ldr r1, _037FC77C ; =0x02FFFFE8
	ldr r2, _037FC780 ; =0x037FC788
	ldr ip, _037FC784 ; =FUN_037FC678
	mov r3, #1
	bx ip
	.balign 4, 0
_037FC77C: .word 0x02FFFFE8
_037FC780: .word 0x037FC788
_037FC784: .word 0x037FC678
	arm_func_end FUN_037FC768
_037FC788:
	.byte 0x1E, 0xFF, 0x2F, 0xE1, 0x1E, 0xFF, 0x2F, 0xE1
	.byte 0x08, 0x10, 0x9F, 0xE5, 0x08, 0x20, 0x9F, 0xE5, 0x08, 0xC0, 0x9F, 0xE5, 0x1C, 0xFF, 0x2F, 0xE1
	.byte 0xE0, 0xFF, 0xFF, 0x02, 0xEC, 0xC7, 0x7F, 0x03, 0xB8, 0xC5, 0x7F, 0x03

	arm_func_start FUN_037FC7AC
FUN_037FC7AC: ; 0x037FC7AC
	ldr r1, _037FC7C0 ; =0x02FFFFE0
	ldr r2, _037FC7C4 ; =0x037FC7F0
	ldr ip, _037FC7C8 ; =FUN_037FC600
	mov r3, #0
	bx ip
	.balign 4, 0
_037FC7C0: .word 0x02FFFFE0
_037FC7C4: .word 0x037FC7F0
_037FC7C8: .word 0x037FC600
	arm_func_end FUN_037FC7AC

	arm_func_start FUN_037FC7CC
FUN_037FC7CC: ; 0x037FC7CC
	ldr r1, _037FC7E0 ; =0x02FFFFE0
	ldr r2, _037FC7E4 ; =0x037FC7EC
	ldr ip, _037FC7E8 ; =FUN_037FC678
	mov r3, #0
	bx ip
	.balign 4, 0
_037FC7E0: .word 0x02FFFFE0
_037FC7E4: .word 0x037FC7EC
_037FC7E8: .word 0x037FC678
	arm_func_end FUN_037FC7CC
_037FC7EC:
	.byte 0x1E, 0xFF, 0x2F, 0xE1
	.byte 0x1E, 0xFF, 0x2F, 0xE1

	arm_func_start FUN_037FC7F4
FUN_037FC7F4: ; 0x037FC7F4
	ldrh r0, [r0, #4]
	bx lr
	arm_func_end FUN_037FC7F4

	arm_func_start FUN_037FC7FC
FUN_037FC7FC: ; 0x037FC7FC
	ldr r3, _037FC88C ; =0x02FFFFB8
	ldr r1, [r3]
	mov r2, #0
	mov r0, #0x80000000
_037FC80C:
	tst r1, r0
	bne _037FC828
	add r2, r2, #1
	cmp r2, #0x20
	beq _037FC828
	mov r0, r0, lsr #1
	b _037FC80C
_037FC828:
	cmp r2, #0x20
	movne r0, #0x80
	bne _037FC870
	add r3, r3, #4
	ldr r1, [r3]
	mov r2, #0
	mov r0, #0x80000000
_037FC844:
	tst r1, r0
	bne _037FC860
	add r2, r2, #1
	cmp r2, #0x20
	beq _037FC860
	mov r0, r0, lsr #1
	b _037FC844
_037FC860:
	cmp r2, #0x20
	ldr r0, _037FC890 ; =0xFFFFFFFD
	bxeq lr
	mov r0, #0xa0
_037FC870:
	add r0, r0, r2
	mov r1, #0x80000000
	mov r1, r1, lsr r2
	ldr r2, [r3]
	bic r2, r2, r1
	str r2, [r3]
	bx lr
	.balign 4, 0
_037FC88C: .word 0x02FFFFB8
_037FC890: .word 0xFFFFFFFD
	arm_func_end FUN_037FC7FC

	arm_func_start FUN_037FC894
FUN_037FC894: ; 0x037FC894
	ldr r3, _037FC8C0 ; =0x02FFFFB8
	cmp r0, #0xa0
	addpl r3, r3, #4
	subpl r0, r0, #0xa0
	submi r0, r0, #0x80
	mov r1, #0x80000000
	mov r1, r1, lsr r0
	ldr r2, [r3]
	orr r2, r2, r1
	str r2, [r3]
	bx lr
	.balign 4, 0
_037FC8C0: .word 0x02FFFFB8
	arm_func_end FUN_037FC894
_037FC8C4:
	.byte 0x0F, 0x00, 0x2D, 0xE9, 0x08, 0x40, 0x2D, 0xE9, 0x0C, 0x20, 0x9D, 0xE5
	.byte 0x0C, 0x10, 0x8D, 0xE2, 0x03, 0x10, 0xC1, 0xE3, 0x04, 0x30, 0x81, 0xE2, 0x02, 0x11, 0xE0, 0xE3
	.byte 0x90, 0x2C, 0x00, 0xEB, 0x08, 0x40, 0xBD, 0xE8, 0x10, 0xD0, 0x8D, 0xE2, 0x1E, 0xFF, 0x2F, 0xE1
	.byte 0x0F, 0x00, 0x2D, 0xE9, 0x08, 0x40, 0x2D, 0xE9, 0x10, 0x20, 0x9D, 0xE5, 0x10, 0x30, 0x8D, 0xE2
	.byte 0x03, 0x30, 0xC3, 0xE3, 0x04, 0x30, 0x83, 0xE2, 0x86, 0x2C, 0x00, 0xEB, 0x08, 0x40, 0xBD, 0xE8
	.byte 0x10, 0xD0, 0x8D, 0xE2, 0x1E, 0xFF, 0x2F, 0xE1

	arm_func_start FUN_037FC918
FUN_037FC918: ; 0x037FC918
	ldr ip, [r0]
	b _037FC92C
_037FC920:
	cmp ip, r1
	bxeq lr
	ldr ip, [ip, #0x64]
_037FC92C:
	cmp ip, #0
	beq _037FC944
	ldr r3, [ip, #0x54]
	ldr r2, [r1, #0x54]
	cmp r3, r2
	bls _037FC920
_037FC944:
	cmp ip, #0
	bne _037FC970
	ldr r3, [r0, #4]
	mov r2, #0
	cmp r3, #0
	streq r1, [r0]
	strne r1, [r3, #0x64]
	str r3, [r1, #0x60]
	str r2, [r1, #0x64]
	str r1, [r0, #4]
	bx lr
_037FC970:
	ldr r2, [ip, #0x60]
	cmp r2, #0
	streq r1, [r0]
	strne r1, [r2, #0x64]
	str r2, [r1, #0x60]
	str ip, [r1, #0x64]
	str r1, [ip, #0x60]
	bx lr
	arm_func_end FUN_037FC918
_037FC990:
	.byte 0x08, 0x40, 0x2D, 0xE9, 0x00, 0xE0, 0x90, 0xE5, 0x0E, 0x20, 0xA0, 0xE1, 0x0C, 0x00, 0x00, 0xEA
	.byte 0x64, 0x30, 0x92, 0xE5, 0x01, 0x00, 0x52, 0xE1, 0x08, 0x00, 0x00, 0x1A, 0x60, 0xC0, 0x92, 0xE5
	.byte 0x02, 0x00, 0x5E, 0xE1, 0x00, 0x30, 0x80, 0x05, 0x64, 0x30, 0x8C, 0x15, 0x04, 0x10, 0x90, 0xE5
	.byte 0x02, 0x00, 0x51, 0xE1, 0x04, 0xC0, 0x80, 0x05, 0x60, 0xC0, 0x83, 0x15, 0x02, 0x00, 0x00, 0xEA
	.byte 0x03, 0x20, 0xA0, 0xE1, 0x00, 0x00, 0x52, 0xE3, 0xF0, 0xFF, 0xFF, 0x1A, 0x02, 0x00, 0xA0, 0xE1
	.byte 0x08, 0x40, 0xBD, 0xE8, 0x1E, 0xFF, 0x2F, 0xE1, 0x00, 0x20, 0x90, 0xE5, 0x00, 0x00, 0x52, 0xE3
	.byte 0x06, 0x00, 0x00, 0x0A, 0x10, 0x10, 0x92, 0xE5, 0x00, 0x10, 0x80, 0xE5, 0x00, 0x00, 0x51, 0xE3
	.byte 0x00, 0x00, 0xA0, 0x13, 0x14, 0x00, 0x81, 0x15, 0x00, 0x10, 0xA0, 0x03, 0x04, 0x10, 0x80, 0x05
	.byte 0x02, 0x00, 0xA0, 0xE1, 0x1E, 0xFF, 0x2F, 0xE1

	arm_func_start FUN_037FCA18
FUN_037FCA18: ; 0x037FCA18
	stmdb sp!, {r3, lr}
	ldr r1, _037FCA74 ; =0x038096AC
	mov ip, #0
	ldr lr, [r1, #0x24]
	mov r3, lr
	b _037FCA38
_037FCA30:
	mov ip, r3
	ldr r3, [r3, #0x4c]
_037FCA38:
	cmp r3, #0
	beq _037FCA50
	ldr r2, [r3, #0x54]
	ldr r1, [r0, #0x54]
	cmp r2, r1
	blo _037FCA30
_037FCA50:
	cmp ip, #0
	ldreq r1, _037FCA74 ; =0x038096AC
	streq lr, [r0, #0x4c]
	streq r0, [r1, #0x24]
	ldrne r1, [ip, #0x4c]
	strne r1, [r0, #0x4c]
	strne r0, [ip, #0x4c]
	ldmia sp!, {r3, lr}
	bx lr
	.balign 4, 0
_037FCA74: .word 0x038096AC
	arm_func_end FUN_037FCA18
_037FCA78:
	.byte 0x3C, 0x10, 0x9F, 0xE5, 0x00, 0x20, 0xA0, 0xE3
	.byte 0x24, 0x10, 0x91, 0xE5, 0x01, 0x00, 0x00, 0xEA, 0x01, 0x20, 0xA0, 0xE1, 0x4C, 0x10, 0x91, 0xE5
	.byte 0x00, 0x00, 0x51, 0xE3, 0x01, 0x00, 0x00, 0x0A, 0x00, 0x00, 0x51, 0xE1, 0xF9, 0xFF, 0xFF, 0x1A
	.byte 0x00, 0x00, 0x52, 0xE3, 0x4C, 0x10, 0x90, 0x05, 0x0C, 0x00, 0x9F, 0x05, 0x24, 0x10, 0x80, 0x05
	.byte 0x4C, 0x00, 0x90, 0x15, 0x4C, 0x00, 0x82, 0x15, 0x1E, 0xFF, 0x2F, 0xE1, 0xAC, 0x96, 0x80, 0x03

	arm_func_start FUN_037FCAC0
FUN_037FCAC0: ; 0x037FCAC0
	stmdb sp!, {r3, r4, r5, r6, r7, lr}
	ldr r4, _037FCB80 ; =0x038096AC
	ldr r0, [r4, #4]
	cmp r0, #0
	bne _037FCB78
	ldrh r0, [r4, #0x1e]
	ldr r5, _037FCB84 ; =0x038096C8
	cmp r0, #0
	bne _037FCAF0
	bl FUN_037FEFB4
	cmp r0, #0x12
	bne _037FCAFC
_037FCAF0:
	mov r0, #1
	strh r0, [r5]
	b _037FCB78
_037FCAFC:
	ldr r0, [r4, #8]
	ldr r6, [r0]
	bl FUN_037FD000
	mov r7, r0
	cmp r6, r7
	cmpne r7, #0
	beq _037FCB78
	ldr r0, [r6, #0x48]
	cmp r0, #2
	beq _037FCB34
	mov r0, r6
	bl FUN_037FD2BC
	cmp r0, #0
	bne _037FCB78
_037FCB34:
	ldr r2, [r4]
	cmp r2, #0
	beq _037FCB50
	mov r0, r6
	mov r1, r7
	mov lr, pc
	bx r2
_037FCB50:
	ldr r2, [r5, #0xc]
	cmp r2, #0
	beq _037FCB6C
	mov r0, r6
	mov r1, r7
	mov lr, pc
	bx r2
_037FCB6C:
	mov r0, r7
	str r7, [r4, #0x20]
	bl FUN_037FD2F0
_037FCB78:
	ldmia sp!, {r3, r4, r5, r6, r7, lr}
	bx lr
	.balign 4, 0
_037FCB80: .word 0x038096AC
_037FCB84: .word 0x038096C8
	arm_func_end FUN_037FCAC0

	arm_func_start FUN_037FCB88
FUN_037FCB88: ; 0x037FCB88
	stmdb sp!, {r1, r2, r3, r4, r5, lr}
	ldr r0, _037FCC8C ; =0x038096AC
	ldr r1, [r0, #0xc]
	cmp r1, #0
	bne _037FCC84
	ldr r2, _037FCC90 ; =0x038096CC
	mov r3, #1
	str r3, [r0, #0xc]
	str r2, [r0, #8]
	ldr r1, _037FCC94 ; =0x03809804
	mov r2, #0x10
	str r2, [r1, #0x54]
	mov r2, #0
	str r2, [r1, #0x50]
	str r3, [r1, #0x48]
	str r2, [r1, #0x4c]
	str r2, [r1, #0x58]
	ldr r2, _037FCC98 ; =0x00000400
	str r1, [r0, #0x24]
	str r1, [r0, #0x20]
	cmp r2, #0
	ldrle r0, _037FCC9C ; =FUN_037F8000
	ldrgt r1, _037FCCA0 ; =0x00000400
	ldrgt r0, _037FCCA4 ; =0x0380FF80
	mov r4, #0
	subgt r0, r0, r1
	sub r3, r0, r2
	ldr r2, _037FCCA0 ; =0x00000400
	ldr r0, _037FCCA4 ; =0x0380FF80
	ldr r1, _037FCC94 ; =0x03809804
	sub r2, r0, r2
	str r2, [r1, #0x78]
	str r3, [r1, #0x74]
	ldr r0, _037FCCA8 ; =0xD73BFDF7
	str r4, [r1, #0x7c]
	str r0, [r2, #-8]
	ldr r2, [r1, #0x74]
	ldr r3, _037FCCAC ; =0xFBDD37BB
	ldr r0, _037FCC8C ; =0x038096AC
	str r3, [r2]
	str r4, [r1, #0x84]
	str r4, [r1, #0x80]
	strh r4, [r0, #0x1c]
	strh r4, [r0, #0x1e]
	ldr r2, _037FCCB0 ; =0x038096C8
	ldr r1, _037FCCB4 ; =0x02FFFFA4
	mov r0, r4
	str r2, [r1]
	bl FUN_037FD19C
	mov r0, #0x88
	ldr r5, _037FCCB8 ; =0x03809760
	str r0, [sp]
	mov ip, #0x1f
	ldr r1, _037FCCBC ; =0x037FD1C8
	ldr r3, _037FCCC0 ; =0x03809760
	mov r0, r5
	mov r2, r4
	str ip, [sp, #4]
	bl FUN_037FCCC4
	mov r0, #0x20
	str r0, [r5, #0x54]
	mov r0, #1
	str r0, [r5, #0x48]
_037FCC84:
	ldmia sp!, {r1, r2, r3, r4, r5, lr}
	bx lr
	.balign 4, 0
_037FCC8C: .word 0x038096AC
_037FCC90: .word 0x038096CC
_037FCC94: .word 0x03809804
_037FCC98: .word 0x00000400
_037FCC9C: .word 0x037F8000
_037FCCA0: .word 0x00000400
_037FCCA4: .word 0x0380FF80
_037FCCA8: .word 0xD73BFDF7
_037FCCAC: .word 0xFBDD37BB
_037FCCB0: .word 0x038096C8
_037FCCB4: .word 0x02FFFFA4
_037FCCB8: .word 0x03809760
_037FCCBC: .word 0x037FD1C8
_037FCCC0: .word 0x03809760
	arm_func_end FUN_037FCB88

	arm_func_start FUN_037FCCC4
FUN_037FCCC4: ; 0x037FCCC4
	stmdb sp!, {r3, r4, r5, r6, r7, r8, sb, lr}
	mov sb, r0
	mov r6, r1
	mov r8, r2
	mov r7, r3
	bl FUN_037FEF5C
	ldr r1, _037FCDB0 ; =0x038096AC
	mov r5, r0
	ldr r2, [r1, #0x18]
	ldr r0, [sp, #0x24]
	add r2, r2, #1
	str r2, [r1, #0x18]
	mov r4, #0
	str r0, [sb, #0x54]
	mov r0, sb
	str r2, [sb, #0x50]
	str r4, [sb, #0x48]
	str r4, [sb, #0x58]
	bl FUN_037FCA18
	mov r1, r6
	str r7, [sb, #0x78]
	str r4, [sb, #0x7c]
	ldr r2, [sp, #0x20]
	ldr r0, _037FCDB4 ; =0xD73BFDF7
	sub r6, r7, r2
	str r6, [sb, #0x74]
	str r0, [r7, #-8]
	sub r2, r7, #8
	ldr r7, _037FCDB8 ; =0xFBDD37BB
	ldr r3, [sb, #0x74]
	mov r0, sb
	str r7, [r3]
	str r4, [sb, #0x84]
	str r4, [sb, #0x80]
	bl FUN_037FD250
	str r8, [sb, #4]
	add r1, r6, #4
	ldr r2, _037FCDBC ; =0x037FCDC0
	mov r0, r4
	str r2, [sb, #0x3c]
	ldr r2, [sp, #0x20]
	sub r2, r2, #0xc
	bl FUN_037FF590
	str r4, [sb, #0x68]
	str r4, [sb, #0x6c]
	str r4, [sb, #0x70]
	str r4, [sb, #0x98]
	str r4, [sb, #0x5c]
	str r4, [sb, #0x64]
	str r4, [sb, #0x60]
	mov r0, r4
	add r1, sb, #0x88
	mov r2, #0xc
	bl FUN_037FF590
	str r4, [sb, #0x94]
	mov r0, r5
	bl FUN_037FEF70
	ldmia sp!, {r3, r4, r5, r6, r7, r8, sb, lr}
	bx lr
	.balign 4, 0
_037FCDB0: .word 0x038096AC
_037FCDB4: .word 0xD73BFDF7
_037FCDB8: .word 0xFBDD37BB
_037FCDBC: .word 0x037FCDC0
	arm_func_end FUN_037FCCC4
_037FCDC0:
	.byte 0x08, 0x40, 0x2D, 0xE9, 0x64, 0x08, 0x00, 0xEB, 0x10, 0x00, 0x9F, 0xE5, 0x00, 0x10, 0xA0, 0xE3
	.byte 0x20, 0x00, 0x90, 0xE5, 0x02, 0x00, 0x00, 0xEB, 0x08, 0x40, 0xBD, 0xE8, 0x1E, 0xFF, 0x2F, 0xE1
	.byte 0xAC, 0x96, 0x80, 0x03, 0x38, 0x40, 0x2D, 0xE9, 0x48, 0x20, 0x9F, 0xE5, 0x00, 0x50, 0xA0, 0xE1
	.byte 0x14, 0x20, 0x92, 0xE5, 0x01, 0x40, 0xA0, 0xE1, 0x00, 0x00, 0x52, 0xE3, 0x09, 0x00, 0x00, 0x0A
	.byte 0x34, 0x10, 0x9F, 0xE5, 0x11, 0x01, 0x00, 0xEB, 0x00, 0x00, 0x95, 0xE5, 0x01, 0x10, 0xA0, 0xE3
	.byte 0x80, 0x20, 0x80, 0xE3, 0x14, 0x00, 0x85, 0xE8, 0x05, 0x00, 0xA0, 0xE1, 0x48, 0x10, 0x85, 0xE5
	.byte 0x32, 0x01, 0x00, 0xEB, 0x01, 0x00, 0x00, 0xEA, 0x04, 0x00, 0xA0, 0xE1, 0x03, 0x00, 0x00, 0xEB
	.byte 0x38, 0x40, 0xBD, 0xE8, 0x1E, 0xFF, 0x2F, 0xE1, 0xAC, 0x96, 0x80, 0x03, 0x40, 0xCE, 0x7F, 0x03
	.byte 0x08, 0x40, 0x2D, 0xE9, 0x30, 0x10, 0x9F, 0xE5, 0x08, 0x10, 0x91, 0xE5, 0x00, 0x30, 0x91, 0xE5
	.byte 0x98, 0x20, 0x93, 0xE5, 0x00, 0x00, 0x52, 0xE3, 0x04, 0x00, 0x00, 0x0A, 0x00, 0x10, 0xA0, 0xE3
	.byte 0x98, 0x10, 0x83, 0xE5, 0x0F, 0xE0, 0xA0, 0xE1, 0x12, 0xFF, 0x2F, 0xE1, 0x3A, 0x08, 0x00, 0xEB
	.byte 0x02, 0x00, 0x00, 0xEB, 0x08, 0x40, 0xBD, 0xE8, 0x1E, 0xFF, 0x2F, 0xE1, 0xAC, 0x96, 0x80, 0x03
	.byte 0x10, 0x40, 0x2D, 0xE9, 0x60, 0x00, 0x9F, 0xE5, 0x08, 0x00, 0x90, 0xE5, 0x00, 0x40, 0x90, 0xE5
	.byte 0xD3, 0x00, 0x00, 0xEB, 0x04, 0x00, 0xA0, 0xE1, 0x55, 0x02, 0x00, 0xEB, 0x5C, 0x00, 0x94, 0xE5
	.byte 0x00, 0x00, 0x50, 0xE3, 0x01, 0x00, 0x00, 0x0A, 0x04, 0x10, 0xA0, 0xE1, 0xB7, 0xFE, 0xFF, 0xEB
	.byte 0x04, 0x00, 0xA0, 0xE1, 0xEF, 0xFE, 0xFF, 0xEB, 0x02, 0x10, 0xA0, 0xE3, 0x80, 0x00, 0x84, 0xE2
	.byte 0x48, 0x10, 0x84, 0xE5, 0x23, 0x00, 0x00, 0xEB, 0xD2, 0x00, 0x00, 0xEB, 0x22, 0x08, 0x00, 0xEB
	.byte 0x00, 0x40, 0xA0, 0xE1, 0xF9, 0xFE, 0xFF, 0xEB, 0x04, 0x00, 0xA0, 0xE1, 0x23, 0x08, 0x00, 0xEB
	.byte 0xA9, 0x08, 0x00, 0xEB, 0x10, 0x40, 0xBD, 0xE8, 0x1E, 0xFF, 0x2F, 0xE1, 0xAC, 0x96, 0x80, 0x03
	.byte 0x48, 0x00, 0x90, 0xE5, 0x02, 0x00, 0x50, 0xE3, 0x01, 0x00, 0xA0, 0x03, 0x00, 0x00, 0xA0, 0x13
	.byte 0x1E, 0xFF, 0x2F, 0xE1

	arm_func_start FUN_037FCF04
FUN_037FCF04: ; 0x037FCF04
	stmdb sp!, {r4, r5, r6, lr}
	mov r6, r0
	bl FUN_037FEF5C
	ldr r1, _037FCF54 ; =0x038096AC
	mov r4, r0
	ldr r0, [r1, #8]
	cmp r6, #0
	ldr r5, [r0]
	beq _037FCF38
	mov r0, r6
	mov r1, r5
	str r6, [r5, #0x5c]
	bl FUN_037FC918
_037FCF38:
	mov r0, #0
	str r0, [r5, #0x48]
	bl FUN_037FCAC0
	mov r0, r4
	bl FUN_037FEF70
	ldmia sp!, {r4, r5, r6, lr}
	bx lr
	.balign 4, 0
_037FCF54: .word 0x038096AC
	arm_func_end FUN_037FCF04

	arm_func_start FUN_037FCF58
FUN_037FCF58: ; 0x037FCF58
	stmdb sp!, {r4, r5, r6, lr}
	mov r6, r0
	mov r4, #0
	bl FUN_037FEF5C
	ldr r1, [r6]
	mov r5, r0
	cmp r1, #0
	beq _037FCFC4
	mov r0, #1
	b _037FCFAC
_037FCF80:
	beq _037FCF9C
	ldr r1, [r2, #0x64]
	str r1, [r6]
	cmp r1, #0
	strne r4, [r1, #0x60]
	streq r4, [r6, #4]
	streq r4, [r2, #0x5c]
_037FCF9C:
	str r0, [r2, #0x48]
	str r4, [r2, #0x5c]
	str r4, [r2, #0x64]
	str r4, [r2, #0x60]
_037FCFAC:
	ldr r2, [r6]
	cmp r2, #0
	bne _037FCF80
	str r4, [r6, #4]
	str r4, [r6]
	bl FUN_037FCAC0
_037FCFC4:
	mov r0, r5
	bl FUN_037FEF70
	ldmia sp!, {r4, r5, r6, lr}
	bx lr
	arm_func_end FUN_037FCF58

	arm_func_start FUN_037FCFD4
FUN_037FCFD4: ; 0x037FCFD4
	stmdb sp!, {r3, r4, r5, lr}
	mov r5, r0
	bl FUN_037FEF5C
	mov r1, #1
	mov r4, r0
	str r1, [r5, #0x48]
	bl FUN_037FCAC0
	mov r0, r4
	bl FUN_037FEF70
	ldmia sp!, {r3, r4, r5, lr}
	bx lr
	arm_func_end FUN_037FCFD4

	arm_func_start FUN_037FD000
FUN_037FD000: ; 0x037FD000
	ldr r0, _037FD028 ; =0x038096AC
	ldr r0, [r0, #0x24]
	b _037FD010
_037FD00C:
	ldr r0, [r0, #0x4c]
_037FD010:
	cmp r0, #0
	bxeq lr
	ldr r1, [r0, #0x48]
	cmp r1, #1
	bne _037FD00C
	bx lr
	.balign 4, 0
_037FD028: .word 0x038096AC
	arm_func_end FUN_037FD000

	arm_func_start FUN_037FD02C
FUN_037FD02C: ; 0x037FD02C
	stmdb sp!, {r4, r5, r6, r7, r8, lr}
	ldr r2, _037FD0D0 ; =0x038096AC
	mov r7, r0
	ldr r8, [r2, #0x24]
	mov r6, r1
	mov r4, #0
	bl FUN_037FEF5C
	mov r5, r0
	b _037FD058
_037FD050:
	mov r4, r8
	ldr r8, [r8, #0x4c]
_037FD058:
	cmp r8, #0
	beq _037FD068
	cmp r8, r7
	bne _037FD050
_037FD068:
	cmp r8, #0
	ldrne r0, _037FD0D4 ; =0x03809760
	cmpne r8, r0
	bne _037FD088
	mov r0, r5
	bl FUN_037FEF70
	mov r0, #0
	b _037FD0C8
_037FD088:
	ldr r0, [r8, #0x54]
	cmp r0, r6
	beq _037FD0BC
	cmp r4, #0
	ldreq r1, [r7, #0x4c]
	ldreq r0, _037FD0D0 ; =0x038096AC
	streq r1, [r0, #0x24]
	ldrne r0, [r7, #0x4c]
	strne r0, [r4, #0x4c]
	mov r0, r7
	str r6, [r7, #0x54]
	bl FUN_037FCA18
	bl FUN_037FCAC0
_037FD0BC:
	mov r0, r5
	bl FUN_037FEF70
	mov r0, #1
_037FD0C8:
	ldmia sp!, {r4, r5, r6, r7, r8, lr}
	bx lr
	.balign 4, 0
_037FD0D0: .word 0x038096AC
_037FD0D4: .word 0x03809760
	arm_func_end FUN_037FD02C
_037FD0D8:
	.byte 0x54, 0x00, 0x90, 0xE5, 0x1E, 0xFF, 0x2F, 0xE1

	arm_func_start FUN_037FD0E0
FUN_037FD0E0: ; 0x037FD0E0
	stmdb sp!, {r4, r5, lr}
	sub sp, sp, #0x34
	add r4, sp, #8
	mov r5, r0
	mov r0, r4
	bl FUN_037FE644
	ldr r0, _037FD170 ; =0x038096AC
	ldr r0, [r0, #8]
	ldr r0, [r0]
	str r0, [sp, #4]
	bl FUN_037FEF5C
	ldr r1, _037FD174 ; =0x000082EA
	ldr r2, [sp, #4]
	umull r1, ip, r5, r1
	str r4, [r2, #0x94]
	mov r1, r1, lsr #6
	add r2, sp, #4
	mov r5, r0
	str r2, [sp]
	ldr r3, _037FD178 ; =0x037FD17C
	mov r0, r4
	mov r2, ip, lsr #6
	orr r1, r1, ip, lsl #26
	bl FUN_037FE774
	mov r4, #0
	b _037FD150
_037FD148:
	mov r0, r4
	bl FUN_037FCF04
_037FD150:
	ldr r0, [sp, #4]
	cmp r0, #0
	bne _037FD148
	mov r0, r5
	bl FUN_037FEF70
	add sp, sp, #0x34
	ldmia sp!, {r4, r5, lr}
	bx lr
	.balign 4, 0
_037FD170: .word 0x038096AC
_037FD174: .word 0x000082EA
_037FD178: .word 0x037FD17C
	arm_func_end FUN_037FD0E0
_037FD17C:
	.byte 0x00, 0x20, 0x90, 0xE5
	.byte 0x00, 0x10, 0xA0, 0xE3, 0x00, 0x10, 0x80, 0xE5, 0x08, 0xC0, 0x9F, 0xE5, 0x02, 0x00, 0xA0, 0xE1
	.byte 0x94, 0x10, 0x82, 0xE5, 0x1C, 0xFF, 0x2F, 0xE1, 0xD4, 0xCF, 0x7F, 0x03

	arm_func_start FUN_037FD19C
FUN_037FD19C: ; 0x037FD19C
	stmdb sp!, {r3, r4, r5, lr}
	mov r5, r0
	bl FUN_037FEF5C
	ldr r1, _037FD1C4 ; =0x038096AC
	ldr r4, [r1, #0x28]
	str r5, [r1, #0x28]
	bl FUN_037FEF70
	mov r0, r4
	ldmia sp!, {r3, r4, r5, lr}
	bx lr
	.balign 4, 0
_037FD1C4: .word 0x038096AC
	arm_func_end FUN_037FD19C
_037FD1C8:
	.byte 0x08, 0x40, 0x2D, 0xE9, 0x5D, 0x07, 0x00, 0xEB
	.byte 0x00, 0x00, 0x00, 0xEB, 0xFD, 0xFF, 0xFF, 0xEA, 0x00, 0xC0, 0x9F, 0xE5, 0x1C, 0xFF, 0x2F, 0xE1
	.byte 0x1F, 0xB5, 0x7F, 0x03, 0x10, 0x40, 0x2D, 0xE9, 0x5B, 0x07, 0x00, 0xEB, 0x20, 0x10, 0x9F, 0xE5
	.byte 0x04, 0x30, 0x91, 0xE5, 0x01, 0x00, 0x73, 0xE3, 0x01, 0x20, 0x83, 0x32, 0x04, 0x20, 0x81, 0x35
	.byte 0x03, 0x40, 0xA0, 0x31, 0x59, 0x07, 0x00, 0xEB, 0x04, 0x00, 0xA0, 0xE1, 0x10, 0x40, 0xBD, 0xE8
	.byte 0x1E, 0xFF, 0x2F, 0xE1, 0xAC, 0x96, 0x80, 0x03, 0x10, 0x40, 0x2D, 0xE9, 0x4E, 0x07, 0x00, 0xEB
	.byte 0x24, 0x10, 0x9F, 0xE5, 0x00, 0x40, 0xA0, 0xE3, 0x04, 0x30, 0x91, 0xE5, 0x00, 0x00, 0x53, 0xE3
	.byte 0x01, 0x20, 0x43, 0x12, 0x04, 0x20, 0x81, 0x15, 0x03, 0x40, 0xA0, 0x11, 0x4B, 0x07, 0x00, 0xEB
	.byte 0x04, 0x00, 0xA0, 0xE1, 0x10, 0x40, 0xBD, 0xE8, 0x1E, 0xFF, 0x2F, 0xE1, 0xAC, 0x96, 0x80, 0x03

	arm_func_start FUN_037FD250
FUN_037FD250: ; 0x037FD250
	add r1, r1, #4
	str r1, [r0, #0x40]
	str r2, [r0, #0x44]
	sub r2, r2, #0x40
	tst r2, #4
	subne r2, r2, #4
	str r2, [r0, #0x38]
	ands r1, r1, #1
	movne r1, #0x3f
	moveq r1, #0x1f
	str r1, [r0]
	mov r1, #0
	str r1, [r0, #4]
	str r1, [r0, #8]
	str r1, [r0, #0xc]
	str r1, [r0, #0x10]
	str r1, [r0, #0x14]
	str r1, [r0, #0x18]
	str r1, [r0, #0x1c]
	str r1, [r0, #0x20]
	str r1, [r0, #0x24]
	str r1, [r0, #0x28]
	str r1, [r0, #0x2c]
	str r1, [r0, #0x30]
	str r1, [r0, #0x34]
	str r1, [r0, #0x3c]
	bx lr
	arm_func_end FUN_037FD250

	arm_func_start FUN_037FD2BC
FUN_037FD2BC: ; 0x037FD2BC
	add r1, r0, #0
	mrs r2, cpsr
	str r2, [r1], #4
	mov r0, #0xd3
	msr cpsr_c, r0
	str sp, [r1, #0x40]
	msr cpsr_c, r2
	mov r0, #1
	stmia r1, {r0, r1, r2, r3, r4, r5, r6, r7, r8, sb, sl, fp, ip, sp, lr}
	add r0, pc, #0x8 ; =FUN_037FD2F0
	str r0, [r1, #0x3c]
	mov r0, #0
	bx lr
	arm_func_end FUN_037FD2BC

	arm_func_start FUN_037FD2F0
FUN_037FD2F0: ; 0x037FD2F0
	mrs r1, cpsr
	bic r1, r1, #0x1f
	orr r1, r1, #0xd3
	msr cpsr_c, r1
	ldr r1, [r0], #4
	msr spsr_fsxc, r1
	ldr sp, [r0, #0x40]
	ldr lr, [r0, #0x3c]
	ldmia r0, {r0, r1, r2, r3, r4, r5, r6, r7, r8, sb, sl, fp, ip, sp, lr} ^
	mov r0, r0
	subs pc, lr, #4
	stmdb sp!, {r3, r4, r5, lr}
	ldr r4, _037FD374 ; =0x03809354
	ldr r0, [r4]
	cmn r0, #1
	bne _037FD368
	bl FUN_037FD380
	movs r5, r0
	bne _037FD344
	bl FUN_037FD3AC
	mov r5, r0
_037FD344:
	bl FUN_037FEFD8
	ldr r2, _037FD378 ; =0x03808E0C
	ldr r1, _037FD37C ; =0x02FFFFFA
	ldr r0, [r2, r0, lsl #2]
	ldrh r1, [r1]
	orr r0, r0, r5
	and r1, r1, #0xf
	orr r0, r1, r0
	str r0, [r4]
_037FD368:
	ldr r0, [r4]
	ldmia sp!, {r3, r4, r5, lr}
	bx lr
	.balign 4, 0
_037FD374: .word 0x03809354
_037FD378: .word 0x03808E0C
_037FD37C: .word 0x02FFFFFA
	arm_func_end FUN_037FD2F0

	arm_func_start FUN_037FD380
FUN_037FD380: ; 0x037FD380
	ldr r0, _037FD3A8 ; =0x038098A8
	ldr r1, [r0, #0x18]
	cmp r1, #0
	moveq r1, #0
	streq r1, [r0, #0x14]
	moveq r1, #1
	streq r1, [r0, #0x18]
	ldr r0, _037FD3A8 ; =0x038098A8
	ldr r0, [r0, #0x14]
	bx lr
	.balign 4, 0
_037FD3A8: .word 0x038098A8
	arm_func_end FUN_037FD380

	arm_func_start FUN_037FD3AC
FUN_037FD3AC: ; 0x037FD3AC
	ldr r1, _037FD4A0 ; =0x038098A8
	mov r2, #0
	ldr r0, [r1, #0x10]
	cmp r0, #0
	bne _037FD498
	ldr r3, _037FD4A4 ; =0x02FFFDF4
	ldrb r0, [r3]
	and r0, r0, #3
	cmp r0, #3
	bhi _037FD490
	add r0, pc, r0, lsl #1
	ldrh r0, [r0, #4]
	add pc, pc, r0
	rsbeqs r0, r0, r4
	adceq r0, r4, r8, lsl #1
	ldr r0, _037FD4A8 ; =0x02FFFFFA
	ldrh r0, [r0]
	and r0, r0, #0xf
	cmp r0, #8
	bhi _037FD450
	add r0, pc, r0, lsl #1
	ldrh r0, [r0, #4]
	add pc, pc, r0
	andeqs r0, r0, r4, asr #32
	subeq r0, r4, r8, lsl r0
	subeq r0, r4, r4, lsr r0
	subeq r0, r4, r4, asr #32
	eoreqs r0, sl, ip, lsr r0
	mov r0, #0x80000000
	b _037FD48C
_037FD424:
	.byte 0x80, 0x00, 0x9F, 0xE5, 0xB0, 0x00, 0xD0, 0xE1, 0x01, 0x00, 0x50, 0xE3
	.byte 0x01, 0x01, 0xA0, 0x03, 0x0C, 0x00, 0x81, 0x05, 0x0C, 0x20, 0x81, 0x15, 0x13, 0x00, 0x00, 0xEA
	.byte 0x06, 0x05, 0xA0, 0xE3, 0x10, 0x00, 0x00, 0xEA
_037FD448:
	str r2, [r1, #0xc]
	b _037FD490
_037FD450:
	b _037FD448
_037FD454:
	.byte 0x01, 0x00, 0xD3, 0xE5, 0x02, 0x00, 0x10, 0xE3, 0x21, 0x06, 0xA0, 0x13
	.byte 0x0C, 0x00, 0x81, 0x15, 0x11, 0x06, 0xA0, 0x03, 0x04, 0x00, 0x00, 0xEA, 0x01, 0x00, 0xD3, 0xE5
	.byte 0x02, 0x00, 0x10, 0xE3, 0x22, 0x06, 0xA0, 0x13, 0x0C, 0x00, 0x81, 0x15, 0x05, 0x05, 0xA0, 0x03
	.byte 0x0C, 0x00, 0x81, 0x05, 0x01, 0x00, 0x00, 0xEA, 0x52, 0x07, 0xA0, 0xE3
_037FD48C:
	str r0, [r1, #0xc]
_037FD490:
	mov r0, #1
	str r0, [r1, #0x10]
_037FD498:
	ldr r0, [r1, #0xc]
	bx lr
	.balign 4, 0
_037FD4A0: .word 0x038098A8
_037FD4A4: .word 0x02FFFDF4
_037FD4A8: .word 0x02FFFFFA
	arm_func_end FUN_037FD3AC
_037FD4AC:
	.byte 0x14, 0xFC, 0x7F, 0x02
	.byte 0x00, 0xC0, 0x9F, 0xE5, 0x1C, 0xFF, 0x2F, 0xE1, 0xAC, 0xD3, 0x7F, 0x03

	arm_func_start FUN_037FD4BC
FUN_037FD4BC: ; 0x037FD4BC
	ldr r0, _037FD500 ; =0x038098A8
	ldr r1, [r0, #0x1c]
	cmp r1, #0
	bne _037FD4F8
	ldr r1, _037FD504 ; =0x0380FFC8
	ldrb r1, [r1]
	mov r1, r1, asr #2
	and r1, r1, #0xff
	and r1, r1, #3
	cmp r1, #1
	moveq r1, #1
	movne r1, #0
	str r1, [r0, #4]
	mov r1, #1
	str r1, [r0, #0x1c]
_037FD4F8:
	ldr r0, [r0, #4]
	bx lr
	.balign 4, 0
_037FD500: .word 0x038098A8
_037FD504: .word 0x0380FFC8
	arm_func_end FUN_037FD4BC
_037FD508:
	.byte 0x00, 0xC0, 0x9F, 0xE5, 0x1C, 0xFF, 0x2F, 0xE1
	.byte 0xBC, 0xD4, 0x7F, 0x03

	arm_func_start FUN_037FD514
FUN_037FD514: ; 0x037FD514
	mov r3, #0
	str r3, [r0, #4]
	str r3, [r0]
	str r3, [r0, #0xc]
	str r3, [r0, #8]
	str r1, [r0, #0x10]
	str r2, [r0, #0x14]
	str r3, [r0, #0x18]
	str r3, [r0, #0x1c]
	bx lr
	arm_func_end FUN_037FD514

	arm_func_start FUN_037FD53C
FUN_037FD53C: ; 0x037FD53C
	stmdb sp!, {r3, r4, r5, r6, r7, lr}
	mov r7, r2
	mov r6, r0
	mov r5, r1
	bl FUN_037FEF5C
	mov r4, r0
	and r7, r7, #1
	b _037FD57C
_037FD55C:
	cmp r7, #0
	bne _037FD574
	mov r0, r4
	bl FUN_037FEF70
	mov r0, #0
	b _037FD5C0
_037FD574:
	mov r0, r6
	bl FUN_037FCF04
_037FD57C:
	ldr r2, [r6, #0x1c]
	ldr r1, [r6, #0x14]
	cmp r1, r2
	ble _037FD55C
	ldr r0, [r6, #0x18]
	add r0, r0, r2
	bl FUN_037FB8D8
	ldr r2, [r6, #0x10]
	add r0, r6, #8
	str r5, [r2, r1, lsl #2]
	ldr r1, [r6, #0x1c]
	add r1, r1, #1
	str r1, [r6, #0x1c]
	bl FUN_037FCF58
	mov r0, r4
	bl FUN_037FEF70
	mov r0, #1
_037FD5C0:
	ldmia sp!, {r3, r4, r5, r6, r7, lr}
	bx lr
	arm_func_end FUN_037FD53C
_037FD5C8:
	.byte 0xF8, 0x40, 0x2D, 0xE9, 0x02, 0x70, 0xA0, 0xE1
	.byte 0x00, 0x60, 0xA0, 0xE1, 0x01, 0x50, 0xA0, 0xE1, 0x5F, 0x06, 0x00, 0xEB, 0x00, 0x40, 0xA0, 0xE1
	.byte 0x01, 0x70, 0x07, 0xE2, 0x07, 0x00, 0x00, 0xEA, 0x00, 0x00, 0x57, 0xE3, 0x03, 0x00, 0x00, 0x1A
	.byte 0x04, 0x00, 0xA0, 0xE1, 0x5D, 0x06, 0x00, 0xEB, 0x00, 0x00, 0xA0, 0xE3, 0x16, 0x00, 0x00, 0xEA
	.byte 0x08, 0x00, 0x86, 0xE2, 0x3E, 0xFE, 0xFF, 0xEB, 0x1C, 0x00, 0x96, 0xE5, 0x00, 0x00, 0x50, 0xE3
	.byte 0xF4, 0xFF, 0xFF, 0x0A, 0x00, 0x00, 0x55, 0xE3, 0x10, 0x10, 0x96, 0x15, 0x18, 0x00, 0x96, 0x15
	.byte 0x00, 0x01, 0x91, 0x17, 0x00, 0x00, 0x85, 0x15, 0x18, 0x00, 0x96, 0xE5, 0x14, 0x10, 0x96, 0xE5
	.byte 0x01, 0x00, 0x80, 0xE2, 0xA7, 0xF8, 0xFF, 0xEB, 0x1C, 0x20, 0x96, 0xE5, 0x06, 0x00, 0xA0, 0xE1
	.byte 0x01, 0x20, 0x42, 0xE2, 0x18, 0x10, 0x86, 0xE5, 0x1C, 0x20, 0x86, 0xE5, 0x41, 0xFE, 0xFF, 0xEB
	.byte 0x04, 0x00, 0xA0, 0xE1, 0x45, 0x06, 0x00, 0xEB, 0x01, 0x00, 0xA0, 0xE3, 0xF8, 0x40, 0xBD, 0xE8
	.byte 0x1E, 0xFF, 0x2F, 0xE1, 0xF8, 0x40, 0x2D, 0xE9, 0x02, 0x70, 0xA0, 0xE1, 0x00, 0x60, 0xA0, 0xE1
	.byte 0x01, 0x50, 0xA0, 0xE1, 0x38, 0x06, 0x00, 0xEB, 0x00, 0x40, 0xA0, 0xE1, 0x01, 0x70, 0x07, 0xE2
	.byte 0x07, 0x00, 0x00, 0xEA, 0x00, 0x00, 0x57, 0xE3, 0x03, 0x00, 0x00, 0x1A, 0x04, 0x00, 0xA0, 0xE1
	.byte 0x36, 0x06, 0x00, 0xEB, 0x00, 0x00, 0xA0, 0xE3, 0x14, 0x00, 0x00, 0xEA, 0x06, 0x00, 0xA0, 0xE1
	.byte 0x17, 0xFE, 0xFF, 0xEB, 0x14, 0x10, 0x96, 0xE5, 0x1C, 0x00, 0x96, 0xE5, 0x00, 0x00, 0x51, 0xE1
	.byte 0xF3, 0xFF, 0xFF, 0xDA, 0x18, 0x00, 0x96, 0xE5, 0x01, 0x00, 0x80, 0xE0, 0x01, 0x00, 0x40, 0xE2
	.byte 0x84, 0xF8, 0xFF, 0xEB, 0x10, 0x00, 0x96, 0xE5, 0x18, 0x10, 0x86, 0xE5, 0x01, 0x51, 0x80, 0xE7
	.byte 0x1C, 0x10, 0x96, 0xE5, 0x08, 0x00, 0x86, 0xE2, 0x01, 0x10, 0x81, 0xE2, 0x1C, 0x10, 0x86, 0xE5
	.byte 0x1C, 0xFE, 0xFF, 0xEB, 0x04, 0x00, 0xA0, 0xE1, 0x20, 0x06, 0x00, 0xEB, 0x01, 0x00, 0xA0, 0xE3
	.byte 0xF8, 0x40, 0xBD, 0xE8, 0x1E, 0xFF, 0x2F, 0xE1, 0xF8, 0x40, 0x2D, 0xE9, 0x02, 0x60, 0xA0, 0xE1
	.byte 0x00, 0x70, 0xA0, 0xE1, 0x01, 0x40, 0xA0, 0xE1, 0x13, 0x06, 0x00, 0xEB, 0x00, 0x50, 0xA0, 0xE1
	.byte 0x01, 0x60, 0x06, 0xE2, 0x07, 0x00, 0x00, 0xEA, 0x00, 0x00, 0x56, 0xE3, 0x03, 0x00, 0x00, 0x1A
	.byte 0x05, 0x00, 0xA0, 0xE1, 0x11, 0x06, 0x00, 0xEB, 0x00, 0x00, 0xA0, 0xE3, 0x0C, 0x00, 0x00, 0xEA
	.byte 0x08, 0x00, 0x87, 0xE2, 0xF2, 0xFD, 0xFF, 0xEB, 0x1C, 0x00, 0x97, 0xE5, 0x00, 0x00, 0x50, 0xE3
	.byte 0xF4, 0xFF, 0xFF, 0x0A, 0x00, 0x00, 0x54, 0xE3, 0x10, 0x10, 0x97, 0x15, 0x18, 0x00, 0x97, 0x15
	.byte 0x00, 0x01, 0x91, 0x17, 0x00, 0x00, 0x84, 0x15, 0x05, 0x00, 0xA0, 0xE1, 0x03, 0x06, 0x00, 0xEB
	.byte 0x01, 0x00, 0xA0, 0xE3, 0xF8, 0x40, 0xBD, 0xE8, 0x1E, 0xFF, 0x2F, 0xE1

	arm_func_start FUN_037FD76C
FUN_037FD76C: ; 0x037FD76C
	ldr r1, [r0, #0xc]
	mov r2, #0
	and r1, r1, #0xff000000
	bic r1, r1, #0xff000000
	str r2, [r0, #4]
	str r2, [r0]
	str r2, [r0, #8]
	str r1, [r0, #0xc]
	bx lr
	arm_func_end FUN_037FD76C
_037FD790:
	.byte 0xF8, 0x40, 0x2D, 0xE9, 0x00, 0x70, 0xA0, 0xE1, 0xEF, 0x05, 0x00, 0xEB, 0x3C, 0x10, 0x9F, 0xE5
	.byte 0x00, 0x50, 0xA0, 0xE1, 0x04, 0x60, 0x91, 0xE5, 0x00, 0x40, 0xA0, 0xE3, 0x07, 0x00, 0xA0, 0xE1
	.byte 0x20, 0x00, 0x00, 0xEB, 0x00, 0x00, 0x50, 0xE3, 0x04, 0x00, 0x00, 0x1A, 0x68, 0x70, 0x86, 0xE5
	.byte 0x07, 0x00, 0xA0, 0xE1, 0xCE, 0xFD, 0xFF, 0xEB, 0x68, 0x40, 0x86, 0xE5, 0xF6, 0xFF, 0xFF, 0xEA
	.byte 0x05, 0x00, 0xA0, 0xE1, 0xE5, 0x05, 0x00, 0xEB, 0xF8, 0x40, 0xBD, 0xE8, 0x1E, 0xFF, 0x2F, 0xE1
	.byte 0xC8, 0x96, 0x80, 0x03, 0x04, 0xC0, 0x9F, 0xE5, 0x01, 0x12, 0xA0, 0xE3, 0x1C, 0xFF, 0x2F, 0xE1
	.byte 0xD4, 0xD8, 0x7F, 0x03, 0x38, 0x40, 0x2D, 0xE9, 0x00, 0x50, 0xA0, 0xE1, 0x00, 0x40, 0xA0, 0xE3
	.byte 0x07, 0x00, 0x00, 0xEA, 0x6C, 0x00, 0x85, 0xE2, 0x76, 0xFC, 0xFF, 0xEB, 0x0C, 0x10, 0x90, 0xE5
	.byte 0xFF, 0x14, 0x01, 0xE2, 0x08, 0x40, 0x80, 0xE5, 0xFF, 0x14, 0xC1, 0xE3, 0x0C, 0x10, 0x80, 0xE5
	.byte 0xCC, 0xFD, 0xFF, 0xEB, 0x6C, 0x00, 0x95, 0xE5, 0x00, 0x00, 0x50, 0xE3, 0xF4, 0xFF, 0xFF, 0x1A
	.byte 0x38, 0x40, 0xBD, 0xE8, 0x1E, 0xFF, 0x2F, 0xE1, 0x70, 0x40, 0x2D, 0xE9, 0x00, 0x40, 0xA0, 0xE1
	.byte 0xC5, 0x05, 0x00, 0xEB, 0x68, 0x10, 0x9F, 0xE5, 0x08, 0x20, 0x94, 0xE5, 0x04, 0x60, 0x91, 0xE5
	.byte 0x00, 0x50, 0xA0, 0xE1, 0x00, 0x00, 0x52, 0xE3, 0x0A, 0x00, 0x00, 0x1A, 0x0C, 0x10, 0x94, 0xE5
	.byte 0x04, 0x00, 0xA0, 0xE1, 0xFF, 0x14, 0xC1, 0xE3, 0x01, 0x12, 0x81, 0xE3, 0x08, 0x60, 0x84, 0xE5
	.byte 0x0C, 0x10, 0x84, 0xE5, 0x0F, 0x00, 0x00, 0xEB, 0x06, 0x00, 0xA0, 0xE1, 0x04, 0x10, 0xA0, 0xE1
	.byte 0x4C, 0x00, 0x00, 0xEB, 0x04, 0x00, 0x00, 0xEA, 0x06, 0x00, 0x52, 0xE1, 0x00, 0x40, 0xA0, 0x13
	.byte 0x02, 0x00, 0x00, 0x1A, 0x04, 0x00, 0xA0, 0xE1, 0x06, 0x00, 0x00, 0xEB, 0x01, 0x40, 0xA0, 0xE3
	.byte 0x05, 0x00, 0xA0, 0xE1, 0xB1, 0x05, 0x00, 0xEB, 0x04, 0x00, 0xA0, 0xE1, 0x70, 0x40, 0xBD, 0xE8
	.byte 0x1E, 0xFF, 0x2F, 0xE1, 0xC8, 0x96, 0x80, 0x03, 0x0C, 0x20, 0x90, 0xE5, 0x01, 0x10, 0x82, 0xE2
	.byte 0xFF, 0x24, 0x02, 0xE2, 0xFF, 0x14, 0xC1, 0xE3, 0x01, 0x10, 0x82, 0xE1, 0x0C, 0x10, 0x80, 0xE5
	.byte 0x1E, 0xFF, 0x2F, 0xE1, 0xF0, 0x41, 0x2D, 0xE9, 0x00, 0x80, 0xA0, 0xE1, 0x01, 0x70, 0xA0, 0xE1
	.byte 0x9D, 0x05, 0x00, 0xEB, 0xAC, 0x10, 0x9F, 0xE5, 0x00, 0x00, 0x57, 0xE3, 0x04, 0x60, 0x91, 0xE5
	.byte 0x0C, 0x10, 0x98, 0x15, 0x00, 0x40, 0xA0, 0xE1, 0xFF, 0x14, 0x01, 0x12, 0x00, 0x50, 0xA0, 0xE3
	.byte 0x01, 0x00, 0x57, 0x11, 0x00, 0x00, 0x00, 0x0A, 0x1F, 0x00, 0x00, 0xEA, 0x0C, 0x00, 0x98, 0xE5
	.byte 0xFF, 0x04, 0x00, 0xE2, 0x01, 0x02, 0x50, 0xE3, 0x03, 0x00, 0x00, 0x0A, 0x02, 0x02, 0x50, 0xE3
	.byte 0x05, 0x00, 0x00, 0x0A, 0x03, 0x02, 0x50, 0xE3, 0x09, 0x00, 0x00, 0x1A, 0x08, 0x00, 0x98, 0xE5
	.byte 0x06, 0x00, 0x50, 0xE1, 0x07, 0x00, 0x00, 0x1A, 0xFF, 0xFF, 0xFF, 0xEA, 0x08, 0x00, 0xA0, 0xE1
	.byte 0x15, 0x00, 0x00, 0xEB, 0x0C, 0x00, 0x98, 0xE5, 0xFF, 0x04, 0xD0, 0xE3, 0x01, 0x50, 0xA0, 0x03
	.byte 0x00, 0x00, 0x00, 0xEA, 0x0B, 0x00, 0x00, 0xEA, 0x00, 0x00, 0x55, 0xE3, 0x09, 0x00, 0x00, 0x0A
	.byte 0x06, 0x00, 0xA0, 0xE1, 0x08, 0x10, 0xA0, 0xE1, 0x1B, 0x00, 0x00, 0xEB, 0x0C, 0x00, 0x98, 0xE5
	.byte 0x00, 0x20, 0xA0, 0xE3, 0xFF, 0x14, 0xC0, 0xE3, 0x08, 0x00, 0xA0, 0xE1, 0x08, 0x20, 0x88, 0xE5
	.byte 0x0C, 0x10, 0x88, 0xE5, 0x73, 0xFD, 0xFF, 0xEB, 0x04, 0x00, 0xA0, 0xE1, 0x77, 0x05, 0x00, 0xEB
	.byte 0xF0, 0x41, 0xBD, 0xE8, 0x1E, 0xFF, 0x2F, 0xE1, 0xC8, 0x96, 0x80, 0x03, 0x0C, 0x20, 0x90, 0xE5
	.byte 0x01, 0x10, 0x42, 0xE2, 0xFF, 0x24, 0x02, 0xE2, 0xFF, 0x14, 0xC1, 0xE3, 0x01, 0x10, 0x82, 0xE1
	.byte 0x0C, 0x10, 0x80, 0xE5, 0x1E, 0xFF, 0x2F, 0xE1, 0x70, 0x30, 0x90, 0xE5, 0x00, 0x20, 0xA0, 0xE3
	.byte 0x00, 0x00, 0x53, 0xE3, 0x6C, 0x10, 0x80, 0x05, 0x10, 0x10, 0x83, 0x15, 0x14, 0x30, 0x81, 0xE5
	.byte 0x10, 0x20, 0x81, 0xE5, 0x70, 0x10, 0x80, 0xE5, 0x1E, 0xFF, 0x2F, 0xE1, 0x10, 0x20, 0x91, 0xE5
	.byte 0x14, 0x10, 0x91, 0xE5, 0x00, 0x00, 0x52, 0xE3, 0x70, 0x10, 0x80, 0x05, 0x14, 0x10, 0x82, 0x15
	.byte 0x00, 0x00, 0x51, 0xE3, 0x6C, 0x20, 0x80, 0x05, 0x10, 0x20, 0x81, 0x15, 0x1E, 0xFF, 0x2F, 0xE1

	arm_func_start FUN_037FDA00
FUN_037FDA00: ; 0x037FDA00
	ldr ip, _037FDA08 ; =FUN_037FDA0C
	bx ip
	.balign 4, 0
_037FDA08: .word 0x037FDA0C
	arm_func_end FUN_037FDA00

	arm_func_start FUN_037FDA0C
FUN_037FDA0C: ; 0x037FDA0C
	stmdb sp!, {r3, lr}
	bl FUN_037FF9A8
	bl FUN_037FDA58
	bl FUN_037FC560
	bl FUN_037FC070
	bl FUN_037FE1C4
	bl FUN_037FF8A8
	bl FUN_037FE3BC
	bl FUN_037FE5F4
	bl FUN_037FCB88
	bl FUN_037FF03C
	bl FUN_03808884
	bl FUN_037FF258
	bl FUN_037FD4BC
	cmp r0, #1
	bne _037FDA50
	bl FUN_03005860
_037FDA50:
	ldmia sp!, {r3, lr}
	bx lr
	arm_func_end FUN_037FDA0C

	arm_func_start FUN_037FDA58
FUN_037FDA58: ; 0x037FDA58
	stmdb sp!, {r3, lr}
	ldr r1, _037FDA90 ; =0x038098C8
	ldr r0, [r1]
	cmp r0, #0
	bne _037FDA88
	mov r0, #1
	str r0, [r1]
	bl FUN_037FDA94
	mov r0, #7
	bl FUN_037FDA94
	mov r0, #8
	bl FUN_037FDA94
_037FDA88:
	ldmia sp!, {r3, lr}
	bx lr
	.balign 4, 0
_037FDA90: .word 0x038098C8
	arm_func_end FUN_037FDA58

	arm_func_start FUN_037FDA94
FUN_037FDA94: ; 0x037FDA94
	stmdb sp!, {r4, lr}
	mov r4, r0
	bl FUN_037FDAF8
	mov r1, r4, lsl #2
	add r1, r1, #0x2f00000
	add r1, r1, #0xff000
	str r0, [r1, #0xdc4]
	mov r0, r4
	bl FUN_037FDB8C
	mov r1, r4, lsl #2
	add r1, r1, #0x2f00000
	add r1, r1, #0xff000
	str r0, [r1, #0xda0]
	ldmia sp!, {r4, lr}
	bx lr
	arm_func_end FUN_037FDA94

	arm_func_start FUN_037FDAD0
FUN_037FDAD0: ; 0x037FDAD0
	mov r0, r0, lsl #2
	add r0, r0, #0x2f00000
	add r0, r0, #0xff000
	ldr r0, [r0, #0xdc4]
	bx lr
	arm_func_end FUN_037FDAD0

	arm_func_start FUN_037FDAE4
FUN_037FDAE4: ; 0x037FDAE4
	mov r0, r0, lsl #2
	add r0, r0, #0x2f00000
	add r0, r0, #0xff000
	ldr r0, [r0, #0xda0]
	bx lr
	arm_func_end FUN_037FDAE4

	arm_func_start FUN_037FDAF8
FUN_037FDAF8: ; 0x037FDAF8
	stmdb sp!, {r3, lr}
	cmp r0, #1
	beq _037FDB18
	cmp r0, #7
	beq _037FDB2C
	cmp r0, #8
	beq _037FDB34
	b _037FDB68
_037FDB18:
	bl FUN_037FD4BC
	cmp r0, #0
	ldrne r0, _037FDB74 ; =0x02FFC000
	ldreq r0, _037FDB78 ; =0x02FFF000
	b _037FDB6C
_037FDB2C:
	mov r0, #0x3800000
	b _037FDB6C
_037FDB34:
	ldr r2, _037FDB7C ; =0x00000400
	ldr r0, _037FDB80 ; =0x0380FF80
	ldr r1, _037FDB84 ; =0x0380BD54
	sub r2, r0, r2
	mov r0, #0x3800000
	cmp r1, #0x3800000
	movhi r0, r1
	ldr r1, _037FDB88 ; =0x00000400
	cmp r1, #0
	beq _037FDB6C
	sublt r0, r0, r1
	subge r0, r2, r1
	b _037FDB6C
_037FDB68:
	mov r0, #0
_037FDB6C:
	ldmia sp!, {r3, lr}
	bx lr
	.balign 4, 0
_037FDB74: .word 0x02FFC000
_037FDB78: .word 0x02FFF000
_037FDB7C: .word 0x00000400
_037FDB80: .word 0x0380FF80
_037FDB84: .word 0x0380BD54
_037FDB88: .word 0x00000400
	arm_func_end FUN_037FDAF8

	arm_func_start FUN_037FDB8C
FUN_037FDB8C: ; 0x037FDB8C
	stmdb sp!, {r3, lr}
	cmp r0, #1
	beq _037FDBAC
	cmp r0, #7
	beq _037FDBB8
	cmp r0, #8
	beq _037FDBC8
	b _037FDBDC
_037FDBAC:
	bl FUN_037FD4BC
	ldr r0, _037FDBE8 ; =0x02FF9E04
	b _037FDBE0
_037FDBB8:
	ldr r0, _037FDBEC ; =0x0380BD54
	cmp r0, #0x3800000
	movhi r0, #0x3800000
	b _037FDBE0
_037FDBC8:
	ldr r1, _037FDBEC ; =0x0380BD54
	mov r0, #0x3800000
	cmp r1, #0x3800000
	movhi r0, r1
	b _037FDBE0
_037FDBDC:
	mov r0, #0
_037FDBE0:
	ldmia sp!, {r3, lr}
	bx lr
	.balign 4, 0
_037FDBE8: .word 0x02FF9E04
_037FDBEC: .word 0x0380BD54
	arm_func_end FUN_037FDB8C

	arm_func_start FUN_037FDBF0
FUN_037FDBF0: ; 0x037FDBF0
	mov r0, r0, lsl #2
	add r0, r0, #0x2f00000
	add r0, r0, #0xff000
	str r1, [r0, #0xda0]
	bx lr
	arm_func_end FUN_037FDBF0

	arm_func_start FUN_037FDC04
FUN_037FDC04: ; 0x037FDC04
	ldr r3, [r1, #4]
	cmp r3, #0
	ldrne r2, [r1]
	strne r2, [r3]
	ldr r2, [r1]
	cmp r2, #0
	ldreq r0, [r1, #4]
	ldrne r1, [r1, #4]
	strne r1, [r2, #4]
	bx lr
	arm_func_end FUN_037FDC04
_037FDC2C:
	.byte 0x08, 0x40, 0x2D, 0xE9
	.byte 0x00, 0xE0, 0xA0, 0xE1, 0x00, 0xC0, 0xA0, 0xE3, 0x03, 0x00, 0x00, 0xEA, 0x0E, 0x00, 0x51, 0xE1
	.byte 0x03, 0x00, 0x00, 0x9A, 0x0E, 0xC0, 0xA0, 0xE1, 0x04, 0xE0, 0x9E, 0xE5, 0x00, 0x00, 0x5E, 0xE3
	.byte 0xF9, 0xFF, 0xFF, 0x1A, 0x00, 0x50, 0x81, 0xE8, 0x00, 0x00, 0x5E, 0xE3, 0x0B, 0x00, 0x00, 0x0A
	.byte 0x00, 0x10, 0x8E, 0xE5, 0x08, 0x30, 0x91, 0xE5, 0x03, 0x20, 0x81, 0xE0, 0x0E, 0x00, 0x52, 0xE1
	.byte 0x06, 0x00, 0x00, 0x1A, 0x08, 0x20, 0x9E, 0xE5, 0x02, 0x20, 0x83, 0xE0, 0x08, 0x20, 0x81, 0xE5
	.byte 0x04, 0xE0, 0x9E, 0xE5, 0x04, 0xE0, 0x81, 0xE5, 0x00, 0x00, 0x5E, 0xE3, 0x00, 0x10, 0x8E, 0x15
	.byte 0x00, 0x00, 0x5C, 0xE3, 0x0B, 0x00, 0x00, 0x0A, 0x04, 0x10, 0x8C, 0xE5, 0x08, 0x20, 0x9C, 0xE5
	.byte 0x02, 0x30, 0x8C, 0xE0, 0x01, 0x00, 0x53, 0xE1, 0x07, 0x00, 0x00, 0x1A, 0x08, 0x10, 0x91, 0xE5
	.byte 0x00, 0x00, 0x5E, 0xE3, 0x01, 0x10, 0x82, 0xE0, 0x08, 0x10, 0x8C, 0xE5, 0x04, 0xE0, 0x8C, 0xE5
	.byte 0x00, 0xC0, 0x8E, 0x15, 0x00, 0x00, 0x00, 0xEA, 0x01, 0x00, 0xA0, 0xE1, 0x08, 0x40, 0xBD, 0xE8
	.byte 0x1E, 0xFF, 0x2F, 0xE1

	arm_func_start FUN_037FDCD4
FUN_037FDCD4: ; 0x037FDCD4
	stmdb sp!, {r4, r5, r6, r7, r8, lr}
	mov r4, r0
	mov r5, r1
	mov r7, r2
	mov r8, #0
	bl FUN_037FEF5C
	ldr r1, _037FDDE4 ; =0x038098CC
	mov r6, r0
	ldr r1, [r1, r4, lsl #2]
	cmp r1, #0
	bne _037FDD0C
	bl FUN_037FEF70
	mov r0, r8
	b _037FDDDC
_037FDD0C:
	cmp r5, #0
	ldrlt r5, [r1]
	ldr r1, [r1, #0x10]
	mov r0, #0xc
	mla r4, r5, r0, r1
	ldr r0, [r4, #4]
	add r1, r7, #0x3f
	mov r5, r0
	bic r7, r1, #0x1f
	b _037FDD44
_037FDD34:
	ldr r1, [r5, #8]
	cmp r7, r1
	ble _037FDD4C
	ldr r5, [r5, #4]
_037FDD44:
	cmp r5, #0
	bne _037FDD34
_037FDD4C:
	cmp r5, #0
	bne _037FDD64
	mov r0, r6
	bl FUN_037FEF70
	mov r0, #0
	b _037FDDDC
_037FDD64:
	ldr r1, [r5, #8]
	sub r1, r1, r7
	cmp r1, #0x40
	bhs _037FDD84
	mov r1, r5
	bl FUN_037FDC04
	str r0, [r4, #4]
	b _037FDDB8
_037FDD84:
	str r7, [r5, #8]
	add r2, r5, r7
	str r1, [r2, #8]
	ldr r0, [r5]
	str r0, [r5, r7]
	ldr r0, [r5, #4]
	str r0, [r2, #4]
	cmp r0, #0
	strne r2, [r0]
	ldr r0, [r2]
	cmp r0, #0
	strne r2, [r0, #4]
	streq r2, [r4, #4]
_037FDDB8:
	ldr r0, [r4, #8]
	str r0, [r5, #4]
	str r8, [r5]
	cmp r0, #0
	strne r5, [r0]
	mov r0, r6
	str r5, [r4, #8]
	bl FUN_037FEF70
	add r0, r5, #0x20
_037FDDDC:
	ldmia sp!, {r4, r5, r6, r7, r8, lr}
	bx lr
	.balign 4, 0
_037FDDE4: .word 0x038098CC
	arm_func_end FUN_037FDCD4
_037FDDE8:
	.byte 0xF8, 0x40, 0x2D, 0xE9, 0x00, 0x70, 0xA0, 0xE1
	.byte 0x01, 0x60, 0xA0, 0xE1, 0x02, 0x50, 0xA0, 0xE1, 0x57, 0x04, 0x00, 0xEB, 0x4C, 0x10, 0x9F, 0xE5
	.byte 0x00, 0x40, 0xA0, 0xE1, 0x07, 0x01, 0x91, 0xE7, 0x00, 0x00, 0x56, 0xE3, 0x00, 0x60, 0x90, 0xB5
	.byte 0x10, 0x10, 0x90, 0xE5, 0x0C, 0x00, 0xA0, 0xE3, 0x96, 0x10, 0x27, 0xE0, 0x20, 0x50, 0x45, 0xE2
	.byte 0x08, 0x00, 0x97, 0xE5, 0x05, 0x10, 0xA0, 0xE1, 0x75, 0xFF, 0xFF, 0xEB, 0x08, 0x00, 0x87, 0xE5
	.byte 0x04, 0x00, 0x97, 0xE5, 0x05, 0x10, 0xA0, 0xE1, 0x7B, 0xFF, 0xFF, 0xEB, 0x04, 0x00, 0x87, 0xE5
	.byte 0x04, 0x00, 0xA0, 0xE1, 0x49, 0x04, 0x00, 0xEB, 0xF8, 0x40, 0xBD, 0xE8, 0x1E, 0xFF, 0x2F, 0xE1
	.byte 0xCC, 0x98, 0x80, 0x03

	arm_func_start FUN_037FDE54
FUN_037FDE54: ; 0x037FDE54
	stmdb sp!, {r3, r4, r5, lr}
	mov r4, r0
	mov r5, r1
	bl FUN_037FEF5C
	ldr r1, _037FDE84 ; =0x038098CC
	ldr r1, [r1, r4, lsl #2]
	ldr r4, [r1]
	str r5, [r1]
	bl FUN_037FEF70
	mov r0, r4
	ldmia sp!, {r3, r4, r5, lr}
	bx lr
	.balign 4, 0
_037FDE84: .word 0x038098CC
	arm_func_end FUN_037FDE54

	arm_func_start FUN_037FDE88
FUN_037FDE88: ; 0x037FDE88
	stmdb sp!, {r3, r4, r5, r6, r7, lr}
	mov r7, r0
	mov r5, r1
	mov r4, r2
	mov r6, r3
	bl FUN_037FEF5C
	ldr r2, _037FDF2C ; =0x038098CC
	mov r1, #0xc
	str r5, [r2, r7, lsl #2]
	add r2, r5, #0x14
	mov r7, #0
	str r2, [r5, #0x10]
	mul r1, r6, r1
	str r6, [r5, #4]
	mvn lr, #0
	mov ip, r7
	mov r2, #0xc
	b _037FDEEC
_037FDED0:
	mul r3, r7, r2
	ldr r6, [r5, #0x10]
	add r7, r7, #1
	str lr, [r6, r3]
	add r3, r6, r3
	str ip, [r3, #8]
	str ip, [r3, #4]
_037FDEEC:
	ldr r3, [r5, #4]
	cmp r7, r3
	blt _037FDED0
	ldr r3, [r5, #0x10]
	bic r2, r4, #0x1f
	add r1, r3, r1
	add r1, r1, #0x1f
	bic r1, r1, #0x1f
	str r1, [r5, #8]
	mvn r1, #0
	str r1, [r5]
	str r2, [r5, #0xc]
	bl FUN_037FEF70
	ldr r0, [r5, #8]
	ldmia sp!, {r3, r4, r5, r6, r7, lr}
	bx lr
	.balign 4, 0
_037FDF2C: .word 0x038098CC
	arm_func_end FUN_037FDE88

	arm_func_start FUN_037FDF30
FUN_037FDF30: ; 0x037FDF30
	stmdb sp!, {r3, r4, r5, r6, r7, lr}
	mov r4, r0
	mov r6, r1
	mov r5, r2
	bl FUN_037FEF5C
	ldr r2, _037FDFCC ; =0x038098CC
	add r1, r6, #0x1f
	ldr lr, [r2, r4, lsl #2]
	bic r6, r1, #0x1f
	ldr r7, [lr, #4]
	bic r5, r5, #0x1f
	mov r4, #0
	mov r1, #0xc
	b _037FDFB4
_037FDF68:
	mul r3, r4, r1
	ldr ip, [lr, #0x10]
	ldr r2, [ip, r3]
	add r3, ip, r3
	cmp r2, #0
	bge _037FDFB0
	sub r1, r5, r6
	str r1, [r3]
	mov r2, #0
	str r2, [r6]
	str r2, [r6, #4]
	ldr r1, [r3]
	str r1, [r6, #8]
	str r6, [r3, #4]
	str r2, [r3, #8]
	bl FUN_037FEF70
	mov r0, r4
	b _037FDFC4
_037FDFB0:
	add r4, r4, #1
_037FDFB4:
	cmp r4, r7
	blt _037FDF68
	bl FUN_037FEF70
	mvn r0, #0
_037FDFC4:
	ldmia sp!, {r3, r4, r5, r6, r7, lr}
	bx lr
	.balign 4, 0
_037FDFCC: .word 0x038098CC
	arm_func_end FUN_037FDF30
_037FDFD0:
	.byte 0xF8, 0x40, 0x2D, 0xE9, 0x00, 0x70, 0xA0, 0xE1, 0x01, 0x50, 0xA0, 0xE1, 0x02, 0x60, 0xA0, 0xE1
	.byte 0x03, 0x40, 0xA0, 0xE1, 0xDC, 0x03, 0x00, 0xEB, 0x50, 0x20, 0x9F, 0xE5, 0x0C, 0x10, 0xA0, 0xE3
	.byte 0x07, 0x31, 0x92, 0xE7, 0x95, 0x01, 0x0C, 0xE0, 0x1F, 0x20, 0x86, 0xE2, 0x1F, 0x10, 0xC2, 0xE3
	.byte 0x1F, 0x20, 0xC4, 0xE3, 0x10, 0x50, 0x93, 0xE5, 0x01, 0x30, 0x42, 0xE0, 0x08, 0x30, 0x81, 0xE5
	.byte 0x0C, 0x20, 0x95, 0xE7, 0x00, 0x40, 0xA0, 0xE1, 0x03, 0x20, 0x82, 0xE0, 0x0C, 0x20, 0x85, 0xE7
	.byte 0x0C, 0x50, 0x85, 0xE0, 0x04, 0x00, 0x95, 0xE5, 0xFF, 0xFE, 0xFF, 0xEB, 0x04, 0x00, 0x85, 0xE5
	.byte 0x04, 0x00, 0xA0, 0xE1, 0xCD, 0x03, 0x00, 0xEB, 0xF8, 0x40, 0xBD, 0xE8, 0x1E, 0xFF, 0x2F, 0xE1
	.byte 0xCC, 0x98, 0x80, 0x03

	arm_func_start FUN_037FE044
FUN_037FE044: ; 0x037FE044
	stmdb sp!, {r4, r5, r6, r7, r8, lr}
	mov r4, #0
	mov r8, r0
	mov r7, r1
	mov r5, r4
	sub r6, r4, #1
	bl FUN_037FEF5C
	ldr r2, _037FE1C0 ; =0x038098CC
	mov r1, r6
	ldr r2, [r2, r8, lsl #2]
	cmp r7, r1
	ldr r3, [r2, #0x10]
	ldreq r7, [r2]
	cmp r3, #0
	beq _037FE1B0
	cmp r7, #0
	blt _037FE1B0
	ldr r1, [r2, #4]
	cmp r7, r1
	bge _037FE1B0
	mov r1, #0xc
	mul r2, r7, r1
	ldr r1, [r3, r2]
	add r3, r3, r2
	cmp r1, #0
	blt _037FE1B0
	ldr r7, [r3, #8]
	cmp r7, #0
	beq _037FE114
	ldr r2, [r7]
	cmp r2, #0
	bne _037FE1B0
	b _037FE114
_037FE0C8:
	tst r7, #0x1f
	bne _037FE1B0
	ldr ip, [r7, #4]
	cmp ip, #0
	beq _037FE0E8
	ldr r2, [ip]
	cmp r2, r7
	bne _037FE1B0
_037FE0E8:
	ldr r2, [r7, #8]
	cmp r2, #0x40
	blo _037FE1B0
	tst r2, #0x1f
	bne _037FE1B0
	add r4, r4, r2
	cmp r4, #0
	ble _037FE1B0
	cmp r4, r1
	bgt _037FE1B0
	mov r7, ip
_037FE114:
	cmp r7, #0
	bne _037FE0C8
	ldr ip, [r3, #4]
	cmp ip, #0
	beq _037FE1A0
	ldr r2, [ip]
	cmp r2, #0
	bne _037FE1B0
	b _037FE1A0
_037FE138:
	tst ip, #0x1f
	bne _037FE1B0
	ldr r3, [ip, #4]
	cmp r3, #0
	beq _037FE158
	ldr r2, [r3]
	cmp r2, ip
	bne _037FE1B0
_037FE158:
	ldr r7, [ip, #8]
	cmp r7, #0x40
	blo _037FE1B0
	tst r7, #0x1f
	bne _037FE1B0
	cmp r3, #0
	beq _037FE180
	add r2, ip, r7
	cmp r2, r3
	bhs _037FE1B0
_037FE180:
	add r4, r4, r7
	sub r2, r7, #0x20
	cmp r4, #0
	add r5, r5, r2
	ble _037FE1B0
	cmp r4, r1
	bgt _037FE1B0
	mov ip, r3
_037FE1A0:
	cmp ip, #0
	bne _037FE138
	cmp r4, r1
	moveq r6, r5
_037FE1B0:
	bl FUN_037FEF70
	mov r0, r6
	ldmia sp!, {r4, r5, r6, r7, r8, lr}
	bx lr
	.balign 4, 0
_037FE1C0: .word 0x038098CC
	arm_func_end FUN_037FE044

	arm_func_start FUN_037FE1C4
FUN_037FE1C4: ; 0x037FE1C4
	ldr r0, _037FE208 ; =0x02FFFD9C
	ldr r1, [r0]
	cmp r1, #0x2600000
	blo _037FE1DC
	cmp r1, #0x2800000
	blo _037FE1E0
_037FE1DC:
	mov r1, #0
_037FE1E0:
	ldr r0, _037FE20C ; =0x038098F0
	cmp r1, #0
	str r1, [r0, #8]
	ldreq r1, _037FE210 ; =0x037FE218
	ldreq r0, _037FE214 ; =0x0380FFDC
	streq r1, [r0]
	ldr r0, _037FE20C ; =0x038098F0
	mov r1, #0
	str r1, [r0]
	bx lr
	.balign 4, 0
_037FE208: .word 0x02FFFD9C
_037FE20C: .word 0x038098F0
_037FE210: .word 0x037FE218
_037FE214: .word 0x0380FFDC
	arm_func_end FUN_037FE1C4
_037FE218:
	.byte 0x64, 0xC0, 0x9F, 0xE5, 0x00, 0xC0, 0x9C, 0xE5
	.byte 0x00, 0x00, 0x5C, 0xE3, 0x0F, 0xE0, 0xA0, 0x11, 0x1C, 0xFF, 0x2F, 0x11, 0x54, 0xC0, 0x9F, 0xE5
	.byte 0x0F, 0x60, 0x2C, 0xE9, 0x01, 0x00, 0x0D, 0xE2, 0x0C, 0xD0, 0xA0, 0xE1, 0x00, 0x10, 0x0F, 0xE1
	.byte 0x1F, 0x10, 0x01, 0xE2, 0x17, 0x00, 0x31, 0xE3, 0x01, 0x00, 0x00, 0x1A, 0x0E, 0x00, 0x00, 0xEB
	.byte 0x02, 0x00, 0x00, 0xEA, 0x1B, 0x00, 0x31, 0xE3, 0x00, 0x00, 0x00, 0x1A, 0x0A, 0x00, 0x00, 0xEB
	.byte 0x1C, 0xC0, 0x9F, 0xE5, 0x00, 0xC0, 0x9C, 0xE5, 0x00, 0x00, 0x5C, 0xE3, 0xFE, 0xFF, 0xFF, 0x0A
	.byte 0x00, 0x00, 0xA0, 0xE1, 0xFD, 0xFF, 0xFF, 0xEA, 0x0F, 0x50, 0xBD, 0xE8, 0x0C, 0xD0, 0xA0, 0xE1
	.byte 0x1E, 0xFF, 0x2F, 0xE1, 0xF8, 0x98, 0x80, 0x03, 0x00, 0x60, 0x80, 0x03, 0x01, 0x40, 0x2D, 0xE9
	.byte 0x02, 0x00, 0x00, 0xEB, 0x21, 0x00, 0x00, 0xEB, 0x01, 0x40, 0xBD, 0xE8, 0x1E, 0xFF, 0x2F, 0xE1
	.byte 0x74, 0x10, 0x9F, 0xE5, 0x50, 0x00, 0x81, 0xE5, 0x00, 0x00, 0x9C, 0xE5, 0x04, 0x00, 0x81, 0xE5
	.byte 0x04, 0x00, 0x9C, 0xE5, 0x08, 0x00, 0x81, 0xE5, 0x08, 0x00, 0x9C, 0xE5, 0x0C, 0x00, 0x81, 0xE5
	.byte 0x0C, 0x00, 0x9C, 0xE5, 0x10, 0x00, 0x81, 0xE5, 0x10, 0x20, 0x9C, 0xE5, 0x01, 0x20, 0xC2, 0xE3
	.byte 0x14, 0x00, 0x81, 0xE2, 0xF0, 0x0F, 0x80, 0xE8, 0x00, 0x00, 0xA0, 0xE3, 0x48, 0x00, 0x81, 0xE5
	.byte 0x00, 0x30, 0x92, 0xE5, 0x00, 0x30, 0x81, 0xE5, 0x04, 0x00, 0x92, 0xE5, 0x34, 0x00, 0x81, 0xE5
	.byte 0x08, 0x00, 0x92, 0xE5, 0x40, 0x00, 0x81, 0xE5, 0x00, 0x00, 0x0F, 0xE1, 0x80, 0x30, 0x83, 0xE3
	.byte 0x20, 0x30, 0xC3, 0xE3, 0x03, 0xF0, 0x2F, 0xE1, 0x38, 0xD0, 0x81, 0xE5, 0x3C, 0xE0, 0x81, 0xE5
	.byte 0x00, 0x20, 0x4F, 0xE1, 0x00, 0xF0, 0x2F, 0xE1, 0x1E, 0xFF, 0x2F, 0xE1, 0xFC, 0x98, 0x80, 0x03
	.byte 0x08, 0x40, 0x2D, 0xE9, 0x54, 0x00, 0x9F, 0xE5, 0x00, 0x00, 0x90, 0xE5, 0x00, 0x00, 0x50, 0xE3
	.byte 0x10, 0x00, 0x00, 0x0A, 0x00, 0x20, 0x0F, 0xE1, 0x0D, 0x00, 0xA0, 0xE1, 0x40, 0x10, 0x9F, 0xE5
	.byte 0x01, 0xF0, 0x2F, 0xE1, 0x0D, 0x10, 0xA0, 0xE1, 0x00, 0xD0, 0xA0, 0xE1, 0x06, 0x00, 0x2D, 0xE9
	.byte 0x30, 0x00, 0x9F, 0xE5, 0x30, 0x10, 0x9F, 0xE5, 0x00, 0x10, 0x91, 0xE5, 0x2C, 0xC0, 0x9F, 0xE5
	.byte 0x00, 0xC0, 0x9C, 0xE5, 0x28, 0xE0, 0x9F, 0xE5, 0x1C, 0xFF, 0x2F, 0xE1, 0x06, 0x00, 0xBD, 0xE8
	.byte 0x01, 0xD0, 0xA0, 0xE1, 0x02, 0xF0, 0x2F, 0xE1, 0x08, 0x40, 0xBD, 0xE8, 0x1E, 0xFF, 0x2F, 0xE1
	.byte 0xF0, 0x98, 0x80, 0x03, 0x9F, 0x00, 0x00, 0x00, 0xFC, 0x98, 0x80, 0x03, 0xF4, 0x98, 0x80, 0x03
	.byte 0xF0, 0x98, 0x80, 0x03, 0x6C, 0xE3, 0x7F, 0x03

	arm_func_start FUN_037FE398
FUN_037FE398: ; 0x037FE398
	ldr r1, _037FE3B8 ; =0x03809950
	mov r2, #1
	ldrh r3, [r1]
	mov r0, r2, lsl r0
	mov r0, r0, lsl #0x10
	orr r0, r3, r0, lsr #16
	strh r0, [r1]
	bx lr
	.balign 4, 0
_037FE3B8: .word 0x03809950
	arm_func_end FUN_037FE398

	arm_func_start FUN_037FE3BC
FUN_037FE3BC: ; 0x037FE3BC
	stmdb sp!, {r4, r5, r6, lr}
	ldr r4, _037FE424 ; =0x03809954
	ldrh r0, [r4]
	cmp r0, #0
	bne _037FE41C
	mov r0, #1
	mov r6, #0
	strh r0, [r4]
	mov r0, r6
	bl FUN_037FE398
	str r6, [r4, #8]
	mov r5, #8
	ldr r3, _037FE428 ; =0x04000102
	str r6, [r4, #0xc]
	strh r6, [r3]
	ldr r1, _037FE42C ; =0x037FE440
	strh r6, [r3, #-2]
	mov r2, #0xc1
	mov r0, r5
	strh r2, [r3]
	bl FUN_037FC094
	mov r0, r5
	bl FUN_037FC280
	str r6, [r4, #4]
_037FE41C:
	ldmia sp!, {r4, r5, r6, lr}
	bx lr
	.balign 4, 0
_037FE424: .word 0x03809954
_037FE428: .word 0x04000102
_037FE42C: .word 0x037FE440
	arm_func_end FUN_037FE3BC

	arm_func_start FUN_037FE430
FUN_037FE430: ; 0x037FE430
	ldr r0, _037FE43C ; =0x03809954
	ldrh r0, [r0]
	bx lr
	.balign 4, 0
_037FE43C: .word 0x03809954
	arm_func_end FUN_037FE430
_037FE440:
	.byte 0x4C, 0x00, 0x9F, 0xE5, 0x00, 0x30, 0xA0, 0xE3, 0x08, 0x20, 0x90, 0xE5, 0x0C, 0x10, 0x90, 0xE5
	.byte 0x01, 0x20, 0x92, 0xE2, 0x08, 0x20, 0x80, 0xE5, 0x00, 0x10, 0xA1, 0xE2, 0x0C, 0x10, 0x80, 0xE5
	.byte 0x04, 0x10, 0x90, 0xE5, 0x2C, 0xC0, 0x9F, 0xE5, 0x00, 0x00, 0x51, 0xE3, 0x28, 0x20, 0x9F, 0x15
	.byte 0xC1, 0x10, 0xA0, 0x13, 0xB0, 0x30, 0xC2, 0x11, 0xB2, 0x30, 0x42, 0x11, 0xB0, 0x10, 0xC2, 0x11
	.byte 0x04, 0x30, 0x80, 0x15, 0x00, 0x00, 0xA0, 0xE3, 0x10, 0x10, 0x9F, 0xE5, 0x00, 0x20, 0xA0, 0xE1
	.byte 0x1C, 0xFF, 0x2F, 0xE1, 0x54, 0x99, 0x80, 0x03, 0xB8, 0xC1, 0x7F, 0x03, 0x02, 0x01, 0x00, 0x04
	.byte 0x40, 0xE4, 0x7F, 0x03

	arm_func_start FUN_037FE4A4
FUN_037FE4A4: ; 0x037FE4A4
	stmdb sp!, {r4, r5, lr}
	sub sp, sp, #0xc
	bl FUN_037FEF5C
	ldr r4, _037FE54C ; =0x04000100
	ldr r1, _037FE550 ; =0x03809954
	ldrh r3, [r4]
	ldr r2, _037FE554 ; =0x0000FFFF
	strh r3, [sp]
	ldr r5, [r1, #8]
	ldr r3, [r1, #0xc]
	sub r1, r2, #0x10000
	and r5, r5, r1
	and r1, r3, r2
	str r5, [sp, #4]
	mov r5, r0
	str r1, [sp, #8]
	bl FUN_03806414
	ldr r1, [r4, #0x114]
	orr r0, r1, r0
	tst r0, #8
	beq _037FE51C
	ldrh r0, [sp]
	tst r0, #0x8000
	bne _037FE51C
	ldr r1, [sp, #4]
	ldr r0, [sp, #8]
	adds r1, r1, #1
	adc r0, r0, #0
	str r1, [sp, #4]
	str r0, [sp, #8]
_037FE51C:
	mov r0, r5
	bl FUN_037FEF70
	ldr r2, [sp, #4]
	ldr r1, [sp, #8]
	ldrh r0, [sp]
	mov r1, r1, lsl #0x10
	orr r1, r1, r2, lsr #16
	orr r1, r1, r0, asr #31
	orr r0, r0, r2, lsl #16
	add sp, sp, #0xc
	ldmia sp!, {r4, r5, lr}
	bx lr
	.balign 4, 0
_037FE54C: .word 0x04000100
_037FE550: .word 0x03809954
_037FE554: .word 0x0000FFFF
	arm_func_end FUN_037FE4A4
_037FE558:
	.byte 0x04, 0x00, 0x9F, 0xE5, 0xB0, 0x00, 0xD0, 0xE1
	.byte 0x1E, 0xFF, 0x2F, 0xE1, 0x00, 0x01, 0x00, 0x04

	arm_func_start FUN_037FE568
FUN_037FE568: ; 0x037FE568
	stmdb sp!, {r4, r5, r6, lr}
	mov r5, r0
	bl FUN_037FE4A4
	mov r4, #0
	ldr r3, _037FE5E4 ; =0x04000106
	mov r2, r4
	strh r4, [r3]
	ldr ip, [r5, #0xc]
	ldr r3, [r5, #0x10]
	subs r6, ip, r0
	sbc r5, r3, r1
	ldr r1, _037FE5E8 ; =0x037FE8DC
	mov r0, #1
	bl FUN_037FC1B8
	subs r0, r6, #0
	sbcs r0, r5, #0
	ldrlt r4, _037FE5EC ; =0x0000FFFE
	blt _037FE5C4
	subs r0, r6, #0x10000
	sbcs r0, r5, r4
	mvnlt r0, r6
	movlt r0, r0, lsl #0x10
	movlt r4, r0, lsr #0x10
_037FE5C4:
	ldr r2, _037FE5F0 ; =0x04000104
	mov r1, #0xc1
	strh r4, [r2]
	mov r0, #0x10
	strh r1, [r2, #2]
	bl FUN_037FC280
	ldmia sp!, {r4, r5, r6, lr}
	bx lr
	.balign 4, 0
_037FE5E4: .word 0x04000106
_037FE5E8: .word 0x037FE8DC
_037FE5EC: .word 0x0000FFFE
_037FE5F0: .word 0x04000104
	arm_func_end FUN_037FE568

	arm_func_start FUN_037FE5F4
FUN_037FE5F4: ; 0x037FE5F4
	stmdb sp!, {r4, lr}
	ldr r4, _037FE630 ; =0x03809964
	ldrh r0, [r4]
	cmp r0, #0
	bne _037FE628
	mov r0, #1
	strh r0, [r4]
	bl FUN_037FE398
	mov r1, #0
	str r1, [r4, #4]
	mov r0, #0x10
	str r1, [r4, #8]
	bl FUN_037FC2F0
_037FE628:
	ldmia sp!, {r4, lr}
	bx lr
	.balign 4, 0
_037FE630: .word 0x03809964
	arm_func_end FUN_037FE5F4

	arm_func_start FUN_037FE634
FUN_037FE634: ; 0x037FE634
	ldr r0, _037FE640 ; =0x03809964
	ldrh r0, [r0]
	bx lr
	.balign 4, 0
_037FE640: .word 0x03809964
	arm_func_end FUN_037FE634

	arm_func_start FUN_037FE644
FUN_037FE644: ; 0x037FE644
	mov r1, #0
	str r1, [r0]
	str r1, [r0, #8]
	bx lr
	arm_func_end FUN_037FE644

	arm_func_start FUN_037FE654
FUN_037FE654: ; 0x037FE654
	stmdb sp!, {r4, r5, r6, r7, r8, sb, sl, lr}
	mov sb, r0
	ldr r0, [sb, #0x20]
	ldr r3, [sb, #0x1c]
	cmp r0, #0
	ldr r4, _037FE770 ; =0x03809964
	mov r8, r1
	mov r7, r2
	cmpeq r3, #0
	mov sl, #0
	beq _037FE6D0
	bl FUN_037FE4A4
	ldr r7, [sb, #0x28]
	ldr r8, [sb, #0x24]
	cmp r7, r1
	cmpeq r8, r0
	bhs _037FE6D0
	ldr r6, [sb, #0x1c]
	ldr r5, [sb, #0x20]
	subs r0, r0, r8
	mov r2, r6
	mov r3, r5
	sbc r1, r1, r7
	bl FUN_037FB890
	adds r2, r0, #1
	adc r0, r1, sl
	umull r3, r1, r6, r2
	mla r1, r6, r0, r1
	mla r1, r5, r2, r1
	adds r8, r8, r3
	adc r7, r7, r1
_037FE6D0:
	str r8, [sb, #0xc]
	str r7, [sb, #0x10]
	ldr r3, [r4, #4]
	b _037FE730
_037FE6E0:
	ldr r1, [r3, #0xc]
	ldr r0, [r3, #0x10]
	subs r2, r8, r1
	sbc r1, r7, r0
	subs r0, r2, #0
	sbcs r0, r1, #0
	bge _037FE72C
	ldr r0, [r3, #0x14]
	str r0, [sb, #0x14]
	str sb, [r3, #0x14]
	ldr r0, [sb, #0x14]
	str r3, [sb, #0x18]
	cmp r0, #0
	strne sb, [r0, #0x18]
	bne _037FE768
	mov r0, sb
	str sb, [r4, #4]
	bl FUN_037FE568
	b _037FE768
_037FE72C:
	ldr r3, [r3, #0x18]
_037FE730:
	cmp r3, #0
	bne _037FE6E0
	mov r0, #0
	str r0, [sb, #0x18]
	ldr r0, [r4, #8]
	str sb, [r4, #8]
	str r0, [sb, #0x14]
	cmp r0, #0
	strne sb, [r0, #0x18]
	bne _037FE768
	str sb, [r4, #8]
	mov r0, sb
	str sb, [r4, #4]
	bl FUN_037FE568
_037FE768:
	ldmia sp!, {r4, r5, r6, r7, r8, sb, sl, lr}
	bx lr
	.balign 4, 0
_037FE770: .word 0x03809964
	arm_func_end FUN_037FE654

	arm_func_start FUN_037FE774
FUN_037FE774: ; 0x037FE774
	stmdb sp!, {r4, r5, r6, r7, r8, lr}
	movs r8, r0
	mov r7, r1
	mov r6, r2
	mov r5, r3
	beq _037FE798
	ldr r0, [r8]
	cmp r0, #0
	beq _037FE79C
_037FE798:
	bl FUN_037FF18C
_037FE79C:
	bl FUN_037FEF5C
	mov r2, #0
	ldr r1, [sp, #0x18]
	mov r4, r0
	str r2, [r8, #0x1c]
	str r2, [r8, #0x20]
	str r5, [r8]
	str r1, [r8, #4]
	bl FUN_037FE4A4
	adds r3, r7, r0
	adc r2, r6, r1
	mov r0, r8
	mov r1, r3
	bl FUN_037FE654
	mov r0, r4
	bl FUN_037FEF70
	ldmia sp!, {r4, r5, r6, r7, r8, lr}
	bx lr
	arm_func_end FUN_037FE774

	arm_func_start FUN_037FE7E4
FUN_037FE7E4: ; 0x037FE7E4
	stmdb sp!, {r3, r4, r5, r6, r7, r8, sb, lr}
	ldr r5, [sp, #0x20]
	movs sb, r0
	mov r8, r1
	mov r7, r2
	mov r6, r3
	beq _037FE80C
	ldr r0, [sb]
	cmp r0, #0
	beq _037FE810
_037FE80C:
	bl FUN_037FF18C
_037FE810:
	bl FUN_037FEF5C
	ldr ip, [sp, #0x24]
	ldr r3, [sp, #0x28]
	mov r1, #0
	mov r4, r0
	mov r0, sb
	mov r2, r1
	str r6, [sb, #0x1c]
	str r5, [sb, #0x20]
	str r8, [sb, #0x24]
	str r7, [sb, #0x28]
	str ip, [sb]
	str r3, [sb, #4]
	bl FUN_037FE654
	mov r0, r4
	bl FUN_037FEF70
	ldmia sp!, {r3, r4, r5, r6, r7, r8, sb, lr}
	bx lr
	arm_func_end FUN_037FE7E4

	arm_func_start FUN_037FE858
FUN_037FE858: ; 0x037FE858
	stmdb sp!, {r3, r4, r5, lr}
	mov r5, r0
	bl FUN_037FEF5C
	ldr r1, [r5]
	mov r4, r0
	cmp r1, #0
	bne _037FE878
	b _037FE8CC
_037FE878:
	ldr r0, [r5, #0x18]
	cmp r0, #0
	ldreq r2, [r5, #0x14]
	ldreq r1, _037FE8D8 ; =0x03809964
	streq r2, [r1, #8]
	ldrne r1, [r5, #0x14]
	strne r1, [r0, #0x14]
	ldr r1, [r5, #0x14]
	cmp r1, #0
	strne r0, [r1, #0x18]
	bne _037FE8B8
	ldr r1, _037FE8D8 ; =0x03809964
	cmp r0, #0
	str r0, [r1, #4]
	beq _037FE8B8
	bl FUN_037FE568
_037FE8B8:
	mov r1, #0
	mov r0, r4
	str r1, [r5]
	str r1, [r5, #0x1c]
	str r1, [r5, #0x20]
_037FE8CC:
	bl FUN_037FEF70
	ldmia sp!, {r3, r4, r5, lr}
	bx lr
	.balign 4, 0
_037FE8D8: .word 0x03809964
	arm_func_end FUN_037FE858
_037FE8DC:
	.byte 0x01, 0x40, 0x2D, 0xE9
	.byte 0x01, 0x00, 0x00, 0xEB, 0x01, 0x40, 0xBD, 0xE8, 0x1E, 0xFF, 0x2F, 0xE1, 0x70, 0x40, 0x2D, 0xE9
	.byte 0xD0, 0x10, 0x9F, 0xE5, 0x00, 0x40, 0xA0, 0xE3, 0x10, 0x00, 0xA0, 0xE3, 0xB0, 0x40, 0xC1, 0xE1
	.byte 0x7A, 0xF6, 0xFF, 0xEB, 0xC0, 0x10, 0x9F, 0xE5, 0x00, 0x00, 0x91, 0xE5, 0x10, 0x00, 0x80, 0xE3
	.byte 0x00, 0x00, 0x81, 0xE5, 0xE2, 0xFE, 0xFF, 0xEB, 0xB0, 0x20, 0x9F, 0xE5, 0x04, 0x50, 0x92, 0xE5
	.byte 0x00, 0x00, 0x55, 0xE3, 0x25, 0x00, 0x00, 0x0A, 0x10, 0x30, 0x95, 0xE5, 0x0C, 0xC0, 0x95, 0xE5
	.byte 0x03, 0x00, 0x51, 0xE1, 0x0C, 0x00, 0x50, 0x01, 0x01, 0x00, 0x00, 0x2A, 0x05, 0x00, 0xA0, 0xE1
	.byte 0x1D, 0x00, 0x00, 0xEA, 0x18, 0x00, 0x95, 0xE5, 0x04, 0x00, 0x82, 0xE5, 0x00, 0x00, 0x50, 0xE3
	.byte 0x08, 0x40, 0x82, 0x05, 0x14, 0x40, 0x80, 0x15, 0x20, 0x00, 0x95, 0xE5, 0x1C, 0x10, 0x95, 0xE5
	.byte 0x04, 0x00, 0x50, 0xE1, 0x00, 0x60, 0x95, 0xE5, 0x04, 0x00, 0x51, 0x01, 0x00, 0x40, 0x85, 0x05
	.byte 0x00, 0x00, 0x56, 0xE3, 0x02, 0x00, 0x00, 0x0A, 0x04, 0x00, 0x95, 0xE5, 0x0F, 0xE0, 0xA0, 0xE1
	.byte 0x16, 0xFF, 0x2F, 0xE1, 0x20, 0x00, 0x95, 0xE5, 0x1C, 0x10, 0x95, 0xE5, 0x00, 0x00, 0x50, 0xE3
	.byte 0x00, 0x00, 0x51, 0x03, 0x00, 0x10, 0xA0, 0xE3, 0x03, 0x00, 0x00, 0x0A, 0x05, 0x00, 0xA0, 0xE1
	.byte 0x01, 0x20, 0xA0, 0xE1, 0x00, 0x60, 0x85, 0xE5, 0x29, 0xFF, 0xFF, 0xEB, 0x1C, 0x00, 0x9F, 0xE5
	.byte 0x04, 0x00, 0x90, 0xE5, 0x00, 0x00, 0x50, 0xE3, 0x00, 0x00, 0x00, 0x0A, 0xE9, 0xFE, 0xFF, 0xEB
	.byte 0x70, 0x40, 0xBD, 0xE8, 0x1E, 0xFF, 0x2F, 0xE1, 0x06, 0x01, 0x00, 0x04, 0xF8, 0xFF, 0x80, 0x03
	.byte 0x64, 0x99, 0x80, 0x03

	arm_func_start FUN_037FE9D4
FUN_037FE9D4: ; 0x037FE9D4
	stmdb sp!, {r3, r4, r5, lr}
	ldr r4, _037FEA14 ; =0x03809970
	ldrh r0, [r4]
	cmp r0, #0
	bne _037FEA0C
	mov r0, #1
	strh r0, [r4]
	mov r5, #0
	str r5, [r4, #0xc]
	str r5, [r4, #0x10]
	mov r0, #4
	bl FUN_037FC2F0
	str r5, [r4, #8]
	str r5, [r4, #4]
_037FEA0C:
	ldmia sp!, {r3, r4, r5, lr}
	bx lr
	.balign 4, 0
_037FEA14: .word 0x03809970
	arm_func_end FUN_037FE9D4

	arm_func_start FUN_037FEA18
FUN_037FEA18: ; 0x037FEA18
	ldr r0, _037FEA24 ; =0x03809970
	ldrh r0, [r0]
	bx lr
	.balign 4, 0
_037FEA24: .word 0x03809970
	arm_func_end FUN_037FEA18
_037FEA28:
	.byte 0x08, 0x40, 0x2D, 0xE9, 0x8C, 0x10, 0x9F, 0xE5
	.byte 0x0C, 0xC0, 0x91, 0xE5, 0x13, 0x00, 0x00, 0xEA, 0x0C, 0x30, 0x90, 0xE5, 0x0C, 0x20, 0x9C, 0xE5
	.byte 0x03, 0x00, 0x52, 0xE1, 0x0E, 0x00, 0x00, 0x3A, 0x03, 0x00, 0x00, 0x1A, 0xF0, 0x31, 0xDC, 0xE1
	.byte 0xF0, 0x21, 0xD0, 0xE1, 0x02, 0x00, 0x53, 0xE1, 0x09, 0x00, 0x00, 0xDA, 0x14, 0x20, 0x9C, 0xE5
	.byte 0x14, 0x20, 0x80, 0xE5, 0x18, 0xC0, 0x80, 0xE5, 0x14, 0x00, 0x8C, 0xE5, 0x00, 0x00, 0x52, 0xE3
	.byte 0x18, 0x00, 0x82, 0x15, 0x0F, 0x00, 0x00, 0x1A, 0x0C, 0x00, 0x81, 0xE5, 0x6B, 0x00, 0x00, 0xEB
	.byte 0x0C, 0x00, 0x00, 0xEA, 0x18, 0xC0, 0x9C, 0xE5, 0x00, 0x00, 0x5C, 0xE3, 0xE9, 0xFF, 0xFF, 0x1A
	.byte 0x10, 0x30, 0x91, 0xE5, 0x00, 0x20, 0xA0, 0xE3, 0x14, 0x30, 0x80, 0xE5, 0x18, 0x20, 0x80, 0xE5
	.byte 0x10, 0x00, 0x81, 0xE5, 0x00, 0x00, 0x53, 0xE3, 0x18, 0x00, 0x83, 0x15, 0x01, 0x00, 0x00, 0x1A
	.byte 0x0C, 0x00, 0x81, 0xE5, 0x5D, 0x00, 0x00, 0xEB, 0x08, 0x40, 0xBD, 0xE8, 0x1E, 0xFF, 0x2F, 0xE1
	.byte 0x70, 0x99, 0x80, 0x03, 0x00, 0x00, 0x50, 0xE3, 0x1E, 0xFF, 0x2F, 0x01, 0x18, 0x20, 0x90, 0xE5
	.byte 0x14, 0x10, 0x90, 0xE5, 0x00, 0x00, 0x52, 0xE3, 0x18, 0x00, 0x9F, 0x05, 0x14, 0x10, 0x82, 0x15
	.byte 0x10, 0x10, 0x80, 0x05, 0x00, 0x00, 0x51, 0xE3, 0x08, 0x00, 0x9F, 0x05, 0x18, 0x20, 0x81, 0x15
	.byte 0x0C, 0x20, 0x80, 0x05, 0x1E, 0xFF, 0x2F, 0xE1, 0x70, 0x99, 0x80, 0x03

	arm_func_start FUN_037FEAFC
FUN_037FEAFC: ; 0x037FEAFC
	mov r1, #0
	str r1, [r0]
	str r1, [r0, #8]
	str r1, [r0, #0x20]
	bx lr
	arm_func_end FUN_037FEAFC
_037FEB10:
	.byte 0xF8, 0x43, 0x2D, 0xE9, 0x00, 0x80, 0xA0, 0xE1, 0x01, 0x70, 0xA0, 0xE1, 0x02, 0x60, 0xA0, 0xE1
	.byte 0x03, 0x50, 0xA0, 0xE1, 0x0C, 0x01, 0x00, 0xEB, 0x00, 0x40, 0xA0, 0xE1, 0x00, 0x00, 0x58, 0xE3
	.byte 0x02, 0x00, 0x00, 0x0A, 0x00, 0x00, 0x98, 0xE5, 0x00, 0x00, 0x50, 0xE3, 0x00, 0x00, 0x00, 0x0A
	.byte 0x91, 0x01, 0x00, 0xEB, 0x50, 0x00, 0x9F, 0xE5, 0xB0, 0x90, 0xD0, 0xE1, 0x09, 0x00, 0xA0, 0xE1
	.byte 0xEC, 0x00, 0x00, 0xEB, 0x20, 0x20, 0x9D, 0xE5, 0x00, 0x10, 0xA0, 0xE3, 0x09, 0x00, 0x57, 0xE1
	.byte 0x01, 0x00, 0x80, 0xD2, 0x1C, 0x10, 0x88, 0xE5, 0x0C, 0x00, 0x88, 0xE5, 0x00, 0x10, 0xA0, 0xE3
	.byte 0x08, 0x00, 0xA0, 0xE1, 0xB0, 0x71, 0xC8, 0xE1, 0xB2, 0x61, 0xC8, 0xE1, 0x00, 0x50, 0x88, 0xE5
	.byte 0x04, 0x20, 0x88, 0xE5, 0x24, 0x10, 0x88, 0xE5, 0xA6, 0xFF, 0xFF, 0xEB, 0x04, 0x00, 0xA0, 0xE1
	.byte 0xF6, 0x00, 0x00, 0xEB, 0xF8, 0x43, 0xBD, 0xE8, 0x1E, 0xFF, 0x2F, 0xE1, 0x06, 0x00, 0x00, 0x04
	.byte 0xF8, 0x43, 0x2D, 0xE9, 0x00, 0x80, 0xA0, 0xE1, 0x01, 0x70, 0xA0, 0xE1, 0x02, 0x60, 0xA0, 0xE1
	.byte 0x03, 0x50, 0xA0, 0xE1, 0xE8, 0x00, 0x00, 0xEB, 0x00, 0x40, 0xA0, 0xE1, 0x00, 0x00, 0x58, 0xE3
	.byte 0x02, 0x00, 0x00, 0x0A, 0x00, 0x00, 0x98, 0xE5, 0x00, 0x00, 0x50, 0xE3, 0x00, 0x00, 0x00, 0x0A
	.byte 0x6D, 0x01, 0x00, 0xEB, 0x50, 0x00, 0x9F, 0xE5, 0xB0, 0x90, 0xD0, 0xE1, 0x09, 0x00, 0xA0, 0xE1
	.byte 0xC8, 0x00, 0x00, 0xEB, 0x20, 0x20, 0x9D, 0xE5, 0x01, 0x10, 0xA0, 0xE3, 0x09, 0x00, 0x57, 0xE1
	.byte 0x01, 0x00, 0x80, 0xD2, 0x1C, 0x10, 0x88, 0xE5, 0x0C, 0x00, 0x88, 0xE5, 0x00, 0x10, 0xA0, 0xE3
	.byte 0x08, 0x00, 0xA0, 0xE1, 0xB0, 0x71, 0xC8, 0xE1, 0xB2, 0x61, 0xC8, 0xE1, 0x00, 0x50, 0x88, 0xE5
	.byte 0x04, 0x20, 0x88, 0xE5, 0x24, 0x10, 0x88, 0xE5, 0x82, 0xFF, 0xFF, 0xEB, 0x04, 0x00, 0xA0, 0xE1
	.byte 0xD2, 0x00, 0x00, 0xEB, 0xF8, 0x43, 0xBD, 0xE8, 0x1E, 0xFF, 0x2F, 0xE1, 0x06, 0x00, 0x00, 0x04
	.byte 0x38, 0x40, 0x2D, 0xE9, 0x4C, 0x10, 0x9F, 0xE5, 0x04, 0x40, 0xA0, 0xE3, 0x00, 0x50, 0xA0, 0xE1
	.byte 0x04, 0x00, 0xA0, 0xE1, 0x12, 0xF5, 0xFF, 0xEB, 0xF0, 0x31, 0xD5, 0xE1, 0x3F, 0x23, 0x44, 0xE2
	.byte 0xB0, 0x10, 0xD2, 0xE1, 0x03, 0x0C, 0xA0, 0xE1, 0x3F, 0x10, 0x01, 0xE2, 0x01, 0x3C, 0x03, 0xE2
	.byte 0x20, 0x08, 0x81, 0xE1, 0xC3, 0x00, 0x80, 0xE1, 0xB0, 0x00, 0xC2, 0xE1, 0xB0, 0x10, 0xD2, 0xE1
	.byte 0x04, 0x00, 0xA0, 0xE1, 0x20, 0x10, 0x81, 0xE3, 0xB0, 0x10, 0xC2, 0xE1, 0x7F, 0xF5, 0xFF, 0xEB
	.byte 0x38, 0x40, 0xBD, 0xE8, 0x1E, 0xFF, 0x2F, 0xE1, 0x6C, 0xED, 0x7F, 0x03

	arm_func_start FUN_037FEC8C
FUN_037FEC8C: ; 0x037FEC8C
	stmdb sp!, {r3, r4, r5, lr}
	movs r4, r1
	mov r5, r0
	bne _037FECA0
	bl FUN_037FF18C
_037FECA0:
	cmp r5, #0
	strne r4, [r5, #8]
	ldmia sp!, {r3, r4, r5, lr}
	bx lr
	arm_func_end FUN_037FEC8C
_037FECB0:
	.byte 0x38, 0x40, 0x2D, 0xE9, 0x00, 0x50, 0xA0, 0xE1, 0xA7, 0x00, 0x00, 0xEB, 0x00, 0x10, 0x95, 0xE5
	.byte 0x01, 0x20, 0xA0, 0xE3, 0x00, 0x40, 0xA0, 0xE1, 0x24, 0x20, 0x85, 0xE5, 0x00, 0x00, 0x51, 0xE3
	.byte 0x00, 0x00, 0x00, 0x1A, 0x04, 0x00, 0x00, 0xEA, 0x05, 0x00, 0xA0, 0xE1, 0x78, 0xFF, 0xFF, 0xEB
	.byte 0x00, 0x10, 0xA0, 0xE3, 0x04, 0x00, 0xA0, 0xE1, 0x00, 0x10, 0x85, 0xE5, 0x9F, 0x00, 0x00, 0xEB
	.byte 0x38, 0x40, 0xBD, 0xE8, 0x1E, 0xFF, 0x2F, 0xE1, 0xF8, 0x40, 0x2D, 0xE9, 0x00, 0x70, 0xA0, 0xE1
	.byte 0x95, 0x00, 0x00, 0xEB, 0x00, 0x50, 0xA0, 0xE1, 0x00, 0x00, 0x57, 0xE3, 0x00, 0x00, 0x00, 0x1A
	.byte 0x1D, 0x01, 0x00, 0xEB, 0x4C, 0x00, 0x9F, 0xE5, 0x00, 0x40, 0xA0, 0xE3, 0x0C, 0x00, 0x90, 0xE5
	.byte 0x00, 0x00, 0x50, 0xE3, 0x18, 0x60, 0x90, 0x15, 0x00, 0x60, 0xA0, 0x03, 0x07, 0x00, 0x00, 0xEA
	.byte 0x08, 0x10, 0x90, 0xE5, 0x07, 0x00, 0x51, 0xE1, 0x00, 0x00, 0x00, 0x1A, 0xDB, 0xFF, 0xFF, 0xEB
	.byte 0x06, 0x00, 0xA0, 0xE1, 0x00, 0x00, 0x56, 0xE3, 0x18, 0x60, 0x96, 0x15, 0x04, 0x60, 0xA0, 0x01
	.byte 0x00, 0x00, 0x50, 0xE3, 0xF5, 0xFF, 0xFF, 0x1A, 0x05, 0x00, 0xA0, 0xE1, 0x83, 0x00, 0x00, 0xEB
	.byte 0xF8, 0x40, 0xBD, 0xE8, 0x1E, 0xFF, 0x2F, 0xE1, 0x70, 0x99, 0x80, 0x03, 0xF8, 0x4F, 0x2D, 0xE9
	.byte 0x04, 0x40, 0xA0, 0xE3, 0x04, 0x00, 0xA0, 0xE1, 0x5C, 0xF5, 0xFF, 0xEB, 0x3F, 0xA3, 0x44, 0xE2
	.byte 0xB0, 0x00, 0xDA, 0xE1, 0x6C, 0x51, 0x9F, 0xE5, 0x6C, 0x11, 0x9F, 0xE5, 0x05, 0x00, 0x00, 0xE0
	.byte 0xB0, 0x00, 0xCA, 0xE1, 0x00, 0x00, 0x91, 0xE5, 0x04, 0x00, 0x80, 0xE3, 0x00, 0x00, 0x81, 0xE5
	.byte 0xB0, 0x00, 0xDA, 0xE1, 0x40, 0x14, 0xA0, 0xE1, 0x80, 0x00, 0xA0, 0xE1, 0xFF, 0x10, 0x01, 0xE2
	.byte 0x01, 0x0C, 0x00, 0xE2, 0x00, 0x00, 0x81, 0xE1, 0x01, 0x00, 0x40, 0xE2, 0x51, 0x00, 0x00, 0xEB
	.byte 0x00, 0x70, 0xA0, 0xE3, 0x34, 0x91, 0x9F, 0xE5, 0x34, 0x61, 0x9F, 0xE5, 0x07, 0xB0, 0xA0, 0xE1
	.byte 0x43, 0x00, 0x00, 0xEA, 0xB0, 0x80, 0xD9, 0xE1, 0x08, 0x00, 0xA0, 0xE1, 0x49, 0x00, 0x00, 0xEB
	.byte 0xF0, 0x11, 0xD4, 0xE1, 0x0C, 0x20, 0x94, 0xE5, 0x01, 0x10, 0x48, 0xE0, 0x00, 0x80, 0xA0, 0xE1
	.byte 0x02, 0x00, 0x58, 0xE0, 0x03, 0x00, 0x00, 0x4A, 0x00, 0x00, 0x50, 0xE3, 0x03, 0x00, 0x00, 0x1A
	.byte 0x00, 0x00, 0x51, 0xE3, 0x01, 0x00, 0x00, 0xAA, 0x0B, 0x00, 0xA0, 0xE1, 0x06, 0x00, 0x00, 0xEA
	.byte 0x00, 0x00, 0x51, 0xE3, 0x07, 0x00, 0x81, 0xB2, 0x01, 0x1C, 0x80, 0xB2, 0xF2, 0x01, 0xD4, 0xE1
	.byte 0x00, 0x00, 0x51, 0xE1, 0x01, 0x00, 0xA0, 0xD3, 0x02, 0x00, 0xA0, 0xC3, 0x00, 0x00, 0x50, 0xE3
	.byte 0x04, 0x00, 0x00, 0x0A, 0x01, 0x00, 0x50, 0xE3, 0x11, 0x00, 0x00, 0x0A, 0x02, 0x00, 0x50, 0xE3
	.byte 0x20, 0x00, 0x00, 0x0A, 0x26, 0x00, 0x00, 0xEA, 0x04, 0x00, 0xA0, 0xE1, 0x77, 0xFF, 0xFF, 0xEB
	.byte 0xB0, 0x10, 0xD9, 0xE1, 0xF0, 0x01, 0xD4, 0xE1, 0x01, 0x00, 0x50, 0xE1, 0x0C, 0x00, 0x94, 0x05
	.byte 0x08, 0x00, 0x50, 0x01, 0x21, 0x00, 0x00, 0x1A, 0x04, 0x00, 0xA0, 0xE3, 0x1F, 0xF5, 0xFF, 0xEB
	.byte 0xB0, 0x10, 0xDA, 0xE1, 0x04, 0x00, 0xA0, 0xE3, 0x05, 0x10, 0x01, 0xE0, 0xB0, 0x10, 0xCA, 0xE1
	.byte 0x38, 0xF5, 0xFF, 0xEB, 0x00, 0x80, 0x94, 0xE5, 0x04, 0x00, 0xA0, 0xE1, 0x0C, 0xFF, 0xFF, 0xEB
	.byte 0x00, 0x70, 0x84, 0xE5, 0x00, 0x00, 0x58, 0xE3, 0x02, 0x00, 0x00, 0x0A, 0x04, 0x00, 0x94, 0xE5
	.byte 0x0F, 0xE0, 0xA0, 0xE1, 0x18, 0xFF, 0x2F, 0xE1, 0x1C, 0x00, 0x94, 0xE5, 0x00, 0x00, 0x50, 0xE3
	.byte 0x0B, 0x00, 0x00, 0x0A, 0x24, 0x00, 0x94, 0xE5, 0x00, 0x00, 0x50, 0xE3, 0x08, 0x00, 0x00, 0x1A
	.byte 0x00, 0x80, 0x84, 0xE5, 0x01, 0x00, 0x00, 0xEA, 0x04, 0x00, 0xA0, 0xE1, 0xFC, 0xFE, 0xFF, 0xEB
	.byte 0x08, 0x10, 0x96, 0xE5, 0x04, 0x00, 0xA0, 0xE1, 0x01, 0x10, 0x81, 0xE2, 0x0C, 0x10, 0x84, 0xE5
	.byte 0xD0, 0xFE, 0xFF, 0xEB, 0x0C, 0x40, 0x96, 0xE5, 0x00, 0x00, 0x54, 0xE3, 0xB8, 0xFF, 0xFF, 0x1A
	.byte 0xF8, 0x4F, 0xBD, 0xE8, 0x1E, 0xFF, 0x2F, 0xE1, 0xDF, 0xFF, 0x00, 0x00, 0xF8, 0xFF, 0x80, 0x03
	.byte 0x06, 0x00, 0x00, 0x04, 0x70, 0x99, 0x80, 0x03, 0x38, 0x40, 0x2D, 0xE9, 0x00, 0x50, 0xA0, 0xE1
	.byte 0x11, 0x00, 0x00, 0xEB, 0x28, 0x10, 0x9F, 0xE5, 0x24, 0x40, 0x9F, 0xE5, 0x04, 0x20, 0x91, 0xE5
	.byte 0x02, 0x00, 0x55, 0xE1, 0x08, 0x20, 0x91, 0xB5, 0x01, 0x20, 0x82, 0xB2, 0x08, 0x20, 0x81, 0xB5
	.byte 0x04, 0x50, 0x84, 0xE5, 0x0D, 0x00, 0x00, 0xEB, 0x08, 0x00, 0x94, 0xE5, 0x38, 0x40, 0xBD, 0xE8
	.byte 0x1E, 0xFF, 0x2F, 0xE1, 0x70, 0x99, 0x80, 0x03

	arm_func_start FUN_037FEF48
FUN_037FEF48: ; 0x037FEF48
	mrs r0, cpsr
	bic r1, r0, #0x80
	msr cpsr_c, r1
	and r0, r0, #0x80
	bx lr
	arm_func_end FUN_037FEF48

	arm_func_start FUN_037FEF5C
FUN_037FEF5C: ; 0x037FEF5C
	mrs r0, cpsr
	orr r1, r0, #0x80
	msr cpsr_c, r1
	and r0, r0, #0x80
	bx lr
	arm_func_end FUN_037FEF5C

	arm_func_start FUN_037FEF70
FUN_037FEF70: ; 0x037FEF70
	mrs r1, cpsr
	bic r2, r1, #0x80
	orr r2, r2, r0
	msr cpsr_c, r2
	and r0, r1, #0x80
	bx lr
	arm_func_end FUN_037FEF70

	arm_func_start FUN_037FEF88
FUN_037FEF88: ; 0x037FEF88
	mrs r0, cpsr
	orr r1, r0, #0xc0
	msr cpsr_c, r1
	and r0, r0, #0xc0
	bx lr
	arm_func_end FUN_037FEF88

	arm_func_start FUN_037FEF9C
FUN_037FEF9C: ; 0x037FEF9C
	mrs r1, cpsr
	bic r2, r1, #0xc0
	orr r2, r2, r0
	msr cpsr_c, r2
	and r0, r1, #0xc0
	bx lr
	arm_func_end FUN_037FEF9C

	arm_func_start FUN_037FEFB4
FUN_037FEFB4: ; 0x037FEFB4
	mrs r0, cpsr
	and r0, r0, #0x1f
	bx lr
	arm_func_end FUN_037FEFB4

	arm_func_start FUN_037FEFC0
FUN_037FEFC0: ; 0x037FEFC0
	ldr ip, _037FEFD4 ; =FUN_037FB504
	mov r1, r0, asr #1
	add r0, r0, r1, lsr #30
	mov r0, r0, asr #2
	bx ip
	.balign 4, 0
_037FEFD4: .word 0x037FB505
	arm_func_end FUN_037FEFC0

	arm_func_start FUN_037FEFD8
FUN_037FEFD8: ; 0x037FEFD8
	ldr r0, _037FEFE4 ; =0x02FFFC40
	ldrh r0, [r0]
	bx lr
	.balign 4, 0
_037FEFE4: .word 0x02FFFC40
	arm_func_end FUN_037FEFD8

	arm_func_start FUN_037FEFE8
FUN_037FEFE8: ; 0x037FEFE8
	stmdb sp!, {r4, lr}
	ldr r4, _037FF034 ; =0x03809984
	ldr r0, [r4, #4]
	cmp r0, #0
	bne _037FF020
	bl FUN_037FD4BC
	cmp r0, #1
	ldreq r0, _037FF038 ; =0x02FFE1BF
	ldreqb r0, [r0]
	andeq r0, r0, #1
	cmpeq r0, #1
	moveq r0, #1
	movne r0, #0
	str r0, [r4]
_037FF020:
	mov r0, #1
	str r0, [r4, #4]
	ldr r0, [r4]
	ldmia sp!, {r4, lr}
	bx lr
	.balign 4, 0
_037FF034: .word 0x03809984
_037FF038: .word 0x02FFE1BF
	arm_func_end FUN_037FEFE8

	arm_func_start FUN_037FF03C
FUN_037FF03C: ; 0x037FF03C
	stmdb sp!, {r3, lr}
	ldr r2, _037FF06C ; =0x0380998C
	ldrh r0, [r2]
	cmp r0, #0
	bne _037FF064
	ldr r1, _037FF070 ; =0x037FC404
	mov r3, #1
	mov r0, #0xc
	strh r3, [r2]
	bl FUN_037FFA90
_037FF064:
	ldmia sp!, {r3, lr}
	bx lr
	.balign 4, 0
_037FF06C: .word 0x0380998C
_037FF070: .word 0x037FC404
	arm_func_end FUN_037FF03C

	arm_func_start FUN_037FF074
FUN_037FF074: ; 0x037FF074
	stmdb sp!, {r4, lr}
	mov r0, #0x40000
	bl FUN_037FC200
	mvn r0, #0
	bl FUN_037FC368
	mov r4, #0
_037FF08C:
	mov r0, r4
	bl FUN_037FF490
	bl FUN_037FD4BC
	cmp r0, #0
	beq _037FF0A8
	mov r0, r4
	bl FUN_030174F8
_037FF0A8:
	add r4, r4, #1
	cmp r4, #4
	blo _037FF08C
	bl FUN_037FFD78
	mov r0, #0x10
	bl FUN_037FC450
	bl FUN_0380904C
	ldmia sp!, {r4, lr}
	bx lr
	arm_func_end FUN_037FF074
_037FF0CC:
	.byte 0x70, 0x40, 0x2D, 0xE9
	.byte 0xA4, 0x10, 0x9F, 0xE5, 0x00, 0x50, 0xA0, 0xE1, 0xB0, 0x60, 0xD1, 0xE1, 0x9C, 0x40, 0x9F, 0xE5
	.byte 0x1C, 0xFD, 0xFF, 0xEB, 0x06, 0x08, 0x80, 0xE1, 0x00, 0x00, 0x85, 0xE5, 0x90, 0x00, 0x9F, 0xE5
	.byte 0xB8, 0x3F, 0xD4, 0xE1, 0x00, 0x20, 0x90, 0xE5, 0x04, 0x10, 0x90, 0xE5, 0x03, 0x18, 0x22, 0xE0
	.byte 0x04, 0x10, 0x85, 0xE5, 0x00, 0x10, 0x90, 0xE5, 0x04, 0x10, 0x90, 0xE5, 0xF4, 0x00, 0x94, 0xE5
	.byte 0x3C, 0x20, 0x94, 0xE5, 0x00, 0x00, 0x21, 0xE0, 0x00, 0x00, 0x22, 0xE0, 0x08, 0x00, 0x85, 0xE5
	.byte 0xE8, 0x11, 0x94, 0xE5, 0x03, 0x0C, 0x84, 0xE2, 0x0C, 0x10, 0x85, 0xE5, 0xEC, 0x11, 0x94, 0xE5
	.byte 0x50, 0x20, 0x9F, 0xE5, 0x10, 0x10, 0x85, 0xE5, 0xB4, 0xC9, 0xD0, 0xE1, 0x90, 0x33, 0x94, 0xE5
	.byte 0xEA, 0x1F, 0x84, 0xE2, 0x0C, 0x38, 0x23, 0xE0, 0x14, 0x30, 0x85, 0xE5, 0xBA, 0x4A, 0xD0, 0xE1
	.byte 0xBC, 0x3A, 0xD0, 0xE1, 0x04, 0x38, 0x83, 0xE1, 0x18, 0x30, 0x85, 0xE5, 0xB0, 0x20, 0xD2, 0xE1
	.byte 0xB0, 0x10, 0xD1, 0xE1, 0xB8, 0x39, 0xD0, 0xE1, 0x01, 0x00, 0x82, 0xE1, 0x03, 0x08, 0x80, 0xE1
	.byte 0x1C, 0x00, 0x85, 0xE5, 0x70, 0x40, 0xBD, 0xE8, 0x1E, 0xFF, 0x2F, 0xE1, 0x06, 0x00, 0x00, 0x04
	.byte 0x00, 0xFC, 0xFF, 0x02, 0x5C, 0x99, 0x80, 0x03, 0x30, 0x01, 0x00, 0x04

	arm_func_start FUN_037FF18C
FUN_037FF18C: ; 0x037FF18C
	stmdb sp!, {r4, lr}
	bl FUN_037FC3E0
	cmp r0, #0
	bne _037FF1DC
	ldr r1, _037FF238 ; =0x03809990
	ldr r0, [r1, #4]
	cmp r0, #0
	bne _037FF1BC
	mov r2, #1
	mov r0, #0x20
	str r2, [r1, #4]
	bl FUN_037FC450
_037FF1BC:
	bl FUN_037FEFB4
	cmp r0, #0x12
	bne _037FF1D0
	bl FUN_037FBD84
	b _037FF1DC
_037FF1D0:
	bl FUN_037FF23C
	bl FUN_037FEF48
_037FF1D8:
	b _037FF1D8
_037FF1DC:
	ldr r1, _037FF238 ; =0x03809990
	ldr r0, [r1]
	cmp r0, #0
	bne _037FF230
	mov r4, #0
	mov r2, #1
	mov r0, r4
	str r2, [r1]
	bl FUN_03808AEC
	bl FUN_037FEF5C
	bl FUN_037FD4BC
	cmp r0, #0
	beq _037FF234
	bl FUN_030179FC
	mov r0, r4
	bl FUN_037FC200
	mov r0, #0x40
	bl FUN_037FC24C
	bl FUN_037FF23C
	bl FUN_037FEF48
	b _037FF234
_037FF230:
	bl FUN_037FEF5C
_037FF234:
	b _037FF234
	.balign 4, 0
_037FF238: .word 0x03809990
	arm_func_end FUN_037FF18C

	arm_func_start FUN_037FF23C
FUN_037FF23C: ; 0x037FF23C
	ldr r2, _037FF250 ; =0x04000208
	mov r1, #1
	ldrh r0, [r2]
	strh r1, [r2]
	bx lr
	.balign 4, 0
_037FF250: .word 0x04000208
	arm_func_end FUN_037FF23C
_037FF254:
	.byte 0xFE, 0xFF, 0xFF, 0xEA

	arm_func_start FUN_037FF258
FUN_037FF258: ; 0x037FF258
	stmdb sp!, {r4, r5, r6, lr}
	bl FUN_037FD4BC
	cmp r0, #0
	beq _037FF2B8
	ldr r0, _037FF2C0 ; =0x03809998
	ldr r1, [r0, #8]
	cmp r1, #0
	bne _037FF2B8
	mov r1, #1
	str r1, [r0, #8]
	mov r6, r1
	mov r5, #0x12
	mov r4, #0
	b _037FF298
_037FF290:
	mov r0, r6
	bl FUN_037FC554
_037FF298:
	mov r0, r5
	mov r1, r4
	bl FUN_037FFADC
	cmp r0, #0
	beq _037FF290
	ldr r1, _037FF2C4 ; =0x037FF2C8
	mov r0, r5
	bl FUN_037FFA90
_037FF2B8:
	ldmia sp!, {r4, r5, r6, lr}
	bx lr
	.balign 4, 0
_037FF2C0: .word 0x03809998
_037FF2C4: .word 0x037FF2C8
	arm_func_end FUN_037FF258
_037FF2C8:
	.byte 0x70, 0x40, 0x2D, 0xE9, 0x9C, 0x00, 0x9F, 0xE5
	.byte 0x00, 0x00, 0x52, 0xE3, 0x01, 0x50, 0xA0, 0xE3, 0x1A, 0x00, 0x00, 0x1A, 0x21, 0x0A, 0xA0, 0xE1
	.byte 0x21, 0x39, 0xA0, 0xE1, 0x0F, 0x20, 0x00, 0xE2, 0x01, 0x18, 0xA0, 0xE1, 0x0C, 0x00, 0x52, 0xE3
	.byte 0x03, 0x00, 0x03, 0xE2, 0x21, 0x18, 0xA0, 0xE1, 0x00, 0x60, 0xA0, 0xE3, 0x02, 0x00, 0x00, 0x0A
	.byte 0x0D, 0x00, 0x52, 0xE3, 0x02, 0x00, 0x00, 0x0A, 0x03, 0x00, 0x00, 0xEA, 0x18, 0x00, 0x00, 0xEB
	.byte 0x00, 0x00, 0x00, 0xEA, 0x2D, 0x00, 0x00, 0xEB, 0x00, 0x60, 0xA0, 0xE1, 0x12, 0x40, 0xA0, 0xE3
	.byte 0x01, 0x00, 0x00, 0xEA, 0x05, 0x00, 0xA0, 0xE1, 0x89, 0xF4, 0xFF, 0xEB, 0x04, 0x00, 0xA0, 0xE1
	.byte 0x06, 0x10, 0xA0, 0xE1, 0x05, 0x20, 0xA0, 0xE1, 0xF0, 0x01, 0x00, 0xEB, 0x00, 0x00, 0x50, 0xE3
	.byte 0xF7, 0xFF, 0xFF, 0x1A, 0x07, 0x00, 0x00, 0xEA, 0x0C, 0x20, 0x90, 0xE5, 0x00, 0x00, 0x52, 0xE3
	.byte 0x00, 0x10, 0x82, 0x15, 0x04, 0x10, 0x90, 0xE5, 0x00, 0x00, 0x51, 0xE3, 0x00, 0x50, 0x81, 0x15
	.byte 0x00, 0x10, 0xA0, 0xE3, 0x00, 0x10, 0x80, 0xE5, 0x70, 0x40, 0xBD, 0xE8, 0x1E, 0xFF, 0x2F, 0xE1
	.byte 0x98, 0x99, 0x80, 0x03, 0x00, 0x00, 0x50, 0xE3, 0x08, 0x00, 0x00, 0x0A, 0x01, 0x00, 0x50, 0xE3
	.byte 0x08, 0x00, 0x00, 0x0A, 0x02, 0x00, 0x50, 0xE3, 0x34, 0x20, 0x9F, 0x05, 0xFF, 0x00, 0x01, 0x02
	.byte 0x00, 0x10, 0xD2, 0x05, 0x00, 0x00, 0x81, 0x01, 0x00, 0x00, 0xC2, 0x05, 0x06, 0x00, 0x00, 0xEA
	.byte 0x20, 0x20, 0x9F, 0xE5, 0x00, 0x00, 0x00, 0xEA, 0x1C, 0x20, 0x9F, 0xE5, 0xFF, 0x00, 0x01, 0xE2
	.byte 0x00, 0x10, 0xD2, 0xE5, 0x00, 0x00, 0x81, 0xE1, 0x00, 0x00, 0xC2, 0xE5, 0x00, 0x00, 0xA0, 0xE3
	.byte 0x1E, 0xFF, 0x2F, 0xE1, 0x62, 0x40, 0x00, 0x04, 0x60, 0x40, 0x00, 0x04, 0x61, 0x40, 0x00, 0x04
	.byte 0x00, 0x00, 0x50, 0xE3, 0x09, 0x00, 0x00, 0x0A, 0x01, 0x00, 0x50, 0xE3, 0x09, 0x00, 0x00, 0x0A
	.byte 0x02, 0x00, 0x50, 0xE3, 0x3C, 0x20, 0x9F, 0x05, 0x01, 0x00, 0xE0, 0x01, 0x00, 0x10, 0xD2, 0x05
	.byte 0xFF, 0x00, 0x00, 0x02, 0x00, 0x00, 0x01, 0x00, 0x00, 0x00, 0xC2, 0x05, 0x07, 0x00, 0x00, 0xEA
	.byte 0x24, 0x20, 0x9F, 0xE5, 0x00, 0x00, 0x00, 0xEA, 0x20, 0x20, 0x9F, 0xE5, 0x01, 0x00, 0xE0, 0xE1
	.byte 0x00, 0x10, 0xD2, 0xE5, 0xFF, 0x00, 0x00, 0xE2, 0x00, 0x00, 0x01, 0xE0, 0x00, 0x00, 0xC2, 0xE5
	.byte 0x00, 0x00, 0xA0, 0xE3, 0x1E, 0xFF, 0x2F, 0xE1, 0x62, 0x40, 0x00, 0x04, 0x60, 0x40, 0x00, 0x04
	.byte 0x61, 0x40, 0x00, 0x04, 0x10, 0x40, 0x2D, 0xE9, 0x00, 0x40, 0xA0, 0xE1, 0xC6, 0xFE, 0xFF, 0xEB
	.byte 0x0C, 0x10, 0xA0, 0xE3, 0x94, 0x01, 0x0C, 0xE0, 0xB8, 0x10, 0x8C, 0xE2, 0x01, 0x23, 0x81, 0xE2
	.byte 0x00, 0x10, 0x92, 0xE5, 0x02, 0x01, 0x11, 0xE3, 0xFC, 0xFF, 0xFF, 0x1A, 0x00, 0x00, 0x54, 0xE3
	.byte 0x01, 0x23, 0x8C, 0x02, 0x00, 0x30, 0xA0, 0x03, 0xB0, 0x10, 0x8C, 0x02, 0xB0, 0x30, 0x82, 0x05
	.byte 0x01, 0x23, 0x81, 0x02, 0x10, 0x10, 0x9F, 0x05, 0x04, 0x30, 0x82, 0x05, 0x08, 0x10, 0x82, 0x05
	.byte 0xBA, 0xFE, 0xFF, 0xEB, 0x10, 0x40, 0xBD, 0xE8, 0x1E, 0xFF, 0x2F, 0xE1, 0x01, 0x00, 0x40, 0x81

	arm_func_start FUN_037FF490
FUN_037FF490: ; 0x037FF490
	stmdb sp!, {r4, lr}
	mov r4, r0
	bl FUN_037FEF5C
	mov r1, #0xc
	mul ip, r4, r1
	add r2, ip, #0x4000000
	ldr r1, [r2, #0xb8]
	cmp r4, #0
	bic r1, r1, #0x32000000
	str r1, [r2, #0xb8]
	ldr r1, [r2, #0xb8]
	moveq r3, #0
	bic r1, r1, #0x80000000
	str r1, [r2, #0xb8]
	ldr r1, [r2, #0xb8]
	ldr r1, [r2, #0xb8]
	addeq r1, ip, #0xb0
	streq r3, [r2, #0xb0]
	addeq r2, r1, #0x4000000
	ldreq r1, _037FF4F4 ; =0x81400001
	streq r3, [r2, #4]
	streq r1, [r2, #8]
	bl FUN_037FEF70
	ldmia sp!, {r4, lr}
	bx lr
	.balign 4, 0
_037FF4F4: .word 0x81400001
	arm_func_end FUN_037FF490
_037FF4F8:
	.byte 0x08, 0x40, 0x2D, 0xE9, 0x00, 0x00, 0xA0, 0xE3
	.byte 0xE2, 0xFF, 0xFF, 0xEB, 0x01, 0x00, 0xA0, 0xE3, 0xE0, 0xFF, 0xFF, 0xEB, 0x02, 0x00, 0xA0, 0xE3
	.byte 0xDE, 0xFF, 0xFF, 0xEB, 0x03, 0x00, 0xA0, 0xE3, 0xDC, 0xFF, 0xFF, 0xEB, 0x08, 0x40, 0xBD, 0xE8
	.byte 0x1E, 0xFF, 0x2F, 0xE1

	arm_func_start FUN_037FF524
FUN_037FF524: ; 0x037FF524
	mov r3, #0
_037FF528:
	cmp r3, r2
	strlth r0, [r1, r3]
	addlt r3, r3, #2
	blt _037FF528
	bx lr
	arm_func_end FUN_037FF524

	arm_func_start FUN_037FF53C
FUN_037FF53C: ; 0x037FF53C
	mov ip, #0
_037FF540:
	cmp ip, r2
	ldrlth r3, [r0, ip]
	strlth r3, [r1, ip]
	addlt ip, ip, #2
	blt _037FF540
	bx lr
	arm_func_end FUN_037FF53C
_037FF558:
	.byte 0x00, 0xC0, 0xA0, 0xE3, 0x02, 0x00, 0x5C, 0xE1
	.byte 0xBC, 0x30, 0x90, 0xB1, 0xB0, 0x30, 0xC1, 0xB1, 0x02, 0xC0, 0x8C, 0xB2, 0xFA, 0xFF, 0xFF, 0xBA
	.byte 0x1E, 0xFF, 0x2F, 0xE1, 0x00, 0xC0, 0xA0, 0xE3, 0x02, 0x00, 0x5C, 0xE1, 0xB0, 0x30, 0xD0, 0xB1
	.byte 0xBC, 0x30, 0x81, 0xB1, 0x02, 0xC0, 0x8C, 0xB2, 0xFA, 0xFF, 0xFF, 0xBA, 0x1E, 0xFF, 0x2F, 0xE1

	arm_func_start FUN_037FF590
FUN_037FF590: ; 0x037FF590
	add ip, r1, r2
_037FF594:
	cmp r1, ip
	stmltia r1!, {r0}
	blt _037FF594
	bx lr
	arm_func_end FUN_037FF590

	arm_func_start FUN_037FF5A4
FUN_037FF5A4: ; 0x037FF5A4
	add ip, r1, r2
_037FF5A8:
	cmp r1, ip
	ldmltia r0!, {r2}
	stmltia r1!, {r2}
	blt _037FF5A8
	bx lr
	arm_func_end FUN_037FF5A4
_037FF5BC:
	.byte 0x00, 0xC0, 0xA0, 0xE3
	.byte 0x02, 0x00, 0x5C, 0xE1, 0x00, 0x30, 0x90, 0xB5, 0x00, 0x30, 0x81, 0xB5, 0x04, 0xC0, 0x8C, 0xB2
	.byte 0xFA, 0xFF, 0xFF, 0xBA, 0x1E, 0xFF, 0x2F, 0xE1

	arm_func_start FUN_037FF5D8
FUN_037FF5D8: ; 0x037FF5D8
	stmdb sp!, {r4, r5, r6, r7, r8, sb}
	add sb, r1, r2
	mov ip, r2, lsr #5
	add ip, r1, ip, lsl #5
	mov r2, r0
	mov r3, r2
	mov r4, r2
	mov r5, r2
	mov r6, r2
	mov r7, r2
	mov r8, r2
_037FF604:
	cmp r1, ip
	stmltia r1!, {r0, r2, r3, r4, r5, r6, r7, r8}
	blt _037FF604
_037FF610:
	cmp r1, sb
	stmltia r1!, {r0}
	blt _037FF610
	ldmia sp!, {r4, r5, r6, r7, r8, sb}
	bx lr
	arm_func_end FUN_037FF5D8
_037FF624:
	.byte 0xF0, 0x07, 0x2D, 0xE9, 0x02, 0xA0, 0x81, 0xE0, 0xA2, 0xC2, 0xA0, 0xE1
	.byte 0x8C, 0xC2, 0x81, 0xE0, 0x0C, 0x00, 0x51, 0xE1, 0xFC, 0x03, 0xB0, 0xB8, 0xFC, 0x03, 0xA1, 0xB8
	.byte 0xFB, 0xFF, 0xFF, 0xBA, 0x0A, 0x00, 0x51, 0xE1, 0x04, 0x00, 0xB0, 0xB8, 0x04, 0x00, 0xA1, 0xB8
	.byte 0xFB, 0xFF, 0xFF, 0xBA, 0xF0, 0x07, 0xBD, 0xE8, 0x1E, 0xFF, 0x2F, 0xE1, 0xF0, 0x07, 0x2D, 0xE9
	.byte 0x02, 0xA0, 0x80, 0xE0, 0xA2, 0xC2, 0xA0, 0xE1, 0x8C, 0xC2, 0x80, 0xE0, 0x0C, 0x00, 0x50, 0xE1
	.byte 0xFC, 0x03, 0xB0, 0xB8, 0x00, 0x20, 0x81, 0xB5, 0x00, 0x30, 0x81, 0xB5, 0x00, 0x40, 0x81, 0xB5
	.byte 0x00, 0x50, 0x81, 0xB5, 0x00, 0x60, 0x81, 0xB5, 0x00, 0x70, 0x81, 0xB5, 0x00, 0x80, 0x81, 0xB5
	.byte 0x00, 0x90, 0x81, 0xB5, 0xF4, 0xFF, 0xFF, 0xBA, 0x0A, 0x00, 0x50, 0xE1, 0x04, 0x00, 0xB0, 0xB8
	.byte 0x00, 0x20, 0x81, 0xB5, 0xFB, 0xFF, 0xFF, 0xBA, 0xF0, 0x07, 0xBD, 0xE8, 0x1E, 0xFF, 0x2F, 0xE1

	arm_func_start FUN_037FF6B0
FUN_037FF6B0: ; 0x037FF6B0
	cmp r2, #0
	bxeq lr
	tst r0, #1
	beq _037FF6DC
	ldrh ip, [r0, #-1]
	and ip, ip, #0xff
	orr r3, ip, r1, lsl #8
	strh r3, [r0, #-1]
	add r0, r0, #1
	subs r2, r2, #1
	bxeq lr
_037FF6DC:
	cmp r2, #2
	blo _037FF724
	orr r1, r1, r1, lsl #8
	tst r0, #2
	beq _037FF6FC
	strh r1, [r0], #2
	subs r2, r2, #2
	bxeq lr
_037FF6FC:
	orr r1, r1, r1, lsl #16
	bics r3, r2, #3
	beq _037FF71C
	sub r2, r2, r3
	add ip, r3, r0
_037FF710:
	str r1, [r0], #4
	cmp r0, ip
	blo _037FF710
_037FF71C:
	tst r2, #2
	strneh r1, [r0], #2
_037FF724:
	tst r2, #1
	bxeq lr
	ldrh r3, [r0]
	and r3, r3, #0xff00
	and r1, r1, #0xff
	orr r1, r1, r3
	strh r1, [r0]
	bx lr
	arm_func_end FUN_037FF6B0

	arm_func_start FUN_037FF744
FUN_037FF744: ; 0x037FF744
	cmp r2, #0
	bxeq lr
	tst r1, #1
	beq _037FF784
	ldrh ip, [r1, #-1]
	and ip, ip, #0xff
	tst r0, #1
	ldrneh r3, [r0, #-1]
	movne r3, r3, lsr #8
	ldreqh r3, [r0]
	orr r3, ip, r3, lsl #8
	strh r3, [r1, #-1]
	add r0, r0, #1
	add r1, r1, #1
	subs r2, r2, #1
	bxeq lr
_037FF784:
	eor ip, r1, r0
	tst ip, #1
	beq _037FF7D8
	bic r0, r0, #1
	ldrh ip, [r0], #2
	mov r3, ip, lsr #8
	subs r2, r2, #2
	blo _037FF7BC
_037FF7A4:
	ldrh ip, [r0], #2
	orr ip, r3, ip, lsl #8
	strh ip, [r1], #2
	mov r3, ip, lsr #0x10
	subs r2, r2, #2
	bhs _037FF7A4
_037FF7BC:
	tst r2, #1
	bxeq lr
	ldrh ip, [r1]
	and ip, ip, #0xff00
	orr ip, ip, r3
	strh ip, [r1]
	bx lr
_037FF7D8:
	tst ip, #2
	beq _037FF804
	bics r3, r2, #1
	beq _037FF850
	sub r2, r2, r3
	add ip, r3, r1
_037FF7F0:
	ldrh r3, [r0], #2
	strh r3, [r1], #2
	cmp r1, ip
	blo _037FF7F0
	b _037FF850
_037FF804:
	cmp r2, #2
	blo _037FF850
	tst r1, #2
	beq _037FF824
	ldrh r3, [r0], #2
	strh r3, [r1], #2
	subs r2, r2, #2
	bxeq lr
_037FF824:
	bics r3, r2, #3
	beq _037FF844
	sub r2, r2, r3
	add ip, r3, r1
_037FF834:
	ldr r3, [r0], #4
	str r3, [r1], #4
	cmp r1, ip
	blo _037FF834
_037FF844:
	tst r2, #2
	ldrneh r3, [r0], #2
	strneh r3, [r1], #2
_037FF850:
	tst r2, #1
	bxeq lr
	ldrh r2, [r1]
	ldrh r0, [r0]
	and r2, r2, #0xff00
	and r0, r0, #0xff
	orr r0, r2, r0
	strh r0, [r1]
	bx lr
	arm_func_end FUN_037FF744
_037FF874:
	.byte 0x02, 0xC0, 0x80, 0xE0, 0x04, 0x00, 0x00, 0xEA, 0x01, 0x30, 0xD0, 0xE4
	.byte 0x01, 0x20, 0xD1, 0xE4, 0x02, 0x20, 0x53, 0xE0, 0x02, 0x00, 0xA0, 0x11, 0x1E, 0xFF, 0x2F, 0x11
	.byte 0x0C, 0x00, 0x50, 0xE1, 0xF8, 0xFF, 0xFF, 0x3A, 0x00, 0x00, 0xA0, 0xE3, 0x1E, 0xFF, 0x2F, 0xE1

	arm_func_start FUN_037FF8A0
FUN_037FF8A0: ; 0x037FF8A0
	.word 0xE1010090
	bx lr
	arm_func_end FUN_037FF8A0

	arm_func_start FUN_037FF8A8
FUN_037FF8A8: ; 0x037FF8A8
	stmdb sp!, {r3, lr}
	bl FUN_037FD4BC
	cmp r0, #0
	beq _037FF8BC
	bl FUN_030172E8
_037FF8BC:
	mov r0, #0
	bl FUN_037FF490
	ldmia sp!, {r3, lr}
	bx lr
	arm_func_end FUN_037FF8A8

	arm_func_start FUN_037FF8CC
FUN_037FF8CC: ; 0x037FF8CC
	stmdb sp!, {r3, r4, r5, r6, lr}
	sub sp, sp, #0xc
	mov r5, #0
	bl FUN_037FE430
	cmp r0, #0
	beq _037FF8F0
	bl FUN_037FE634
	cmp r0, #0
	bne _037FF8F8
_037FF8F0:
	mov r0, #0
	b _037FF948
_037FF8F8:
	ldr r4, _037FF954 ; =0x038099A8
	ldr r0, [r4]
	cmp r0, #0
	movne r0, r5
	bne _037FF948
	ldr r6, _037FF958 ; =0x038099AC
	mov r0, r6
	bl FUN_037FE644
	bl FUN_037FE4A4
	ldr r2, _037FF95C ; =0x037FF964
	ldr r3, _037FF960 ; =0x0000082E
	stmib sp, {r2, r5}
	adds ip, r0, r3
	adc r2, r1, r5
	str r5, [sp]
	mov r0, r6
	mov r1, ip
	bl FUN_037FE7E4
	mov r0, #1
	str r0, [r4]
_037FF948:
	add sp, sp, #0xc
	ldmia sp!, {r3, r4, r5, r6, lr}
	bx lr
	.balign 4, 0
_037FF954: .word 0x038099A8
_037FF958: .word 0x038099AC
_037FF95C: .word 0x037FF964
_037FF960: .word 0x0000082E
	arm_func_end FUN_037FF8CC
_037FF964:
	.byte 0x38, 0x40, 0x2D, 0xE9, 0x02, 0x49, 0xA0, 0xE3, 0x04, 0x00, 0xA0, 0xE1
	.byte 0x00, 0x50, 0xA0, 0xE3, 0xC1, 0x00, 0x00, 0xEB, 0x20, 0x00, 0x9F, 0xE5, 0xB0, 0x10, 0xD0, 0xE1
	.byte 0x1C, 0x00, 0x9F, 0xE5, 0x80, 0x00, 0x11, 0xE3, 0x04, 0x50, 0xA0, 0x11, 0x0B, 0x10, 0x01, 0xE2
	.byte 0x01, 0x15, 0x85, 0xE1, 0xB0, 0x10, 0xC0, 0xE1, 0x38, 0x40, 0xBD, 0xE8, 0x1E, 0xFF, 0x2F, 0xE1
	.byte 0x36, 0x01, 0x00, 0x04, 0xA8, 0xFF, 0xFF, 0x02

	arm_func_start FUN_037FF9A8
FUN_037FF9A8: ; 0x037FF9A8
	ldr ip, _037FF9B0 ; =FUN_037FF9B4
	bx ip
	.balign 4, 0
_037FF9B0: .word 0x037FF9B4
	arm_func_end FUN_037FF9A8

	arm_func_start FUN_037FF9B4
FUN_037FF9B4: ; 0x037FF9B4
	stmdb sp!, {r4, r5, r6, r7, r8, lr}
	bl FUN_037FEF5C
	ldr r1, _037FFA78 ; =0x038099D8
	mov r4, r0
	ldrh r0, [r1]
	cmp r0, #0
	bne _037FFA68
	ldr r0, _037FFA7C ; =0x02FFFC00
	mov r2, #1
	strh r2, [r1]
	mov r2, #0
	str r2, [r0, #0x38c]
	ldr r0, _037FFA80 ; =0x038099DC
	mov r1, r2
_037FF9EC:
	str r1, [r0, r2, lsl #2]
	add r2, r2, #1
	cmp r2, #0x20
	blt _037FF9EC
	ldr r1, _037FFA84 ; =0x0000C408
	ldr r6, _037FFA88 ; =0x04000184
	mov r5, #0x40000
	mov r0, r5
	strh r1, [r6]
	bl FUN_037FC368
	ldr r1, _037FFA8C ; =0x037FFB90
	mov r0, r5
	bl FUN_037FC094
	mov r0, r5
	bl FUN_037FC280
	mov r5, #8
	sub r8, r6, #4
	mov r6, r5
	mov r7, #0x3e8
	b _037FFA60
_037FFA3C:
	mov r0, r5, lsl #8
	strh r0, [r8]
	mov r0, r7
	bl FUN_037FEFC0
	ldrh r0, [r8]
	and r0, r0, #0xf
	cmp r0, r5
	movne r5, r6
	sub r5, r5, #1
_037FFA60:
	cmp r5, #0
	bge _037FFA3C
_037FFA68:
	mov r0, r4
	bl FUN_037FEF70
	ldmia sp!, {r4, r5, r6, r7, r8, lr}
	bx lr
	.balign 4, 0
_037FFA78: .word 0x038099D8
_037FFA7C: .word 0x02FFFC00
_037FFA80: .word 0x038099DC
_037FFA84: .word 0x0000C408
_037FFA88: .word 0x04000184
_037FFA8C: .word 0x037FFB90
	arm_func_end FUN_037FF9B4

	arm_func_start FUN_037FFA90
FUN_037FFA90: ; 0x037FFA90
	stmdb sp!, {r3, r4, r5, lr}
	mov r4, r0
	mov r5, r1
	bl FUN_037FEF5C
	ldr r1, _037FFAD4 ; =0x038099DC
	ldr r3, _037FFAD8 ; =0x02FFFC00
	str r5, [r1, r4, lsl #2]
	ldr r2, [r3, #0x38c]
	mov r1, #1
	cmp r5, #0
	orrne r1, r2, r1, lsl r4
	mvneq r1, r1, lsl r4
	andeq r1, r2, r1
	str r1, [r3, #0x38c]
	bl FUN_037FEF70
	ldmia sp!, {r3, r4, r5, lr}
	bx lr
	.balign 4, 0
_037FFAD4: .word 0x038099DC
_037FFAD8: .word 0x02FFFC00
	arm_func_end FUN_037FFA90

	arm_func_start FUN_037FFADC
FUN_037FFADC: ; 0x037FFADC
	ldr r2, _037FFAFC ; =0x02FFFC00
	mov r3, #1
	add r1, r2, r1, lsl #2
	ldr r1, [r1, #0x388]
	tst r1, r3, lsl r0
	moveq r3, #0
	mov r0, r3
	bx lr
	.balign 4, 0
_037FFAFC: .word 0x02FFFC00
	arm_func_end FUN_037FFADC

	arm_func_start FUN_037FFB00
FUN_037FFB00: ; 0x037FFB00
	stmdb sp!, {r3, lr}
	ldr r3, [sp]
	and r0, r0, #0x1f
	bic r3, r3, #0x1f
	orr r0, r3, r0
	bic r3, r0, #0x20
	mov r0, r2, lsl #0x1f
	orr r0, r3, r0, lsr #26
	and r0, r0, #0x3f
	orr r0, r0, r1, lsl #6
	bl FUN_037FFB34
	ldmia sp!, {r3, lr}
	bx lr
	arm_func_end FUN_037FFB00

	arm_func_start FUN_037FFB34
FUN_037FFB34: ; 0x037FFB34
	stmdb sp!, {r3, r4, r5, lr}
	ldr r4, _037FFB8C ; =0x04000184
	mov r5, r0
	ldrh r0, [r4]
	tst r0, #0x4000
	ldrneh r1, [r4]
	mvnne r0, #0
	orrne r1, r1, #0xc000
	strneh r1, [r4]
	bne _037FFB84
	bl FUN_037FEF5C
	ldrh r1, [r4]
	tst r1, #2
	beq _037FFB78
	bl FUN_037FEF70
	mvn r0, #1
	b _037FFB84
_037FFB78:
	str r5, [r4, #4]
	bl FUN_037FEF70
	mov r0, #0
_037FFB84:
	ldmia sp!, {r3, r4, r5, lr}
	bx lr
	.balign 4, 0
_037FFB8C: .word 0x04000184
	arm_func_end FUN_037FFB34
_037FFB90:
	.byte 0xFC, 0x47, 0x2D, 0xE9, 0x00, 0x60, 0x9D, 0xE5, 0x03, 0x80, 0xE0, 0xE3, 0xB4, 0x40, 0x9F, 0xE5
	.byte 0xB4, 0x90, 0x9F, 0xE5, 0x01, 0xA0, 0x88, 0xE2, 0x41, 0x76, 0xA0, 0xE3, 0x00, 0x50, 0xA0, 0xE3
	.byte 0xB0, 0x00, 0xD9, 0xE1, 0x01, 0x09, 0x10, 0xE3, 0xB0, 0x00, 0xD9, 0x11, 0x01, 0x10, 0x88, 0x12
	.byte 0x03, 0x09, 0x80, 0x13, 0xB0, 0x00, 0xC9, 0x11, 0x09, 0x00, 0x00, 0x1A, 0xE2, 0xFC, 0xFF, 0xEB
	.byte 0xB0, 0x10, 0xD9, 0xE1, 0x01, 0x0C, 0x11, 0xE3, 0x02, 0x00, 0x00, 0x0A, 0xE3, 0xFC, 0xFF, 0xEB
	.byte 0x08, 0x10, 0xA0, 0xE1, 0x02, 0x00, 0x00, 0xEA, 0x00, 0x60, 0x97, 0xE5, 0xDF, 0xFC, 0xFF, 0xEB
	.byte 0x05, 0x10, 0xA0, 0xE1, 0x08, 0x00, 0x51, 0xE1, 0x14, 0x00, 0x00, 0x0A, 0x0A, 0x00, 0x51, 0xE1
	.byte 0xEA, 0xFF, 0xFF, 0x0A, 0x86, 0x0D, 0xA0, 0xE1, 0xA0, 0x0D, 0xB0, 0xE1, 0xE7, 0xFF, 0xFF, 0x0A
	.byte 0x00, 0x31, 0x94, 0xE7, 0x00, 0x00, 0x53, 0xE3, 0x05, 0x00, 0x00, 0x0A, 0x06, 0x2D, 0xA0, 0xE1
	.byte 0x26, 0x13, 0xA0, 0xE1, 0xA2, 0x2F, 0xA0, 0xE1, 0x0F, 0xE0, 0xA0, 0xE1, 0x13, 0xFF, 0x2F, 0xE1
	.byte 0xDE, 0xFF, 0xFF, 0xEA, 0x06, 0x0D, 0xA0, 0xE1, 0xA0, 0x0F, 0xB0, 0xE1, 0xDB, 0xFF, 0xFF, 0x1A
	.byte 0x20, 0x60, 0x86, 0xE3, 0x06, 0x00, 0xA0, 0xE1, 0xB9, 0xFF, 0xFF, 0xEB, 0xD7, 0xFF, 0xFF, 0xEA
	.byte 0xFC, 0x47, 0xBD, 0xE8, 0x1E, 0xFF, 0x2F, 0xE1, 0xDC, 0x99, 0x80, 0x03, 0x84, 0x01, 0x00, 0x04

	arm_func_start FUN_037FFC60
FUN_037FFC60: ; 0x037FFC60
	ldr r2, _037FFC7C ; =0x04000134
	mvn r3, r0
	ldrh r0, [r2]
	and r0, r3, r0
	orr r0, r1, r0
	strh r0, [r2]
	bx lr
	.balign 4, 0
_037FFC7C: .word 0x04000134
	arm_func_end FUN_037FFC60

	arm_func_start FUN_037FFC80
FUN_037FFC80: ; 0x037FFC80
	ldr ip, _037FFC94 ; =FUN_037FFC60
	mov r0, r0, lsl #0x10
	mov r1, r0, lsr #0x10
	mov r0, #0xc000
	bx ip
	.balign 4, 0
_037FFC94: .word 0x037FFC60
	arm_func_end FUN_037FFC80
_037FFC98:
	.byte 0x14, 0x30, 0x9F, 0xE5, 0x00, 0x00, 0xE0, 0xE1
	.byte 0xB0, 0x20, 0xD3, 0xE1, 0x00, 0x00, 0x02, 0xE0, 0x00, 0x00, 0x81, 0xE1, 0xB0, 0x00, 0xC3, 0xE1
	.byte 0x1E, 0xFF, 0x2F, 0xE1, 0x00, 0x4C, 0x00, 0x04, 0x10, 0x40, 0x2D, 0xE9, 0x00, 0x40, 0xA0, 0xE1
	.byte 0x04, 0x0C, 0xA0, 0xE1, 0x20, 0x08, 0xA0, 0xE1, 0x00, 0x10, 0xA0, 0xE3, 0xF1, 0xFF, 0xFF, 0xEB
	.byte 0x14, 0x00, 0x9F, 0xE5, 0xB0, 0x00, 0xD0, 0xE1, 0x04, 0x00, 0x00, 0xE0, 0x00, 0x08, 0xA0, 0xE1
	.byte 0x20, 0x08, 0xA0, 0xE1, 0x10, 0x40, 0xBD, 0xE8, 0x1E, 0xFF, 0x2F, 0xE1, 0x00, 0x4C, 0x00, 0x04
	.byte 0x04, 0x10, 0x9F, 0xE5, 0xB0, 0x00, 0xC1, 0xE1, 0x1E, 0xFF, 0x2F, 0xE1, 0x02, 0x4C, 0x00, 0x04
	.byte 0x04, 0x00, 0x9F, 0xE5, 0xB0, 0x00, 0xD0, 0xE1, 0x1E, 0xFF, 0x2F, 0xE1, 0x02, 0x4C, 0x00, 0x04

	arm_func_start FUN_037FFD10
FUN_037FFD10: ; 0x037FFD10
	ldr r1, _037FFD38 ; =0x04004C04
	cmp r0, #0
	ldrneh r0, [r1]
	andne r0, r0, #1
	orrne r0, r0, #0x100
	strneh r0, [r1]
	ldreqh r0, [r1]
	andeq r0, r0, #1
	streqh r0, [r1]
	bx lr
	.balign 4, 0
_037FFD38: .word 0x04004C04
	arm_func_end FUN_037FFD10

	arm_func_start FUN_037FFD3C
FUN_037FFD3C: ; 0x037FFD3C
	ldr r0, _037FFD5C ; =0x04004C04
	ldrh r0, [r0]
	and r0, r0, #0x100
	mov r0, r0, lsl #0x10
	movs r0, r0, lsr #0x10
	movne r0, #1
	moveq r0, #0
	bx lr
	.balign 4, 0
_037FFD5C: .word 0x04004C04
	arm_func_end FUN_037FFD3C
_037FFD60:
	.byte 0x0C, 0x10, 0x9F, 0xE5, 0x00, 0x00, 0xD1, 0xE5, 0x80, 0x00, 0x80, 0xE3, 0x00, 0x00, 0xC1, 0xE5
	.byte 0x1E, 0xFF, 0x2F, 0xE1, 0x01, 0x05, 0x00, 0x04

	arm_func_start FUN_037FFD78
FUN_037FFD78: ; 0x037FFD78
	stmdb sp!, {r3, r4, r5, lr}
	ldr r1, _037FFDC4 ; =0x04000501
	mov r5, #0
	ldrb r0, [r1]
	and r0, r0, #0x7f
	strb r0, [r1]
	mov r4, #1
_037FFD94:
	mov r0, r5
	mov r1, r4
	bl FUN_038000EC
	add r5, r5, #1
	cmp r5, #0x10
	blt _037FFD94
	ldr r0, _037FFDC8 ; =0x04000508
	mov r1, #0
	strb r1, [r0]
	strb r1, [r0, #1]
	ldmia sp!, {r3, r4, r5, lr}
	bx lr
	.balign 4, 0
_037FFDC4: .word 0x04000501
_037FFDC8: .word 0x04000508
	arm_func_end FUN_037FFD78
_037FFDCC:
	.byte 0x08, 0x40, 0x2D, 0xE9
	.byte 0x3C, 0x20, 0x9F, 0xE5, 0x80, 0x00, 0xA0, 0xE3, 0x00, 0x10, 0xD2, 0xE5, 0x7F, 0x10, 0x01, 0xE2
	.byte 0x00, 0x10, 0xC2, 0xE5, 0x0D, 0x00, 0x00, 0xEB, 0x01, 0x07, 0xA0, 0xE3, 0x73, 0xFC, 0xFF, 0xEB
	.byte 0x00, 0x00, 0xA0, 0xE3, 0xE1, 0x12, 0x00, 0xEB, 0x18, 0x20, 0x9F, 0xE5, 0x18, 0x00, 0x9F, 0xE5
	.byte 0xB0, 0x10, 0xD2, 0xE1, 0x00, 0x00, 0x01, 0xE0, 0xB0, 0x00, 0xC2, 0xE1, 0x08, 0x40, 0xBD, 0xE8
	.byte 0x1E, 0xFF, 0x2F, 0xE1, 0x01, 0x05, 0x00, 0x04, 0x04, 0x03, 0x00, 0x04, 0xFE, 0xFF, 0x00, 0x00
	.byte 0x00, 0xC0, 0x9F, 0xE5, 0x1C, 0xFF, 0x2F, 0xE1, 0x33, 0xB5, 0x7F, 0x03, 0x08, 0x40, 0x2D, 0xE9
	.byte 0x38, 0x20, 0x9F, 0xE5, 0x01, 0x00, 0xA0, 0xE3, 0xB0, 0x10, 0xD2, 0xE1, 0x01, 0x10, 0x81, 0xE3
	.byte 0xB0, 0x10, 0xC2, 0xE1, 0xCD, 0x12, 0x00, 0xEB, 0x01, 0x0C, 0xA0, 0xE3, 0x0A, 0x00, 0x00, 0xEB
	.byte 0x1C, 0x00, 0x9F, 0xE5, 0x59, 0xFC, 0xFF, 0xEB, 0x18, 0x10, 0x9F, 0xE5, 0x00, 0x00, 0xD1, 0xE5
	.byte 0x80, 0x00, 0x80, 0xE3, 0x00, 0x00, 0xC1, 0xE5, 0x08, 0x40, 0xBD, 0xE8, 0x1E, 0xFF, 0x2F, 0xE1
	.byte 0x04, 0x03, 0x00, 0x04, 0x80, 0xAB, 0x07, 0x00, 0x01, 0x05, 0x00, 0x04, 0x00, 0xC0, 0x9F, 0xE5
	.byte 0x1C, 0xFF, 0x2F, 0xE1, 0x2B, 0xB5, 0x7F, 0x03, 0x04, 0x10, 0x9F, 0xE5, 0x00, 0x00, 0xC1, 0xE5
	.byte 0x1E, 0xFF, 0x2F, 0xE1, 0x00, 0x05, 0x00, 0x04, 0x2C, 0xC0, 0x9F, 0xE5, 0x83, 0x32, 0xA0, 0xE1
	.byte 0x00, 0xC0, 0xDC, 0xE5, 0x80, 0x00, 0x1C, 0xE3, 0x01, 0xC0, 0xA0, 0x13, 0x00, 0xC0, 0xA0, 0x03
	.byte 0x8C, 0x33, 0x83, 0xE1, 0x02, 0x22, 0x83, 0xE1, 0x01, 0x21, 0x82, 0xE1, 0x08, 0x10, 0x9F, 0xE5
	.byte 0x02, 0x00, 0x80, 0xE1, 0x00, 0x00, 0xC1, 0xE5, 0x1E, 0xFF, 0x2F, 0xE1, 0x01, 0x05, 0x00, 0x04
	.byte 0xF0, 0x41, 0x2D, 0xE9, 0xAC, 0x40, 0x9F, 0xE5, 0x01, 0x80, 0xA0, 0xE1, 0x00, 0xE0, 0x94, 0xE5
	.byte 0xA4, 0x10, 0x9F, 0xE5, 0x02, 0x70, 0xA0, 0xE1, 0x2C, 0x50, 0x9D, 0xE5, 0x9C, 0x40, 0x9F, 0xE5
	.byte 0x20, 0xC0, 0x9D, 0xE5, 0x98, 0x20, 0x9F, 0xE5, 0x00, 0x50, 0xC4, 0xE7, 0x00, 0x00, 0x5E, 0xE3
	.byte 0x00, 0x10, 0x91, 0xE5, 0x0E, 0x50, 0xA0, 0xA1, 0x03, 0x60, 0xA0, 0xE1, 0x00, 0x42, 0xA0, 0xE1
	.byte 0x00, 0xC0, 0xC2, 0xE7, 0x00, 0x00, 0x51, 0xE3, 0x07, 0x00, 0x00, 0xDA, 0x74, 0x10, 0x9F, 0xE5
	.byte 0x01, 0x20, 0xA0, 0xE3, 0x12, 0x00, 0x11, 0xE1, 0x03, 0x00, 0x00, 0x0A, 0x0C, 0x00, 0xA0, 0xE1
	.byte 0x05, 0x10, 0xA0, 0xE1, 0xF4, 0x00, 0x00, 0xEB, 0x00, 0xC0, 0xA0, 0xE1, 0x24, 0x20, 0x9D, 0xE5
	.byte 0x86, 0x0D, 0xA0, 0xE1, 0x87, 0x0E, 0x80, 0xE1, 0x05, 0x18, 0x80, 0xE1, 0x28, 0x00, 0x9D, 0xE5
	.byte 0x02, 0x24, 0x81, 0xE1, 0x01, 0x13, 0x84, 0xE2, 0x02, 0x20, 0x8C, 0xE1, 0x00, 0x24, 0x81, 0xE5
	.byte 0x18, 0x30, 0x9D, 0xE5, 0x01, 0x28, 0x60, 0xE2, 0x01, 0x0B, 0x81, 0xE2, 0xB8, 0x20, 0xC0, 0xE1
	.byte 0x1C, 0x20, 0x9D, 0xE5, 0xBA, 0x30, 0xC0, 0xE1, 0x0C, 0x24, 0x81, 0xE5, 0x04, 0x84, 0x81, 0xE5
	.byte 0xF0, 0x41, 0xBD, 0xE8, 0x1E, 0xFF, 0x2F, 0xE1, 0x5C, 0x93, 0x80, 0x03, 0x5C, 0x9A, 0x80, 0x03
	.byte 0x60, 0x9A, 0x80, 0x03, 0x70, 0x9A, 0x80, 0x03, 0xF5, 0xFF, 0x00, 0x00, 0xF8, 0x40, 0x2D, 0xE9
	.byte 0x8C, 0x40, 0x9F, 0xE5, 0x01, 0x70, 0xA0, 0xE1, 0x00, 0xC0, 0x94, 0xE5, 0x84, 0x10, 0x9F, 0xE5
	.byte 0x03, 0x60, 0xA0, 0xE1, 0x80, 0x30, 0x9F, 0xE5, 0x1C, 0x50, 0x9D, 0xE5, 0x7C, 0x40, 0x9F, 0xE5
	.byte 0x00, 0x10, 0x91, 0xE5, 0x00, 0x50, 0xC4, 0xE7, 0x00, 0x00, 0x5C, 0xE3, 0x0C, 0x50, 0xA0, 0xA1
	.byte 0x00, 0x42, 0xA0, 0xE1, 0x00, 0x20, 0xC3, 0xE7, 0x00, 0x00, 0x51, 0xE3, 0x07, 0x00, 0x00, 0xDA
	.byte 0x5C, 0x10, 0x9F, 0xE5, 0x01, 0x30, 0xA0, 0xE3, 0x13, 0x00, 0x11, 0xE1, 0x03, 0x00, 0x00, 0x0A
	.byte 0x02, 0x00, 0xA0, 0xE1, 0x05, 0x10, 0xA0, 0xE1, 0xC3, 0x00, 0x00, 0xEB, 0x00, 0x20, 0xA0, 0xE1
	.byte 0x07, 0x0C, 0xA0, 0xE1, 0x06, 0x02, 0x80, 0xE3, 0x05, 0x08, 0x80, 0xE1, 0x18, 0x10, 0x9D, 0xE5
	.byte 0x06, 0x34, 0x80, 0xE1, 0x01, 0x03, 0x84, 0xE2, 0x03, 0x20, 0x82, 0xE1, 0x00, 0x24, 0x80, 0xE5
	.byte 0x01, 0x18, 0x61, 0xE2, 0x01, 0x0B, 0x80, 0xE2, 0xB8, 0x10, 0xC0, 0xE1, 0xF8, 0x40, 0xBD, 0xE8
	.byte 0x1E, 0xFF, 0x2F, 0xE1, 0x5C, 0x93, 0x80, 0x03, 0x5C, 0x9A, 0x80, 0x03, 0x70, 0x9A, 0x80, 0x03
	.byte 0x60, 0x9A, 0x80, 0x03, 0xF5, 0xFF, 0x00, 0x00, 0xF8, 0x40, 0x2D, 0xE9, 0x84, 0x40, 0x9F, 0xE5
	.byte 0x02, 0x70, 0xA0, 0xE1, 0x00, 0xC0, 0x94, 0xE5, 0x7C, 0x20, 0x9F, 0xE5, 0x03, 0x60, 0xA0, 0xE1
	.byte 0x78, 0x30, 0x9F, 0xE5, 0x18, 0x50, 0x9D, 0xE5, 0x74, 0x40, 0x9F, 0xE5, 0x00, 0x20, 0x92, 0xE5
	.byte 0x00, 0x50, 0xC4, 0xE7, 0x00, 0x00, 0x5C, 0xE3, 0x0C, 0x50, 0xA0, 0xA1, 0x00, 0x42, 0xA0, 0xE1
	.byte 0x00, 0x10, 0xC3, 0xE7, 0x00, 0x00, 0x52, 0xE3, 0x07, 0x00, 0x00, 0xDA, 0x54, 0x20, 0x9F, 0xE5
	.byte 0x01, 0x30, 0xA0, 0xE3, 0x13, 0x00, 0x12, 0xE1, 0x03, 0x00, 0x00, 0x0A, 0x01, 0x00, 0xA0, 0xE1
	.byte 0x05, 0x10, 0xA0, 0xE1, 0x98, 0x00, 0x00, 0xEB, 0x00, 0x10, 0xA0, 0xE1, 0x05, 0x08, 0xA0, 0xE1
	.byte 0x06, 0x02, 0x80, 0xE3, 0x07, 0x24, 0x80, 0xE1, 0x01, 0x03, 0x84, 0xE2, 0x02, 0x10, 0x81, 0xE1
	.byte 0x00, 0x14, 0x80, 0xE5, 0x01, 0x18, 0x66, 0xE2, 0x01, 0x0B, 0x80, 0xE2, 0xB8, 0x10, 0xC0, 0xE1
	.byte 0xF8, 0x40, 0xBD, 0xE8, 0x1E, 0xFF, 0x2F, 0xE1, 0x5C, 0x93, 0x80, 0x03, 0x5C, 0x9A, 0x80, 0x03
	.byte 0x70, 0x9A, 0x80, 0x03, 0x60, 0x9A, 0x80, 0x03, 0xF5, 0xFF, 0x00, 0x00

	arm_func_start FUN_038000EC
FUN_038000EC: ; 0x038000EC
	mov r3, r0, lsl #4
	add r0, r3, #0x4000000
	ldr r2, [r0, #0x400]
	add r0, r3, #0x400
	tst r1, #1
	bic r1, r2, #0x80000000
	add r0, r0, #0x4000000
	orrne r1, r1, #0x8000
	str r1, [r0]
	bx lr
	arm_func_end FUN_038000EC
_03800114:
	.byte 0x38, 0x40, 0x2D, 0xE9, 0x60, 0x30, 0x9F, 0xE5, 0x60, 0xC0, 0x9F, 0xE5
	.byte 0x00, 0x30, 0x93, 0xE5, 0x00, 0x50, 0xA0, 0xE1, 0x02, 0x40, 0xA0, 0xE1, 0x05, 0x10, 0xCC, 0xE7
	.byte 0x00, 0x00, 0x53, 0xE3, 0x0A, 0x00, 0x00, 0xDA, 0x48, 0x00, 0x9F, 0xE5, 0x01, 0x20, 0xA0, 0xE3
	.byte 0x12, 0x05, 0x10, 0xE1, 0x06, 0x00, 0x00, 0x0A, 0x05, 0x02, 0xA0, 0xE1, 0x01, 0x03, 0x80, 0xE2
	.byte 0x02, 0x24, 0xD0, 0xE5, 0x01, 0x00, 0xA0, 0xE1, 0x02, 0x10, 0xA0, 0xE1, 0x6A, 0x00, 0x00, 0xEB
	.byte 0x00, 0x10, 0xA0, 0xE1, 0x05, 0x02, 0xA0, 0xE1, 0x01, 0x03, 0x80, 0xE2, 0x04, 0x14, 0x81, 0xE1
	.byte 0x01, 0x0B, 0x80, 0xE2, 0xB0, 0x10, 0xC0, 0xE1, 0x38, 0x40, 0xBD, 0xE8, 0x1E, 0xFF, 0x2F, 0xE1
	.byte 0x5C, 0x9A, 0x80, 0x03, 0x70, 0x9A, 0x80, 0x03, 0xF5, 0xFF, 0x00, 0x00, 0x00, 0x02, 0xA0, 0xE1
	.byte 0x01, 0x03, 0x80, 0xE2, 0x01, 0x18, 0x61, 0xE2, 0x01, 0x0B, 0x80, 0xE2, 0xB8, 0x10, 0xC0, 0xE1
	.byte 0x1E, 0xFF, 0x2F, 0xE1, 0x10, 0x40, 0x2D, 0xE9, 0x58, 0x20, 0x9F, 0xE5, 0x58, 0x30, 0x9F, 0xE5
	.byte 0x00, 0x20, 0x92, 0xE5, 0x00, 0x10, 0xC3, 0xE7, 0x00, 0x00, 0x52, 0xE3, 0x4C, 0x30, 0x9F, 0xE5
	.byte 0x00, 0x42, 0xA0, 0xE1, 0x02, 0x10, 0xA0, 0xA1, 0x01, 0x23, 0x84, 0xE2, 0x02, 0x14, 0xC2, 0xE5
	.byte 0x00, 0x20, 0x93, 0xE5, 0x00, 0x00, 0x52, 0xE3, 0x08, 0x00, 0x00, 0xDA, 0x30, 0x20, 0x9F, 0xE5
	.byte 0x01, 0x30, 0xA0, 0xE3, 0x13, 0x00, 0x12, 0xE1, 0x04, 0x00, 0x00, 0x0A, 0x24, 0x20, 0x9F, 0xE5
	.byte 0x00, 0x00, 0xD2, 0xE7, 0x44, 0x00, 0x00, 0xEB, 0x01, 0x13, 0x84, 0xE2, 0x00, 0x04, 0xC1, 0xE5
	.byte 0x10, 0x40, 0xBD, 0xE8, 0x1E, 0xFF, 0x2F, 0xE1, 0x5C, 0x93, 0x80, 0x03, 0x60, 0x9A, 0x80, 0x03
	.byte 0x5C, 0x9A, 0x80, 0x03, 0xF5, 0xFF, 0x00, 0x00, 0x70, 0x9A, 0x80, 0x03, 0x00, 0x02, 0xA0, 0xE1
	.byte 0x01, 0x03, 0x80, 0xE2, 0x03, 0x04, 0xD0, 0xE5, 0x80, 0x00, 0x10, 0xE3, 0x01, 0x00, 0xA0, 0x13
	.byte 0x00, 0x00, 0xA0, 0x03, 0x1E, 0xFF, 0x2F, 0xE1, 0x54, 0x10, 0x9F, 0xE5, 0x00, 0x00, 0x50, 0xE3
	.byte 0x00, 0x00, 0x81, 0xE5, 0x08, 0x00, 0x00, 0xBA, 0x00, 0x20, 0xA0, 0xE3, 0xFF, 0x10, 0x00, 0xE2
	.byte 0x02, 0x02, 0xA0, 0xE1, 0x01, 0x03, 0x80, 0xE2, 0x01, 0x20, 0x82, 0xE2, 0x02, 0x14, 0xC0, 0xE5
	.byte 0x10, 0x00, 0x52, 0xE3, 0xF9, 0xFF, 0xFF, 0xBA, 0x1E, 0xFF, 0x2F, 0xE1, 0x24, 0x20, 0x9F, 0xE5
	.byte 0x00, 0x30, 0xA0, 0xE3, 0x03, 0x10, 0xD2, 0xE7, 0x03, 0x02, 0xA0, 0xE1, 0x01, 0x03, 0x80, 0xE2
	.byte 0x01, 0x30, 0x83, 0xE2, 0x02, 0x14, 0xC0, 0xE5, 0x10, 0x00, 0x53, 0xE3, 0xF8, 0xFF, 0xFF, 0xBA
	.byte 0x1E, 0xFF, 0x2F, 0xE1, 0x5C, 0x93, 0x80, 0x03, 0x60, 0x9A, 0x80, 0x03, 0x00, 0x02, 0xA0, 0xE1
	.byte 0x01, 0x03, 0x80, 0xE2, 0x00, 0x04, 0x90, 0xE5, 0x1E, 0xFF, 0x2F, 0xE1, 0xF0, 0x41, 0x2D, 0xE9
	.byte 0x48, 0x10, 0x9F, 0xE5, 0x48, 0x50, 0x9F, 0xE5, 0x48, 0x40, 0x9F, 0xE5, 0x00, 0x00, 0x81, 0xE5
	.byte 0x00, 0x70, 0xA0, 0xE3, 0x01, 0x60, 0xA0, 0xE3, 0x16, 0x07, 0x14, 0xE1, 0x06, 0x00, 0x00, 0x0A
	.byte 0x07, 0x82, 0xA0, 0xE1, 0x01, 0x03, 0x88, 0xE2, 0x02, 0x14, 0xD0, 0xE5, 0x07, 0x00, 0xD5, 0xE7
	.byte 0x09, 0x00, 0x00, 0xEB, 0x01, 0x13, 0x88, 0xE2, 0x00, 0x04, 0xC1, 0xE5, 0x01, 0x70, 0x87, 0xE2
	.byte 0x10, 0x00, 0x57, 0xE3, 0xF3, 0xFF, 0xFF, 0xBA, 0xF0, 0x41, 0xBD, 0xE8, 0x1E, 0xFF, 0x2F, 0xE1
	.byte 0x5C, 0x9A, 0x80, 0x03, 0x70, 0x9A, 0x80, 0x03, 0xF5, 0xFF, 0x00, 0x00, 0x18, 0x00, 0x51, 0xE3
	.byte 0x09, 0x00, 0x00, 0xAA, 0x54, 0x20, 0x9F, 0xE5, 0x28, 0x30, 0x81, 0xE2, 0x00, 0xC0, 0x92, 0xE5
	.byte 0x4C, 0x10, 0x9F, 0xE5, 0x9C, 0x03, 0x02, 0xE0, 0x0C, 0x10, 0x41, 0xE0, 0x01, 0x13, 0x82, 0xE0
	.byte 0x90, 0x01, 0x01, 0xE0, 0xC1, 0x0A, 0xA0, 0xE1, 0x1E, 0xFF, 0x2F, 0xE1, 0x68, 0x00, 0x51, 0xE3
	.byte 0x1E, 0xFF, 0x2F, 0xD1, 0x24, 0x20, 0x9F, 0xE5, 0x28, 0x10, 0x41, 0xE2, 0x00, 0xC0, 0x92, 0xE5
	.byte 0x00, 0x20, 0x6C, 0xE2, 0x92, 0x01, 0x03, 0xE0, 0xFF, 0x10, 0x8C, 0xE2, 0x7F, 0x1C, 0x81, 0xE2
	.byte 0x01, 0x13, 0x83, 0xE0, 0x90, 0x01, 0x01, 0xE0, 0xC1, 0x0A, 0xA0, 0xE1, 0x1E, 0xFF, 0x2F, 0xE1
	.byte 0x5C, 0x9A, 0x80, 0x03, 0xFF, 0x7F, 0x00, 0x00, 0x70, 0x40, 0x2D, 0xE9, 0x00, 0x40, 0xA0, 0xE3
	.byte 0x00, 0x60, 0xA0, 0xE1, 0x00, 0x00, 0x61, 0xE2, 0x04, 0x50, 0xA0, 0xE1, 0x01, 0x00, 0x00, 0xEA
	.byte 0x01, 0x50, 0x45, 0xE2, 0x03, 0x0C, 0x80, 0xE2, 0x00, 0x00, 0x50, 0xE3, 0xFB, 0xFF, 0xFF, 0xBA
	.byte 0x01, 0x00, 0x00, 0xEA, 0x01, 0x50, 0x85, 0xE2, 0x03, 0x0C, 0x40, 0xE2, 0x03, 0x0C, 0x50, 0xE3
	.byte 0xFB, 0xFF, 0xFF, 0xAA, 0x35, 0x00, 0x00, 0xEB, 0x01, 0x38, 0x90, 0xE2, 0xC6, 0x0F, 0xA0, 0xE1
	.byte 0x93, 0x26, 0x81, 0xE0, 0x93, 0x10, 0x21, 0xE0, 0x00, 0x30, 0xA4, 0xE2, 0x10, 0x00, 0x45, 0xE2
	.byte 0x93, 0x16, 0x21, 0xE0, 0x00, 0x00, 0x50, 0xE3, 0x00, 0x30, 0x60, 0xD2, 0x01, 0x58, 0xA0, 0xE3
	.byte 0x32, 0x53, 0xA0, 0xD1, 0x20, 0x00, 0x63, 0xD2, 0x11, 0x50, 0x85, 0xD1, 0x20, 0x00, 0x43, 0xD2
	.byte 0x31, 0x33, 0xA0, 0xD1, 0x31, 0x50, 0x85, 0xD1, 0x16, 0x00, 0x00, 0xDA, 0x20, 0x00, 0x50, 0xE3
	.byte 0x12, 0x00, 0x00, 0xAA, 0x20, 0x60, 0x60, 0xE2, 0x01, 0xC0, 0x44, 0xE2, 0x1C, 0xE6, 0xA0, 0xE1
	.byte 0x20, 0x30, 0x66, 0xE2, 0x3C, 0xE3, 0x8E, 0xE1, 0x20, 0x30, 0x46, 0xE2, 0x1C, 0xE3, 0x8E, 0xE1
	.byte 0x0E, 0x30, 0x01, 0xE0, 0x1C, 0xC6, 0x02, 0xE0, 0x04, 0x00, 0x53, 0xE1, 0x04, 0x00, 0x5C, 0x01
	.byte 0x01, 0x00, 0x45, 0x12, 0x12, 0x00, 0x00, 0x1A, 0x11, 0x30, 0xA0, 0xE1, 0x32, 0x36, 0x83, 0xE1
	.byte 0x20, 0x10, 0x40, 0xE2, 0x12, 0x50, 0xA0, 0xE1, 0x12, 0x31, 0x83, 0xE1, 0x01, 0x00, 0x00, 0xEA
	.byte 0x01, 0x00, 0x45, 0xE2, 0x0A, 0x00, 0x00, 0xEA, 0x10, 0x00, 0xA0, 0xE3, 0x04, 0x00, 0x53, 0xE1
	.byte 0x10, 0x00, 0x55, 0x03, 0x00, 0x50, 0xA0, 0x31, 0x03, 0x00, 0x00, 0x3A, 0x18, 0x00, 0x9F, 0xE5
	.byte 0x04, 0x00, 0x53, 0xE1, 0x00, 0x00, 0x55, 0x01, 0x00, 0x50, 0xA0, 0x81, 0x05, 0x08, 0xA0, 0xE1
	.byte 0x20, 0x08, 0xA0, 0xE1, 0x70, 0x40, 0xBD, 0xE8, 0x1E, 0xFF, 0x2F, 0xE1, 0xFF, 0xFF, 0x00, 0x00
	.byte 0x00, 0xC0, 0x9F, 0xE5, 0x1C, 0xFF, 0x2F, 0xE1, 0x75, 0xB5, 0x7F, 0x03, 0x10, 0x40, 0x2D, 0xE9
	.byte 0x64, 0x10, 0x9F, 0xE5, 0x00, 0x40, 0xA0, 0xE1, 0x01, 0x00, 0x54, 0xE1, 0x01, 0x40, 0xA0, 0xB1
	.byte 0x01, 0x00, 0x00, 0xBA, 0x00, 0x00, 0x54, 0xE3, 0x00, 0x40, 0xA0, 0xC3, 0xD3, 0x00, 0x84, 0xE2
	.byte 0x02, 0x0C, 0x80, 0xE2, 0x11, 0x00, 0x00, 0xEB, 0xEF, 0x20, 0xE0, 0xE3, 0x02, 0x00, 0x54, 0xE1
	.byte 0x03, 0x10, 0xA0, 0xB3, 0x07, 0x00, 0x00, 0xBA, 0x78, 0x10, 0x82, 0xE2, 0x01, 0x00, 0x54, 0xE1
	.byte 0x02, 0x10, 0xA0, 0xB3, 0x03, 0x00, 0x00, 0xBA, 0xB4, 0x10, 0x82, 0xE2, 0x01, 0x00, 0x54, 0xE1
	.byte 0x01, 0x10, 0xA0, 0xB3, 0x00, 0x10, 0xA0, 0xA3, 0x01, 0x04, 0x80, 0xE1, 0x00, 0x08, 0xA0, 0xE1
	.byte 0x20, 0x08, 0xA0, 0xE1, 0x10, 0x40, 0xBD, 0xE8, 0x1E, 0xFF, 0x2F, 0xE1, 0x2D, 0xFD, 0xFF, 0xFF
	.byte 0x00, 0xC0, 0x9F, 0xE5, 0x1C, 0xFF, 0x2F, 0xE1, 0x8D, 0xB5, 0x7F, 0x03, 0x4C, 0x10, 0x9F, 0xE5
	.byte 0x20, 0x00, 0x50, 0xE3, 0xD0, 0x00, 0x91, 0xB1, 0x1E, 0xFF, 0x2F, 0xB1, 0x40, 0x00, 0x50, 0xE3
	.byte 0x40, 0x00, 0x60, 0xB2, 0xD0, 0x00, 0x91, 0xB1, 0x1E, 0xFF, 0x2F, 0xB1, 0x60, 0x00, 0x50, 0xE3
	.byte 0x40, 0x00, 0x40, 0xB2, 0xD0, 0x00, 0x91, 0xB1, 0x00, 0x00, 0x60, 0xB2, 0x00, 0x0C, 0xA0, 0xB1
	.byte 0x40, 0x0C, 0xA0, 0xB1, 0x60, 0x00, 0x40, 0xA2, 0x20, 0x00, 0x60, 0xA2, 0xD0, 0x00, 0x91, 0xA1
	.byte 0x00, 0x00, 0x60, 0xA2, 0x00, 0x0C, 0xA0, 0xA1, 0x40, 0x0C, 0xA0, 0xA1, 0x1E, 0xFF, 0x2F, 0xE1
	.byte 0x24, 0x8E, 0x80, 0x03, 0x20, 0x20, 0x9F, 0xE5, 0x20, 0x00, 0x9F, 0xE5, 0x00, 0x30, 0x92, 0xE5
	.byte 0x1C, 0x10, 0x9F, 0xE5, 0x93, 0x10, 0x21, 0xE0, 0x21, 0x08, 0xA0, 0xE1, 0x00, 0x08, 0xA0, 0xE1
	.byte 0x00, 0x10, 0x82, 0xE5, 0x20, 0x08, 0xA0, 0xE1, 0x1E, 0xFF, 0x2F, 0xE1, 0x60, 0x93, 0x80, 0x03
	.byte 0x0D, 0x66, 0x19, 0x00, 0x5F, 0xF3, 0x6E, 0x3C

	arm_func_start FUN_038005A8
FUN_038005A8: ; 0x038005A8
	stmdb sp!, {r1, r2, r3, r4, r5, lr}
	ldr r1, _03800600 ; =0x03809A80
	mov r5, r0
	ldr r0, [r1]
	cmp r0, #0
	bne _038005F8
	mov r0, #1
	str r0, [r1]
	bl FUN_0380340C
	ldr r4, _03800604 ; =0x03809AF0
	mov r0, #0x400
	str r0, [sp]
	ldr r1, _03800608 ; =0x038006AC
	ldr r3, _0380060C ; =0x03809F94
	mov r0, r4
	mov r2, #0
	str r5, [sp, #4]
	bl FUN_037FCCC4
	mov r0, r4
	bl FUN_037FCFD4
_038005F8:
	ldmia sp!, {r1, r2, r3, r4, r5, lr}
	bx lr
	.balign 4, 0
_03800600: .word 0x03809A80
_03800604: .word 0x03809AF0
_03800608: .word 0x038006AC
_0380060C: .word 0x03809F94
	arm_func_end FUN_038005A8
_03800610:
	.byte 0x0E, 0x40, 0x2D, 0xE9, 0xA2, 0xF7, 0xFF, 0xEB, 0x2C, 0x30, 0x9F, 0xE5, 0x01, 0xC8, 0x90, 0xE2
	.byte 0x04, 0x30, 0x8D, 0xE5, 0x00, 0xE0, 0xA0, 0xE3, 0x08, 0xE0, 0x8D, 0xE5, 0x00, 0x20, 0xA1, 0xE2
	.byte 0x18, 0x30, 0x9F, 0xE5, 0x18, 0x00, 0x9F, 0xE5, 0x0C, 0x10, 0xA0, 0xE1, 0x00, 0xE0, 0x8D, 0xE5
	.byte 0x67, 0xF8, 0xFF, 0xEB, 0x0E, 0x40, 0xBD, 0xE8, 0x1E, 0xFF, 0x2F, 0xE1, 0x90, 0x06, 0x80, 0x03
	.byte 0xA8, 0x0A, 0x00, 0x00, 0xC4, 0x9A, 0x80, 0x03, 0x04, 0x00, 0x9F, 0xE5, 0x04, 0xC0, 0x9F, 0xE5
	.byte 0x1C, 0xFF, 0x2F, 0xE1, 0xC4, 0x9A, 0x80, 0x03, 0x58, 0xE8, 0x7F, 0x03, 0x0C, 0x00, 0x9F, 0xE5
	.byte 0x0C, 0xC0, 0x9F, 0xE5, 0x02, 0x10, 0xA0, 0xE3, 0x00, 0x20, 0xA0, 0xE3, 0x1C, 0xFF, 0x2F, 0xE1
	.byte 0xA4, 0x9A, 0x80, 0x03, 0x3C, 0xD5, 0x7F, 0x03, 0x1E, 0xFF, 0x2F, 0xE1, 0x1E, 0xFF, 0x2F, 0xE1
	.byte 0x0C, 0x00, 0x9F, 0xE5, 0x0C, 0xC0, 0x9F, 0xE5, 0x01, 0x10, 0xA0, 0xE3, 0x00, 0x20, 0xA0, 0xE3
	.byte 0x1C, 0xFF, 0x2F, 0xE1, 0xA4, 0x9A, 0x80, 0x03, 0x3C, 0xD5, 0x7F, 0x03, 0xF0, 0x41, 0x2D, 0xE9
	.byte 0x10, 0xD0, 0x4D, 0xE2, 0x80, 0xF3, 0xFF, 0xEB, 0x01, 0x00, 0x50, 0xE3, 0x00, 0x00, 0x00, 0x1A
	.byte 0xD0, 0x0D, 0xE0, 0xEB, 0xD4, 0x50, 0x9F, 0xE5, 0x08, 0x60, 0xA0, 0xE3, 0xB0, 0x00, 0xD5, 0xE1
	.byte 0xCC, 0x40, 0x9F, 0xE5, 0x01, 0x30, 0x80, 0xE3, 0xC8, 0x10, 0x9F, 0xE5, 0x04, 0x00, 0xA0, 0xE1
	.byte 0x06, 0x20, 0xA0, 0xE1, 0xB0, 0x30, 0xC5, 0xE1, 0x89, 0xF3, 0xFF, 0xEB, 0xB8, 0x50, 0x9F, 0xE5
	.byte 0x05, 0x00, 0xA0, 0xE1, 0xD2, 0xF7, 0xFF, 0xEB, 0x47, 0x00, 0x00, 0xEB, 0x97, 0x03, 0x00, 0xEB
	.byte 0xC0, 0x0A, 0x00, 0xEB, 0x95, 0xFD, 0xFF, 0xEB, 0x00, 0x70, 0xA0, 0xE3, 0x07, 0x00, 0xA0, 0xE1
	.byte 0x07, 0x10, 0xA0, 0xE1, 0x07, 0x20, 0xA0, 0xE1, 0x07, 0x30, 0xA0, 0xE1, 0xDD, 0xFD, 0xFF, 0xEB
	.byte 0x7F, 0x00, 0xA0, 0xE3, 0xD7, 0xFD, 0xFF, 0xEB, 0x5D, 0xF7, 0xFF, 0xEB, 0xAA, 0x3E, 0x86, 0xE2
	.byte 0x78, 0x60, 0x9F, 0xE5, 0x00, 0x20, 0xA0, 0xE1, 0xC0, 0x00, 0x8D, 0xE9, 0x05, 0x00, 0xA0, 0xE1
	.byte 0x01, 0x58, 0x92, 0xE2, 0x00, 0x20, 0xA1, 0xE2, 0x05, 0x10, 0xA0, 0xE1, 0x00, 0x70, 0x8D, 0xE5
	.byte 0x23, 0xF8, 0xFF, 0xEB, 0x0C, 0x60, 0x8D, 0xE2, 0x01, 0x50, 0xA0, 0xE3, 0x04, 0x00, 0xA0, 0xE1
	.byte 0x06, 0x10, 0xA0, 0xE1, 0x05, 0x20, 0xA0, 0xE1, 0x07, 0x80, 0xA0, 0xE1, 0x95, 0xF3, 0xFF, 0xEB
	.byte 0x0C, 0x00, 0x9D, 0xE5, 0x01, 0x00, 0x50, 0xE3, 0x05, 0x80, 0xA0, 0x01, 0x3B, 0x00, 0x00, 0xEB
	.byte 0x32, 0x0B, 0x00, 0xEB, 0x08, 0x00, 0xA0, 0xE1, 0x8D, 0x03, 0x00, 0xEB, 0x08, 0x00, 0xA0, 0xE1
	.byte 0xB1, 0x00, 0x00, 0xEB, 0x79, 0x0A, 0x00, 0xEB, 0x75, 0xFF, 0xFF, 0xEB, 0xEE, 0xFF, 0xFF, 0xEA
	.byte 0x04, 0x03, 0x00, 0x04, 0xA4, 0x9A, 0x80, 0x03, 0x84, 0x9A, 0x80, 0x03, 0xC4, 0x9A, 0x80, 0x03
	.byte 0x90, 0x06, 0x80, 0x03, 0x38, 0x40, 0x2D, 0xE9, 0x10, 0x40, 0x9D, 0xE5, 0x80, 0x51, 0xA0, 0xE1
	.byte 0x00, 0x00, 0x54, 0xE3, 0x00, 0x40, 0xA0, 0x13, 0x01, 0x40, 0xA0, 0x03, 0x04, 0xC1, 0xA0, 0xE1
	.byte 0x14, 0xE0, 0x9D, 0xE5, 0x81, 0x11, 0x8C, 0xE1, 0x8E, 0xC0, 0x81, 0xE1, 0x18, 0x40, 0x9D, 0xE5
	.byte 0x01, 0x03, 0x80, 0xE2, 0x0C, 0x40, 0x84, 0xE1, 0x08, 0x45, 0xC0, 0xE5, 0x01, 0x13, 0x85, 0xE2
	.byte 0x10, 0x25, 0x81, 0xE5, 0x05, 0x0C, 0x81, 0xE2, 0xB4, 0x31, 0xC0, 0xE1, 0x38, 0x40, 0xBD, 0xE8
	.byte 0x1E, 0xFF, 0x2F, 0xE1, 0x01, 0x03, 0x80, 0xE2, 0x08, 0x05, 0xD0, 0xE5, 0x80, 0x00, 0x10, 0xE3
	.byte 0x01, 0x00, 0xA0, 0x13, 0x00, 0x00, 0xA0, 0x03, 0x1E, 0xFF, 0x2F, 0xE1, 0x44, 0x20, 0x9F, 0xE5
	.byte 0x00, 0xC0, 0xA0, 0xE3, 0x54, 0x00, 0xA0, 0xE3, 0x9C, 0x00, 0x01, 0xE0, 0x01, 0xC0, 0xC2, 0xE7
	.byte 0x01, 0x30, 0x82, 0xE0, 0x03, 0x10, 0xD3, 0xE5, 0x01, 0xC0, 0x8C, 0xE2, 0xF8, 0x10, 0xC1, 0xE3
	.byte 0xFF, 0x10, 0x01, 0xE2, 0x01, 0x10, 0xC1, 0xE3, 0x03, 0x10, 0xC3, 0xE5, 0x10, 0x00, 0x5C, 0xE3
	.byte 0xF4, 0xFF, 0xFF, 0xBA, 0x10, 0x00, 0x9F, 0xE5, 0x00, 0x10, 0xA0, 0xE3, 0x04, 0x10, 0x80, 0xE5
	.byte 0x00, 0x10, 0x80, 0xE5, 0x1E, 0xFF, 0x2F, 0xE1, 0xBC, 0x9F, 0x80, 0x03, 0x94, 0x9F, 0x80, 0x03
	.byte 0xF0, 0x47, 0x2D, 0xE9, 0x18, 0xD0, 0x4D, 0xE2, 0xD8, 0x71, 0x9F, 0xE5, 0x00, 0x60, 0xA0, 0xE3
	.byte 0x06, 0x90, 0xA0, 0xE1, 0x02, 0x40, 0xA0, 0xE3, 0x01, 0x50, 0xA0, 0xE3, 0x54, 0xA0, 0xA0, 0xE3
	.byte 0x99, 0x7A, 0x28, 0xE0, 0x03, 0x00, 0xD8, 0xE5, 0x00, 0x0C, 0xA0, 0xE1, 0xA0, 0x0D, 0xB0, 0xE1
	.byte 0x52, 0x00, 0x00, 0x0A, 0x02, 0x00, 0x10, 0xE3, 0x02, 0x00, 0x00, 0x0A, 0x09, 0x00, 0xA0, 0xE1
	.byte 0x06, 0x10, 0xA0, 0xE1, 0x0C, 0xFE, 0xFF, 0xEB, 0x03, 0x00, 0xD8, 0xE5, 0x00, 0x0C, 0xA0, 0xE1
	.byte 0xA0, 0x0D, 0xA0, 0xE1, 0x01, 0x00, 0x10, 0xE3, 0x31, 0x00, 0x00, 0x0A, 0x01, 0x00, 0xD8, 0xE5
	.byte 0x00, 0x00, 0x50, 0xE3, 0x04, 0x00, 0x00, 0x0A, 0x01, 0x00, 0x50, 0xE3, 0x18, 0x00, 0x00, 0x0A
	.byte 0x02, 0x00, 0x50, 0xE3, 0x21, 0x00, 0x00, 0x0A, 0x40, 0x00, 0x00, 0xEA, 0x39, 0x00, 0xD8, 0xE5
	.byte 0xB4, 0xC2, 0xD8, 0xE1, 0x00, 0x00, 0x50, 0xE3, 0xBE, 0x03, 0xD8, 0xE1, 0x05, 0x30, 0xA0, 0xE1
	.byte 0x00, 0x00, 0x8D, 0xE5, 0x40, 0x20, 0x98, 0xE5, 0xFF, 0x10, 0x0C, 0xE2, 0x04, 0x20, 0x8D, 0xE5
	.byte 0x08, 0x10, 0x8D, 0xE5, 0x4C, 0x04, 0xA0, 0xE1, 0x0C, 0x00, 0x8D, 0xE5, 0xB6, 0x12, 0xD8, 0xE1
	.byte 0x04, 0x30, 0xA0, 0x01, 0x10, 0x10, 0x8D, 0xE5, 0x23, 0x10, 0xD8, 0xE5, 0x09, 0x00, 0xA0, 0xE1
	.byte 0x14, 0x10, 0x8D, 0xE5, 0x44, 0x10, 0x98, 0xE5, 0x38, 0x20, 0xD8, 0xE5, 0x63, 0xFD, 0xFF, 0xEB
	.byte 0x2A, 0x00, 0x00, 0xEA, 0xB4, 0x32, 0xD8, 0xE1, 0xB6, 0x12, 0xD8, 0xE1, 0x09, 0x00, 0xA0, 0xE1
	.byte 0x00, 0x10, 0x8D, 0xE5, 0x23, 0x10, 0xD8, 0xE5, 0xFF, 0x20, 0x03, 0xE2, 0x04, 0x10, 0x8D, 0xE5
	.byte 0x44, 0x10, 0x98, 0xE5, 0x43, 0x34, 0xA0, 0xE1, 0x8B, 0xFD, 0xFF, 0xEB, 0x1F, 0x00, 0x00, 0xEA
	.byte 0xB4, 0x22, 0xD8, 0xE1, 0x23, 0x10, 0xD8, 0xE5, 0x09, 0x00, 0xA0, 0xE1, 0x00, 0x10, 0x8D, 0xE5
	.byte 0xB6, 0x32, 0xD8, 0xE1, 0xFF, 0x10, 0x02, 0xE2, 0x42, 0x24, 0xA0, 0xE1, 0xAD, 0xFD, 0xFF, 0xEB
	.byte 0x16, 0x00, 0x00, 0xEA, 0x04, 0x00, 0x10, 0xE3, 0x02, 0x00, 0x00, 0x0A, 0xB6, 0x12, 0xD8, 0xE1
	.byte 0x09, 0x00, 0xA0, 0xE1, 0xF8, 0xFD, 0xFF, 0xEB, 0x03, 0x00, 0xD8, 0xE5, 0x00, 0x0C, 0xA0, 0xE1
	.byte 0xA0, 0x0D, 0xA0, 0xE1, 0x08, 0x00, 0x10, 0xE3, 0x04, 0x00, 0x00, 0x0A, 0xB4, 0x22, 0xD8, 0xE1
	.byte 0x09, 0x00, 0xA0, 0xE1, 0xFF, 0x10, 0x02, 0xE2, 0x42, 0x24, 0xA0, 0xE1, 0xD0, 0xFD, 0xFF, 0xEB
	.byte 0x03, 0x00, 0xD8, 0xE5, 0x00, 0x0C, 0xA0, 0xE1, 0xA0, 0x0D, 0xA0, 0xE1, 0x10, 0x00, 0x10, 0xE3
	.byte 0x02, 0x00, 0x00, 0x0A, 0x23, 0x10, 0xD8, 0xE5, 0x09, 0x00, 0xA0, 0xE1, 0xEC, 0xFD, 0xFF, 0xEB
	.byte 0x01, 0x90, 0x89, 0xE2, 0x10, 0x00, 0x59, 0xE3, 0xA4, 0xFF, 0xFF, 0xBA, 0x54, 0x30, 0x9F, 0xE5
	.byte 0x00, 0x40, 0xA0, 0xE3, 0x54, 0x10, 0xA0, 0xE3, 0x94, 0x31, 0x25, 0xE0, 0x03, 0x00, 0xD5, 0xE5
	.byte 0x00, 0x0C, 0xA0, 0xE1, 0xA0, 0x0D, 0xB0, 0xE1, 0x08, 0x00, 0x00, 0x0A, 0x01, 0x00, 0x10, 0xE3
	.byte 0x04, 0x02, 0xA0, 0x11, 0x01, 0x03, 0x80, 0x12, 0x03, 0x24, 0xD0, 0x15, 0x80, 0x20, 0x82, 0x13
	.byte 0x03, 0x24, 0xC0, 0x15, 0x03, 0x00, 0xD5, 0xE5, 0xF8, 0x00, 0xC0, 0xE3, 0x03, 0x00, 0xC5, 0xE5
	.byte 0x01, 0x40, 0x84, 0xE2, 0x10, 0x00, 0x54, 0xE3, 0xEE, 0xFF, 0xFF, 0xBA, 0x18, 0xD0, 0x8D, 0xE2
	.byte 0xF0, 0x47, 0xBD, 0xE8, 0x1E, 0xFF, 0x2F, 0xE1, 0xBC, 0x9F, 0x80, 0x03, 0xF8, 0x4F, 0x2D, 0xE9
	.byte 0x02, 0xB9, 0xA0, 0xE3, 0x00, 0xA0, 0xA0, 0xE1, 0x00, 0x50, 0xA0, 0xE3, 0x00, 0xB0, 0x6B, 0xE2
	.byte 0x4C, 0x03, 0x9F, 0xE5, 0x54, 0x10, 0xA0, 0xE3, 0x95, 0x01, 0x24, 0xE0, 0x03, 0x20, 0xD4, 0xE5
	.byte 0x00, 0x60, 0xA0, 0xE3, 0x82, 0x0F, 0xA0, 0xE1, 0x06, 0x70, 0xA0, 0xE1, 0x06, 0x80, 0xA0, 0xE1
	.byte 0xA0, 0x0F, 0xB0, 0xE1, 0xC5, 0x00, 0x00, 0x0A, 0x02, 0x0F, 0xA0, 0xE1, 0xA0, 0x0F, 0xB0, 0xE1
	.byte 0x09, 0x00, 0x00, 0x0A, 0xF8, 0x10, 0xC2, 0xE3, 0x02, 0x0C, 0xA0, 0xE1, 0xA0, 0x0D, 0xA0, 0xE1
	.byte 0x01, 0x00, 0x80, 0xE3, 0x80, 0x0D, 0xA0, 0xE1, 0x20, 0x0C, 0x81, 0xE1, 0xFF, 0x00, 0x00, 0xE2
	.byte 0x02, 0x00, 0xC0, 0xE3, 0x03, 0x00, 0xC4, 0xE5, 0x0E, 0x00, 0x00, 0xEA, 0x05, 0x00, 0xA0, 0xE1
	.byte 0xD1, 0xFD, 0xFF, 0xEB, 0x00, 0x00, 0x50, 0xE3, 0x0A, 0x00, 0x00, 0x1A, 0x48, 0x30, 0x94, 0xE5
	.byte 0x00, 0x00, 0x53, 0xE3, 0x06, 0x00, 0xA0, 0x01, 0x22, 0x00, 0xC4, 0x05, 0x04, 0x00, 0x00, 0x0A
	.byte 0x4C, 0x20, 0x94, 0xE5, 0x04, 0x00, 0xA0, 0xE1, 0x01, 0x10, 0xA0, 0xE3, 0x0F, 0xE0, 0xA0, 0xE1
	.byte 0x13, 0xFF, 0x2F, 0xE1, 0x71, 0x00, 0x00, 0xEA, 0x09, 0x00, 0xD4, 0xE5, 0x08, 0x10, 0xD4, 0xE5
	.byte 0x80, 0x20, 0xA0, 0xE1, 0xAC, 0x02, 0x9F, 0xE5, 0xF2, 0x20, 0x90, 0xE1, 0x05, 0x00, 0xD4, 0xE5
	.byte 0x02, 0x60, 0x86, 0xE0, 0x00, 0x00, 0x41, 0xE0, 0x00, 0x73, 0x87, 0xE0, 0x04, 0x00, 0xA0, 0xE1
	.byte 0x0A, 0x10, 0xA0, 0xE1, 0xD9, 0x00, 0x00, 0xEB, 0xF2, 0x33, 0xD4, 0xE1, 0x00, 0x60, 0x86, 0xE0
	.byte 0x00, 0x00, 0x53, 0xE3, 0x00, 0x00, 0xA0, 0x03, 0x10, 0x00, 0x00, 0x0A, 0x14, 0x00, 0x94, 0xE5
	.byte 0x18, 0x20, 0x94, 0xE5, 0x02, 0x00, 0x50, 0xE1, 0x00, 0x00, 0xA0, 0xA3, 0x0B, 0x00, 0x00, 0xAA
	.byte 0x00, 0x00, 0x42, 0xE0, 0x93, 0x00, 0xC1, 0xE0, 0xC2, 0x3F, 0xA0, 0xE1, 0xDB, 0xEA, 0xFF, 0xEB
	.byte 0x00, 0x00, 0x5A, 0xE3, 0x05, 0x00, 0x00, 0x0A, 0x03, 0x10, 0xD4, 0xE5, 0x81, 0x1E, 0xA0, 0xE1
	.byte 0xA1, 0x1F, 0xB0, 0xE1, 0x14, 0x10, 0x94, 0x15, 0x01, 0x10, 0x81, 0x12, 0x14, 0x10, 0x84, 0x15
	.byte 0x00, 0x20, 0x87, 0xE0, 0xFC, 0x10, 0xD4, 0xE1, 0xF6, 0x00, 0xD4, 0xE1, 0x01, 0x10, 0x86, 0xE0
	.byte 0x00, 0x60, 0x81, 0xE0, 0xFE, 0x10, 0xD4, 0xE1, 0x28, 0x00, 0x84, 0xE2, 0x01, 0x70, 0x82, 0xE0
	.byte 0x33, 0x02, 0x00, 0xEB, 0x00, 0x90, 0xA0, 0xE1, 0xC0, 0x1F, 0xA0, 0xE1, 0x00, 0x00, 0x51, 0xE3
	.byte 0x00, 0x00, 0x50, 0x03, 0x14, 0x00, 0x00, 0x0A, 0x28, 0x20, 0xD4, 0xE5, 0x00, 0x00, 0x52, 0xE3
	.byte 0x0C, 0x00, 0x00, 0x0A, 0x01, 0x00, 0x52, 0xE3, 0x04, 0x00, 0x00, 0x0A, 0x02, 0x00, 0x52, 0xE3
	.byte 0x01, 0x13, 0xA0, 0x01, 0x20, 0x1D, 0x81, 0x01, 0x00, 0x93, 0xA0, 0x01, 0x08, 0x00, 0x00, 0xEA
	.byte 0x3C, 0x20, 0xA0, 0xE3, 0x90, 0x92, 0x83, 0xE0, 0x3C, 0x00, 0xA0, 0xE3, 0x91, 0x30, 0x23, 0xE0
	.byte 0x03, 0x10, 0xA0, 0xE1, 0x02, 0x00, 0x00, 0xEA, 0x01, 0x13, 0xA0, 0xE1, 0x20, 0x1D, 0x81, 0xE1
	.byte 0x00, 0x93, 0xA0, 0xE1, 0x29, 0x97, 0xA0, 0xE1, 0x01, 0x99, 0x89, 0xE1, 0x00, 0x00, 0x5A, 0xE3
	.byte 0x01, 0x00, 0x00, 0x0A, 0x28, 0x00, 0x84, 0xE2, 0xFA, 0x01, 0x00, 0xEB, 0x28, 0x00, 0xD4, 0xE5
	.byte 0x00, 0x00, 0x50, 0xE3, 0x07, 0x00, 0x00, 0x0A, 0x01, 0x00, 0x50, 0xE3, 0x02, 0x00, 0x00, 0x0A
	.byte 0x02, 0x00, 0x50, 0xE3, 0x09, 0x80, 0x88, 0x00, 0x03, 0x00, 0x00, 0xEA, 0x0B, 0x00, 0x56, 0xE1
	.byte 0x09, 0x60, 0x86, 0xC0, 0x00, 0x00, 0x00, 0xEA, 0x09, 0x70, 0x87, 0xE0, 0xDA, 0x10, 0xD4, 0xE1
	.byte 0x04, 0x00, 0xD4, 0xE5, 0x01, 0x80, 0x88, 0xE0, 0x7F, 0x00, 0x50, 0xE3, 0x98, 0x00, 0x00, 0x10
	.byte 0x40, 0x00, 0x80, 0x12, 0xC0, 0x83, 0xA0, 0x11, 0xDB, 0x10, 0xD4, 0xE1, 0x02, 0x00, 0xD4, 0xE5
	.byte 0x01, 0x80, 0x88, 0xE0, 0x03, 0x00, 0x50, 0xE3, 0x15, 0x00, 0x00, 0x1A, 0x38, 0x01, 0x9F, 0xE5
	.byte 0x00, 0x00, 0x56, 0xE1, 0x12, 0x00, 0x00, 0xCA, 0x03, 0x00, 0xD4, 0xE5, 0xF8, 0x00, 0xC0, 0xE3
	.byte 0x10, 0x00, 0x80, 0xE3, 0x03, 0x00, 0xC4, 0xE5, 0x48, 0x30, 0x94, 0xE5, 0x00, 0x00, 0x53, 0xE3
	.byte 0x00, 0x00, 0xA0, 0x03, 0x22, 0x00, 0xC4, 0x05, 0x04, 0x00, 0x00, 0x0A, 0x4C, 0x20, 0x94, 0xE5
	.byte 0x04, 0x00, 0xA0, 0xE1, 0x01, 0x10, 0xA0, 0xE3, 0x0F, 0xE0, 0xA0, 0xE1, 0x13, 0xFF, 0x2F, 0xE1
	.byte 0x00, 0x00, 0xA0, 0xE3, 0xB4, 0x02, 0xC4, 0xE1, 0x03, 0x00, 0xD4, 0xE5, 0x01, 0x00, 0xC0, 0xE3
	.byte 0x31, 0x00, 0x00, 0xEA, 0x06, 0x00, 0xA0, 0xE1, 0xEB, 0xFD, 0xFF, 0xEB, 0x00, 0x60, 0xA0, 0xE1
	.byte 0xBC, 0x03, 0xD4, 0xE1, 0x07, 0x10, 0xA0, 0xE1, 0x9E, 0xFD, 0xFF, 0xEB, 0x01, 0x10, 0xD4, 0xE5
	.byte 0x01, 0x00, 0x51, 0xE3, 0xC4, 0x10, 0x9F, 0x05, 0x01, 0x00, 0x00, 0x00, 0x40, 0x80, 0x98, 0xE2
	.byte 0x00, 0x80, 0xA0, 0x43, 0x01, 0x00, 0x00, 0x4A, 0x7F, 0x00, 0x58, 0xE3, 0x7F, 0x80, 0xA0, 0xC3
	.byte 0xB4, 0x12, 0xD4, 0xE1, 0x01, 0x00, 0x56, 0xE1, 0x08, 0x00, 0x00, 0x0A, 0xB4, 0x62, 0xC4, 0xE1
	.byte 0x03, 0x10, 0xD4, 0xE5, 0xF8, 0x20, 0xC1, 0xE3, 0x01, 0x1C, 0xA0, 0xE1, 0xA1, 0x1D, 0xA0, 0xE1
	.byte 0x08, 0x10, 0x81, 0xE3, 0x81, 0x1D, 0xA0, 0xE1, 0x21, 0x1C, 0x82, 0xE1, 0x03, 0x10, 0xC4, 0xE5
	.byte 0xB6, 0x12, 0xD4, 0xE1, 0x01, 0x00, 0x50, 0xE1, 0x08, 0x00, 0x00, 0x0A, 0xB6, 0x02, 0xC4, 0xE1
	.byte 0x03, 0x00, 0xD4, 0xE5, 0xF8, 0x10, 0xC0, 0xE3, 0x00, 0x0C, 0xA0, 0xE1, 0xA0, 0x0D, 0xA0, 0xE1
	.byte 0x04, 0x00, 0x80, 0xE3, 0x80, 0x0D, 0xA0, 0xE1, 0x20, 0x0C, 0x81, 0xE1, 0x03, 0x00, 0xC4, 0xE5
	.byte 0x23, 0x00, 0xD4, 0xE5, 0x00, 0x00, 0x58, 0xE1, 0x08, 0x00, 0x00, 0x0A, 0x23, 0x80, 0xC4, 0xE5
	.byte 0x03, 0x00, 0xD4, 0xE5, 0xF8, 0x10, 0xC0, 0xE3, 0x00, 0x0C, 0xA0, 0xE1, 0xA0, 0x0D, 0xA0, 0xE1
	.byte 0x10, 0x00, 0x80, 0xE3, 0x80, 0x0D, 0xA0, 0xE1, 0x20, 0x0C, 0x81, 0xE1, 0x03, 0x00, 0xC4, 0xE5
	.byte 0x01, 0x50, 0x85, 0xE2, 0x10, 0x00, 0x55, 0xE3, 0x2C, 0xFF, 0xFF, 0xBA, 0xF8, 0x4F, 0xBD, 0xE8
	.byte 0x1E, 0xFF, 0x2F, 0xE1, 0xBC, 0x9F, 0x80, 0x03, 0x48, 0x8E, 0x80, 0x03, 0x2D, 0xFD, 0xFF, 0xFF
	.byte 0xFC, 0xFF, 0x00, 0x00, 0x10, 0x40, 0x2D, 0xE9, 0x00, 0x40, 0xA0, 0xE1, 0x00, 0x00, 0xA0, 0xE3
	.byte 0x01, 0x00, 0xC4, 0xE5, 0x02, 0xE0, 0xA0, 0xE1, 0x38, 0xC0, 0x84, 0xE2, 0x07, 0x00, 0x91, 0xE8
	.byte 0x07, 0x00, 0x8C, 0xE8, 0x04, 0x00, 0xA0, 0xE1, 0x03, 0x10, 0xA0, 0xE1, 0x44, 0xE0, 0x84, 0xE5
	.byte 0xC8, 0x01, 0x00, 0xEB, 0x01, 0x00, 0xA0, 0xE3, 0x10, 0x40, 0xBD, 0xE8, 0x1E, 0xFF, 0x2F, 0xE1
	.byte 0x10, 0x40, 0x2D, 0xE9, 0x00, 0x30, 0xD0, 0xE5, 0x08, 0x00, 0x53, 0xE3, 0x00, 0x00, 0xA0, 0x33
	.byte 0x0A, 0x00, 0x00, 0x3A, 0x0D, 0x00, 0x53, 0xE3, 0x00, 0x00, 0xA0, 0x83, 0x07, 0x00, 0x00, 0x8A
	.byte 0x20, 0x30, 0x9F, 0xE5, 0x44, 0x10, 0x80, 0xE5, 0x01, 0x40, 0xA0, 0xE3, 0x02, 0x10, 0xA0, 0xE1
	.byte 0x01, 0x40, 0xC0, 0xE5, 0xBC, 0x33, 0xC0, 0xE1, 0xB6, 0x01, 0x00, 0xEB, 0x04, 0x00, 0xA0, 0xE1
	.byte 0x10, 0x40, 0xBD, 0xE8, 0x1E, 0xFF, 0x2F, 0xE1, 0x46, 0x1F, 0x00, 0x00, 0x08, 0x40, 0x2D, 0xE9
	.byte 0x00, 0x20, 0xD0, 0xE5, 0x0E, 0x00, 0x52, 0xE3, 0x00, 0x00, 0xA0, 0x33, 0x08, 0x00, 0x00, 0x3A
	.byte 0x0F, 0x00, 0x52, 0xE3, 0x00, 0x00, 0xA0, 0x83, 0x05, 0x00, 0x00, 0x8A, 0x18, 0x20, 0x9F, 0xE5
	.byte 0x02, 0x30, 0xA0, 0xE3, 0x01, 0x30, 0xC0, 0xE5, 0xBC, 0x23, 0xC0, 0xE1, 0xA5, 0x01, 0x00, 0xEB
	.byte 0x01, 0x00, 0xA0, 0xE3, 0x08, 0x40, 0xBD, 0xE8, 0x1E, 0xFF, 0x2F, 0xE1, 0x46, 0x1F, 0x00, 0x00
	.byte 0x00, 0x00, 0x51, 0xE3, 0x23, 0x00, 0x00, 0x0A, 0x02, 0x10, 0xD0, 0xE5, 0x03, 0x00, 0x51, 0xE3
	.byte 0x20, 0x00, 0x00, 0x8A, 0x81, 0x10, 0x8F, 0xE0, 0xB4, 0x10, 0xD1, 0xE1, 0x01, 0xF0, 0x8F, 0xE0
	.byte 0x04, 0x00, 0x2C, 0x00, 0x74, 0x00, 0x64, 0x00, 0x10, 0x20, 0x90, 0xE5, 0x1C, 0x10, 0xD0, 0xE5
	.byte 0x00, 0x20, 0x62, 0xE2, 0x92, 0x01, 0x01, 0xE0, 0x41, 0x14, 0xA0, 0xE1, 0x00, 0x10, 0x71, 0xE2
	.byte 0x10, 0x10, 0x80, 0xE5, 0x01, 0x10, 0xA0, 0x03, 0x02, 0x10, 0xC0, 0x05, 0x11, 0x00, 0x00, 0xEA
	.byte 0x1D, 0x20, 0xD0, 0xE5, 0x48, 0x10, 0x9F, 0xE5, 0x82, 0x20, 0xA0, 0xE1, 0xF2, 0x30, 0x91, 0xE1
	.byte 0x10, 0x20, 0x90, 0xE5, 0xBE, 0x11, 0xD0, 0xE1, 0x83, 0xC3, 0xA0, 0xE1, 0x01, 0x10, 0x42, 0xE0
	.byte 0x10, 0x10, 0x80, 0xE5, 0x83, 0x03, 0x51, 0xE1, 0x02, 0x10, 0xA0, 0xD3, 0x10, 0xC0, 0x80, 0xD5
	.byte 0x02, 0x10, 0xC0, 0xD5, 0x03, 0x00, 0x00, 0xEA, 0x10, 0x20, 0x90, 0xE5, 0xB0, 0x12, 0xD0, 0xE1
	.byte 0x01, 0x10, 0x42, 0xE0, 0x10, 0x10, 0x80, 0xE5, 0x10, 0x00, 0x90, 0xE5, 0xC0, 0x03, 0xA0, 0xE1
	.byte 0x1E, 0xFF, 0x2F, 0xE1, 0x48, 0x8E, 0x80, 0x03, 0x6D, 0x00, 0x51, 0xE3, 0x10, 0x20, 0x9F, 0xA5
	.byte 0xFF, 0x10, 0x61, 0xB2, 0x7F, 0x10, 0x61, 0xA2, 0x01, 0x10, 0xD2, 0xA7, 0x1C, 0x10, 0xC0, 0xE5
	.byte 0x1E, 0xFF, 0x2F, 0xE1, 0x5C, 0x8F, 0x80, 0x03, 0x10, 0x40, 0x2D, 0xE9, 0x00, 0x40, 0xA0, 0xE1
	.byte 0x01, 0x00, 0xA0, 0xE1, 0x56, 0x01, 0x00, 0xEB, 0xBE, 0x01, 0xC4, 0xE1, 0x10, 0x40, 0xBD, 0xE8
	.byte 0x1E, 0xFF, 0x2F, 0xE1, 0x1D, 0x10, 0xC0, 0xE5, 0x1E, 0xFF, 0x2F, 0xE1, 0x10, 0x40, 0x2D, 0xE9
	.byte 0x00, 0x40, 0xA0, 0xE1, 0x01, 0x00, 0xA0, 0xE1, 0x4D, 0x01, 0x00, 0xEB, 0xB0, 0x02, 0xC4, 0xE1
	.byte 0x10, 0x40, 0xBD, 0xE8, 0x1E, 0xFF, 0x2F, 0xE1, 0x03, 0x10, 0xA0, 0xE3, 0x02, 0x10, 0xC0, 0xE5
	.byte 0x1E, 0xFF, 0x2F, 0xE1, 0x03, 0x00, 0xD0, 0xE5, 0x80, 0x0F, 0xA0, 0xE1, 0xA0, 0x0F, 0xA0, 0xE1
	.byte 0x1E, 0xFF, 0x2F, 0xE1, 0xF8, 0x4F, 0x2D, 0xE9, 0xAC, 0x41, 0x9F, 0xE5, 0x01, 0x60, 0xA0, 0xE1
	.byte 0x04, 0x10, 0x94, 0xE5, 0x03, 0x50, 0xA0, 0xE1, 0x01, 0x10, 0xE0, 0xE1, 0x00, 0x00, 0x52, 0xE3
	.byte 0x01, 0x00, 0x00, 0xE0, 0x00, 0x10, 0x94, 0x05, 0x00, 0x40, 0xA0, 0xE3, 0x01, 0x10, 0xE0, 0x01
	.byte 0x01, 0x00, 0x00, 0x00, 0x84, 0x31, 0x9F, 0xE5, 0x84, 0xB1, 0x9F, 0xE5, 0x00, 0x70, 0xA0, 0xE3
	.byte 0x04, 0x90, 0xA0, 0xE1, 0x00, 0x10, 0xE0, 0xE3, 0x09, 0x20, 0xDB, 0xE7, 0x01, 0x80, 0xA0, 0xE3
	.byte 0x18, 0x02, 0x10, 0xE1, 0x1C, 0x00, 0x00, 0x0A, 0x68, 0x81, 0x9F, 0xE5, 0x54, 0xA0, 0xA0, 0xE3
	.byte 0x92, 0x8A, 0x2A, 0xE0, 0x00, 0x00, 0x54, 0xE3, 0x0A, 0x40, 0xA0, 0x01, 0x16, 0x00, 0x00, 0x0A
	.byte 0x22, 0x80, 0xD4, 0xE5, 0x22, 0x20, 0xDA, 0xE5, 0x08, 0x00, 0x52, 0xE1, 0x12, 0x00, 0x00, 0x8A
	.byte 0x10, 0x00, 0x00, 0x1A, 0xB4, 0x22, 0xD4, 0xE1, 0xB4, 0x82, 0xDA, 0xE1, 0x02, 0xCC, 0xA0, 0xE1
	.byte 0x2C, 0xCA, 0xA0, 0xE1, 0x42, 0x24, 0xD3, 0xE7, 0x08, 0xEC, 0xA0, 0xE1, 0x5C, 0x22, 0xA0, 0xE1
	.byte 0x2E, 0xCA, 0xA0, 0xE1, 0x48, 0x84, 0xD3, 0xE7, 0x5C, 0x08, 0x52, 0xE1, 0x02, 0x00, 0x00, 0x0A
	.byte 0x01, 0x20, 0xA0, 0xB3, 0x01, 0x20, 0xA0, 0xA1, 0x00, 0x00, 0x00, 0xEA, 0x07, 0x20, 0xA0, 0xE1
	.byte 0x00, 0x00, 0x52, 0xE3, 0x00, 0x00, 0x00, 0xAA, 0x0A, 0x40, 0xA0, 0xE1, 0x01, 0x90, 0x89, 0xE2
	.byte 0x10, 0x00, 0x59, 0xE3, 0xDB, 0xFF, 0xFF, 0xBA, 0x00, 0x00, 0x54, 0xE3, 0x00, 0x00, 0xA0, 0x03
	.byte 0x33, 0x00, 0x00, 0x0A, 0x22, 0x00, 0xD4, 0xE5, 0x00, 0x00, 0x56, 0xE1, 0x00, 0x00, 0xA0, 0xB3
	.byte 0x2F, 0x00, 0x00, 0xBA, 0x48, 0x30, 0x94, 0xE5, 0x00, 0x00, 0x53, 0xE3, 0x04, 0x00, 0x00, 0x0A
	.byte 0x4C, 0x20, 0x94, 0xE5, 0x04, 0x00, 0xA0, 0xE1, 0x00, 0x10, 0xA0, 0xE3, 0x0F, 0xE0, 0xA0, 0xE1
	.byte 0x13, 0xFF, 0x2F, 0xE1, 0x03, 0x00, 0xD4, 0xE5, 0x7F, 0x20, 0xA0, 0xE3, 0xF8, 0x00, 0xC0, 0xE3
	.byte 0x10, 0x00, 0x80, 0xE3, 0xFF, 0x00, 0x00, 0xE2, 0x01, 0x10, 0xC0, 0xE3, 0x03, 0x10, 0xC4, 0xE5
	.byte 0x50, 0x70, 0x84, 0xE5, 0x28, 0x00, 0x9D, 0xE5, 0x48, 0x50, 0x84, 0xE5, 0x4C, 0x00, 0x84, 0xE5
	.byte 0xFF, 0x00, 0x01, 0xE2, 0x34, 0x70, 0x84, 0xE5, 0x22, 0x60, 0xC4, 0xE5, 0x02, 0x00, 0xC0, 0xE3
	.byte 0xFF, 0x00, 0x00, 0xE2, 0xB4, 0x22, 0xC4, 0xE1, 0x04, 0x00, 0x80, 0xE3, 0x03, 0x00, 0xC4, 0xE5
	.byte 0x3C, 0x00, 0xA0, 0xE3, 0x08, 0x00, 0xC4, 0xE5, 0x05, 0x00, 0xC4, 0xE5, 0x09, 0x20, 0xC4, 0xE5
	.byte 0x0A, 0x70, 0xC4, 0xE5, 0xBC, 0x70, 0xC4, 0xE1, 0xB6, 0x70, 0xC4, 0xE1, 0xBE, 0x70, 0xC4, 0xE1
	.byte 0x0B, 0x70, 0xC4, 0xE5, 0x04, 0x20, 0xC4, 0xE5, 0xB2, 0x73, 0xC4, 0xE1, 0x18, 0x70, 0x84, 0xE5
	.byte 0x14, 0x70, 0x84, 0xE5, 0x30, 0x10, 0x9F, 0xE5, 0x1C, 0x70, 0xC4, 0xE5, 0xBE, 0x11, 0xC4, 0xE1
	.byte 0x1D, 0x20, 0xC4, 0xE5, 0x28, 0x00, 0x84, 0xE2, 0xB0, 0x12, 0xC4, 0xE1, 0xA0, 0x00, 0x00, 0xEB
	.byte 0x04, 0x00, 0xA0, 0xE1, 0xF8, 0x4F, 0xBD, 0xE8, 0x1E, 0xFF, 0x2F, 0xE1, 0x94, 0x9F, 0x80, 0x03
	.byte 0x48, 0x8F, 0x80, 0x03, 0x4C, 0x8F, 0x80, 0x03, 0xBC, 0x9F, 0x80, 0x03, 0xFF, 0xFF, 0x00, 0x00
	.byte 0x00, 0x00, 0x50, 0xE3, 0x00, 0x10, 0xA0, 0x13, 0x48, 0x10, 0x80, 0x15, 0x4C, 0x10, 0x80, 0x15
	.byte 0x1E, 0xFF, 0x2F, 0xE1, 0xF8, 0x4F, 0x2D, 0xE9, 0x00, 0x50, 0xA0, 0xE3, 0x98, 0x70, 0x9F, 0xE5
	.byte 0x98, 0x40, 0x9F, 0xE5, 0x00, 0xA0, 0xA0, 0xE1, 0x05, 0x90, 0xA0, 0xE1, 0x01, 0x60, 0xA0, 0xE3
	.byte 0x54, 0xB0, 0xA0, 0xE3, 0x1A, 0x00, 0x00, 0xEA, 0x01, 0x00, 0x1A, 0xE3, 0x16, 0x00, 0x00, 0x0A
	.byte 0x04, 0x00, 0x94, 0xE5, 0x99, 0x7B, 0x28, 0xE0, 0x16, 0x09, 0x10, 0xE1, 0x12, 0x00, 0x00, 0x1A
	.byte 0x48, 0x30, 0x98, 0xE5, 0x00, 0x00, 0x53, 0xE3, 0x04, 0x00, 0x00, 0x0A, 0x4C, 0x20, 0x98, 0xE5
	.byte 0x08, 0x00, 0xA0, 0xE1, 0x00, 0x10, 0xA0, 0xE3, 0x0F, 0xE0, 0xA0, 0xE1, 0x13, 0xFF, 0x2F, 0xE1
	.byte 0x09, 0x00, 0xA0, 0xE1, 0x05, 0x10, 0xA0, 0xE1, 0xB7, 0xFB, 0xFF, 0xEB, 0x22, 0x50, 0xC8, 0xE5
	.byte 0x08, 0x00, 0xA0, 0xE1, 0xDD, 0xFF, 0xFF, 0xEB, 0x03, 0x00, 0xD8, 0xE5, 0xF8, 0x00, 0xC0, 0xE3
	.byte 0xFF, 0x00, 0x00, 0xE2, 0x01, 0x00, 0xC0, 0xE3, 0x03, 0x00, 0xC8, 0xE5, 0x01, 0x90, 0x89, 0xE2
	.byte 0xAA, 0xA0, 0xA0, 0xE1, 0x10, 0x00, 0x59, 0xE3, 0x01, 0x00, 0x00, 0xAA, 0x00, 0x00, 0x5A, 0xE3
	.byte 0xE0, 0xFF, 0xFF, 0x1A, 0xF8, 0x4F, 0xBD, 0xE8, 0x1E, 0xFF, 0x2F, 0xE1, 0xBC, 0x9F, 0x80, 0x03
	.byte 0x94, 0x9F, 0x80, 0x03, 0xF8, 0x4F, 0x2D, 0xE9, 0x00, 0xA0, 0xA0, 0xE1, 0xBC, 0x40, 0x9F, 0xE5
	.byte 0xBC, 0x50, 0x9F, 0xE5, 0x01, 0x90, 0xA0, 0xE1, 0x0A, 0x70, 0xA0, 0xE1, 0x00, 0x80, 0xA0, 0xE3
	.byte 0x01, 0xB0, 0xA0, 0xE3, 0x1C, 0x00, 0x00, 0xEA, 0x01, 0x00, 0x17, 0xE3, 0x18, 0x00, 0x00, 0x0A
	.byte 0x54, 0x00, 0xA0, 0xE3, 0x04, 0x10, 0x94, 0xE5, 0x98, 0x50, 0x26, 0xE0, 0x1B, 0x08, 0x11, 0xE1
	.byte 0x13, 0x00, 0x00, 0x1A, 0x48, 0x30, 0x96, 0xE5, 0x00, 0x00, 0x53, 0xE3, 0x04, 0x00, 0x00, 0x0A
	.byte 0x4C, 0x20, 0x96, 0xE5, 0x06, 0x00, 0xA0, 0xE1, 0x00, 0x10, 0xA0, 0xE3, 0x0F, 0xE0, 0xA0, 0xE1
	.byte 0x13, 0xFF, 0x2F, 0xE1, 0x08, 0x00, 0xA0, 0xE1, 0x00, 0x10, 0xA0, 0xE3, 0x8A, 0xFB, 0xFF, 0xEB
	.byte 0x00, 0x00, 0xA0, 0xE3, 0x22, 0x00, 0xC6, 0xE5, 0x06, 0x00, 0xA0, 0xE1, 0xAF, 0xFF, 0xFF, 0xEB
	.byte 0x03, 0x00, 0xD6, 0xE5, 0xF8, 0x00, 0xC0, 0xE3, 0xFF, 0x00, 0x00, 0xE2, 0x01, 0x00, 0xC0, 0xE3
	.byte 0x03, 0x00, 0xC6, 0xE5, 0x01, 0x80, 0x88, 0xE2, 0xA7, 0x70, 0xA0, 0xE1, 0x10, 0x00, 0x58, 0xE3
	.byte 0x01, 0x00, 0x00, 0xAA, 0x00, 0x00, 0x57, 0xE3, 0xDE, 0xFF, 0xFF, 0x1A, 0x01, 0x00, 0x19, 0xE3
	.byte 0x00, 0x00, 0x94, 0x15, 0x0A, 0x00, 0x80, 0x11, 0x00, 0x00, 0x84, 0x15, 0x04, 0x00, 0x94, 0x05
	.byte 0x0A, 0x00, 0x80, 0x01, 0x04, 0x00, 0x84, 0x05, 0xF8, 0x4F, 0xBD, 0xE8, 0x1E, 0xFF, 0x2F, 0xE1
	.byte 0x94, 0x9F, 0x80, 0x03, 0xBC, 0x9F, 0x80, 0x03, 0x01, 0x00, 0x11, 0xE3, 0x24, 0x10, 0x9F, 0x15
	.byte 0x00, 0x00, 0xE0, 0x11, 0x00, 0x20, 0x91, 0x15, 0x00, 0x00, 0x02, 0x10, 0x00, 0x00, 0x81, 0x15
	.byte 0x10, 0x10, 0x9F, 0x05, 0x00, 0x00, 0xE0, 0x01, 0x04, 0x20, 0x91, 0x05, 0x00, 0x00, 0x02, 0x00
	.byte 0x04, 0x00, 0x81, 0x05, 0x1E, 0xFF, 0x2F, 0xE1, 0x94, 0x9F, 0x80, 0x03, 0x01, 0x00, 0x10, 0xE3
	.byte 0x0C, 0x00, 0x9F, 0x15, 0x00, 0x00, 0x90, 0x15, 0x04, 0x00, 0x9F, 0x05, 0x04, 0x00, 0x90, 0x05
	.byte 0x1E, 0xFF, 0x2F, 0xE1, 0x94, 0x9F, 0x80, 0x03, 0xF8, 0x43, 0x2D, 0xE9, 0x6C, 0x50, 0x9F, 0xE5
	.byte 0x00, 0x60, 0xA0, 0xE3, 0x00, 0x80, 0xA0, 0xE1, 0x01, 0x70, 0xA0, 0xE1, 0x06, 0x40, 0xA0, 0xE1
	.byte 0x54, 0x90, 0xA0, 0xE3, 0x96, 0x59, 0x22, 0xE0, 0x03, 0x10, 0xD2, 0xE5, 0x81, 0x0F, 0xA0, 0xE1
	.byte 0xA0, 0x0F, 0xB0, 0xE1, 0x0B, 0x00, 0x00, 0x0A, 0x01, 0x00, 0xD2, 0xE5, 0x00, 0x00, 0x50, 0xE3
	.byte 0x08, 0x00, 0x00, 0x1A, 0x44, 0x00, 0x92, 0xE5, 0x00, 0x00, 0x58, 0xE1, 0x07, 0x00, 0x50, 0x91
	.byte 0x04, 0x00, 0x00, 0x8A, 0x02, 0x30, 0xC1, 0xE3, 0x06, 0x00, 0xA0, 0xE1, 0x04, 0x10, 0xA0, 0xE1
	.byte 0x03, 0x30, 0xC2, 0xE5, 0x44, 0xFB, 0xFF, 0xEB, 0x01, 0x00, 0x86, 0xE2, 0xFF, 0x60, 0x00, 0xE2
	.byte 0x10, 0x00, 0x56, 0xE3, 0xEA, 0xFF, 0xFF, 0x3A, 0xF8, 0x43, 0xBD, 0xE8, 0x1E, 0xFF, 0x2F, 0xE1
	.byte 0xBC, 0x9F, 0x80, 0x03, 0x00, 0x30, 0xA0, 0xE3, 0x01, 0x20, 0xA0, 0xE3, 0x10, 0x10, 0xA0, 0xE3
	.byte 0x00, 0x30, 0xC0, 0xE5, 0x02, 0x30, 0xC0, 0xE5, 0x03, 0x20, 0xC0, 0xE5, 0x01, 0x10, 0xC0, 0xE5
	.byte 0xB4, 0x30, 0xC0, 0xE1, 0x1E, 0xFF, 0x2F, 0xE1, 0xB6, 0x20, 0xD0, 0xE1, 0xB4, 0x10, 0xD0, 0xE1
	.byte 0x01, 0x00, 0x52, 0xE1, 0x01, 0x10, 0x82, 0x32, 0xB6, 0x10, 0xC0, 0x31, 0x1E, 0xFF, 0x2F, 0x31
	.byte 0x01, 0x10, 0xD0, 0xE5, 0xB8, 0x20, 0xD0, 0xE1, 0x01, 0xC3, 0xA0, 0xE1, 0x01, 0x13, 0x82, 0xE0
	.byte 0x21, 0x34, 0xA0, 0xE1, 0x00, 0x00, 0x00, 0xEA, 0x80, 0x30, 0x43, 0xE2, 0x80, 0x00, 0x53, 0xE3
	.byte 0xFC, 0xFF, 0xFF, 0x2A, 0xB8, 0x20, 0xD0, 0xE1, 0x0C, 0x18, 0xA0, 0xE1, 0x21, 0x18, 0x82, 0xE0
	.byte 0xB8, 0x10, 0xC0, 0xE1, 0xB8, 0x20, 0xD0, 0xE1, 0x03, 0x1C, 0xA0, 0xE1, 0xFF, 0x20, 0x02, 0xE2
	.byte 0xB8, 0x20, 0xC0, 0xE1, 0xB8, 0x20, 0xD0, 0xE1, 0x21, 0x18, 0x82, 0xE1, 0xB8, 0x10, 0xC0, 0xE1
	.byte 0x1E, 0xFF, 0x2F, 0xE1, 0x10, 0x40, 0x2D, 0xE9, 0x00, 0x40, 0xA0, 0xE1, 0x02, 0x00, 0xD4, 0xE5
	.byte 0x00, 0x00, 0x50, 0xE3, 0x00, 0x00, 0xA0, 0x03, 0x0B, 0x00, 0x00, 0x0A, 0xB6, 0x10, 0xD4, 0xE1
	.byte 0xB4, 0x00, 0xD4, 0xE1, 0x00, 0x00, 0x51, 0xE1, 0x00, 0x00, 0xA0, 0x33, 0x06, 0x00, 0x00, 0x3A
	.byte 0xB8, 0x00, 0xD4, 0xE1, 0x20, 0x04, 0xA0, 0xE1, 0x17, 0xFC, 0xFF, 0xEB, 0x02, 0x10, 0xD4, 0xE5
	.byte 0x03, 0x20, 0xD4, 0xE5, 0x91, 0x00, 0x00, 0xE0, 0x92, 0x00, 0x00, 0xE0, 0x10, 0x40, 0xBD, 0xE8
	.byte 0x1E, 0xFF, 0x2F, 0xE1, 0x08, 0x40, 0x2D, 0xE9, 0x7F, 0x00, 0x50, 0xE3, 0x40, 0x00, 0x9F, 0x05
	.byte 0x0D, 0x00, 0x00, 0x0A, 0x7E, 0x00, 0x50, 0xE3, 0x0F, 0x0B, 0xA0, 0x03, 0x0A, 0x00, 0x00, 0x0A
	.byte 0x32, 0x00, 0x50, 0xE3, 0x80, 0x00, 0xA0, 0xB1, 0x01, 0x00, 0x80, 0xB2, 0x00, 0x08, 0xA0, 0xB1
	.byte 0x20, 0x08, 0xA0, 0xB1, 0x04, 0x00, 0x00, 0xBA, 0x7E, 0x10, 0x60, 0xE2, 0x1E, 0x0C, 0xA0, 0xE3
	.byte 0xF0, 0xE8, 0xFF, 0xEB, 0x00, 0x08, 0xA0, 0xE1, 0x20, 0x08, 0xA0, 0xE1, 0x08, 0x40, 0xBD, 0xE8
	.byte 0x1E, 0xFF, 0x2F, 0xE1, 0xFF, 0xFF, 0x00, 0x00, 0x03, 0x20, 0xD0, 0xE5, 0x28, 0xC0, 0x9F, 0xE5
	.byte 0x00, 0x30, 0xA0, 0xE3, 0x02, 0x20, 0x82, 0xE3, 0x01, 0x20, 0xC2, 0xE3, 0x01, 0x20, 0x82, 0xE3
	.byte 0x10, 0xC0, 0x80, 0xE5, 0x02, 0x30, 0xC0, 0xE5, 0x34, 0x10, 0x80, 0xE5, 0xB0, 0x33, 0xC0, 0xE1
	.byte 0xBE, 0x32, 0xC0, 0xE1, 0x03, 0x20, 0xC0, 0xE5, 0x1E, 0xFF, 0x2F, 0xE1, 0x80, 0x96, 0xFE, 0xFF
	.byte 0x08, 0x40, 0x2D, 0xE9, 0x50, 0x30, 0x9F, 0xE5, 0x00, 0xE0, 0xA0, 0xE3, 0x24, 0x00, 0xA0, 0xE3
	.byte 0x9E, 0x00, 0x02, 0xE0, 0x02, 0x10, 0xD3, 0xE7, 0x02, 0xC0, 0x83, 0xE0, 0x01, 0x10, 0xC1, 0xE3
	.byte 0x02, 0x10, 0xC3, 0xE7, 0x01, 0xE0, 0xCC, 0xE5, 0x01, 0xE0, 0x8E, 0xE2, 0x10, 0x00, 0x5E, 0xE3
	.byte 0xF6, 0xFF, 0xFF, 0xBA, 0x24, 0x10, 0x9F, 0xE5, 0x00, 0x20, 0xA0, 0xE3, 0x02, 0x03, 0xD1, 0xE7
	.byte 0x01, 0x00, 0xC0, 0xE3, 0x02, 0x03, 0xC1, 0xE7, 0x01, 0x20, 0x82, 0xE2, 0x20, 0x00, 0x52, 0xE3
	.byte 0xF9, 0xFF, 0xFF, 0xBA, 0x08, 0x40, 0xBD, 0xE8, 0x1E, 0xFF, 0x2F, 0xE1, 0xFC, 0xA4, 0x80, 0x03
	.byte 0x3C, 0xA7, 0x80, 0x03, 0xF0, 0x47, 0x2D, 0xE9, 0x00, 0x70, 0xA0, 0xE3, 0x00, 0xA0, 0xA0, 0xE1
	.byte 0x07, 0x60, 0xA0, 0xE1, 0x01, 0x40, 0xA0, 0xE3, 0x24, 0x00, 0xA0, 0xE3, 0x96, 0x00, 0x00, 0xE0
	.byte 0x2C, 0x21, 0x9F, 0xE5, 0x00, 0x10, 0xD2, 0xE7, 0x00, 0x50, 0x82, 0xE0, 0x81, 0x0F, 0xA0, 0xE1
	.byte 0xA0, 0x0F, 0xB0, 0xE1, 0x3D, 0x00, 0x00, 0x0A, 0x01, 0x0F, 0xA0, 0xE1, 0xA0, 0x0F, 0xB0, 0xE1
	.byte 0x36, 0x00, 0x00, 0x0A, 0x00, 0x00, 0x5A, 0xE3, 0x28, 0x00, 0x00, 0x0A, 0x81, 0x0E, 0xA0, 0xE1
	.byte 0xA0, 0x0F, 0xB0, 0xE1, 0x25, 0x00, 0x00, 0x1A, 0x00, 0x90, 0xA0, 0xE3, 0x03, 0x00, 0x00, 0xEA
	.byte 0xBC, 0x01, 0xD5, 0xE1, 0x01, 0x90, 0x89, 0xE2, 0xF0, 0x00, 0x40, 0xE2, 0xBC, 0x01, 0xC5, 0xE1
	.byte 0xBC, 0x01, 0xD5, 0xE1, 0xF0, 0x00, 0x50, 0xE3, 0xF8, 0xFF, 0xFF, 0x2A, 0x00, 0x80, 0xA0, 0xE3
	.byte 0x08, 0x00, 0x00, 0xEA, 0x05, 0x00, 0xA0, 0xE1, 0x04, 0x10, 0xA0, 0xE1, 0x2C, 0x03, 0x00, 0xEB
	.byte 0x00, 0x00, 0x50, 0xE3, 0x02, 0x00, 0x00, 0x0A, 0x05, 0x00, 0xA0, 0xE1, 0xAC, 0x02, 0x00, 0xEB
	.byte 0x02, 0x00, 0x00, 0xEA, 0x01, 0x80, 0x88, 0xE2, 0x09, 0x00, 0x58, 0xE1, 0xF4, 0xFF, 0xFF, 0xBA
	.byte 0xA0, 0x00, 0x9F, 0xE5, 0x00, 0x20, 0x90, 0xE5, 0x00, 0x00, 0x52, 0xE3, 0x01, 0x10, 0xD5, 0x15
	.byte 0x24, 0x00, 0xA0, 0x13, 0x91, 0x20, 0x22, 0x10, 0x40, 0x00, 0x92, 0x15, 0x08, 0x00, 0x80, 0x10
	.byte 0x40, 0x00, 0x82, 0x15, 0xB8, 0x21, 0xD5, 0xE1, 0xBA, 0x01, 0xD5, 0xE1, 0xBC, 0x11, 0xD5, 0xE1
	.byte 0x92, 0x00, 0x00, 0xE0, 0x00, 0x04, 0xA0, 0xE1, 0x20, 0x08, 0x81, 0xE0, 0xBC, 0x01, 0xC5, 0xE1
	.byte 0x00, 0x80, 0xA0, 0xE3, 0x05, 0x00, 0xA0, 0xE1, 0x08, 0x10, 0xA0, 0xE1, 0x73, 0x02, 0x00, 0xEB
	.byte 0x00, 0x00, 0x50, 0xE3, 0x02, 0x00, 0x00, 0x0A, 0x05, 0x10, 0xA0, 0xE1, 0x04, 0x20, 0xA0, 0xE1
	.byte 0xB5, 0x02, 0x00, 0xEB, 0x01, 0x80, 0x88, 0xE2, 0x10, 0x00, 0x58, 0xE3, 0xF4, 0xFF, 0xFF, 0xBA
	.byte 0x00, 0x00, 0xD5, 0xE5, 0x80, 0x0F, 0xA0, 0xE1, 0xA0, 0x0F, 0xB0, 0xE1, 0x14, 0x76, 0x87, 0x11
	.byte 0x01, 0x60, 0x86, 0xE2, 0x10, 0x00, 0x56, 0xE3, 0xB6, 0xFF, 0xFF, 0xBA, 0x14, 0x00, 0x9F, 0xE5
	.byte 0x00, 0x00, 0x90, 0xE5, 0x00, 0x00, 0x50, 0xE3, 0x04, 0x70, 0x80, 0x15, 0xF0, 0x47, 0xBD, 0xE8
	.byte 0x1E, 0xFF, 0x2F, 0xE1, 0xFC, 0xA4, 0x80, 0x03, 0xB8, 0x9F, 0x80, 0x03, 0xF0, 0x47, 0x2D, 0xE9
	.byte 0x00, 0x60, 0xA0, 0xE1, 0x24, 0x80, 0xA0, 0xE3, 0x96, 0x08, 0x09, 0xE0, 0x9C, 0xA1, 0x9F, 0xE5
	.byte 0x01, 0x50, 0xA0, 0xE1, 0x09, 0x00, 0xDA, 0xE7, 0x02, 0x40, 0xA0, 0xE1, 0x80, 0x0F, 0xA0, 0xE1
	.byte 0x03, 0x70, 0xA0, 0xE1, 0x09, 0x90, 0x8A, 0xE0, 0xA0, 0x0F, 0xB0, 0xE1, 0x01, 0x00, 0x00, 0x0A
	.byte 0x09, 0x00, 0xA0, 0xE1, 0x6E, 0x02, 0x00, 0xEB, 0x00, 0x10, 0xD9, 0xE5, 0x78, 0x00, 0xA0, 0xE3
	.byte 0x04, 0x10, 0xC1, 0xE3, 0x00, 0x10, 0xC9, 0xE5, 0x20, 0x70, 0x89, 0xE5, 0xB8, 0x01, 0xC9, 0xE1
	.byte 0x01, 0x0C, 0xA0, 0xE3, 0xBA, 0x01, 0xC9, 0xE1, 0xF0, 0x00, 0xA0, 0xE3, 0xBC, 0x01, 0xC9, 0xE1
	.byte 0x7F, 0x00, 0xA0, 0xE3, 0x05, 0x00, 0xC9, 0xE5, 0x00, 0x20, 0xA0, 0xE3, 0xB6, 0x20, 0xC9, 0xE1
	.byte 0x40, 0x00, 0xA0, 0xE3, 0x04, 0x00, 0xC9, 0xE5, 0xFF, 0x10, 0xA0, 0xE3, 0x02, 0x00, 0x89, 0xE0
	.byte 0x01, 0x20, 0x82, 0xE2, 0x08, 0x10, 0xC0, 0xE5, 0x10, 0x00, 0x52, 0xE3, 0xFA, 0xFF, 0xFF, 0xBA
	.byte 0x1C, 0x01, 0x9F, 0xE5, 0x00, 0x10, 0x90, 0xE5, 0x00, 0x00, 0x51, 0xE3, 0x0C, 0x00, 0x00, 0x0A
	.byte 0x01, 0x20, 0xD9, 0xE5, 0x00, 0x70, 0xA0, 0xE3, 0x92, 0x18, 0x21, 0xE0, 0x40, 0x70, 0x81, 0xE5
	.byte 0x00, 0x30, 0xE0, 0xE3, 0x00, 0x10, 0x90, 0xE5, 0x01, 0x20, 0xD9, 0xE5, 0x92, 0x18, 0x21, 0xE0
	.byte 0x87, 0x10, 0x81, 0xE0, 0x01, 0x70, 0x87, 0xE2, 0xB0, 0x32, 0xC1, 0xE1, 0x10, 0x00, 0x57, 0xE3
	.byte 0xF7, 0xFF, 0xFF, 0xBA, 0x6F, 0x05, 0x00, 0xEB, 0x00, 0x80, 0xB0, 0xE1, 0x31, 0x00, 0x00, 0x4A
	.byte 0xD0, 0x70, 0x9F, 0xE5, 0x08, 0xA3, 0x87, 0xE0, 0x0A, 0x00, 0xA0, 0xE1, 0xC1, 0x01, 0x00, 0xEB
	.byte 0x24, 0x50, 0x8A, 0xE5, 0x04, 0x00, 0x85, 0xE0, 0x28, 0x00, 0x8A, 0xE5, 0x08, 0x80, 0xC9, 0xE5
	.byte 0x28, 0x00, 0x9A, 0xE5, 0x68, 0x01, 0x00, 0xEB, 0x0A, 0x00, 0xA0, 0xE1, 0x2A, 0x00, 0x00, 0xEB
	.byte 0xFE, 0x00, 0x50, 0xE3, 0x28, 0x00, 0x9A, 0x15, 0x01, 0x00, 0x40, 0x12, 0x28, 0x00, 0x8A, 0x15
	.byte 0x13, 0x00, 0x00, 0x1A, 0x0A, 0x00, 0xA0, 0xE1, 0x6E, 0x01, 0x00, 0xEB, 0x80, 0x07, 0xA0, 0xE1
	.byte 0x20, 0x88, 0xA0, 0xE1, 0x01, 0x50, 0xA0, 0xE3, 0x0B, 0x00, 0x00, 0xEA, 0x01, 0x00, 0x18, 0xE3
	.byte 0x06, 0x00, 0x00, 0x0A, 0x53, 0x05, 0x00, 0xEB, 0x00, 0x40, 0xB0, 0xE1, 0x08, 0x00, 0x00, 0x4A
	.byte 0x04, 0x03, 0x87, 0xE0, 0xA7, 0x01, 0x00, 0xEB, 0x05, 0x00, 0x89, 0xE0, 0x08, 0x40, 0xC0, 0xE5
	.byte 0x88, 0x07, 0xA0, 0xE1, 0x01, 0x50, 0x85, 0xE2, 0x20, 0x88, 0xA0, 0xE1, 0x00, 0x00, 0x58, 0xE3
	.byte 0xF1, 0xFF, 0xFF, 0x1A, 0x00, 0x10, 0xD9, 0xE5, 0x34, 0x00, 0x9F, 0xE5, 0x01, 0x10, 0xC1, 0xE3
	.byte 0x00, 0x20, 0x90, 0xE5, 0x01, 0x00, 0x81, 0xE3, 0xFF, 0x00, 0x00, 0xE2, 0x02, 0x00, 0xC0, 0xE3
	.byte 0x00, 0x00, 0xC9, 0xE5, 0x00, 0x00, 0x52, 0xE3, 0x04, 0x10, 0x92, 0x15, 0x01, 0x00, 0xA0, 0x13
	.byte 0x10, 0x06, 0x81, 0x11, 0x04, 0x00, 0x82, 0x15, 0xF0, 0x47, 0xBD, 0xE8, 0x1E, 0xFF, 0x2F, 0xE1
	.byte 0xFC, 0xA4, 0x80, 0x03, 0xB8, 0x9F, 0x80, 0x03, 0x3C, 0xA7, 0x80, 0x03, 0x38, 0x40, 0x2D, 0xE9
	.byte 0x4C, 0x10, 0x9F, 0xE5, 0x00, 0x50, 0xA0, 0xE1, 0x28, 0x40, 0x95, 0xE5, 0x04, 0x00, 0x91, 0xE5
	.byte 0x00, 0x00, 0x54, 0xE1, 0x02, 0x00, 0x00, 0x3A, 0x08, 0x00, 0x91, 0xE5, 0x00, 0x00, 0x54, 0xE1
	.byte 0x01, 0x00, 0x00, 0x3A, 0x04, 0x00, 0xA0, 0xE1, 0x2F, 0x01, 0x00, 0xEB, 0x20, 0x00, 0x9F, 0xE5
	.byte 0x28, 0x10, 0x95, 0xE5, 0x04, 0x20, 0x90, 0xE5, 0x18, 0x00, 0x9F, 0xE5, 0x02, 0x20, 0x44, 0xE0
	.byte 0x02, 0x00, 0xD0, 0xE7, 0x01, 0x10, 0x81, 0xE2, 0x28, 0x10, 0x85, 0xE5, 0x38, 0x40, 0xBD, 0xE8
	.byte 0x1E, 0xFF, 0x2F, 0xE1, 0x9C, 0x9F, 0x80, 0x03, 0xA8, 0x9F, 0x80, 0x03, 0x24, 0x10, 0xA0, 0xE3
	.byte 0x90, 0x01, 0x01, 0xE0, 0x0C, 0x20, 0x9F, 0xE5, 0x01, 0x00, 0xD2, 0xE7, 0x02, 0x00, 0x80, 0xE3
	.byte 0x01, 0x00, 0xC2, 0xE7, 0x1E, 0xFF, 0x2F, 0xE1, 0xFC, 0xA4, 0x80, 0x03, 0x10, 0x40, 0x2D, 0xE9
	.byte 0x00, 0x40, 0xA0, 0xE1, 0x6C, 0xFF, 0xFF, 0xEB, 0x24, 0x00, 0xA0, 0xE3, 0x94, 0x00, 0x01, 0xE0
	.byte 0x10, 0x20, 0x9F, 0xE5, 0x01, 0x00, 0xD2, 0xE7, 0x02, 0x00, 0x80, 0xE3, 0x01, 0x00, 0xC2, 0xE7
	.byte 0x10, 0x40, 0xBD, 0xE8, 0x1E, 0xFF, 0x2F, 0xE1, 0xFC, 0xA4, 0x80, 0x03, 0x10, 0x40, 0x2D, 0xE9
	.byte 0x00, 0x40, 0xA0, 0xE1, 0x24, 0x00, 0xA0, 0xE3, 0x94, 0x00, 0x01, 0xE0, 0x3C, 0x20, 0x9F, 0xE5
	.byte 0x01, 0x00, 0xD2, 0xE7, 0x80, 0x0F, 0xA0, 0xE1, 0xA0, 0x0F, 0xB0, 0xE1, 0x09, 0x00, 0x00, 0x0A
	.byte 0x01, 0x00, 0x82, 0xE0, 0xD6, 0x01, 0x00, 0xEB, 0x24, 0x00, 0x9F, 0xE5, 0x00, 0x20, 0x90, 0xE5
	.byte 0x00, 0x00, 0x52, 0xE3, 0x01, 0x00, 0xA0, 0x13, 0x04, 0x10, 0x92, 0x15, 0x10, 0x04, 0xE0, 0x11
	.byte 0x00, 0x00, 0x01, 0x10, 0x04, 0x00, 0x82, 0x15, 0x10, 0x40, 0xBD, 0xE8, 0x1E, 0xFF, 0x2F, 0xE1
	.byte 0xFC, 0xA4, 0x80, 0x03, 0xB8, 0x9F, 0x80, 0x03, 0xF0, 0x41, 0x2D, 0xE9, 0x24, 0x20, 0xA0, 0xE3
	.byte 0x90, 0x02, 0x04, 0xE0, 0x60, 0x50, 0x9F, 0xE5, 0xFF, 0x00, 0x01, 0xE2, 0x04, 0x20, 0xD5, 0xE7
	.byte 0x80, 0x0F, 0xA0, 0xE1, 0x04, 0x20, 0xC2, 0xE3, 0xA0, 0x0E, 0x82, 0xE1, 0x04, 0x00, 0xC5, 0xE7
	.byte 0x00, 0x00, 0x51, 0xE3, 0x0E, 0x00, 0x00, 0x0A, 0x00, 0x80, 0xA0, 0xE3, 0x7F, 0x60, 0xA0, 0xE3
	.byte 0x08, 0x10, 0xA0, 0xE1, 0x04, 0x00, 0x85, 0xE0, 0x98, 0x01, 0x00, 0xEB, 0x00, 0x70, 0xB0, 0xE1
	.byte 0x04, 0x00, 0x00, 0x0A, 0x06, 0x20, 0xA0, 0xE1, 0x04, 0x10, 0x85, 0xE0, 0x6C, 0x01, 0x00, 0xEB
	.byte 0x07, 0x00, 0xA0, 0xE1, 0x84, 0x01, 0x00, 0xEB, 0x01, 0x80, 0x88, 0xE2, 0x10, 0x00, 0x58, 0xE3
	.byte 0xF2, 0xFF, 0xFF, 0xBA, 0xF0, 0x41, 0xBD, 0xE8, 0x1E, 0xFF, 0x2F, 0xE1, 0xFC, 0xA4, 0x80, 0x03
	.byte 0xF8, 0x43, 0x2D, 0xE9, 0xB4, 0x30, 0x9F, 0xE5, 0x24, 0x20, 0xA0, 0xE3, 0x90, 0x32, 0x27, 0xE0
	.byte 0x00, 0x50, 0xA0, 0xE3, 0x01, 0x90, 0xA0, 0xE1, 0x05, 0x80, 0xA0, 0xE1, 0x7F, 0x40, 0xA0, 0xE3
	.byte 0x07, 0x00, 0xA0, 0xE1, 0x08, 0x10, 0xA0, 0xE1, 0x80, 0x01, 0x00, 0xEB, 0x00, 0x60, 0xB0, 0xE1
	.byte 0x04, 0x00, 0x00, 0x0A, 0x07, 0x10, 0xA0, 0xE1, 0x04, 0x20, 0xA0, 0xE1, 0x54, 0x01, 0x00, 0xEB
	.byte 0x06, 0x00, 0xA0, 0xE1, 0x6C, 0x01, 0x00, 0xEB, 0x01, 0x80, 0x88, 0xE2, 0x10, 0x00, 0x58, 0xE3
	.byte 0xF2, 0xFF, 0xFF, 0xBA, 0xE7, 0xFA, 0xFF, 0xEB, 0x00, 0x40, 0xA0, 0xE3, 0x08, 0x00, 0x00, 0xEA
	.byte 0x07, 0x00, 0xA0, 0xE1, 0x05, 0x10, 0xA0, 0xE1, 0x0D, 0x02, 0x00, 0xEB, 0x00, 0x00, 0x50, 0xE3
	.byte 0x02, 0x00, 0x00, 0x0A, 0x07, 0x00, 0xA0, 0xE1, 0x8D, 0x01, 0x00, 0xEB, 0x02, 0x00, 0x00, 0xEA
	.byte 0x01, 0x40, 0x84, 0xE2, 0x09, 0x00, 0x54, 0xE1, 0xF4, 0xFF, 0xFF, 0x3A, 0xC7, 0xFA, 0xFF, 0xEB
	.byte 0x2C, 0x00, 0x9F, 0xE5, 0x00, 0x30, 0x90, 0xE5, 0x00, 0x00, 0x53, 0xE3, 0x01, 0x10, 0xD7, 0x15
	.byte 0x24, 0x00, 0xA0, 0x13, 0x91, 0x00, 0x02, 0x10, 0x40, 0x10, 0x83, 0x12, 0x02, 0x00, 0x91, 0x17
	.byte 0x04, 0x00, 0x80, 0x10, 0x02, 0x00, 0x81, 0x17, 0xF8, 0x43, 0xBD, 0xE8, 0x1E, 0xFF, 0x2F, 0xE1
	.byte 0xFC, 0xA4, 0x80, 0x03, 0xB8, 0x9F, 0x80, 0x03, 0xF0, 0x41, 0x2D, 0xE9, 0x24, 0x30, 0xA0, 0xE3
	.byte 0x90, 0x03, 0x04, 0xE0, 0x54, 0x50, 0x9F, 0xE5, 0x01, 0x80, 0xA0, 0xE1, 0x02, 0x70, 0xA0, 0xE1
	.byte 0x00, 0x60, 0xA0, 0xE3, 0x0B, 0x00, 0x00, 0xEA, 0x01, 0x00, 0x18, 0xE3, 0x07, 0x00, 0x00, 0x0A
	.byte 0x06, 0x10, 0xA0, 0xE1, 0x04, 0x00, 0x85, 0xE0, 0x4C, 0x01, 0x00, 0xEB, 0x00, 0x00, 0x50, 0xE3
	.byte 0x02, 0x00, 0x00, 0x0A, 0x07, 0x20, 0xA0, 0xE1, 0x04, 0x10, 0x85, 0xE0, 0xA1, 0x04, 0x00, 0xEB
	.byte 0x01, 0x60, 0x86, 0xE2, 0xA8, 0x80, 0xA0, 0xE1, 0x10, 0x00, 0x56, 0xE3, 0x01, 0x00, 0x00, 0xAA
	.byte 0x00, 0x00, 0x58, 0xE3, 0xEF, 0xFF, 0xFF, 0x1A, 0xF0, 0x41, 0xBD, 0xE8, 0x1E, 0xFF, 0x2F, 0xE1
	.byte 0xFC, 0xA4, 0x80, 0x03, 0xF0, 0x41, 0x2D, 0xE9, 0x24, 0x30, 0xA0, 0xE3, 0x90, 0x03, 0x04, 0xE0
	.byte 0x02, 0x08, 0xA0, 0xE1, 0x54, 0x50, 0x9F, 0xE5, 0x01, 0x70, 0xA0, 0xE1, 0x00, 0x60, 0xA0, 0xE3
	.byte 0x20, 0x88, 0xA0, 0xE1, 0x0B, 0x00, 0x00, 0xEA, 0x01, 0x00, 0x17, 0xE3, 0x07, 0x00, 0x00, 0x0A
	.byte 0x06, 0x10, 0xA0, 0xE1, 0x04, 0x00, 0x85, 0xE0, 0x30, 0x01, 0x00, 0xEB, 0x00, 0x00, 0x50, 0xE3
	.byte 0xBE, 0x81, 0xC0, 0x11, 0x00, 0x10, 0xD0, 0x15, 0x80, 0x10, 0x81, 0x13, 0x00, 0x10, 0xC0, 0x15
	.byte 0x01, 0x60, 0x86, 0xE2, 0xA7, 0x70, 0xA0, 0xE1, 0x10, 0x00, 0x56, 0xE3, 0x01, 0x00, 0x00, 0xAA
	.byte 0x00, 0x00, 0x57, 0xE3, 0xEF, 0xFF, 0xFF, 0x1A, 0xF0, 0x41, 0xBD, 0xE8, 0x1E, 0xFF, 0x2F, 0xE1
	.byte 0xFC, 0xA4, 0x80, 0x03, 0xF8, 0x4F, 0x2D, 0xE9, 0x7C, 0x60, 0x9F, 0xE5, 0x00, 0x70, 0xA0, 0xE3
	.byte 0x00, 0xA0, 0xA0, 0xE1, 0x01, 0x90, 0xA0, 0xE1, 0x07, 0xB0, 0xA0, 0xE1, 0x24, 0x40, 0xA0, 0xE3
	.byte 0x97, 0x04, 0x05, 0xE0, 0x05, 0x00, 0xD6, 0xE7, 0x80, 0x0F, 0xA0, 0xE1, 0xA0, 0x0F, 0xB0, 0xE1
	.byte 0x10, 0x00, 0x00, 0x0A, 0x0B, 0x80, 0xA0, 0xE1, 0x0C, 0x00, 0x00, 0xEA, 0x08, 0x10, 0xA0, 0xE1
	.byte 0x05, 0x00, 0x86, 0xE0, 0x11, 0x01, 0x00, 0xEB, 0x00, 0x00, 0x50, 0xE3, 0x06, 0x00, 0x00, 0x0A
	.byte 0x28, 0x00, 0x90, 0xE5, 0x00, 0x00, 0x5A, 0xE1, 0x09, 0x00, 0x50, 0x91, 0x02, 0x00, 0x00, 0x8A
	.byte 0x05, 0x00, 0x86, 0xE0, 0x2A, 0x01, 0x00, 0xEB, 0x02, 0x00, 0x00, 0xEA, 0x01, 0x80, 0x88, 0xE2
	.byte 0x10, 0x00, 0x58, 0xE3, 0xF0, 0xFF, 0xFF, 0xBA, 0x01, 0x70, 0x87, 0xE2, 0x10, 0x00, 0x57, 0xE3
	.byte 0xE6, 0xFF, 0xFF, 0xBA, 0xF8, 0x4F, 0xBD, 0xE8, 0x1E, 0xFF, 0x2F, 0xE1, 0xFC, 0xA4, 0x80, 0x03
	.byte 0xF0, 0x41, 0x2D, 0xE9, 0x4C, 0x40, 0x9F, 0xE5, 0x00, 0x70, 0xA0, 0xE1, 0x01, 0x60, 0xA0, 0xE1
	.byte 0x00, 0x50, 0xA0, 0xE3, 0x24, 0x80, 0xA0, 0xE3, 0x95, 0x08, 0x00, 0xE0, 0x00, 0x10, 0xD4, 0xE7
	.byte 0x00, 0x00, 0x84, 0xE0, 0x81, 0x1F, 0xA0, 0xE1, 0xA1, 0x1F, 0xB0, 0xE1, 0x04, 0x00, 0x00, 0x0A
	.byte 0x20, 0x10, 0x90, 0xE5, 0x01, 0x00, 0x57, 0xE1, 0x06, 0x00, 0x51, 0x91, 0x00, 0x00, 0x00, 0x8A
	.byte 0x0F, 0x01, 0x00, 0xEB, 0x01, 0x50, 0x85, 0xE2, 0x10, 0x00, 0x55, 0xE3, 0xF1, 0xFF, 0xFF, 0xBA
	.byte 0xF0, 0x41, 0xBD, 0xE8, 0x1E, 0xFF, 0x2F, 0xE1, 0xFC, 0xA4, 0x80, 0x03, 0x08, 0x40, 0x2D, 0xE9
	.byte 0x34, 0xE0, 0x9F, 0xE5, 0x24, 0xC0, 0xA0, 0xE3, 0x90, 0xEC, 0x2C, 0xE0, 0x01, 0x00, 0x53, 0xE3
	.byte 0x04, 0x00, 0x00, 0x0A, 0x02, 0x00, 0x53, 0xE3, 0x04, 0x00, 0x00, 0x0A, 0x04, 0x00, 0x53, 0xE3
	.byte 0x01, 0x20, 0x8C, 0x07, 0x02, 0x00, 0x00, 0xEA, 0x01, 0x20, 0xCC, 0xE7, 0x00, 0x00, 0x00, 0xEA
	.byte 0xB1, 0x20, 0x8C, 0xE1, 0x08, 0x40, 0xBD, 0xE8, 0x1E, 0xFF, 0x2F, 0xE1, 0xFC, 0xA4, 0x80, 0x03
	.byte 0xF8, 0x4F, 0x2D, 0xE9, 0x24, 0x40, 0xA0, 0xE3, 0x90, 0x04, 0x05, 0xE0, 0x03, 0x80, 0xA0, 0xE1
	.byte 0x08, 0x08, 0xA0, 0xE1, 0x28, 0x70, 0x9D, 0xE5, 0x01, 0xA0, 0xA0, 0xE1, 0x02, 0x90, 0xA0, 0xE1
	.byte 0x00, 0x60, 0xA0, 0xE3, 0x20, 0xB8, 0xA0, 0xE1, 0xFF, 0x40, 0x08, 0xE2, 0x13, 0x00, 0x00, 0xEA
	.byte 0x01, 0x00, 0x1A, 0xE3, 0x0F, 0x00, 0x00, 0x0A, 0x58, 0x00, 0x9F, 0xE5, 0x06, 0x10, 0xA0, 0xE1
	.byte 0x05, 0x00, 0x80, 0xE0, 0xC5, 0x00, 0x00, 0xEB, 0x00, 0x00, 0x50, 0xE3, 0x09, 0x00, 0x00, 0x0A
	.byte 0x01, 0x00, 0x57, 0xE3, 0x04, 0x00, 0x00, 0x0A, 0x02, 0x00, 0x57, 0xE3, 0x04, 0x00, 0x00, 0x0A
	.byte 0x04, 0x00, 0x57, 0xE3, 0x09, 0x80, 0x80, 0x07, 0x02, 0x00, 0x00, 0xEA, 0x09, 0x40, 0xC0, 0xE7
	.byte 0x00, 0x00, 0x00, 0xEA, 0xB9, 0xB0, 0x80, 0xE1, 0x01, 0x60, 0x86, 0xE2, 0xAA, 0xA0, 0xA0, 0xE1
	.byte 0x10, 0x00, 0x56, 0xE3, 0x01, 0x00, 0x00, 0xAA, 0x00, 0x00, 0x5A, 0xE3, 0xE7, 0xFF, 0xFF, 0x1A
	.byte 0xF8, 0x4F, 0xBD, 0xE8, 0x1E, 0xFF, 0x2F, 0xE1, 0xFC, 0xA4, 0x80, 0x03, 0x30, 0x10, 0x9F, 0xE5
	.byte 0x03, 0x20, 0xC0, 0xE3, 0x04, 0x20, 0x81, 0xE5, 0x10, 0x00, 0x82, 0xE2, 0x08, 0x00, 0x81, 0xE5
	.byte 0x00, 0x00, 0x92, 0xE5, 0x0C, 0x00, 0x81, 0xE5, 0x04, 0x00, 0x92, 0xE5, 0x10, 0x00, 0x81, 0xE5
	.byte 0x08, 0x00, 0x92, 0xE5, 0x14, 0x00, 0x81, 0xE5, 0x0C, 0x00, 0x92, 0xE5, 0x18, 0x00, 0x81, 0xE5
	.byte 0x1E, 0xFF, 0x2F, 0xE1, 0x9C, 0x9F, 0x80, 0x03, 0x38, 0x40, 0x2D, 0xE9, 0x00, 0x50, 0xA0, 0xE1
	.byte 0xB1, 0xFE, 0xFF, 0xEB, 0x00, 0x40, 0xA0, 0xE1, 0x05, 0x00, 0xA0, 0xE1, 0xAE, 0xFE, 0xFF, 0xEB
	.byte 0x00, 0x0C, 0xA0, 0xE1, 0x20, 0x08, 0x84, 0xE1, 0x38, 0x40, 0xBD, 0xE8, 0x1E, 0xFF, 0x2F, 0xE1
	.byte 0x38, 0x40, 0x2D, 0xE9, 0x00, 0x50, 0xA0, 0xE1, 0xA7, 0xFE, 0xFF, 0xEB, 0x00, 0x40, 0xA0, 0xE1
	.byte 0x05, 0x00, 0xA0, 0xE1, 0xA4, 0xFE, 0xFF, 0xEB, 0x00, 0x44, 0x84, 0xE1, 0x05, 0x00, 0xA0, 0xE1
	.byte 0xA1, 0xFE, 0xFF, 0xEB, 0x00, 0x08, 0x84, 0xE1, 0x38, 0x40, 0xBD, 0xE8, 0x1E, 0xFF, 0x2F, 0xE1
	.byte 0x70, 0x40, 0x2D, 0xE9, 0x00, 0x40, 0xA0, 0xE1, 0x01, 0x60, 0xA0, 0xE1, 0x04, 0x00, 0x52, 0xE3
	.byte 0x25, 0x00, 0x00, 0x8A, 0x82, 0x10, 0x8F, 0xE0, 0xB4, 0x10, 0xD1, 0xE1, 0x01, 0xF0, 0x8F, 0xE0
	.byte 0x08, 0x00, 0x14, 0x00, 0x1C, 0x00, 0x58, 0x00, 0x3C, 0x00, 0x3A, 0x00, 0x92, 0xFE, 0xFF, 0xEB
	.byte 0x00, 0x50, 0xA0, 0xE1, 0x1C, 0x00, 0x00, 0xEA, 0xDA, 0xFF, 0xFF, 0xEB, 0xFB, 0xFF, 0xFF, 0xEA
	.byte 0x00, 0x50, 0xA0, 0xE3, 0x04, 0x00, 0xA0, 0xE1, 0x8B, 0xFE, 0xFF, 0xEB, 0x7F, 0x10, 0x00, 0xE2
	.byte 0x80, 0x00, 0x10, 0xE3, 0x85, 0x53, 0x81, 0xE1, 0xF9, 0xFF, 0xFF, 0x1A, 0x12, 0x00, 0x00, 0xEA
	.byte 0x85, 0xFE, 0xFF, 0xEB, 0x00, 0x10, 0xA0, 0xE1, 0x06, 0x00, 0xA0, 0xE1, 0xA9, 0x03, 0x00, 0xEB
	.byte 0x00, 0x00, 0x50, 0xE3, 0xF0, 0x50, 0xD0, 0x11, 0x0B, 0x00, 0x00, 0xEA, 0xC9, 0xFF, 0xFF, 0xEB
	.byte 0x00, 0x58, 0xA0, 0xE1, 0x04, 0x00, 0xA0, 0xE1, 0xC6, 0xFF, 0xFF, 0xEB, 0x00, 0x08, 0xA0, 0xE1
	.byte 0x40, 0x48, 0xA0, 0xE1, 0x9E, 0xF9, 0xFF, 0xEB, 0x45, 0x18, 0x44, 0xE0, 0x01, 0x10, 0x81, 0xE2
	.byte 0x90, 0x01, 0x01, 0xE0, 0x41, 0x08, 0xA0, 0xE1, 0x45, 0x58, 0x80, 0xE0, 0x05, 0x00, 0xA0, 0xE1
	.byte 0x70, 0x40, 0xBD, 0xE8, 0x1E, 0xFF, 0x2F, 0xE1, 0xF8, 0x40, 0x2D, 0xE9, 0x00, 0x50, 0xA0, 0xE1
	.byte 0x00, 0x00, 0xD5, 0xE5, 0x00, 0x40, 0xA0, 0xE3, 0x02, 0x00, 0x80, 0xE3, 0x04, 0x00, 0xC0, 0xE3
	.byte 0xFF, 0x00, 0x00, 0xE2, 0x08, 0x00, 0xC0, 0xE3, 0xFF, 0x00, 0x00, 0xE2, 0x10, 0x00, 0xC0, 0xE3
	.byte 0xFF, 0x00, 0x00, 0xE2, 0x20, 0x00, 0xC0, 0xE3, 0xFF, 0x00, 0x00, 0xE2, 0xFF, 0xC0, 0xA0, 0xE3
	.byte 0x7F, 0xE0, 0xA0, 0xE3, 0x40, 0x00, 0x80, 0xE3, 0x80, 0x70, 0xC0, 0xE3, 0xFF, 0x1C, 0x8C, 0xE2
	.byte 0x40, 0x60, 0xA0, 0xE3, 0x02, 0x30, 0xA0, 0xE3, 0x3C, 0x20, 0xA0, 0xE3, 0x18, 0x00, 0x85, 0xE2
	.byte 0x24, 0x40, 0x85, 0xE5, 0x28, 0x40, 0x85, 0xE5, 0x00, 0x70, 0xC5, 0xE5, 0x3B, 0x40, 0xC5, 0xE5
	.byte 0xB2, 0x40, 0xC5, 0xE1, 0x12, 0x60, 0xC5, 0xE5, 0x04, 0xE0, 0xC5, 0xE5, 0x05, 0xE0, 0xC5, 0xE5
	.byte 0xBA, 0x40, 0xC5, 0xE1, 0x08, 0x40, 0xC5, 0xE5, 0x09, 0x40, 0xC5, 0xE5, 0x06, 0x40, 0xC5, 0xE5
	.byte 0xBC, 0x40, 0xC5, 0xE1, 0x0E, 0xC0, 0xC5, 0xE5, 0x0F, 0xC0, 0xC5, 0xE5, 0x10, 0xC0, 0xC5, 0xE5
	.byte 0x11, 0xC0, 0xC5, 0xE5, 0x01, 0xE0, 0xC5, 0xE5, 0x07, 0x30, 0xC5, 0xE5, 0x14, 0x20, 0xC5, 0xE5
	.byte 0x15, 0x40, 0xC5, 0xE5, 0xB6, 0x41, 0xC5, 0xE1, 0x13, 0x40, 0xC5, 0xE5, 0xBE, 0x11, 0xC5, 0xE1
	.byte 0x07, 0xFD, 0xFF, 0xEB, 0x20, 0x40, 0x85, 0xE5, 0x3C, 0x40, 0x85, 0xE5, 0xF8, 0x40, 0xBD, 0xE8
	.byte 0x1E, 0xFF, 0x2F, 0xE1, 0x02, 0x20, 0x81, 0xE0, 0x24, 0x10, 0x80, 0xE5, 0x28, 0x20, 0x80, 0xE5
	.byte 0x1E, 0xFF, 0x2F, 0xE1, 0xF8, 0x40, 0x2D, 0xE9, 0x02, 0x70, 0xA0, 0xE1, 0x00, 0x40, 0xA0, 0xE1
	.byte 0x00, 0x20, 0xA0, 0xE3, 0x68, 0x00, 0x00, 0xEB, 0x3C, 0x50, 0x94, 0xE5, 0xFF, 0x60, 0x07, 0xE2
	.byte 0x01, 0x40, 0xA0, 0xE3, 0x0C, 0x00, 0x00, 0xEA, 0x05, 0x00, 0xA0, 0xE1, 0xE4, 0xFB, 0xFF, 0xEB
	.byte 0x00, 0x00, 0x50, 0xE3, 0x07, 0x00, 0x00, 0x0A, 0x00, 0x00, 0x57, 0xE3, 0x02, 0x00, 0x00, 0xBA
	.byte 0x05, 0x00, 0xA0, 0xE1, 0x06, 0x10, 0xA0, 0xE1, 0xD3, 0xFB, 0xFF, 0xEB, 0x05, 0x00, 0xA0, 0xE1
	.byte 0x22, 0x40, 0xC5, 0xE5, 0xD7, 0xFB, 0xFF, 0xEB, 0x50, 0x50, 0x95, 0xE5, 0x00, 0x00, 0x55, 0xE3
	.byte 0xF0, 0xFF, 0xFF, 0x1A, 0xF8, 0x40, 0xBD, 0xE8, 0x1E, 0xFF, 0x2F, 0xE1, 0x38, 0x40, 0x2D, 0xE9
	.byte 0x00, 0x50, 0xA0, 0xE1, 0x3C, 0x40, 0x95, 0xE5, 0x02, 0x00, 0x00, 0xEA, 0x04, 0x00, 0xA0, 0xE1
	.byte 0x46, 0xFC, 0xFF, 0xEB, 0x50, 0x40, 0x94, 0xE5, 0x00, 0x00, 0x54, 0xE3, 0xFA, 0xFF, 0xFF, 0x1A
	.byte 0x00, 0x00, 0xA0, 0xE3, 0x3C, 0x00, 0x85, 0xE5, 0x38, 0x40, 0xBD, 0xE8, 0x1E, 0xFF, 0x2F, 0xE1
	.byte 0x0F, 0x00, 0x51, 0xE3, 0x00, 0x00, 0xA0, 0xC3, 0x1E, 0xFF, 0x2F, 0xC1, 0x01, 0x00, 0x80, 0xE0
	.byte 0x08, 0x10, 0xD0, 0xE5, 0xFF, 0x00, 0x51, 0xE3, 0x00, 0x00, 0xA0, 0x03, 0x04, 0x00, 0x9F, 0x15
	.byte 0x01, 0x03, 0x80, 0x10, 0x1E, 0xFF, 0x2F, 0xE1, 0x3C, 0xA7, 0x80, 0x03, 0x70, 0x40, 0x2D, 0xE9
	.byte 0x00, 0x60, 0xA0, 0xE1, 0x01, 0x40, 0xA0, 0xE1, 0xF0, 0xFF, 0xFF, 0xEB, 0x00, 0x50, 0xB0, 0xE1
	.byte 0x0C, 0x00, 0x00, 0x0A, 0x06, 0x10, 0xA0, 0xE1, 0x00, 0x20, 0xE0, 0xE3, 0xC4, 0xFF, 0xFF, 0xEB
	.byte 0x05, 0x00, 0xA0, 0xE1, 0xDC, 0xFF, 0xFF, 0xEB, 0x08, 0xC0, 0x86, 0xE2, 0x04, 0x20, 0xDC, 0xE7
	.byte 0x18, 0x30, 0x9F, 0xE5, 0xFF, 0x00, 0xA0, 0xE3, 0x02, 0x13, 0xD3, 0xE7, 0x01, 0x10, 0xC1, 0xE3
	.byte 0x02, 0x13, 0xC3, 0xE7, 0x04, 0x00, 0xCC, 0xE7, 0x70, 0x40, 0xBD, 0xE8, 0x1E, 0xFF, 0x2F, 0xE1
	.byte 0x3C, 0xA7, 0x80, 0x03, 0x38, 0x40, 0x2D, 0xE9, 0x00, 0x50, 0xA0, 0xE1, 0x00, 0x40, 0xA0, 0xE3
	.byte 0x05, 0x00, 0xA0, 0xE1, 0x04, 0x10, 0xA0, 0xE1, 0xE3, 0xFF, 0xFF, 0xEB, 0x01, 0x40, 0x84, 0xE2
	.byte 0x10, 0x00, 0x54, 0xE3, 0xF9, 0xFF, 0xFF, 0xBA, 0x00, 0x00, 0xD5, 0xE5, 0x01, 0x00, 0xC0, 0xE3
	.byte 0x00, 0x00, 0xC5, 0xE5, 0x38, 0x40, 0xBD, 0xE8, 0x1E, 0xFF, 0x2F, 0xE1, 0x38, 0x40, 0x2D, 0xE9
	.byte 0x00, 0x50, 0xA0, 0xE1, 0x02, 0x40, 0xA0, 0xE1, 0x01, 0x00, 0x51, 0xE3, 0x02, 0x00, 0x00, 0x1A
	.byte 0x00, 0x10, 0xA0, 0xE3, 0x22, 0x10, 0xC5, 0xE5, 0x08, 0xFC, 0xFF, 0xEB, 0x3C, 0x10, 0x94, 0xE5
	.byte 0x05, 0x00, 0x51, 0xE1, 0x07, 0x00, 0x00, 0x1A, 0x50, 0x00, 0x95, 0xE5, 0x3C, 0x00, 0x84, 0xE5
	.byte 0x07, 0x00, 0x00, 0xEA, 0x05, 0x00, 0x50, 0xE1, 0x50, 0x00, 0x95, 0x05, 0x50, 0x00, 0x81, 0x05
	.byte 0x03, 0x00, 0x00, 0x0A, 0x00, 0x10, 0xA0, 0xE1, 0x50, 0x00, 0x91, 0xE5, 0x00, 0x00, 0x50, 0xE3
	.byte 0xF7, 0xFF, 0xFF, 0x1A, 0x38, 0x40, 0xBD, 0xE8, 0x1E, 0xFF, 0x2F, 0xE1, 0xF8, 0x4F, 0x2D, 0xE9
	.byte 0x00, 0xA0, 0xA0, 0xE1, 0x07, 0x00, 0xDA, 0xE5, 0x04, 0x60, 0xDA, 0xE5, 0x05, 0x30, 0xDA, 0xE5
	.byte 0x05, 0xB0, 0xD1, 0xE5, 0x00, 0x53, 0xA0, 0xE1, 0x83, 0x80, 0xA0, 0xE1, 0x01, 0x40, 0xDA, 0xE5
	.byte 0xD6, 0x70, 0xDA, 0xE1, 0x86, 0x90, 0xA0, 0xE1, 0x20, 0x01, 0x9F, 0xE5, 0x97, 0x05, 0x06, 0xE0
	.byte 0x8B, 0x30, 0xA0, 0xE1, 0xF9, 0x90, 0x90, 0xE1, 0xF8, 0x70, 0x90, 0xE1, 0xF3, 0x00, 0x90, 0xE1
	.byte 0x07, 0x80, 0x89, 0xE0, 0xD8, 0x30, 0xDA, 0xE1, 0x7F, 0x00, 0x54, 0xE3, 0x93, 0x04, 0x04, 0x10
	.byte 0x40, 0x30, 0x84, 0x12, 0x02, 0x49, 0xA0, 0xE3, 0xFC, 0x50, 0xDA, 0xE1, 0x02, 0x90, 0xA0, 0xE1
	.byte 0xC6, 0x23, 0x85, 0xE0, 0xFA, 0x70, 0xDA, 0xE1, 0xF6, 0x10, 0xD1, 0xE1, 0xD9, 0x50, 0xDA, 0xE1
	.byte 0xC3, 0x33, 0xA0, 0x11, 0x08, 0x00, 0x80, 0xE0, 0x00, 0x40, 0x64, 0xE2, 0x04, 0x00, 0x50, 0xE1
	.byte 0x04, 0x00, 0xA0, 0xB1, 0x02, 0x49, 0xA0, 0xE3, 0x01, 0x10, 0x87, 0xE0, 0x00, 0x40, 0x64, 0xE2
	.byte 0x04, 0x00, 0x51, 0xE1, 0x04, 0x10, 0xA0, 0xB1, 0x05, 0x30, 0x83, 0xE0, 0x7F, 0x40, 0xE0, 0xE3
	.byte 0x04, 0x00, 0x53, 0xE1, 0x04, 0x30, 0xA0, 0xB1, 0x01, 0x00, 0x00, 0xBA, 0x7F, 0x00, 0x53, 0xE3
	.byte 0x7F, 0x30, 0xA0, 0xC3, 0x00, 0x08, 0xA0, 0xE1, 0x02, 0x28, 0xA0, 0xE1, 0x03, 0x3C, 0xA0, 0xE1
	.byte 0x01, 0x18, 0xA0, 0xE1, 0x3C, 0x80, 0x9A, 0xE5, 0x40, 0x68, 0xA0, 0xE1, 0x42, 0x58, 0xA0, 0xE1
	.byte 0x43, 0x4C, 0xA0, 0xE1, 0x41, 0x78, 0xA0, 0xE1, 0x01, 0xB0, 0xA0, 0xE3, 0x17, 0x00, 0x00, 0xEA
	.byte 0xB6, 0x70, 0xC8, 0xE1, 0x02, 0x00, 0xD8, 0xE5, 0x03, 0x00, 0x50, 0xE3, 0x12, 0x00, 0x00, 0x0A
	.byte 0xBC, 0x60, 0xC8, 0xE1, 0xBE, 0x50, 0xC8, 0xE1, 0x0B, 0x40, 0xC8, 0xE5, 0x01, 0x00, 0xDA, 0xE5
	.byte 0x04, 0x00, 0xC8, 0xE5, 0xB8, 0x01, 0xDA, 0xE1, 0xB8, 0x02, 0xC8, 0xE1, 0xBA, 0x01, 0xDA, 0xE1
	.byte 0xBA, 0x02, 0xC8, 0xE1, 0xBC, 0x01, 0xDA, 0xE1, 0xBC, 0x02, 0xC8, 0xE1, 0x34, 0x00, 0x98, 0xE5
	.byte 0x00, 0x00, 0x50, 0xE3, 0x04, 0x00, 0x00, 0x1A, 0x00, 0x00, 0x59, 0xE3, 0x02, 0x00, 0x00, 0x0A
	.byte 0x08, 0x00, 0xA0, 0xE1, 0x22, 0xB0, 0xC8, 0xE5, 0x2E, 0xFB, 0xFF, 0xEB, 0x50, 0x80, 0x98, 0xE5
	.byte 0x00, 0x00, 0x58, 0xE3, 0xE5, 0xFF, 0xFF, 0x1A, 0xF8, 0x4F, 0xBD, 0xE8, 0x1E, 0xFF, 0x2F, 0xE1
	.byte 0x48, 0x8E, 0x80, 0x03, 0xF0, 0x4F, 0x2D, 0xE9, 0x24, 0xD0, 0x4D, 0xE2, 0x00, 0x20, 0xA0, 0xE3
	.byte 0x10, 0x20, 0x8D, 0xE5, 0x08, 0x10, 0x8D, 0xE5, 0x00, 0x70, 0xA0, 0xE1, 0x02, 0xA0, 0xA0, 0xE1
	.byte 0x07, 0x00, 0xA0, 0xE1, 0x0A, 0x10, 0xA0, 0xE1, 0x58, 0xFF, 0xFF, 0xEB, 0x00, 0x80, 0xB0, 0xE1
	.byte 0x28, 0x00, 0x98, 0x15, 0x00, 0x00, 0x50, 0x13, 0x81, 0x02, 0x00, 0x0A, 0x3C, 0x00, 0x98, 0xE5
	.byte 0x0D, 0x00, 0x00, 0xEA, 0x34, 0x10, 0x90, 0xE5, 0x00, 0x00, 0x51, 0xE3, 0x01, 0x10, 0x41, 0xC2
	.byte 0x34, 0x10, 0x80, 0xC5, 0x03, 0x10, 0xD0, 0xE5, 0x81, 0x1E, 0xA0, 0xE1, 0xA1, 0x1F, 0xB0, 0xE1
	.byte 0x04, 0x00, 0x00, 0x1A, 0x14, 0x20, 0x90, 0xE5, 0x18, 0x10, 0x90, 0xE5, 0x01, 0x00, 0x52, 0xE1
	.byte 0x01, 0x10, 0x82, 0xB2, 0x14, 0x10, 0x80, 0xB5, 0x50, 0x00, 0x90, 0xE5, 0x00, 0x00, 0x50, 0xE3
	.byte 0xEF, 0xFF, 0xFF, 0x1A, 0x00, 0x10, 0xD8, 0xE5, 0x81, 0x0D, 0xA0, 0xE1, 0xA0, 0x0F, 0xB0, 0xE1
	.byte 0x05, 0x00, 0x00, 0x0A, 0x3C, 0x00, 0x98, 0xE5, 0x00, 0x00, 0x50, 0xE3, 0x00, 0x00, 0xA0, 0x13
	.byte 0x60, 0x02, 0x00, 0x1A, 0x10, 0x00, 0xC1, 0xE3, 0x00, 0x00, 0xC8, 0xE5, 0x20, 0x00, 0x98, 0xE5
	.byte 0x00, 0x00, 0x50, 0xE3, 0x01, 0x00, 0x40, 0xC2, 0x20, 0x00, 0x88, 0xC5, 0x00, 0x00, 0x50, 0xC3
	.byte 0x00, 0x00, 0xA0, 0xC3, 0x57, 0x02, 0x00, 0xCA, 0x28, 0x00, 0x98, 0xE5, 0x7E, 0xFE, 0xFF, 0xEB
	.byte 0x94, 0x09, 0x9F, 0xE5, 0x01, 0xB8, 0x40, 0xE2, 0x4A, 0x02, 0x00, 0xEA, 0x08, 0x00, 0xA0, 0xE1
	.byte 0x00, 0x90, 0xA0, 0xE3, 0x01, 0x40, 0xA0, 0xE3, 0x3B, 0xFD, 0xFF, 0xEB, 0x00, 0x60, 0xA0, 0xE1
	.byte 0xA2, 0x00, 0x56, 0xE3, 0x05, 0x00, 0x00, 0x1A, 0x08, 0x00, 0xA0, 0xE1, 0x36, 0xFD, 0xFF, 0xEB
	.byte 0x00, 0x60, 0xA0, 0xE1, 0x00, 0x00, 0xD8, 0xE5, 0x80, 0x0C, 0xA0, 0xE1, 0xA0, 0x4F, 0xA0, 0xE1
	.byte 0xA0, 0x00, 0x56, 0xE3, 0x04, 0x00, 0x00, 0x1A, 0x08, 0x00, 0xA0, 0xE1, 0x2E, 0xFD, 0xFF, 0xEB
	.byte 0x00, 0x60, 0xA0, 0xE1, 0x03, 0x50, 0xA0, 0xE3, 0x01, 0x90, 0xA0, 0xE3, 0xA1, 0x00, 0x56, 0xE3
	.byte 0x04, 0x00, 0x00, 0x1A, 0x08, 0x00, 0xA0, 0xE1, 0x27, 0xFD, 0xFF, 0xEB, 0x00, 0x60, 0xA0, 0xE1
	.byte 0x04, 0x50, 0xA0, 0xE3, 0x01, 0x90, 0xA0, 0xE3, 0x80, 0x00, 0x16, 0xE3, 0x9D, 0x00, 0x00, 0x1A
	.byte 0x08, 0x00, 0xA0, 0xE1, 0x20, 0xFD, 0xFF, 0xEB, 0x0C, 0x00, 0x8D, 0xE5, 0x05, 0x20, 0xA0, 0xE1
	.byte 0x00, 0x00, 0x59, 0xE3, 0x02, 0x20, 0xA0, 0x03, 0x08, 0x00, 0xA0, 0xE1, 0x07, 0x10, 0xA0, 0xE1
	.byte 0x7A, 0xFE, 0xFF, 0xEB, 0x00, 0x00, 0x54, 0xE3, 0x00, 0x40, 0xA0, 0xE1, 0xD3, 0x01, 0xD8, 0xE1
	.byte 0x00, 0x90, 0x86, 0xE0, 0x1F, 0x02, 0x00, 0x0A, 0x00, 0x00, 0x59, 0xE3, 0x00, 0x90, 0xA0, 0xB3
	.byte 0x01, 0x00, 0x00, 0xBA, 0x7F, 0x00, 0x59, 0xE3, 0x7F, 0x90, 0xA0, 0xC3, 0x00, 0x10, 0xD8, 0xE5
	.byte 0x81, 0x0E, 0xA0, 0xE1, 0xA0, 0x0F, 0xB0, 0xE1, 0x7B, 0x00, 0x00, 0x1A, 0x08, 0x00, 0x9D, 0xE5
	.byte 0x00, 0x00, 0x50, 0xE3, 0x78, 0x00, 0x00, 0x0A, 0x01, 0x0E, 0xA0, 0xE1, 0x00, 0x60, 0xA0, 0xE3
	.byte 0xA0, 0x0F, 0xB0, 0xE1, 0x3C, 0x60, 0x98, 0x15, 0x00, 0x00, 0x56, 0x13, 0x08, 0x90, 0xC6, 0x15
	.byte 0x0C, 0x00, 0x9D, 0x15, 0x09, 0x00, 0xC6, 0x15, 0x00, 0x00, 0x56, 0xE3, 0x3B, 0x00, 0x00, 0x1A
	.byte 0x20, 0x00, 0x97, 0xE5, 0xB2, 0x10, 0xD8, 0xE1, 0x09, 0x20, 0xA0, 0xE1, 0x16, 0x30, 0x8D, 0xE2
	.byte 0x5F, 0x02, 0x00, 0xEB, 0x00, 0x00, 0x50, 0xE3, 0x67, 0x00, 0x00, 0x0A, 0x16, 0x00, 0xDD, 0xE5
	.byte 0x04, 0x00, 0x50, 0xE3, 0x64, 0x00, 0x00, 0x8A, 0x80, 0x00, 0x8F, 0xE0, 0xB4, 0x00, 0xD0, 0xE1
	.byte 0x00, 0xF0, 0x8F, 0xE0, 0x84, 0x01, 0x08, 0x00, 0x10, 0x00, 0x18, 0x00, 0x08, 0x00, 0x06, 0x00
	.byte 0x44, 0x18, 0x9F, 0xE5, 0x02, 0x00, 0x00, 0xEA, 0x3F, 0x1C, 0xA0, 0xE3, 0x00, 0x00, 0x00, 0xEA
	.byte 0x03, 0x19, 0xA0, 0xE3, 0xBE, 0x01, 0xD8, 0xE1, 0x30, 0x38, 0x9F, 0xE5, 0x00, 0x80, 0x8D, 0xE5
	.byte 0x00, 0x20, 0xD8, 0xE5, 0x00, 0x00, 0x01, 0xE0, 0x02, 0x2C, 0xA0, 0xE1, 0x04, 0x60, 0xD7, 0xE5
	.byte 0x12, 0x10, 0xD8, 0xE5, 0xA2, 0x2F, 0xA0, 0xE1, 0x01, 0x10, 0x86, 0xE0, 0x98, 0xFA, 0xFF, 0xEB
	.byte 0x00, 0x60, 0xB0, 0xE1, 0x4C, 0x00, 0x00, 0x0A, 0x00, 0x00, 0xD8, 0xE5, 0x00, 0x0E, 0xA0, 0xE1
	.byte 0xA0, 0x0F, 0xB0, 0xE1, 0x0B, 0x30, 0xA0, 0x11, 0x02, 0x00, 0x00, 0x1A, 0x04, 0x30, 0xA0, 0xE1
	.byte 0x00, 0x00, 0x54, 0xE3, 0x0B, 0x30, 0xA0, 0xD1, 0x0C, 0x20, 0x9D, 0xE5, 0x20, 0x10, 0x97, 0xE5
	.byte 0x06, 0x00, 0xA0, 0xE1, 0x00, 0x10, 0x8D, 0xE5, 0x16, 0x10, 0x8D, 0xE2, 0x04, 0x10, 0x8D, 0xE5
	.byte 0x09, 0x10, 0xA0, 0xE1, 0x94, 0x02, 0x00, 0xEB, 0x00, 0x00, 0x50, 0xE3, 0x04, 0x00, 0x00, 0x1A
	.byte 0x00, 0x00, 0xA0, 0xE3, 0x22, 0x00, 0xC6, 0xE5, 0x06, 0x00, 0xA0, 0xE1, 0xF3, 0xFA, 0xFF, 0xEB
	.byte 0x35, 0x00, 0x00, 0xEA, 0x3C, 0x00, 0x98, 0xE5, 0x50, 0x00, 0x86, 0xE5, 0x3C, 0x60, 0x88, 0xE5
	.byte 0x0E, 0x10, 0xD8, 0xE5, 0xFF, 0x00, 0x51, 0xE3, 0x01, 0x00, 0x00, 0x0A, 0x06, 0x00, 0xA0, 0xE1
	.byte 0x58, 0xFA, 0xFF, 0xEB, 0x0F, 0x10, 0xD8, 0xE5, 0xFF, 0x00, 0x51, 0xE3, 0x01, 0x00, 0x00, 0x0A
	.byte 0x06, 0x00, 0xA0, 0xE1, 0x5B, 0xFA, 0xFF, 0xEB, 0x10, 0x10, 0xD8, 0xE5, 0xFF, 0x00, 0x51, 0xE3
	.byte 0x01, 0x00, 0x00, 0x0A, 0x06, 0x00, 0xA0, 0xE1, 0x5D, 0xFA, 0xFF, 0xEB, 0x11, 0x10, 0xD8, 0xE5
	.byte 0xFF, 0x00, 0x51, 0xE3, 0x01, 0x00, 0x00, 0x0A, 0x06, 0x00, 0xA0, 0xE1, 0x5A, 0xFA, 0xFF, 0xEB
	.byte 0xF6, 0x01, 0xD8, 0xE1, 0xB2, 0x03, 0xC6, 0xE1, 0x00, 0x00, 0xD8, 0xE5, 0x00, 0x0D, 0xA0, 0xE1
	.byte 0xA0, 0x0F, 0xB0, 0xE1, 0x14, 0x00, 0xD8, 0x15, 0xF2, 0x13, 0xD6, 0x11, 0x09, 0x00, 0x40, 0x10
	.byte 0x00, 0x0B, 0xA0, 0x11, 0x40, 0x08, 0x81, 0x10, 0xB2, 0x03, 0xC6, 0x11, 0x15, 0x00, 0xD8, 0xE5
	.byte 0x00, 0x00, 0x50, 0xE3, 0x07, 0x00, 0x00, 0x1A, 0x04, 0x00, 0xA0, 0xE1, 0x00, 0x00, 0x54, 0xE3
	.byte 0x0B, 0x00, 0xA0, 0xD1, 0x18, 0x00, 0x86, 0xE5, 0x03, 0x00, 0xD6, 0xE5, 0x04, 0x00, 0xC0, 0xE3
	.byte 0x03, 0x00, 0xC6, 0xE5, 0x06, 0x00, 0x00, 0xEA, 0x90, 0x00, 0x01, 0xE0, 0xF2, 0x03, 0xD6, 0xE1
	.byte 0x00, 0x00, 0x50, 0xE3, 0x00, 0x00, 0x60, 0xB2, 0x91, 0x00, 0x00, 0xE0, 0xC0, 0x05, 0xA0, 0xE1
	.byte 0x18, 0x00, 0x86, 0xE5, 0x00, 0x00, 0xA0, 0xE3, 0x14, 0x00, 0x86, 0xE5, 0x14, 0x90, 0xC8, 0xE5
	.byte 0x00, 0x00, 0xD8, 0xE5, 0x00, 0x0F, 0xA0, 0xE1, 0xA0, 0x0F, 0xB0, 0xE1, 0x95, 0x01, 0x00, 0x0A
	.byte 0x20, 0x40, 0x88, 0xE5, 0x00, 0x00, 0x54, 0xE3, 0x00, 0x00, 0xD8, 0x05, 0x10, 0x00, 0x80, 0x03
	.byte 0x00, 0x00, 0xC8, 0x05, 0x8F, 0x01, 0x00, 0xEA, 0xF0, 0x00, 0x06, 0xE2, 0xC0, 0x00, 0x50, 0xE3
	.byte 0x09, 0x00, 0x00, 0xCA, 0x59, 0x00, 0x00, 0xAA, 0x90, 0x00, 0x50, 0xE3, 0x03, 0x00, 0x00, 0xCA
	.byte 0x20, 0x00, 0x00, 0xAA, 0x80, 0x00, 0x50, 0xE3, 0x0C, 0x00, 0x00, 0x0A, 0x85, 0x01, 0x00, 0xEA
	.byte 0xB0, 0x00, 0x50, 0xE3, 0xF0, 0x00, 0x00, 0x0A, 0x82, 0x01, 0x00, 0xEA, 0xE0, 0x00, 0x50, 0xE3
	.byte 0x03, 0x00, 0x00, 0xCA, 0xD7, 0x00, 0x00, 0xAA, 0xD0, 0x00, 0x50, 0xE3, 0x4B, 0x00, 0x00, 0x0A
	.byte 0x7C, 0x01, 0x00, 0xEA, 0xF0, 0x00, 0x50, 0xE3, 0x53, 0x01, 0x00, 0x0A, 0x79, 0x01, 0x00, 0xEA
	.byte 0x05, 0x20, 0xA0, 0xE1, 0x00, 0x00, 0x59, 0xE3, 0x02, 0x20, 0xA0, 0x03, 0x08, 0x00, 0xA0, 0xE1
	.byte 0x07, 0x10, 0xA0, 0xE1, 0xC9, 0xFD, 0xFF, 0xEB, 0x00, 0x00, 0x54, 0xE3, 0x71, 0x01, 0x00, 0x0A
	.byte 0x80, 0x00, 0x56, 0xE3, 0x02, 0x00, 0x00, 0x0A, 0x81, 0x00, 0x56, 0xE3, 0x02, 0x00, 0x00, 0x0A
	.byte 0x6C, 0x01, 0x00, 0xEA, 0x20, 0x00, 0x88, 0xE5, 0x6A, 0x01, 0x00, 0xEA, 0x01, 0x08, 0x50, 0xE3
	.byte 0xB2, 0x00, 0xC8, 0xB1, 0x67, 0x01, 0x00, 0xEA, 0x93, 0x00, 0x56, 0xE3, 0x04, 0x00, 0x00, 0x0A
	.byte 0x94, 0x00, 0x56, 0xE3, 0x1A, 0x00, 0x00, 0x0A, 0x95, 0x00, 0x56, 0xE3, 0x1E, 0x00, 0x00, 0x0A
	.byte 0x60, 0x01, 0x00, 0xEA, 0x08, 0x00, 0xA0, 0xE1, 0x53, 0xFC, 0xFF, 0xEB, 0x00, 0x60, 0xA0, 0xE1
	.byte 0x08, 0x00, 0xA0, 0xE1, 0xA5, 0xFD, 0xFF, 0xEB, 0x00, 0x00, 0x54, 0xE3, 0x00, 0x90, 0xA0, 0xE1
	.byte 0x58, 0x01, 0x00, 0x0A, 0x06, 0x10, 0xA0, 0xE1, 0x07, 0x00, 0xA0, 0xE1, 0x37, 0xFE, 0xFF, 0xEB
	.byte 0x00, 0x40, 0xB0, 0xE1, 0x08, 0x00, 0x54, 0x11, 0x52, 0x01, 0x00, 0x0A, 0x07, 0x10, 0xA0, 0xE1
	.byte 0x0B, 0x20, 0xA0, 0xE1, 0x0A, 0xFE, 0xFF, 0xEB, 0x04, 0x00, 0xA0, 0xE1, 0x22, 0xFE, 0xFF, 0xEB
	.byte 0x04, 0x00, 0xA0, 0xE1, 0x09, 0x20, 0xA0, 0xE1, 0x24, 0x10, 0x98, 0xE5, 0x00, 0xFE, 0xFF, 0xEB
	.byte 0x48, 0x01, 0x00, 0xEA, 0x08, 0x00, 0xA0, 0xE1, 0x90, 0xFD, 0xFF, 0xEB, 0x00, 0x00, 0x54, 0xE3
	.byte 0x24, 0x10, 0x98, 0x15, 0x00, 0x00, 0x81, 0x10, 0x2C, 0x01, 0x00, 0xEA, 0x08, 0x00, 0xA0, 0xE1
	.byte 0x8A, 0xFD, 0xFF, 0xEB, 0x00, 0x00, 0x54, 0xE3, 0x3E, 0x01, 0x00, 0x0A, 0x3B, 0x10, 0xD8, 0xE5
	.byte 0x03, 0x00, 0x51, 0xE3, 0x3B, 0x01, 0x00, 0x2A, 0x01, 0x11, 0x88, 0xE0, 0x28, 0x20, 0x98, 0xE5
	.byte 0x2C, 0x20, 0x81, 0xE5, 0x3B, 0x10, 0xD8, 0xE5, 0x01, 0x10, 0x81, 0xE2, 0x3B, 0x10, 0xC8, 0xE5
	.byte 0x24, 0x10, 0x98, 0xE5, 0x00, 0x00, 0x81, 0xE0, 0x28, 0x00, 0x88, 0xE5, 0x31, 0x01, 0x00, 0xEA
	.byte 0x05, 0x20, 0xA0, 0xE1, 0x00, 0x00, 0x59, 0xE3, 0x00, 0x20, 0xA0, 0x03, 0x08, 0x00, 0xA0, 0xE1
	.byte 0x07, 0x10, 0xA0, 0xE1, 0x81, 0xFD, 0xFF, 0xEB, 0x00, 0x00, 0x54, 0xE3, 0x14, 0x00, 0xCD, 0xE5
	.byte 0x28, 0x01, 0x00, 0x0A, 0xC0, 0x10, 0x46, 0xE2, 0x17, 0x00, 0x51, 0xE3, 0x25, 0x01, 0x00, 0x8A
	.byte 0x81, 0x10, 0x8F, 0xE0, 0xB4, 0x10, 0xD1, 0xE1, 0x01, 0xF0, 0x8F, 0xE0, 0xB8, 0x01, 0x2C, 0x00
	.byte 0x44, 0x00, 0xA0, 0x01, 0xAC, 0x01, 0x50, 0x00, 0x5C, 0x00, 0x68, 0x00, 0x24, 0x01, 0x6C, 0x01
	.byte 0x8C, 0x00, 0x98, 0x00, 0xA4, 0x00, 0xB0, 0x00, 0x88, 0x01, 0x80, 0x00, 0xBC, 0x00, 0xC8, 0x00
	.byte 0xD4, 0x00, 0xE0, 0x00, 0xEC, 0x00, 0x38, 0x00, 0xC8, 0x01, 0x58, 0x01, 0xFF, 0x00, 0x00, 0xE2
	.byte 0x04, 0x00, 0xC8, 0xE5, 0x13, 0x01, 0x00, 0xEA, 0xFF, 0x00, 0x00, 0xE2, 0x05, 0x00, 0xC8, 0xE5
	.byte 0x10, 0x01, 0x00, 0xEA, 0xFF, 0x00, 0x00, 0xE2, 0x05, 0x00, 0xC7, 0xE5, 0x0D, 0x01, 0x00, 0xEA
	.byte 0xFF, 0x00, 0x00, 0xE2, 0x07, 0x00, 0xC8, 0xE5, 0x0A, 0x01, 0x00, 0xEA, 0xFF, 0x00, 0x00, 0xE2
	.byte 0x12, 0x00, 0xC8, 0xE5, 0x07, 0x01, 0x00, 0xEA, 0xFF, 0x00, 0x00, 0xE2, 0x80, 0x0F, 0xA0, 0xE1
	.byte 0x00, 0x10, 0xD8, 0xE5, 0x02, 0x10, 0xC1, 0xE3, 0x20, 0x0F, 0x81, 0xE1, 0xD8, 0x00, 0x00, 0xEA
	.byte 0xFF, 0x00, 0x00, 0xE2, 0x15, 0x00, 0xC8, 0xE5, 0xFE, 0x00, 0x00, 0xEA, 0xFF, 0x00, 0x00, 0xE2
	.byte 0x1A, 0x00, 0xC8, 0xE5, 0xFB, 0x00, 0x00, 0xEA, 0xFF, 0x00, 0x00, 0xE2, 0x19, 0x00, 0xC8, 0xE5
	.byte 0xF8, 0x00, 0x00, 0xEA, 0xFF, 0x00, 0x00, 0xE2, 0x18, 0x00, 0xC8, 0xE5, 0xF5, 0x00, 0x00, 0xEA
	.byte 0xFF, 0x00, 0x00, 0xE2, 0x1B, 0x00, 0xC8, 0xE5, 0xF2, 0x00, 0x00, 0xEA, 0xFF, 0x00, 0x00, 0xE2
	.byte 0x0E, 0x00, 0xC8, 0xE5, 0xEF, 0x00, 0x00, 0xEA, 0xFF, 0x00, 0x00, 0xE2, 0x0F, 0x00, 0xC8, 0xE5
	.byte 0xEC, 0x00, 0x00, 0xEA, 0xFF, 0x00, 0x00, 0xE2, 0x10, 0x00, 0xC8, 0xE5, 0xE9, 0x00, 0x00, 0xEA
	.byte 0xFF, 0x00, 0x00, 0xE2, 0x11, 0x00, 0xC8, 0xE5, 0xE6, 0x00, 0x00, 0xEA, 0x3B, 0x10, 0xD8, 0xE5
	.byte 0x03, 0x00, 0x51, 0xE3, 0xE3, 0x00, 0x00, 0x2A, 0x01, 0x21, 0x88, 0xE0, 0xFF, 0x10, 0x00, 0xE2
	.byte 0x28, 0x00, 0x98, 0xE5, 0x2C, 0x00, 0x82, 0xE5, 0x3B, 0x00, 0xD8, 0xE5, 0x00, 0x00, 0x88, 0xE0
	.byte 0x38, 0x10, 0xC0, 0xE5, 0x3B, 0x00, 0xD8, 0xE5, 0x01, 0x00, 0x80, 0xE2, 0x3B, 0x00, 0xC8, 0xE5
	.byte 0xD8, 0x00, 0x00, 0xEA, 0xFF, 0x00, 0x00, 0xE2, 0x80, 0x1F, 0xA0, 0xE1, 0x00, 0x20, 0xD8, 0xE5
	.byte 0x08, 0x00, 0xA0, 0xE1, 0x08, 0x20, 0xC2, 0xE3, 0x21, 0x1E, 0x82, 0xE1, 0x00, 0x10, 0xC8, 0xE5
	.byte 0x07, 0x10, 0xA0, 0xE1, 0x0B, 0x20, 0xA0, 0xE1, 0x89, 0xFD, 0xFF, 0xEB, 0x08, 0x00, 0xA0, 0xE1
	.byte 0xA1, 0xFD, 0xFF, 0xEB, 0xCB, 0x00, 0x00, 0xEA, 0xFF, 0x20, 0x00, 0xE2, 0x08, 0x00, 0xA0, 0xE1
	.byte 0x07, 0x10, 0xA0, 0xE1, 0x03, 0x01, 0x00, 0xEB, 0xC6, 0x00, 0x00, 0xEA, 0xFF, 0x10, 0x00, 0xE2
	.byte 0xD3, 0x01, 0xD8, 0xE1, 0x00, 0x00, 0x81, 0xE0, 0x14, 0x00, 0xC8, 0xE5, 0x00, 0x00, 0xD8, 0xE5
	.byte 0x20, 0x00, 0x80, 0xE3, 0x96, 0x00, 0x00, 0xEA, 0xFF, 0x00, 0x00, 0xE2, 0x80, 0x0F, 0xA0, 0xE1
	.byte 0x00, 0x10, 0xD8, 0xE5, 0x20, 0x10, 0xC1, 0xE3, 0x20, 0x0D, 0x81, 0xE1, 0x90, 0x00, 0x00, 0xEA
	.byte 0xD4, 0x01, 0xDD, 0xE1, 0x13, 0x00, 0xC8, 0xE5, 0xB6, 0x00, 0x00, 0xEA, 0xD4, 0x01, 0xDD, 0xE1
	.byte 0x06, 0x00, 0xC8, 0xE5, 0xB3, 0x00, 0x00, 0xEA, 0xFF, 0x00, 0x00, 0xE2, 0x40, 0x00, 0x40, 0xE2
	.byte 0x08, 0x00, 0xC8, 0xE5, 0xAF, 0x00, 0x00, 0xEA, 0x24, 0x13, 0x9F, 0xE5, 0x00, 0x10, 0x91, 0xE5
	.byte 0x00, 0x00, 0x51, 0xE3, 0xAB, 0x00, 0x00, 0x0A, 0xFF, 0x10, 0x00, 0xE2, 0x07, 0x00, 0xA0, 0xE1
	.byte 0xC4, 0x00, 0x00, 0xEB, 0xA7, 0x00, 0x00, 0xEA, 0x05, 0x20, 0xA0, 0xE1, 0x00, 0x00, 0x59, 0xE3
	.byte 0x01, 0x20, 0xA0, 0x03, 0x08, 0x00, 0xA0, 0xE1, 0x07, 0x10, 0xA0, 0xE1, 0xF7, 0xFC, 0xFF, 0xEB
	.byte 0x00, 0x08, 0xA0, 0xE1, 0x00, 0x00, 0x54, 0xE3, 0x40, 0x08, 0xA0, 0xE1, 0x9D, 0x00, 0x00, 0x0A
	.byte 0xE0, 0x00, 0x56, 0xE3, 0x06, 0x00, 0x00, 0x0A, 0xE1, 0x00, 0x56, 0xE3, 0x02, 0x00, 0x00, 0x0A
	.byte 0xE3, 0x00, 0x56, 0xE3, 0xB6, 0x01, 0xC8, 0x01, 0x96, 0x00, 0x00, 0xEA, 0xB8, 0x01, 0xC7, 0xE1
	.byte 0x94, 0x00, 0x00, 0xEA, 0xBC, 0x01, 0xC8, 0xE1, 0x92, 0x00, 0x00, 0xEA, 0x08, 0x00, 0xA0, 0xE1
	.byte 0x85, 0xFB, 0xFF, 0xEB, 0x00, 0x00, 0x59, 0xE3, 0x05, 0x20, 0xA0, 0xE1, 0x00, 0x90, 0xA0, 0xE1
	.byte 0x01, 0x20, 0xA0, 0x03, 0x08, 0x00, 0xA0, 0xE1, 0x07, 0x10, 0xA0, 0xE1, 0xDF, 0xFC, 0xFF, 0xEB
	.byte 0x00, 0x08, 0xA0, 0xE1, 0x09, 0x10, 0xA0, 0xE1, 0x40, 0x98, 0xA0, 0xE1, 0x07, 0x00, 0xA0, 0xE1
	.byte 0xA0, 0x00, 0x00, 0xEB, 0x00, 0x00, 0x54, 0xE3, 0x00, 0x40, 0xA0, 0xE1, 0x00, 0x00, 0x54, 0x13
	.byte 0x80, 0x00, 0x00, 0x0A, 0xB0, 0x00, 0x46, 0xE2, 0x0D, 0x00, 0x50, 0xE3, 0x7D, 0x00, 0x00, 0x8A
	.byte 0x80, 0x00, 0x8F, 0xE0, 0xB4, 0x00, 0xD0, 0xE1, 0x00, 0xF0, 0x8F, 0xE0, 0x18, 0x00, 0x20, 0x00
	.byte 0x2C, 0x00, 0x38, 0x00, 0x48, 0x00, 0x60, 0x00, 0x84, 0x00, 0xE8, 0x01, 0xBC, 0x00, 0xD0, 0x00
	.byte 0xE4, 0x00, 0xF8, 0x00, 0x0C, 0x01, 0x20, 0x01, 0xB0, 0x90, 0xC4, 0xE1, 0x71, 0x00, 0x00, 0xEA
	.byte 0xF0, 0x00, 0xD4, 0xE1, 0x09, 0x00, 0x80, 0xE0, 0x21, 0x00, 0x00, 0xEA, 0xF0, 0x00, 0xD4, 0xE1
	.byte 0x09, 0x00, 0x40, 0xE0, 0x1E, 0x00, 0x00, 0xEA, 0xF0, 0x00, 0xD4, 0xE1, 0x90, 0x09, 0x01, 0xE0
	.byte 0xB0, 0x10, 0xC4, 0xE1, 0x67, 0x00, 0x00, 0xEA, 0x00, 0x00, 0x59, 0xE3, 0x65, 0x00, 0x00, 0x0A
	.byte 0x09, 0x10, 0xA0, 0xE1, 0xF0, 0x00, 0xD4, 0xE1, 0x56, 0xE3, 0xFF, 0xEB, 0x14, 0x00, 0x00, 0xEA
	.byte 0x00, 0x00, 0x59, 0xE3, 0xF0, 0x00, 0xD4, 0xA1, 0x10, 0x09, 0xA0, 0xA1, 0xB0, 0x00, 0xC4, 0xA1
	.byte 0xF0, 0x10, 0xD4, 0xB1, 0x00, 0x00, 0x69, 0xB2, 0x51, 0x00, 0xA0, 0xB1, 0xB0, 0x00, 0xC4, 0xB1
	.byte 0x58, 0x00, 0x00, 0xEA, 0x00, 0x00, 0x59, 0xE3, 0x00, 0x00, 0x69, 0xB2, 0x00, 0x08, 0xA0, 0xB1
	.byte 0x00, 0x60, 0xA0, 0xE3, 0x40, 0x98, 0xA0, 0xB1, 0x01, 0x60, 0xA0, 0xB3, 0x6C, 0xF6, 0xFF, 0xEB
	.byte 0x01, 0x10, 0x89, 0xE2, 0x90, 0x01, 0x01, 0xE0, 0x41, 0x08, 0xA0, 0xE1, 0x00, 0x00, 0x56, 0xE3
	.byte 0x00, 0x00, 0x60, 0x12, 0xB0, 0x00, 0xC4, 0xE1, 0x4A, 0x00, 0x00, 0xEA, 0xF0, 0x00, 0xD4, 0xE1
	.byte 0x09, 0x00, 0x50, 0xE1, 0x01, 0x00, 0xA0, 0x03, 0x00, 0x00, 0xA0, 0x13, 0x17, 0x00, 0x00, 0xEA
	.byte 0xF0, 0x00, 0xD4, 0xE1, 0x09, 0x00, 0x50, 0xE1, 0x01, 0x00, 0xA0, 0xA3, 0x00, 0x00, 0xA0, 0xB3
	.byte 0x12, 0x00, 0x00, 0xEA, 0xF0, 0x00, 0xD4, 0xE1, 0x09, 0x00, 0x50, 0xE1, 0x01, 0x00, 0xA0, 0xC3
	.byte 0x00, 0x00, 0xA0, 0xD3, 0x0D, 0x00, 0x00, 0xEA, 0xF0, 0x00, 0xD4, 0xE1, 0x09, 0x00, 0x50, 0xE1
	.byte 0x01, 0x00, 0xA0, 0xD3, 0x00, 0x00, 0xA0, 0xC3, 0x08, 0x00, 0x00, 0xEA, 0xF0, 0x00, 0xD4, 0xE1
	.byte 0x09, 0x00, 0x50, 0xE1, 0x01, 0x00, 0xA0, 0xB3, 0x00, 0x00, 0xA0, 0xA3, 0x03, 0x00, 0x00, 0xEA
	.byte 0xF0, 0x00, 0xD4, 0xE1, 0x09, 0x00, 0x50, 0xE1, 0x01, 0x00, 0xA0, 0x13, 0x00, 0x00, 0xA0, 0x03
	.byte 0x00, 0x10, 0xD8, 0xE5, 0xFF, 0x00, 0x00, 0xE2, 0x80, 0x0F, 0xA0, 0xE1, 0x40, 0x10, 0xC1, 0xE3
	.byte 0xA0, 0x0C, 0x81, 0xE1, 0x00, 0x00, 0xC8, 0xE5, 0x26, 0x00, 0x00, 0xEA, 0x00, 0x00, 0x54, 0xE3
	.byte 0x24, 0x00, 0x00, 0x0A, 0xFC, 0x00, 0x46, 0xE2, 0x03, 0x00, 0x50, 0xE3, 0x21, 0x00, 0x00, 0x8A
	.byte 0x80, 0x00, 0x8F, 0xE0, 0xB4, 0x00, 0xD0, 0xE1, 0x00, 0xF0, 0x8F, 0xE0, 0x28, 0x00, 0x04, 0x00
	.byte 0x78, 0x00, 0x70, 0x00, 0x3B, 0x00, 0xD8, 0xE5, 0x00, 0x00, 0x50, 0xE3, 0x01, 0x00, 0x40, 0x12
	.byte 0x3B, 0x00, 0xC8, 0x15, 0xFF, 0x00, 0x00, 0x12, 0x00, 0x01, 0x88, 0x10, 0x2C, 0x00, 0x90, 0x15
	.byte 0x28, 0x00, 0x88, 0x15, 0x13, 0x00, 0x00, 0xEA, 0x3B, 0x00, 0xD8, 0xE5, 0x00, 0x00, 0x50, 0xE3
	.byte 0x10, 0x00, 0x00, 0x0A, 0x00, 0x10, 0x88, 0xE0, 0x37, 0x00, 0xD1, 0xE5, 0x00, 0x00, 0x50, 0xE3
	.byte 0x05, 0x00, 0x00, 0x0A, 0x01, 0x00, 0x40, 0xE2, 0xFF, 0x00, 0x10, 0xE2, 0x3B, 0x00, 0xD8, 0x05
	.byte 0x01, 0x00, 0x40, 0x02, 0x3B, 0x00, 0xC8, 0x05, 0x06, 0x00, 0x00, 0x0A, 0x37, 0x00, 0xC1, 0xE5
	.byte 0x3B, 0x00, 0xD8, 0xE5, 0x00, 0x01, 0x88, 0xE0, 0x28, 0x00, 0x90, 0xE5, 0xCD, 0xFE, 0xFF, 0xEA
	.byte 0x00, 0x00, 0xE0, 0xE3, 0x07, 0x00, 0x00, 0xEA, 0x20, 0x00, 0x98, 0xE5, 0x00, 0x00, 0x50, 0xE3
	.byte 0x03, 0x00, 0x00, 0x1A, 0x00, 0x00, 0xD8, 0xE5, 0x80, 0x0D, 0xA0, 0xE1, 0xA0, 0x0F, 0xB0, 0xE1
	.byte 0xAD, 0xFD, 0xFF, 0x0A, 0x00, 0x00, 0xA0, 0xE3, 0x00, 0x00, 0x50, 0xE3, 0x01, 0x00, 0xA0, 0x03
	.byte 0x10, 0x00, 0x8D, 0x05, 0x02, 0x00, 0x00, 0x0A, 0x07, 0x00, 0xA0, 0xE1, 0x0A, 0x10, 0xA0, 0xE1
	.byte 0xDD, 0xFC, 0xFF, 0xEB, 0x01, 0xA0, 0x8A, 0xE2, 0x10, 0x00, 0x5A, 0xE3, 0x73, 0xFD, 0xFF, 0xBA
	.byte 0x10, 0x00, 0x9D, 0xE5, 0x00, 0x00, 0x50, 0xE3, 0x01, 0x00, 0xA0, 0x03, 0x00, 0x00, 0xA0, 0x13
	.byte 0x24, 0xD0, 0x8D, 0xE2, 0xF0, 0x4F, 0xBD, 0xE8, 0x1E, 0xFF, 0x2F, 0xE1, 0xFF, 0xFF, 0x00, 0x00
	.byte 0x4C, 0x21, 0x80, 0x03, 0x9C, 0x9F, 0x80, 0x03, 0x34, 0x20, 0x9F, 0xE5, 0x00, 0x30, 0x92, 0xE5
	.byte 0x00, 0x00, 0x53, 0xE3, 0x00, 0x00, 0xA0, 0x03, 0x1E, 0xFF, 0x2F, 0x01, 0x10, 0x00, 0x51, 0xE3
	.byte 0x01, 0x20, 0xD0, 0xB5, 0x20, 0x30, 0x83, 0xB2, 0x24, 0x00, 0xA0, 0xB3, 0x92, 0x30, 0x20, 0xB0
	.byte 0x81, 0x00, 0x80, 0xB0, 0x26, 0x2E, 0x83, 0xA2, 0x10, 0x00, 0x41, 0xA2, 0x80, 0x00, 0x82, 0xA0
	.byte 0x1E, 0xFF, 0x2F, 0xE1, 0xB8, 0x9F, 0x80, 0x03, 0x34, 0x30, 0x9F, 0xE5, 0x00, 0x00, 0xA0, 0xE3
	.byte 0x07, 0x00, 0x00, 0xEA, 0x00, 0x13, 0xD3, 0xE7, 0x81, 0x2F, 0xA0, 0xE1, 0xA2, 0x2F, 0xB0, 0xE1
	.byte 0x01, 0x10, 0xC1, 0x03, 0x01, 0x10, 0x81, 0x03, 0x00, 0x13, 0xC3, 0x07, 0x1E, 0xFF, 0x2F, 0x01
	.byte 0x01, 0x00, 0x80, 0xE2, 0x20, 0x00, 0x50, 0xE3, 0xF5, 0xFF, 0xFF, 0xBA, 0x00, 0x00, 0xE0, 0xE3
	.byte 0x1E, 0xFF, 0x2F, 0xE1, 0x3C, 0xA7, 0x80, 0x03, 0x10, 0x40, 0x2D, 0xE9, 0x00, 0x40, 0xA0, 0xE1
	.byte 0x03, 0x00, 0x52, 0xE3, 0x18, 0x00, 0x00, 0x8A, 0x82, 0x20, 0x8F, 0xE0, 0xB4, 0x20, 0xD2, 0xE1
	.byte 0x02, 0xF0, 0x8F, 0xE0, 0x04, 0x00, 0x14, 0x00, 0x20, 0x00, 0x38, 0x00, 0x00, 0x00, 0xD4, 0xE5
	.byte 0x04, 0x00, 0xC0, 0xE3, 0x00, 0x00, 0xC4, 0xE5, 0x0F, 0x00, 0x00, 0xEA, 0x00, 0x00, 0xD4, 0xE5
	.byte 0x04, 0x00, 0x80, 0xE3, 0xFA, 0xFF, 0xFF, 0xEA, 0x00, 0x30, 0xD4, 0xE5, 0x00, 0x20, 0xE0, 0xE3
	.byte 0x04, 0x30, 0x83, 0xE3, 0x00, 0x30, 0xC4, 0xE5, 0x69, 0xFC, 0xFF, 0xEB, 0x06, 0x00, 0x00, 0xEA
	.byte 0x00, 0x30, 0xD4, 0xE5, 0x7F, 0x20, 0xA0, 0xE3, 0x04, 0x30, 0x83, 0xE3, 0x00, 0x30, 0xC4, 0xE5
	.byte 0x63, 0xFC, 0xFF, 0xEB, 0x04, 0x00, 0xA0, 0xE1, 0x7B, 0xFC, 0xFF, 0xEB, 0x10, 0x40, 0xBD, 0xE8
	.byte 0x1E, 0xFF, 0x2F, 0xE1, 0xF8, 0x40, 0x2D, 0xE9, 0x01, 0x70, 0xB0, 0xE1, 0x00, 0x60, 0xA0, 0xE1
	.byte 0x02, 0x50, 0xA0, 0xE1, 0x03, 0x40, 0xA0, 0xE1, 0x00, 0x00, 0xA0, 0x43, 0x48, 0x00, 0x00, 0x4A
	.byte 0xFC, 0xF5, 0xFF, 0xEB, 0x38, 0x00, 0x96, 0xE5, 0x00, 0x00, 0x57, 0xE1, 0x02, 0x00, 0x00, 0x3A
	.byte 0xF9, 0xF5, 0xFF, 0xEB, 0x00, 0x00, 0xA0, 0xE3, 0x41, 0x00, 0x00, 0xEA, 0x07, 0x01, 0x86, 0xE0
	.byte 0x3C, 0x10, 0x90, 0xE5, 0xFF, 0x00, 0x01, 0xE2, 0x00, 0x10, 0xC4, 0xE5, 0x11, 0x00, 0x50, 0xE3
	.byte 0x38, 0x00, 0x00, 0x8A, 0x80, 0x00, 0x8F, 0xE0, 0xB4, 0x00, 0xD0, 0xE1, 0x00, 0xF0, 0x8F, 0xE0
	.byte 0xD4, 0x00, 0x20, 0x00, 0x20, 0x00, 0x20, 0x00, 0x20, 0x00, 0x20, 0x00, 0xD4, 0x00, 0xD4, 0x00
	.byte 0xD4, 0x00, 0xD4, 0x00, 0xD4, 0x00, 0xD4, 0x00, 0xD4, 0x00, 0xD4, 0x00, 0xD4, 0x00, 0xD4, 0x00
	.byte 0x40, 0x00, 0x88, 0x00, 0x21, 0x34, 0x86, 0xE0, 0x02, 0x20, 0x84, 0xE2, 0x05, 0x10, 0xA0, 0xE3
	.byte 0xB2, 0x00, 0xD3, 0xE0, 0x01, 0x10, 0x51, 0xE2, 0xB2, 0x00, 0xC2, 0xE0, 0xFB, 0xFF, 0xFF, 0x1A
	.byte 0x25, 0x00, 0x00, 0xEA, 0x21, 0x04, 0xD6, 0xE7, 0x21, 0x24, 0x86, 0xE0, 0x01, 0x10, 0xD2, 0xE5
	.byte 0x00, 0x00, 0x55, 0xE1, 0x01, 0x00, 0x00, 0xBA, 0x01, 0x00, 0x55, 0xE1, 0x00, 0x00, 0x00, 0xDA
	.byte 0xDA, 0xFF, 0xFF, 0xEA, 0x00, 0x10, 0x45, 0xE0, 0x0C, 0x00, 0xA0, 0xE3, 0x91, 0x20, 0x20, 0xE0
	.byte 0x02, 0x20, 0x80, 0xE2, 0x06, 0x10, 0xA0, 0xE3, 0xB2, 0x00, 0xD2, 0xE0, 0x01, 0x10, 0x51, 0xE2
	.byte 0xB2, 0x00, 0xC4, 0xE0, 0xFB, 0xFF, 0xFF, 0x1A, 0x13, 0x00, 0x00, 0xEA, 0x21, 0x24, 0x86, 0xE0
	.byte 0x00, 0x10, 0xA0, 0xE3, 0x03, 0x00, 0x00, 0xEA, 0x01, 0x10, 0x81, 0xE2, 0x08, 0x00, 0x51, 0xE3
	.byte 0x00, 0x00, 0x00, 0xBA, 0xC9, 0xFF, 0xFF, 0xEA, 0x01, 0x00, 0xD2, 0xE7, 0x00, 0x00, 0x55, 0xE1
	.byte 0xF8, 0xFF, 0xFF, 0xCA, 0x0C, 0x00, 0xA0, 0xE3, 0x91, 0x20, 0x20, 0xE0, 0x08, 0x20, 0x80, 0xE2
	.byte 0x06, 0x10, 0xA0, 0xE3, 0xB2, 0x00, 0xD2, 0xE0, 0x01, 0x10, 0x51, 0xE2, 0xB2, 0x00, 0xC4, 0xE0
	.byte 0xFB, 0xFF, 0xFF, 0x1A, 0x00, 0x00, 0x00, 0xEA, 0xBC, 0xFF, 0xFF, 0xEA, 0xB6, 0xF5, 0xFF, 0xEB
	.byte 0x01, 0x00, 0xA0, 0xE3, 0xF8, 0x40, 0xBD, 0xE8, 0x1E, 0xFF, 0x2F, 0xE1, 0x38, 0x40, 0x2D, 0xE9
	.byte 0x00, 0x50, 0xA0, 0xE1, 0x01, 0x40, 0xA0, 0xE1, 0xAE, 0xF5, 0xFF, 0xEB, 0x04, 0x01, 0x85, 0xE0
	.byte 0x3C, 0x40, 0x90, 0xE5, 0x00, 0x00, 0x54, 0xE3, 0x02, 0x00, 0x00, 0x0A, 0x02, 0x04, 0x54, 0xE3
	.byte 0x04, 0x40, 0x85, 0x30, 0x00, 0x00, 0x00, 0xEA, 0x00, 0x40, 0xA0, 0xE3, 0xA6, 0xF5, 0xFF, 0xEB
	.byte 0x04, 0x00, 0xA0, 0xE1, 0x38, 0x40, 0xBD, 0xE8, 0x1E, 0xFF, 0x2F, 0xE1, 0xF8, 0x43, 0x2D, 0xE9
	.byte 0x24, 0x50, 0x9D, 0xE5, 0x01, 0x80, 0xA0, 0xE1, 0x0A, 0x40, 0xD5, 0xE5, 0x00, 0x10, 0xD5, 0xE5
	.byte 0xFF, 0x00, 0x54, 0xE3, 0x03, 0x60, 0xA0, 0xE1, 0x00, 0x90, 0xA0, 0xE1, 0x02, 0x70, 0xA0, 0xE1
	.byte 0x00, 0x60, 0xE0, 0x03, 0x00, 0x40, 0xA0, 0x03, 0x04, 0x00, 0x51, 0xE3, 0x2A, 0x00, 0x00, 0x8A
	.byte 0x81, 0x00, 0x8F, 0xE0, 0xB4, 0x00, 0xD0, 0xE1, 0x00, 0xF0, 0x8F, 0xE0, 0x9C, 0x00, 0x08, 0x00
	.byte 0x78, 0x00, 0x8C, 0x00, 0x08, 0x00, 0x06, 0x00, 0x01, 0x00, 0x51, 0xE3, 0x0E, 0x00, 0x00, 0x1A
	.byte 0x20, 0x20, 0x9D, 0xE5, 0xB4, 0x00, 0xD5, 0xE1, 0xB2, 0x10, 0xD5, 0xE1, 0x80, 0x01, 0x82, 0xE0
	.byte 0x18, 0x00, 0x90, 0xE5, 0x00, 0x00, 0x50, 0xE3, 0x00, 0x10, 0xA0, 0x03, 0x09, 0x00, 0x00, 0x0A
	.byte 0x38, 0x20, 0x90, 0xE5, 0x02, 0x00, 0x51, 0xE1, 0x00, 0x10, 0xA0, 0x23, 0x05, 0x00, 0x00, 0x2A
	.byte 0xCD, 0xFF, 0xFF, 0xEB, 0x00, 0x10, 0xA0, 0xE1, 0x02, 0x00, 0x00, 0xEA, 0xB4, 0x10, 0xD5, 0xE1
	.byte 0xB2, 0x00, 0xD5, 0xE1, 0x01, 0x18, 0x80, 0xE1, 0x00, 0x00, 0x51, 0xE3, 0x00, 0x00, 0xA0, 0x03
	.byte 0x0E, 0x00, 0x00, 0x0A, 0x09, 0x00, 0xA0, 0xE1, 0x06, 0x30, 0xA0, 0xE1, 0x0C, 0x20, 0x81, 0xE2
	.byte 0x47, 0xF7, 0xFF, 0xEB, 0x09, 0x00, 0x00, 0xEA, 0xB2, 0x10, 0xD5, 0xE1, 0x09, 0x00, 0xA0, 0xE1
	.byte 0x06, 0x20, 0xA0, 0xE1, 0x51, 0xF7, 0xFF, 0xEB, 0x04, 0x00, 0x00, 0xEA, 0x09, 0x00, 0xA0, 0xE1
	.byte 0x06, 0x10, 0xA0, 0xE1, 0x60, 0xF7, 0xFF, 0xEB, 0x00, 0x00, 0x00, 0xEA, 0x00, 0x00, 0xA0, 0xE3
	.byte 0x00, 0x00, 0x50, 0xE3, 0x00, 0x00, 0xA0, 0x03, 0x13, 0x00, 0x00, 0x0A, 0x08, 0x80, 0xC9, 0xE5
	.byte 0x06, 0x10, 0xD5, 0xE5, 0x09, 0x00, 0xA0, 0xE1, 0x05, 0x10, 0xC9, 0xE5, 0x09, 0x70, 0xC9, 0xE5
	.byte 0x07, 0x10, 0xD5, 0xE5, 0x8F, 0xF7, 0xFF, 0xEB, 0x08, 0x10, 0xD5, 0xE5, 0x09, 0x00, 0xA0, 0xE1
	.byte 0x94, 0xF7, 0xFF, 0xEB, 0x09, 0x10, 0xD5, 0xE5, 0x09, 0x00, 0xA0, 0xE1, 0x98, 0xF7, 0xFF, 0xEB
	.byte 0x09, 0x00, 0xA0, 0xE1, 0x04, 0x10, 0xA0, 0xE1, 0x97, 0xF7, 0xFF, 0xEB, 0x0B, 0x10, 0xD5, 0xE5
	.byte 0x01, 0x00, 0xA0, 0xE3, 0x40, 0x10, 0x41, 0xE2, 0x0A, 0x10, 0xC9, 0xE5, 0xF8, 0x43, 0xBD, 0xE8
	.byte 0x1E, 0xFF, 0x2F, 0xE1, 0x14, 0xC0, 0x9F, 0xE5, 0x24, 0x30, 0xA0, 0xE3, 0x00, 0xC0, 0x9C, 0xE5
	.byte 0x90, 0xC3, 0x23, 0xE0, 0x81, 0x00, 0x83, 0xE0, 0xB0, 0x22, 0xC0, 0xE1, 0x1E, 0xFF, 0x2F, 0xE1
	.byte 0xB8, 0x9F, 0x80, 0x03, 0x10, 0x20, 0x9F, 0xE5, 0x00, 0x20, 0x92, 0xE5, 0x80, 0x00, 0x82, 0xE0
	.byte 0x02, 0x0C, 0x80, 0xE2, 0xB0, 0x16, 0xC0, 0xE1, 0x1E, 0xFF, 0x2F, 0xE1, 0xB8, 0x9F, 0x80, 0x03
	.byte 0xF8, 0x40, 0x2D, 0xE9, 0x78, 0x00, 0x9F, 0xE5, 0x00, 0x40, 0xA0, 0xE3, 0x00, 0x00, 0x90, 0xE5
	.byte 0x04, 0x50, 0xA0, 0xE1, 0x00, 0x00, 0x50, 0xE3, 0x17, 0x00, 0x00, 0x0A, 0x04, 0x70, 0xA0, 0xE1
	.byte 0x01, 0x60, 0xA0, 0xE3, 0x07, 0x00, 0xA0, 0xE1, 0x1B, 0xF4, 0xFF, 0xEB, 0x00, 0x00, 0x50, 0xE3
	.byte 0x16, 0x07, 0xA0, 0x11, 0x00, 0x08, 0xA0, 0x11, 0x01, 0x70, 0x87, 0xE2, 0x20, 0x48, 0x84, 0x11
	.byte 0x10, 0x00, 0x57, 0xE3, 0xF6, 0xFF, 0xFF, 0xBA, 0x00, 0x00, 0xA0, 0xE3, 0x8C, 0xF5, 0xFF, 0xEB
	.byte 0x00, 0x00, 0x50, 0xE3, 0x01, 0x00, 0xA0, 0xE3, 0x01, 0x50, 0x85, 0x13, 0x88, 0xF5, 0xFF, 0xEB
	.byte 0x00, 0x00, 0x50, 0xE3, 0x18, 0x00, 0x9F, 0xE5, 0x02, 0x50, 0x85, 0x13, 0x00, 0x10, 0x90, 0xE5
	.byte 0xB8, 0x40, 0xC1, 0xE1, 0x00, 0x00, 0x90, 0xE5, 0xBA, 0x50, 0xC0, 0xE1, 0xF8, 0x40, 0xBD, 0xE8
	.byte 0x1E, 0xFF, 0x2F, 0xE1, 0xB8, 0x9F, 0x80, 0x03, 0x20, 0x10, 0x9F, 0xE5, 0x00, 0x30, 0xA0, 0xE3
	.byte 0x03, 0x20, 0xA0, 0xE1, 0x03, 0x03, 0x81, 0xE0, 0x80, 0x2F, 0xC0, 0xE5, 0x01, 0x30, 0x83, 0xE2
	.byte 0x81, 0x2F, 0xC0, 0xE5, 0x08, 0x00, 0x53, 0xE3, 0xF9, 0xFF, 0xFF, 0xBA, 0x1E, 0xFF, 0x2F, 0xE1
	.byte 0xBC, 0x9F, 0x80, 0x03, 0xF0, 0x41, 0x2D, 0xE9, 0x54, 0xC0, 0x9F, 0xE5, 0x18, 0x50, 0x9D, 0xE5
	.byte 0x00, 0x43, 0xDC, 0xE7, 0x01, 0x80, 0xA0, 0xE1, 0x02, 0x70, 0xA0, 0xE1, 0x03, 0x60, 0xA0, 0xE1
	.byte 0x00, 0x00, 0x54, 0xE3, 0x00, 0x43, 0x8C, 0xE0, 0x03, 0x00, 0x00, 0x0A, 0x14, 0x00, 0x84, 0xE2
	.byte 0x7C, 0xED, 0xFF, 0xEB, 0x00, 0x00, 0xA0, 0xE3, 0x00, 0x00, 0xC4, 0xE5, 0x04, 0x80, 0x84, 0xE5
	.byte 0x08, 0x70, 0x84, 0xE5, 0x0C, 0x60, 0x84, 0xE5, 0x1C, 0x00, 0x9D, 0xE5, 0x10, 0x50, 0x84, 0xE5
	.byte 0x01, 0x00, 0xC4, 0xE5, 0x00, 0x00, 0xA0, 0xE3, 0x02, 0x00, 0xC4, 0xE5, 0xF0, 0x41, 0xBD, 0xE8
	.byte 0x1E, 0xFF, 0x2F, 0xE1, 0x3C, 0xAF, 0x80, 0x03, 0xFE, 0x43, 0x2D, 0xE9, 0xA0, 0x10, 0x9F, 0xE5
	.byte 0x00, 0x90, 0xA0, 0xE1, 0x09, 0x03, 0xD1, 0xE7, 0x09, 0x83, 0x81, 0xE0, 0x00, 0x00, 0x50, 0xE3
	.byte 0x03, 0x00, 0x00, 0x0A, 0x14, 0x00, 0x88, 0xE2, 0x66, 0xED, 0xFF, 0xEB, 0x00, 0x00, 0xA0, 0xE3
	.byte 0x00, 0x00, 0xC8, 0xE5, 0x01, 0x10, 0xD8, 0xE5, 0x0C, 0x70, 0x98, 0xE5, 0x10, 0x60, 0x98, 0xE5
	.byte 0x14, 0x00, 0x88, 0xE2, 0x04, 0x50, 0x98, 0xE5, 0x08, 0x40, 0x98, 0xE5, 0x01, 0x94, 0x89, 0xE1
	.byte 0xD7, 0xEC, 0xFF, 0xEB, 0x00, 0x00, 0x56, 0xE3, 0x00, 0x00, 0x57, 0x03, 0x06, 0x00, 0x00, 0x1A
	.byte 0x50, 0x30, 0x9F, 0xE5, 0x05, 0x10, 0xA0, 0xE1, 0x04, 0x20, 0xA0, 0xE1, 0x14, 0x00, 0x88, 0xE2
	.byte 0x00, 0x90, 0x8D, 0xE5, 0x1A, 0xED, 0xFF, 0xEB, 0x09, 0x00, 0x00, 0xEA, 0x64, 0xEC, 0xFF, 0xEB
	.byte 0x30, 0x20, 0x9F, 0xE5, 0x00, 0x00, 0x95, 0xE0, 0x04, 0x02, 0x8D, 0xE9, 0x01, 0x20, 0xA4, 0xE0
	.byte 0x00, 0x10, 0xA0, 0xE1, 0x07, 0x30, 0xA0, 0xE1, 0x14, 0x00, 0x88, 0xE2, 0x00, 0x60, 0x8D, 0xE5
	.byte 0x2B, 0xED, 0xFF, 0xEB, 0x01, 0x00, 0xA0, 0xE3, 0x00, 0x00, 0xC8, 0xE5, 0xFE, 0x43, 0xBD, 0xE8
	.byte 0x1E, 0xFF, 0x2F, 0xE1, 0x3C, 0xAF, 0x80, 0x03, 0x8C, 0x33, 0x80, 0x03, 0x10, 0x40, 0x2D, 0xE9
	.byte 0x30, 0x20, 0x9F, 0xE5, 0x00, 0x13, 0xD2, 0xE7, 0x00, 0x43, 0x82, 0xE0, 0x00, 0x00, 0x51, 0xE3
	.byte 0x06, 0x00, 0x00, 0x0A, 0x14, 0x00, 0x84, 0xE2, 0x3A, 0xED, 0xFF, 0xEB, 0x01, 0x10, 0xD4, 0xE5
	.byte 0x00, 0x00, 0xA0, 0xE3, 0x01, 0x10, 0x81, 0xE2, 0x01, 0x10, 0xC4, 0xE5, 0x00, 0x00, 0xC4, 0xE5
	.byte 0x10, 0x40, 0xBD, 0xE8, 0x1E, 0xFF, 0x2F, 0xE1, 0x3C, 0xAF, 0x80, 0x03, 0xF8, 0x40, 0x2D, 0xE9
	.byte 0x70, 0x10, 0x9F, 0xE5, 0x00, 0x50, 0xA0, 0xE1, 0x05, 0x0C, 0xA0, 0xE1, 0x20, 0x49, 0x81, 0xE0
	.byte 0x01, 0x00, 0xD4, 0xE5, 0x25, 0x14, 0xA0, 0xE1, 0xFF, 0x10, 0x01, 0xE2, 0x00, 0x00, 0x51, 0xE1
	.byte 0x12, 0x00, 0x00, 0x1A, 0x02, 0x00, 0xD4, 0xE5, 0x07, 0x70, 0xA0, 0xE3, 0xFF, 0x00, 0x50, 0xE3
	.byte 0x01, 0x00, 0x80, 0x32, 0x02, 0x00, 0xC4, 0x35, 0x00, 0x60, 0xA0, 0xE3, 0x08, 0x00, 0x00, 0xEA
	.byte 0x07, 0x00, 0xA0, 0xE1, 0x05, 0x10, 0xA0, 0xE1, 0x06, 0x20, 0xA0, 0xE1, 0xC7, 0xF1, 0xFF, 0xEB
	.byte 0x00, 0x00, 0x50, 0xE3, 0x05, 0x00, 0x00, 0xBA, 0x02, 0x00, 0xD4, 0xE5, 0x01, 0x00, 0x40, 0xE2
	.byte 0x02, 0x00, 0xC4, 0xE5, 0x02, 0x00, 0xD4, 0xE5, 0x00, 0x00, 0x50, 0xE3, 0xF3, 0xFF, 0xFF, 0x1A
	.byte 0xF8, 0x40, 0xBD, 0xE8, 0x1E, 0xFF, 0x2F, 0xE1, 0x3C, 0xAF, 0x80, 0x03

	arm_func_start FUN_0380340C
FUN_0380340C: ; 0x0380340C
	stmdb sp!, {r3, lr}
	ldr r0, _03803440 ; =0x0380B13C
	ldr r1, _03803444 ; =0x0380B15C
	mov r2, #8
	bl FUN_037FD514
	ldr r1, _03803448 ; =0x03803ABC
	mov r0, #7
	bl FUN_037FFA90
	ldr r0, _0380344C ; =0x03809FB8
	mov r1, #0
	str r1, [r0]
	ldmia sp!, {r3, lr}
	bx lr
	.balign 4, 0
_03803440: .word 0x0380B13C
_03803444: .word 0x0380B15C
_03803448: .word 0x03803ABC
_0380344C: .word 0x03809FB8
	arm_func_end FUN_0380340C
_03803450:
	.byte 0xF0, 0x4F, 0x2D, 0xE9, 0x34, 0xD0, 0x4D, 0xE2, 0x89, 0x01, 0x00, 0xEA, 0x44, 0xA6, 0x9F, 0xE5
	.byte 0x18, 0x60, 0x9D, 0xE5, 0x01, 0x40, 0x4A, 0xE2, 0x7E, 0x01, 0x00, 0xEA, 0x1C, 0x50, 0x8D, 0xE2
	.byte 0x0F, 0x00, 0xB6, 0xE8, 0x0F, 0x00, 0xA5, 0xE8, 0x03, 0x00, 0x96, 0xE8, 0x03, 0x00, 0x85, 0xE8
	.byte 0x20, 0x00, 0x9D, 0xE5, 0x21, 0x00, 0x50, 0xE3, 0x75, 0x01, 0x00, 0x8A, 0x80, 0x00, 0x8F, 0xE0
	.byte 0xB4, 0x00, 0xD0, 0xE1, 0x00, 0xF0, 0x8F, 0xE0, 0x40, 0x00, 0x58, 0x00, 0x64, 0x00, 0x7C, 0x00
	.byte 0x88, 0x00, 0x98, 0x00, 0xA8, 0x00, 0xC0, 0x00, 0xE8, 0x00, 0xFC, 0x00, 0x10, 0x01, 0x2C, 0x01
	.byte 0x44, 0x01, 0x04, 0x02, 0xE0, 0x03, 0x60, 0x04, 0x98, 0x04, 0xA8, 0x02, 0xF0, 0x02, 0x18, 0x03
	.byte 0x58, 0x03, 0xA0, 0x03, 0xC8, 0x04, 0xD4, 0x04, 0xE0, 0x04, 0xEC, 0x04, 0x04, 0x05, 0x14, 0x05
	.byte 0x24, 0x05, 0x64, 0x05, 0x34, 0x05, 0x44, 0x05, 0x54, 0x05, 0x74, 0x05, 0x24, 0x00, 0x9D, 0xE5
	.byte 0x28, 0x10, 0x9D, 0xE5, 0x2C, 0x20, 0x9D, 0xE5, 0x30, 0x30, 0x9D, 0xE5, 0x1A, 0xF9, 0xFF, 0xEB
	.byte 0x5B, 0x01, 0x00, 0xEA, 0x24, 0x00, 0x9D, 0xE5, 0x23, 0xF9, 0xFF, 0xEB, 0x58, 0x01, 0x00, 0xEA
	.byte 0x24, 0x00, 0x9D, 0xE5, 0x28, 0x10, 0x9D, 0xE5, 0x2C, 0x20, 0x9D, 0xE5, 0x30, 0x30, 0x9D, 0xE5
	.byte 0x81, 0xF8, 0xFF, 0xEB, 0x52, 0x01, 0x00, 0xEA, 0x24, 0x00, 0x9D, 0xE5, 0x06, 0xF9, 0xFF, 0xEB
	.byte 0x4F, 0x01, 0x00, 0xEA, 0x24, 0x00, 0x9D, 0xE5, 0x28, 0x10, 0x9D, 0xE5, 0x2D, 0xF9, 0xFF, 0xEB
	.byte 0x4B, 0x01, 0x00, 0xEA, 0x24, 0x00, 0x9D, 0xE5, 0x28, 0x10, 0x9D, 0xE5, 0x47, 0xF9, 0xFF, 0xEB
	.byte 0x47, 0x01, 0x00, 0xEA, 0x24, 0x00, 0x9D, 0xE5, 0x28, 0x10, 0x9D, 0xE5, 0x2C, 0x20, 0x9D, 0xE5
	.byte 0x30, 0x30, 0x9D, 0xE5, 0xE4, 0xF9, 0xFF, 0xEB, 0x41, 0x01, 0x00, 0xEA, 0x24, 0x10, 0x9D, 0xE5
	.byte 0x21, 0x0C, 0xA0, 0xE1, 0xFF, 0x00, 0x00, 0xE2, 0x00, 0x00, 0x8D, 0xE5, 0xFF, 0x04, 0xC1, 0xE3
	.byte 0x28, 0x10, 0x9D, 0xE5, 0x2C, 0x20, 0x9D, 0xE5, 0x30, 0x30, 0x9D, 0xE5, 0xEB, 0xF9, 0xFF, 0xEB
	.byte 0x37, 0x01, 0x00, 0xEA, 0x24, 0x00, 0x9D, 0xE5, 0x28, 0x10, 0x9D, 0xE5, 0x2C, 0x20, 0x9D, 0xE5
	.byte 0x64, 0xF9, 0xFF, 0xEB, 0x32, 0x01, 0x00, 0xEA, 0x24, 0x00, 0x9D, 0xE5, 0x28, 0x10, 0x9D, 0xE5
	.byte 0x2C, 0x20, 0x9D, 0xE5, 0x7A, 0xF9, 0xFF, 0xEB, 0x2D, 0x01, 0x00, 0xEA, 0x24, 0x00, 0x9D, 0xE5
	.byte 0x28, 0x10, 0x9D, 0xE5, 0x2C, 0x20, 0x9D, 0xE5, 0x02, 0x28, 0xA0, 0xE1, 0x42, 0x28, 0xA0, 0xE1
	.byte 0xDF, 0xFE, 0xFF, 0xEB, 0x26, 0x01, 0x00, 0xEA, 0x24, 0x00, 0x9D, 0xE5, 0x28, 0x10, 0x9D, 0xE5
	.byte 0x01, 0x18, 0xA0, 0xE1, 0x41, 0x18, 0xA0, 0xE1, 0xE1, 0xFE, 0xFF, 0xEB, 0x20, 0x01, 0x00, 0xEA
	.byte 0x2C, 0x70, 0x9D, 0xE5, 0x28, 0x60, 0x9D, 0xE5, 0x24, 0x50, 0x9D, 0xE5, 0x5A, 0xEE, 0xFF, 0xEB
	.byte 0x00, 0x80, 0xA0, 0xE1, 0x00, 0x20, 0xA0, 0xE3, 0x07, 0x00, 0x00, 0xEA, 0x01, 0x00, 0x15, 0xE3
	.byte 0x02, 0x02, 0xA0, 0x11, 0x01, 0x03, 0x80, 0x12, 0x03, 0x14, 0xD0, 0x15, 0x01, 0x20, 0x82, 0xE2
	.byte 0x80, 0x10, 0x81, 0x13, 0x03, 0x14, 0xC0, 0x15, 0xA5, 0x50, 0xA0, 0xE1, 0x10, 0x00, 0x52, 0xE3
	.byte 0x01, 0x00, 0x00, 0xAA, 0x00, 0x00, 0x55, 0xE3, 0xF3, 0xFF, 0xFF, 0x1A, 0x01, 0x00, 0x16, 0xE3
	.byte 0x08, 0x00, 0x00, 0x0A, 0x02, 0x00, 0x16, 0xE3, 0xB0, 0x10, 0xD4, 0x11, 0x80, 0x00, 0x81, 0x13
	.byte 0x02, 0x09, 0x80, 0x13, 0xB0, 0x00, 0xC4, 0x11, 0x00, 0x00, 0xD4, 0x05, 0x80, 0x00, 0x80, 0x03
	.byte 0x00, 0x00, 0xC4, 0x05, 0x03, 0x00, 0x00, 0xEA, 0x02, 0x00, 0x16, 0xE3, 0x00, 0x00, 0xDA, 0x15
	.byte 0x80, 0x00, 0x80, 0x13, 0x00, 0x00, 0xCA, 0x15, 0x00, 0x50, 0xA0, 0xE3, 0x05, 0x00, 0x00, 0xEA
	.byte 0x01, 0x00, 0x17, 0xE3, 0x01, 0x00, 0x00, 0x0A, 0x05, 0x00, 0xA0, 0xE1, 0x05, 0xFF, 0xFF, 0xEB
	.byte 0x01, 0x50, 0x85, 0xE2, 0xA7, 0x70, 0xA0, 0xE1, 0x08, 0x00, 0x55, 0xE3, 0x01, 0x00, 0x00, 0xAA
	.byte 0x00, 0x00, 0x57, 0xE3, 0xF5, 0xFF, 0xFF, 0x1A, 0x08, 0x00, 0xA0, 0xE1, 0x25, 0x00, 0x00, 0xEA
	.byte 0x30, 0x90, 0x9D, 0xE5, 0x2C, 0x70, 0x9D, 0xE5, 0x28, 0x60, 0x9D, 0xE5, 0x24, 0x50, 0x9D, 0xE5
	.byte 0x29, 0xEE, 0xFF, 0xEB, 0x00, 0xB0, 0xA0, 0xE1, 0x00, 0x80, 0xA0, 0xE3, 0x05, 0x00, 0x00, 0xEA
	.byte 0x01, 0x00, 0x17, 0xE3, 0x01, 0x00, 0x00, 0x0A, 0x08, 0x00, 0xA0, 0xE1, 0x1E, 0xFF, 0xFF, 0xEB
	.byte 0x01, 0x80, 0x88, 0xE2, 0xA7, 0x70, 0xA0, 0xE1, 0x08, 0x00, 0x58, 0xE3, 0x01, 0x00, 0x00, 0xAA
	.byte 0x00, 0x00, 0x57, 0xE3, 0xF5, 0xFF, 0xFF, 0x1A, 0x00, 0x70, 0xA0, 0xE3, 0x06, 0x00, 0x00, 0xEA
	.byte 0x01, 0x00, 0x15, 0xE3, 0x02, 0x00, 0x00, 0x0A, 0x07, 0x00, 0xA0, 0xE1, 0x09, 0x10, 0xA0, 0xE1
	.byte 0x79, 0xF2, 0xFF, 0xEB, 0x01, 0x70, 0x87, 0xE2, 0xA5, 0x50, 0xA0, 0xE1, 0x10, 0x00, 0x57, 0xE3
	.byte 0x01, 0x00, 0x00, 0xAA, 0x00, 0x00, 0x55, 0xE3, 0xF4, 0xFF, 0xFF, 0x1A, 0x01, 0x00, 0x16, 0xE3
	.byte 0x00, 0x00, 0xA0, 0x13, 0x00, 0x00, 0xC4, 0x15, 0x02, 0x00, 0x16, 0xE3, 0x00, 0x00, 0xA0, 0x13
	.byte 0x00, 0x00, 0xCA, 0x15, 0x0B, 0x00, 0xA0, 0xE1, 0x0C, 0xEE, 0xFF, 0xEB, 0x8F, 0xFE, 0xFF, 0xEB
	.byte 0xC7, 0x00, 0x00, 0xEA, 0x2C, 0x10, 0x9D, 0xE5, 0xA1, 0x0E, 0xA0, 0xE1, 0x01, 0x00, 0x00, 0xE2
	.byte 0x00, 0x00, 0x8D, 0xE5, 0x21, 0x0E, 0xA0, 0xE1, 0x01, 0x00, 0x00, 0xE2, 0x04, 0x00, 0x8D, 0xE5
	.byte 0xA1, 0x0D, 0xA0, 0xE1, 0x01, 0x00, 0x00, 0xE2, 0x08, 0x00, 0x8D, 0xE5, 0xA1, 0x0F, 0xA0, 0xE1
	.byte 0x01, 0x00, 0x00, 0xE2, 0x21, 0x1F, 0xA0, 0xE1, 0x01, 0x10, 0x01, 0xE2, 0x24, 0x20, 0x9D, 0xE5
	.byte 0x28, 0x30, 0x9D, 0xE5, 0x0A, 0xF4, 0xFF, 0xEB, 0xB5, 0x00, 0x00, 0xEA, 0x30, 0x00, 0x9D, 0xE5
	.byte 0x00, 0x20, 0xA0, 0xE3, 0x04, 0x00, 0x8D, 0xE5, 0x2C, 0x30, 0x9D, 0xE5, 0x00, 0x00, 0xA0, 0xE3
	.byte 0x00, 0x00, 0x8D, 0xE5, 0x24, 0x00, 0x9D, 0xE5, 0x28, 0x10, 0x9D, 0xE5, 0xA0, 0xFE, 0xFF, 0xEB
	.byte 0xAB, 0x00, 0x00, 0xEA, 0x28, 0x60, 0x9D, 0xE5, 0x24, 0x50, 0x9D, 0xE5, 0x00, 0x70, 0xA0, 0xE3
	.byte 0x06, 0x00, 0x00, 0xEA, 0x01, 0x00, 0x15, 0xE3, 0x02, 0x00, 0x00, 0x0A, 0x07, 0x00, 0xA0, 0xE1
	.byte 0x06, 0x10, 0xA0, 0xE1, 0x6C, 0xF2, 0xFF, 0xEB, 0x01, 0x70, 0x87, 0xE2, 0xA5, 0x50, 0xA0, 0xE1
	.byte 0x10, 0x00, 0x57, 0xE3, 0x9E, 0x00, 0x00, 0xAA, 0x00, 0x00, 0x55, 0xE3, 0xF4, 0xFF, 0xFF, 0x1A
	.byte 0x9B, 0x00, 0x00, 0xEA, 0x2C, 0x70, 0x9D, 0xE5, 0x28, 0x60, 0x9D, 0xE5, 0x24, 0x50, 0x9D, 0xE5
	.byte 0x00, 0x80, 0xA0, 0xE3, 0x07, 0x00, 0x00, 0xEA, 0x01, 0x00, 0x15, 0xE3, 0x03, 0x00, 0x00, 0x0A
	.byte 0x08, 0x00, 0xA0, 0xE1, 0x06, 0x10, 0xA0, 0xE1, 0x07, 0x20, 0xA0, 0xE1, 0x3C, 0xF2, 0xFF, 0xEB
	.byte 0x01, 0x80, 0x88, 0xE2, 0xA5, 0x50, 0xA0, 0xE1, 0x10, 0x00, 0x58, 0xE3, 0x8C, 0x00, 0x00, 0xAA
	.byte 0x00, 0x00, 0x55, 0xE3, 0xF3, 0xFF, 0xFF, 0x1A, 0x89, 0x00, 0x00, 0xEA, 0x28, 0x60, 0x9D, 0xE5
	.byte 0x24, 0x50, 0x9D, 0xE5, 0x00, 0x70, 0xA0, 0xE3, 0x06, 0x00, 0x00, 0xEA, 0x01, 0x00, 0x15, 0xE3
	.byte 0x02, 0x00, 0x00, 0x0A, 0x07, 0x00, 0xA0, 0xE1, 0x06, 0x10, 0xA0, 0xE1, 0x50, 0xF2, 0xFF, 0xEB
	.byte 0x01, 0x70, 0x87, 0xE2, 0xA5, 0x50, 0xA0, 0xE1, 0x10, 0x00, 0x57, 0xE3, 0x7C, 0x00, 0x00, 0xAA
	.byte 0x00, 0x00, 0x55, 0xE3, 0xF4, 0xFF, 0xFF, 0x1A, 0x79, 0x00, 0x00, 0xEA, 0x30, 0x30, 0x9D, 0xE5
	.byte 0x24, 0x00, 0x9D, 0xE5, 0x03, 0x18, 0xA0, 0xE1, 0x2C, 0x20, 0x9D, 0xE5, 0x21, 0x18, 0xA0, 0xE1
	.byte 0x00, 0x10, 0x8D, 0xE5, 0x10, 0x12, 0x9F, 0xE5, 0x01, 0x10, 0x02, 0xE0, 0x04, 0x10, 0x8D, 0xE5
	.byte 0x22, 0x1C, 0xA0, 0xE1, 0x7F, 0x10, 0x01, 0xE2, 0x08, 0x10, 0x8D, 0xE5, 0x22, 0x1B, 0xA0, 0xE1
	.byte 0x03, 0x10, 0x01, 0xE2, 0x0C, 0x10, 0x8D, 0xE5, 0x20, 0x18, 0xA0, 0xE1, 0x01, 0x18, 0xA0, 0xE1
	.byte 0x21, 0x18, 0xA0, 0xE1, 0x10, 0x10, 0x8D, 0xE5, 0x23, 0x18, 0xA0, 0xE1, 0x23, 0x2C, 0xA0, 0xE1
	.byte 0x7F, 0x10, 0x01, 0xE2, 0x14, 0x10, 0x8D, 0xE5, 0x28, 0x10, 0x9D, 0xE5, 0x00, 0x08, 0xA0, 0xE1
	.byte 0x23, 0x3D, 0xA0, 0xE1, 0x20, 0x08, 0xA0, 0xE1, 0x3E, 0x13, 0xC1, 0xE3, 0x03, 0x20, 0x02, 0xE2
	.byte 0x03, 0x30, 0x03, 0xE2, 0x75, 0xF1, 0xFF, 0xEB, 0x59, 0x00, 0x00, 0xEA, 0x2C, 0x10, 0x9D, 0xE5
	.byte 0x28, 0x30, 0x9D, 0xE5, 0x01, 0x04, 0xA0, 0xE1, 0x20, 0x08, 0xA0, 0xE1, 0x00, 0x00, 0x8D, 0xE5
	.byte 0x7F, 0x00, 0x01, 0xE2, 0x04, 0x00, 0x8D, 0xE5, 0x24, 0x00, 0x9D, 0xE5, 0x30, 0x10, 0x9D, 0xE5
	.byte 0x7F, 0x20, 0x03, 0xE2, 0x23, 0x34, 0xA0, 0xE1, 0x03, 0x30, 0x03, 0xE2, 0x9A, 0xF1, 0xFF, 0xEB
	.byte 0x4B, 0x00, 0x00, 0xEA, 0x2C, 0x10, 0x9D, 0xE5, 0x28, 0x20, 0x9D, 0xE5, 0x7F, 0x00, 0x01, 0xE2
	.byte 0x00, 0x00, 0x8D, 0xE5, 0x01, 0x04, 0xA0, 0xE1, 0x20, 0x38, 0xA0, 0xE1, 0x24, 0x00, 0x9D, 0xE5
	.byte 0x7F, 0x10, 0x02, 0xE2, 0x22, 0x24, 0xA0, 0xE1, 0x03, 0x20, 0x02, 0xE2, 0xB9, 0xF1, 0xFF, 0xEB
	.byte 0x3F, 0x00, 0x00, 0xEA, 0x24, 0x00, 0x9D, 0xE5, 0x4F, 0xF2, 0xFF, 0xEB, 0x3C, 0x00, 0x00, 0xEA
	.byte 0x24, 0x00, 0x9D, 0xE5, 0x43, 0xF1, 0xFF, 0xEB, 0x39, 0x00, 0x00, 0xEA, 0x24, 0x00, 0x9D, 0xE5
	.byte 0x2C, 0xF2, 0xFF, 0xEB, 0x36, 0x00, 0x00, 0xEA, 0x24, 0x00, 0x9D, 0xE5, 0x28, 0x10, 0x9D, 0xE5
	.byte 0x2C, 0x20, 0x9D, 0xE5, 0x30, 0x30, 0x9D, 0xE5, 0x3E, 0xF1, 0xFF, 0xEB, 0x30, 0x00, 0x00, 0xEA
	.byte 0x24, 0x00, 0x9D, 0xE5, 0x28, 0x10, 0x9D, 0xE5, 0x29, 0xF6, 0xFF, 0xEB, 0x2C, 0x00, 0x00, 0xEA
	.byte 0x24, 0x00, 0x9D, 0xE5, 0x28, 0x10, 0x9D, 0xE5, 0x5A, 0xF6, 0xFF, 0xEB, 0x28, 0x00, 0x00, 0xEA
	.byte 0x24, 0x00, 0x9D, 0xE5, 0x28, 0x10, 0x9D, 0xE5, 0xF5, 0xF5, 0xFF, 0xEB, 0x24, 0x00, 0x00, 0xEA
	.byte 0x24, 0x00, 0x9D, 0xE5, 0x28, 0x10, 0x9D, 0xE5, 0x89, 0xF8, 0xFF, 0xEB, 0x20, 0x00, 0x00, 0xEA
	.byte 0x24, 0x00, 0x9D, 0xE5, 0x28, 0x10, 0x9D, 0xE5, 0xA8, 0xF8, 0xFF, 0xEB, 0x1C, 0x00, 0x00, 0xEA
	.byte 0x24, 0x00, 0x9D, 0xE5, 0x28, 0x10, 0x9D, 0xE5, 0x5E, 0xF6, 0xFF, 0xEB, 0x18, 0x00, 0x00, 0xEA
	.byte 0x24, 0x10, 0x9D, 0xE5, 0xA4, 0x00, 0x9F, 0xE5, 0x00, 0x10, 0x80, 0xE5, 0x14, 0x00, 0x00, 0xEA
	.byte 0x24, 0x50, 0x9D, 0xE5, 0x98, 0x00, 0x9F, 0xE5, 0x05, 0x10, 0xA0, 0xE1, 0x46, 0x2D, 0xA0, 0xE3
	.byte 0xDF, 0xEE, 0xFF, 0xEB, 0x88, 0x00, 0x9F, 0xE5, 0x01, 0x1A, 0x85, 0xE2, 0xC0, 0x01, 0x81, 0xE5
	.byte 0x00, 0x60, 0xA0, 0xE3, 0x06, 0x00, 0xA0, 0xE1, 0x17, 0xF2, 0xFF, 0xEB, 0x06, 0x11, 0x85, 0xE0
	.byte 0x01, 0x1A, 0x81, 0xE2, 0x80, 0x01, 0x81, 0xE5, 0x01, 0x60, 0x86, 0xE2, 0x10, 0x00, 0x56, 0xE3
	.byte 0xF7, 0xFF, 0xFF, 0xBA, 0x00, 0x00, 0xA0, 0xE3, 0x3F, 0xF6, 0xFF, 0xEB, 0x01, 0x1A, 0x85, 0xE2
	.byte 0xC4, 0x01, 0x81, 0xE5, 0x1C, 0x60, 0x9D, 0xE5, 0x00, 0x00, 0x56, 0xE3, 0x7E, 0xFE, 0xFF, 0x1A
	.byte 0x38, 0x00, 0x9F, 0xE5, 0x00, 0x10, 0x90, 0xE5, 0x00, 0x00, 0x91, 0xE5, 0x01, 0x00, 0x80, 0xE2
	.byte 0x00, 0x00, 0x81, 0xE5, 0x2C, 0x00, 0x9F, 0xE5, 0x18, 0x10, 0x8D, 0xE2, 0x00, 0x20, 0xA0, 0xE3
	.byte 0xCC, 0xE6, 0xFF, 0xEB, 0x00, 0x00, 0x50, 0xE3, 0x6F, 0xFE, 0xFF, 0x1A, 0x34, 0xD0, 0x8D, 0xE2
	.byte 0xF0, 0x4F, 0xBD, 0xE8, 0x1E, 0xFF, 0x2F, 0xE1, 0x09, 0x05, 0x00, 0x04, 0xFF, 0xFF, 0x3F, 0x00
	.byte 0xB8, 0x9F, 0x80, 0x03, 0xBC, 0x9F, 0x80, 0x03, 0x3C, 0xB1, 0x80, 0x03, 0x38, 0x40, 0x2D, 0xE9
	.byte 0x01, 0x50, 0xA0, 0xE1, 0x24, 0xED, 0xFF, 0xEB, 0x00, 0x40, 0xA0, 0xE1, 0x02, 0x04, 0x55, 0xE3
	.byte 0x04, 0x00, 0x00, 0x3A, 0x28, 0x00, 0x9F, 0xE5, 0x05, 0x10, 0xA0, 0xE1, 0x00, 0x20, 0xA0, 0xE3
	.byte 0x95, 0xE6, 0xFF, 0xEB, 0x02, 0x00, 0x00, 0xEA, 0x00, 0x00, 0x55, 0xE3, 0x00, 0x00, 0x00, 0x1A
	.byte 0xDD, 0xF2, 0xFF, 0xEB, 0x04, 0x00, 0xA0, 0xE1, 0x1C, 0xED, 0xFF, 0xEB, 0x38, 0x40, 0xBD, 0xE8
	.byte 0x1E, 0xFF, 0x2F, 0xE1, 0x3C, 0xB1, 0x80, 0x03

	arm_func_start FUN_03803B08
FUN_03803B08: ; 0x03803B08
	stmdb sp!, {r1, r2, r3, r4, r5, r6, r7, r8, sb, lr}
	ldr r1, _03803C04 ; =0x0380B17C
	mov r6, r0
	ldrh r0, [r1]
	cmp r0, #0
	bne _03803BFC
	ldr r0, _03803C08 ; =0x0380B180
	mov r5, #0
	str r5, [r0]
	mov r3, #1
	mov r2, #5
	strh r3, [r1]
	str r2, [r0, #4]
	bl FUN_03804EFC
	bl FUN_02FE1484
	bl FUN_038059B8
	bl FUN_03803FD4
	bl FUN_037FF9A8
	mov r0, #6
	ldr r4, _03803C0C ; =0x03803F70
	mov r1, r4
	bl FUN_037FFA90
	mov r0, #9
	mov r1, r4
	bl FUN_037FFA90
	mov r0, #8
	mov r1, r4
	bl FUN_037FFA90
	mov r1, r4
	mov r0, #4
	bl FUN_037FFA90
	ldr r0, _03803C10 ; =0x0380B42C
	ldr r1, _03803C14 ; =0x0380B44C
	mov r2, #0x10
	bl FUN_037FD514
	ldr sb, _03803C18 ; =0x0380B48C
	mov r8, #0x18
	mov r4, r5
	mov r7, r8
_03803BA4:
	mla r0, r5, r7, sb
	mov r1, r4
	mov r2, r8
	bl FUN_037FF6B0
	add r5, r5, #1
	cmp r5, #0x10
	blt _03803BA4
	ldr r0, _03803C08 ; =0x0380B180
	ldr r5, _03803C1C ; =0x0380B188
	str r4, [r0, #0x48c]
	str r4, [r0, #0x494]
	str r4, [r0, #0x490]
	mov r0, #0x200
	str r0, [sp]
	ldr r1, _03803C20 ; =0x03803F08
	ldr r3, _03803C10 ; =0x0380B42C
	mov r0, r5
	mov r2, r4
	str r6, [sp, #4]
	bl FUN_037FCCC4
	mov r0, r5
	bl FUN_037FCFD4
_03803BFC:
	ldmia sp!, {r1, r2, r3, r4, r5, r6, r7, r8, sb, lr}
	bx lr
	.balign 4, 0
_03803C04: .word 0x0380B17C
_03803C08: .word 0x0380B180
_03803C0C: .word 0x03803F70
_03803C10: .word 0x0380B42C
_03803C14: .word 0x0380B44C
_03803C18: .word 0x0380B48C
_03803C1C: .word 0x0380B188
_03803C20: .word 0x03803F08
	arm_func_end FUN_03803B08

	arm_func_start FUN_03803C24
FUN_03803C24: ; 0x03803C24
	stmdb sp!, {r3, r4, r5, r6, r7, lr}
	ldr r6, _03803C80 ; =0x0380B610
	ldr r5, _03803C84 ; =0x0380B180
	mov r4, r0
_03803C34:
	bl FUN_037FEF5C
	ldr r1, [r5]
	mov r7, r0
	cmp r1, #0
	beq _03803C5C
	mov r0, r6
	bl FUN_037FCF04
	mov r0, r7
	bl FUN_037FEF70
	b _03803C34
_03803C5C:
	ldr r1, _03803C84 ; =0x0380B180
	mov r2, #1
	str r2, [r1]
	mov r2, #4
	str r2, [r1, #4]
	str r4, [r1, #0x498]
	bl FUN_037FEF70
	ldmia sp!, {r3, r4, r5, r6, r7, lr}
	bx lr
	.balign 4, 0
_03803C80: .word 0x0380B610
_03803C84: .word 0x0380B180
	arm_func_end FUN_03803C24

	arm_func_start FUN_03803C88
FUN_03803C88: ; 0x03803C88
	stmdb sp!, {r4, lr}
	ldr r4, _03803CDC ; =0x0380B180
	ldr r1, [r4]
	cmp r1, #0
	beq _03803CD4
	ldr r1, [r4, #4]
	cmp r1, #4
	ldreq r1, [r4, #0x498]
	cmpeq r1, r0
	bne _03803CD4
	bl FUN_037FEF5C
	mov r1, #5
	str r1, [r4, #4]
	mov r1, #0
	str r1, [r4]
	str r1, [r4, #0x498]
	bl FUN_037FEF70
	ldr r0, _03803CE0 ; =0x0380B610
	bl FUN_037FCF58
_03803CD4:
	ldmia sp!, {r4, lr}
	bx lr
	.balign 4, 0
_03803CDC: .word 0x0380B180
_03803CE0: .word 0x0380B610
	arm_func_end FUN_03803C88
_03803CE4:
	.byte 0x70, 0x40, 0x2D, 0xE9, 0x70, 0x20, 0x00, 0xE2, 0x30, 0x00, 0x52, 0xE3
	.byte 0x09, 0x00, 0x00, 0xCA, 0x1B, 0x00, 0x00, 0xAA, 0x10, 0x00, 0x52, 0xE3, 0x03, 0x00, 0x00, 0xCA
	.byte 0x12, 0x00, 0x00, 0xAA, 0x00, 0x00, 0x52, 0xE3, 0x10, 0x00, 0x00, 0x0A, 0x16, 0x00, 0x00, 0xEA
	.byte 0x20, 0x00, 0x52, 0xE3, 0x13, 0x00, 0x00, 0x0A, 0x13, 0x00, 0x00, 0xEA, 0x50, 0x00, 0x52, 0xE3
	.byte 0x03, 0x00, 0x00, 0xCA, 0x0B, 0x00, 0x00, 0xAA, 0x40, 0x00, 0x52, 0xE3, 0x09, 0x00, 0x00, 0x0A
	.byte 0x0D, 0x00, 0x00, 0xEA, 0x60, 0x00, 0x52, 0xE3, 0x01, 0x00, 0x00, 0xCA, 0x07, 0x00, 0x00, 0x0A
	.byte 0x09, 0x00, 0x00, 0xEA, 0x70, 0x00, 0x52, 0xE3, 0x04, 0x00, 0x00, 0x0A, 0x06, 0x00, 0x00, 0xEA
	.byte 0x06, 0x40, 0xA0, 0xE3, 0x04, 0x00, 0x00, 0xEA, 0x09, 0x40, 0xA0, 0xE3, 0x02, 0x00, 0x00, 0xEA
	.byte 0x08, 0x40, 0xA0, 0xE3, 0x00, 0x00, 0x00, 0xEA, 0x04, 0x40, 0xA0, 0xE3, 0xFF, 0x00, 0x00, 0xE2
	.byte 0x80, 0x00, 0x80, 0xE3, 0x00, 0x04, 0xA0, 0xE1, 0x03, 0x24, 0x80, 0xE3, 0xFF, 0x00, 0x01, 0xE2
	.byte 0x00, 0x60, 0x82, 0xE1, 0x00, 0x50, 0xA0, 0xE3, 0x04, 0x00, 0xA0, 0xE1, 0x06, 0x10, 0xA0, 0xE1
	.byte 0x05, 0x20, 0xA0, 0xE1, 0x59, 0xEF, 0xFF, 0xEB, 0x00, 0x00, 0x50, 0xE3, 0xF9, 0xFF, 0xFF, 0xBA
	.byte 0x70, 0x40, 0xBD, 0xE8, 0x1E, 0xFF, 0x2F, 0xE1, 0x10, 0x00, 0x9F, 0xE5, 0x00, 0x00, 0x90, 0xE5
	.byte 0x00, 0x00, 0x50, 0xE3, 0x01, 0x00, 0xA0, 0x03, 0x00, 0x00, 0xA0, 0x13, 0x1E, 0xFF, 0x2F, 0xE1
	.byte 0x80, 0xB1, 0x80, 0x03, 0x0C, 0x10, 0x9F, 0xE5, 0x01, 0x20, 0xA0, 0xE3, 0x00, 0x20, 0x81, 0xE5
	.byte 0x04, 0x00, 0x81, 0xE5, 0x1E, 0xFF, 0x2F, 0xE1, 0x80, 0xB1, 0x80, 0x03, 0x08, 0x40, 0x2D, 0xE9
	.byte 0x28, 0x10, 0x9F, 0xE5, 0x04, 0x20, 0x91, 0xE5, 0x00, 0x00, 0x52, 0xE1, 0x05, 0x00, 0x00, 0x1A
	.byte 0x1C, 0x00, 0x9F, 0xE5, 0x05, 0x20, 0xA0, 0xE3, 0x04, 0x20, 0x81, 0xE5, 0x00, 0x20, 0xA0, 0xE3
	.byte 0x00, 0x20, 0x81, 0xE5, 0x53, 0xE4, 0xFF, 0xEB, 0x08, 0x40, 0xBD, 0xE8, 0x1E, 0xFF, 0x2F, 0xE1
	.byte 0x80, 0xB1, 0x80, 0x03, 0x10, 0xB6, 0x80, 0x03, 0x0F, 0x00, 0x2D, 0xE9, 0x70, 0x40, 0x2D, 0xE9
	.byte 0xB8, 0x21, 0xDD, 0xE1, 0x00, 0x50, 0xA0, 0xE1, 0x04, 0x00, 0x52, 0xE3, 0x01, 0x40, 0xA0, 0xE1
	.byte 0x18, 0x60, 0xA0, 0xE3, 0x00, 0x00, 0xA0, 0x83, 0x23, 0x00, 0x00, 0x8A, 0x46, 0xEC, 0xFF, 0xEB
	.byte 0x90, 0x30, 0x9F, 0xE5, 0x90, 0xC0, 0x9F, 0xE5, 0x8C, 0x24, 0x93, 0xE5, 0x18, 0x10, 0x8D, 0xE2
	.byte 0x92, 0x06, 0x0E, 0xE0, 0x84, 0x20, 0x9F, 0xE5, 0x0E, 0x50, 0x82, 0xE7, 0x8C, 0x54, 0x93, 0xE5
	.byte 0x03, 0x20, 0xC1, 0xE3, 0x95, 0x06, 0x0E, 0xE0, 0x0E, 0x40, 0x8C, 0xE7, 0xB8, 0x11, 0xDD, 0xE1
	.byte 0x04, 0x50, 0x82, 0xE2, 0x00, 0xC0, 0xA0, 0xE3, 0x06, 0x00, 0x00, 0xEA, 0x8C, 0x44, 0x93, 0xE5
	.byte 0x04, 0x50, 0x85, 0xE2, 0x94, 0x36, 0x22, 0xE0, 0x0C, 0x21, 0x82, 0xE0, 0x04, 0x40, 0x15, 0xE5
	.byte 0x01, 0xC0, 0x8C, 0xE2, 0x14, 0x43, 0x82, 0xE5, 0x01, 0x00, 0x5C, 0xE1, 0xF6, 0xFF, 0xFF, 0xBA
	.byte 0x30, 0x10, 0x9F, 0xE5, 0x8C, 0x44, 0x91, 0xE5, 0x01, 0x20, 0x84, 0xE2, 0x0F, 0x20, 0x02, 0xE2
	.byte 0x8C, 0x24, 0x81, 0xE5, 0x2D, 0xEC, 0xFF, 0xEB, 0x20, 0x00, 0x9F, 0xE5, 0x00, 0x20, 0xA0, 0xE3
	.byte 0x94, 0x06, 0x21, 0xE0, 0x18, 0x00, 0x9F, 0xE5, 0x9B, 0xE5, 0xFF, 0xEB, 0x70, 0x40, 0xBD, 0xE8
	.byte 0x10, 0xD0, 0x8D, 0xE2, 0x1E, 0xFF, 0x2F, 0xE1, 0x80, 0xB1, 0x80, 0x03, 0x90, 0xB4, 0x80, 0x03
	.byte 0x8C, 0xB4, 0x80, 0x03, 0x2C, 0xB4, 0x80, 0x03, 0x08, 0x40, 0x2D, 0xE9, 0x10, 0x00, 0x9F, 0xE5
	.byte 0x00, 0x10, 0x8D, 0xE2, 0x00, 0x20, 0xA0, 0xE3, 0xFE, 0xE5, 0xFF, 0xEB, 0x08, 0x40, 0xBD, 0xE8
	.byte 0x1E, 0xFF, 0x2F, 0xE1, 0x2C, 0xB4, 0x80, 0x03, 0x7C, 0x40, 0x2D, 0xE9, 0x58, 0x60, 0x9F, 0xE5
	.byte 0x00, 0x50, 0x8D, 0xE2, 0x01, 0x40, 0xA0, 0xE3, 0x06, 0x00, 0xA0, 0xE1, 0x05, 0x10, 0xA0, 0xE1
	.byte 0x04, 0x20, 0xA0, 0xE1, 0xA7, 0xE5, 0xFF, 0xEB, 0x00, 0x00, 0x9D, 0xE5, 0x00, 0x10, 0x90, 0xE5
	.byte 0x03, 0x00, 0x51, 0xE3, 0xF7, 0xFF, 0xFF, 0x8A, 0x81, 0x10, 0x8F, 0xE0, 0xB4, 0x10, 0xD1, 0xE1
	.byte 0x01, 0xF0, 0x8F, 0xE0, 0x04, 0x00, 0x1C, 0x00, 0x0C, 0x00, 0x14, 0x00, 0xC9, 0x04, 0x00, 0xEB
	.byte 0xF0, 0xFF, 0xFF, 0xEA, 0x6D, 0x07, 0x00, 0xEB, 0xEE, 0xFF, 0xFF, 0xEA, 0x79, 0x00, 0x00, 0xEB
	.byte 0xEC, 0xFF, 0xFF, 0xEA, 0xC4, 0x75, 0xDF, 0xEB, 0xEA, 0xFF, 0xFF, 0xEA, 0x2C, 0xB4, 0x80, 0x03
	.byte 0x08, 0x40, 0x2D, 0xE9, 0x00, 0x00, 0x52, 0xE3, 0x13, 0x00, 0x00, 0x1A, 0x04, 0x00, 0x40, 0xE2
	.byte 0x05, 0x00, 0x50, 0xE3, 0x10, 0x00, 0x00, 0x8A, 0x80, 0x00, 0x8F, 0xE0, 0xB4, 0x00, 0xD0, 0xE1
	.byte 0x00, 0xF0, 0x8F, 0xE0, 0x2C, 0x00, 0x34, 0x00, 0x08, 0x00, 0x34, 0x00, 0x20, 0x00, 0x14, 0x00
	.byte 0x01, 0x00, 0xA0, 0xE1, 0x1A, 0x04, 0x00, 0xEB, 0x07, 0x00, 0x00, 0xEA, 0x01, 0x00, 0xA0, 0xE1
	.byte 0x94, 0x06, 0x00, 0xEB, 0x04, 0x00, 0x00, 0xEA, 0x01, 0x00, 0xA0, 0xE1, 0x19, 0x00, 0x00, 0xEB
	.byte 0x01, 0x00, 0x00, 0xEA, 0x01, 0x00, 0xA0, 0xE1, 0x37, 0x75, 0xDF, 0xEB, 0x08, 0x40, 0xBD, 0xE8
	.byte 0x1E, 0xFF, 0x2F, 0xE1

	arm_func_start FUN_03803FD4
FUN_03803FD4: ; 0x03803FD4
	stmdb sp!, {r3, lr}
	ldr r0, _03804020 ; =0x0380B61C
	mov r1, #1
	str r1, [r0]
	mov r3, #0
	str r3, [r0, #0x24]
	ldr r0, _03804024 ; =0x0380B620
	mov r2, r3
_03803FF4:
	mov r1, r3, lsl #1
	add r3, r3, #1
	strh r2, [r0, r1]
	cmp r3, #0x10
	blt _03803FF4
	bl FUN_037FD4BC
	cmp r0, #0
	beq _03804018
	bl FUN_030176D0
_03804018:
	ldmia sp!, {r3, lr}
	bx lr
	.balign 4, 0
_03804020: .word 0x0380B61C
_03804024: .word 0x0380B620
	arm_func_end FUN_03803FD4
_03804028:
	.byte 0x7C, 0x40, 0x2D, 0xE9, 0x02, 0x04, 0x10, 0xE3
	.byte 0x00, 0x40, 0xA0, 0xE3, 0x06, 0x00, 0x00, 0x0A, 0xF8, 0x10, 0x9F, 0xE5, 0x04, 0x30, 0xA0, 0xE1
	.byte 0x83, 0x20, 0xA0, 0xE1, 0x01, 0x30, 0x83, 0xE2, 0xB2, 0x40, 0x81, 0xE1, 0x10, 0x00, 0x53, 0xE3
	.byte 0xFA, 0xFF, 0xFF, 0xBA, 0xDC, 0x10, 0x9F, 0xE5, 0x0F, 0x28, 0x00, 0xE2, 0x22, 0x28, 0xA0, 0xE1
	.byte 0x82, 0x20, 0xA0, 0xE1, 0xB2, 0x00, 0x81, 0xE1, 0x01, 0x04, 0x10, 0xE3, 0x2F, 0x00, 0x00, 0x0A
	.byte 0xC4, 0x10, 0x9F, 0xE5, 0xB4, 0x20, 0xD1, 0xE1, 0xFF, 0x0C, 0x02, 0xE2, 0x00, 0x04, 0xA0, 0xE1
	.byte 0x20, 0x58, 0xA0, 0xE1, 0x60, 0x00, 0x55, 0xE3, 0x04, 0x00, 0x00, 0x0A, 0x61, 0x00, 0x55, 0xE3
	.byte 0x15, 0x00, 0x00, 0x0A, 0x62, 0x00, 0x55, 0xE3, 0x09, 0x00, 0x00, 0x0A, 0x1F, 0x00, 0x00, 0xEA
	.byte 0x98, 0x50, 0x9F, 0xE5, 0x08, 0x60, 0xA0, 0xE3, 0x06, 0x00, 0xA0, 0xE1, 0x05, 0x10, 0xA0, 0xE1
	.byte 0x04, 0x20, 0xA0, 0xE1, 0x91, 0xEE, 0xFF, 0xEB, 0x00, 0x00, 0x50, 0xE3, 0xF9, 0xFF, 0xFF, 0xBA
	.byte 0x1A, 0x00, 0x00, 0xEA, 0xB6, 0x40, 0xD1, 0xE1, 0x05, 0x10, 0xA0, 0xE1, 0xFF, 0x30, 0x02, 0xE2
	.byte 0x03, 0x00, 0xA0, 0xE3, 0x02, 0x20, 0xA0, 0xE3, 0x00, 0x40, 0x8D, 0xE5, 0x4D, 0xFF, 0xFF, 0xEB
	.byte 0x00, 0x00, 0x50, 0xE3, 0x11, 0x00, 0x00, 0x1A, 0x08, 0x00, 0x00, 0xEA, 0xB6, 0x40, 0xD1, 0xE1
	.byte 0x05, 0x10, 0xA0, 0xE1, 0xFF, 0x30, 0x02, 0xE2, 0x03, 0x00, 0xA0, 0xE3, 0x02, 0x20, 0xA0, 0xE3
	.byte 0x00, 0x40, 0x8D, 0xE5, 0x43, 0xFF, 0xFF, 0xEB, 0x00, 0x00, 0x50, 0xE3, 0x07, 0x00, 0x00, 0x1A
	.byte 0x2C, 0x10, 0x9F, 0xE5, 0x05, 0x00, 0xA0, 0xE1, 0x01, 0x20, 0xA0, 0xE3, 0x02, 0x00, 0x00, 0xEA
	.byte 0x05, 0x00, 0xA0, 0xE1, 0x01, 0x10, 0xA0, 0xE3, 0x00, 0x20, 0xA0, 0xE3, 0x5F, 0x00, 0x00, 0xEB
	.byte 0x7C, 0x40, 0xBD, 0xE8, 0x1E, 0xFF, 0x2F, 0xE1, 0x20, 0xB6, 0x80, 0x03, 0x1C, 0xB6, 0x80, 0x03
	.byte 0x00, 0xE0, 0x00, 0x03, 0xFF, 0xFF, 0x00, 0x00, 0xF0, 0x41, 0x2D, 0xE9, 0x00, 0x40, 0xA0, 0xE1
	.byte 0x01, 0x50, 0xA0, 0xE3, 0x00, 0x60, 0xA0, 0xE3, 0x7F, 0xEB, 0xFF, 0xEB, 0x03, 0x70, 0xA0, 0xE3
	.byte 0x00, 0x80, 0xA0, 0xE1, 0x07, 0x00, 0xA0, 0xE1, 0x0E, 0xFF, 0xFF, 0xEB, 0x00, 0x00, 0x50, 0xE3
	.byte 0x08, 0x00, 0x00, 0x1A, 0x08, 0x00, 0xA0, 0xE1, 0x7C, 0xEB, 0xFF, 0xEB, 0x04, 0x00, 0x94, 0xE5
	.byte 0x18, 0x11, 0x9F, 0xE5, 0x00, 0x08, 0xA0, 0xE1, 0x20, 0x08, 0xA0, 0xE1, 0x05, 0x20, 0xA0, 0xE1
	.byte 0x46, 0x00, 0x00, 0xEB, 0x3F, 0x00, 0x00, 0xEA, 0x07, 0x00, 0xA0, 0xE1, 0x08, 0xFF, 0xFF, 0xEB
	.byte 0x08, 0x00, 0xA0, 0xE1, 0x71, 0xEB, 0xFF, 0xEB, 0x04, 0x00, 0x94, 0xE5, 0x61, 0x00, 0x50, 0xE3
	.byte 0x14, 0x00, 0x00, 0x0A, 0x62, 0x00, 0x50, 0xE3, 0x02, 0x00, 0x00, 0x0A, 0x64, 0x00, 0x50, 0xE3
	.byte 0x2A, 0x00, 0x00, 0x0A, 0x2C, 0x00, 0x00, 0xEA, 0xD4, 0x70, 0x9F, 0xE5, 0x08, 0x80, 0xA0, 0xE3
	.byte 0x08, 0x00, 0xA0, 0xE1, 0x07, 0x10, 0xA0, 0xE1, 0x06, 0x20, 0xA0, 0xE1, 0x47, 0xEE, 0xFF, 0xEB
	.byte 0x00, 0x00, 0x50, 0xE3, 0xF9, 0xFF, 0xFF, 0xBA, 0xB8, 0x00, 0x9F, 0xE5, 0x24, 0x50, 0x80, 0xE5
	.byte 0x08, 0x20, 0x94, 0xE5, 0x0C, 0x10, 0x94, 0xE5, 0x3F, 0x00, 0x02, 0xE2, 0xC0, 0x20, 0x02, 0xE2
	.byte 0x43, 0x02, 0x00, 0xEB, 0x21, 0x00, 0x00, 0xEA, 0x98, 0x00, 0x9F, 0xE5, 0x02, 0x10, 0xA0, 0xE3
	.byte 0x24, 0x10, 0x80, 0xE5, 0x08, 0x70, 0x94, 0xE5, 0x0C, 0x80, 0x94, 0xE5, 0x14, 0x00, 0x57, 0xE3
	.byte 0x0E, 0x00, 0x57, 0x13, 0x01, 0x00, 0x00, 0x0A, 0x13, 0x00, 0x57, 0xE3, 0x07, 0x00, 0x00, 0x1A
	.byte 0x74, 0x40, 0x9F, 0xE5, 0x08, 0x50, 0xA0, 0xE3, 0x05, 0x00, 0xA0, 0xE1, 0x04, 0x10, 0xA0, 0xE1
	.byte 0x06, 0x20, 0xA0, 0xE1, 0x2D, 0xEE, 0xFF, 0xEB, 0x00, 0x00, 0x50, 0xE3, 0xF9, 0xFF, 0xFF, 0xBA
	.byte 0x08, 0x18, 0xA0, 0xE1, 0x07, 0x00, 0xA0, 0xE1, 0x21, 0x18, 0xA0, 0xE1, 0x85, 0x00, 0x00, 0xEB
	.byte 0x00, 0x10, 0xA0, 0xE1, 0x61, 0x00, 0xA0, 0xE3, 0x00, 0x20, 0xA0, 0xE3, 0x06, 0x00, 0x00, 0xEA
	.byte 0x08, 0x00, 0x94, 0xE5, 0xA0, 0x01, 0x00, 0xEB, 0x04, 0x00, 0x00, 0xEA, 0x00, 0x08, 0xA0, 0xE1
	.byte 0x20, 0x08, 0xA0, 0xE1, 0x05, 0x10, 0xA0, 0xE1, 0x06, 0x20, 0xA0, 0xE1, 0x07, 0x00, 0x00, 0xEB
	.byte 0x03, 0x00, 0xA0, 0xE3, 0xD0, 0xFE, 0xFF, 0xEB, 0xF0, 0x41, 0xBD, 0xE8, 0x1E, 0xFF, 0x2F, 0xE1
	.byte 0xFF, 0xFF, 0x00, 0x00, 0x00, 0xE2, 0x00, 0x03, 0x1C, 0xB6, 0x80, 0x03, 0x00, 0xE1, 0x00, 0x03
	.byte 0x70, 0x40, 0x2D, 0xE9, 0xFF, 0x00, 0x00, 0xE2, 0x80, 0x00, 0x80, 0xE3, 0x00, 0x04, 0xA0, 0xE1
	.byte 0x03, 0x34, 0x80, 0xE3, 0xFF, 0x00, 0x01, 0xE2, 0x02, 0x60, 0xA0, 0xE1, 0x00, 0x50, 0x83, 0xE1
	.byte 0x08, 0x40, 0xA0, 0xE3, 0x04, 0x00, 0xA0, 0xE1, 0x05, 0x10, 0xA0, 0xE1, 0x06, 0x20, 0xA0, 0xE1
	.byte 0x06, 0xEE, 0xFF, 0xEB, 0x00, 0x00, 0x50, 0xE3, 0xF9, 0xFF, 0xFF, 0xBA, 0x70, 0x40, 0xBD, 0xE8
	.byte 0x1E, 0xFF, 0x2F, 0xE1, 0x70, 0x40, 0x2D, 0xE9, 0x00, 0x04, 0xA0, 0xE1, 0x7F, 0x2C, 0x00, 0xE2
	.byte 0xFF, 0x00, 0x01, 0xE2, 0x00, 0x60, 0x82, 0xE1, 0x08, 0x50, 0xA0, 0xE3, 0x00, 0x40, 0xA0, 0xE3
	.byte 0x05, 0x00, 0xA0, 0xE1, 0x06, 0x10, 0xA0, 0xE1, 0x04, 0x20, 0xA0, 0xE1, 0xF7, 0xED, 0xFF, 0xEB
	.byte 0x00, 0x00, 0x50, 0xE3, 0xF9, 0xFF, 0xFF, 0x1A, 0x70, 0x40, 0xBD, 0xE8, 0x1E, 0xFF, 0x2F, 0xE1
	.byte 0x70, 0x40, 0x2D, 0xE9, 0x40, 0x50, 0x9F, 0xE5, 0x01, 0x60, 0xA0, 0xE1, 0xB0, 0x10, 0xD5, 0xE1
	.byte 0x80, 0x00, 0x11, 0xE3, 0xFC, 0xFF, 0xFF, 0x1A, 0x30, 0x40, 0x9F, 0xE5, 0xFF, 0x00, 0x00, 0xE2
	.byte 0xB0, 0x40, 0xC5, 0xE1, 0x06, 0x1C, 0x84, 0xE2, 0xB0, 0x10, 0xC5, 0xE1, 0x09, 0x00, 0x00, 0xEB
	.byte 0x02, 0x1C, 0x44, 0xE2, 0x18, 0x00, 0x9F, 0xE5, 0xB0, 0x10, 0xC5, 0xE1, 0xFF, 0x10, 0x06, 0xE2
	.byte 0xB0, 0x10, 0xC0, 0xE1, 0x70, 0x40, 0xBD, 0xE8, 0x1E, 0xFF, 0x2F, 0xE1, 0xC0, 0x01, 0x00, 0x04
	.byte 0x02, 0x82, 0x00, 0x00, 0xC2, 0x01, 0x00, 0x04, 0x18, 0x10, 0x9F, 0xE5, 0xFF, 0x00, 0x00, 0xE2
	.byte 0xB0, 0x00, 0xC1, 0xE1, 0x02, 0x10, 0x41, 0xE2, 0xB0, 0x00, 0xD1, 0xE1, 0x80, 0x00, 0x10, 0xE3
	.byte 0xFC, 0xFF, 0xFF, 0x1A, 0x1E, 0xFF, 0x2F, 0xE1, 0xC2, 0x01, 0x00, 0x04, 0x38, 0x40, 0x2D, 0xE9
	.byte 0x5C, 0x50, 0x9F, 0xE5, 0xB0, 0x10, 0xD5, 0xE1, 0x80, 0x00, 0x11, 0xE3, 0xFC, 0xFF, 0xFF, 0x1A
	.byte 0x50, 0x40, 0x9F, 0xE5, 0x80, 0x00, 0x80, 0xE3, 0xB0, 0x40, 0xC5, 0xE1, 0x06, 0x1C, 0x84, 0xE2
	.byte 0xFF, 0x00, 0x00, 0xE2, 0xB0, 0x10, 0xC5, 0xE1, 0xEA, 0xFF, 0xFF, 0xEB, 0x02, 0x1C, 0x44, 0xE2
	.byte 0x34, 0x00, 0x9F, 0xE5, 0xB0, 0x10, 0xC5, 0xE1, 0x00, 0x10, 0xA0, 0xE3, 0xB0, 0x10, 0xC0, 0xE1
	.byte 0x02, 0x10, 0x40, 0xE2, 0xB0, 0x00, 0xD1, 0xE1, 0x80, 0x00, 0x10, 0xE3, 0xFC, 0xFF, 0xFF, 0x1A
	.byte 0x14, 0x00, 0x9F, 0xE5, 0xB0, 0x00, 0xD0, 0xE1, 0xFF, 0x00, 0x00, 0xE2, 0x38, 0x40, 0xBD, 0xE8
	.byte 0x1E, 0xFF, 0x2F, 0xE1, 0xC0, 0x01, 0x00, 0x04, 0x02, 0x82, 0x00, 0x00, 0xC2, 0x01, 0x00, 0x04
	.byte 0x38, 0x40, 0x2D, 0xE9, 0x00, 0x40, 0xA0, 0xE3, 0x00, 0x50, 0xA0, 0xE1, 0x04, 0x00, 0xA0, 0xE1
	.byte 0xDD, 0xFF, 0xFF, 0xEB, 0x05, 0x10, 0x80, 0xE1, 0x04, 0x00, 0xA0, 0xE1, 0xBB, 0xFF, 0xFF, 0xEB
	.byte 0x38, 0x40, 0xBD, 0xE8, 0x1E, 0xFF, 0x2F, 0xE1, 0x38, 0x40, 0x2D, 0xE9, 0x00, 0x40, 0xA0, 0xE3
	.byte 0x00, 0x50, 0xA0, 0xE1, 0x04, 0x00, 0xA0, 0xE1, 0xD3, 0xFF, 0xFF, 0xEB, 0x05, 0x10, 0xE0, 0xE1
	.byte 0xFF, 0x10, 0x01, 0xE2, 0x01, 0x10, 0x00, 0xE0, 0x04, 0x00, 0xA0, 0xE1, 0xAF, 0xFF, 0xFF, 0xEB
	.byte 0x38, 0x40, 0xBD, 0xE8, 0x1E, 0xFF, 0x2F, 0xE1, 0xF0, 0x41, 0x2D, 0xE9, 0xF4, 0x43, 0x9F, 0xE5
	.byte 0x01, 0x80, 0xA0, 0xE1, 0x19, 0x00, 0x50, 0xE3, 0x02, 0x50, 0xA0, 0xE3, 0x03, 0x60, 0xA0, 0xE3
	.byte 0x01, 0x70, 0xA0, 0xE3, 0xF4, 0x00, 0x00, 0x8A, 0x80, 0x00, 0x8F, 0xE0, 0xB4, 0x00, 0xD0, 0xE1
	.byte 0x00, 0xF0, 0x8F, 0xE0, 0xC4, 0x03, 0x30, 0x00, 0x44, 0x00, 0x54, 0x00, 0x64, 0x00, 0x70, 0x00
	.byte 0x7C, 0x00, 0x84, 0x00, 0x8C, 0x00, 0x94, 0x00, 0x9C, 0x00, 0xA8, 0x00, 0xB0, 0x00, 0xB8, 0x00
	.byte 0x38, 0x01, 0x3C, 0x01, 0xCC, 0x02, 0x14, 0x03, 0x40, 0x03, 0xD8, 0x00, 0xBC, 0x00, 0xF0, 0x00
	.byte 0x4C, 0x03, 0xA0, 0x03, 0xA8, 0x03, 0xB4, 0x03, 0x07, 0x00, 0xA0, 0xE1, 0x5C, 0x02, 0x00, 0xEB
	.byte 0x07, 0x00, 0xA0, 0xE1, 0x04, 0x01, 0x00, 0xEB, 0xDF, 0x00, 0x00, 0xEA, 0x06, 0x00, 0xA0, 0xE1
	.byte 0x57, 0x02, 0x00, 0xEB, 0x06, 0x00, 0xA0, 0xE1, 0xF9, 0xFF, 0xFF, 0xEA, 0x05, 0x00, 0xA0, 0xE1
	.byte 0x53, 0x02, 0x00, 0xEB, 0x05, 0x00, 0xA0, 0xE1, 0xF5, 0xFF, 0xFF, 0xEA, 0x04, 0x00, 0xA0, 0xE3
	.byte 0xC2, 0xFF, 0xFF, 0xEB, 0xD4, 0x00, 0x00, 0xEA, 0x04, 0x00, 0xA0, 0xE3, 0xC9, 0xFF, 0xFF, 0xEB
	.byte 0xD1, 0x00, 0x00, 0xEA, 0x08, 0x00, 0xA0, 0xE3, 0xF8, 0xFF, 0xFF, 0xEA, 0x08, 0x00, 0xA0, 0xE3
	.byte 0xF9, 0xFF, 0xFF, 0xEA, 0x0C, 0x00, 0xA0, 0xE3, 0xF4, 0xFF, 0xFF, 0xEA, 0x0C, 0x00, 0xA0, 0xE3
	.byte 0xF5, 0xFF, 0xFF, 0xEA, 0x07, 0x00, 0xA0, 0xE1, 0x0C, 0x01, 0x00, 0xEB, 0xC6, 0x00, 0x00, 0xEA
	.byte 0x00, 0x00, 0xA0, 0xE3, 0xFB, 0xFF, 0xFF, 0xEA, 0xA2, 0xEA, 0xFF, 0xEB, 0xC2, 0x00, 0x00, 0xEA
	.byte 0xFC, 0xFF, 0xFF, 0xEA, 0xD4, 0xE3, 0xFF, 0xEB, 0x00, 0x00, 0x50, 0xE3, 0x01, 0x00, 0x00, 0x0A
	.byte 0xFB, 0x4C, 0xE0, 0xEB, 0xBC, 0x00, 0x00, 0xEA, 0x14, 0x01, 0x00, 0xEB, 0xBA, 0x00, 0x00, 0xEA
	.byte 0xCD, 0xE3, 0xFF, 0xEB, 0x00, 0x00, 0x50, 0xE3, 0x01, 0x00, 0x00, 0x0A, 0xB7, 0x4C, 0xE0, 0xEB
	.byte 0xB5, 0x00, 0x00, 0xEA, 0xF7, 0xFF, 0xFF, 0xEA, 0xC7, 0xE3, 0xFF, 0xEB, 0x00, 0x00, 0x50, 0xE3
	.byte 0xB1, 0x00, 0x00, 0x0A, 0xA5, 0x50, 0xE0, 0xEB, 0x30, 0x40, 0xA0, 0xE3, 0x07, 0x50, 0xA0, 0xE1
	.byte 0x00, 0x00, 0x58, 0xE3, 0x00, 0x50, 0xA0, 0x03, 0x04, 0x00, 0xA0, 0xE1, 0xAE, 0x00, 0x00, 0xEB
	.byte 0xFF, 0x10, 0x05, 0xE2, 0xFE, 0x20, 0x00, 0xE2, 0x01, 0x10, 0x01, 0xE2, 0x04, 0x00, 0xA0, 0xE1
	.byte 0x01, 0x10, 0x82, 0xE1, 0xB7, 0x00, 0x00, 0xEB, 0xA4, 0x50, 0xE0, 0xEB, 0xA2, 0x00, 0x00, 0xEA
	.byte 0xE4, 0xFF, 0xFF, 0xEA, 0x09, 0x00, 0x58, 0xE3, 0x5F, 0x00, 0x00, 0x8A, 0x88, 0x00, 0x8F, 0xE0
	.byte 0xB4, 0x00, 0xD0, 0xE1, 0x00, 0xF0, 0x8F, 0xE0, 0x10, 0x00, 0x0C, 0x01, 0x30, 0x01, 0x48, 0x00
	.byte 0x58, 0x00, 0x74, 0x00, 0x78, 0x00, 0x9C, 0x00, 0x04, 0x01, 0x44, 0x01, 0xAA, 0xE3, 0xFF, 0xEB
	.byte 0x00, 0x00, 0x50, 0xE3, 0x08, 0x00, 0x00, 0x0A, 0x20, 0x00, 0xA0, 0xE3, 0x96, 0x00, 0x00, 0xEB
	.byte 0x0F, 0x00, 0x00, 0xE2, 0x01, 0x00, 0x50, 0xE3, 0x07, 0x00, 0xA0, 0x91, 0x00, 0x00, 0xA0, 0x83
	.byte 0x00, 0x08, 0xA0, 0xE1, 0x20, 0x08, 0xA0, 0xE1, 0x8C, 0x00, 0x00, 0xEA, 0x07, 0x00, 0xA0, 0xE1
	.byte 0x11, 0x00, 0x00, 0xEA, 0x00, 0x00, 0xA0, 0xE3, 0x57, 0xFF, 0xFF, 0xEB, 0x0C, 0x00, 0x00, 0xE2
	.byte 0x86, 0x00, 0x00, 0xEA, 0x63, 0xEA, 0xFF, 0xEB, 0x00, 0x00, 0x50, 0xE3, 0x01, 0x00, 0x00, 0x0A
	.byte 0xD4, 0xF6, 0xDF, 0xEB, 0x81, 0x00, 0x00, 0xEA, 0x00, 0x00, 0xA0, 0xE3, 0x06, 0x00, 0x00, 0xEA
	.byte 0x7D, 0x00, 0x00, 0xEA, 0x5B, 0xEA, 0xFF, 0xEB, 0x00, 0x00, 0x50, 0xE3, 0x01, 0x00, 0x00, 0x0A
	.byte 0x8B, 0xF7, 0xDF, 0xEB, 0xE9, 0xFF, 0xFF, 0xEA, 0x05, 0x00, 0xA0, 0xE1, 0x46, 0xFF, 0xFF, 0xEB
	.byte 0x01, 0x00, 0x00, 0xE2, 0x75, 0x00, 0x00, 0xEA, 0x52, 0xEA, 0xFF, 0xEB, 0x00, 0x00, 0x50, 0xE3
	.byte 0x12, 0x00, 0x00, 0x0A, 0xBE, 0xF7, 0xDF, 0xEB, 0x00, 0x30, 0xA0, 0xE3, 0x0B, 0x00, 0x00, 0xEA
	.byte 0x83, 0x20, 0xA0, 0xE1, 0x83, 0x10, 0x84, 0xE0, 0xB2, 0x20, 0x94, 0xE1, 0xB2, 0x10, 0xD1, 0xE1
	.byte 0x01, 0x10, 0x82, 0xE0, 0xA1, 0x1F, 0x81, 0xE0, 0xC1, 0x00, 0x50, 0xE1, 0x03, 0x00, 0xA0, 0xB1
	.byte 0x66, 0x00, 0x00, 0xBA, 0x01, 0x10, 0x83, 0xE2, 0x01, 0x18, 0xA0, 0xE1, 0x21, 0x38, 0xA0, 0xE1
	.byte 0x02, 0x00, 0x53, 0xE3, 0xF1, 0xFF, 0xFF, 0x9A, 0x03, 0x00, 0xA0, 0xE3, 0x5F, 0x00, 0x00, 0xEA
	.byte 0x06, 0x00, 0xA0, 0xE1, 0x2C, 0xFF, 0xFF, 0xEB, 0x03, 0x00, 0x00, 0xE2, 0x5B, 0x00, 0x00, 0xEA
	.byte 0xDA, 0x01, 0x00, 0xEB, 0xC9, 0xFF, 0xFF, 0xEA, 0x20, 0x00, 0xA0, 0xE3, 0x5A, 0x00, 0x00, 0xEB
	.byte 0x0F, 0x20, 0x00, 0xE2, 0x01, 0x10, 0x02, 0xE2, 0x02, 0x00, 0x02, 0xE2, 0x0C, 0x20, 0x02, 0xE2
	.byte 0xC0, 0x00, 0x81, 0xE0, 0x42, 0x01, 0x80, 0xE0, 0xC0, 0xFF, 0xFF, 0xEA, 0x20, 0x00, 0xA0, 0xE3
	.byte 0x51, 0x00, 0x00, 0xEB, 0x80, 0x00, 0x00, 0xE2, 0x80, 0x04, 0xA0, 0xE1, 0xBC, 0xFF, 0xFF, 0xEA
	.byte 0x28, 0xEA, 0xFF, 0xEB, 0x00, 0x00, 0x50, 0xE3, 0x01, 0x00, 0x00, 0x0A, 0x94, 0xF7, 0xDF, 0xEB
	.byte 0x46, 0x00, 0x00, 0xEA, 0x06, 0x00, 0xA0, 0xE1, 0x13, 0xFF, 0xFF, 0xEB, 0x00, 0x0F, 0xA0, 0xE1
	.byte 0xA0, 0x0E, 0xA0, 0xE1, 0xB0, 0x00, 0x94, 0xE1, 0x40, 0x00, 0x00, 0xEA, 0x02, 0x00, 0xA0, 0xE3
	.byte 0x3E, 0x00, 0x00, 0xEA, 0x1B, 0xEA, 0xFF, 0xEB, 0x00, 0x00, 0x50, 0xE3, 0x0B, 0x00, 0x00, 0x0A
	.byte 0x00, 0x00, 0x58, 0xE3, 0x04, 0x00, 0x00, 0x0A, 0x07, 0x00, 0xA0, 0xE1, 0x3D, 0xF7, 0xDF, 0xEB
	.byte 0x51, 0xF7, 0xDF, 0xEB, 0x70, 0xF7, 0xDF, 0xEB, 0x33, 0x00, 0x00, 0xEA, 0x74, 0xF7, 0xDF, 0xEB
	.byte 0x67, 0xF7, 0xDF, 0xEB, 0x00, 0x00, 0xA0, 0xE3, 0x36, 0xF7, 0xDF, 0xEB, 0x2E, 0x00, 0x00, 0xEA
	.byte 0x01, 0x10, 0x08, 0xE2, 0x05, 0x00, 0xA0, 0xE1, 0x2A, 0x00, 0x00, 0xEA, 0x09, 0xEA, 0xFF, 0xEB
	.byte 0x00, 0x00, 0x50, 0xE3, 0x04, 0x00, 0x00, 0x0A, 0x88, 0x00, 0xA0, 0xE1, 0xB0, 0x00, 0x94, 0xE1
	.byte 0xFF, 0x00, 0x00, 0xE2, 0x6C, 0xF7, 0xDF, 0xEB, 0x23, 0x00, 0x00, 0xEA, 0x03, 0x10, 0x08, 0xE2
	.byte 0x06, 0x00, 0xA0, 0xE1, 0x1F, 0x00, 0x00, 0xEA, 0x08, 0x00, 0xA0, 0xE1, 0x98, 0x01, 0x00, 0xEB
	.byte 0x1D, 0x00, 0x00, 0xEA, 0xFB, 0xE9, 0xFF, 0xEB, 0x00, 0x00, 0x50, 0xE3, 0x01, 0x00, 0x00, 0x0A
	.byte 0xFF, 0x00, 0x08, 0xE2, 0xF2, 0xFF, 0xFF, 0xEA, 0x00, 0x20, 0xA0, 0xE3, 0x08, 0x00, 0x00, 0xEA
	.byte 0x82, 0x10, 0xA0, 0xE1, 0x82, 0x00, 0x84, 0xE0, 0xB1, 0x10, 0x94, 0xE1, 0xB2, 0x00, 0xD0, 0xE1
	.byte 0x00, 0x00, 0x81, 0xE0, 0xA0, 0x0F, 0x80, 0xE0, 0xC0, 0x00, 0x58, 0xE1, 0x02, 0x00, 0x00, 0xBA
	.byte 0x01, 0x20, 0x82, 0xE2, 0x02, 0x00, 0x52, 0xE3, 0xF4, 0xFF, 0xFF, 0xDA, 0xFF, 0x10, 0x02, 0xE2
	.byte 0x03, 0x00, 0xA0, 0xE3, 0x07, 0x00, 0x00, 0xEA, 0x05, 0x00, 0xA0, 0xE1, 0x07, 0x00, 0x00, 0xEA
	.byte 0x08, 0x00, 0xA0, 0xE1, 0xD4, 0xFE, 0xFF, 0xEB, 0x04, 0x00, 0x00, 0xEA, 0x48, 0x04, 0xA0, 0xE1
	.byte 0xFF, 0x00, 0x00, 0xE2, 0xFF, 0x10, 0x08, 0xE2, 0xB0, 0xFE, 0xFF, 0xEB, 0x00, 0x00, 0xA0, 0xE3
	.byte 0xF0, 0x41, 0xBD, 0xE8, 0x1E, 0xFF, 0x2F, 0xE1, 0x70, 0x8F, 0x80, 0x03, 0x38, 0x40, 0x2D, 0xE9
	.byte 0x00, 0x40, 0xA0, 0xE1, 0xB4, 0xE9, 0xFF, 0xEB, 0x00, 0x50, 0xA0, 0xE1, 0xEB, 0x4F, 0xE0, 0xEB
	.byte 0x04, 0x10, 0xA0, 0xE1, 0x04, 0x00, 0xA0, 0xE3, 0xC6, 0x50, 0xE0, 0xEB, 0x00, 0x40, 0xA0, 0xE1
	.byte 0xF2, 0x4F, 0xE0, 0xEB, 0x05, 0x00, 0xA0, 0xE1, 0xB0, 0xE9, 0xFF, 0xEB, 0x04, 0x00, 0xA0, 0xE1
	.byte 0x38, 0x40, 0xBD, 0xE8, 0x1E, 0xFF, 0x2F, 0xE1, 0x70, 0x40, 0x2D, 0xE9, 0x00, 0x60, 0xA0, 0xE1
	.byte 0x01, 0x40, 0xA0, 0xE1, 0xA4, 0xE9, 0xFF, 0xEB, 0x00, 0x50, 0xA0, 0xE1, 0xDB, 0x4F, 0xE0, 0xEB
	.byte 0x06, 0x10, 0xA0, 0xE1, 0x04, 0x20, 0xA0, 0xE1, 0x04, 0x00, 0xA0, 0xE3, 0x00, 0x50, 0xE0, 0xEB
	.byte 0x00, 0x40, 0xA0, 0xE1, 0xE1, 0x4F, 0xE0, 0xEB, 0x05, 0x00, 0xA0, 0xE1, 0x9F, 0xE9, 0xFF, 0xEB
	.byte 0x04, 0x00, 0xA0, 0xE1, 0x70, 0x40, 0xBD, 0xE8, 0x1E, 0xFF, 0x2F, 0xE1, 0x10, 0x40, 0x2D, 0xE9
	.byte 0x00, 0x40, 0xA0, 0xE1, 0xEC, 0xE2, 0xFF, 0xEB, 0x00, 0x00, 0x50, 0xE3, 0x04, 0x00, 0x00, 0x0A
	.byte 0x01, 0x00, 0x54, 0xE3, 0x02, 0x00, 0x54, 0x13, 0x03, 0x00, 0x54, 0x13, 0x12, 0x00, 0x00, 0x0A
	.byte 0x10, 0x00, 0x00, 0xEA, 0x01, 0x00, 0x54, 0xE3, 0x04, 0x00, 0x00, 0x0A, 0x02, 0x00, 0x54, 0xE3
	.byte 0x08, 0x00, 0x00, 0x0A, 0x03, 0x00, 0x54, 0xE3, 0x03, 0x00, 0x00, 0x0A, 0x09, 0x00, 0x00, 0xEA
	.byte 0x10, 0x00, 0xA0, 0xE3, 0xBF, 0xFE, 0xFF, 0xEB, 0x07, 0x00, 0x00, 0xEA, 0x30, 0x00, 0xA0, 0xE3
	.byte 0xB2, 0xFE, 0xFF, 0xEB, 0x04, 0x00, 0x00, 0xEA, 0x20, 0x00, 0xA0, 0xE3, 0xB9, 0xFE, 0xFF, 0xEB
	.byte 0x10, 0x00, 0xA0, 0xE3, 0xF9, 0xFF, 0xFF, 0xEA, 0x07, 0xEA, 0xFF, 0xEB, 0x08, 0x00, 0x9F, 0xE5
	.byte 0x00, 0x40, 0x80, 0xE5, 0x10, 0x40, 0xBD, 0xE8, 0x1E, 0xFF, 0x2F, 0xE1, 0x64, 0x93, 0x80, 0x03
	.byte 0x08, 0x40, 0x2D, 0xE9, 0x00, 0x00, 0x50, 0xE3, 0x07, 0x00, 0x00, 0x0A, 0x95, 0xE9, 0xFF, 0xEB
	.byte 0x00, 0x00, 0x50, 0xE3, 0x01, 0x00, 0x00, 0x0A, 0x95, 0xF8, 0xDF, 0xEB, 0x09, 0x00, 0x00, 0xEA
	.byte 0x01, 0x00, 0xA0, 0xE3, 0x9D, 0xFE, 0xFF, 0xEB, 0x06, 0x00, 0x00, 0xEA, 0x8D, 0xE9, 0xFF, 0xEB
	.byte 0x00, 0x00, 0x50, 0xE3, 0x01, 0x00, 0x00, 0x0A, 0xFA, 0xF7, 0xDF, 0xEB, 0x01, 0x00, 0x00, 0xEA
	.byte 0x01, 0x00, 0xA0, 0xE3, 0x9F, 0xFE, 0xFF, 0xEB, 0x08, 0x40, 0xBD, 0xE8, 0x1E, 0xFF, 0x2F, 0xE1
	.byte 0x08, 0x40, 0x2D, 0xE9, 0xFC, 0xEC, 0xFF, 0xEB, 0x82, 0xE9, 0xFF, 0xEB, 0x00, 0x00, 0x50, 0xE3
	.byte 0x00, 0x00, 0x00, 0x0A, 0x20, 0xFA, 0xDF, 0xEB, 0x5B, 0xE9, 0xFF, 0xEB, 0xB2, 0xE2, 0xFF, 0xEB
	.byte 0x00, 0x00, 0x50, 0xE3, 0x02, 0x00, 0x00, 0x0A, 0x11, 0x00, 0xA0, 0xE3, 0x02, 0x10, 0xA0, 0xE3
	.byte 0xAC, 0xFF, 0xFF, 0xEB, 0x40, 0x00, 0xA0, 0xE3, 0x84, 0xFE, 0xFF, 0xEB, 0x10, 0xEA, 0xFF, 0xEB
	.byte 0x08, 0x40, 0xBD, 0xE8, 0x1E, 0xFF, 0x2F, 0xE1, 0x10, 0x40, 0x2D, 0xE9, 0x00, 0x40, 0xA0, 0xE3
	.byte 0x0C, 0x00, 0xA0, 0xE3, 0x94, 0x00, 0x00, 0xE0, 0x01, 0x13, 0x80, 0xE2, 0xB8, 0x30, 0x91, 0xE5
	.byte 0xD0, 0x20, 0x9F, 0xE5, 0xB8, 0x00, 0x80, 0xE2, 0x04, 0x31, 0x82, 0xE7, 0xB8, 0x10, 0x91, 0xE5
	.byte 0x01, 0x23, 0x80, 0xE2, 0x03, 0x02, 0x01, 0xE2, 0x02, 0x02, 0x50, 0xE3, 0x04, 0x00, 0x00, 0x1A
	.byte 0xB4, 0x10, 0x9F, 0xE5, 0x00, 0x00, 0x91, 0xE5, 0x02, 0x01, 0x10, 0xE3, 0xFC, 0xFF, 0xFF, 0x1A
	.byte 0x06, 0x00, 0x00, 0xEA, 0x00, 0x00, 0x92, 0xE5, 0x02, 0x04, 0x10, 0xE3, 0x04, 0x00, 0xA0, 0xE1
	.byte 0x01, 0x00, 0x00, 0x1A, 0x6E, 0xEA, 0xFF, 0xEB, 0x00, 0x00, 0x00, 0xEA, 0x83, 0xEA, 0xFF, 0xEB
	.byte 0x8D, 0xE2, 0xFF, 0xEB, 0x00, 0x00, 0x50, 0xE3, 0x19, 0x00, 0x00, 0x0A, 0x1C, 0x00, 0xA0, 0xE3
	.byte 0x94, 0x00, 0x02, 0xE0, 0x01, 0x03, 0x82, 0xE2, 0x01, 0x09, 0x80, 0xE2, 0x1C, 0x11, 0x90, 0xE5
	.byte 0x68, 0x00, 0x9F, 0xE5, 0x01, 0x02, 0x11, 0xE3, 0x02, 0x00, 0x00, 0x0A, 0x04, 0x00, 0xA0, 0xE1
	.byte 0x83, 0x4A, 0xE0, 0xEB, 0x0E, 0x00, 0x00, 0xEA, 0x00, 0x10, 0x92, 0xE7, 0x0F, 0x14, 0x01, 0xE2
	.byte 0x01, 0x03, 0x51, 0xE3, 0x04, 0x00, 0x00, 0x1A, 0x3C, 0x10, 0x9F, 0xE5, 0x00, 0x00, 0x91, 0xE5
	.byte 0x02, 0x01, 0x10, 0xE3, 0xFC, 0xFF, 0xFF, 0x1A, 0x05, 0x00, 0x00, 0xEA, 0x00, 0x00, 0x92, 0xE7
	.byte 0x02, 0x02, 0x10, 0xE3, 0x04, 0x00, 0xA0, 0xE1, 0x00, 0x00, 0x00, 0x1A, 0xEF, 0xFF, 0xFF, 0xEA
	.byte 0x80, 0x4A, 0xE0, 0xEB, 0x01, 0x40, 0x84, 0xE2, 0x03, 0x00, 0x54, 0xE3, 0xC7, 0xFF, 0xFF, 0x9A
	.byte 0x10, 0x40, 0xBD, 0xE8, 0x1E, 0xFF, 0x2F, 0xE1, 0x4C, 0xB6, 0x80, 0x03, 0xA4, 0x01, 0x00, 0x04
	.byte 0x1C, 0x41, 0x00, 0x04, 0xFE, 0x4F, 0x2D, 0xE9, 0xF0, 0xB1, 0x9F, 0xE5, 0x00, 0xA0, 0xA0, 0xE1
	.byte 0x01, 0x90, 0xA0, 0xE1, 0x02, 0x80, 0xA0, 0xE1, 0x00, 0x60, 0xA0, 0xE3, 0x62, 0xE2, 0xFF, 0xEB
	.byte 0x00, 0x00, 0x50, 0xE3, 0x00, 0x00, 0x00, 0x0A, 0x40, 0x4F, 0xE0, 0xEB, 0xB0, 0x70, 0xDB, 0xE1
	.byte 0x00, 0x00, 0xA0, 0xE3, 0xB0, 0x00, 0xCB, 0xE1, 0x03, 0xE9, 0xFF, 0xEB, 0x00, 0x40, 0xA0, 0xE1
	.byte 0x00, 0x00, 0xA0, 0xE3, 0x01, 0x00, 0x40, 0xE2, 0xE4, 0xDD, 0xFF, 0xEB, 0x08, 0x00, 0x8D, 0xE5
	.byte 0x55, 0xE2, 0xFF, 0xEB, 0x00, 0x00, 0x50, 0xE3, 0x02, 0x00, 0x00, 0x0A, 0xA0, 0x01, 0x9F, 0xE5
	.byte 0xED, 0xDD, 0xFF, 0xEB, 0x04, 0x00, 0x8D, 0xE5, 0x00, 0x00, 0xA0, 0xE3, 0x0A, 0xFE, 0xFF, 0xEB
	.byte 0x00, 0x00, 0x8D, 0xE5, 0x02, 0x00, 0xA0, 0xE3, 0xB1, 0x00, 0x00, 0xEB, 0x02, 0x00, 0xA0, 0xE3
	.byte 0x59, 0xFF, 0xFF, 0xEB, 0x02, 0x00, 0xA0, 0xE3, 0x57, 0xFF, 0xFF, 0xEB, 0x8A, 0xEC, 0xFF, 0xEB
	.byte 0x01, 0x00, 0x1A, 0xE3, 0x04, 0x00, 0x00, 0x0A, 0x68, 0x11, 0x9F, 0xE5, 0x01, 0x29, 0x89, 0xE3
	.byte 0x01, 0x0A, 0xA0, 0xE3, 0xB0, 0x20, 0xC1, 0xE1, 0xB0, 0xDD, 0xFF, 0xEB, 0x04, 0x00, 0x1A, 0xE3
	.byte 0x01, 0x00, 0x00, 0x0A, 0x01, 0x05, 0xA0, 0xE3, 0xAC, 0xDD, 0xFF, 0xEB, 0x02, 0x00, 0x1A, 0xE3
	.byte 0x0C, 0x00, 0x00, 0x0A, 0x40, 0x11, 0x9F, 0xE5, 0x02, 0x09, 0xA0, 0xE3, 0xB0, 0x50, 0xD1, 0xE1
	.byte 0x01, 0x60, 0xA0, 0xE3, 0x25, 0xEC, 0xFF, 0xEB, 0x40, 0x00, 0xA0, 0xE3, 0x00, 0x10, 0xA0, 0xE3
	.byte 0x1A, 0xEC, 0xFF, 0xEB, 0x01, 0x0C, 0xA0, 0xE3, 0x00, 0x10, 0xA0, 0xE1, 0x17, 0xEC, 0xFF, 0xEB
	.byte 0x80, 0x00, 0xA0, 0xE3, 0x9D, 0xDD, 0xFF, 0xEB, 0x08, 0x00, 0x1A, 0xE3, 0x01, 0x00, 0x00, 0x0A
	.byte 0x01, 0x06, 0xA0, 0xE3, 0x99, 0xDD, 0xFF, 0xEB, 0x10, 0x00, 0x1A, 0xE3, 0x01, 0x00, 0x00, 0x0A
	.byte 0x02, 0x0A, 0xA0, 0xE3, 0x95, 0xDD, 0xFF, 0xEB, 0x20, 0x00, 0x1A, 0xE3, 0x01, 0x00, 0x00, 0x0A
	.byte 0x0A, 0x0C, 0xA0, 0xE3, 0x9F, 0xDD, 0xFF, 0xEB, 0x76, 0xFF, 0xFF, 0xEB, 0x04, 0x00, 0xA0, 0xE1
	.byte 0xCA, 0xE8, 0xFF, 0xEB, 0xB0, 0x00, 0xDB, 0xE1, 0x01, 0x90, 0xA0, 0xE3, 0xB0, 0x90, 0xCB, 0xE1
	.byte 0x33, 0x00, 0x00, 0xEB, 0x18, 0xE2, 0xFF, 0xEB, 0x00, 0x00, 0x50, 0xE3, 0x02, 0x00, 0x00, 0x0A
	.byte 0x02, 0x4F, 0xE0, 0xEB, 0x09, 0x00, 0xA0, 0xE1, 0xE4, 0x68, 0xE0, 0xEB, 0x00, 0x10, 0x9D, 0xE5
	.byte 0x00, 0x00, 0xA0, 0xE3, 0xAD, 0xFD, 0xFF, 0xEB, 0x40, 0x00, 0x18, 0xE3, 0x06, 0x00, 0xA0, 0x13
	.byte 0x07, 0x00, 0xA0, 0x03, 0x80, 0x00, 0x18, 0xE3, 0x04, 0x80, 0xA0, 0x13, 0x05, 0x80, 0xA0, 0x03
	.byte 0x00, 0x10, 0xA0, 0xE3, 0xF7, 0xFD, 0xFF, 0xEB, 0x08, 0x00, 0xA0, 0xE1, 0x00, 0x10, 0xA0, 0xE3
	.byte 0xF4, 0xFD, 0xFF, 0xEB, 0x00, 0x00, 0x56, 0xE3, 0x6C, 0x00, 0x9F, 0x15, 0xB0, 0x50, 0xC0, 0x11
	.byte 0x5D, 0xEC, 0xFF, 0xEB, 0x00, 0xE2, 0xFF, 0xEB, 0x00, 0x00, 0x50, 0xE3, 0x00, 0x00, 0x00, 0x0A
	.byte 0x75, 0x5B, 0xDE, 0xEB, 0x54, 0x20, 0x9F, 0xE5, 0x00, 0x10, 0xA0, 0xE3, 0x63, 0x00, 0xA0, 0xE3
	.byte 0x20, 0x10, 0x82, 0xE5, 0x86, 0xFD, 0xFF, 0xEB, 0x9F, 0xE8, 0xFF, 0xEB, 0x08, 0x00, 0x9D, 0xE5
	.byte 0x46, 0xDD, 0xFF, 0xEB, 0xF4, 0xE1, 0xFF, 0xEB, 0x00, 0x00, 0x50, 0xE3, 0x01, 0x00, 0x00, 0x0A
	.byte 0x04, 0x00, 0x9D, 0xE5, 0x54, 0xDD, 0xFF, 0xEB, 0x04, 0x00, 0xA0, 0xE1, 0x9B, 0xE8, 0xFF, 0xEB
	.byte 0xB0, 0x00, 0xDB, 0xE1, 0xB0, 0x70, 0xCB, 0xE1, 0xFE, 0x4F, 0xBD, 0xE8, 0x1E, 0xFF, 0x2F, 0xE1
	.byte 0x08, 0x02, 0x00, 0x04, 0xFF, 0x7F, 0x00, 0x00, 0x32, 0x01, 0x00, 0x04, 0x34, 0x01, 0x00, 0x04
	.byte 0x20, 0xB6, 0x80, 0x03, 0x00, 0xC0, 0x9F, 0xE5, 0x1C, 0xFF, 0x2F, 0xE1, 0x23, 0xB5, 0x7F, 0x03
	.byte 0x70, 0x40, 0x2D, 0xE9, 0x0C, 0x11, 0x9F, 0xE5, 0x01, 0x40, 0xA0, 0xE3, 0x04, 0x30, 0x91, 0xE5
	.byte 0x00, 0x00, 0x53, 0xE3, 0x09, 0x00, 0x00, 0x1A, 0x04, 0x20, 0xA0, 0xE1, 0x04, 0x30, 0xA0, 0xE1
	.byte 0x03, 0x00, 0xA0, 0xE3, 0x64, 0x10, 0xA0, 0xE3, 0x2E, 0xFC, 0xFF, 0xEB, 0x00, 0x00, 0x50, 0xE3
	.byte 0x36, 0x00, 0x00, 0x0A, 0x04, 0x00, 0xA0, 0xE1, 0x39, 0x00, 0x00, 0xEB, 0x33, 0x00, 0x00, 0xEA
	.byte 0x04, 0x00, 0x53, 0xE3, 0x08, 0x00, 0x00, 0xAA, 0xCC, 0x00, 0x9F, 0xE5, 0x00, 0x00, 0x90, 0xE5
	.byte 0x00, 0x00, 0x53, 0xE1, 0x2D, 0x00, 0x00, 0x0A, 0x03, 0x00, 0xA0, 0xE3, 0x64, 0x10, 0xA0, 0xE3
	.byte 0x04, 0x20, 0xA0, 0xE1, 0x1F, 0xFC, 0xFF, 0xEB, 0x28, 0x00, 0x00, 0xEA, 0x04, 0x20, 0x43, 0xE2
	.byte 0x0C, 0x00, 0xA0, 0xE3, 0x92, 0x00, 0x04, 0xE0, 0xA0, 0x50, 0x9F, 0xE5, 0x00, 0x00, 0x91, 0xE5
	.byte 0x04, 0x60, 0x85, 0xE0, 0xBA, 0x10, 0xD6, 0xE1, 0x49, 0xDB, 0xFF, 0xEB, 0x00, 0x10, 0xA0, 0xE3
	.byte 0x31, 0x30, 0xA0, 0xE1, 0x04, 0xC0, 0x96, 0xE5, 0x02, 0x21, 0xA0, 0xE3, 0x20, 0x10, 0x60, 0xE2
	.byte 0x12, 0x31, 0x83, 0xE1, 0x20, 0x10, 0x40, 0xE2, 0x32, 0xC0, 0x0C, 0xE0, 0x32, 0x31, 0x83, 0xE1
	.byte 0x04, 0x00, 0x95, 0xE7, 0x00, 0x00, 0x5C, 0xE3, 0x03, 0x00, 0x00, 0xE0, 0x00, 0x00, 0x50, 0x03
	.byte 0x01, 0x30, 0xA0, 0x13, 0xB8, 0x20, 0xD6, 0xE1, 0xBA, 0x10, 0xD6, 0xE1, 0x44, 0x00, 0x9F, 0xE5
	.byte 0x92, 0x01, 0x01, 0xE0, 0x00, 0x20, 0x90, 0xE5, 0x02, 0x30, 0xA0, 0x03, 0x01, 0x20, 0x82, 0xE2
	.byte 0x01, 0x00, 0x52, 0xE1, 0x00, 0x20, 0x80, 0xE5, 0x00, 0x10, 0xA0, 0x23, 0x00, 0x10, 0x80, 0x25
	.byte 0x24, 0x00, 0x9F, 0xE5, 0x00, 0x00, 0x90, 0xE5, 0x00, 0x00, 0x53, 0xE1, 0x03, 0x00, 0x00, 0x0A
	.byte 0x03, 0x00, 0xA0, 0xE3, 0x64, 0x10, 0xA0, 0xE3, 0x01, 0x20, 0xA0, 0xE3, 0xF5, 0xFB, 0xFF, 0xEB
	.byte 0x70, 0x40, 0xBD, 0xE8, 0x1E, 0xFF, 0x2F, 0xE1, 0x5C, 0xB6, 0x80, 0x03, 0x64, 0x93, 0x80, 0x03
	.byte 0x68, 0x93, 0x80, 0x03, 0x0F, 0x00, 0x50, 0xE3, 0x0C, 0x10, 0x9F, 0xD5, 0x00, 0x20, 0xA0, 0xD3
	.byte 0x04, 0x00, 0x81, 0xD5, 0x00, 0x20, 0x81, 0xD5, 0x1E, 0xFF, 0x2F, 0xE1, 0x5C, 0xB6, 0x80, 0x03
	.byte 0x04, 0x00, 0x9F, 0xE5, 0x04, 0x00, 0x90, 0xE5, 0x1E, 0xFF, 0x2F, 0xE1, 0x5C, 0xB6, 0x80, 0x03
	.byte 0x38, 0x40, 0x2D, 0xE9, 0x34, 0xE8, 0xFF, 0xEB, 0x00, 0x50, 0xA0, 0xE1, 0x6B, 0x4E, 0xE0, 0xEB
	.byte 0x04, 0x00, 0xA0, 0xE3, 0x20, 0x10, 0xA0, 0xE3, 0x46, 0x4F, 0xE0, 0xEB, 0x00, 0x40, 0xA0, 0xE1
	.byte 0x72, 0x4E, 0xE0, 0xEB, 0x05, 0x00, 0xA0, 0xE1, 0x30, 0xE8, 0xFF, 0xEB, 0x0F, 0x00, 0x04, 0xE2
	.byte 0x38, 0x40, 0xBD, 0xE8, 0x1E, 0xFF, 0x2F, 0xE1, 0x30, 0x10, 0x9F, 0xE5, 0x30, 0x20, 0x9F, 0xE5
	.byte 0xA0, 0x10, 0x01, 0xE0, 0x01, 0x10, 0x40, 0xE0, 0x28, 0x00, 0x9F, 0xE5, 0x02, 0x30, 0x01, 0xE0
	.byte 0x21, 0x11, 0x02, 0xE0, 0x01, 0x10, 0x83, 0xE0, 0x21, 0x12, 0x81, 0xE0, 0x00, 0x00, 0x01, 0xE0
	.byte 0x20, 0x04, 0x80, 0xE0, 0x20, 0x08, 0x80, 0xE0, 0xFF, 0x00, 0x00, 0xE2, 0x1E, 0xFF, 0x2F, 0xE1
	.byte 0x55, 0x55, 0x55, 0x55, 0x33, 0x33, 0x33, 0x33, 0x0F, 0x0F, 0x0F, 0x0F

	arm_func_start FUN_03804EFC
FUN_03804EFC: ; 0x03804EFC
	stmdb sp!, {r4, r5, r6, r7, r8, lr}
	ldr r0, _03804FD4 ; =0x0380B668
	mov r3, #0
	str r3, [r0, #0x20]
	mov r1, #0x14
	str r1, [r0, #0x24]
	str r1, [r0, #0x28]
	mov r2, r3
_03804F1C:
	mov r1, r3, lsl #1
	add r3, r3, #1
	strh r2, [r0, r1]
	cmp r3, #0x10
	blt _03804F1C
	bl FUN_037FEA18
	cmp r0, #0
	bne _03804F40
	bl FUN_037FE9D4
_03804F40:
	ldr r7, _03804FD8 ; =0x0380B694
	ldr r5, _03804FDC ; =0x54505641
	mov r8, #0
	mov r4, #0x28
_03804F50:
	mul r6, r8, r4
	add r0, r7, r6
	bl FUN_037FEAFC
	mov r1, r5
	add r0, r7, r6
	bl FUN_037FEC8C
	add r8, r8, #1
	cmp r8, #4
	blt _03804F50
	bl FUN_037FEFE8
	cmp r0, #1
	bne _03804F88
	bl FUN_03004754
	b _03804FCC
_03804F88:
	ldr r2, _03804FE0 ; =0x040001C0
_03804F8C:
	ldrh r0, [r2]
	tst r0, #0x80
	bne _03804F8C
	ldr r1, _03804FE4 ; =0x00008A01
	ldr r0, _03804FE8 ; =0x040001C2
	strh r1, [r2]
	mov r1, #0x84
	strh r1, [r0]
	sub r4, r0, #2
_03804FB0:
	ldrh r0, [r4]
	tst r0, #0x80
	bne _03804FB0
	bl FUN_03804FF0
	ldr r0, _03804FEC ; =0x00008201
	strh r0, [r4]
	bl FUN_03804FF0
_03804FCC:
	ldmia sp!, {r4, r5, r6, r7, r8, lr}
	bx lr
	.balign 4, 0
_03804FD4: .word 0x0380B668
_03804FD8: .word 0x0380B694
_03804FDC: .word 0x54505641
_03804FE0: .word 0x040001C0
_03804FE4: .word 0x00008A01
_03804FE8: .word 0x040001C2
_03804FEC: .word 0x00008201
	arm_func_end FUN_03804EFC

	arm_func_start FUN_03804FF0
FUN_03804FF0: ; 0x03804FF0
	ldr r0, _03805010 ; =0x040001C2
	mov r1, #0
	strh r1, [r0]
	sub r1, r0, #2
_03805000:
	ldrh r0, [r1]
	tst r0, #0x80
	bne _03805000
	bx lr
	.balign 4, 0
_03805010: .word 0x040001C2
	arm_func_end FUN_03804FF0
_03805014:
	.byte 0x7C, 0x40, 0x2D, 0xE9, 0x02, 0x04, 0x10, 0xE3, 0x03, 0x60, 0xA0, 0xE3
	.byte 0x00, 0x30, 0xA0, 0xE3, 0x06, 0x00, 0x00, 0x0A, 0x7C, 0x11, 0x9F, 0xE5, 0x03, 0x40, 0xA0, 0xE1
	.byte 0x84, 0x20, 0xA0, 0xE1, 0x01, 0x40, 0x84, 0xE2, 0xB2, 0x30, 0x81, 0xE1, 0x10, 0x00, 0x54, 0xE3
	.byte 0xFA, 0xFF, 0xFF, 0xBA, 0x60, 0x41, 0x9F, 0xE5, 0x0F, 0x18, 0x00, 0xE2, 0x21, 0x18, 0xA0, 0xE1
	.byte 0x81, 0x10, 0xA0, 0xE1, 0xB1, 0x00, 0x84, 0xE1, 0x01, 0x04, 0x10, 0xE3, 0x50, 0x00, 0x00, 0x0A
	.byte 0xB0, 0x10, 0xD4, 0xE1, 0xFF, 0x0C, 0x01, 0xE2, 0x00, 0x04, 0xA0, 0xE1, 0x20, 0x58, 0xA0, 0xE1
	.byte 0x03, 0x00, 0x55, 0xE3, 0x47, 0x00, 0x00, 0x8A, 0x85, 0x00, 0x8F, 0xE0, 0xB4, 0x00, 0xD0, 0xE1
	.byte 0x00, 0xF0, 0x8F, 0xE0, 0x2C, 0x00, 0x50, 0x00, 0xCC, 0x00, 0x04, 0x00, 0xFF, 0x00, 0x01, 0xE2
	.byte 0x00, 0x08, 0xA0, 0xE1, 0x20, 0x28, 0xB0, 0xE1, 0x03, 0x00, 0xA0, 0xE3, 0x00, 0x00, 0x00, 0x1A
	.byte 0x1C, 0x00, 0x00, 0xEA, 0x24, 0x20, 0x84, 0xE5, 0x00, 0x10, 0xA0, 0xE3, 0x28, 0x20, 0x84, 0xE5
	.byte 0x3A, 0x00, 0x00, 0xEA, 0x00, 0x00, 0xA0, 0xE3, 0x05, 0x10, 0xA0, 0xE1, 0x00, 0x20, 0xA0, 0xE1
	.byte 0x54, 0xFB, 0xFF, 0xEB, 0x00, 0x00, 0x50, 0xE3, 0x35, 0x00, 0x00, 0x1A, 0x05, 0x00, 0xA0, 0xE1
	.byte 0x04, 0x10, 0xA0, 0xE3, 0x31, 0x00, 0x00, 0xEA, 0x20, 0x00, 0x94, 0xE5, 0x00, 0x00, 0x50, 0xE3
	.byte 0x00, 0x00, 0x00, 0x0A, 0x1D, 0x00, 0x00, 0xEA, 0xFF, 0x00, 0x01, 0xE2, 0x00, 0x08, 0xA0, 0xE1
	.byte 0x20, 0x38, 0xB0, 0xE1, 0x01, 0x00, 0x00, 0x0A, 0x04, 0x00, 0x53, 0xE3, 0x00, 0x00, 0x00, 0x9A
	.byte 0x03, 0x00, 0x00, 0xEA, 0xB2, 0x60, 0xD4, 0xE1, 0xA0, 0x00, 0x9F, 0xE5, 0x00, 0x00, 0x56, 0xE1
	.byte 0x02, 0x00, 0x00, 0x3A, 0x05, 0x00, 0xA0, 0xE1, 0x02, 0x10, 0xA0, 0xE3, 0x1F, 0x00, 0x00, 0xEA
	.byte 0x05, 0x10, 0xA0, 0xE1, 0x00, 0x00, 0xA0, 0xE3, 0x02, 0x20, 0xA0, 0xE3, 0x00, 0x60, 0x8D, 0xE5
	.byte 0x38, 0xFB, 0xFF, 0xEB, 0x00, 0x00, 0x50, 0xE3, 0x01, 0x00, 0xA0, 0x13, 0x20, 0x00, 0x84, 0x15
	.byte 0x17, 0x00, 0x00, 0x1A, 0x05, 0x00, 0xA0, 0xE1, 0x04, 0x10, 0xA0, 0xE3, 0xE4, 0xFA, 0xFF, 0xEB
	.byte 0x13, 0x00, 0x00, 0xEA, 0x20, 0x00, 0x94, 0xE5, 0x02, 0x00, 0x50, 0xE3, 0x02, 0x00, 0x00, 0x0A
	.byte 0x05, 0x00, 0xA0, 0xE1, 0x03, 0x10, 0xA0, 0xE3, 0x0C, 0x00, 0x00, 0xEA, 0x00, 0x00, 0xA0, 0xE3
	.byte 0x05, 0x10, 0xA0, 0xE1, 0x00, 0x20, 0xA0, 0xE1, 0x26, 0xFB, 0xFF, 0xEB, 0x00, 0x00, 0x50, 0xE3
	.byte 0x20, 0x60, 0x84, 0x15, 0x06, 0x00, 0x00, 0x1A, 0x05, 0x00, 0xA0, 0xE1, 0x04, 0x10, 0xA0, 0xE3
	.byte 0xD3, 0xFA, 0xFF, 0xEB, 0x02, 0x00, 0x00, 0xEA, 0x05, 0x00, 0xA0, 0xE1, 0x01, 0x10, 0xA0, 0xE3
	.byte 0xCF, 0xFA, 0xFF, 0xEB, 0x7C, 0x40, 0xBD, 0xE8, 0x1E, 0xFF, 0x2F, 0xE1, 0x68, 0xB6, 0x80, 0x03
	.byte 0x07, 0x01, 0x00, 0x00, 0x08, 0x40, 0x2D, 0xE9, 0x00, 0x00, 0x90, 0xE5, 0xAC, 0x30, 0x9F, 0xE5
	.byte 0x80, 0x23, 0xA0, 0xE1, 0x00, 0xE0, 0xA0, 0xE3, 0xA2, 0x2F, 0xB0, 0xE1, 0x01, 0xE0, 0xC3, 0x05
	.byte 0x00, 0xE0, 0xC3, 0x05, 0x23, 0x00, 0x00, 0x0A, 0x80, 0x02, 0xA0, 0xE1, 0x20, 0x0F, 0xB0, 0xE1
	.byte 0x0D, 0x00, 0x00, 0x0A, 0x00, 0xE0, 0xC3, 0xE5, 0x01, 0x00, 0xD3, 0xE5, 0x01, 0x00, 0x80, 0xE2
	.byte 0xFF, 0x10, 0x00, 0xE2, 0x01, 0x00, 0xC3, 0xE5, 0x04, 0x00, 0x51, 0xE3, 0x19, 0x00, 0x00, 0x3A
	.byte 0x6C, 0x00, 0x9F, 0xE5, 0x01, 0xE0, 0xC3, 0xE5, 0x24, 0x10, 0x90, 0xE5, 0x23, 0x00, 0x51, 0xE3
	.byte 0x01, 0x10, 0x81, 0xB2, 0x24, 0x10, 0x80, 0xB5, 0x12, 0x00, 0x00, 0xEA, 0x50, 0x20, 0x9F, 0xE5
	.byte 0x01, 0xE0, 0xC3, 0xE5, 0x24, 0xC0, 0x92, 0xE5, 0xCC, 0x00, 0x51, 0xE1, 0x00, 0xE0, 0xC3, 0xA5
	.byte 0x0C, 0x00, 0x00, 0xAA, 0x00, 0x00, 0xD3, 0xE5, 0x01, 0x00, 0x80, 0xE2, 0xFF, 0x10, 0x00, 0xE2
	.byte 0x00, 0x00, 0xC3, 0xE5, 0x04, 0x00, 0x51, 0xE3, 0x06, 0x00, 0x00, 0x3A, 0x00, 0xE0, 0xC3, 0xE5
	.byte 0x28, 0x00, 0x92, 0xE5, 0x00, 0x00, 0x5C, 0xE1, 0x01, 0x00, 0x4C, 0xC2, 0x24, 0x00, 0x82, 0xC5
	.byte 0x03, 0x00, 0xA0, 0xC3, 0x01, 0x00, 0xC3, 0xC5, 0x08, 0x40, 0xBD, 0xE8, 0x1E, 0xFF, 0x2F, 0xE1
	.byte 0x64, 0xB6, 0x80, 0x03, 0x68, 0xB6, 0x80, 0x03, 0xFE, 0x4F, 0x2D, 0xE9, 0x00, 0xA0, 0xA0, 0xE1
	.byte 0x04, 0x10, 0x9A, 0xE5, 0xF4, 0x61, 0x9F, 0xE5, 0x02, 0x00, 0x51, 0xE3, 0x00, 0x40, 0xA0, 0xE3
	.byte 0x06, 0x00, 0x00, 0x8A, 0x00, 0x00, 0x51, 0xE3, 0x08, 0x00, 0x00, 0x0A, 0x01, 0x00, 0x51, 0xE3
	.byte 0x39, 0x00, 0x00, 0x0A, 0x02, 0x00, 0x51, 0xE3, 0x62, 0x00, 0x00, 0x0A, 0x71, 0x00, 0x00, 0xEA
	.byte 0x10, 0x00, 0x51, 0xE3, 0x20, 0x00, 0x96, 0x05, 0x02, 0x00, 0x50, 0x03, 0x6D, 0x00, 0x00, 0x1A
	.byte 0x48, 0xE7, 0xFF, 0xEB, 0x01, 0x00, 0x50, 0xE3, 0x03, 0x00, 0x00, 0x1A, 0xAC, 0x11, 0x9F, 0xE5
	.byte 0x0A, 0x00, 0xA0, 0xE1, 0x42, 0xFD, 0xDF, 0xEB, 0x66, 0x00, 0x00, 0xEA, 0x1E, 0xE7, 0xFF, 0xEB
	.byte 0x00, 0x50, 0xA0, 0xE1, 0x04, 0x00, 0xA0, 0xE1, 0xAE, 0xFA, 0xFF, 0xEB, 0x00, 0x00, 0x50, 0xE3
	.byte 0x06, 0x00, 0x00, 0x1A, 0x05, 0x00, 0xA0, 0xE1, 0x1C, 0xE7, 0xFF, 0xEB, 0x04, 0x00, 0x9A, 0xE5
	.byte 0x04, 0x10, 0xA0, 0xE3, 0x00, 0x08, 0xA0, 0xE1, 0x20, 0x08, 0xA0, 0xE1, 0x58, 0x00, 0x00, 0xEA
	.byte 0x04, 0x00, 0xA0, 0xE1, 0xAA, 0xFA, 0xFF, 0xEB, 0x05, 0x00, 0xA0, 0xE1, 0x13, 0xE7, 0xFF, 0xEB
	.byte 0x08, 0x50, 0x8D, 0xE2, 0x24, 0x10, 0x96, 0xE5, 0x04, 0x20, 0x8D, 0xE2, 0x05, 0x00, 0xA0, 0xE1
	.byte 0x2C, 0x01, 0x00, 0xEB, 0xB4, 0x10, 0xDD, 0xE1, 0x05, 0x00, 0xA0, 0xE1, 0x9C, 0xFF, 0xFF, 0xEB
	.byte 0xB8, 0x00, 0xDD, 0xE1, 0x38, 0x11, 0x9F, 0xE5, 0xB0, 0x00, 0xC1, 0xE1, 0xBA, 0x00, 0xDD, 0xE1
	.byte 0xB2, 0x00, 0xC1, 0xE1, 0x04, 0x00, 0x9A, 0xE5, 0x00, 0x00, 0x50, 0xE3, 0x02, 0x00, 0x00, 0x1A
	.byte 0x00, 0x08, 0xA0, 0xE1, 0x04, 0x10, 0xA0, 0xE1, 0x02, 0x00, 0x00, 0xEA, 0x08, 0x10, 0x9A, 0xE5
	.byte 0x00, 0x08, 0xA0, 0xE1, 0xFF, 0x10, 0x01, 0xE2, 0x20, 0x08, 0xA0, 0xE1, 0x58, 0xFA, 0xFF, 0xEB
	.byte 0x00, 0x00, 0xA0, 0xE3, 0x94, 0xFA, 0xFF, 0xEB, 0x3A, 0x00, 0x00, 0xEA, 0x20, 0x00, 0x96, 0xE5
	.byte 0x01, 0x00, 0x50, 0xE3, 0x26, 0x00, 0x00, 0x1A, 0xE8, 0x80, 0x9F, 0xE5, 0x04, 0x90, 0xA0, 0xE1
	.byte 0xE4, 0x50, 0x9F, 0xE5, 0xD7, 0x70, 0xA0, 0xE3, 0x0A, 0xB0, 0xA0, 0xE3, 0x28, 0x40, 0xA0, 0xE3
	.byte 0x14, 0x00, 0x00, 0xEA, 0x99, 0x08, 0x00, 0xE0, 0xC9, 0xD9, 0xFF, 0xEB, 0x0C, 0x20, 0x9A, 0xE5
	.byte 0x08, 0x10, 0xA0, 0xE1, 0x00, 0x00, 0x82, 0xE0, 0xC5, 0xD9, 0xFF, 0xEB, 0x01, 0x08, 0xA0, 0xE1
	.byte 0x20, 0x08, 0xA0, 0xE1, 0xC8, 0x00, 0x50, 0xE3, 0x01, 0x00, 0x00, 0x3A, 0xD7, 0x00, 0x50, 0xE3
	.byte 0x07, 0x00, 0xA0, 0x31, 0x89, 0x10, 0x86, 0xE0, 0xBC, 0x0C, 0xC1, 0xE1, 0x00, 0x90, 0x8D, 0xE5
	.byte 0x99, 0x54, 0x20, 0xE0, 0xFC, 0x1C, 0xD1, 0xE1, 0x90, 0x30, 0x9F, 0xE5, 0x0B, 0x20, 0xA0, 0xE1
	.byte 0xE6, 0xE5, 0xFF, 0xEB, 0x01, 0x90, 0x89, 0xE2, 0x08, 0x10, 0x9A, 0xE5, 0x01, 0x00, 0x59, 0xE1
	.byte 0xE7, 0xFF, 0xFF, 0x3A, 0x04, 0x00, 0x9A, 0xE5, 0x00, 0x10, 0xA0, 0xE3, 0x00, 0x08, 0xA0, 0xE1
	.byte 0x20, 0x08, 0xA0, 0xE1, 0x2E, 0xFA, 0xFF, 0xEB, 0x02, 0x00, 0xA0, 0xE3, 0x20, 0x00, 0x86, 0xE5
	.byte 0x10, 0x00, 0x00, 0xEA, 0x0B, 0x00, 0x00, 0xEA, 0x20, 0x00, 0x96, 0xE5, 0x03, 0x00, 0x50, 0xE3
	.byte 0x08, 0x00, 0x00, 0x1A, 0x48, 0x00, 0x9F, 0xE5, 0x2A, 0xE6, 0xFF, 0xEB, 0x04, 0x00, 0x9A, 0xE5
	.byte 0x04, 0x10, 0xA0, 0xE1, 0x00, 0x08, 0xA0, 0xE1, 0x20, 0x08, 0xA0, 0xE1, 0x20, 0xFA, 0xFF, 0xEB
	.byte 0x20, 0x40, 0x86, 0xE5, 0x03, 0x00, 0x00, 0xEA, 0x01, 0x08, 0xA0, 0xE1, 0x20, 0x08, 0xA0, 0xE1
	.byte 0x03, 0x10, 0xA0, 0xE3, 0x1A, 0xFA, 0xFF, 0xEB, 0xFE, 0x4F, 0xBD, 0xE8, 0x1E, 0xFF, 0x2F, 0xE1
	.byte 0x68, 0xB6, 0x80, 0x03, 0xAA, 0xFF, 0xFF, 0x02, 0x07, 0x01, 0x00, 0x00, 0x94, 0xB6, 0x80, 0x03
	.byte 0x98, 0x54, 0x80, 0x03, 0x41, 0x56, 0x50, 0x54, 0x38, 0x40, 0x2D, 0xE9, 0x00, 0x50, 0xA0, 0xE1
	.byte 0x10, 0x40, 0xA0, 0xE3, 0x04, 0x10, 0xA0, 0xE1, 0x05, 0x30, 0xA0, 0xE1, 0x00, 0x00, 0xA0, 0xE3
	.byte 0x01, 0x20, 0xA0, 0xE3, 0x57, 0xFA, 0xFF, 0xEB, 0x00, 0x00, 0x50, 0xE3, 0x0B, 0x00, 0x00, 0x1A
	.byte 0x00, 0x00, 0x9D, 0xE5, 0x2C, 0x30, 0x9F, 0xE5, 0x06, 0x04, 0xC0, 0xE3, 0x06, 0x04, 0x80, 0xE3
	.byte 0x00, 0x00, 0x8D, 0xE5, 0xB0, 0x00, 0xDD, 0xE1, 0xB2, 0x20, 0xDD, 0xE1, 0xB0, 0x00, 0xC3, 0xE1
	.byte 0xFF, 0x10, 0x05, 0xE2, 0x04, 0x00, 0xA0, 0xE1, 0xB2, 0x20, 0xC3, 0xE1, 0xFC, 0xF9, 0xFF, 0xEB
	.byte 0x38, 0x40, 0xBD, 0xE8, 0x1E, 0xFF, 0x2F, 0xE1, 0xAA, 0xFF, 0xFF, 0x02, 0x70, 0x40, 0x2D, 0xE9
	.byte 0xC0, 0x40, 0x9F, 0xE5, 0x02, 0x09, 0xA0, 0xE3, 0xDC, 0xE9, 0xFF, 0xEB, 0xB8, 0x20, 0x9F, 0xE5
	.byte 0xB0, 0x00, 0xD2, 0xE1, 0x80, 0x00, 0x10, 0xE3, 0xFC, 0xFF, 0xFF, 0x1A, 0xAC, 0x10, 0x9F, 0xE5
	.byte 0xAC, 0x00, 0x9F, 0xE5, 0xB0, 0x10, 0xC2, 0xE1, 0x84, 0x10, 0xA0, 0xE3, 0xB0, 0x10, 0xC0, 0xE1
	.byte 0x02, 0x50, 0x40, 0xE2, 0xB0, 0x00, 0xD5, 0xE1, 0x80, 0x00, 0x10, 0xE3, 0xFC, 0xFF, 0xFF, 0x1A
	.byte 0x26, 0x00, 0x00, 0xEB, 0x8C, 0x60, 0x9F, 0xE5, 0xB0, 0x60, 0xC5, 0xE1, 0x23, 0x00, 0x00, 0xEB
	.byte 0x84, 0x00, 0x9F, 0xE5, 0xB0, 0x00, 0xD0, 0xE1, 0x00, 0x00, 0x50, 0xE3, 0x04, 0x00, 0x00, 0x1A
	.byte 0xB0, 0x00, 0xD4, 0xE1, 0x40, 0x00, 0x10, 0xE3, 0x01, 0x00, 0xA0, 0x03, 0x00, 0x00, 0xA0, 0x13
	.byte 0x12, 0x00, 0x00, 0xEA, 0xB0, 0x00, 0xD4, 0xE1, 0x40, 0x00, 0x10, 0xE3, 0x01, 0x00, 0xA0, 0x03
	.byte 0x0E, 0x00, 0x00, 0x0A, 0x02, 0x0B, 0x86, 0xE2, 0xB0, 0x00, 0xC5, 0xE1, 0x84, 0x00, 0xA0, 0xE3
	.byte 0xBC, 0x08, 0xC4, 0xE1, 0xBA, 0x08, 0xD4, 0xE1, 0x80, 0x00, 0x10, 0xE3, 0xFC, 0xFF, 0xFF, 0x1A
	.byte 0x0E, 0x00, 0x00, 0xEB, 0x2C, 0x00, 0x9F, 0xE5, 0xBA, 0x08, 0xC4, 0xE1, 0x0B, 0x00, 0x00, 0xEB
	.byte 0xB0, 0x00, 0xD4, 0xE1, 0x40, 0x00, 0x10, 0xE3, 0x00, 0x00, 0xA0, 0x13, 0x02, 0x00, 0xA0, 0x03
	.byte 0x70, 0x40, 0xBD, 0xE8, 0x1E, 0xFF, 0x2F, 0xE1, 0x36, 0x01, 0x00, 0x04, 0xC0, 0x01, 0x00, 0x04
	.byte 0x01, 0x8A, 0x00, 0x00, 0xC2, 0x01, 0x00, 0x04, 0x01, 0x82, 0x00, 0x00, 0x3C, 0xB7, 0x80, 0x03
	.byte 0x18, 0x00, 0x9F, 0xE5, 0x00, 0x10, 0xA0, 0xE3, 0xB0, 0x10, 0xC0, 0xE1, 0x02, 0x10, 0x40, 0xE2
	.byte 0xB0, 0x00, 0xD1, 0xE1, 0x80, 0x00, 0x10, 0xE3, 0xFC, 0xFF, 0xFF, 0x1A, 0x1E, 0xFF, 0x2F, 0xE1
	.byte 0xC2, 0x01, 0x00, 0x04, 0xF0, 0x43, 0x2D, 0xE9, 0x14, 0xD0, 0x4D, 0xE2, 0x03, 0x50, 0xA0, 0xE1
	.byte 0xBC, 0x31, 0x9F, 0xE5, 0x00, 0x00, 0x52, 0xE3, 0xD1, 0x90, 0xA0, 0x03, 0x01, 0x40, 0xA0, 0x03
	.byte 0x00, 0x80, 0x8D, 0xE2, 0x00, 0x70, 0xA0, 0xE1, 0x01, 0x60, 0xA0, 0xE1, 0x00, 0x20, 0xA0, 0xE3
	.byte 0x91, 0x90, 0xA0, 0x13, 0x02, 0x40, 0xA0, 0x13, 0xB0, 0x00, 0xD3, 0xE1, 0x80, 0x00, 0x10, 0xE3
	.byte 0xFC, 0xFF, 0xFF, 0x1A, 0x8C, 0x11, 0x9F, 0xE5, 0x8C, 0x01, 0x9F, 0xE5, 0xB0, 0x10, 0xC3, 0xE1
	.byte 0xFF, 0x90, 0x09, 0xE2, 0xB0, 0x90, 0xC0, 0xE1, 0x02, 0x10, 0x40, 0xE2, 0xB0, 0x00, 0xD1, 0xE1
	.byte 0x80, 0x00, 0x10, 0xE3, 0xFC, 0xFF, 0xFF, 0x1A, 0x64, 0x11, 0x9F, 0xE5, 0x09, 0x08, 0xA0, 0xE1
	.byte 0x68, 0xE1, 0x9F, 0xE5, 0x00, 0x30, 0xA0, 0xE3, 0x20, 0x08, 0xA0, 0xE1, 0xB2, 0x20, 0xC1, 0xE1
	.byte 0xB0, 0x90, 0xD1, 0xE1, 0x80, 0x00, 0x19, 0xE3, 0xFC, 0xFF, 0xFF, 0x1A, 0xB2, 0x90, 0xD1, 0xE1
	.byte 0xFF, 0x90, 0x09, 0xE2, 0x09, 0xC8, 0xA0, 0xE1, 0x2C, 0x94, 0xA0, 0xE1, 0x03, 0x91, 0x88, 0xE7
	.byte 0xB2, 0x00, 0xC1, 0xE1, 0xB0, 0x90, 0xD1, 0xE1, 0x80, 0x00, 0x19, 0xE3, 0xFC, 0xFF, 0xFF, 0x1A
	.byte 0xB2, 0xC0, 0xD1, 0xE1, 0x03, 0x91, 0x98, 0xE7, 0xFF, 0xC0, 0x0C, 0xE2, 0x0C, 0xC8, 0xA0, 0xE1
	.byte 0x2C, 0x98, 0x89, 0xE1, 0x0E, 0xC0, 0x09, 0xE0, 0xCC, 0xC1, 0xA0, 0xE1, 0x03, 0xC1, 0x88, 0xE7
	.byte 0x01, 0x30, 0x83, 0xE2, 0x05, 0x00, 0x53, 0xE3, 0xE7, 0xFF, 0xFF, 0xBA, 0x00, 0x01, 0x9F, 0xE5
	.byte 0xB0, 0x00, 0xC1, 0xE1, 0xBD, 0xFF, 0xFF, 0xEB, 0x00, 0x30, 0xA0, 0xE3, 0x03, 0x90, 0xA0, 0xE1
	.byte 0x09, 0x11, 0x98, 0xE7, 0x01, 0x20, 0x89, 0xE2, 0x05, 0x00, 0x00, 0xEA, 0x02, 0x01, 0x98, 0xE7
	.byte 0x01, 0x20, 0x82, 0xE2, 0x00, 0x00, 0x51, 0xE0, 0x00, 0x00, 0x60, 0x42, 0x03, 0x00, 0x50, 0xE1
	.byte 0x00, 0x30, 0xA0, 0xC1, 0x05, 0x00, 0x52, 0xE3, 0xF7, 0xFF, 0xFF, 0xBA, 0x01, 0x90, 0x89, 0xE2
	.byte 0x04, 0x00, 0x59, 0xE3, 0xF1, 0xFF, 0xFF, 0xBA, 0xB0, 0x30, 0xC5, 0xE1, 0x00, 0x50, 0xA0, 0xE3
	.byte 0x1B, 0x00, 0x00, 0xEA, 0x05, 0x21, 0x98, 0xE7, 0x01, 0x90, 0x85, 0xE2, 0x15, 0x00, 0x00, 0xEA
	.byte 0x09, 0x11, 0x98, 0xE7, 0x01, 0x00, 0x52, 0xE0, 0x00, 0x00, 0x60, 0x42, 0x06, 0x00, 0x50, 0xE1
	.byte 0x0F, 0x00, 0x00, 0xCA, 0x01, 0x00, 0x89, 0xE2, 0x0B, 0x00, 0x00, 0xEA, 0x00, 0x31, 0x98, 0xE7
	.byte 0x03, 0xC0, 0x52, 0xE0, 0x00, 0xC0, 0x6C, 0x42, 0x06, 0x00, 0x5C, 0xE1, 0x82, 0x00, 0x81, 0xD0
	.byte 0x00, 0x00, 0x83, 0xD0, 0x40, 0x01, 0xA0, 0xD1, 0x07, 0x00, 0xC0, 0xD3, 0xB0, 0x00, 0xC7, 0xD1
	.byte 0x00, 0x00, 0xA0, 0xD3, 0x0F, 0x00, 0x00, 0xDA, 0x01, 0x00, 0x80, 0xE2, 0x05, 0x00, 0x50, 0xE3
	.byte 0xF1, 0xFF, 0xFF, 0xBA, 0x01, 0x90, 0x89, 0xE2, 0x04, 0x00, 0x59, 0xE3, 0xE7, 0xFF, 0xFF, 0xBA
	.byte 0x01, 0x50, 0x85, 0xE2, 0x03, 0x00, 0x55, 0xE3, 0xE1, 0xFF, 0xFF, 0xBA, 0x00, 0x20, 0x9D, 0xE5
	.byte 0x10, 0x10, 0x9D, 0xE5, 0x04, 0x00, 0xA0, 0xE1, 0x01, 0x10, 0x82, 0xE0, 0xC1, 0x10, 0xA0, 0xE1
	.byte 0x07, 0x10, 0xC1, 0xE3, 0xB0, 0x10, 0xC7, 0xE1, 0x14, 0xD0, 0x8D, 0xE2, 0xF0, 0x43, 0xBD, 0xE8
	.byte 0x1E, 0xFF, 0x2F, 0xE1, 0xC0, 0x01, 0x00, 0x04, 0x01, 0x8A, 0x00, 0x00, 0xC2, 0x01, 0x00, 0x04
	.byte 0xF8, 0x7F, 0x00, 0x00, 0x01, 0x82, 0x00, 0x00, 0xFC, 0x47, 0x2D, 0xE9, 0x01, 0x90, 0xB0, 0xE1
	.byte 0x02, 0x80, 0xA0, 0xE1, 0x00, 0x60, 0xA0, 0xE3, 0xA0, 0x41, 0x9F, 0xE5, 0x00, 0xA0, 0xA0, 0xE1
	.byte 0xB0, 0x60, 0xC8, 0xE1, 0x00, 0x90, 0x69, 0x42, 0x3B, 0xFF, 0xFF, 0xEB, 0x00, 0x70, 0xB0, 0xE1
	.byte 0x0B, 0x00, 0x00, 0x1A, 0x00, 0x20, 0x9A, 0xE5, 0x01, 0x0A, 0xA0, 0xE3, 0x00, 0x00, 0x60, 0xE2
	.byte 0x7C, 0x11, 0x9F, 0xE5, 0x00, 0x00, 0x02, 0xE0, 0x01, 0x00, 0x00, 0xE0, 0x01, 0x04, 0xC0, 0xE3
	.byte 0x06, 0x04, 0xC0, 0xE3, 0x06, 0x04, 0x80, 0xE3, 0x00, 0x00, 0x8A, 0xE5, 0xB0, 0x60, 0xC4, 0xE1
	.byte 0x54, 0x00, 0x00, 0xEA, 0x04, 0x50, 0x8D, 0xE2, 0x02, 0x30, 0x8D, 0xE2, 0x05, 0x00, 0xA0, 0xE1
	.byte 0x09, 0x10, 0xA0, 0xE1, 0x06, 0x20, 0xA0, 0xE1, 0x69, 0xFF, 0xFF, 0xEB, 0x00, 0x10, 0x9A, 0xE5
	.byte 0x00, 0x0F, 0xA0, 0xE1, 0x06, 0x14, 0xC1, 0xE3, 0xA0, 0x12, 0x81, 0xE1, 0x00, 0x10, 0x8A, 0xE5
	.byte 0x01, 0x0A, 0x46, 0xE2, 0x00, 0x30, 0x01, 0xE0, 0xB4, 0x20, 0xDD, 0xE1, 0x24, 0x11, 0x9F, 0xE5
	.byte 0x05, 0x00, 0xA0, 0xE1, 0x01, 0x10, 0x02, 0xE0, 0x01, 0x50, 0x83, 0xE1, 0x00, 0x50, 0x8A, 0xE5
	.byte 0x00, 0x30, 0x8D, 0xE2, 0x09, 0x10, 0xA0, 0xE1, 0x01, 0x20, 0xA0, 0xE3, 0x58, 0xFF, 0xFF, 0xEB
	.byte 0x02, 0x00, 0x50, 0xE3, 0x00, 0x10, 0x9A, 0x05, 0x00, 0x50, 0xA0, 0xE3, 0x81, 0x02, 0xA0, 0x01
	.byte 0x20, 0x0F, 0xA0, 0x01, 0x02, 0x00, 0x80, 0x03, 0x06, 0x14, 0xC1, 0x03, 0x00, 0x0F, 0xA0, 0x01
	.byte 0xA0, 0x02, 0x81, 0x01, 0x00, 0x00, 0x8A, 0x05, 0xB4, 0x10, 0xDD, 0xE1, 0x00, 0x20, 0x9A, 0xE5
	.byte 0xCC, 0x00, 0x9F, 0xE5, 0x01, 0x1A, 0xA0, 0xE1, 0x00, 0x00, 0x02, 0xE0, 0x21, 0x24, 0x80, 0xE1
	.byte 0xC4, 0x10, 0x9F, 0xE5, 0xC4, 0x00, 0x9F, 0xE5, 0x00, 0x20, 0x8A, 0xE5, 0xB0, 0x10, 0xC0, 0xE1
	.byte 0x3A, 0xFF, 0xFF, 0xEB, 0x01, 0x50, 0x85, 0xE2, 0x0C, 0x00, 0x55, 0xE3, 0xFB, 0xFF, 0xFF, 0xBA
	.byte 0xAC, 0x10, 0x9F, 0xE5, 0xA4, 0x00, 0x9F, 0xE5, 0xB0, 0x10, 0xC0, 0xE1, 0x33, 0xFF, 0xFF, 0xEB
	.byte 0x02, 0x00, 0x57, 0xE3, 0x00, 0x00, 0x9A, 0x05, 0x06, 0x04, 0xC0, 0x03, 0x06, 0x04, 0x80, 0x03
	.byte 0x00, 0x00, 0x8A, 0x05, 0xF4, 0xFE, 0xFF, 0xEB, 0x00, 0x00, 0x50, 0xE3, 0x15, 0x00, 0x00, 0x0A
	.byte 0x01, 0x00, 0x50, 0xE3, 0x08, 0x00, 0x00, 0x0A, 0x02, 0x00, 0x50, 0xE3, 0x00, 0x00, 0x9A, 0x05
	.byte 0x01, 0x04, 0x80, 0x03, 0x06, 0x04, 0xC0, 0x03, 0x06, 0x04, 0x80, 0x03, 0x00, 0x00, 0x8A, 0x05
	.byte 0xB0, 0x60, 0xC4, 0x01, 0x0E, 0x00, 0x00, 0x1A, 0x0E, 0x00, 0x00, 0xEA, 0x00, 0x00, 0x9A, 0xE5
	.byte 0x01, 0x04, 0x80, 0xE3, 0x00, 0x00, 0x8A, 0xE5, 0x01, 0x00, 0xA0, 0xE3, 0xB0, 0x00, 0xC4, 0xE1
	.byte 0xB0, 0x00, 0xDD, 0xE1, 0xB2, 0x10, 0xDD, 0xE1, 0x00, 0x00, 0x51, 0xE1, 0x00, 0x10, 0xA0, 0x31
	.byte 0xB0, 0x10, 0xC8, 0xE1, 0x03, 0x00, 0x00, 0xEA, 0x00, 0x00, 0x9A, 0xE5, 0x01, 0x04, 0xC0, 0xE3
	.byte 0xA8, 0xFF, 0xFF, 0xEA, 0xFC, 0xE5, 0xFF, 0xEB, 0xFC, 0x47, 0xBD, 0xE8, 0x1E, 0xFF, 0x2F, 0xE1
	.byte 0x3C, 0xB7, 0x80, 0x03, 0xFF, 0x0F, 0x00, 0xFF, 0xFF, 0x0F, 0x00, 0x00, 0x01, 0x8A, 0x00, 0x00
	.byte 0xC0, 0x01, 0x00, 0x04, 0x01, 0x82, 0x00, 0x00

	arm_func_start FUN_038059B8
FUN_038059B8: ; 0x038059B8
	ldr r0, _038059F8 ; =0x0380B740
	mov r3, #0
	str r3, [r0, #0x20]
	ldr r0, _038059FC ; =0x0380B740
	mov r2, r3
_038059CC:
	mov r1, r3, lsl #1
	add r3, r3, #1
	strh r2, [r0, r1]
	cmp r3, #0x10
	blt _038059CC
	ldr r2, _03805A00 ; =0x0400010E
	ldr r0, _03805A04 ; =0x0000FF7F
	ldrh r1, [r2]
	and r0, r1, r0
	strh r0, [r2]
	bx lr
	.balign 4, 0
_038059F8: .word 0x0380B740
_038059FC: .word 0x0380B740
_03805A00: .word 0x0400010E
_03805A04: .word 0x0000FF7F
	arm_func_end FUN_038059B8
_03805A08:
	.byte 0xF0, 0x41, 0x2D, 0xE9, 0x02, 0x04, 0x10, 0xE3
	.byte 0x01, 0x60, 0xA0, 0xE3, 0x03, 0x50, 0xA0, 0xE3, 0x00, 0x70, 0xA0, 0xE3, 0x06, 0x00, 0x00, 0x0A
	.byte 0x4C, 0x12, 0x9F, 0xE5, 0x07, 0x30, 0xA0, 0xE1, 0x83, 0x20, 0xA0, 0xE1, 0x01, 0x30, 0x83, 0xE2
	.byte 0xB2, 0x70, 0x81, 0xE1, 0x10, 0x00, 0x53, 0xE3, 0xFA, 0xFF, 0xFF, 0xBA, 0x30, 0x12, 0x9F, 0xE5
	.byte 0x0F, 0x28, 0x00, 0xE2, 0x22, 0x28, 0xA0, 0xE1, 0x82, 0x20, 0xA0, 0xE1, 0xB2, 0x00, 0x81, 0xE1
	.byte 0x01, 0x04, 0x10, 0xE3, 0x84, 0x00, 0x00, 0x0A, 0x62, 0xE5, 0xFF, 0xEB, 0x01, 0x00, 0x50, 0xE3
	.byte 0x01, 0x00, 0x00, 0x1A, 0x87, 0xFC, 0xDF, 0xEB, 0x7F, 0x00, 0x00, 0xEA, 0x04, 0x42, 0x9F, 0xE5
	.byte 0xB0, 0x00, 0xD4, 0xE1, 0xFF, 0x1C, 0x00, 0xE2, 0x01, 0x14, 0xA0, 0xE1, 0x21, 0x88, 0xA0, 0xE1
	.byte 0x40, 0x10, 0x48, 0xE2, 0x03, 0x00, 0x51, 0xE3, 0x74, 0x00, 0x00, 0x8A, 0x81, 0x10, 0x8F, 0xE0
	.byte 0xB4, 0x10, 0xD1, 0xE1, 0x01, 0xF0, 0x8F, 0xE0, 0x04, 0x00, 0x3C, 0x00, 0xFC, 0x00, 0x4C, 0x01
	.byte 0xFF, 0x30, 0x00, 0xE2, 0x08, 0x10, 0xA0, 0xE1, 0x02, 0x00, 0xA0, 0xE3, 0x01, 0x20, 0xA0, 0xE3
	.byte 0xD8, 0xF8, 0xFF, 0xEB, 0x00, 0x00, 0x50, 0xE3, 0x02, 0x00, 0x00, 0x1A, 0x08, 0x00, 0xA0, 0xE1
	.byte 0x04, 0x10, 0xA0, 0xE3, 0x86, 0xF8, 0xFF, 0xEB, 0xAC, 0x01, 0x9F, 0xE5, 0xB0, 0x70, 0xC0, 0xE1
	.byte 0x04, 0x70, 0x00, 0xE5, 0x64, 0x00, 0x00, 0xEA, 0x20, 0x10, 0x94, 0xE5, 0x00, 0x00, 0x51, 0xE3
	.byte 0x00, 0x00, 0x00, 0x0A, 0x42, 0x00, 0x00, 0xEA, 0xFF, 0x00, 0x00, 0xE2, 0xB4, 0x02, 0xC4, 0xE1
	.byte 0xB2, 0x10, 0xD4, 0xE1, 0xB4, 0x00, 0xD4, 0xE1, 0x01, 0x28, 0x80, 0xE1, 0x02, 0x04, 0x52, 0xE3
	.byte 0x01, 0x00, 0x00, 0x3A, 0x09, 0x05, 0x52, 0xE3, 0x00, 0x00, 0x00, 0x3A, 0x41, 0x00, 0x00, 0xEA
	.byte 0x28, 0x20, 0x84, 0xE5, 0xB6, 0x10, 0xD4, 0xE1, 0xB8, 0x00, 0xD4, 0xE1, 0x01, 0x18, 0x80, 0xE1
	.byte 0x01, 0x00, 0x82, 0xE0, 0x09, 0x05, 0x50, 0xE3, 0x00, 0x00, 0x00, 0x9A, 0x39, 0x00, 0x00, 0xEA
	.byte 0x30, 0x10, 0x84, 0xE5, 0xBA, 0x10, 0xD4, 0xE1, 0xBC, 0x00, 0xD4, 0xE1, 0x01, 0x08, 0x80, 0xE1
	.byte 0x50, 0x00, 0x00, 0xEB, 0x00, 0x00, 0x50, 0xE3, 0x00, 0x00, 0x00, 0x1A, 0x31, 0x00, 0x00, 0xEA
	.byte 0x2C, 0x70, 0x84, 0xE5, 0xB4, 0x02, 0xD4, 0xE1, 0x08, 0x10, 0xA0, 0xE1, 0x07, 0x30, 0x00, 0xE2
	.byte 0x07, 0x20, 0xA0, 0xE1, 0x02, 0x00, 0xA0, 0xE3, 0xB6, 0x32, 0xC4, 0xE1, 0xA9, 0xF8, 0xFF, 0xEB
	.byte 0x00, 0x00, 0x50, 0xE3, 0x00, 0x01, 0x9F, 0x15, 0xB0, 0x70, 0xC0, 0x11, 0x04, 0x70, 0x00, 0x15
	.byte 0x20, 0x60, 0x84, 0x15, 0x38, 0x00, 0x00, 0x1A, 0x08, 0x00, 0xA0, 0xE1, 0x04, 0x10, 0xA0, 0xE3
	.byte 0x53, 0xF8, 0xFF, 0xEB, 0x34, 0x00, 0x00, 0xEA, 0x20, 0x00, 0x94, 0xE5, 0x02, 0x00, 0x50, 0xE3
	.byte 0x00, 0x00, 0x00, 0x0A, 0x12, 0x00, 0x00, 0xEA, 0x08, 0x10, 0xA0, 0xE1, 0x02, 0x00, 0xA0, 0xE3
	.byte 0x00, 0x20, 0xA0, 0xE3, 0x97, 0xF8, 0xFF, 0xEB, 0x00, 0x00, 0x50, 0xE3, 0xBC, 0x20, 0x9F, 0x15
	.byte 0x20, 0x50, 0x84, 0x15, 0xB0, 0x10, 0xD2, 0x11, 0xB4, 0x00, 0x9F, 0x15, 0x00, 0x00, 0x01, 0x10
	.byte 0xB0, 0x00, 0xC2, 0x11, 0x24, 0x00, 0x00, 0x1A, 0x08, 0x00, 0xA0, 0xE1, 0x04, 0x10, 0xA0, 0xE3
	.byte 0x3F, 0xF8, 0xFF, 0xEB, 0x20, 0x00, 0x00, 0xEA, 0x20, 0x00, 0x94, 0xE5, 0x02, 0x00, 0x50, 0xE3
	.byte 0x02, 0x00, 0x00, 0x0A, 0x08, 0x00, 0xA0, 0xE1, 0x03, 0x10, 0xA0, 0xE3, 0x19, 0x00, 0x00, 0xEA
	.byte 0xB2, 0x10, 0xD4, 0xE1, 0xB4, 0x00, 0xD4, 0xE1, 0x01, 0x08, 0x80, 0xE1, 0x1D, 0x00, 0x00, 0xEB
	.byte 0x00, 0x00, 0x50, 0xE3, 0x02, 0x00, 0x00, 0x1A, 0x08, 0x00, 0xA0, 0xE1, 0x02, 0x10, 0xA0, 0xE3
	.byte 0x10, 0x00, 0x00, 0xEA, 0xCC, 0xE4, 0xFF, 0xEB, 0x50, 0x30, 0x9F, 0xE5, 0x50, 0x10, 0x9F, 0xE5
	.byte 0xB0, 0x20, 0xD3, 0xE1, 0x01, 0x10, 0x02, 0xE0, 0xB0, 0x10, 0xC3, 0xE1, 0xB4, 0x13, 0xD4, 0xE1
	.byte 0xB2, 0x10, 0x43, 0xE1, 0xB6, 0x13, 0xD4, 0xE1, 0xC0, 0x10, 0x81, 0xE3, 0xB0, 0x10, 0xC3, 0xE1
	.byte 0xC6, 0xE4, 0xFF, 0xEB, 0x08, 0x00, 0xA0, 0xE1, 0x00, 0x10, 0xA0, 0xE3, 0x01, 0x00, 0x00, 0xEA
	.byte 0x08, 0x00, 0xA0, 0xE1, 0x01, 0x10, 0xA0, 0xE3, 0x1D, 0xF8, 0xFF, 0xEB, 0xF0, 0x41, 0xBD, 0xE8
	.byte 0x1E, 0xFF, 0x2F, 0xE1, 0x40, 0xB7, 0x80, 0x03, 0x40, 0xB7, 0x80, 0x03, 0x94, 0xFF, 0xFF, 0x02
	.byte 0x0E, 0x01, 0x00, 0x04, 0x7F, 0xFF, 0x00, 0x00, 0x7C, 0x10, 0x9F, 0xE5, 0x01, 0x08, 0x50, 0xE3
	.byte 0x00, 0x20, 0xA0, 0x33, 0xB6, 0x23, 0xC1, 0x31, 0x01, 0x08, 0x60, 0x32, 0x01, 0x30, 0xA0, 0xE3
	.byte 0xB4, 0x03, 0xC1, 0x31, 0x03, 0x00, 0xA0, 0x31, 0x1E, 0xFF, 0x2F, 0x31, 0x01, 0x05, 0x50, 0xE3
	.byte 0x20, 0x03, 0xA0, 0x31, 0x01, 0x28, 0x60, 0x32, 0xB6, 0x33, 0xC1, 0x31, 0x03, 0x00, 0xA0, 0x31
	.byte 0xB4, 0x23, 0xC1, 0x31, 0x1E, 0xFF, 0x2F, 0x31, 0x01, 0x04, 0x50, 0xE3, 0x02, 0x20, 0xA0, 0x33
	.byte 0x20, 0x04, 0xA0, 0x31, 0xB6, 0x23, 0xC1, 0x31, 0x01, 0x08, 0x60, 0x32, 0xB4, 0x03, 0xC1, 0x31
	.byte 0x03, 0x00, 0xA0, 0x31, 0x1E, 0xFF, 0x2F, 0x31, 0x01, 0x03, 0x50, 0xE3, 0x03, 0x20, 0xA0, 0x33
	.byte 0x20, 0x05, 0xA0, 0x31, 0xB6, 0x23, 0xC1, 0x31, 0x01, 0x08, 0x60, 0x32, 0xB4, 0x03, 0xC1, 0x31
	.byte 0x03, 0x00, 0xA0, 0x31, 0x00, 0x00, 0xA0, 0x23, 0x1E, 0xFF, 0x2F, 0xE1, 0x40, 0xB7, 0x80, 0x03
	.byte 0xF8, 0x43, 0x2D, 0xE9, 0xEC, 0x71, 0x9F, 0xE5, 0x00, 0x60, 0xA0, 0xE1, 0x02, 0x50, 0xA0, 0xE3
	.byte 0x00, 0x40, 0xA0, 0xE3, 0xAF, 0xE4, 0xFF, 0xEB, 0x01, 0x00, 0x50, 0xE3, 0x02, 0x00, 0x00, 0x1A
	.byte 0x06, 0x00, 0xA0, 0xE1, 0xB6, 0xFC, 0xDF, 0xEB, 0x70, 0x00, 0x00, 0xEA, 0x04, 0x10, 0x96, 0xE5
	.byte 0x40, 0x00, 0x51, 0xE3, 0x04, 0x00, 0x00, 0x0A, 0x41, 0x00, 0x51, 0xE3, 0x29, 0x00, 0x00, 0x0A
	.byte 0x42, 0x00, 0x51, 0xE3, 0x47, 0x00, 0x00, 0x0A, 0x68, 0x00, 0x00, 0xEA, 0x7E, 0xE4, 0xFF, 0xEB
	.byte 0x00, 0x40, 0xA0, 0xE1, 0x05, 0x00, 0xA0, 0xE1, 0x0E, 0xF8, 0xFF, 0xEB, 0x00, 0x00, 0x50, 0xE3
	.byte 0x04, 0x00, 0x00, 0x1A, 0x04, 0x00, 0xA0, 0xE1, 0x7C, 0xE4, 0xFF, 0xEB, 0x04, 0x00, 0x96, 0xE5
	.byte 0x04, 0x10, 0xA0, 0xE3, 0x34, 0x00, 0x00, 0xEA, 0x05, 0x00, 0xA0, 0xE1, 0x0C, 0xF8, 0xFF, 0xEB
	.byte 0x04, 0x00, 0xA0, 0xE1, 0x75, 0xE4, 0xFF, 0xEB, 0x08, 0x00, 0x96, 0xE5, 0x01, 0x00, 0x00, 0xE2
	.byte 0x01, 0x00, 0x50, 0xE3, 0x04, 0x00, 0x00, 0x1A, 0x16, 0x01, 0x00, 0xEB, 0x08, 0x10, 0x96, 0xE5
	.byte 0x02, 0x00, 0x11, 0xE3, 0x02, 0x09, 0x20, 0x12, 0x03, 0x00, 0x00, 0xEA, 0xC1, 0x00, 0x00, 0xEB
	.byte 0x08, 0x10, 0x96, 0xE5, 0x02, 0x00, 0x11, 0xE3, 0x80, 0x00, 0x20, 0x12, 0x38, 0x11, 0x9F, 0xE5
	.byte 0xB0, 0x00, 0xC1, 0xE1, 0x04, 0x10, 0x01, 0xE5, 0x04, 0x00, 0x96, 0xE5, 0x00, 0x10, 0xA0, 0xE3
	.byte 0x00, 0x08, 0xA0, 0xE1, 0x20, 0x08, 0xA0, 0xE1, 0xBD, 0xF7, 0xFF, 0xEB, 0x02, 0x00, 0xA0, 0xE3
	.byte 0xF9, 0xF7, 0xFF, 0xEB, 0x41, 0x00, 0x00, 0xEA, 0x20, 0x00, 0x97, 0xE5, 0x01, 0x00, 0x50, 0xE3
	.byte 0x18, 0x00, 0x00, 0x1A, 0xBA, 0x43, 0xC7, 0xE1, 0xB8, 0x43, 0xC7, 0xE1, 0x52, 0xE4, 0xFF, 0xEB
	.byte 0x40, 0x80, 0xA0, 0xE3, 0x00, 0x90, 0xA0, 0xE1, 0x08, 0x00, 0xA0, 0xE1, 0x17, 0xD9, 0xFF, 0xEB
	.byte 0xE8, 0x10, 0x9F, 0xE5, 0x08, 0x00, 0xA0, 0xE1, 0x3F, 0x01, 0x00, 0xEB, 0x48, 0x01, 0x00, 0xEB
	.byte 0xB4, 0x13, 0xD7, 0xE1, 0xD8, 0x20, 0x9F, 0xE5, 0x09, 0x00, 0xA0, 0xE1, 0xB0, 0x10, 0xC2, 0xE1
	.byte 0xB6, 0x13, 0xD7, 0xE1, 0xC0, 0x10, 0x81, 0xE3, 0xB2, 0x10, 0xC2, 0xE1, 0x20, 0x50, 0x87, 0xE5
	.byte 0x46, 0xE4, 0xFF, 0xEB, 0x04, 0x00, 0x96, 0xE5, 0x04, 0x10, 0xA0, 0xE1, 0x00, 0x08, 0xA0, 0xE1
	.byte 0x20, 0x08, 0xA0, 0xE1, 0x24, 0x00, 0x00, 0xEA, 0x01, 0x08, 0xA0, 0xE1, 0x20, 0x08, 0xA0, 0xE1
	.byte 0x03, 0x10, 0xA0, 0xE3, 0x20, 0x00, 0x00, 0xEA, 0x20, 0x10, 0x97, 0xE5, 0x03, 0x00, 0x41, 0xE2
	.byte 0x01, 0x00, 0x50, 0xE3, 0x16, 0x00, 0x00, 0x8A, 0x88, 0x20, 0x9F, 0xE5, 0x88, 0x00, 0x9F, 0xE5
	.byte 0xB0, 0x10, 0xD2, 0xE1, 0x00, 0x00, 0x01, 0xE0, 0xB0, 0x00, 0xC2, 0xE1, 0x2E, 0xE4, 0xFF, 0xEB
	.byte 0x00, 0x50, 0xA0, 0xE1, 0x04, 0x10, 0xA0, 0xE1, 0x40, 0x00, 0xA0, 0xE3, 0x1E, 0x01, 0x00, 0xEB
	.byte 0x42, 0x01, 0x00, 0xEB, 0x05, 0x00, 0xA0, 0xE1, 0x2C, 0xE4, 0xFF, 0xEB, 0x20, 0x00, 0x97, 0xE5
	.byte 0x04, 0x10, 0xA0, 0xE1, 0x03, 0x00, 0x50, 0xE3, 0x01, 0x00, 0x00, 0x1A, 0x42, 0x00, 0xA0, 0xE3
	.byte 0x00, 0x00, 0x00, 0xEA, 0x51, 0x00, 0xA0, 0xE3, 0x81, 0xF7, 0xFF, 0xEB, 0x20, 0x40, 0x87, 0xE5
	.byte 0x06, 0x00, 0x00, 0xEA, 0x03, 0x00, 0x51, 0xE3, 0x03, 0x10, 0xA0, 0xE3, 0x01, 0x00, 0x00, 0x1A
	.byte 0x42, 0x00, 0xA0, 0xE3, 0x00, 0x00, 0x00, 0xEA, 0x51, 0x00, 0xA0, 0xE3, 0x78, 0xF7, 0xFF, 0xEB
	.byte 0xF8, 0x43, 0xBD, 0xE8, 0x1E, 0xFF, 0x2F, 0xE1, 0x40, 0xB7, 0x80, 0x03, 0x94, 0xFF, 0xFF, 0x02
	.byte 0x2C, 0x5F, 0x80, 0x03, 0x0C, 0x01, 0x00, 0x04, 0x0E, 0x01, 0x00, 0x04, 0x7F, 0xFF, 0x00, 0x00
	.byte 0x00, 0x00, 0x9F, 0xE5, 0x1E, 0xFF, 0x2F, 0xE1, 0x40, 0xB7, 0x80, 0x03, 0x08, 0x40, 0x2D, 0xE9
	.byte 0x0A, 0x00, 0x00, 0xEB, 0x1C, 0x30, 0x9F, 0xE5, 0x1C, 0x00, 0x9F, 0xE5, 0x00, 0x20, 0x93, 0xE5
	.byte 0x40, 0x10, 0xA0, 0xE3, 0x40, 0x20, 0x82, 0xE3, 0x00, 0x20, 0x83, 0xE5, 0x00, 0x10, 0x80, 0xE5
	.byte 0x08, 0x40, 0xBD, 0xE8, 0x1E, 0xFF, 0x2F, 0xE1, 0xF8, 0xFF, 0x80, 0x03, 0x14, 0x02, 0x00, 0x04
	.byte 0xF0, 0x40, 0x2D, 0xE9, 0x4C, 0x41, 0x9F, 0xE5, 0xB6, 0x52, 0xD4, 0xE1, 0x04, 0x00, 0x05, 0xE2
	.byte 0x04, 0x00, 0x50, 0xE3, 0xB8, 0x63, 0xD4, 0xE1, 0xBA, 0x73, 0xD4, 0x11, 0x38, 0x71, 0x9F, 0x05
	.byte 0xD8, 0xF7, 0xFF, 0xEB, 0x00, 0x00, 0x50, 0xE3, 0x0F, 0x00, 0x00, 0x1A, 0x02, 0x00, 0xA0, 0xE3
	.byte 0x84, 0xF7, 0xFF, 0xEB, 0x00, 0x00, 0x50, 0xE3, 0x0B, 0x00, 0x00, 0x0A, 0x01, 0x00, 0x05, 0xE2
	.byte 0x01, 0x00, 0x50, 0xE3, 0x04, 0x00, 0x00, 0x1A, 0x96, 0x00, 0x00, 0xEB, 0x02, 0x00, 0x15, 0xE3
	.byte 0x00, 0x70, 0xA0, 0x01, 0x02, 0x79, 0x20, 0x12, 0x03, 0x00, 0x00, 0xEA, 0x41, 0x00, 0x00, 0xEB
	.byte 0x02, 0x00, 0x15, 0xE3, 0x00, 0x70, 0xA0, 0x01, 0x80, 0x70, 0x20, 0x12, 0x01, 0x00, 0x05, 0xE2
	.byte 0xE8, 0x30, 0x9F, 0xE5, 0x2C, 0x10, 0x94, 0xE5, 0x01, 0x00, 0x50, 0xE3, 0x06, 0x00, 0x00, 0x1A
	.byte 0x28, 0x20, 0x94, 0xE5, 0xB1, 0x70, 0xA2, 0xE1, 0x90, 0x23, 0x83, 0xE5, 0xE5, 0x3F, 0x83, 0xE2
	.byte 0xB0, 0x70, 0xC3, 0xE1, 0x02, 0x10, 0x81, 0xE2, 0x0D, 0x00, 0x00, 0xEA, 0xFF, 0x70, 0x07, 0xE2
	.byte 0x01, 0x00, 0x11, 0xE3, 0x02, 0x00, 0x00, 0x1A, 0x07, 0x60, 0xA0, 0xE1, 0x01, 0x10, 0x81, 0xE2
	.byte 0x07, 0x00, 0x00, 0xEA, 0x07, 0x04, 0x86, 0xE1, 0x28, 0x20, 0x94, 0xE5, 0x01, 0x10, 0x41, 0xE2
	.byte 0xB1, 0x00, 0xA2, 0xE1, 0x90, 0x23, 0x83, 0xE5, 0xE5, 0x3F, 0x83, 0xE2, 0xB0, 0x00, 0xC3, 0xE1
	.byte 0x02, 0x10, 0x81, 0xE2, 0xB8, 0x63, 0xC4, 0xE1, 0xBA, 0x73, 0xC4, 0xE1, 0x30, 0x00, 0x94, 0xE5
	.byte 0x00, 0x00, 0x51, 0xE1, 0x00, 0x10, 0xA0, 0x23, 0x2C, 0x10, 0x84, 0xE5, 0x17, 0x00, 0x00, 0x3A
	.byte 0xB4, 0x02, 0xD4, 0xE1, 0x10, 0x00, 0x00, 0xE2, 0x10, 0x00, 0x50, 0xE3, 0x03, 0x00, 0x00, 0x1A
	.byte 0x51, 0x00, 0xA0, 0xE3, 0x00, 0x10, 0xA0, 0xE3, 0x1D, 0xF7, 0xFF, 0xEB, 0x0F, 0x00, 0x00, 0xEA
	.byte 0x02, 0x00, 0xA0, 0xE3, 0x42, 0x10, 0xA0, 0xE3, 0x00, 0x20, 0xA0, 0xE3, 0x65, 0xF7, 0xFF, 0xEB
	.byte 0x00, 0x00, 0x50, 0xE3, 0x03, 0x00, 0x00, 0x1A, 0x51, 0x00, 0xA0, 0xE3, 0x04, 0x10, 0xA0, 0xE3
	.byte 0x13, 0xF7, 0xFF, 0xEB, 0x05, 0x00, 0x00, 0xEA, 0x04, 0x00, 0xA0, 0xE3, 0x20, 0x00, 0x84, 0xE5
	.byte 0x1C, 0x10, 0x9F, 0xE5, 0xB0, 0x00, 0xD1, 0xE1, 0x80, 0x00, 0xC0, 0xE3, 0xB0, 0x00, 0xC1, 0xE1
	.byte 0xF0, 0x40, 0xBD, 0xE8, 0x1E, 0xFF, 0x2F, 0xE1, 0x40, 0xB7, 0x80, 0x03, 0xFF, 0xFF, 0x00, 0x00
	.byte 0x00, 0xFC, 0xFF, 0x02, 0x0E, 0x01, 0x00, 0x04, 0x70, 0x40, 0x2D, 0xE9, 0xEC, 0x50, 0x9F, 0xE5
	.byte 0xEC, 0x20, 0x9F, 0xE5, 0xB0, 0x00, 0xD2, 0xE1, 0x80, 0x00, 0x10, 0xE3, 0xFC, 0xFF, 0xFF, 0x1A
	.byte 0xE0, 0x10, 0x9F, 0xE5, 0xE0, 0x00, 0x9F, 0xE5, 0xB0, 0x10, 0xC2, 0xE1, 0xEC, 0x10, 0xA0, 0xE3
	.byte 0xB0, 0x10, 0xC0, 0xE1, 0x02, 0x60, 0x40, 0xE2, 0xB0, 0x00, 0xD6, 0xE1, 0x80, 0x00, 0x10, 0xE3
	.byte 0xFC, 0xFF, 0xFF, 0x1A, 0x33, 0x00, 0x00, 0xEB, 0xC0, 0x10, 0x9F, 0xE5, 0x00, 0x4C, 0xA0, 0xE1
	.byte 0xB0, 0x10, 0xC6, 0xE1, 0x2F, 0x00, 0x00, 0xEB, 0xB4, 0x10, 0x9F, 0xE5, 0x24, 0x08, 0x80, 0xE1
	.byte 0x01, 0x10, 0x00, 0xE0, 0x10, 0x00, 0x95, 0xE5, 0x81, 0x14, 0xA0, 0xE1, 0x21, 0x28, 0x80, 0xE0
	.byte 0x10, 0x20, 0x85, 0xE5, 0x0C, 0x00, 0x95, 0xE5, 0x01, 0x00, 0x80, 0xE2, 0x0C, 0x00, 0x85, 0xE5
	.byte 0x01, 0x0A, 0x50, 0xE3, 0x12, 0x00, 0x00, 0x3A, 0xD0, 0x30, 0xD5, 0xE1, 0x22, 0x06, 0xA0, 0xE1
	.byte 0x80, 0x00, 0x40, 0xE2, 0x00, 0x0C, 0xA0, 0xE1, 0x40, 0x0C, 0x53, 0xE1, 0x40, 0x0C, 0xA0, 0xE1
	.byte 0x0C, 0x00, 0x53, 0xB3, 0x01, 0x00, 0x83, 0xB2, 0x00, 0x00, 0xC5, 0xB5, 0x05, 0x00, 0x00, 0xBA
	.byte 0x03, 0x00, 0x50, 0xE1, 0x03, 0x00, 0x00, 0xAA, 0x0C, 0x00, 0x73, 0xE3, 0xD0, 0x00, 0xD5, 0xC1
	.byte 0x01, 0x00, 0x40, 0xC2, 0x00, 0x00, 0xC5, 0xC5, 0x00, 0x00, 0xA0, 0xE3, 0x0C, 0x00, 0x85, 0xE5
	.byte 0x10, 0x00, 0x85, 0xE5, 0xD0, 0x00, 0xD5, 0xE1, 0x21, 0x08, 0x60, 0xE0, 0xFF, 0x00, 0x50, 0xE3
	.byte 0xFF, 0x00, 0xA0, 0xC3, 0x01, 0x00, 0x00, 0xCA, 0x00, 0x00, 0x50, 0xE3, 0x00, 0x00, 0xA0, 0xB3
	.byte 0x00, 0x08, 0xA0, 0xE1, 0x20, 0x08, 0xA0, 0xE1, 0x70, 0x40, 0xBD, 0xE8, 0x1E, 0xFF, 0x2F, 0xE1
	.byte 0x7C, 0xB7, 0x80, 0x03, 0xC0, 0x01, 0x00, 0x04, 0x01, 0x8A, 0x00, 0x00, 0xC2, 0x01, 0x00, 0x04
	.byte 0x01, 0x82, 0x00, 0x00, 0x80, 0x7F, 0x00, 0x00, 0x24, 0x00, 0x9F, 0xE5, 0x00, 0x10, 0xA0, 0xE3
	.byte 0xB0, 0x10, 0xC0, 0xE1, 0x02, 0x10, 0x40, 0xE2, 0xB0, 0x00, 0xD1, 0xE1, 0x80, 0x00, 0x10, 0xE3
	.byte 0xFC, 0xFF, 0xFF, 0x1A, 0x08, 0x00, 0x9F, 0xE5, 0xB0, 0x00, 0xD0, 0xE1, 0xFF, 0x00, 0x00, 0xE2
	.byte 0x1E, 0xFF, 0x2F, 0xE1, 0xC2, 0x01, 0x00, 0x04, 0x70, 0x40, 0x2D, 0xE9, 0xFC, 0x50, 0x9F, 0xE5
	.byte 0xFC, 0x20, 0x9F, 0xE5, 0xB0, 0x00, 0xD2, 0xE1, 0x80, 0x00, 0x10, 0xE3, 0xFC, 0xFF, 0xFF, 0x1A
	.byte 0xF0, 0x10, 0x9F, 0xE5, 0xF0, 0x00, 0x9F, 0xE5, 0xB0, 0x10, 0xC2, 0xE1, 0xE4, 0x10, 0xA0, 0xE3
	.byte 0xB0, 0x10, 0xC0, 0xE1, 0x02, 0x60, 0x40, 0xE2, 0xB0, 0x00, 0xD6, 0xE1, 0x80, 0x00, 0x10, 0xE3
	.byte 0xFC, 0xFF, 0xFF, 0x1A, 0xE3, 0xFF, 0xFF, 0xEB, 0xD0, 0x10, 0x9F, 0xE5, 0x00, 0x4C, 0xA0, 0xE1
	.byte 0xB0, 0x10, 0xC6, 0xE1, 0xDF, 0xFF, 0xFF, 0xEB, 0xC4, 0x10, 0x9F, 0xE5, 0x24, 0x08, 0x80, 0xE1
	.byte 0x01, 0x20, 0x00, 0xE0, 0x04, 0x00, 0x95, 0xE5, 0x82, 0x28, 0xA0, 0xE1, 0x22, 0x38, 0x80, 0xE0
	.byte 0x04, 0x30, 0x85, 0xE5, 0x08, 0x00, 0x95, 0xE5, 0x01, 0x00, 0x80, 0xE2, 0x08, 0x00, 0x85, 0xE5
	.byte 0x01, 0x0C, 0x50, 0xE3, 0x15, 0x00, 0x00, 0x3A, 0x81, 0x00, 0xA0, 0xE1, 0x23, 0x04, 0x00, 0xE0
	.byte 0x02, 0x09, 0x40, 0xE2, 0xF2, 0x10, 0xD5, 0xE1, 0x00, 0x08, 0xA0, 0xE1, 0x40, 0x08, 0x51, 0xE1
	.byte 0x40, 0x08, 0xA0, 0xE1, 0x03, 0x0B, 0x51, 0xB3, 0x10, 0x00, 0x81, 0xB2, 0xB2, 0x00, 0xC5, 0xB1
	.byte 0x07, 0x00, 0x00, 0xBA, 0x01, 0x00, 0x50, 0xE1, 0x05, 0x00, 0x00, 0xAA, 0x03, 0x0B, 0xA0, 0xE3
	.byte 0x00, 0x00, 0x60, 0xE2, 0x00, 0x00, 0x51, 0xE1, 0xF2, 0x00, 0xD5, 0xC1, 0x10, 0x00, 0x40, 0xC2
	.byte 0xB2, 0x00, 0xC5, 0xC1, 0x00, 0x00, 0xA0, 0xE3, 0x08, 0x00, 0x85, 0xE5, 0x04, 0x00, 0x85, 0xE5
	.byte 0xF2, 0x10, 0xD5, 0xE1, 0x3C, 0x00, 0x9F, 0xE5, 0x22, 0x18, 0x61, 0xE0, 0x00, 0x00, 0x51, 0xE1
	.byte 0x00, 0x10, 0xA0, 0xC1, 0x01, 0x00, 0x00, 0xCA, 0x00, 0x00, 0x51, 0xE3, 0x00, 0x10, 0xA0, 0xB3
	.byte 0x01, 0x08, 0xA0, 0xE1, 0x20, 0x08, 0xA0, 0xE1, 0x70, 0x40, 0xBD, 0xE8, 0x1E, 0xFF, 0x2F, 0xE1
	.byte 0x7C, 0xB7, 0x80, 0x03, 0xC0, 0x01, 0x00, 0x04, 0x01, 0x8A, 0x00, 0x00, 0xC2, 0x01, 0x00, 0x04
	.byte 0x01, 0x82, 0x00, 0x00, 0xF8, 0x7F, 0x00, 0x00, 0xF0, 0xFF, 0x00, 0x00, 0x1C, 0x20, 0x9F, 0xE5
	.byte 0x00, 0x30, 0xA0, 0xE3, 0x01, 0x00, 0x10, 0xE3, 0x03, 0x11, 0x82, 0x17, 0x01, 0x30, 0x83, 0xE2
	.byte 0x20, 0x00, 0x53, 0xE3, 0xA0, 0x00, 0xA0, 0xE1, 0xF9, 0xFF, 0xFF, 0xBA, 0x1E, 0xFF, 0x2F, 0xE1
	.byte 0xD4, 0x92, 0x80, 0x03, 0x38, 0x40, 0x2D, 0xE9, 0x57, 0xDC, 0xFF, 0xEB, 0x01, 0x00, 0x50, 0xE3
	.byte 0x01, 0x00, 0x00, 0x1A, 0x2F, 0xFC, 0xDF, 0xEB, 0x0E, 0x00, 0x00, 0xEA, 0x3C, 0x50, 0x9F, 0xE5
	.byte 0x3C, 0x40, 0x9F, 0xE5, 0x00, 0x30, 0x95, 0xE5, 0x04, 0x00, 0x53, 0xE1, 0x09, 0x00, 0x00, 0x0A
	.byte 0x30, 0x00, 0x9F, 0xE5, 0x5F, 0x1F, 0x45, 0xE2, 0x04, 0x10, 0x80, 0xE5, 0x28, 0x10, 0x9F, 0xE5
	.byte 0x00, 0x20, 0xA0, 0xE3, 0xB2, 0x20, 0xC1, 0xE1, 0x00, 0x30, 0x80, 0xE5, 0xEE, 0xE2, 0xFF, 0xEB
	.byte 0x00, 0x40, 0x85, 0xE5, 0xF1, 0xE2, 0xFF, 0xEB, 0x38, 0x40, 0xBD, 0xE8, 0x1E, 0xFF, 0x2F, 0xE1
	.byte 0xFC, 0xFF, 0x80, 0x03, 0x5C, 0x64, 0x80, 0x03, 0x90, 0xB7, 0x80, 0x03, 0xC8, 0x96, 0x80, 0x03
	.byte 0x10, 0x40, 0x2D, 0xE9, 0x3C, 0xDC, 0xFF, 0xEB, 0x01, 0x00, 0x50, 0xE3, 0x01, 0x00, 0x00, 0x1A
	.byte 0x37, 0xFC, 0xDF, 0xEB, 0x09, 0x00, 0x00, 0xEA, 0x28, 0x40, 0x9F, 0xE5, 0x28, 0x00, 0x9F, 0xE5
	.byte 0x00, 0x10, 0x94, 0xE5, 0x00, 0x00, 0x51, 0xE1, 0x04, 0x00, 0x00, 0x1A, 0xDA, 0xE2, 0xFF, 0xEB
	.byte 0x18, 0x10, 0x9F, 0xE5, 0x00, 0x10, 0x91, 0xE5, 0x00, 0x10, 0x84, 0xE5, 0xDB, 0xE2, 0xFF, 0xEB
	.byte 0x10, 0x40, 0xBD, 0xE8, 0x1E, 0xFF, 0x2F, 0xE1, 0xFC, 0xFF, 0x80, 0x03, 0x5C, 0x64, 0x80, 0x03
	.byte 0x90, 0xB7, 0x80, 0x03

	arm_func_start FUN_03806414
FUN_03806414: ; 0x03806414
	stmdb sp!, {r3, lr}
	bl FUN_037FD4BC
	cmp r0, #1
	bne _0380642C
	bl FUN_03005538
	b _03806448
_0380642C:
	ldr r1, _03806450 ; =0x0380FFFC
	ldr r0, _03806454 ; =0x0380645C
	ldr r1, [r1]
	cmp r1, r0
	ldreq r0, _03806458 ; =0x0380B790
	ldreq r0, [r0, #8]
	movne r0, #0
_03806448:
	ldmia sp!, {r3, lr}
	bx lr
	.balign 4, 0
_03806450: .word 0x0380FFFC
_03806454: .word 0x0380645C
_03806458: .word 0x0380B790
	arm_func_end FUN_03806414
_0380645C:
	.byte 0x00, 0x40, 0x2D, 0xE9
	.byte 0xDC, 0xC1, 0x9F, 0xE5, 0xB0, 0x00, 0xDC, 0xE1, 0x00, 0x00, 0x10, 0xE1, 0x00, 0x80, 0xBD, 0x08
	.byte 0xD0, 0xC1, 0x9F, 0xE5, 0xB2, 0x00, 0xDC, 0xE1, 0x01, 0x00, 0x80, 0xE2, 0xB2, 0x00, 0xCC, 0xE1
	.byte 0x02, 0x00, 0x50, 0xE3, 0x50, 0x00, 0x00, 0x0A, 0x01, 0x00, 0x50, 0xE3, 0x02, 0x00, 0x00, 0x0A
	.byte 0x00, 0x00, 0xA0, 0xE3, 0xB2, 0x00, 0xCC, 0xE1, 0x00, 0x80, 0xBD, 0xE8, 0x00, 0x00, 0x4F, 0xE1
	.byte 0x01, 0x00, 0x2D, 0xE9, 0x00, 0x60, 0x4D, 0xE9, 0x08, 0xD0, 0x4D, 0xE2, 0x9F, 0xF0, 0x21, 0xE3
	.byte 0x94, 0xC1, 0x9F, 0xE5, 0x04, 0xD0, 0x9C, 0xE5, 0xF0, 0x1F, 0x2D, 0xE9, 0x01, 0xC3, 0xA0, 0xE3
	.byte 0x84, 0xB1, 0x9F, 0xE5, 0x84, 0xA1, 0x9F, 0xE5, 0x08, 0x80, 0x9B, 0xE5, 0x14, 0x62, 0x9C, 0xE5
	.byte 0x10, 0x42, 0x9C, 0xE5, 0x08, 0x00, 0x86, 0xE1, 0x04, 0x00, 0x00, 0xE0, 0x00, 0x20, 0x9A, 0xE5
	.byte 0x02, 0x00, 0x10, 0xE1, 0x07, 0x00, 0x00, 0x0A, 0x02, 0x80, 0xC8, 0xE1, 0x08, 0x80, 0x8B, 0xE5
	.byte 0x02, 0x00, 0x16, 0xE1, 0x14, 0x22, 0x8C, 0x15, 0x04, 0x00, 0x9A, 0xE5, 0x50, 0x11, 0x9F, 0xE5
	.byte 0x00, 0x01, 0x91, 0xE7, 0x16, 0x00, 0x00, 0xEA, 0x48, 0x21, 0x9F, 0xE5, 0x02, 0x20, 0xD0, 0xE1
	.byte 0x03, 0x00, 0x00, 0x0A, 0x02, 0x80, 0xC8, 0xE1, 0x08, 0x80, 0x8B, 0xE5, 0x02, 0x00, 0x16, 0xE1
	.byte 0x14, 0x22, 0x8C, 0x15, 0x02, 0x00, 0xD0, 0xE1, 0x11, 0x00, 0x00, 0x0A, 0x01, 0x40, 0xA0, 0xE3
	.byte 0x84, 0x21, 0x9A, 0xE7, 0x02, 0x00, 0x10, 0xE1, 0x01, 0x40, 0x84, 0x02, 0xFB, 0xFF, 0xFF, 0x0A
	.byte 0x02, 0x80, 0xC8, 0xE1, 0x08, 0x80, 0x8B, 0xE5, 0x02, 0x00, 0x16, 0xE1, 0x14, 0x22, 0x8C, 0x15
	.byte 0x84, 0xA1, 0x8A, 0xE0, 0x04, 0x00, 0x9A, 0xE5, 0xF4, 0x10, 0x9F, 0xE5, 0x00, 0x01, 0x91, 0xE7
	.byte 0x1F, 0xF0, 0x21, 0xE3, 0x0F, 0xE0, 0xA0, 0xE1, 0x10, 0xFF, 0x2F, 0xE1, 0x9F, 0xF0, 0x21, 0xE3
	.byte 0xD1, 0xFF, 0xFF, 0xEA, 0x01, 0xC3, 0xA0, 0xE3, 0xCC, 0xB0, 0x9F, 0xE5, 0x08, 0x80, 0x9B, 0xE5
	.byte 0x10, 0x42, 0x9C, 0xE5, 0x04, 0x00, 0xD8, 0xE1, 0x00, 0x80, 0xC8, 0x11, 0x08, 0x80, 0x8B, 0x15
	.byte 0xF0, 0x1F, 0xBD, 0xE8, 0x92, 0xF0, 0x21, 0xE3, 0x00, 0x60, 0xDD, 0xE8, 0x00, 0x00, 0xA0, 0xE1
	.byte 0x08, 0xD0, 0x8D, 0xE2, 0x01, 0x00, 0xBD, 0xE8, 0x00, 0xF0, 0x69, 0xE1, 0x94, 0xC0, 0x9F, 0xE5
	.byte 0xB2, 0x00, 0xDC, 0xE1, 0x01, 0x00, 0x40, 0xE2, 0xB2, 0x00, 0xCC, 0xE1, 0x98, 0x00, 0x9F, 0xE5
	.byte 0x0F, 0xE0, 0xA0, 0xE1, 0x10, 0xFF, 0x2F, 0xE1, 0x00, 0x80, 0xBD, 0xE8, 0xF0, 0x1F, 0x2D, 0xE9
	.byte 0x01, 0xC3, 0xA0, 0xE3, 0x74, 0xA0, 0x9F, 0xE5, 0x14, 0x62, 0x9C, 0xE5, 0x10, 0x42, 0x9C, 0xE5
	.byte 0x04, 0x00, 0x06, 0xE0, 0x00, 0x20, 0x9A, 0xE5, 0x02, 0x00, 0x10, 0xE1, 0x05, 0x00, 0x00, 0x0A
	.byte 0x14, 0x22, 0x8C, 0xE5, 0x04, 0x00, 0x9A, 0xE5, 0x54, 0x10, 0x9F, 0xE5, 0x00, 0x01, 0x91, 0xE7
	.byte 0x0F, 0xE0, 0xA0, 0xE1, 0x10, 0xFF, 0x2F, 0xE1, 0x01, 0xC3, 0xA0, 0xE3, 0x38, 0xB0, 0x9F, 0xE5
	.byte 0x08, 0x80, 0x9B, 0xE5, 0x14, 0x62, 0x9C, 0xE5, 0x10, 0x42, 0x9C, 0xE5, 0x04, 0x00, 0x16, 0xE0
	.byte 0x00, 0x80, 0x88, 0x11, 0x08, 0x80, 0x8B, 0x15, 0x14, 0x02, 0x8C, 0x15, 0xF0, 0x1F, 0xBD, 0xE8
	.byte 0x10, 0xC0, 0x9F, 0xE5, 0xB2, 0x00, 0xDC, 0xE1, 0x01, 0x00, 0x40, 0xE2, 0xB2, 0x00, 0xCC, 0xE1
	.byte 0x00, 0x80, 0xBD, 0xE8, 0x08, 0x02, 0x00, 0x04, 0xC8, 0x96, 0x80, 0x03, 0x90, 0xB7, 0x80, 0x03
	.byte 0x94, 0x8F, 0x80, 0x03, 0xD4, 0x92, 0x80, 0x03, 0xFF, 0x3F, 0xDF, 0x01, 0xAC, 0xBD, 0x7F, 0x03

	arm_func_start FUN_03806660
FUN_03806660: ; 0x03806660
	ldr ip, _03806668 ; =FUN_0380666C
	bx ip
	.balign 4, 0
_03806668: .word 0x0380666C
	arm_func_end FUN_03806660

	arm_func_start FUN_0380666C
FUN_0380666C: ; 0x0380666C
	stmdb sp!, {r1, r2, r3, r4, r5, lr}
	ldr r5, _03806704 ; =0x0380B7C0
	ldr r0, [r5, #4]
	cmp r0, #0
	bne _038066FC
	ldr r0, _03806708 ; =0x0380BCD4
	mov r4, #1
	mov r2, #0
	mov r1, #4
	str r4, [r5, #4]
	str r2, [r0]
	str r1, [r5, #8]
	bl FUN_03806770
	add r0, r5, #0xd8
	add r0, r0, #0x400
	bl FUN_038067C0
	mov r0, #0x400
	str r0, [sp]
	ldr r0, [r5, #8]
	add r2, r5, #0xd8
	add r3, r5, #0xc4
	str r0, [sp, #4]
	ldr r1, _0380670C ; =0x03806940
	add r0, r5, #0x20
	add r2, r2, #0x400
	add r3, r3, #0x400
	bl FUN_037FCCC4
	add r0, r5, #0x20
	bl FUN_037FCFD4
	bl FUN_03806798
	bl FUN_0380741C
	bl FUN_037FEFD8
	cmp r0, #1
	ldreq r0, _03806710 ; =0x0380B7A0
	streq r4, [r0]
	bl FUN_038076B4
_038066FC:
	ldmia sp!, {r1, r2, r3, r4, r5, lr}
	bx lr
	.balign 4, 0
_03806704: .word 0x0380B7C0
_03806708: .word 0x0380BCD4
_0380670C: .word 0x03806940
_03806710: .word 0x0380B7A0
	arm_func_end FUN_0380666C

	arm_func_start FUN_03806714
FUN_03806714: ; 0x03806714
	stmdb sp!, {r4, r5, r6, lr}
	mov r6, r0
	bl FUN_037FEF5C
	ldr r2, _03806750 ; =0x0380B7C0
	mov r4, r0
	ldr r5, [r2, #8]
	ldr r0, _03806754 ; =0x0380B7E0
	mov r1, r6
	str r6, [r2, #8]
	bl FUN_037FD02C
	mov r0, r4
	bl FUN_037FEF70
	mov r0, r5
	ldmia sp!, {r4, r5, r6, lr}
	bx lr
	.balign 4, 0
_03806750: .word 0x0380B7C0
_03806754: .word 0x0380B7E0
	arm_func_end FUN_03806714

	arm_func_start FUN_03806758
FUN_03806758: ; 0x03806758
	ldr r0, _03806760 ; =0x02FFFA80
	bx lr
	.balign 4, 0
_03806760: .word 0x02FFFA80
	arm_func_end FUN_03806758

	arm_func_start FUN_03806764
FUN_03806764: ; 0x03806764
	ldr r0, _0380676C ; =0x02FFE000
	bx lr
	.balign 4, 0
_0380676C: .word 0x02FFE000
	arm_func_end FUN_03806764

	arm_func_start FUN_03806770
FUN_03806770: ; 0x03806770
	ldr r2, _03806794 ; =0x0380B7C0
	mov r0, #0
	mvn r1, #2
	str r1, [r2, #0xc]
	str r0, [r2, #0x10]
	str r0, [r2, #0x1c]
	str r0, [r2, #0x18]
	str r0, [r2, #0x14]
	bx lr
	.balign 4, 0
_03806794: .word 0x0380B7C0
	arm_func_end FUN_03806770

	arm_func_start FUN_03806798
FUN_03806798: ; 0x03806798
	ldr r3, _038067B4 ; =0x0380B7C0
	mov r2, #0x80000000
	ldr r1, _038067B8 ; =0x038075D4
	ldr ip, _038067BC ; =FUN_037FFA90
	mov r0, #0xb
	str r2, [r3]
	bx ip
	.balign 4, 0
_038067B4: .word 0x0380B7C0
_038067B8: .word 0x038075D4
_038067BC: .word 0x037FFA90
	arm_func_end FUN_03806798

	arm_func_start FUN_038067C0
FUN_038067C0: ; 0x038067C0
	ldr r1, [r0, #0xc]
	mov r2, #0
	bic r1, r1, #1
	str r2, [r0]
	str r1, [r0, #0xc]
	str r2, [r0, #8]
	str r2, [r0, #4]
	bx lr
	arm_func_end FUN_038067C0
_038067E0:
	.byte 0x08, 0x40, 0x2D, 0xE9, 0x00, 0xE0, 0xA0, 0xE3, 0x00, 0xE0, 0x80, 0xE5, 0x06, 0x00, 0x80, 0xE9
	.byte 0x08, 0xC0, 0x9D, 0xE5, 0x0C, 0x30, 0x80, 0xE5, 0x10, 0xC0, 0x80, 0xE5, 0x08, 0x40, 0xBD, 0xE8
	.byte 0x1E, 0xFF, 0x2F, 0xE1, 0xF8, 0x40, 0x2D, 0xE9, 0x00, 0x60, 0xA0, 0xE1, 0x01, 0x40, 0xA0, 0xE1
	.byte 0x03, 0x70, 0xA0, 0xE1, 0x00, 0x00, 0x52, 0xE3, 0x0F, 0x00, 0x00, 0x1A, 0xCE, 0xE1, 0xFF, 0xEB
	.byte 0x00, 0x50, 0xA0, 0xE1, 0x06, 0x00, 0xA0, 0xE1, 0x00, 0x00, 0x00, 0xEA, 0x01, 0x00, 0xA0, 0xE1
	.byte 0x00, 0x10, 0x90, 0xE5, 0x00, 0x00, 0x51, 0xE3, 0xFB, 0xFF, 0xFF, 0x1A, 0x00, 0x40, 0x80, 0xE5
	.byte 0x06, 0x00, 0x50, 0xE1, 0x01, 0x00, 0x00, 0x1A, 0x04, 0x00, 0x86, 0xE2, 0xC1, 0xD9, 0xFF, 0xEB
	.byte 0x05, 0x00, 0xA0, 0xE1, 0xC5, 0xE1, 0xFF, 0xEB, 0x1B, 0x00, 0x00, 0xEA, 0x70, 0x00, 0x9F, 0xE5
	.byte 0x00, 0x00, 0x57, 0xE3, 0x04, 0x60, 0x90, 0xE5, 0x00, 0x50, 0xA0, 0xE3, 0x05, 0x00, 0x00, 0x0A
	.byte 0x06, 0x00, 0xA0, 0xE1, 0x17, 0xDA, 0xFF, 0xEB, 0x00, 0x50, 0xA0, 0xE1, 0x04, 0x10, 0x94, 0xE5
	.byte 0x06, 0x00, 0xA0, 0xE1, 0xE8, 0xD9, 0xFF, 0xEB, 0x0C, 0x10, 0x94, 0xE5, 0x00, 0x00, 0x51, 0xE3
	.byte 0x02, 0x00, 0x00, 0x0A, 0x04, 0x00, 0xA0, 0xE1, 0x0F, 0xE0, 0xA0, 0xE1, 0x11, 0xFF, 0x2F, 0xE1
	.byte 0x10, 0x10, 0x94, 0xE5, 0x00, 0x00, 0x51, 0xE3, 0x02, 0x00, 0x00, 0x0A, 0x04, 0x00, 0xA0, 0xE1
	.byte 0x0F, 0xE0, 0xA0, 0xE1, 0x11, 0xFF, 0x2F, 0xE1, 0x00, 0x00, 0x57, 0xE3, 0x02, 0x00, 0x00, 0x0A
	.byte 0x06, 0x00, 0xA0, 0xE1, 0x05, 0x10, 0xA0, 0xE1, 0xD7, 0xD9, 0xFF, 0xEB, 0xF8, 0x40, 0xBD, 0xE8
	.byte 0x1E, 0xFF, 0x2F, 0xE1, 0xC8, 0x96, 0x80, 0x03, 0xF8, 0x40, 0x2D, 0xE9, 0x00, 0x40, 0xA0, 0xE1
	.byte 0x01, 0x70, 0xA0, 0xE1, 0x00, 0x50, 0xA0, 0xE3, 0x9B, 0xE1, 0xFF, 0xEB, 0x00, 0x60, 0xA0, 0xE1
	.byte 0x06, 0x00, 0x00, 0xEA, 0x00, 0x50, 0x94, 0xE5, 0x00, 0x00, 0x55, 0xE3, 0x07, 0x00, 0x00, 0x1A
	.byte 0x00, 0x00, 0x57, 0xE3, 0x05, 0x00, 0x00, 0x0A, 0x04, 0x00, 0x84, 0xE2, 0x7C, 0xD9, 0xFF, 0xEB
	.byte 0x0C, 0x00, 0x94, 0xE5, 0x80, 0x0F, 0xA0, 0xE1, 0xA0, 0x0F, 0xB0, 0xE1, 0xF4, 0xFF, 0xFF, 0x0A
	.byte 0x00, 0x00, 0x55, 0xE3, 0x00, 0x00, 0x95, 0x15, 0x00, 0x00, 0x84, 0x15, 0x06, 0x00, 0xA0, 0xE1
	.byte 0x8E, 0xE1, 0xFF, 0xEB, 0x05, 0x00, 0xA0, 0xE1, 0xF8, 0x40, 0xBD, 0xE8, 0x1E, 0xFF, 0x2F, 0xE1
	.byte 0x38, 0x40, 0x2D, 0xE9, 0x40, 0x10, 0x9F, 0xE5, 0x00, 0x50, 0xA0, 0xE1, 0x04, 0x00, 0x91, 0xE5
	.byte 0x00, 0x10, 0xA0, 0xE3, 0xB4, 0xD9, 0xFF, 0xEB, 0x01, 0x40, 0xA0, 0xE3, 0x05, 0x00, 0xA0, 0xE1
	.byte 0x04, 0x10, 0xA0, 0xE1, 0xDB, 0xFF, 0xFF, 0xEB, 0x00, 0x10, 0xB0, 0xE1, 0x04, 0x00, 0x00, 0x0A
	.byte 0x05, 0x00, 0xA0, 0xE1, 0x04, 0x20, 0xA0, 0xE1, 0x04, 0x30, 0xA0, 0xE1, 0xA0, 0xFF, 0xFF, 0xEB
	.byte 0xF5, 0xFF, 0xFF, 0xEA, 0x38, 0x40, 0xBD, 0xE8, 0x1E, 0xFF, 0x2F, 0xE1, 0xC8, 0x96, 0x80, 0x03
	.byte 0xF0, 0x41, 0x2D, 0xE9, 0x00, 0x50, 0xA0, 0xE1, 0x01, 0x40, 0xA0, 0xE1, 0x04, 0x10, 0x95, 0xE0
	.byte 0x20, 0x00, 0x00, 0x0A, 0x00, 0x00, 0x55, 0xE3, 0x00, 0x00, 0x00, 0x0A, 0xCB, 0xD9, 0xFF, 0xEB
	.byte 0x00, 0x00, 0x54, 0xE3, 0x12, 0x00, 0x00, 0x0A, 0x05, 0x70, 0x44, 0xE0, 0x00, 0x40, 0xA0, 0xE3
	.byte 0x01, 0x50, 0xA0, 0xE3, 0x05, 0x60, 0xA0, 0xE3, 0x05, 0x00, 0x00, 0xEA, 0x07, 0x80, 0xA0, 0xE1
	.byte 0x05, 0x00, 0x57, 0xE3, 0x06, 0x80, 0xA0, 0xA1, 0x08, 0x00, 0xA0, 0xE1, 0xBF, 0xD9, 0xFF, 0xEB
	.byte 0x08, 0x70, 0x47, 0xE0, 0x12, 0x00, 0x00, 0xEB, 0x01, 0x00, 0x10, 0xE3, 0x05, 0x00, 0xA0, 0x01
	.byte 0x04, 0x00, 0xA0, 0x11, 0x00, 0x00, 0x50, 0xE3, 0x01, 0x00, 0x00, 0x1A, 0x00, 0x00, 0x57, 0xE3
	.byte 0xF1, 0xFF, 0xFF, 0xCA, 0x0A, 0x00, 0x00, 0xEB, 0x01, 0x00, 0x10, 0xE3, 0x01, 0x00, 0xA0, 0x03
	.byte 0x00, 0x00, 0xA0, 0x13, 0x00, 0x00, 0x50, 0xE3, 0x10, 0x00, 0x9F, 0x05, 0x04, 0x10, 0xA0, 0x03
	.byte 0x00, 0x00, 0x90, 0x05, 0x00, 0x10, 0x80, 0x05, 0xF0, 0x41, 0xBD, 0xE8, 0x1E, 0xFF, 0x2F, 0xE1
	.byte 0xC0, 0xB7, 0x80, 0x03, 0x38, 0x40, 0x2D, 0xE9, 0x40, 0xC0, 0x9F, 0xE5, 0x00, 0x50, 0xA0, 0xE3
	.byte 0x01, 0x40, 0xA0, 0xE3, 0x02, 0xE0, 0xA0, 0xE3, 0x34, 0x00, 0x9F, 0xE5, 0x34, 0x30, 0x9F, 0xE5
	.byte 0x05, 0x10, 0xA0, 0xE1, 0x04, 0x20, 0xA0, 0xE1, 0x04, 0xE0, 0x8C, 0xE5, 0x1B, 0x00, 0x00, 0xEB
	.byte 0x24, 0x30, 0x9F, 0xE5, 0x00, 0x10, 0x8D, 0xE2, 0x05, 0x00, 0xA0, 0xE1, 0x04, 0x20, 0xA0, 0xE1
	.byte 0x16, 0x00, 0x00, 0xEB, 0x00, 0x00, 0xDD, 0xE5, 0x38, 0x40, 0xBD, 0xE8, 0x1E, 0xFF, 0x2F, 0xE1
	.byte 0xC0, 0xBC, 0x80, 0x03, 0x46, 0x90, 0x80, 0x03, 0x74, 0x6C, 0x80, 0x03, 0x34, 0x6C, 0x80, 0x03
	.byte 0x10, 0x40, 0x2D, 0xE9, 0x00, 0x40, 0xA0, 0xE3, 0x04, 0x00, 0xA0, 0xE1, 0x32, 0x10, 0xA0, 0xE3
	.byte 0xBA, 0xFF, 0xFF, 0xEB, 0x20, 0x00, 0x9F, 0xE5, 0x00, 0x20, 0x90, 0xE5, 0x00, 0x00, 0x92, 0xE5
	.byte 0x04, 0x00, 0x50, 0xE3, 0x06, 0x10, 0xA0, 0x03, 0x04, 0x00, 0xA0, 0x01, 0x00, 0x10, 0x82, 0x05
	.byte 0x01, 0x00, 0xA0, 0x13, 0x10, 0x40, 0xBD, 0xE8, 0x1E, 0xFF, 0x2F, 0xE1, 0xC0, 0xB7, 0x80, 0x03
	.byte 0xF8, 0x4F, 0x2D, 0xE9, 0xEC, 0x40, 0x9F, 0xE5, 0xEC, 0x70, 0x9F, 0xE5, 0x00, 0x40, 0x94, 0xE5
	.byte 0xE8, 0x60, 0x9F, 0xE5, 0x04, 0x40, 0x94, 0xE5, 0x02, 0xA0, 0xA0, 0xE1, 0x44, 0x28, 0xA0, 0xE1
	.byte 0xFF, 0x20, 0x02, 0xE2, 0xD8, 0x50, 0x9F, 0xE5, 0x03, 0x00, 0x87, 0xE9, 0x01, 0x80, 0xA0, 0xE3
	.byte 0x00, 0xB0, 0xA0, 0xE3, 0xFF, 0x00, 0x52, 0xE3, 0x03, 0x90, 0xA0, 0xE1, 0x0B, 0x80, 0xA0, 0x11
	.byte 0xB0, 0x60, 0xC5, 0xE1, 0x02, 0x40, 0x86, 0xE2, 0x22, 0x00, 0x00, 0xEA, 0xB4, 0x00, 0x9F, 0xE5
	.byte 0x00, 0x00, 0x90, 0xE5, 0x00, 0x00, 0x50, 0xE3, 0x00, 0x00, 0x58, 0x13, 0x0E, 0x00, 0x00, 0x0A
	.byte 0x29, 0x00, 0x00, 0xEB, 0xB0, 0x40, 0xC5, 0xE1, 0xB0, 0x00, 0xD5, 0xE1, 0x80, 0x00, 0x10, 0xE3
	.byte 0xFC, 0xFF, 0xFF, 0x1A, 0xB2, 0xB0, 0xC5, 0xE1, 0xB0, 0x00, 0xD5, 0xE1, 0x80, 0x00, 0x10, 0xE3
	.byte 0xFC, 0xFF, 0xFF, 0x1A, 0xB2, 0x00, 0xD5, 0xE1, 0xB0, 0x00, 0xCD, 0xE1, 0x74, 0x00, 0x9F, 0xE5
	.byte 0x00, 0xB0, 0x80, 0xE5, 0x1C, 0x00, 0x00, 0xEB, 0xB0, 0x60, 0xC5, 0xE1, 0x00, 0x00, 0x97, 0xE5
	.byte 0x01, 0x00, 0x50, 0xE2, 0x00, 0x00, 0x87, 0xE5, 0x0A, 0x0A, 0xA0, 0x03, 0xB0, 0x00, 0xC5, 0x01
	.byte 0x50, 0x00, 0x9F, 0x05, 0x01, 0x10, 0xA0, 0x03, 0x00, 0x10, 0x80, 0x05, 0xB0, 0x00, 0xD5, 0xE1
	.byte 0x80, 0x00, 0x10, 0xE3, 0xFC, 0xFF, 0xFF, 0x1A, 0x07, 0x00, 0xA0, 0xE1, 0x0F, 0xE0, 0xA0, 0xE1
	.byte 0x19, 0xFF, 0x2F, 0xE1, 0x01, 0xA0, 0x4A, 0xE2, 0x00, 0x00, 0x5A, 0xE3, 0xDA, 0xFF, 0xFF, 0x1A
	.byte 0x00, 0x00, 0x97, 0xE5, 0x00, 0x00, 0x50, 0xE3, 0x14, 0x00, 0x9F, 0x05, 0xB0, 0xB0, 0xC0, 0x01
	.byte 0xF8, 0x4F, 0xBD, 0xE8, 0x1E, 0xFF, 0x2F, 0xE1, 0xC0, 0xB7, 0x80, 0x03, 0xC4, 0xBC, 0x80, 0x03
	.byte 0x40, 0xA0, 0x00, 0x00, 0xA0, 0x01, 0x00, 0x04, 0xF8, 0x93, 0x80, 0x03, 0xF0, 0x41, 0x2D, 0xE9
	.byte 0x5C, 0xDE, 0xFF, 0xEB, 0x00, 0x60, 0xA0, 0xE3, 0x40, 0x70, 0x9F, 0xE5, 0x00, 0x80, 0xA0, 0xE1
	.byte 0x06, 0x50, 0xA0, 0xE1, 0xFA, 0x4C, 0xA0, 0xE3, 0x56, 0xDE, 0xFF, 0xEB, 0x08, 0x20, 0x40, 0xE0
	.byte 0x92, 0x04, 0x81, 0xE0, 0x92, 0x15, 0x21, 0xE0, 0xC2, 0x2F, 0xA0, 0xE1, 0x92, 0x14, 0x21, 0xE0
	.byte 0x07, 0x20, 0xA0, 0xE1, 0x06, 0x30, 0xA0, 0xE1, 0x1C, 0xD3, 0xFF, 0xEB, 0x00, 0x00, 0x51, 0xE3
	.byte 0x32, 0x00, 0x50, 0x03, 0xF3, 0xFF, 0xFF, 0x3A, 0xF0, 0x41, 0xBD, 0xE8, 0x1E, 0xFF, 0x2F, 0xE1
	.byte 0xEA, 0x82, 0x00, 0x00, 0x34, 0x10, 0x9F, 0xE5, 0x00, 0x20, 0xA0, 0xE3, 0xB0, 0x20, 0xC1, 0xE1
	.byte 0x02, 0x20, 0x41, 0xE2, 0xB0, 0x10, 0xD2, 0xE1, 0x80, 0x00, 0x11, 0xE3, 0xFC, 0xFF, 0xFF, 0x1A
	.byte 0x18, 0x20, 0x9F, 0xE5, 0x08, 0x10, 0x90, 0xE5, 0xB0, 0x20, 0xD2, 0xE1, 0x00, 0x20, 0xC1, 0xE5
	.byte 0x08, 0x10, 0x90, 0xE5, 0x01, 0x10, 0x81, 0xE2, 0x08, 0x10, 0x80, 0xE5, 0x1E, 0xFF, 0x2F, 0xE1
	.byte 0xA2, 0x01, 0x00, 0x04, 0x0C, 0x00, 0x2D, 0xE9, 0x04, 0x10, 0x90, 0xE5, 0x34, 0x20, 0x9F, 0xE5
	.byte 0x00, 0x10, 0xD1, 0xE5, 0xB0, 0x10, 0xC2, 0xE1, 0x04, 0x10, 0x90, 0xE5, 0x01, 0x10, 0x81, 0xE2
	.byte 0x04, 0x10, 0x80, 0xE5, 0x02, 0x10, 0x42, 0xE2, 0xB0, 0x00, 0xD1, 0xE1, 0x80, 0x00, 0x10, 0xE3
	.byte 0xFC, 0xFF, 0xFF, 0x1A, 0x0C, 0x00, 0x9F, 0xE5, 0xB0, 0x00, 0xD0, 0xE1, 0xB0, 0x00, 0xCD, 0xE1
	.byte 0x0C, 0x00, 0xBD, 0xE8, 0x1E, 0xFF, 0x2F, 0xE1, 0xA2, 0x01, 0x00, 0x04, 0x58, 0x10, 0x9F, 0xE5
	.byte 0x00, 0x20, 0xA0, 0xE3, 0xB0, 0x20, 0xC1, 0xE1, 0x02, 0x20, 0x41, 0xE2, 0xB0, 0x10, 0xD2, 0xE1
	.byte 0x80, 0x00, 0x11, 0xE3, 0xFC, 0xFF, 0xFF, 0x1A, 0x3C, 0x20, 0x9F, 0xE5, 0x04, 0x10, 0x90, 0xE5
	.byte 0xB0, 0x20, 0xD2, 0xE1, 0x00, 0x10, 0xD1, 0xE5, 0xFF, 0x20, 0x02, 0xE2, 0x01, 0x00, 0x52, 0xE1
	.byte 0x05, 0x00, 0x00, 0x0A, 0x00, 0x10, 0x90, 0xE5, 0x00, 0x20, 0xA0, 0xE3, 0x01, 0x00, 0x51, 0xE3
	.byte 0x01, 0x10, 0xA0, 0x83, 0x0C, 0x20, 0x80, 0xE5, 0x00, 0x10, 0x80, 0x85, 0x04, 0x10, 0x90, 0xE5
	.byte 0x01, 0x10, 0x81, 0xE2, 0x04, 0x10, 0x80, 0xE5, 0x1E, 0xFF, 0x2F, 0xE1, 0xA2, 0x01, 0x00, 0x04
	.byte 0x08, 0x40, 0x2D, 0xE9, 0x1C, 0xC0, 0x9F, 0xE5, 0x01, 0x20, 0xA0, 0xE3, 0x18, 0x00, 0x9F, 0xE5
	.byte 0x18, 0x30, 0x9F, 0xE5, 0x00, 0x10, 0xA0, 0xE3, 0x04, 0x20, 0x8C, 0xE5, 0x63, 0xFF, 0xFF, 0xEB
	.byte 0x08, 0x40, 0xBD, 0xE8, 0x1E, 0xFF, 0x2F, 0xE1, 0xC0, 0xBC, 0x80, 0x03, 0x45, 0x90, 0x80, 0x03
	.byte 0x74, 0x6C, 0x80, 0x03, 0x08, 0x40, 0x2D, 0xE9, 0x80, 0x20, 0x9F, 0xE5, 0x00, 0x20, 0x92, 0xE5
	.byte 0x28, 0x20, 0x92, 0xE5, 0x01, 0x00, 0x52, 0xE3, 0x0A, 0x00, 0x00, 0x0A, 0x02, 0x00, 0x52, 0xE3
	.byte 0x0E, 0x00, 0x00, 0x0A, 0x03, 0x00, 0x52, 0xE3, 0x20, 0x34, 0xA0, 0x01, 0xFF, 0x3C, 0x03, 0x02
	.byte 0xFF, 0xCC, 0x00, 0x02, 0x03, 0x10, 0x81, 0x01, 0x0C, 0x14, 0x81, 0x01, 0x00, 0x0C, 0x81, 0x01
	.byte 0x00, 0x00, 0x8D, 0x05, 0x0A, 0x00, 0x00, 0xEA, 0xA0, 0x32, 0xA0, 0xE1, 0x08, 0x30, 0x03, 0xE2
	.byte 0x00, 0xCC, 0xA0, 0xE1, 0x03, 0x00, 0x81, 0xE1, 0x2C, 0x08, 0x80, 0xE1, 0x03, 0x00, 0x00, 0xEA
	.byte 0xFF, 0x3C, 0x00, 0xE2, 0x00, 0xCC, 0xA0, 0xE1, 0x03, 0x00, 0x81, 0xE1, 0x2C, 0x04, 0x80, 0xE1
	.byte 0x00, 0x00, 0x8D, 0xE5, 0x18, 0x30, 0x9F, 0xE5, 0x00, 0x00, 0x8D, 0xE2, 0x01, 0x20, 0x82, 0xE2
	.byte 0x00, 0x10, 0xA0, 0xE3, 0x3D, 0xFF, 0xFF, 0xEB, 0x08, 0x40, 0xBD, 0xE8, 0x1E, 0xFF, 0x2F, 0xE1
	.byte 0xC0, 0xB7, 0x80, 0x03, 0x74, 0x6C, 0x80, 0x03, 0x10, 0x40, 0x2D, 0xE9, 0x44, 0x00, 0x9F, 0xE5
	.byte 0x00, 0x00, 0x90, 0xE5, 0x54, 0x40, 0xD0, 0xE5, 0xFF, 0x00, 0x54, 0xE3, 0x0B, 0x00, 0x00, 0x0A
	.byte 0x34, 0x00, 0x9F, 0xE5, 0x00, 0x00, 0x90, 0xE5, 0x00, 0x00, 0x50, 0xE3, 0x07, 0x00, 0x00, 0x1A
	.byte 0x07, 0xFF, 0xFF, 0xEB, 0x00, 0x00, 0x54, 0xE1, 0x01, 0x00, 0x00, 0x0A, 0x04, 0x00, 0xA0, 0xE1
	.byte 0x04, 0x01, 0x00, 0xEB, 0x10, 0x00, 0x9F, 0xE5, 0x01, 0x10, 0xA0, 0xE3, 0x00, 0x10, 0x80, 0xE5
	.byte 0x10, 0x40, 0xBD, 0xE8, 0x1E, 0xFF, 0x2F, 0xE1, 0xC0, 0xB7, 0x80, 0x03, 0xC0, 0xBC, 0x80, 0x03
	.byte 0x70, 0x40, 0x2D, 0xE9, 0x00, 0x60, 0xA0, 0xE1, 0x01, 0x50, 0xA0, 0xE1, 0x02, 0x40, 0xA0, 0xE1
	.byte 0x0E, 0xFF, 0xFF, 0xEB, 0x00, 0x00, 0x50, 0xE3, 0x0E, 0x00, 0x00, 0x0A, 0x3C, 0x00, 0x9F, 0xE5
	.byte 0x3C, 0x20, 0x9F, 0xE5, 0x00, 0x10, 0x90, 0xE5, 0x06, 0x00, 0xA0, 0xE1, 0x28, 0x30, 0x91, 0xE5
	.byte 0x03, 0x10, 0xA0, 0xE3, 0x01, 0x30, 0x83, 0xE2, 0x04, 0x30, 0x83, 0xE0, 0x04, 0x30, 0x82, 0xE5
	.byte 0xB3, 0xFF, 0xFF, 0xEB, 0x1C, 0x30, 0x9F, 0xE5, 0x05, 0x10, 0xA0, 0xE1, 0x04, 0x20, 0xA0, 0xE1
	.byte 0x00, 0x00, 0xA0, 0xE3, 0x0D, 0xFF, 0xFF, 0xEB, 0x70, 0x40, 0xBD, 0xE8, 0x1E, 0xFF, 0x2F, 0xE1
	.byte 0xC0, 0xB7, 0x80, 0x03, 0xC0, 0xBC, 0x80, 0x03, 0x34, 0x6C, 0x80, 0x03, 0xF8, 0x4F, 0x2D, 0xE9
	.byte 0x00, 0xA0, 0xA0, 0xE1, 0x01, 0x90, 0xA0, 0xE1, 0x02, 0x80, 0xA0, 0xE1, 0xF3, 0xFE, 0xFF, 0xEB
	.byte 0x00, 0x00, 0x50, 0xE3, 0x21, 0x00, 0x00, 0x0A, 0x88, 0x00, 0x9F, 0xE5, 0x88, 0xB0, 0x9F, 0xE5
	.byte 0x00, 0x50, 0x90, 0xE5, 0x24, 0x60, 0x95, 0xE5, 0x01, 0x40, 0x46, 0xE2, 0x19, 0x00, 0x00, 0xEA
	.byte 0x04, 0x00, 0x0A, 0xE0, 0x00, 0x70, 0x46, 0xE0, 0x08, 0x00, 0x57, 0xE1, 0x08, 0x70, 0xA0, 0x81
	.byte 0x8A, 0xFF, 0xFF, 0xEB, 0x28, 0x10, 0x95, 0xE5, 0x0A, 0x00, 0xA0, 0xE1, 0x01, 0x10, 0x81, 0xE2
	.byte 0x07, 0x10, 0x81, 0xE0, 0x04, 0x10, 0x8B, 0xE5, 0x02, 0x10, 0xA0, 0xE3, 0x90, 0xFF, 0xFF, 0xEB
	.byte 0x48, 0x30, 0x9F, 0xE5, 0x09, 0x00, 0xA0, 0xE1, 0x00, 0x10, 0xA0, 0xE3, 0x07, 0x20, 0xA0, 0xE1
	.byte 0xEA, 0xFE, 0xFF, 0xEB, 0x2C, 0x00, 0x95, 0xE5, 0x00, 0x10, 0xA0, 0xE3, 0x97, 0xFE, 0xFF, 0xEB
	.byte 0x00, 0x00, 0x95, 0xE5, 0x00, 0x00, 0x50, 0xE3, 0x04, 0x00, 0x00, 0x1A, 0x07, 0x90, 0x89, 0xE0
	.byte 0x07, 0xA0, 0x8A, 0xE0, 0x07, 0x80, 0x48, 0xE0, 0x00, 0x00, 0x58, 0xE3, 0xE3, 0xFF, 0xFF, 0x1A
	.byte 0xF8, 0x4F, 0xBD, 0xE8, 0x1E, 0xFF, 0x2F, 0xE1, 0xC0, 0xB7, 0x80, 0x03, 0xC0, 0xBC, 0x80, 0x03
	.byte 0x74, 0x6C, 0x80, 0x03, 0xF8, 0x4F, 0x2D, 0xE9, 0x00, 0xA0, 0xA0, 0xE1, 0x01, 0x90, 0xA0, 0xE1
	.byte 0x02, 0x80, 0xA0, 0xE1, 0xC5, 0xFE, 0xFF, 0xEB, 0x00, 0x00, 0x50, 0xE3, 0x21, 0x00, 0x00, 0x0A
	.byte 0x88, 0x00, 0x9F, 0xE5, 0x88, 0xB0, 0x9F, 0xE5, 0x00, 0x50, 0x90, 0xE5, 0x24, 0x60, 0x95, 0xE5
	.byte 0x01, 0x40, 0x46, 0xE2, 0x19, 0x00, 0x00, 0xEA, 0x04, 0x00, 0x0A, 0xE0, 0x00, 0x70, 0x46, 0xE0
	.byte 0x08, 0x00, 0x57, 0xE1, 0x08, 0x70, 0xA0, 0x81, 0x5C, 0xFF, 0xFF, 0xEB, 0x28, 0x10, 0x95, 0xE5
	.byte 0x0A, 0x00, 0xA0, 0xE1, 0x01, 0x10, 0x81, 0xE2, 0x07, 0x10, 0x81, 0xE0, 0x04, 0x10, 0x8B, 0xE5
	.byte 0x0A, 0x10, 0xA0, 0xE3, 0x62, 0xFF, 0xFF, 0xEB, 0x48, 0x30, 0x9F, 0xE5, 0x09, 0x00, 0xA0, 0xE1
	.byte 0x00, 0x10, 0xA0, 0xE3, 0x07, 0x20, 0xA0, 0xE1, 0xBC, 0xFE, 0xFF, 0xEB, 0x30, 0x00, 0x95, 0xE5
	.byte 0x34, 0x10, 0x95, 0xE5, 0x69, 0xFE, 0xFF, 0xEB, 0x00, 0x00, 0x95, 0xE5, 0x00, 0x00, 0x50, 0xE3
	.byte 0x04, 0x00, 0x00, 0x1A, 0x07, 0x90, 0x89, 0xE0, 0x07, 0xA0, 0x8A, 0xE0, 0x07, 0x80, 0x48, 0xE0
	.byte 0x00, 0x00, 0x58, 0xE3, 0xE3, 0xFF, 0xFF, 0x1A, 0xF8, 0x4F, 0xBD, 0xE8, 0x1E, 0xFF, 0x2F, 0xE1
	.byte 0xC0, 0xB7, 0x80, 0x03, 0xC0, 0xBC, 0x80, 0x03, 0x74, 0x6C, 0x80, 0x03, 0xF8, 0x43, 0x2D, 0xE9
	.byte 0x00, 0x80, 0xA0, 0xE1, 0x01, 0x70, 0xA0, 0xE1, 0x02, 0x60, 0xA0, 0xE1, 0x97, 0xFE, 0xFF, 0xEB
	.byte 0x00, 0x00, 0x50, 0xE3, 0x15, 0x00, 0x00, 0x0A, 0x58, 0x00, 0x9F, 0xE5, 0x58, 0x90, 0x9F, 0xE5
	.byte 0x00, 0x50, 0x90, 0xE5, 0x01, 0x40, 0xA0, 0xE3, 0x10, 0x40, 0x89, 0xE5, 0x28, 0x10, 0x95, 0xE5
	.byte 0x08, 0x00, 0xA0, 0xE1, 0x01, 0x10, 0x81, 0xE2, 0x06, 0x20, 0x81, 0xE0, 0x03, 0x10, 0xA0, 0xE3
	.byte 0x04, 0x20, 0x89, 0xE5, 0x3A, 0xFF, 0xFF, 0xEB, 0x30, 0x30, 0x9F, 0xE5, 0x07, 0x00, 0xA0, 0xE1
	.byte 0x06, 0x20, 0xA0, 0xE1, 0x00, 0x10, 0xA0, 0xE3, 0x94, 0xFE, 0xFF, 0xEB, 0x00, 0x00, 0x95, 0xE5
	.byte 0x00, 0x00, 0x50, 0xE3, 0x10, 0x00, 0x99, 0x05, 0x00, 0x00, 0x50, 0x03, 0x00, 0x40, 0x85, 0x05
	.byte 0xF8, 0x43, 0xBD, 0xE8, 0x1E, 0xFF, 0x2F, 0xE1, 0xC0, 0xB7, 0x80, 0x03, 0xC0, 0xBC, 0x80, 0x03
	.byte 0xBC, 0x6C, 0x80, 0x03, 0xF8, 0x43, 0x2D, 0xE9, 0x88, 0x20, 0x9F, 0xE5, 0x00, 0x70, 0xA0, 0xE1
	.byte 0x00, 0x40, 0x92, 0xE5, 0x01, 0x60, 0xA0, 0xE1, 0x1C, 0x50, 0x94, 0xE5, 0x06, 0x00, 0x87, 0xE1
	.byte 0x01, 0x10, 0x45, 0xE2, 0x00, 0x00, 0x11, 0xE1, 0x02, 0x00, 0xA0, 0x13, 0x00, 0x00, 0x84, 0x15
	.byte 0x16, 0x00, 0x00, 0x1A, 0x6D, 0xFE, 0xFF, 0xEB, 0x00, 0x00, 0x50, 0xE3, 0x13, 0x00, 0x00, 0x0A
	.byte 0x54, 0x80, 0x9F, 0xE5, 0xD8, 0x90, 0xA0, 0xE3, 0x0E, 0x00, 0x00, 0xEA, 0x0B, 0xFF, 0xFF, 0xEB
	.byte 0x28, 0x10, 0x94, 0xE5, 0x07, 0x00, 0xA0, 0xE1, 0x01, 0x10, 0x81, 0xE2, 0x04, 0x10, 0x88, 0xE5
	.byte 0x09, 0x10, 0xA0, 0xE1, 0x12, 0xFF, 0xFF, 0xEB, 0x40, 0x00, 0x94, 0xE5, 0x44, 0x10, 0x94, 0xE5
	.byte 0x1E, 0xFE, 0xFF, 0xEB, 0x00, 0x00, 0x94, 0xE5, 0x00, 0x00, 0x50, 0xE3, 0x03, 0x00, 0x00, 0x1A
	.byte 0x05, 0x70, 0x87, 0xE0, 0x05, 0x60, 0x46, 0xE0, 0x00, 0x00, 0x56, 0xE3, 0xEE, 0xFF, 0xFF, 0x1A
	.byte 0xF8, 0x43, 0xBD, 0xE8, 0x1E, 0xFF, 0x2F, 0xE1, 0xC0, 0xB7, 0x80, 0x03, 0xC0, 0xBC, 0x80, 0x03
	.byte 0xF8, 0x43, 0x2D, 0xE9, 0x88, 0x20, 0x9F, 0xE5, 0x00, 0x70, 0xA0, 0xE1, 0x00, 0x40, 0x92, 0xE5
	.byte 0x01, 0x60, 0xA0, 0xE1, 0x20, 0x50, 0x94, 0xE5, 0x06, 0x00, 0x87, 0xE1, 0x01, 0x10, 0x45, 0xE2
	.byte 0x00, 0x00, 0x11, 0xE1, 0x02, 0x00, 0xA0, 0x13, 0x00, 0x00, 0x84, 0x15, 0x16, 0x00, 0x00, 0x1A
	.byte 0x46, 0xFE, 0xFF, 0xEB, 0x00, 0x00, 0x50, 0xE3, 0x13, 0x00, 0x00, 0x0A, 0x54, 0x80, 0x9F, 0xE5
	.byte 0x20, 0x90, 0xA0, 0xE3, 0x0E, 0x00, 0x00, 0xEA, 0xE4, 0xFE, 0xFF, 0xEB, 0x28, 0x10, 0x94, 0xE5
	.byte 0x07, 0x00, 0xA0, 0xE1, 0x01, 0x10, 0x81, 0xE2, 0x04, 0x10, 0x88, 0xE5, 0x09, 0x10, 0xA0, 0xE1
	.byte 0xEB, 0xFE, 0xFF, 0xEB, 0x48, 0x00, 0x94, 0xE5, 0x4C, 0x10, 0x94, 0xE5, 0xF7, 0xFD, 0xFF, 0xEB
	.byte 0x00, 0x00, 0x94, 0xE5, 0x00, 0x00, 0x50, 0xE3, 0x03, 0x00, 0x00, 0x1A, 0x05, 0x70, 0x87, 0xE0
	.byte 0x05, 0x60, 0x46, 0xE0, 0x00, 0x00, 0x56, 0xE3, 0xEE, 0xFF, 0xFF, 0x1A, 0xF8, 0x43, 0xBD, 0xE8
	.byte 0x1E, 0xFF, 0x2F, 0xE1, 0xC0, 0xB7, 0x80, 0x03, 0xC0, 0xBC, 0x80, 0x03, 0x10, 0x40, 0x2D, 0xE9
	.byte 0x2A, 0xFE, 0xFF, 0xEB, 0x00, 0x00, 0x50, 0xE3, 0x0C, 0x00, 0x00, 0x0A, 0x34, 0x00, 0x9F, 0xE5
	.byte 0x00, 0x40, 0x90, 0xE5, 0xC9, 0xFE, 0xFF, 0xEB, 0x2C, 0x10, 0x9F, 0xE5, 0x01, 0x20, 0xA0, 0xE3
	.byte 0x28, 0x00, 0x9F, 0xE5, 0x28, 0x30, 0x9F, 0xE5, 0x04, 0x20, 0x81, 0xE5, 0x00, 0x10, 0xA0, 0xE3
	.byte 0x2E, 0xFE, 0xFF, 0xEB, 0x38, 0x00, 0x94, 0xE5, 0x3C, 0x10, 0x94, 0xE5, 0xDB, 0xFD, 0xFF, 0xEB
	.byte 0x10, 0x40, 0xBD, 0xE8, 0x1E, 0xFF, 0x2F, 0xE1, 0xC0, 0xB7, 0x80, 0x03, 0xC0, 0xBC, 0x80, 0x03
	.byte 0x44, 0x90, 0x80, 0x03, 0x74, 0x6C, 0x80, 0x03, 0xF8, 0x4F, 0x2D, 0xE9, 0x00, 0x40, 0xA0, 0xE1
	.byte 0x12, 0xFE, 0xFF, 0xEB, 0x00, 0x00, 0x50, 0xE3, 0x1B, 0x00, 0x00, 0x0A, 0x70, 0x00, 0x9F, 0xE5
	.byte 0x01, 0x40, 0xCD, 0xE5, 0x01, 0x10, 0xA0, 0xE3, 0x00, 0x90, 0x90, 0xE5, 0x64, 0x50, 0x9F, 0xE5
	.byte 0x64, 0x40, 0x9F, 0xE5, 0x00, 0x10, 0xCD, 0xE5, 0x0A, 0xA0, 0xA0, 0xE3, 0x00, 0x70, 0x8D, 0xE2
	.byte 0x02, 0x80, 0xA0, 0xE3, 0x00, 0x60, 0xA0, 0xE3, 0x05, 0xB0, 0xA0, 0xE3, 0xA7, 0xFE, 0xFF, 0xEB
	.byte 0x07, 0x00, 0xA0, 0xE1, 0x06, 0x10, 0xA0, 0xE1, 0x04, 0x80, 0x84, 0xE5, 0x08, 0x20, 0xA0, 0xE1
	.byte 0x05, 0x30, 0xA0, 0xE1, 0x0D, 0xFE, 0xFF, 0xEB, 0x0B, 0x00, 0xA0, 0xE1, 0x06, 0x10, 0xA0, 0xE1
	.byte 0xBA, 0xFD, 0xFF, 0xEB, 0x00, 0x00, 0x99, 0xE5, 0x04, 0x00, 0x50, 0xE3, 0x02, 0x00, 0x00, 0x1A
	.byte 0x01, 0xA0, 0x4A, 0xE2, 0x00, 0x00, 0x5A, 0xE3, 0xEF, 0xFF, 0xFF, 0xCA, 0xF8, 0x4F, 0xBD, 0xE8
	.byte 0x1E, 0xFF, 0x2F, 0xE1, 0xC0, 0xB7, 0x80, 0x03, 0x74, 0x6C, 0x80, 0x03, 0xC0, 0xBC, 0x80, 0x03

	arm_func_start FUN_038072D0
FUN_038072D0: ; 0x038072D0
	stmdb sp!, {r3, r4, r5, lr}
	ldr r3, _0380734C ; =0x040001A4
	mov r0, r0, lsl #0x18
	orr r2, r0, r1, lsr #8
	mov r1, r1, lsl #0x18
_038072E4:
	ldr r0, [r3]
	tst r0, #0x80000000
	bne _038072E4
	ldr r0, _03807350 ; =0x040001A0
	and ip, r2, #0xff0000
	ldrh r4, [r0]
	and r3, r1, #0xff0000
	bic r4, r4, #0x2000
	orr r5, r4, #0xc000
	and lr, r2, #0xff000000
	mov ip, ip, lsr #8
	and r4, r2, #0xff00
	orr ip, ip, lr, lsr #24
	orr r4, ip, r4, lsl #8
	strh r5, [r0]
	orr r4, r4, r2, lsl #24
	and ip, r1, #0xff000000
	mov r2, r3, lsr #8
	and r3, r1, #0xff00
	orr r2, r2, ip, lsr #24
	orr r2, r2, r3, lsl #8
	str r4, [r0, #8]
	orr r1, r2, r1, lsl #24
	str r1, [r0, #0xc]
	ldmia sp!, {r3, r4, r5, lr}
	bx lr
	.balign 4, 0
_0380734C: .word 0x040001A4
_03807350: .word 0x040001A0
	arm_func_end FUN_038072D0

	arm_func_start FUN_03807354
FUN_03807354: ; 0x03807354
	stmdb sp!, {r4, lr}
	bl FUN_03806764
	mov r4, r0
	bl FUN_037FD4BC
	cmp r0, #0
	beq _03807398
	bl FUN_037FEFD8
	cmp r0, #1
	beq _03807398
	ldr r0, [r4, #0x1b4]
	mov r1, r0, lsl #0x1a
	movs r1, r1, lsr #0x1f
	beq _03807398
	mov r0, r0, lsl #0x17
	movs r0, r0, lsr #0x1f
	moveq r0, #1
	beq _0380739C
_03807398:
	mov r0, #0
_0380739C:
	ldmia sp!, {r4, lr}
	bx lr
	arm_func_end FUN_03807354

	arm_func_start FUN_038073A4
FUN_038073A4: ; 0x038073A4
	stmdb sp!, {r3, r4, r5, lr}
	mov r5, #0xb8
	bl FUN_03807354
	cmp r0, #0
	movne r5, #0x90
	mov r4, #0
	mov r0, r5
	mov r1, r4
	bl FUN_038072D0
	ldr r0, _03807404 ; =0x02FFFAE0
	ldr r1, _03807408 ; =0x040001A4
	ldr r2, [r0]
	sub r0, r4, #0x2000
	bic r2, r2, #0x7000000
	orr r2, r2, #0xa7000000
	and r0, r2, r0
	str r0, [r1]
_038073E8:
	ldr r0, [r1]
	tst r0, #0x800000
	beq _038073E8
	ldr r0, _0380740C ; =0x04100010
	ldr r0, [r0]
	ldmia sp!, {r3, r4, r5, lr}
	bx lr
	.balign 4, 0
_03807404: .word 0x02FFFAE0
_03807408: .word 0x040001A4
_0380740C: .word 0x04100010
	arm_func_end FUN_038073A4

	arm_func_start FUN_03807410
FUN_03807410: ; 0x03807410
	ldr ip, _03807418 ; =FUN_038073A4
	bx ip
	.balign 4, 0
_03807418: .word 0x038073A4
	arm_func_end FUN_03807410

	arm_func_start FUN_0380741C
FUN_0380741C: ; 0x0380741C
	ldr r0, _0380742C ; =0x0380BCD8
	mov r1, #0
	str r1, [r0]
	bx lr
	.balign 4, 0
_0380742C: .word 0x0380BCD8
	arm_func_end FUN_0380741C
_03807430:
	.byte 0x70, 0x40, 0x2D, 0xE9, 0x68, 0x51, 0x9F, 0xE5, 0x01, 0x10, 0xA0, 0xE3, 0x00, 0x30, 0x95, 0xE5
	.byte 0xE8, 0x04, 0x95, 0xE5, 0x58, 0x20, 0x93, 0xE5, 0x03, 0x40, 0xA0, 0xE3, 0x11, 0x00, 0x12, 0xE1
	.byte 0x00, 0x40, 0x83, 0x05, 0x50, 0x00, 0x00, 0x0A, 0xE7, 0xD4, 0xFF, 0xEB, 0x00, 0x08, 0xA0, 0xE1
	.byte 0x20, 0x68, 0xA0, 0xE1, 0x06, 0x00, 0xA0, 0xE1, 0xC8, 0xD4, 0xFF, 0xEB, 0x00, 0x00, 0x95, 0xE5
	.byte 0x00, 0x10, 0xA0, 0xE3, 0x00, 0x10, 0x80, 0xE5, 0xE8, 0x04, 0x95, 0xE5, 0x0F, 0x00, 0x50, 0xE3
	.byte 0x3F, 0x00, 0x00, 0x8A, 0x80, 0x00, 0x8F, 0xE0, 0xB4, 0x00, 0xD0, 0xE1, 0x00, 0xF0, 0x8F, 0xE0
	.byte 0xF8, 0x00, 0xF8, 0x00, 0x1C, 0x00, 0x24, 0x00, 0x34, 0x00, 0xF0, 0x00, 0x38, 0x00, 0x50, 0x00
	.byte 0x68, 0x00, 0x80, 0x00, 0xF0, 0x00, 0x98, 0x00, 0xC0, 0x00, 0xC8, 0x00, 0xDC, 0x00, 0xAC, 0x00
	.byte 0x4C, 0xFE, 0xFF, 0xEB, 0x34, 0x00, 0x00, 0xEA, 0xB9, 0xFF, 0xFF, 0xEB, 0x00, 0x10, 0x95, 0xE5
	.byte 0x08, 0x00, 0x81, 0xE5, 0x30, 0x00, 0x00, 0xEA, 0x2D, 0x00, 0x00, 0xEA, 0x00, 0x20, 0x95, 0xE5
	.byte 0x0C, 0x00, 0x92, 0xE5, 0x10, 0x10, 0x92, 0xE5, 0x14, 0x20, 0x92, 0xE5, 0x57, 0xFE, 0xFF, 0xEB
	.byte 0x29, 0x00, 0x00, 0xEA, 0x00, 0x20, 0x95, 0xE5, 0x10, 0x00, 0x92, 0xE5, 0x0C, 0x10, 0x92, 0xE5
	.byte 0x14, 0x20, 0x92, 0xE5, 0x9A, 0xFE, 0xFF, 0xEB, 0x23, 0x00, 0x00, 0xEA, 0x00, 0x20, 0x95, 0xE5
	.byte 0x10, 0x00, 0x92, 0xE5, 0x0C, 0x10, 0x92, 0xE5, 0x14, 0x20, 0x92, 0xE5, 0x66, 0xFE, 0xFF, 0xEB
	.byte 0x1D, 0x00, 0x00, 0xEA, 0x00, 0x20, 0x95, 0xE5, 0x10, 0x00, 0x92, 0xE5, 0x0C, 0x10, 0x92, 0xE5
	.byte 0x14, 0x20, 0x92, 0xE5, 0xBC, 0xFE, 0xFF, 0xEB, 0x17, 0x00, 0x00, 0xEA, 0x00, 0x10, 0x95, 0xE5
	.byte 0x10, 0x00, 0x91, 0xE5, 0x14, 0x10, 0x91, 0xE5, 0xD9, 0xFE, 0xFF, 0xEB, 0x12, 0x00, 0x00, 0xEA
	.byte 0x00, 0x10, 0x95, 0xE5, 0x10, 0x00, 0x91, 0xE5, 0x14, 0x10, 0x91, 0xE5, 0xFB, 0xFE, 0xFF, 0xEB
	.byte 0x0D, 0x00, 0x00, 0xEA, 0x20, 0xFF, 0xFF, 0xEB, 0x0B, 0x00, 0x00, 0xEA, 0x34, 0xFD, 0xFF, 0xEB
	.byte 0x00, 0x10, 0x95, 0xE5, 0x10, 0x10, 0x91, 0xE5, 0x00, 0x00, 0xC1, 0xE5, 0x06, 0x00, 0x00, 0xEA
	.byte 0x00, 0x00, 0x95, 0xE5, 0x0C, 0x00, 0x90, 0xE5, 0x00, 0x00, 0xD0, 0xE5, 0x2D, 0xFF, 0xFF, 0xEB
	.byte 0x01, 0x00, 0x00, 0xEA, 0x00, 0x00, 0x95, 0xE5, 0x00, 0x40, 0x80, 0xE5, 0x06, 0x00, 0xA0, 0xE1
	.byte 0x85, 0xD4, 0xFF, 0xEB, 0x06, 0x00, 0xA0, 0xE1, 0xBD, 0xD4, 0xFF, 0xEB, 0x70, 0x40, 0xBD, 0xE8
	.byte 0x1E, 0xFF, 0x2F, 0xE1, 0xC0, 0xB7, 0x80, 0x03, 0x38, 0x40, 0x2D, 0xE9, 0x0B, 0x50, 0xA0, 0xE3
	.byte 0x01, 0x40, 0xA0, 0xE3, 0x05, 0x00, 0xA0, 0xE1, 0x04, 0x10, 0xA0, 0xE1, 0x04, 0x20, 0xA0, 0xE1
	.byte 0x4E, 0xE1, 0xFF, 0xEB, 0x00, 0x00, 0x50, 0xE3, 0xF9, 0xFF, 0xFF, 0xBA, 0x38, 0x40, 0xBD, 0xE8
	.byte 0x1E, 0xFF, 0x2F, 0xE1, 0x7C, 0x40, 0x2D, 0xE9, 0x0B, 0x00, 0x50, 0xE3, 0x00, 0x40, 0xA0, 0xE3
	.byte 0x2E, 0x00, 0x00, 0x1A, 0x00, 0x00, 0x52, 0xE3, 0x2C, 0x00, 0x00, 0x0A, 0xB4, 0x50, 0x9F, 0xE5
	.byte 0x04, 0x60, 0xA0, 0xE1, 0x00, 0x00, 0x95, 0xE5, 0x00, 0x00, 0x50, 0xE3, 0xE8, 0x14, 0x85, 0x15
	.byte 0xE8, 0x04, 0x95, 0xE5, 0x0F, 0x00, 0x50, 0xE3, 0x12, 0x00, 0x00, 0x8A, 0x80, 0x00, 0x8F, 0xE0
	.byte 0xB4, 0x00, 0xD0, 0xE1, 0x00, 0xF0, 0x8F, 0xE0, 0x1C, 0x00, 0x3C, 0x00, 0x34, 0x00, 0x34, 0x00
	.byte 0x34, 0x00, 0x34, 0x00, 0x34, 0x00, 0x34, 0x00, 0x34, 0x00, 0x34, 0x00, 0x34, 0x00, 0x34, 0x00
	.byte 0x34, 0x00, 0x34, 0x00, 0x34, 0x00, 0x34, 0x00, 0x00, 0x00, 0x95, 0xE5, 0x02, 0x01, 0x50, 0xE3
	.byte 0x00, 0x40, 0x85, 0x05, 0x00, 0x10, 0x85, 0x15, 0x01, 0x60, 0xA0, 0x13, 0x02, 0x00, 0x00, 0xEA
	.byte 0x01, 0x60, 0xA0, 0xE3, 0x00, 0x00, 0x00, 0xEA, 0xCB, 0xDE, 0xFF, 0xEB, 0x00, 0x00, 0x56, 0xE3
	.byte 0x0E, 0x00, 0x00, 0x0A, 0x40, 0x00, 0x9F, 0xE5, 0x40, 0x30, 0x9F, 0xE5, 0x00, 0x00, 0x8D, 0xE5
	.byte 0xC4, 0x00, 0x85, 0xE2, 0x08, 0x10, 0x95, 0xE5, 0x04, 0x20, 0xA0, 0xE1, 0x01, 0x0B, 0x80, 0xE2
	.byte 0x56, 0xFC, 0xFF, 0xEB, 0xD8, 0x00, 0x85, 0xE2, 0xC4, 0x10, 0x85, 0xE2, 0x04, 0x20, 0xA0, 0xE1
	.byte 0x01, 0x0B, 0x80, 0xE2, 0x01, 0x1B, 0x81, 0xE2, 0x01, 0x30, 0xA0, 0xE3, 0x58, 0xFC, 0xFF, 0xEB
	.byte 0x7C, 0x40, 0xBD, 0xE8, 0x1E, 0xFF, 0x2F, 0xE1, 0xC0, 0xB7, 0x80, 0x03, 0xA8, 0x75, 0x80, 0x03
	.byte 0x30, 0x74, 0x80, 0x03

	arm_func_start FUN_038076B4
FUN_038076B4: ; 0x038076B4
	stmdb sp!, {r3, r4, r5, lr}
	ldr r4, _03807710 ; =0x0380BCDC
	ldr r0, [r4, #8]
	cmp r0, #0
	bne _03807708
	mov r0, #1
	str r0, [r4, #8]
	bl FUN_037FF9A8
	mov r0, #0
	str r0, [r4, #0x10]
	str r0, [r4, #0xc]
	mov r5, #0xe
	mov r4, r0
_038076E8:
	mov r0, r5
	mov r1, r4
	bl FUN_037FFADC
	cmp r0, #0
	beq _038076E8
	ldr r1, _03807714 ; =0x03807718
	mov r0, r5
	bl FUN_037FFA90
_03807708:
	ldmia sp!, {r3, r4, r5, lr}
	bx lr
	.balign 4, 0
_03807710: .word 0x0380BCDC
_03807714: .word 0x03807718
	arm_func_end FUN_038076B4
_03807718:
	.byte 0x10, 0x40, 0x2D, 0xE9, 0x3F, 0x00, 0x01, 0xE2
	.byte 0x01, 0x00, 0x50, 0xE3, 0x0E, 0x00, 0x00, 0x1A, 0x30, 0xD3, 0xFF, 0xEB, 0x71, 0xDF, 0xFF, 0xEB
	.byte 0x61, 0xD7, 0xFF, 0xEB, 0x00, 0x00, 0x50, 0xE3, 0x00, 0x00, 0x00, 0x0A, 0x7C, 0x3F, 0xE0, 0xEB
	.byte 0x00, 0x00, 0xA0, 0xE3, 0xE8, 0x04, 0x00, 0xEB, 0x03, 0xDE, 0xFF, 0xEB, 0x00, 0x40, 0xA0, 0xE1
	.byte 0x9D, 0xE1, 0xFF, 0xEB, 0xA6, 0x6A, 0xDF, 0xEB, 0x04, 0x00, 0xA0, 0xE1, 0x03, 0xDE, 0xFF, 0xEB
	.byte 0xFF, 0xFF, 0xFF, 0xEA, 0x88, 0xDE, 0xFF, 0xEB, 0x10, 0x40, 0xBD, 0xE8, 0x1E, 0xFF, 0x2F, 0xE1

	arm_func_start FUN_03807770
FUN_03807770: ; 0x03807770
	stmdb sp!, {r3, lr}
	ldr r0, _038077B0 ; =0x0380BCDC
	ldr r0, [r0, #0xc]
	cmp r0, #0
	bne _038077A0
	ldr r0, _038077B4 ; =0x02FFFA9F
	ldrb r0, [r0]
	tst r0, #0x80
	beq _0380779C
	bl FUN_038077B8
	b _038077A0
_0380779C:
	bl FUN_03807844
_038077A0:
	ldr r0, _038077B0 ; =0x0380BCDC
	ldr r0, [r0, #0xc]
	ldmia sp!, {r3, lr}
	bx lr
	.balign 4, 0
_038077B0: .word 0x0380BCDC
_038077B4: .word 0x02FFFA9F
	arm_func_end FUN_03807770

	arm_func_start FUN_038077B8
FUN_038077B8: ; 0x038077B8
	stmdb sp!, {r3, r4, r5, lr}
	mov r5, #1
	bl FUN_037FC7FC
	mov r4, r0
	sub r0, r5, #4
	cmp r4, r0
	beq _0380781C
	mov r0, r4, lsl #0x10
	mov r0, r0, lsr #0x10
	bl FUN_037FC7CC
	cmp r0, #0
	bne _03807810
	ldr r0, _0380783C ; =0x02FFFC00
	ldr r0, [r0]
	str r0, [sp]
	bl FUN_03807410
	ldr r1, [sp]
	cmp r0, r1
	mov r0, r4, lsl #0x10
	mov r0, r0, lsr #0x10
	movne r5, #0
	bl FUN_037FC7AC
_03807810:
	mov r0, r4, lsl #0x10
	mov r0, r0, lsr #0x10
	bl FUN_037FC894
_0380781C:
	ldr r1, _03807840 ; =0x0380BCDC
	mov r2, #1
	cmp r5, #0
	movne r2, #0
	str r2, [r1, #0xc]
	mov r0, r5
	ldmia sp!, {r3, r4, r5, lr}
	bx lr
	.balign 4, 0
_0380783C: .word 0x02FFFC00
_03807840: .word 0x0380BCDC
	arm_func_end FUN_038077B8

	arm_func_start FUN_03807844
FUN_03807844: ; 0x03807844
	ldr r0, _03807868 ; =0x04000214
	mov r2, #1
	ldr r1, [r0]
	mov r0, r2
	tst r1, #0x100000
	ldrne r1, _0380786C ; =0x0380BCDC
	movne r0, #0
	strne r2, [r1, #0xc]
	bx lr
	.balign 4, 0
_03807868: .word 0x04000214
_0380786C: .word 0x0380BCDC
	arm_func_end FUN_03807844

	arm_func_start FUN_03807870
FUN_03807870: ; 0x03807870
	stmdb sp!, {r3, r4, r5, r6, r7, lr}
	ldr r5, _03807954 ; =0x0380BCDC
	ldr r0, [r5, #4]
	cmp r0, #0
	bne _0380794C
	bl FUN_037FEFD8
	cmp r0, #1
	bne _0380794C
	ldr r4, _03807958 ; =0x038093FC
	ldr r2, [r4, #4]
	cmn r2, #1
	ldreq r0, _0380795C ; =0x02FFFC3C
	ldreq r0, [r0]
	addeq r0, r0, #0xa
	streq r0, [r4, #4]
	beq _0380794C
	ldr r1, _0380795C ; =0x02FFFC3C
	ldr r0, [r1]
	cmp r0, r2
	blo _0380794C
	ldr r0, [r1]
	add r0, r0, #0xa
	str r0, [r4, #4]
	bl FUN_03807770
	cmp r0, #0
	beq _038078FC
	mov r0, #1
	str r0, [r5, #4]
	bl FUN_03806758
	ldr r0, [r0, #0xc]
	cmp r0, #0
	bne _038078FC
	ldr r0, [r4]
	cmp r0, #0
	bne _0380794C
_038078FC:
	ldr r0, _03807954 ; =0x0380BCDC
	ldr r1, _03807958 ; =0x038093FC
	ldr r0, [r0, #4]
	mov r2, #0
	str r2, [r1]
	cmp r0, #0
	beq _0380794C
	mov r7, #0x64
	mov r6, #0xe
	mov r5, #0x11
	mov r4, r2
	b _03807934
_0380792C:
	mov r0, r7
	bl FUN_037FC554
_03807934:
	mov r0, r6
	mov r1, r5
	mov r2, r4
	bl FUN_037FFB00
	cmp r0, #0
	bne _0380792C
_0380794C:
	ldmia sp!, {r3, r4, r5, r6, r7, lr}
	bx lr
	.balign 4, 0
_03807954: .word 0x0380BCDC
_03807958: .word 0x038093FC
_0380795C: .word 0x02FFFC3C
	arm_func_end FUN_03807870
_03807960:
	.byte 0x00, 0x30, 0xA0, 0xE1, 0x01, 0x00, 0x00, 0xEA, 0xD1, 0x20, 0xD1, 0xE0, 0x01, 0x20, 0xC0, 0xE4
	.byte 0xD0, 0x20, 0xD1, 0xE1, 0x00, 0x00, 0x52, 0xE3, 0xFA, 0xFF, 0xFF, 0x1A, 0x00, 0x10, 0xA0, 0xE3
	.byte 0x00, 0x10, 0xC0, 0xE5, 0x03, 0x00, 0xA0, 0xE1, 0x1E, 0xFF, 0x2F, 0xE1, 0x10, 0x40, 0x2D, 0xE9
	.byte 0x01, 0x40, 0xA0, 0xE1, 0x00, 0xE0, 0xA0, 0xE3, 0x01, 0x30, 0x42, 0xE2, 0x05, 0x00, 0x00, 0xEA
	.byte 0xD0, 0xC0, 0xD4, 0xE1, 0x0E, 0xC0, 0xC0, 0xE7, 0x00, 0x00, 0x5C, 0xE3, 0x03, 0x00, 0x00, 0x0A
	.byte 0x01, 0x40, 0x84, 0xE2, 0x01, 0xE0, 0x8E, 0xE2, 0x03, 0x00, 0x5E, 0xE1, 0xF7, 0xFF, 0xFF, 0xBA
	.byte 0x01, 0x30, 0x42, 0xE2, 0x03, 0x00, 0x5E, 0xE1, 0x00, 0x00, 0x52, 0xA3, 0x00, 0x20, 0xA0, 0xC3
	.byte 0x0E, 0x20, 0xC0, 0xC7, 0x01, 0x00, 0xA0, 0xE1, 0x22, 0x00, 0x00, 0xEB, 0x10, 0x40, 0xBD, 0xE8
	.byte 0x1E, 0xFF, 0x2F, 0xE1, 0xD0, 0x20, 0xD0, 0xE1, 0x02, 0x00, 0x51, 0xE1, 0x1E, 0xFF, 0x2F, 0x01
	.byte 0x00, 0x00, 0x52, 0xE3, 0x00, 0x00, 0xA0, 0x03, 0x1E, 0xFF, 0x2F, 0x01, 0x01, 0x00, 0x80, 0xE2
	.byte 0xF7, 0xFF, 0xFF, 0xEA, 0x1E, 0xFF, 0x2F, 0xE1, 0x38, 0x40, 0x2D, 0xE9, 0x00, 0x30, 0xA0, 0xE3
	.byte 0x03, 0xE0, 0xA0, 0xE1, 0x0C, 0x00, 0x00, 0xEA, 0x03, 0xC0, 0xA0, 0xE1, 0x00, 0x00, 0x00, 0xEA
	.byte 0x01, 0xC0, 0x8C, 0xE2, 0xDC, 0x50, 0x91, 0xE1, 0x00, 0x00, 0x55, 0xE3, 0x02, 0x00, 0x00, 0x0A
	.byte 0xDC, 0x20, 0x94, 0xE1, 0x05, 0x00, 0x52, 0xE1, 0xF8, 0xFF, 0xFF, 0x0A, 0x00, 0x00, 0x55, 0xE3
	.byte 0x0E, 0x00, 0x80, 0x00, 0x05, 0x00, 0x00, 0x0A, 0x01, 0xE0, 0x8E, 0xE2, 0xDE, 0x20, 0x90, 0xE1
	.byte 0x0E, 0x40, 0x80, 0xE0, 0x00, 0x00, 0x52, 0xE3, 0xEE, 0xFF, 0xFF, 0x1A, 0x00, 0x00, 0xA0, 0xE3
	.byte 0x38, 0x40, 0xBD, 0xE8, 0x1E, 0xFF, 0x2F, 0xE1, 0x00, 0x20, 0xA0, 0xE3, 0x00, 0x00, 0x00, 0xEA
	.byte 0x01, 0x20, 0x82, 0xE2, 0xD2, 0x10, 0x90, 0xE1, 0x00, 0x00, 0x51, 0xE3, 0xFB, 0xFF, 0xFF, 0x1A
	.byte 0x02, 0x00, 0xA0, 0xE1, 0x1E, 0xFF, 0x2F, 0xE1, 0x01, 0x00, 0x00, 0xEA, 0x01, 0x00, 0x80, 0xE2
	.byte 0x01, 0x10, 0x81, 0xE2, 0xD0, 0x30, 0xD1, 0xE1, 0xD0, 0x20, 0xD0, 0xE1, 0x03, 0x00, 0x52, 0xE1
	.byte 0x01, 0x00, 0x00, 0x1A, 0x00, 0x00, 0x52, 0xE3, 0xF7, 0xFF, 0xFF, 0x1A, 0x03, 0x00, 0x42, 0xE0
	.byte 0x1E, 0xFF, 0x2F, 0xE1, 0x08, 0x40, 0x2D, 0xE9, 0x00, 0x00, 0x52, 0xE3, 0x0C, 0x00, 0x00, 0x0A
	.byte 0x00, 0x30, 0xA0, 0xE3, 0x08, 0x00, 0x00, 0xEA, 0x03, 0xC0, 0xD0, 0xE7, 0x03, 0xE0, 0xD1, 0xE7
	.byte 0x0E, 0x00, 0x5C, 0xE1, 0x01, 0x00, 0x00, 0x1A, 0x00, 0x00, 0x5C, 0xE3, 0x01, 0x00, 0x00, 0x1A
	.byte 0x0E, 0x00, 0x4C, 0xE0, 0x03, 0x00, 0x00, 0xEA, 0x01, 0x30, 0x83, 0xE2, 0x02, 0x00, 0x53, 0xE1
	.byte 0xF4, 0xFF, 0xFF, 0xBA, 0x00, 0x00, 0xA0, 0xE3, 0x08, 0x40, 0xBD, 0xE8, 0x1E, 0xFF, 0x2F, 0xE1
	.byte 0x0F, 0x00, 0x2D, 0xE9, 0x08, 0x40, 0x2D, 0xE9, 0x10, 0x20, 0x9D, 0xE5, 0x10, 0x30, 0x8D, 0xE2
	.byte 0x03, 0x30, 0xC3, 0xE3, 0x04, 0x30, 0x83, 0xE2, 0x02, 0x00, 0x00, 0xEB, 0x08, 0x40, 0xBD, 0xE8
	.byte 0x10, 0xD0, 0x8D, 0xE2, 0x1E, 0xFF, 0x2F, 0xE1, 0xF0, 0x4F, 0x2D, 0xE9, 0x2C, 0xD0, 0x4D, 0xE2
	.byte 0x02, 0xA0, 0xA0, 0xE1, 0xD0, 0x20, 0xDA, 0xE1, 0x00, 0x00, 0x8D, 0xE5, 0x04, 0x10, 0x8D, 0xE5
	.byte 0x08, 0x30, 0x8D, 0xE5, 0x01, 0x80, 0xA0, 0xE1, 0x00, 0x90, 0xA0, 0xE1, 0x00, 0x00, 0x52, 0xE3
	.byte 0x7F, 0x02, 0x00, 0x0A, 0xD0, 0x10, 0xDA, 0xE1, 0xFF, 0x00, 0x01, 0xE2, 0x20, 0x00, 0x20, 0xE2
	.byte 0xA1, 0x00, 0x40, 0xE2, 0x3C, 0x00, 0x50, 0xE3, 0x0B, 0x00, 0x00, 0x2A, 0x01, 0xA0, 0x8A, 0xE2
	.byte 0xD0, 0x00, 0xDA, 0xE1, 0x00, 0x00, 0x58, 0xE3, 0x00, 0x10, 0xC9, 0x15, 0x01, 0x80, 0x48, 0x12
	.byte 0x01, 0x90, 0x89, 0xE2, 0x00, 0x00, 0x50, 0xE3, 0x6E, 0x02, 0x00, 0x0A, 0x00, 0x00, 0x58, 0xE3
	.byte 0x01, 0xA0, 0x8A, 0xE2, 0x00, 0x00, 0xC9, 0x15, 0x27, 0x01, 0x00, 0xEA, 0x25, 0x00, 0x51, 0xE3
	.byte 0x03, 0x00, 0x00, 0x0A, 0x00, 0x00, 0x58, 0xE3, 0x01, 0xA0, 0x8A, 0xE2, 0x00, 0x10, 0xC9, 0x15
	.byte 0x21, 0x01, 0x00, 0xEA, 0x00, 0x40, 0xA0, 0xE3, 0x04, 0x50, 0xA0, 0xE1, 0x0A, 0x10, 0xA0, 0xE1
	.byte 0x01, 0xB0, 0x44, 0xE2, 0x0A, 0x00, 0xA0, 0xE3, 0x57, 0x20, 0xA0, 0xE3, 0xD1, 0x60, 0xFA, 0xE1
	.byte 0x20, 0x00, 0x56, 0xE3, 0x01, 0x00, 0x00, 0xCA, 0x0F, 0x00, 0x00, 0x0A, 0x14, 0x00, 0x00, 0xEA
	.byte 0x30, 0x00, 0x56, 0xE3, 0x12, 0x00, 0x00, 0xCA, 0x2B, 0x00, 0x56, 0xE3, 0x10, 0x00, 0x00, 0xBA
	.byte 0x04, 0x00, 0x00, 0x0A, 0x2D, 0x00, 0x56, 0xE3, 0x09, 0x00, 0x00, 0x0A, 0x30, 0x00, 0x56, 0xE3
	.byte 0x09, 0x00, 0x00, 0x0A, 0x0A, 0x00, 0x00, 0xEA, 0xD1, 0x30, 0x5A, 0xE1, 0x20, 0x00, 0x53, 0xE3
	.byte 0x07, 0x00, 0x00, 0x1A, 0x02, 0x40, 0x84, 0xE3, 0xEB, 0xFF, 0xFF, 0xEA, 0x01, 0x40, 0x84, 0xE3
	.byte 0xE9, 0xFF, 0xFF, 0xEA, 0x08, 0x40, 0x84, 0xE3, 0xE7, 0xFF, 0xFF, 0xEA, 0x10, 0x40, 0x84, 0xE3
	.byte 0xE5, 0xFF, 0xFF, 0xEA, 0x2A, 0x00, 0x56, 0xE3, 0x08, 0x00, 0x00, 0x1A, 0x08, 0x30, 0x9D, 0xE5
	.byte 0x01, 0xA0, 0x8A, 0xE2, 0x04, 0x30, 0x83, 0xE2, 0x04, 0x50, 0x13, 0xE5, 0x08, 0x30, 0x8D, 0xE5
	.byte 0x00, 0x00, 0x55, 0xE3, 0x00, 0x50, 0x65, 0xB2, 0x08, 0x40, 0x84, 0xB3, 0x09, 0x00, 0x00, 0xEA
	.byte 0x0A, 0x30, 0xA0, 0xE3, 0x02, 0x00, 0x00, 0xEA, 0xD1, 0x60, 0xDA, 0xE0, 0x95, 0x63, 0x26, 0xE0
	.byte 0x30, 0x50, 0x46, 0xE2, 0xD0, 0x60, 0xDA, 0xE1, 0x30, 0x00, 0x56, 0xE3, 0x01, 0x00, 0x00, 0xBA
	.byte 0x39, 0x00, 0x56, 0xE3, 0xF7, 0xFF, 0xFF, 0xDA, 0xD0, 0x30, 0xDA, 0xE1, 0x2E, 0x00, 0x53, 0xE3
	.byte 0x15, 0x00, 0x00, 0x1A, 0xD1, 0x30, 0xFA, 0xE1, 0x00, 0xB0, 0xA0, 0xE3, 0x2A, 0x00, 0x53, 0xE3
	.byte 0x07, 0x00, 0x00, 0x1A, 0x08, 0x30, 0x9D, 0xE5, 0x01, 0xA0, 0x8A, 0xE2, 0x04, 0x30, 0x83, 0xE2
	.byte 0x04, 0xB0, 0x13, 0xE5, 0x08, 0x30, 0x8D, 0xE5, 0x00, 0x00, 0x5B, 0xE3, 0x00, 0xB0, 0xE0, 0xB3
	.byte 0x09, 0x00, 0x00, 0xEA, 0x0A, 0x30, 0xA0, 0xE3, 0x02, 0x00, 0x00, 0xEA, 0xD1, 0x60, 0xDA, 0xE0
	.byte 0x9B, 0x63, 0x26, 0xE0, 0x30, 0xB0, 0x46, 0xE2, 0xD0, 0x60, 0xDA, 0xE1, 0x30, 0x00, 0x56, 0xE3
	.byte 0x01, 0x00, 0x00, 0xBA, 0x39, 0x00, 0x56, 0xE3, 0xF7, 0xFF, 0xFF, 0xDA, 0xD0, 0x30, 0xDA, 0xE1
	.byte 0x68, 0x00, 0x53, 0xE3, 0x02, 0x00, 0x00, 0x0A, 0x6C, 0x00, 0x53, 0xE3, 0x06, 0x00, 0x00, 0x0A
	.byte 0x0A, 0x00, 0x00, 0xEA, 0xD1, 0x30, 0xFA, 0xE1, 0x68, 0x00, 0x53, 0xE3, 0x40, 0x40, 0x84, 0x13
	.byte 0x01, 0xA0, 0x8A, 0x02, 0x01, 0x4C, 0x84, 0x03, 0x04, 0x00, 0x00, 0xEA, 0xD1, 0x30, 0xFA, 0xE1
	.byte 0x6C, 0x00, 0x53, 0xE3, 0x20, 0x40, 0x84, 0x13, 0x01, 0xA0, 0x8A, 0x02, 0x80, 0x40, 0x84, 0x03
	.byte 0xD0, 0x30, 0xDA, 0xE1, 0x69, 0x00, 0x53, 0xE3, 0x0D, 0x00, 0x00, 0xCA, 0x63, 0x00, 0x53, 0xE3
	.byte 0x04, 0x00, 0x00, 0xBA, 0x24, 0x00, 0x00, 0x0A, 0x64, 0x00, 0x53, 0xE3, 0x69, 0x00, 0x53, 0x13
	.byte 0xCF, 0x00, 0x00, 0x0A, 0xBB, 0x00, 0x00, 0xEA, 0x25, 0x00, 0x53, 0xE3, 0x01, 0x00, 0x00, 0xCA
	.byte 0xAF, 0x00, 0x00, 0x0A, 0xB7, 0x00, 0x00, 0xEA, 0x58, 0x00, 0x53, 0xE3, 0x15, 0x00, 0x00, 0x0A
	.byte 0xB4, 0x00, 0x00, 0xEA, 0x70, 0x00, 0x53, 0xE3, 0x03, 0x00, 0x00, 0xCA, 0x13, 0x00, 0x00, 0xAA
	.byte 0x6F, 0x00, 0x53, 0xE3, 0x0A, 0x00, 0x00, 0x0A, 0xAE, 0x00, 0x00, 0xEA, 0x78, 0x00, 0x53, 0xE3
	.byte 0xAC, 0x00, 0x00, 0xCA, 0x73, 0x00, 0x53, 0xE3, 0xAA, 0x00, 0x00, 0xBA, 0x46, 0x00, 0x00, 0x0A
	.byte 0x75, 0x00, 0x53, 0xE3, 0x05, 0x00, 0x00, 0x0A, 0x78, 0x00, 0x53, 0xE3, 0xB6, 0x00, 0x00, 0x0A
	.byte 0xA4, 0x00, 0x00, 0xEA, 0x01, 0x4A, 0x84, 0xE3, 0x08, 0x00, 0xA0, 0xE3, 0xB4, 0x00, 0x00, 0xEA
	.byte 0x01, 0x4A, 0x84, 0xE3, 0xB2, 0x00, 0x00, 0xEA, 0x37, 0x20, 0xA0, 0xE3, 0xAE, 0x00, 0x00, 0xEA
	.byte 0x04, 0x40, 0x84, 0xE3, 0x08, 0xB0, 0xA0, 0xE3, 0xAB, 0x00, 0x00, 0xEA, 0x00, 0x00, 0x5B, 0xE3
	.byte 0x98, 0x00, 0x00, 0xAA, 0x08, 0x00, 0x9D, 0xE5, 0x08, 0x00, 0x14, 0xE3, 0x04, 0x00, 0x80, 0xE2
	.byte 0x04, 0x20, 0x10, 0xE5, 0x08, 0x00, 0x8D, 0xE5, 0x15, 0x00, 0x00, 0x0A, 0x01, 0x10, 0x45, 0xE2
	.byte 0x00, 0x00, 0x58, 0xE3, 0x00, 0x20, 0xC9, 0x15, 0x01, 0x80, 0x48, 0x12, 0x20, 0x00, 0xA0, 0xE3
	.byte 0x00, 0x00, 0x51, 0xE3, 0x01, 0x90, 0x89, 0xE2, 0x26, 0x00, 0x00, 0xDA, 0x08, 0x20, 0xA0, 0xE1
	.byte 0x01, 0x00, 0x58, 0xE1, 0x01, 0x20, 0xA0, 0x81, 0x00, 0x00, 0x52, 0xE3, 0x00, 0x10, 0xA0, 0xE3
	.byte 0x03, 0x00, 0x00, 0x9A, 0x01, 0x00, 0xC9, 0xE7, 0x01, 0x10, 0x81, 0xE2, 0x02, 0x00, 0x51, 0xE1
	.byte 0xFB, 0xFF, 0xFF, 0x3A, 0x01, 0x00, 0x45, 0xE2, 0x02, 0x80, 0x48, 0xE0, 0x00, 0x90, 0x89, 0xE0
	.byte 0x18, 0x00, 0x00, 0xEA, 0x10, 0x00, 0x14, 0xE3, 0x30, 0x00, 0xA0, 0x13, 0x20, 0x00, 0xA0, 0x03
	.byte 0x00, 0x0C, 0xA0, 0xE1, 0x01, 0x10, 0x45, 0xE2, 0x00, 0x00, 0x51, 0xE3, 0x40, 0x0C, 0xA0, 0xE1
	.byte 0x0C, 0x00, 0x00, 0xDA, 0x08, 0x30, 0xA0, 0xE1, 0x01, 0x00, 0x58, 0xE1, 0x01, 0x30, 0xA0, 0x81
	.byte 0x00, 0x00, 0x53, 0xE3, 0x00, 0x10, 0xA0, 0xE3, 0x03, 0x00, 0x00, 0x9A, 0x01, 0x00, 0xC9, 0xE7
	.byte 0x01, 0x10, 0x81, 0xE2, 0x03, 0x00, 0x51, 0xE1, 0xFB, 0xFF, 0xFF, 0x3A, 0x01, 0x00, 0x45, 0xE2
	.byte 0x03, 0x80, 0x48, 0xE0, 0x00, 0x90, 0x89, 0xE0, 0x00, 0x00, 0x58, 0xE3, 0x00, 0x20, 0xC9, 0x15
	.byte 0x01, 0x80, 0x48, 0x12, 0x01, 0x90, 0x89, 0xE2, 0xA1, 0x01, 0x00, 0xEA, 0x08, 0x00, 0x9D, 0xE5
	.byte 0x00, 0x00, 0x5B, 0xE3, 0x04, 0x00, 0x80, 0xE2, 0x04, 0x10, 0x10, 0xE5, 0x08, 0x00, 0x8D, 0xE5
	.byte 0x00, 0x00, 0xA0, 0xE3, 0x08, 0x00, 0x00, 0xAA, 0xD0, 0x20, 0xD1, 0xE1, 0x00, 0x00, 0x52, 0xE3
	.byte 0x0A, 0x00, 0x00, 0x0A, 0x01, 0x00, 0x80, 0xE2, 0xD0, 0x20, 0x91, 0xE1, 0x00, 0x00, 0x52, 0xE3
	.byte 0xFB, 0xFF, 0xFF, 0x1A, 0x05, 0x00, 0x00, 0xEA, 0x01, 0x00, 0x80, 0xE2, 0x0B, 0x00, 0x50, 0xE1
	.byte 0x02, 0x00, 0x00, 0xAA, 0xD0, 0x20, 0x91, 0xE1, 0x00, 0x00, 0x52, 0xE3, 0xF9, 0xFF, 0xFF, 0x1A
	.byte 0x08, 0x00, 0x14, 0xE3, 0x00, 0x50, 0x45, 0xE0, 0x1E, 0x00, 0x00, 0x0A, 0x00, 0x00, 0x50, 0xE3
	.byte 0x20, 0x20, 0xA0, 0xE3, 0x0C, 0x00, 0x00, 0xDA, 0x08, 0x40, 0xA0, 0xE1, 0x00, 0x00, 0x58, 0xE1
	.byte 0x00, 0x40, 0xA0, 0x81, 0x00, 0x00, 0x54, 0xE3, 0x00, 0x60, 0xA0, 0xE3, 0x04, 0x00, 0x00, 0x9A
	.byte 0xD6, 0x30, 0x91, 0xE1, 0x06, 0x30, 0xC9, 0xE7, 0x01, 0x60, 0x86, 0xE2, 0x04, 0x00, 0x56, 0xE1
	.byte 0xFA, 0xFF, 0xFF, 0x3A, 0x04, 0x80, 0x48, 0xE0, 0x00, 0x90, 0x89, 0xE0, 0x00, 0x00, 0x55, 0xE3
	.byte 0x2E, 0x00, 0x00, 0xDA, 0x08, 0x00, 0xA0, 0xE1, 0x05, 0x00, 0x58, 0xE1, 0x05, 0x00, 0xA0, 0x81
	.byte 0x00, 0x00, 0x50, 0xE3, 0x00, 0x10, 0xA0, 0xE3, 0x03, 0x00, 0x00, 0x9A, 0x01, 0x20, 0xC9, 0xE7
	.byte 0x01, 0x10, 0x81, 0xE2, 0x00, 0x00, 0x51, 0xE1, 0xFB, 0xFF, 0xFF, 0x3A, 0x00, 0x80, 0x48, 0xE0
	.byte 0x05, 0x90, 0x89, 0xE0, 0x21, 0x00, 0x00, 0xEA, 0x10, 0x00, 0x14, 0xE3, 0x30, 0x20, 0xA0, 0x13
	.byte 0x20, 0x20, 0xA0, 0x03, 0x02, 0x2C, 0xA0, 0xE1, 0x00, 0x00, 0x55, 0xE3, 0x42, 0x2C, 0xA0, 0xE1
	.byte 0x0B, 0x00, 0x00, 0xDA, 0x08, 0x30, 0xA0, 0xE1, 0x05, 0x00, 0x58, 0xE1, 0x05, 0x30, 0xA0, 0x81
	.byte 0x00, 0x00, 0x53, 0xE3, 0x00, 0x40, 0xA0, 0xE3, 0x03, 0x00, 0x00, 0x9A, 0x04, 0x20, 0xC9, 0xE7
	.byte 0x01, 0x40, 0x84, 0xE2, 0x03, 0x00, 0x54, 0xE1, 0xFB, 0xFF, 0xFF, 0x3A, 0x03, 0x80, 0x48, 0xE0
	.byte 0x05, 0x90, 0x89, 0xE0, 0x00, 0x00, 0x50, 0xE3, 0x0C, 0x00, 0x00, 0xDA, 0x08, 0x30, 0xA0, 0xE1
	.byte 0x00, 0x00, 0x58, 0xE1, 0x00, 0x30, 0xA0, 0x81, 0x00, 0x00, 0x53, 0xE3, 0x00, 0x40, 0xA0, 0xE3
	.byte 0x04, 0x00, 0x00, 0x9A, 0xD4, 0x20, 0x91, 0xE1, 0x04, 0x20, 0xC9, 0xE7, 0x01, 0x40, 0x84, 0xE2
	.byte 0x03, 0x00, 0x54, 0xE1, 0xFA, 0xFF, 0xFF, 0x3A, 0x03, 0x80, 0x48, 0xE0, 0x00, 0x90, 0x89, 0xE0
	.byte 0x47, 0x01, 0x00, 0xEA, 0x01, 0x00, 0x81, 0xE2, 0x0A, 0x00, 0x50, 0xE1, 0x05, 0x00, 0x00, 0x1A
	.byte 0x00, 0x00, 0x58, 0xE3, 0x00, 0x30, 0xC9, 0x15, 0x01, 0xA0, 0x8A, 0xE2, 0x01, 0x80, 0x48, 0x12
	.byte 0x01, 0x90, 0x89, 0xE2, 0x3F, 0x01, 0x00, 0xEA, 0x01, 0x40, 0x4A, 0xE0, 0x00, 0x00, 0x54, 0xE3
	.byte 0x3C, 0x01, 0x00, 0xDA, 0x08, 0x20, 0xA0, 0xE1, 0x04, 0x00, 0x58, 0xE1, 0x04, 0x20, 0xA0, 0x81
	.byte 0x00, 0x00, 0x52, 0xE3, 0x00, 0x30, 0xA0, 0xE3, 0x04, 0x00, 0x00, 0x9A, 0xD3, 0x00, 0x91, 0xE1
	.byte 0x03, 0x00, 0xC9, 0xE7, 0x01, 0x30, 0x83, 0xE2, 0x02, 0x00, 0x53, 0xE1, 0xFA, 0xFF, 0xFF, 0x3A
	.byte 0x02, 0x80, 0x48, 0xE0, 0x04, 0x90, 0x89, 0xE0, 0x2E, 0x01, 0x00, 0xEA, 0x01, 0x4A, 0x84, 0xE3
	.byte 0x10, 0x00, 0xA0, 0xE3, 0x08, 0x00, 0x14, 0xE3, 0x10, 0x40, 0xC4, 0x13, 0x00, 0x00, 0x5B, 0xE3
	.byte 0x00, 0x10, 0xA0, 0xE3, 0x10, 0x40, 0xC4, 0xA3, 0x01, 0xB0, 0xA0, 0xB3, 0x0C, 0x10, 0x8D, 0xE5
	.byte 0x01, 0x0A, 0x14, 0xE3, 0x33, 0x00, 0x00, 0x0A, 0x01, 0x0C, 0x14, 0xE3, 0x06, 0x00, 0x00, 0x0A
	.byte 0x08, 0x10, 0x9D, 0xE5, 0x04, 0x10, 0x81, 0xE2, 0x04, 0x30, 0x11, 0xE5, 0x08, 0x10, 0x8D, 0xE5
	.byte 0x00, 0x10, 0xA0, 0xE3, 0xFF, 0x60, 0x03, 0xE2, 0x15, 0x00, 0x00, 0xEA, 0x40, 0x00, 0x14, 0xE3
	.byte 0x07, 0x00, 0x00, 0x0A, 0x08, 0x10, 0x9D, 0xE5, 0x04, 0x10, 0x81, 0xE2, 0x04, 0x30, 0x11, 0xE5
	.byte 0x08, 0x10, 0x8D, 0xE5, 0x03, 0x38, 0xA0, 0xE1, 0x00, 0x10, 0xA0, 0xE3, 0x23, 0x68, 0xA0, 0xE1
	.byte 0x0B, 0x00, 0x00, 0xEA, 0x80, 0x00, 0x14, 0xE3, 0x08, 0x10, 0x9D, 0x05, 0x04, 0x10, 0x81, 0x02
	.byte 0x04, 0x60, 0x11, 0x05, 0x08, 0x10, 0x8D, 0x05, 0x00, 0x10, 0xA0, 0x03, 0x04, 0x00, 0x00, 0x0A
	.byte 0x08, 0x10, 0x9D, 0xE5, 0x08, 0x10, 0x81, 0xE2, 0x08, 0x10, 0x8D, 0xE5, 0x08, 0x60, 0x11, 0xE5
	.byte 0x04, 0x10, 0x11, 0xE5, 0x03, 0x40, 0xC4, 0xE3, 0x04, 0x00, 0x14, 0xE3, 0x4F, 0x00, 0x00, 0x0A
	.byte 0x10, 0x00, 0x50, 0xE3, 0x09, 0x00, 0x00, 0x1A, 0x00, 0x00, 0x51, 0xE3, 0x00, 0x00, 0x56, 0x03
	.byte 0x4A, 0x00, 0x00, 0x0A, 0x21, 0x30, 0x82, 0xE2, 0x10, 0x30, 0xCD, 0xE5, 0x30, 0x30, 0xA0, 0xE3
	.byte 0x11, 0x30, 0xCD, 0xE5, 0x02, 0x30, 0xA0, 0xE3, 0x0C, 0x30, 0x8D, 0xE5, 0x43, 0x00, 0x00, 0xEA
	.byte 0x08, 0x00, 0x50, 0xE3, 0x30, 0x30, 0xA0, 0x03, 0x10, 0x30, 0xCD, 0x05, 0x01, 0x30, 0xA0, 0x03
	.byte 0x0C, 0x30, 0x8D, 0x05, 0x3D, 0x00, 0x00, 0xEA, 0x01, 0x0C, 0x14, 0xE3, 0x07, 0x00, 0x00, 0x0A
	.byte 0x08, 0x10, 0x9D, 0xE5, 0x04, 0x10, 0x81, 0xE2, 0x08, 0x10, 0x8D, 0xE5, 0x04, 0x10, 0x11, 0xE5
	.byte 0x01, 0x1C, 0xA0, 0xE1, 0x41, 0x6C, 0xA0, 0xE1, 0xC6, 0x1F, 0xA0, 0xE1, 0x14, 0x00, 0x00, 0xEA
	.byte 0x40, 0x00, 0x14, 0xE3, 0x06, 0x00, 0x00, 0x0A, 0x08, 0x10, 0x9D, 0xE5, 0x04, 0x10, 0x81, 0xE2
	.byte 0x08, 0x10, 0x8D, 0xE5, 0x04, 0x10, 0x11, 0xE5, 0x01, 0x18, 0xA0, 0xE1, 0x41, 0x68, 0xA0, 0xE1
	.byte 0xF4, 0xFF, 0xFF, 0xEA, 0x80, 0x00, 0x14, 0xE3, 0x08, 0x10, 0x9D, 0x05, 0x04, 0x10, 0x81, 0x02
	.byte 0x04, 0x60, 0x11, 0x05, 0x08, 0x10, 0x8D, 0x05, 0xC6, 0x1F, 0xA0, 0x01, 0x04, 0x00, 0x00, 0x0A
	.byte 0x08, 0x10, 0x9D, 0xE5, 0x08, 0x10, 0x81, 0xE2, 0x08, 0x10, 0x8D, 0xE5, 0x08, 0x60, 0x11, 0xE5
	.byte 0x04, 0x10, 0x11, 0xE5, 0x00, 0x30, 0xA0, 0xE3, 0x00, 0x70, 0x03, 0xE2, 0x00, 0x00, 0x57, 0xE3
	.byte 0x02, 0x71, 0x01, 0xE2, 0x00, 0x00, 0x57, 0x03, 0x08, 0x00, 0x00, 0x0A, 0x06, 0x60, 0xE0, 0xE1
	.byte 0x01, 0x10, 0xE0, 0xE1, 0x01, 0x60, 0x96, 0xE2, 0x03, 0x10, 0xA1, 0xE0, 0x01, 0x30, 0xA0, 0xE3
	.byte 0x0C, 0x30, 0x8D, 0xE5, 0x2D, 0x30, 0xA0, 0xE3, 0x10, 0x30, 0xCD, 0xE5, 0x0F, 0x00, 0x00, 0xEA
	.byte 0x03, 0x00, 0x51, 0xE1, 0x03, 0x00, 0x56, 0x01, 0x01, 0x00, 0x00, 0x1A, 0x00, 0x00, 0x5B, 0xE3
	.byte 0x0A, 0x00, 0x00, 0x0A, 0x02, 0x00, 0x14, 0xE3, 0x2B, 0x30, 0xA0, 0x13, 0x10, 0x30, 0xCD, 0x15
	.byte 0x01, 0x30, 0xA0, 0x13, 0x0C, 0x30, 0x8D, 0x15, 0x04, 0x00, 0x00, 0x1A, 0x01, 0x00, 0x14, 0xE3
	.byte 0x20, 0x30, 0xA0, 0x13, 0x10, 0x30, 0xCD, 0x15, 0x01, 0x30, 0xA0, 0x13, 0x0C, 0x30, 0x8D, 0x15
	.byte 0x08, 0x00, 0x50, 0xE3, 0x00, 0x70, 0xA0, 0xE3, 0x04, 0x00, 0x00, 0x0A, 0x0A, 0x00, 0x50, 0xE3
	.byte 0x12, 0x00, 0x00, 0x0A, 0x10, 0x00, 0x50, 0xE3, 0x36, 0x00, 0x00, 0x0A, 0x46, 0x00, 0x00, 0xEA
	.byte 0x07, 0x00, 0x51, 0xE1, 0x07, 0x00, 0x56, 0x01, 0x43, 0x00, 0x00, 0x0A, 0x12, 0x00, 0x8D, 0xE2
	.byte 0x07, 0x20, 0x06, 0xE2, 0x30, 0x20, 0x82, 0xE2, 0x07, 0x20, 0xC0, 0xE7, 0xA1, 0x21, 0xA0, 0xE1
	.byte 0x00, 0x00, 0x52, 0xE3, 0xA6, 0x61, 0xA0, 0xE1, 0x81, 0x6E, 0x86, 0xE1, 0x02, 0x10, 0xA0, 0xE1
	.byte 0x00, 0x00, 0x56, 0x03, 0x01, 0x70, 0x87, 0xE2, 0xF4, 0xFF, 0xFF, 0x1A, 0x36, 0x00, 0x00, 0xEA
	.byte 0x07, 0x00, 0xA0, 0xE1, 0x07, 0x00, 0x50, 0xE1, 0x07, 0x00, 0x51, 0x01, 0x0E, 0x00, 0x00, 0x1A
	.byte 0x00, 0x00, 0x56, 0xE3, 0x30, 0x00, 0x00, 0x0A, 0x8C, 0x22, 0x9F, 0xE5, 0x12, 0xC0, 0x8D, 0xE2
	.byte 0x0A, 0x30, 0xA0, 0xE3, 0x96, 0x12, 0x80, 0xE0, 0xA0, 0x01, 0xB0, 0xE1, 0x90, 0x03, 0x01, 0xE0
	.byte 0x01, 0x10, 0x46, 0xE0, 0x00, 0x60, 0xA0, 0xE1, 0x30, 0x00, 0x81, 0xE2, 0x07, 0x00, 0xCC, 0xE7
	.byte 0x01, 0x70, 0x87, 0xE2, 0xF6, 0xFF, 0xFF, 0x1A, 0x23, 0x00, 0x00, 0xEA, 0x07, 0x00, 0x51, 0xE1
	.byte 0x07, 0x00, 0x56, 0x01, 0x20, 0x00, 0x00, 0x0A, 0x06, 0x00, 0xA0, 0xE1, 0x0A, 0x20, 0xA0, 0xE3
	.byte 0x00, 0x30, 0xA0, 0xE3, 0x51, 0xCD, 0xFF, 0xEB, 0x0A, 0x20, 0xA0, 0xE3, 0x90, 0x32, 0x82, 0xE0
	.byte 0x03, 0x20, 0x56, 0xE0, 0x30, 0x30, 0x82, 0xE2, 0x12, 0x20, 0x8D, 0xE2, 0x07, 0x30, 0xC2, 0xE7
	.byte 0x00, 0x00, 0x51, 0xE3, 0x00, 0x00, 0x50, 0x03, 0x00, 0x60, 0xA0, 0xE1, 0x01, 0x70, 0x87, 0xE2
	.byte 0xF0, 0xFF, 0xFF, 0x1A, 0x10, 0x00, 0x00, 0xEA, 0x07, 0x00, 0x51, 0xE1, 0x07, 0x00, 0x56, 0x01
	.byte 0x0D, 0x00, 0x00, 0x0A, 0x12, 0x00, 0x8D, 0xE2, 0x0F, 0xC0, 0x06, 0xE2, 0x26, 0x62, 0xA0, 0xE1
	.byte 0x21, 0x32, 0xA0, 0xE1, 0x01, 0x6E, 0x86, 0xE1, 0x0A, 0x00, 0x5C, 0xE3, 0x03, 0x10, 0xA0, 0xE1
	.byte 0x30, 0x30, 0x8C, 0xB2, 0x02, 0x30, 0x8C, 0xA0, 0x07, 0x30, 0xC0, 0xE7, 0x00, 0x00, 0x51, 0xE3
	.byte 0x00, 0x00, 0x56, 0x03, 0x01, 0x70, 0x87, 0xE2, 0xF2, 0xFF, 0xFF, 0x1A, 0x0C, 0x00, 0x9D, 0xE5
	.byte 0x00, 0x00, 0x50, 0xE3, 0x08, 0x00, 0x00, 0xDA, 0xD0, 0x01, 0xDD, 0xE1, 0x30, 0x00, 0x50, 0xE3
	.byte 0x05, 0x00, 0x00, 0x1A, 0x12, 0x00, 0x8D, 0xE2, 0x30, 0x10, 0xA0, 0xE3, 0x07, 0x10, 0xC0, 0xE7
	.byte 0x00, 0x00, 0xA0, 0xE3, 0x0C, 0x00, 0x8D, 0xE5, 0x01, 0x70, 0x87, 0xE2, 0x10, 0x00, 0x14, 0xE3
	.byte 0x0C, 0x10, 0x9D, 0x15, 0x07, 0x20, 0x45, 0x10, 0x07, 0x00, 0x4B, 0xE0, 0x01, 0x10, 0x42, 0x10
	.byte 0x01, 0x00, 0x50, 0x11, 0x01, 0x00, 0xA0, 0xB1, 0x0C, 0x10, 0x9D, 0xE5, 0x00, 0x00, 0x50, 0xE3
	.byte 0x00, 0x50, 0x45, 0xC0, 0x07, 0x10, 0x81, 0xE0, 0x01, 0x50, 0x45, 0xE0, 0x08, 0x10, 0x14, 0xE2
	.byte 0x0E, 0x00, 0x00, 0x1A, 0x00, 0x00, 0x55, 0xE3, 0x0C, 0x00, 0x00, 0xDA, 0x08, 0x30, 0xA0, 0xE1
	.byte 0x05, 0x00, 0x58, 0xE1, 0x05, 0x30, 0xA0, 0x81, 0x00, 0x00, 0x53, 0xE3, 0x00, 0x40, 0xA0, 0xE3
	.byte 0x04, 0x00, 0x00, 0x9A, 0x20, 0x20, 0xA0, 0xE3, 0x04, 0x20, 0xC9, 0xE7, 0x01, 0x40, 0x84, 0xE2
	.byte 0x03, 0x00, 0x54, 0xE1, 0xFB, 0xFF, 0xFF, 0x3A, 0x03, 0x80, 0x48, 0xE0, 0x05, 0x90, 0x89, 0xE0
	.byte 0x0C, 0x20, 0x9D, 0xE5, 0x00, 0x00, 0x52, 0xE3, 0x0B, 0x00, 0x00, 0xDA, 0x10, 0x30, 0x8D, 0xE2
	.byte 0x0C, 0x20, 0x9D, 0xE5, 0x00, 0x00, 0x58, 0xE3, 0x01, 0x20, 0x42, 0xE2, 0x0C, 0x20, 0x8D, 0xE5
	.byte 0xD2, 0x20, 0x93, 0xE1, 0x01, 0x80, 0x48, 0x12, 0x00, 0x20, 0xC9, 0x15, 0x0C, 0x20, 0x9D, 0xE5
	.byte 0x01, 0x90, 0x89, 0xE2, 0x00, 0x00, 0x52, 0xE3, 0xF4, 0xFF, 0xFF, 0xCA, 0x00, 0x00, 0x50, 0xE3
	.byte 0x0C, 0x00, 0x00, 0xDA, 0x08, 0x30, 0xA0, 0xE1, 0x00, 0x00, 0x58, 0xE1, 0x00, 0x30, 0xA0, 0x81
	.byte 0x00, 0x00, 0x53, 0xE3, 0x00, 0x40, 0xA0, 0xE3, 0x04, 0x00, 0x00, 0x9A, 0x30, 0x20, 0xA0, 0xE3
	.byte 0x04, 0x20, 0xC9, 0xE7, 0x01, 0x40, 0x84, 0xE2, 0x03, 0x00, 0x54, 0xE1, 0xFB, 0xFF, 0xFF, 0x3A
	.byte 0x03, 0x80, 0x48, 0xE0, 0x00, 0x90, 0x89, 0xE0, 0x12, 0x20, 0x8D, 0xE2, 0x00, 0x00, 0x57, 0xE3
	.byte 0x07, 0x00, 0x00, 0xDA, 0x01, 0x70, 0x47, 0xE2, 0xD7, 0x00, 0x92, 0xE1, 0x00, 0x00, 0x58, 0xE3
	.byte 0x00, 0x00, 0xC9, 0x15, 0x01, 0x80, 0x48, 0x12, 0x00, 0x00, 0x57, 0xE3, 0x01, 0x90, 0x89, 0xE2
	.byte 0xF7, 0xFF, 0xFF, 0xCA, 0x00, 0x00, 0x51, 0xE3, 0x20, 0x00, 0xA0, 0xE3, 0x00, 0x00, 0x55, 0x13
	.byte 0x0B, 0x00, 0x00, 0xDA, 0x08, 0x10, 0xA0, 0xE1, 0x05, 0x00, 0x58, 0xE1, 0x05, 0x10, 0xA0, 0x81
	.byte 0x00, 0x00, 0x51, 0xE3, 0x00, 0x20, 0xA0, 0xE3, 0x03, 0x00, 0x00, 0x9A, 0x02, 0x00, 0xC9, 0xE7
	.byte 0x01, 0x20, 0x82, 0xE2, 0x01, 0x00, 0x52, 0xE1, 0xFB, 0xFF, 0xFF, 0x3A, 0x01, 0x80, 0x48, 0xE0
	.byte 0x05, 0x90, 0x89, 0xE0, 0x01, 0xA0, 0x8A, 0xE2, 0xD0, 0x00, 0xDA, 0xE1, 0x00, 0x00, 0x50, 0xE3
	.byte 0x7F, 0xFD, 0xFF, 0x1A, 0x00, 0x20, 0xA0, 0xE3, 0x00, 0x00, 0x58, 0xE3, 0x00, 0x20, 0xC9, 0x15
	.byte 0x04, 0x00, 0x00, 0x1A, 0x04, 0x00, 0x9D, 0xE5, 0x00, 0x00, 0x50, 0xE3, 0x00, 0x10, 0x9D, 0x15
	.byte 0x00, 0x00, 0x81, 0x10, 0x01, 0x20, 0x40, 0x15, 0x00, 0x00, 0x9D, 0xE5, 0x00, 0x00, 0x49, 0xE0
	.byte 0x2C, 0xD0, 0x8D, 0xE2, 0xF0, 0x4F, 0xBD, 0xE8, 0x1E, 0xFF, 0x2F, 0xE1, 0xCD, 0xCC, 0xCC, 0xCC
	.byte 0x08, 0x20, 0x9F, 0xE5, 0x04, 0x00, 0x82, 0xE5, 0x00, 0x10, 0x82, 0xE5, 0x1E, 0xFF, 0x2F, 0xE1
	.byte 0x04, 0x94, 0x80, 0x03

	arm_func_start FUN_038085A4
FUN_038085A4: ; 0x038085A4
	stmdb sp!, {r3, lr}
	ldr r1, _038085D4 ; =0x0380BCF4
	mov r3, #0
	ldr r2, _038085D8 ; =0x05000001
	add r0, sp, #0
	str r3, [sp]
	bl FUN_038085E0
	bl FUN_037FC7FC
	ldr r1, _038085DC ; =0x0380BCF0
	strh r0, [r1, #6]
	ldmia sp!, {r3, lr}
	bx lr
	.balign 4, 0
_038085D4: .word 0x0380BCF4
_038085D8: .word 0x05000001
_038085DC: .word 0x0380BCF0
	arm_func_end FUN_038085A4

	arm_func_start FUN_038085E0
FUN_038085E0: ; 0x038085E0
	ldr ip, _038085E8 ; =FUN_037FB544
	bx ip
	.balign 4, 0
_038085E8: .word 0x037FB545
	arm_func_end FUN_038085E0

	arm_func_start FUN_038085EC
FUN_038085EC: ; 0x038085EC
	stmdb sp!, {r3, lr}
	ldr r2, _03808634 ; =0x02FFFC30
	ldr r0, _03808638 ; =0x0000FFFF
	ldrh r1, [r2]
	cmp r1, r0
	moveq r0, #0
	beq _0380862C
	ldrb r0, [r2, #5]
	mov r0, r0, lsl #0x1e
	movs r0, r0, lsr #0x1f
	bne _0380861C
	bl FUN_0380863C
_0380861C:
	ldr r0, _03808634 ; =0x02FFFC30
	ldrb r0, [r0, #5]
	mov r0, r0, lsl #0x1e
	mov r0, r0, lsr #0x1f
_0380862C:
	ldmia sp!, {r3, lr}
	bx lr
	.balign 4, 0
_03808634: .word 0x02FFFC30
_03808638: .word 0x0000FFFF
	arm_func_end FUN_038085EC

	arm_func_start FUN_0380863C
FUN_0380863C: ; 0x0380863C
	stmdb sp!, {r3, r4, r5, lr}
	sub sp, sp, #0x10
	ldr r4, _03808744 ; =0x02FFFC30
	mov r5, #1
	ldrh r1, [r4]
	rsb r0, r5, #0x10000
	cmp r1, r0
	moveq r0, #0
	beq _03808738
	ldrb r0, [r4, #5]
	mov r0, r0, lsl #0x1e
	mov r0, r0, lsr #0x1f
	cmp r0, #1
	moveq r0, #0
	beq _03808738
	ldr r0, _03808748 ; =0x0380BCF0
	add r1, sp, #8
	ldrh r0, [r0, #6]
	bl FUN_038087CC
	cmp r0, #0
	bne _0380869C
	ldr r0, [sp, #0xc]
	bl FUN_037FEF70
	b _03808734
_0380869C:
	add r0, sp, #0
	bl FUN_03808750
	mov r0, #0x8000000
	ldrb r2, [r0, #0xb2]
	cmp r2, #0x96
	bne _038086C4
	ldrh r1, [r4]
	ldrh r0, [r0, #0xbe]
	cmp r1, r0
	bne _03808704
_038086C4:
	cmp r2, #0x96
	beq _038086E0
	ldr r0, _0380874C ; =0x0801FFFE
	ldrh r1, [r4]
	ldrh r0, [r0]
	cmp r1, r0
	bne _03808704
_038086E0:
	mov r0, #0x8000000
	ldr r1, [r4, #8]
	ldr r0, [r0, #0xac]
	cmp r1, r0
	beq _03808714
	ldrb r0, [r4, #5]
	mov r0, r0, lsl #0x1f
	movs r0, r0, lsr #0x1f
	beq _03808714
_03808704:
	ldrb r0, [r4, #5]
	mov r5, #0
	orr r0, r0, #2
	strb r0, [r4, #5]
_03808714:
	ldr r0, [sp]
	bl FUN_03808794
	ldr r0, [sp, #4]
	bl FUN_038087B0
	ldr r0, _03808748 ; =0x0380BCF0
	add r1, sp, #8
	ldrh r0, [r0, #6]
	bl FUN_0380881C
_03808734:
	mov r0, r5
_03808738:
	add sp, sp, #0x10
	ldmia sp!, {r3, r4, r5, lr}
	bx lr
	.balign 4, 0
_03808744: .word 0x02FFFC30
_03808748: .word 0x0380BCF0
_0380874C: .word 0x0801FFFE
	arm_func_end FUN_0380863C

	arm_func_start FUN_03808750
FUN_03808750: ; 0x03808750
	stmdb sp!, {r3, lr}
	ldr r2, _03808790 ; =0x04000204
	ldrh r1, [r2]
	and r1, r1, #0xc
	mov r1, r1, asr #2
	str r1, [r0]
	ldrh r1, [r2]
	and r1, r1, #0x10
	mov r1, r1, asr #4
	str r1, [r0, #4]
	mov r0, #3
	bl FUN_03808794
	mov r0, #0
	bl FUN_038087B0
	ldmia sp!, {r3, lr}
	bx lr
	.balign 4, 0
_03808790: .word 0x04000204
	arm_func_end FUN_03808750

	arm_func_start FUN_03808794
FUN_03808794: ; 0x03808794
	ldr r2, _038087AC ; =0x04000204
	ldrh r1, [r2]
	bic r1, r1, #0xc
	orr r0, r1, r0, lsl #2
	strh r0, [r2]
	bx lr
	.balign 4, 0
_038087AC: .word 0x04000204
	arm_func_end FUN_03808794

	arm_func_start FUN_038087B0
FUN_038087B0: ; 0x038087B0
	ldr r2, _038087C8 ; =0x04000204
	ldrh r1, [r2]
	bic r1, r1, #0x10
	orr r0, r1, r0, lsl #4
	strh r0, [r2]
	bx lr
	.balign 4, 0
_038087C8: .word 0x04000204
	arm_func_end FUN_038087B0

	arm_func_start FUN_038087CC
FUN_038087CC: ; 0x038087CC
	stmdb sp!, {r3, r4, r5, lr}
	mov r4, r1
	mov r5, r0
	bl FUN_037FEF5C
	str r0, [r4, #4]
	ldr r0, _03808818 ; =0x02FFFFE8
	bl FUN_037FC7F4
	ands r0, r0, #0x80
	str r0, [r4]
	bne _03808804
	mov r0, r5
	bl FUN_037FC768
	cmp r0, #0
	bne _0380880C
_03808804:
	mov r0, #1
	b _03808810
_0380880C:
	mov r0, #0
_03808810:
	ldmia sp!, {r3, r4, r5, lr}
	bx lr
	.balign 4, 0
_03808818: .word 0x02FFFFE8
	arm_func_end FUN_038087CC

	arm_func_start FUN_0380881C
FUN_0380881C: ; 0x0380881C
	stmdb sp!, {r4, lr}
	mov r4, r1
	ldr r1, [r4]
	cmp r1, #0
	bne _03808834
	bl FUN_037FC75C
_03808834:
	ldr r0, [r4, #4]
	bl FUN_037FEF70
	ldmia sp!, {r4, lr}
	bx lr
	arm_func_end FUN_0380881C

	arm_func_start FUN_03808844
FUN_03808844: ; 0x03808844
	stmdb sp!, {r3, r4, r5, r6, r7, lr}
	mov r7, r0
	mov r6, #1
	mov r5, #0xd
	mov r4, #0
	b _03808864
_0380885C:
	mov r0, r6
	bl FUN_037FC554
_03808864:
	mov r0, r5
	mov r1, r7
	mov r2, r4
	bl FUN_037FFB00
	cmp r0, #0
	bne _0380885C
	ldmia sp!, {r3, r4, r5, r6, r7, lr}
	bx lr
	arm_func_end FUN_03808844

	arm_func_start FUN_03808884
FUN_03808884: ; 0x03808884
	stmdb sp!, {r3, r4, r5, lr}
	bl FUN_037FE3BC
	bl FUN_037FE5F4
	ldr r0, _0380890C ; =0x0380BD28
	bl FUN_037FE644
	ldr r4, _03808910 ; =0x0380BCF8
	ldr r0, [r4, #0x14]
	cmp r0, #0
	bne _03808904
	mov r5, #1
	str r5, [r4, #0x14]
	bl FUN_038085A4
	bl FUN_037FC7FC
	sub r1, r5, #4
	cmp r0, r1
	beq _03808904
	strh r0, [r4]
	bl FUN_037FF9A8
	mov r4, #0xd
	ldr r1, _03808914 ; =0x03808A7C
	mov r0, r4
	bl FUN_037FFA90
	bl FUN_03808924
	ldr r1, _03808918 ; =0x03808AAC
	mov r0, r4
	bl FUN_037FFA90
	ldr r1, _0380891C ; =0x03808ADC
	mov r0, #0x10
	bl FUN_037FFA90
	ldr r1, _03808920 ; =0x03808D90
	mov r0, #0x11
	bl FUN_037FFA90
_03808904:
	ldmia sp!, {r3, r4, r5, lr}
	bx lr
	.balign 4, 0
_0380890C: .word 0x0380BD28
_03808910: .word 0x0380BCF8
_03808914: .word 0x03808A7C
_03808918: .word 0x03808AAC
_0380891C: .word 0x03808ADC
_03808920: .word 0x03808D90
	arm_func_end FUN_03808884

	arm_func_start FUN_03808924
FUN_03808924: ; 0x03808924
	stmdb sp!, {r4, r5, r6, r7, r8, sb, sl, lr}
	ldr r4, _03808A68 ; =0x0380BCF8
	mov r6, #1
	ldr r0, [r4, #8]
	cmp r0, #0
	bne _03808A60
	ldr r5, _03808A6C ; =0x04000300
	str r6, [r4, #8]
	ldrh r0, [r5]
	tst r0, #1
	beq _03808A60
	mov r0, #0x40000
	bl FUN_037FC200
	sub r1, r5, #0xf8
	ldrh r7, [r1]
	mov sb, r0
	strh r6, [r1]
	mov r5, #0x100
	b _03808978
_03808970:
	mov r0, r5
	bl FUN_037FC554
_03808978:
	ldr r0, [r4, #0x28]
	cmp r0, #1
	bne _03808970
	ldr r0, _03808A68 ; =0x0380BCF8
	mov r1, #0x8000000
	ldr r0, [r0, #0x18]
	ldr r8, _03808A70 ; =0x01FFFFC0
	add r6, r1, #4
	and r0, r0, r8
	mov r0, r0, lsr #6
	mov r0, r0, lsl #5
	add sl, r0, #0x2000000
	mov r4, #1
	bl FUN_037FC7FC
	mov r0, r0, lsl #0x10
	mov r5, r0, lsr #0x10
	mov r0, r5
	bl FUN_037FC6EC
	mov ip, r8, lsr #9
	mov r0, #0
	eor r3, ip, #3
	eor r8, ip, #0x84
	b _03808A10
_038089D4:
	mov lr, ip
	cmp r0, #0x4c
	moveq lr, r8
	beq _038089EC
	cmp r0, #0x4d
	moveq lr, r3
_038089EC:
	add r1, sl, r0, lsl #1
	mov r2, r0, lsl #1
	ldrh r1, [r1, #4]
	ldrh r2, [r6, r2]
	and r1, lr, r1
	cmp r1, r2
	movne r4, #0
	bne _03808A18
	add r0, r0, #1
_03808A10:
	cmp r0, #0x4e
	blt _038089D4
_03808A18:
	mov r0, r5
	bl FUN_037FC75C
	mov r0, r5
	bl FUN_037FC894
	ldr r2, _03808A74 ; =0x02FFFC30
	and r0, r4, #0xff
	ldrb r1, [r2, #5]
	and r0, r0, #1
	bic r1, r1, #1
	orr r1, r1, r0
	mov r0, #1
	strb r1, [r2, #5]
	bl FUN_03808844
	ldr r2, _03808A78 ; =0x04000208
	mov r0, sb
	ldrh r1, [r2]
	strh r7, [r2]
	bl FUN_037FC200
_03808A60:
	ldmia sp!, {r4, r5, r6, r7, r8, sb, sl, lr}
	bx lr
	.balign 4, 0
_03808A68: .word 0x0380BCF8
_03808A6C: .word 0x04000300
_03808A70: .word 0x01FFFFC0
_03808A74: .word 0x02FFFC30
_03808A78: .word 0x04000208
	arm_func_end FUN_03808924
_03808A7C:
	.byte 0x08, 0x40, 0x2D, 0xE9
	.byte 0x3F, 0x00, 0x01, 0xE2, 0x01, 0x00, 0x50, 0xE3, 0x18, 0x00, 0x9F, 0x05, 0x01, 0x20, 0xA0, 0x03
	.byte 0x18, 0x10, 0x80, 0x05, 0x28, 0x20, 0x80, 0x05, 0x00, 0x00, 0x00, 0x0A, 0xBA, 0xD9, 0xFF, 0xEB
	.byte 0x08, 0x40, 0xBD, 0xE8, 0x1E, 0xFF, 0x2F, 0xE1, 0xF8, 0xBC, 0x80, 0x03, 0x08, 0x40, 0x2D, 0xE9
	.byte 0x3F, 0x00, 0x01, 0xE2, 0x02, 0x00, 0x50, 0xE3, 0x04, 0x00, 0x00, 0x1A, 0x00, 0x00, 0xA0, 0xE3
	.byte 0x09, 0x00, 0x00, 0xEB, 0xC0, 0xDC, 0xFF, 0xEB, 0xC9, 0x65, 0xDF, 0xEB, 0xFF, 0xFF, 0xFF, 0xEA
	.byte 0xAD, 0xD9, 0xFF, 0xEB, 0x08, 0x40, 0xBD, 0xE8, 0x1E, 0xFF, 0x2F, 0xE1, 0x04, 0xC0, 0x9F, 0xE5
	.byte 0x01, 0x00, 0xA0, 0xE1, 0x1C, 0xFF, 0x2F, 0xE1, 0xEC, 0x8A, 0x80, 0x03

	arm_func_start FUN_03808AEC
FUN_03808AEC: ; 0x03808AEC
	stmdb sp!, {r3, r4, r5, r6, r7, r8, sb, sl, fp, lr}
	ldr r5, _03808CC4 ; =0x08001000
	ldr r4, _03808CC8 ; =0x0380BCF8
	movs r8, r0
	mov r6, #0
	beq _03808B30
	ldr r0, [r8]
	cmp r0, #0
	bne _03808B30
	ldr r1, [r8, #0x44]
	ldr r0, [r8, #0x40]
	add r1, r1, #1
	str r1, [r8, #0x44]
	cmp r0, #0
	beq _03808B30
	cmp r1, r0
	movhi r8, r6
_03808B30:
	cmp r8, #0
	beq _03808B44
	ldr r0, [r8, #0x3c]
	cmp r0, #0
	bne _03808BCC
_03808B44:
	bl FUN_037FEF5C
	ldr r1, [r4, #4]
	mov sb, r0
	cmp r1, #2
	bne _03808BB8
	ldr r7, _03808CCC ; =0x02FFFFE8
	mov sl, #0
	mov fp, #1
	b _03808BB0
_03808B68:
	mov r0, r7
	bl FUN_037FC7F4
	ands r8, r0, #0x80
	bne _03808B88
	ldrh r0, [r4]
	bl FUN_037FC768
	cmp r0, #0
	bne _03808BA8
_03808B88:
	str r6, [r4, #4]
	mov sl, fp
	strh r6, [r5]
	cmp r8, #0
	bne _03808BB0
	ldrh r0, [r4]
	bl FUN_037FC73C
	b _03808BB0
_03808BA8:
	ldr r0, _03808CD0 ; =0x000080E8
	bl FUN_037FEFC0
_03808BB0:
	cmp sl, #0
	beq _03808B68
_03808BB8:
	ldr r0, _03808CD4 ; =0x0380BD28
	bl FUN_037FE858
	mov r0, sb
	bl FUN_037FEF70
	b _03808CBC
_03808BCC:
	cmp r8, #0
	beq _03808CBC
	ldr r0, _03808CCC ; =0x02FFFFE8
	bl FUN_037FC7F4
	ands r7, r0, #0x80
	bne _03808BF4
	ldrh r0, [r4]
	bl FUN_037FC768
	cmp r0, #0
	bne _03808CA4
_03808BF4:
	ldr r1, [r8]
	ldr r0, [r8, #4]
	mov r2, #0
	cmp r1, r0
	bne _03808C2C
	str r6, [r4, #4]
	strh r6, [r5]
	str r8, [sp]
	ldr r1, [r8, #8]
	ldr r0, _03808CD4 ; =0x0380BD28
	ldr r3, _03808CD8 ; =FUN_03808AEC
	bl FUN_037FE774
	str r6, [r8]
	b _03808C90
_03808C2C:
	tst r1, #1
	beq _03808C58
	str r6, [r4, #4]
	strh r6, [r5]
	str r8, [sp]
	ldr r1, [r8]
	ldr r0, _03808CD4 ; =0x0380BD28
	mov r1, r1, lsr #1
	add r1, r8, r1, lsl #2
	ldr r1, [r1, #0x24]
	b _03808C7C
_03808C58:
	mov r0, #2
	str r0, [r4, #4]
	strh r0, [r5]
	str r8, [sp]
	ldr r1, [r8]
	ldr r0, _03808CD4 ; =0x0380BD28
	mov r1, r1, lsr #1
	add r1, r8, r1, lsl #2
	ldr r1, [r1, #0xc]
_03808C7C:
	ldr r3, _03808CD8 ; =FUN_03808AEC
	bl FUN_037FE774
	ldr r0, [r8]
	add r0, r0, #1
	str r0, [r8]
_03808C90:
	cmp r7, #0
	bne _03808CBC
	ldrh r0, [r4]
	bl FUN_037FC73C
	b _03808CBC
_03808CA4:
	ldr r0, _03808CD4 ; =0x0380BD28
	ldr r1, _03808CDC ; =0x0000020B
	ldr r3, _03808CD8 ; =FUN_03808AEC
	mov r2, #0
	str r8, [sp]
	bl FUN_037FE774
_03808CBC:
	ldmia sp!, {r3, r4, r5, r6, r7, r8, sb, sl, fp, lr}
	bx lr
	.balign 4, 0
_03808CC4: .word 0x08001000
_03808CC8: .word 0x0380BCF8
_03808CCC: .word 0x02FFFFE8
_03808CD0: .word 0x000080E8
_03808CD4: .word 0x0380BD28
_03808CD8: .word 0x03808AEC
_03808CDC: .word 0x0000020B
	arm_func_end FUN_03808AEC

	arm_func_start FUN_03808CE0
FUN_03808CE0: ; 0x03808CE0
	stmdb sp!, {r3, r4, r5, r6, r7, lr}
	ldr r0, _03808D84 ; =0x0380940C
	ldr r3, [r0, #4]
	cmn r3, #1
	ldreq r1, _03808D88 ; =0x02FFFC3C
	ldreq r1, [r1]
	addeq r1, r1, #0xa
	streq r1, [r0, #4]
	beq _03808D7C
	ldr r4, _03808D8C ; =0x0380BCF8
	ldr r1, [r4, #0x10]
	cmp r1, #0
	ldreq r1, [r4, #0xc]
	cmpeq r1, #0
	bne _03808D7C
	ldr r2, _03808D88 ; =0x02FFFC3C
	ldr r1, [r2]
	cmp r1, r3
	blo _03808D7C
	ldr r1, [r2]
	add r1, r1, #0xa
	str r1, [r0, #4]
	bl FUN_038085EC
	str r0, [r4, #0xc]
	cmp r0, #0
	beq _03808D7C
	mov r7, #0x64
	mov r6, #0xd
	mov r5, #0x11
	mov r4, #0
	b _03808D64
_03808D5C:
	mov r0, r7
	bl FUN_037FD0E0
_03808D64:
	mov r0, r6
	mov r1, r5
	mov r2, r4
	bl FUN_037FFB00
	cmp r0, #0
	bne _03808D5C
_03808D7C:
	ldmia sp!, {r3, r4, r5, r6, r7, lr}
	bx lr
	.balign 4, 0
_03808D84: .word 0x0380940C
_03808D88: .word 0x02FFFC3C
_03808D8C: .word 0x0380BCF8
	arm_func_end FUN_03808CE0
_03808D90:
	.byte 0xF8, 0x40, 0x2D, 0xE9, 0x3F, 0x00, 0x01, 0xE2, 0x03, 0x00, 0x50, 0xE3, 0x15, 0x00, 0x00, 0x1A
	.byte 0x5C, 0x30, 0x9F, 0xE5, 0x5C, 0x00, 0x9F, 0xE5, 0xB0, 0x20, 0xD3, 0xE1, 0x00, 0x00, 0x01, 0xE0
	.byte 0x20, 0x13, 0xA0, 0xE1, 0x60, 0x00, 0xC2, 0xE3, 0x81, 0x02, 0x80, 0xE1, 0xB0, 0x00, 0xC3, 0xE1
	.byte 0x01, 0x70, 0xA0, 0xE3, 0x11, 0x60, 0xA0, 0xE3, 0x12, 0x50, 0xA0, 0xE3, 0x00, 0x40, 0xA0, 0xE3
	.byte 0x01, 0x00, 0x00, 0xEA, 0x07, 0x00, 0xA0, 0xE1, 0xDD, 0xCD, 0xFF, 0xEB, 0x06, 0x00, 0xA0, 0xE1
	.byte 0x05, 0x10, 0xA0, 0xE1, 0x04, 0x20, 0xA0, 0xE1, 0x44, 0xDB, 0xFF, 0xEB, 0x00, 0x00, 0x50, 0xE3
	.byte 0xF7, 0xFF, 0xFF, 0x1A, 0x00, 0x00, 0x00, 0xEA, 0xE3, 0xD8, 0xFF, 0xEB, 0xF8, 0x40, 0xBD, 0xE8
	.byte 0x1E, 0xFF, 0x2F, 0xE1, 0x04, 0x02, 0x00, 0x04, 0xC0, 0xFF, 0xFF, 0x01, 0x00, 0x00, 0x00, 0x00
	.byte 0x00, 0x00, 0x02, 0x00, 0x00, 0x40, 0x00, 0x00, 0x00, 0x00, 0x04, 0x00, 0x00, 0x80, 0x00, 0x00
	.byte 0x00, 0x80, 0xF8, 0x02, 0x00, 0x06, 0x0C, 0x13, 0x19, 0x1F, 0x25, 0x2B, 0x31, 0x36, 0x3C, 0x41
	.byte 0x47, 0x4C, 0x51, 0x55, 0x5A, 0x5E, 0x62, 0x66, 0x6A, 0x6D, 0x70, 0x73, 0x75, 0x78, 0x7A, 0x7B
	.byte 0x7D, 0x7E, 0x7E, 0x7F, 0x7F, 0x00, 0x00, 0x00, 0x00, 0x80, 0x2E, 0xFD, 0x2F, 0xFD, 0x75, 0xFD
	.byte 0xA7, 0xFD, 0xCE, 0xFD, 0xEE, 0xFD, 0x09, 0xFE, 0x20, 0xFE, 0x34, 0xFE, 0x46, 0xFE, 0x57, 0xFE
	.byte 0x66, 0xFE, 0x74, 0xFE, 0x81, 0xFE, 0x8D, 0xFE, 0x98, 0xFE, 0xA3, 0xFE, 0xAD, 0xFE, 0xB6, 0xFE
	.byte 0xBF, 0xFE, 0xC7, 0xFE, 0xCF, 0xFE, 0xD7, 0xFE, 0xDF, 0xFE, 0xE6, 0xFE, 0xEC, 0xFE, 0xF3, 0xFE
	.byte 0xF9, 0xFE, 0xFF, 0xFE, 0x05, 0xFF, 0x0B, 0xFF, 0x11, 0xFF, 0x16, 0xFF, 0x1B, 0xFF, 0x20, 0xFF
	.byte 0x25, 0xFF, 0x2A, 0xFF, 0x2E, 0xFF, 0x33, 0xFF, 0x37, 0xFF, 0x3C, 0xFF, 0x40, 0xFF, 0x44, 0xFF
	.byte 0x48, 0xFF, 0x4C, 0xFF, 0x50, 0xFF, 0x53, 0xFF, 0x57, 0xFF, 0x5B, 0xFF, 0x5E, 0xFF, 0x62, 0xFF
	.byte 0x65, 0xFF, 0x68, 0xFF, 0x6B, 0xFF, 0x6F, 0xFF, 0x72, 0xFF, 0x75, 0xFF, 0x78, 0xFF, 0x7B, 0xFF
	.byte 0x7E, 0xFF, 0x81, 0xFF, 0x83, 0xFF, 0x86, 0xFF, 0x89, 0xFF, 0x8C, 0xFF, 0x8E, 0xFF, 0x91, 0xFF
	.byte 0x93, 0xFF, 0x96, 0xFF, 0x99, 0xFF, 0x9B, 0xFF, 0x9D, 0xFF, 0xA0, 0xFF, 0xA2, 0xFF, 0xA5, 0xFF
	.byte 0xA7, 0xFF, 0xA9, 0xFF, 0xAB, 0xFF, 0xAE, 0xFF, 0xB0, 0xFF, 0xB2, 0xFF, 0xB4, 0xFF, 0xB6, 0xFF
	.byte 0xB8, 0xFF, 0xBA, 0xFF, 0xBC, 0xFF, 0xBE, 0xFF, 0xC0, 0xFF, 0xC2, 0xFF, 0xC4, 0xFF, 0xC6, 0xFF
	.byte 0xC8, 0xFF, 0xCA, 0xFF, 0xCC, 0xFF, 0xCE, 0xFF, 0xCF, 0xFF, 0xD1, 0xFF, 0xD3, 0xFF, 0xD5, 0xFF
	.byte 0xD6, 0xFF, 0xD8, 0xFF, 0xDA, 0xFF, 0xDC, 0xFF, 0xDD, 0xFF, 0xDF, 0xFF, 0xE1, 0xFF, 0xE2, 0xFF
	.byte 0xE4, 0xFF, 0xE5, 0xFF, 0xE7, 0xFF, 0xE9, 0xFF, 0xEA, 0xFF, 0xEC, 0xFF, 0xED, 0xFF, 0xEF, 0xFF
	.byte 0xF0, 0xFF, 0xF2, 0xFF, 0xF3, 0xFF, 0xF5, 0xFF, 0xF6, 0xFF, 0xF8, 0xFF, 0xF9, 0xFF, 0xFA, 0xFF
	.byte 0xFC, 0xFF, 0xFD, 0xFF, 0xFF, 0xFF, 0x00, 0x00, 0x00, 0x01, 0x02, 0x04, 0x04, 0x05, 0x06, 0x07
	.byte 0x02, 0x00, 0x03, 0x01, 0x08, 0x09, 0x0A, 0x0B, 0x0E, 0x0C, 0x0F, 0x0D, 0x00, 0x01, 0x05, 0x0E
	.byte 0x1A, 0x26, 0x33, 0x3F, 0x49, 0x54, 0x5C, 0x64, 0x6D, 0x74, 0x7B, 0x7F, 0x84, 0x89, 0x8F, 0x00
	.byte 0x1F, 0x00, 0x2B, 0x00, 0x37, 0x00, 0x43, 0x00, 0x10, 0x00, 0x00, 0x00, 0x40, 0x00, 0x00, 0x00
	.byte 0x00, 0x00, 0x00, 0x00, 0x00, 0x00, 0x00, 0x00, 0x00, 0x00, 0x00, 0x00, 0x00, 0x00, 0x00, 0x00
	.byte 0x00, 0x00, 0x00, 0x00, 0x40, 0x00, 0x00, 0x00, 0x06, 0x00, 0x00, 0x00, 0x00, 0x00, 0x00, 0x01
	.byte 0x18, 0x00, 0x00, 0x00, 0x00, 0x00, 0x08, 0x00, 0x13, 0x00, 0x00, 0x00, 0x00, 0x00, 0x10, 0x00
	.byte 0x14, 0x00, 0x00, 0x00, 0x00, 0x00, 0x04, 0x00, 0x12, 0x00, 0x00, 0x00, 0x08, 0x00, 0x00, 0x00
	.byte 0x03, 0x00, 0x00, 0x00, 0x10, 0x00, 0x00, 0x00, 0x04, 0x00, 0x00, 0x00, 0x20, 0x00, 0x00, 0x00
	.byte 0x05, 0x00, 0x00, 0x00, 0x00, 0x01, 0x00, 0x00, 0x08, 0x00, 0x00, 0x00, 0x00, 0x02, 0x00, 0x00
	.byte 0x09, 0x00, 0x00, 0x00, 0x00, 0x04, 0x00, 0x00, 0x0A, 0x00, 0x00, 0x00, 0x00, 0x08, 0x00, 0x00
	.byte 0x0B, 0x00, 0x00, 0x00, 0x00, 0x10, 0x00, 0x00, 0x0C, 0x00, 0x00, 0x00, 0x00, 0x20, 0x00, 0x00
	.byte 0x0D, 0x00, 0x00, 0x00, 0x02, 0x00, 0x00, 0x00, 0x01, 0x00, 0x00, 0x00, 0x04, 0x00, 0x00, 0x00
	.byte 0x02, 0x00, 0x00, 0x00, 0x01, 0x00, 0x00, 0x00, 0x00, 0x00, 0x00, 0x00, 0x00, 0x00, 0x01, 0x00
	.byte 0x10, 0x00, 0x00, 0x00, 0x00, 0x00, 0x40, 0x00, 0x16, 0x00, 0x00, 0x00, 0x80, 0x00, 0x00, 0x00
	.byte 0x07, 0x00, 0x00, 0x00, 0x00, 0x00, 0x02, 0x00, 0x11, 0x00, 0x00, 0x00, 0x00, 0x00, 0x80, 0x00
	.byte 0x17, 0x00, 0x00, 0x00, 0xC7, 0x06, 0x05, 0x00, 0x00, 0x00, 0x00, 0x00

	arm_func_start FUN_0380904C
FUN_0380904C: ; 0x0380904C
	stmdb sp!, {r3, lr}
	ldr r0, _03809078 ; =0x04000208
	mov r1, #0
	strh r1, [r0]
	bl FUN_037FD4BC
	cmp r0, #1
	bne _0380906C
	bl FUN_03017010
_0380906C:
	bl FUN_0380907C
	ldmia sp!, {r3, lr}
	bx lr
	.balign 4, 0
_03809078: .word 0x04000208
	arm_func_end FUN_0380904C

	arm_func_start FUN_0380907C
FUN_0380907C: ; 0x0380907C
	mov ip, #0x4000000
	str ip, [ip, #0x208]
	ldr r1, _038090E4 ; =0x0380FFFC
	mov r0, #0
	str r0, [r1]
	ldr r1, _038090E8 ; =0x04000180
	mov r0, #0x100
	strh r0, [r1]
_0380909C:
	ldrh r0, [r1]
	and r0, r0, #0xf
	cmp r0, #1
	bne _0380909C
	ldr r1, _038090E8 ; =0x04000180
	mov r0, #0
	strh r0, [r1]
_038090B8:
	ldrh r0, [r1]
	cmp r0, #1
	beq _038090B8
	ldr r3, _038090EC ; =0x02FFFE00
	ldr ip, [r3, #0x34]
	mov lr, ip
	mov r0, #0
	mov r1, #0
	mov r2, #0
	mov r3, #0
	bx ip
	.balign 4, 0
_038090E4: .word 0x0380FFFC
_038090E8: .word 0x04000180
_038090EC: .word 0x02FFFE00
	arm_func_end FUN_0380907C
_038090F0:
	.byte 0xF8, 0x40, 0x2D, 0xE9, 0x00, 0x70, 0xA0, 0xE1, 0x01, 0x6C, 0xA0, 0xE3, 0x0A, 0x50, 0xA0, 0xE3
	.byte 0x00, 0x40, 0xA0, 0xE3, 0x01, 0x00, 0x00, 0xEA, 0x06, 0x00, 0xA0, 0xE1, 0x10, 0xCD, 0xFF, 0xEB
	.byte 0x05, 0x00, 0xA0, 0xE1, 0x07, 0x10, 0xA0, 0xE1, 0x04, 0x20, 0xA0, 0xE1, 0x77, 0xDA, 0xFF, 0xEB
	.byte 0x00, 0x00, 0x50, 0xE3, 0xF7, 0xFF, 0xFF, 0xBA, 0x08, 0x00, 0x9F, 0xE5, 0xAC, 0xD1, 0xFF, 0xEB
	.byte 0xF8, 0x40, 0xBD, 0xE8, 0x1E, 0xFF, 0x2F, 0xE1, 0x98, 0x9D, 0xFF, 0x02, 0x38, 0x40, 0x2D, 0xE9
	.byte 0x3C, 0x00, 0x9F, 0xE5, 0x91, 0xD1, 0xFF, 0xEB, 0x38, 0x40, 0x9F, 0xE5, 0x01, 0x5C, 0xA0, 0xE3
	.byte 0x01, 0x00, 0x00, 0xEA, 0x05, 0x00, 0xA0, 0xE1, 0xFD, 0xCC, 0xFF, 0xEB, 0xB0, 0x10, 0xD4, 0xE1
	.byte 0x01, 0x00, 0x11, 0xE3, 0xFA, 0xFF, 0xFF, 0x1A, 0x1C, 0x00, 0x9F, 0xE5, 0x01, 0x10, 0x81, 0xE3
	.byte 0xB0, 0x10, 0xC4, 0xE1, 0x4C, 0x05, 0x90, 0xE5, 0x08, 0x00, 0x90, 0xE5, 0x38, 0x40, 0xBD, 0xE8
	.byte 0x1E, 0xFF, 0x2F, 0xE1, 0x98, 0x9D, 0xFF, 0x02, 0x96, 0xFF, 0xFF, 0x02, 0x70, 0x98, 0xFF, 0x02

	arm_func_start FUN_03809190
FUN_03809190: ; 0x03809190
	stmdb sp!, {r4, r5, r6, lr}
	ldr r2, _03809278 ; =0x00001FFF
	mov r1, #1
	and r0, r0, r2
	mov r0, r0, lsl #0x10
	movs r6, r0, lsr #0x10
	mov r0, #0
	beq _03809270
	b _038091C0
_038091B4:
	tst r6, r1, lsl r0
	bne _038091C8
	add r0, r0, #1
_038091C0:
	cmp r0, #0x10
	blt _038091B4
_038091C8:
	mov ip, #0xf
	b _038091DC
_038091D0:
	tst r6, r1, lsl ip
	bne _038091E4
	sub ip, ip, #1
_038091DC:
	cmp ip, #0
	bne _038091D0
_038091E4:
	sub r5, ip, r0
	cmp r5, #5
	movlt r0, r1, lsl r0
	movlt r0, r0, lsl #0x10
	movlt r0, r0, lsr #0x10
	blt _03809270
	add r2, ip, r0
	add r2, r2, r2, lsr #31
	mov lr, r2, asr #1
	mov r4, #0
	b _03809234
_03809210:
	mov r3, r4, lsr #0x1f
	rsb r2, r3, r4, lsl #31
	add r2, r3, r2, ror #31
	mov r2, r2, lsl #1
	sub r2, r2, #1
	mla lr, r4, r2, lr
	tst r6, r1, lsl lr
	bne _0380923C
	add r4, r4, #1
_03809234:
	cmp r4, r5
	blt _03809210
_0380923C:
	sub r2, ip, lr
	cmp r2, #5
	subge r2, lr, r0
	cmpge r2, #5
	movlt r2, r1, lsl ip
	orrlt r0, r2, r1, lsl r0
	movge r2, r1, lsl lr
	movlt r0, r0, lsl #0x10
	orrge r2, r2, r1, lsl ip
	movlt r0, r0, lsr #0x10
	orrge r0, r2, r1, lsl r0
	movge r0, r0, lsl #0x10
	movge r0, r0, lsr #0x10
_03809270:
	ldmia sp!, {r4, r5, r6, lr}
	bx lr
	.balign 4, 0
_03809278: .word 0x00001FFF
	arm_func_end FUN_03809190
_0380927C:
	.byte 0x08, 0x00, 0x09, 0x00
	.byte 0x0A, 0x00, 0x0B, 0x00, 0x1C, 0x00, 0x1D, 0x00, 0x1E, 0x00, 0x1F, 0x00, 0x03, 0x00, 0x04, 0x00
	.byte 0x05, 0x00, 0x06, 0x00, 0x00, 0x00, 0x00, 0x00, 0x60, 0xC0, 0x7F, 0x03, 0x60, 0xC0, 0x7F, 0x03
	.byte 0x60, 0xC0, 0x7F, 0x03, 0x60, 0xC0, 0x7F, 0x03, 0x60, 0xC0, 0x7F, 0x03, 0x60, 0xC0, 0x7F, 0x03
	.byte 0x60, 0xC0, 0x7F, 0x03, 0x60, 0xC0, 0x7F, 0x03, 0x60, 0xC0, 0x7F, 0x03, 0x60, 0xC0, 0x7F, 0x03
	.byte 0x60, 0xC0, 0x7F, 0x03, 0x60, 0xC0, 0x7F, 0x03, 0x60, 0xC0, 0x7F, 0x03, 0x60, 0xC0, 0x7F, 0x03
	.byte 0x60, 0xC0, 0x7F, 0x03
_038092D4:
	.byte 0xE0, 0xBF, 0x7F, 0x03, 0xD0, 0xBE, 0x7F, 0x03, 0xD0, 0xBE, 0x7F, 0x03
	.byte 0xA0, 0xBF, 0x7F, 0x03, 0xB0, 0xBF, 0x7F, 0x03, 0xC0, 0xBF, 0x7F, 0x03, 0xD0, 0xBF, 0x7F, 0x03
	.byte 0xD0, 0xBE, 0x7F, 0x03, 0x60, 0xBF, 0x7F, 0x03, 0x70, 0xBF, 0x7F, 0x03, 0x80, 0xBF, 0x7F, 0x03
	.byte 0x90, 0xBF, 0x7F, 0x03, 0xD0, 0xBE, 0x7F, 0x03, 0xD0, 0xBE, 0x7F, 0x03, 0xD0, 0xBE, 0x7F, 0x03
	.byte 0xD0, 0xBE, 0x7F, 0x03, 0xD0, 0xBE, 0x7F, 0x03, 0xD0, 0xBE, 0x7F, 0x03, 0xD0, 0xBE, 0x7F, 0x03
	.byte 0xD0, 0xBE, 0x7F, 0x03, 0xD0, 0xBE, 0x7F, 0x03, 0xD0, 0xBE, 0x7F, 0x03, 0xD0, 0xBE, 0x7F, 0x03
	.byte 0xD0, 0xBE, 0x7F, 0x03, 0xD0, 0xBE, 0x7F, 0x03, 0xD0, 0xBE, 0x7F, 0x03, 0xD0, 0xBE, 0x7F, 0x03
	.byte 0xD0, 0xBE, 0x7F, 0x03, 0x30, 0xC0, 0x7F, 0x03, 0x40, 0xC0, 0x7F, 0x03, 0x50, 0xC0, 0x7F, 0x03
	.byte 0x60, 0xC0, 0x7F, 0x03, 0xFF, 0xFF, 0xFF, 0xFF, 0xFF, 0xFF, 0xFF, 0xFF, 0xFF, 0xFF, 0xFF, 0xFF
	.byte 0x78, 0x56, 0x34, 0x12, 0x01, 0x00, 0x00, 0x00, 0x00, 0x00, 0x00, 0x00, 0x00, 0x00, 0x00, 0xAA
	.byte 0x08, 0x00, 0x01, 0x00, 0x00, 0x00, 0x00, 0x00, 0x00, 0x00, 0x00, 0xCC, 0x08, 0x00, 0x01, 0x00
	.byte 0x00, 0x00, 0x00, 0x00, 0x00, 0x00, 0x80, 0xE3, 0x0C, 0x00, 0x01, 0x00, 0x00, 0x00, 0x00, 0x00
	.byte 0x00, 0x00, 0xF0, 0xF0, 0x10, 0x00, 0x01, 0x00, 0x00, 0x00, 0x00, 0x00, 0x00, 0x00, 0x3E, 0xF8
	.byte 0x14, 0x00, 0x01, 0x00, 0x00, 0x00, 0x00, 0x00, 0x00, 0x00, 0x00, 0xFC, 0x0C, 0x00, 0x01, 0x00
	.byte 0x00, 0x00, 0x00, 0x00, 0x00, 0x00, 0x00, 0xFF, 0x10, 0x00, 0x01, 0x00, 0x00, 0x00, 0x00, 0x00
	.byte 0x00, 0x00, 0xC0, 0xFF, 0x14, 0x00, 0x01, 0x00, 0x00, 0x00, 0x00, 0x00, 0x00, 0x00, 0x00, 0xFF
	.byte 0x20, 0x00, 0x01, 0x00, 0x00, 0x00, 0x00, 0x00, 0x00, 0xFF, 0x00, 0xFF, 0x20, 0x00, 0x01, 0x00
	.byte 0x00, 0x00, 0x00, 0x00, 0x00, 0xFF, 0xFF, 0xFF, 0x20, 0x00, 0x01, 0x00, 0x00, 0x00, 0x00, 0x00
	.byte 0x00, 0x00, 0x00, 0xC3, 0x28, 0x00, 0x02, 0x00, 0x01, 0x00, 0x00, 0x00, 0x01, 0x00, 0x00, 0x00
	.byte 0xFF, 0xFF, 0xFF, 0xFF, 0x00, 0x00, 0x00, 0x00, 0x00, 0x00, 0x00, 0x00, 0x01, 0x00, 0x00, 0x00
	.byte 0xFF, 0xFF, 0xFF, 0xFF
	; 0x03809414
