	.include "asm/macros/function.inc"

	.extern FUN_030186C8
	.extern FUN_037F8768
	.extern FUN_037F8A3C
	.extern FUN_037FB3B8
	.extern FUN_037FB498
	.extern FUN_037FBAE4
	.extern FUN_037FC094
	.extern FUN_037FC280
	.extern FUN_037FC2F0
	.extern FUN_037FC7FC
	.extern FUN_037FCCC4
	.extern FUN_037FCFD4
	.extern FUN_037FD4BC
	.extern FUN_037FD514
	.extern FUN_037FD76C
	.extern FUN_037FE634
	.extern FUN_037FE644
	.extern FUN_037FE9D4
	.extern FUN_037FEA18
	.extern FUN_037FEF5C
	.extern FUN_037FEF70
	.extern FUN_037FF18C
	.extern FUN_037FF524
	.extern FUN_037FF53C
	.extern FUN_037FF5D8
	.extern FUN_037FF6B0
	.extern FUN_037FF9A8
	.extern FUN_037FFA90
	.extern FUN_037FFC60
	.extern FUN_037FFC80
	.extern FUN_037FFD10
	.extern FUN_037FFD3C
	.extern FUN_03803C24
	.extern FUN_03803C88

	.text


	arm_func_start FUN_02FE0000
FUN_02FE0000: ; 0x02FE0000
	stmdb sp!, {r4, r5, r6, r7, r8, lr}
	sub sp, sp, #0x10
	mov r8, r0
	bl FUN_037FEF5C
	ldr r2, _02FE0280 ; =0x02FF750C
	ldrh r1, [r2]
	cmp r1, #0
	beq _02FE0024
	b _02FE0270
_02FE0024:
	ldr r1, _02FE0284 ; =0x02FF7528
	mov r3, #1
	strh r3, [r2]
	str r3, [r1, #0x1d4]
	bl FUN_037FEF70
	add r0, sp, #8
	bl FUN_02FE0ED4
	add r0, sp, #0xa
	bl FUN_02FE0F38
	ldrh r0, [sp, #8]
	mov r1, r0, lsl #0x18
	movs r1, r1, lsr #0x1f
	bne _02FE0074
	mov r0, r0, lsl #0x19
	movs r0, r0, lsr #0x1f
	bne _02FE0074
	ldrh r0, [sp, #0xa]
	mov r0, r0, lsl #0x18
	movs r0, r0, lsr #0x1f
	beq _02FE00A8
_02FE0074:
	ldrh r1, [sp, #8]
	add r0, sp, #8
	bic r1, r1, #1
	orr r1, r1, #1
	strh r1, [sp, #8]
	bl FUN_02FE0F00
	bl FUN_037FD4BC
	cmp r0, #0
	beq _02FE00A8
	mov r1, #0x8000
	add r0, sp, #0xc
	strh r1, [sp, #0xc]
	bl FUN_030186C8
_02FE00A8:
	ldrh r0, [sp, #8]
	mov r1, r0, lsl #0x1b
	movs r1, r1, lsr #0x1f
	bne _02FE00C4
	mov r0, r0, lsl #0x1a
	movs r0, r0, lsr #0x1f
	beq _02FE00E4
_02FE00C4:
	ldrh r1, [sp, #0xa]
	add r0, sp, #0xa
	bic r1, r1, #0xf
	strh r1, [sp, #0xa]
	ldrh r1, [sp, #0xa]
	bic r1, r1, #0x40
	strh r1, [sp, #0xa]
	bl FUN_02FE0F64
_02FE00E4:
	ldr r4, _02FE0288 ; =0x02FFFDE8
	mov r0, r4
	bl FUN_02FE0B70
	ldr r0, [r4]
	mov r0, r0, lsl #0xa
	mov r0, r0, lsr #0x1a
	bl FUN_02FE0974
	ldr r1, [r4]
	mov r5, r0
	mov r0, r1, lsl #0x13
	mov r0, r0, lsr #0x1b
	bl FUN_02FE0974
	ldr r1, [r4]
	mov r6, r0
	mov r0, r1, lsl #0x18
	mov r0, r0, lsr #0x18
	bl FUN_02FE0974
	sub r1, r6, #1
	cmp r1, #1
	add r7, r0, #0x7d0
	subls r7, r7, #1
	mov r0, r7
	mov r1, #0x190
	addls r6, r6, #0xc
	bl FUN_037FBAE4
	mov r4, r0
	mov r0, r7
	mov r1, #0x64
	bl FUN_037FBAE4
	mov r1, #0xd
	mul r1, r6, r1
	mov r6, r0
	add r0, r1, #8
	mov r1, #5
	bl FUN_037FBAE4
	add r1, r7, r7, lsr #2
	sub r1, r1, r6
	add r1, r4, r1
	add r0, r1, r0
	add r0, r5, r0
	mov r1, #7
	bl FUN_037FBAE4
	ldr r0, _02FE0288 ; =0x02FFFDE8
	ldr r2, [r0]
	mov r3, r2, lsl #5
	mov r3, r3, lsr #0x1d
	cmp r3, r1
	beq _02FE01B8
	bic r2, r2, #0x7000000
	mov r1, r1, lsl #0x1d
	orr r1, r2, r1, lsr #5
	str r1, [r0]
	bl FUN_02FE0B9C
_02FE01B8:
	mov r0, #1
	bl FUN_02FE0A28
	ldr r0, _02FE028C ; =0x02FF7510
	bl FUN_037FD76C
	ldr r4, _02FE0284 ; =0x02FF7528
	ldr r1, _02FE0290 ; =0x02FF7548
	mov r0, r4
	mov r2, #4
	bl FUN_037FD514
	mov r6, #0
	ldr r0, _02FE0280 ; =0x02FF750C
	mov r1, #2
	strh r1, [r0]
	str r6, [r4, #0x1d4]
	bl FUN_037FF9A8
	ldr r1, _02FE0294 ; =0x02FE0320
	mov r0, #5
	bl FUN_037FFA90
	ldr r4, _02FE0298 ; =0x02FF7558
	ldr r3, _02FE029C ; =0x02FF75FC
	mov r5, #0x100
	ldr r1, _02FE02A0 ; =0x02FE0474
	mov r0, r4
	mov r2, r6
	add r3, r3, #0x100
	stmia sp, {r5, r8}
	bl FUN_037FCCC4
	mov r0, r4
	bl FUN_037FCFD4
	mov r0, #0x8000
	bl FUN_037FFC80
	mov r1, r6
	mov r0, #0x40
	bl FUN_037FFC60
	mov r0, r5
	mov r1, r5
	bl FUN_037FFC60
	bl FUN_037FEF5C
	ldr r1, _02FE02A4 ; =0x02FE08EC
	mov r4, #0x80
	mov r5, r0
	mov r0, r4
	bl FUN_037FC094
	mov r0, r4
	bl FUN_037FC280
	mov r0, r5
_02FE0270:
	bl FUN_037FEF70
	add sp, sp, #0x10
	ldmia sp!, {r4, r5, r6, r7, r8, lr}
	bx lr
	.balign 4, 0
_02FE0280: .word 0x02FF750C
_02FE0284: .word 0x02FF7528
_02FE0288: .word 0x02FFFDE8
_02FE028C: .word 0x02FF7510
_02FE0290: .word 0x02FF7548
_02FE0294: .word 0x02FE0320
_02FE0298: .word 0x02FF7558
_02FE029C: .word 0x02FF75FC
_02FE02A0: .word 0x02FE0474
_02FE02A4: .word 0x02FE08EC
	arm_func_end FUN_02FE0000
_02FE02A8:
	.byte 0x29, 0x00, 0x50, 0xE3, 0x19, 0x00, 0x00, 0x8A
	.byte 0x80, 0x00, 0x8F, 0xE0, 0xB4, 0x00, 0xD0, 0xE1, 0x00, 0xF0, 0x8F, 0xE0, 0x50, 0x00, 0x50, 0x00
	.byte 0x58, 0x00, 0x58, 0x00, 0x58, 0x00, 0x58, 0x00, 0x58, 0x00, 0x58, 0x00, 0x58, 0x00, 0x58, 0x00
	.byte 0x58, 0x00, 0x58, 0x00, 0x58, 0x00, 0x58, 0x00, 0x58, 0x00, 0x58, 0x00, 0x50, 0x00, 0x50, 0x00
	.byte 0x50, 0x00, 0x50, 0x00, 0x50, 0x00, 0x50, 0x00, 0x50, 0x00, 0x50, 0x00, 0x50, 0x00, 0x50, 0x00
	.byte 0x58, 0x00, 0x58, 0x00, 0x58, 0x00, 0x58, 0x00, 0x58, 0x00, 0x58, 0x00, 0x58, 0x00, 0x58, 0x00
	.byte 0x58, 0x00, 0x50, 0x00, 0x50, 0x00, 0x50, 0x00, 0x50, 0x00, 0x50, 0x00, 0x50, 0x00, 0x50, 0x00
	.byte 0x01, 0x00, 0xA0, 0xE3, 0x1E, 0xFF, 0x2F, 0xE1, 0x00, 0x00, 0xA0, 0xE3, 0x1E, 0xFF, 0x2F, 0xE1
	.byte 0x38, 0x40, 0x2D, 0xE9, 0x00, 0x00, 0x52, 0xE3, 0x01, 0x40, 0xA0, 0xE3, 0x3C, 0x00, 0x00, 0x1A
	.byte 0x7F, 0x0C, 0x01, 0xE2, 0x00, 0x04, 0xA0, 0xE1, 0x20, 0x58, 0xA0, 0xE1, 0x05, 0x00, 0xA0, 0xE1
	.byte 0xD8, 0xFF, 0xFF, 0xEB, 0x01, 0x00, 0x50, 0xE3, 0x0D, 0x00, 0x00, 0x1A, 0xD8, 0x00, 0x9F, 0xE5
	.byte 0xD4, 0x11, 0x90, 0xE5, 0x00, 0x00, 0x51, 0xE3, 0x00, 0x00, 0x00, 0x0A, 0x1C, 0x00, 0x00, 0xEA
	.byte 0xC8, 0x30, 0x9F, 0xE5, 0xD4, 0x41, 0x80, 0xE5, 0x00, 0x10, 0xA0, 0xE3, 0x01, 0x20, 0xA0, 0xE1
	.byte 0xB8, 0x5D, 0xC3, 0xE1, 0x70, 0x74, 0x20, 0xEB, 0x00, 0x00, 0x50, 0xE3, 0x28, 0x00, 0x00, 0x1A
	.byte 0x1E, 0x00, 0x00, 0xEA, 0x4C, 0x74, 0x20, 0xEB, 0x00, 0x00, 0x50, 0xE3, 0x21, 0x00, 0x00, 0x0A
	.byte 0x62, 0x00, 0x55, 0xE3, 0x08, 0x00, 0x00, 0xCA, 0x09, 0x00, 0x00, 0xAA, 0x53, 0x00, 0x55, 0xE3
	.byte 0x19, 0x00, 0x00, 0xCA, 0x50, 0x00, 0x55, 0xE3, 0x17, 0x00, 0x00, 0xBA, 0x52, 0x00, 0x55, 0x13
	.byte 0x53, 0x00, 0x55, 0x13, 0x02, 0x00, 0x00, 0x0A, 0x13, 0x00, 0x00, 0xEA, 0x63, 0x00, 0x55, 0xE3
	.byte 0x11, 0x00, 0x00, 0x1A, 0x60, 0x00, 0x9F, 0xE5, 0xD4, 0x11, 0x90, 0xE5, 0x00, 0x00, 0x51, 0xE3
	.byte 0x02, 0x00, 0x00, 0x0A, 0x05, 0x00, 0xA0, 0xE1, 0x03, 0x10, 0xA0, 0xE3, 0x0F, 0x00, 0x00, 0xEA
	.byte 0x48, 0x30, 0x9F, 0xE5, 0xD4, 0x41, 0x80, 0xE5, 0x00, 0x10, 0xA0, 0xE3, 0x01, 0x20, 0xA0, 0xE1
	.byte 0xB8, 0x5D, 0xC3, 0xE1, 0x50, 0x74, 0x20, 0xEB, 0x00, 0x00, 0x50, 0xE3, 0x08, 0x00, 0x00, 0x1A
	.byte 0x05, 0x00, 0xA0, 0xE1, 0x04, 0x10, 0xA0, 0xE3, 0x04, 0x00, 0x00, 0xEA, 0x05, 0x00, 0xA0, 0xE1
	.byte 0x01, 0x10, 0xA0, 0xE3, 0x01, 0x00, 0x00, 0xEA, 0x05, 0x00, 0xA0, 0xE1, 0x04, 0x10, 0xA0, 0xE1
	.byte 0x03, 0x00, 0x00, 0xEB, 0x38, 0x40, 0xBD, 0xE8, 0x1E, 0xFF, 0x2F, 0xE1, 0x28, 0x75, 0xFF, 0x02
	.byte 0x28, 0x76, 0xFF, 0x02, 0x70, 0x40, 0x2D, 0xE9, 0x00, 0x04, 0xA0, 0xE1, 0x7F, 0x0C, 0x00, 0xE2
	.byte 0x02, 0x29, 0x80, 0xE3, 0xFF, 0x00, 0x01, 0xE2, 0x00, 0x60, 0x82, 0xE1, 0x05, 0x50, 0xA0, 0xE3
	.byte 0x00, 0x40, 0xA0, 0xE3, 0x05, 0x00, 0xA0, 0xE1, 0x06, 0x10, 0xA0, 0xE1, 0x04, 0x20, 0xA0, 0xE1
	.byte 0xA6, 0x7D, 0x20, 0xEB, 0x00, 0x00, 0x50, 0xE3, 0xF9, 0xFF, 0xFF, 0xBA, 0x70, 0x40, 0xBD, 0xE8
	.byte 0x1E, 0xFF, 0x2F, 0xE1, 0xF8, 0x4F, 0x2D, 0xE9, 0x5C, 0x84, 0x9F, 0xE5, 0x00, 0xB0, 0xA0, 0xE3
	.byte 0x58, 0x94, 0x9F, 0xE5, 0x58, 0x44, 0x9F, 0xE5, 0x0B, 0xA0, 0xA0, 0xE1, 0x0B, 0x50, 0xA0, 0xE1
	.byte 0x0B, 0x60, 0xA0, 0xE1, 0x0B, 0x70, 0xA0, 0xE1, 0x09, 0x00, 0xA0, 0xE1, 0x00, 0x10, 0x8D, 0xE2
	.byte 0x01, 0x20, 0xA0, 0xE3, 0x47, 0x74, 0x20, 0xEB, 0x38, 0x04, 0x9F, 0xE5, 0xB7, 0x74, 0x20, 0xEB
	.byte 0xB8, 0x0D, 0xD4, 0xE1, 0x29, 0x00, 0x50, 0xE3, 0xBB, 0x00, 0x00, 0x8A, 0x80, 0x00, 0x8F, 0xE0
	.byte 0xB4, 0x00, 0xD0, 0xE1, 0x00, 0xF0, 0x8F, 0xE0, 0x50, 0x00, 0x64, 0x00, 0xE0, 0x02, 0xE0, 0x02
	.byte 0xE0, 0x02, 0xE0, 0x02, 0xE0, 0x02, 0xE0, 0x02, 0xE0, 0x02, 0xE0, 0x02, 0xE0, 0x02, 0xE0, 0x02
	.byte 0xE0, 0x02, 0xE0, 0x02, 0xE0, 0x02, 0xE0, 0x02, 0x84, 0x00, 0x9C, 0x00, 0xB4, 0x00, 0xCC, 0x00
	.byte 0xF8, 0x00, 0x24, 0x01, 0x50, 0x01, 0x68, 0x01, 0x80, 0x01, 0x98, 0x01, 0xE0, 0x02, 0xE0, 0x02
	.byte 0xE0, 0x02, 0xE0, 0x02, 0xE0, 0x02, 0xE0, 0x02, 0xB0, 0x01, 0xC8, 0x01, 0xE8, 0x01, 0x00, 0x02
	.byte 0x2C, 0x02, 0x58, 0x02, 0x80, 0x02, 0x98, 0x02, 0xB0, 0x02, 0xC8, 0x02, 0x30, 0x01, 0x00, 0xEB
	.byte 0x00, 0x00, 0xA0, 0xE3, 0xD4, 0x01, 0x89, 0xE5, 0x00, 0x10, 0xA0, 0xE1, 0xE6, 0x00, 0x00, 0xEA
	.byte 0xB0, 0x00, 0xD8, 0xE1, 0x00, 0x0F, 0xA0, 0xE1, 0xA0, 0x0F, 0xA0, 0xE1, 0x39, 0x01, 0x00, 0xEB
	.byte 0x00, 0x00, 0xA0, 0xE3, 0xD4, 0x01, 0x89, 0xE5, 0x01, 0x00, 0xA0, 0xE3, 0xD5, 0x00, 0x00, 0xEA
	.byte 0x08, 0x00, 0xA0, 0xE1, 0x85, 0x01, 0x00, 0xEB, 0x00, 0x00, 0xA0, 0xE3, 0xD4, 0x01, 0x89, 0xE5
	.byte 0x10, 0x00, 0xA0, 0xE3, 0xCF, 0x00, 0x00, 0xEA, 0x08, 0x00, 0xA0, 0xE1, 0x98, 0x01, 0x00, 0xEB
	.byte 0x00, 0x00, 0xA0, 0xE3, 0xD4, 0x01, 0x89, 0xE5, 0x11, 0x00, 0xA0, 0xE3, 0xC9, 0x00, 0x00, 0xEA
	.byte 0x04, 0x00, 0x88, 0xE2, 0x9D, 0x01, 0x00, 0xEB, 0x00, 0x00, 0xA0, 0xE3, 0xD4, 0x01, 0x89, 0xE5
	.byte 0x12, 0x00, 0xA0, 0xE3, 0xC3, 0x00, 0x00, 0xEA, 0x04, 0x00, 0x88, 0xE2, 0xB0, 0x01, 0x00, 0xEB
	.byte 0x00, 0x00, 0x50, 0xE3, 0x02, 0x00, 0x00, 0x1A, 0xD4, 0x71, 0x89, 0xE5, 0x13, 0x00, 0xA0, 0xE3
	.byte 0x62, 0x00, 0x00, 0xEA, 0x00, 0x00, 0xA0, 0xE3, 0xD4, 0x01, 0x89, 0xE5, 0x13, 0x00, 0xA0, 0xE3
	.byte 0xB8, 0x00, 0x00, 0xEA, 0x04, 0x00, 0x88, 0xE2, 0xDB, 0x01, 0x00, 0xEB, 0x00, 0x00, 0x50, 0xE3
	.byte 0x02, 0x00, 0x00, 0x1A, 0xD4, 0x61, 0x89, 0xE5, 0x14, 0x00, 0xA0, 0xE3, 0x57, 0x00, 0x00, 0xEA
	.byte 0x00, 0x00, 0xA0, 0xE3, 0xD4, 0x01, 0x89, 0xE5, 0x14, 0x00, 0xA0, 0xE3, 0xAD, 0x00, 0x00, 0xEA
	.byte 0x04, 0x00, 0x88, 0xE2, 0x04, 0x02, 0x00, 0xEB, 0x00, 0x00, 0x50, 0xE3, 0x02, 0x00, 0x00, 0x1A
	.byte 0xD4, 0x51, 0x89, 0xE5, 0x15, 0x00, 0xA0, 0xE3, 0x4C, 0x00, 0x00, 0xEA, 0x00, 0x00, 0xA0, 0xE3
	.byte 0xD4, 0x01, 0x89, 0xE5, 0x15, 0x00, 0xA0, 0xE3, 0xA2, 0x00, 0x00, 0xEA, 0x08, 0x00, 0xA0, 0xE1
	.byte 0x2B, 0x02, 0x00, 0xEB, 0x00, 0x00, 0xA0, 0xE3, 0xD4, 0x01, 0x89, 0xE5, 0x16, 0x00, 0xA0, 0xE3
	.byte 0x9C, 0x00, 0x00, 0xEA, 0x02, 0x00, 0x88, 0xE2, 0x3E, 0x02, 0x00, 0xEB, 0x00, 0x00, 0xA0, 0xE3
	.byte 0xD4, 0x01, 0x89, 0xE5, 0x17, 0x00, 0xA0, 0xE3, 0x96, 0x00, 0x00, 0xEA, 0x04, 0x00, 0x88, 0xE2
	.byte 0x51, 0x02, 0x00, 0xEB, 0x00, 0x00, 0xA0, 0xE3, 0xD4, 0x01, 0x89, 0xE5, 0x18, 0x00, 0xA0, 0xE3
	.byte 0x90, 0x00, 0x00, 0xEA, 0x04, 0x00, 0x88, 0xE2, 0x64, 0x02, 0x00, 0xEB, 0x00, 0x00, 0xA0, 0xE3
	.byte 0xD4, 0x01, 0x89, 0xE5, 0x19, 0x00, 0xA0, 0xE3, 0x8A, 0x00, 0x00, 0xEA, 0x08, 0x00, 0xA0, 0xE1
	.byte 0x45, 0x01, 0x00, 0xEB, 0x00, 0x00, 0xA0, 0xE3, 0xD4, 0x01, 0x89, 0xE5, 0x20, 0x00, 0xA0, 0xE3
	.byte 0x84, 0x00, 0x00, 0xEA, 0x04, 0x00, 0x88, 0xE2, 0x58, 0x01, 0x00, 0xEB, 0x08, 0x00, 0xA0, 0xE1
	.byte 0x3D, 0x01, 0x00, 0xEB, 0x00, 0x00, 0xA0, 0xE3, 0xD4, 0x01, 0x89, 0xE5, 0x21, 0x00, 0xA0, 0xE3
	.byte 0x7C, 0x00, 0x00, 0xEA, 0x04, 0x00, 0x88, 0xE2, 0x5B, 0x01, 0x00, 0xEB, 0x00, 0x00, 0xA0, 0xE3
	.byte 0xD4, 0x01, 0x89, 0xE5, 0x22, 0x00, 0xA0, 0xE3, 0x76, 0x00, 0x00, 0xEA, 0x04, 0x00, 0x88, 0xE2
	.byte 0x7D, 0x01, 0x00, 0xEB, 0x00, 0x00, 0x50, 0xE3, 0x02, 0x00, 0x00, 0x1A, 0xD4, 0xA1, 0x89, 0xE5
	.byte 0x23, 0x00, 0xA0, 0xE3, 0x15, 0x00, 0x00, 0xEA, 0x00, 0x00, 0xA0, 0xE3, 0xD4, 0x01, 0x89, 0xE5
	.byte 0x23, 0x00, 0xA0, 0xE3, 0x6B, 0x00, 0x00, 0xEA, 0x04, 0x00, 0x88, 0xE2, 0xA7, 0x01, 0x00, 0xEB
	.byte 0x00, 0x00, 0x50, 0xE3, 0x02, 0x00, 0x00, 0x1A, 0xD4, 0xB1, 0x89, 0xE5, 0x24, 0x00, 0xA0, 0xE3
	.byte 0x0A, 0x00, 0x00, 0xEA, 0x00, 0x00, 0xA0, 0xE3, 0xD4, 0x01, 0x89, 0xE5, 0x24, 0x00, 0xA0, 0xE3
	.byte 0x60, 0x00, 0x00, 0xEA, 0x04, 0x00, 0x88, 0xE2, 0xCF, 0x01, 0x00, 0xEB, 0x00, 0x00, 0x50, 0xE3
	.byte 0x00, 0x00, 0xA0, 0xE3, 0xD4, 0x01, 0x89, 0xE5, 0x25, 0x00, 0xA0, 0xE3, 0x01, 0x00, 0x00, 0x1A
	.byte 0x02, 0x10, 0xA0, 0xE3, 0x60, 0x00, 0x00, 0xEA, 0x56, 0x00, 0x00, 0xEA, 0x08, 0x00, 0xA0, 0xE1
	.byte 0xEA, 0x01, 0x00, 0xEB, 0x00, 0x00, 0xA0, 0xE3, 0xD4, 0x01, 0x89, 0xE5, 0x26, 0x00, 0xA0, 0xE3
	.byte 0x50, 0x00, 0x00, 0xEA, 0x02, 0x00, 0x88, 0xE2, 0xFD, 0x01, 0x00, 0xEB, 0x00, 0x00, 0xA0, 0xE3
	.byte 0xD4, 0x01, 0x89, 0xE5, 0x27, 0x00, 0xA0, 0xE3, 0x4A, 0x00, 0x00, 0xEA, 0x04, 0x00, 0x88, 0xE2
	.byte 0x10, 0x02, 0x00, 0xEB, 0x00, 0x00, 0xA0, 0xE3, 0xD4, 0x01, 0x89, 0xE5, 0x28, 0x00, 0xA0, 0xE3
	.byte 0x44, 0x00, 0x00, 0xEA, 0x04, 0x00, 0x88, 0xE2, 0x23, 0x02, 0x00, 0xEB, 0x00, 0x00, 0xA0, 0xE3
	.byte 0xD4, 0x01, 0x89, 0xE5, 0x29, 0x00, 0xA0, 0xE3, 0x3E, 0x00, 0x00, 0xEA, 0x42, 0x73, 0x20, 0xEB
	.byte 0x00, 0x00, 0x50, 0xE3, 0xB8, 0x0D, 0xD4, 0xE1, 0x40, 0x00, 0x00, 0x0A, 0x61, 0x00, 0x50, 0xE3
	.byte 0x08, 0x00, 0x00, 0xCA, 0x26, 0x00, 0x00, 0xAA, 0x50, 0x10, 0x40, 0xE2, 0x03, 0x00, 0x51, 0xE3
	.byte 0x36, 0x00, 0x00, 0x8A, 0x81, 0x10, 0x8F, 0xE0, 0xB4, 0x10, 0xD1, 0xE1, 0x01, 0xF0, 0x8F, 0xE0
	.byte 0x20, 0x00, 0x38, 0x00, 0x50, 0x00, 0x68, 0x00, 0x62, 0x00, 0x50, 0xE3, 0x01, 0x00, 0x00, 0xCA
	.byte 0x21, 0x00, 0x00, 0x0A, 0x2D, 0x00, 0x00, 0xEA, 0x63, 0x00, 0x50, 0xE3, 0x24, 0x00, 0x00, 0x0A
	.byte 0x2A, 0x00, 0x00, 0xEA, 0x04, 0x00, 0x88, 0xE2, 0x91, 0xDF, 0x00, 0xEB, 0x00, 0x00, 0xA0, 0xE3
	.byte 0xD4, 0x01, 0x89, 0xE5, 0x50, 0x00, 0xA0, 0xE3, 0x22, 0x00, 0x00, 0xEA, 0x04, 0x00, 0x88, 0xE2
	.byte 0x96, 0xDF, 0x00, 0xEB, 0x00, 0x00, 0xA0, 0xE3, 0xD4, 0x01, 0x89, 0xE5, 0x51, 0x00, 0xA0, 0xE3
	.byte 0x1C, 0x00, 0x00, 0xEA, 0x08, 0x00, 0xA0, 0xE1, 0xBA, 0xDF, 0x00, 0xEB, 0x00, 0x00, 0xA0, 0xE3
	.byte 0xD4, 0x01, 0x89, 0xE5, 0x52, 0x00, 0xA0, 0xE3, 0x16, 0x00, 0x00, 0xEA, 0x08, 0x00, 0xA0, 0xE1
	.byte 0xCD, 0xDF, 0x00, 0xEB, 0x00, 0x00, 0xA0, 0xE3, 0xD4, 0x01, 0x89, 0xE5, 0x53, 0x00, 0xA0, 0xE3
	.byte 0x10, 0x00, 0x00, 0xEA, 0x04, 0x00, 0x88, 0xE2, 0x96, 0xDF, 0x00, 0xEB, 0x00, 0x00, 0xA0, 0xE3
	.byte 0xD4, 0x01, 0x89, 0xE5, 0x61, 0x00, 0xA0, 0xE3, 0x0A, 0x00, 0x00, 0xEA, 0x08, 0x00, 0xA0, 0xE1
	.byte 0xB3, 0xDF, 0x00, 0xEB, 0x00, 0x00, 0xA0, 0xE3, 0xD4, 0x01, 0x89, 0xE5, 0x62, 0x00, 0xA0, 0xE3
	.byte 0x04, 0x00, 0x00, 0xEA, 0x08, 0x00, 0xA0, 0xE1, 0xC6, 0xDF, 0x00, 0xEB, 0x00, 0x00, 0xA0, 0xE3
	.byte 0xD4, 0x01, 0x89, 0xE5, 0x63, 0x00, 0xA0, 0xE3, 0x00, 0x10, 0xA0, 0xE3, 0x06, 0x00, 0x00, 0xEA
	.byte 0x00, 0x10, 0xA0, 0xE3, 0xD4, 0x11, 0x89, 0xE5, 0x01, 0x10, 0xA0, 0xE3, 0x02, 0x00, 0x00, 0xEA
	.byte 0x00, 0x20, 0xA0, 0xE3, 0xD4, 0x21, 0x89, 0xE5, 0x01, 0x10, 0xA0, 0xE3, 0xD8, 0xFE, 0xFF, 0xEB
	.byte 0x10, 0x00, 0x9F, 0xE5, 0xC2, 0x73, 0x20, 0xEB, 0xEE, 0xFE, 0xFF, 0xEA, 0xE8, 0xFD, 0xFF, 0x02
	.byte 0x28, 0x75, 0xFF, 0x02, 0x28, 0x76, 0xFF, 0x02, 0x10, 0x75, 0xFF, 0x02, 0x1C, 0x40, 0x2D, 0xE9
	.byte 0x02, 0x00, 0x8D, 0xE2, 0x76, 0x01, 0x00, 0xEB, 0xB2, 0x00, 0xDD, 0xE1, 0x80, 0x1D, 0xA0, 0xE1
	.byte 0xA1, 0x1F, 0xB0, 0xE1, 0x02, 0x00, 0x00, 0x1A, 0x00, 0x0D, 0xA0, 0xE1, 0xA0, 0x0F, 0xB0, 0xE1
	.byte 0x15, 0x00, 0x00, 0x0A, 0x00, 0x00, 0x8D, 0xE2, 0x86, 0x01, 0x00, 0xEB, 0xB2, 0x00, 0xDD, 0xE1
	.byte 0x00, 0x40, 0xA0, 0xE3, 0x80, 0x0D, 0xA0, 0xE1, 0xA0, 0x0F, 0xB0, 0xE1, 0xB0, 0x00, 0xDD, 0x11
	.byte 0x01, 0x40, 0x84, 0x13, 0x0F, 0x00, 0xC0, 0x13, 0xB0, 0x00, 0xCD, 0x11, 0xB2, 0x00, 0xDD, 0xE1
	.byte 0x00, 0x0D, 0xA0, 0xE1, 0xA0, 0x0F, 0xB0, 0xE1, 0xB0, 0x00, 0xDD, 0x11, 0x02, 0x40, 0x84, 0x13
	.byte 0x40, 0x00, 0xC0, 0x13, 0xB0, 0x00, 0xCD, 0x11, 0x00, 0x00, 0x8D, 0xE2, 0x80, 0x01, 0x00, 0xEB
	.byte 0x04, 0x10, 0xA0, 0xE1, 0x30, 0x00, 0xA0, 0xE3, 0xB1, 0xFE, 0xFF, 0xEB, 0x1C, 0x40, 0xBD, 0xE8
	.byte 0x1E, 0xFF, 0x2F, 0xE1

	arm_func_start FUN_02FE0974
FUN_02FE0974: ; 0x02FE0974
	stmdb sp!, {r4, lr}
	mov ip, #0
	mov r2, ip
	b _02FE09A0
_02FE0984:
	mov r1, r2, lsl #2
	mov r1, r0, lsr r1
	and r1, r1, #0xf
	cmp r1, #0xa
	movhs r0, #0
	bhs _02FE09DC
	add r2, r2, #1
_02FE09A0:
	cmp r2, #8
	blt _02FE0984
	mov r4, #0
	mov lr, #1
	mov r2, #0xa
_02FE09B4:
	mov r1, r4, lsl #2
	mov r1, r0, lsr r1
	and r3, r1, #0xf
	mul r1, lr, r2
	mla ip, lr, r3, ip
	add r4, r4, #1
	mov lr, r1
	cmp r4, #8
	blt _02FE09B4
	mov r0, ip
_02FE09DC:
	ldmia sp!, {r4, lr}
	bx lr
	arm_func_end FUN_02FE0974
_02FE09E4:
	.byte 0x08, 0x40, 0x2D, 0xE9, 0x02, 0x09, 0xA0, 0xE3, 0xA3, 0x7C, 0x20, 0xEB
	.byte 0xB0, 0x00, 0xDD, 0xE1, 0x01, 0x00, 0xC0, 0xE3, 0x01, 0x00, 0x80, 0xE3, 0xB0, 0x00, 0xCD, 0xE1
	.byte 0x14, 0x02, 0x00, 0xEB, 0x06, 0x00, 0xA0, 0xE3, 0x00, 0x10, 0xA0, 0xE3, 0x2E, 0x02, 0x00, 0xEB
	.byte 0x00, 0x00, 0x8D, 0xE2, 0x01, 0x10, 0xA0, 0xE3, 0x47, 0x02, 0x00, 0xEB, 0x1D, 0x02, 0x00, 0xEB
	.byte 0x08, 0x40, 0xBD, 0xE8, 0x1E, 0xFF, 0x2F, 0xE1

	arm_func_start FUN_02FE0A28
FUN_02FE0A28: ; 0x02FE0A28
	stmdb sp!, {r1, r2, r3, r4, r5, r6, r7, r8, sb, sl, fp, lr}
	mov sl, r0
	mov r1, sl, lsr #0x1f
	rsb r0, r1, sl, lsl #31
	add r0, r1, r0, ror #31
	mov r0, r0, lsl #0x10
	mov sl, r0, lsr #0x10
	add r5, sp, #4
	cmp sl, #1
	mov r4, #3
	bne _02FE0B68
	mov sb, #0x8000
	mov r0, sb
	bl FUN_037FFC80
	add r6, sp, #0
	mov r8, #0x86
	mov r7, #0
	mov fp, #1
	mov r0, r8
	mov r1, r7
	mov r2, r6
	mov r3, fp
	bl FUN_02FE11FC
	ldrh r0, [sp]
	mov r1, r0, lsl #0x1e
	mov r1, r1, lsr #0x1f
	cmp r1, sl
	beq _02FE0B68
	bic r1, r0, #2
	mov r0, sl, lsl #0x1f
	orr r1, r1, r0, lsr #30
	mov r0, sb
	strh r1, [sp]
	bl FUN_037FFC80
	bl FUN_02FE1258
	mov r1, r7
	mov r0, #6
	bl FUN_02FE12CC
	mov r0, r6
	mov r1, fp
	bl FUN_02FE133C
	bl FUN_02FE1298
	mov r0, r8
	mov r1, #0x10
	mov r2, r5
	mov r3, r4
	bl FUN_02FE11FC
	cmp sl, #0
	mov r0, r5
	bne _02FE0AF8
	bl FUN_02FE1064
	b _02FE0AFC
_02FE0AF8:
	bl FUN_02FE1134
_02FE0AFC:
	bl FUN_02FE1258
	mov r0, #6
	mov r1, #0x10
	bl FUN_02FE12CC
	mov r0, r5
	mov r1, r4
	bl FUN_02FE133C
	bl FUN_02FE1298
	mov r3, r4
	mov r0, #0x86
	mov r1, #0x50
	mov r2, r5
	bl FUN_02FE11FC
	cmp sl, #0
	mov r0, r5
	bne _02FE0B44
	bl FUN_02FE1064
	b _02FE0B48
_02FE0B44:
	bl FUN_02FE1134
_02FE0B48:
	bl FUN_02FE1258
	mov r0, #6
	mov r1, #0x50
	bl FUN_02FE12CC
	add r0, sp, #4
	mov r1, #3
	bl FUN_02FE133C
	bl FUN_02FE1298
_02FE0B68:
	ldmia sp!, {r1, r2, r3, r4, r5, r6, r7, r8, sb, sl, fp, lr}
	bx lr
	arm_func_end FUN_02FE0A28

	arm_func_start FUN_02FE0B70
FUN_02FE0B70: ; 0x02FE0B70
	stmdb sp!, {r4, lr}
	mov r4, r0
	mov r0, #0x8000
	bl FUN_037FFC80
	mov r2, r4
	mov r0, #0x86
	mov r1, #0x20
	mov r3, #7
	bl FUN_02FE11FC
	ldmia sp!, {r4, lr}
	bx lr
	arm_func_end FUN_02FE0B70

	arm_func_start FUN_02FE0B9C
FUN_02FE0B9C: ; 0x02FE0B9C
	stmdb sp!, {r4, lr}
	mov r4, r0
	mov r0, #0x8000
	bl FUN_037FFC80
	bl FUN_02FE1258
	mov r0, #6
	mov r1, #0x20
	bl FUN_02FE12CC
	mov r0, r4
	mov r1, #7
	bl FUN_02FE133C
	bl FUN_02FE1298
	ldmia sp!, {r4, lr}
	bx lr
	arm_func_end FUN_02FE0B9C
_02FE0BD4:
	.byte 0x10, 0x40, 0x2D, 0xE9, 0x00, 0x40, 0xA0, 0xE1, 0x02, 0x09, 0xA0, 0xE3
	.byte 0x26, 0x7C, 0x20, 0xEB, 0x04, 0x20, 0xA0, 0xE1, 0x86, 0x00, 0xA0, 0xE3, 0x20, 0x10, 0xA0, 0xE3
	.byte 0x04, 0x30, 0xA0, 0xE3, 0x80, 0x01, 0x00, 0xEB, 0x10, 0x40, 0xBD, 0xE8, 0x1E, 0xFF, 0x2F, 0xE1
	.byte 0x10, 0x40, 0x2D, 0xE9, 0x00, 0x40, 0xA0, 0xE1, 0x02, 0x09, 0xA0, 0xE3, 0x1B, 0x7C, 0x20, 0xEB
	.byte 0x04, 0x20, 0xA0, 0xE1, 0x86, 0x00, 0xA0, 0xE3, 0x60, 0x10, 0xA0, 0xE3, 0x03, 0x30, 0xA0, 0xE3
	.byte 0x75, 0x01, 0x00, 0xEB, 0x10, 0x40, 0xBD, 0xE8, 0x1E, 0xFF, 0x2F, 0xE1, 0x10, 0x40, 0x2D, 0xE9
	.byte 0x00, 0x40, 0xA0, 0xE1, 0x02, 0x09, 0xA0, 0xE3, 0x10, 0x7C, 0x20, 0xEB, 0x85, 0x01, 0x00, 0xEB
	.byte 0x06, 0x00, 0xA0, 0xE3, 0x60, 0x10, 0xA0, 0xE3, 0x9F, 0x01, 0x00, 0xEB, 0x04, 0x00, 0xA0, 0xE1
	.byte 0x03, 0x10, 0xA0, 0xE3, 0xB8, 0x01, 0x00, 0xEB, 0x8E, 0x01, 0x00, 0xEB, 0x10, 0x40, 0xBD, 0xE8
	.byte 0x1E, 0xFF, 0x2F, 0xE1, 0x7C, 0x40, 0x2D, 0xE9, 0x00, 0x60, 0xA0, 0xE1, 0x02, 0x09, 0xA0, 0xE3
	.byte 0x02, 0x7C, 0x20, 0xEB, 0x86, 0x50, 0xA0, 0xE3, 0x01, 0x40, 0xA0, 0xE3, 0x00, 0x20, 0x8D, 0xE2
	.byte 0x05, 0x00, 0xA0, 0xE1, 0x04, 0x30, 0xA0, 0xE1, 0x40, 0x10, 0xA0, 0xE3, 0x5A, 0x01, 0x00, 0xEB
	.byte 0xB0, 0x00, 0xDD, 0xE1, 0x00, 0x0E, 0xA0, 0xE1, 0x20, 0x0E, 0xA0, 0xE1, 0x0B, 0x00, 0x00, 0xE2
	.byte 0x01, 0x00, 0x50, 0xE3, 0x00, 0x00, 0xA0, 0x13, 0x05, 0x00, 0x00, 0x1A, 0x05, 0x00, 0xA0, 0xE1
	.byte 0x06, 0x20, 0xA0, 0xE1, 0x04, 0x30, 0xA0, 0xE1, 0x10, 0x10, 0xA0, 0xE3, 0x4E, 0x01, 0x00, 0xEB
	.byte 0x04, 0x00, 0xA0, 0xE1, 0x7C, 0x40, 0xBD, 0xE8, 0x1E, 0xFF, 0x2F, 0xE1, 0x38, 0x40, 0x2D, 0xE9
	.byte 0x00, 0x50, 0xA0, 0xE1, 0x02, 0x09, 0xA0, 0xE3, 0xE8, 0x7B, 0x20, 0xEB, 0x01, 0x40, 0xA0, 0xE3
	.byte 0x00, 0x20, 0x8D, 0xE2, 0x04, 0x30, 0xA0, 0xE1, 0x86, 0x00, 0xA0, 0xE3, 0x40, 0x10, 0xA0, 0xE3
	.byte 0x41, 0x01, 0x00, 0xEB, 0xB0, 0x00, 0xDD, 0xE1, 0x00, 0x0E, 0xA0, 0xE1, 0x20, 0x0E, 0xA0, 0xE1
	.byte 0x0B, 0x00, 0x00, 0xE2, 0x01, 0x00, 0x50, 0xE3, 0x00, 0x00, 0xA0, 0x13, 0x08, 0x00, 0x00, 0x1A
	.byte 0x50, 0x01, 0x00, 0xEB, 0x06, 0x00, 0xA0, 0xE3, 0x10, 0x10, 0xA0, 0xE3, 0x6A, 0x01, 0x00, 0xEB
	.byte 0x05, 0x00, 0xA0, 0xE1, 0x04, 0x10, 0xA0, 0xE1, 0x83, 0x01, 0x00, 0xEB, 0x59, 0x01, 0x00, 0xEB
	.byte 0x04, 0x00, 0xA0, 0xE1, 0x38, 0x40, 0xBD, 0xE8, 0x1E, 0xFF, 0x2F, 0xE1, 0x7C, 0x40, 0x2D, 0xE9
	.byte 0x00, 0x60, 0xA0, 0xE1, 0x02, 0x09, 0xA0, 0xE3, 0xCC, 0x7B, 0x20, 0xEB, 0x86, 0x50, 0xA0, 0xE3
	.byte 0x01, 0x40, 0xA0, 0xE3, 0x00, 0x20, 0x8D, 0xE2, 0x05, 0x00, 0xA0, 0xE1, 0x04, 0x30, 0xA0, 0xE1
	.byte 0x40, 0x10, 0xA0, 0xE3, 0x24, 0x01, 0x00, 0xEB, 0xB0, 0x00, 0xDD, 0xE1, 0x00, 0x0E, 0xA0, 0xE1
	.byte 0x20, 0x0E, 0xA0, 0xE1, 0x04, 0x00, 0x50, 0xE3, 0x00, 0x00, 0xA0, 0x13, 0x05, 0x00, 0x00, 0x1A
	.byte 0x05, 0x00, 0xA0, 0xE1, 0x06, 0x20, 0xA0, 0xE1, 0x10, 0x10, 0xA0, 0xE3, 0x03, 0x30, 0xA0, 0xE3
	.byte 0x19, 0x01, 0x00, 0xEB, 0x04, 0x00, 0xA0, 0xE1, 0x7C, 0x40, 0xBD, 0xE8, 0x1E, 0xFF, 0x2F, 0xE1
	.byte 0x38, 0x40, 0x2D, 0xE9, 0x00, 0x50, 0xA0, 0xE1, 0x02, 0x09, 0xA0, 0xE3, 0xB3, 0x7B, 0x20, 0xEB
	.byte 0x01, 0x40, 0xA0, 0xE3, 0x00, 0x20, 0x8D, 0xE2, 0x04, 0x30, 0xA0, 0xE1, 0x86, 0x00, 0xA0, 0xE3
	.byte 0x40, 0x10, 0xA0, 0xE3, 0x0C, 0x01, 0x00, 0xEB, 0xB0, 0x00, 0xDD, 0xE1, 0x00, 0x0E, 0xA0, 0xE1
	.byte 0x20, 0x0E, 0xA0, 0xE1, 0x04, 0x00, 0x50, 0xE3, 0x00, 0x00, 0xA0, 0x13, 0x08, 0x00, 0x00, 0x1A
	.byte 0x1C, 0x01, 0x00, 0xEB, 0x06, 0x00, 0xA0, 0xE3, 0x10, 0x10, 0xA0, 0xE3, 0x36, 0x01, 0x00, 0xEB
	.byte 0x05, 0x00, 0xA0, 0xE1, 0x03, 0x10, 0xA0, 0xE3, 0x4F, 0x01, 0x00, 0xEB, 0x25, 0x01, 0x00, 0xEB
	.byte 0x04, 0x00, 0xA0, 0xE1, 0x38, 0x40, 0xBD, 0xE8, 0x1E, 0xFF, 0x2F, 0xE1, 0x7C, 0x40, 0x2D, 0xE9
	.byte 0x00, 0x60, 0xA0, 0xE1, 0x02, 0x09, 0xA0, 0xE3, 0x98, 0x7B, 0x20, 0xEB, 0x86, 0x50, 0xA0, 0xE3
	.byte 0x01, 0x40, 0xA0, 0xE3, 0x00, 0x20, 0x8D, 0xE2, 0x05, 0x00, 0xA0, 0xE1, 0x04, 0x30, 0xA0, 0xE1
	.byte 0x40, 0x10, 0xA0, 0xE3, 0xF0, 0x00, 0x00, 0xEB, 0xB0, 0x00, 0xDD, 0xE1, 0x80, 0x0C, 0xA0, 0xE1
	.byte 0xA0, 0x0F, 0xB0, 0xE1, 0x00, 0x00, 0xA0, 0x03, 0x05, 0x00, 0x00, 0x0A, 0x05, 0x00, 0xA0, 0xE1
	.byte 0x06, 0x20, 0xA0, 0xE1, 0x50, 0x10, 0xA0, 0xE3, 0x03, 0x30, 0xA0, 0xE3, 0xE6, 0x00, 0x00, 0xEB
	.byte 0x04, 0x00, 0xA0, 0xE1, 0x7C, 0x40, 0xBD, 0xE8, 0x1E, 0xFF, 0x2F, 0xE1, 0x38, 0x40, 0x2D, 0xE9
	.byte 0x00, 0x50, 0xA0, 0xE1, 0x02, 0x09, 0xA0, 0xE3, 0x80, 0x7B, 0x20, 0xEB, 0x01, 0x40, 0xA0, 0xE3
	.byte 0x00, 0x20, 0x8D, 0xE2, 0x04, 0x30, 0xA0, 0xE1, 0x86, 0x00, 0xA0, 0xE3, 0x40, 0x10, 0xA0, 0xE3
	.byte 0xD9, 0x00, 0x00, 0xEB, 0xB0, 0x00, 0xDD, 0xE1, 0x80, 0x0C, 0xA0, 0xE1, 0xA0, 0x0F, 0xB0, 0xE1
	.byte 0x00, 0x00, 0xA0, 0x03, 0x08, 0x00, 0x00, 0x0A, 0xEA, 0x00, 0x00, 0xEB, 0x06, 0x00, 0xA0, 0xE3
	.byte 0x50, 0x10, 0xA0, 0xE3, 0x04, 0x01, 0x00, 0xEB, 0x05, 0x00, 0xA0, 0xE1, 0x03, 0x10, 0xA0, 0xE3
	.byte 0x1D, 0x01, 0x00, 0xEB, 0xF3, 0x00, 0x00, 0xEB, 0x04, 0x00, 0xA0, 0xE1, 0x38, 0x40, 0xBD, 0xE8
	.byte 0x1E, 0xFF, 0x2F, 0xE1

	arm_func_start FUN_02FE0ED4
FUN_02FE0ED4: ; 0x02FE0ED4
	stmdb sp!, {r4, lr}
	mov r4, r0
	mov r0, #0x8000
	bl FUN_037FFC80
	mov r2, r4
	mov r0, #0x86
	mov r1, #0
	mov r3, #1
	bl FUN_02FE11FC
	ldmia sp!, {r4, lr}
	bx lr
	arm_func_end FUN_02FE0ED4

	arm_func_start FUN_02FE0F00
FUN_02FE0F00: ; 0x02FE0F00
	stmdb sp!, {r4, lr}
	mov r4, r0
	mov r0, #0x8000
	bl FUN_037FFC80
	bl FUN_02FE1258
	mov r0, #6
	mov r1, #0
	bl FUN_02FE12CC
	mov r0, r4
	mov r1, #1
	bl FUN_02FE133C
	bl FUN_02FE1298
	ldmia sp!, {r4, lr}
	bx lr
	arm_func_end FUN_02FE0F00

	arm_func_start FUN_02FE0F38
FUN_02FE0F38: ; 0x02FE0F38
	stmdb sp!, {r4, lr}
	mov r4, r0
	mov r0, #0x8000
	bl FUN_037FFC80
	mov r2, r4
	mov r0, #0x86
	mov r1, #0x40
	mov r3, #1
	bl FUN_02FE11FC
	ldmia sp!, {r4, lr}
	bx lr
	arm_func_end FUN_02FE0F38

	arm_func_start FUN_02FE0F64
FUN_02FE0F64: ; 0x02FE0F64
	stmdb sp!, {r4, lr}
	mov r4, r0
	mov r0, #0x8000
	bl FUN_037FFC80
	bl FUN_02FE1258
	mov r0, #6
	mov r1, #0x40
	bl FUN_02FE12CC
	mov r0, r4
	mov r1, #1
	bl FUN_02FE133C
	bl FUN_02FE1298
	ldmia sp!, {r4, lr}
	bx lr
	arm_func_end FUN_02FE0F64
_02FE0F9C:
	.byte 0x10, 0x40, 0x2D, 0xE9
	.byte 0x00, 0x40, 0xA0, 0xE1, 0x02, 0x09, 0xA0, 0xE3, 0x34, 0x7B, 0x20, 0xEB, 0x04, 0x20, 0xA0, 0xE1
	.byte 0x86, 0x00, 0xA0, 0xE3, 0x30, 0x10, 0xA0, 0xE3, 0x01, 0x30, 0xA0, 0xE3, 0x8E, 0x00, 0x00, 0xEB
	.byte 0x10, 0x40, 0xBD, 0xE8, 0x1E, 0xFF, 0x2F, 0xE1, 0x10, 0x40, 0x2D, 0xE9, 0x00, 0x40, 0xA0, 0xE1
	.byte 0x02, 0x09, 0xA0, 0xE3, 0x29, 0x7B, 0x20, 0xEB, 0x9E, 0x00, 0x00, 0xEB, 0x06, 0x00, 0xA0, 0xE3
	.byte 0x30, 0x10, 0xA0, 0xE3, 0xB8, 0x00, 0x00, 0xEB, 0x04, 0x00, 0xA0, 0xE1, 0x01, 0x10, 0xA0, 0xE3
	.byte 0xD1, 0x00, 0x00, 0xEB, 0xA7, 0x00, 0x00, 0xEB, 0x10, 0x40, 0xBD, 0xE8, 0x1E, 0xFF, 0x2F, 0xE1
	.byte 0x10, 0x40, 0x2D, 0xE9, 0x00, 0x40, 0xA0, 0xE1, 0x02, 0x09, 0xA0, 0xE3, 0x1B, 0x7B, 0x20, 0xEB
	.byte 0x04, 0x20, 0xA0, 0xE1, 0x86, 0x00, 0xA0, 0xE3, 0x70, 0x10, 0xA0, 0xE3, 0x01, 0x30, 0xA0, 0xE3
	.byte 0x75, 0x00, 0x00, 0xEB, 0x10, 0x40, 0xBD, 0xE8, 0x1E, 0xFF, 0x2F, 0xE1, 0x10, 0x40, 0x2D, 0xE9
	.byte 0x00, 0x40, 0xA0, 0xE1, 0x02, 0x09, 0xA0, 0xE3, 0x10, 0x7B, 0x20, 0xEB, 0x85, 0x00, 0x00, 0xEB
	.byte 0x06, 0x00, 0xA0, 0xE3, 0x70, 0x10, 0xA0, 0xE3, 0x9F, 0x00, 0x00, 0xEB, 0x04, 0x00, 0xA0, 0xE1
	.byte 0x01, 0x10, 0xA0, 0xE3, 0xB8, 0x00, 0x00, 0xEB, 0x8E, 0x00, 0x00, 0xEB, 0x10, 0x40, 0xBD, 0xE8
	.byte 0x1E, 0xFF, 0x2F, 0xE1

	arm_func_start FUN_02FE1064
FUN_02FE1064: ; 0x02FE1064
	ldr r2, [r0]
	mov r1, r2, lsl #0x12
	mov r1, r1, lsr #0x1a
	cmp r1, #0x23
	bhi _02FE1120
	add r1, pc, r1, lsl #1
	ldrh r1, [r1, #4]
	add pc, pc, r1
	subeq r0, r4, r4, asr #32
	subeq r0, r4, r4, asr #32
	subeq r0, r4, r4, asr #32
	subeq r0, r4, r4, asr #32
	subeq r0, r4, r4, asr #32
	umulleqs r0, r8, r8, r0
	umulleqs r0, r8, r8, r0
	umulleqs r0, r8, r8, r0
	subeq r0, r4, r4, asr #32
	subeqs r0, r0, r0, asr r0
	subeqs r0, r0, r0, asr r0
	subeqs r0, r0, r0, asr r0
	subeqs r0, r0, r0, asr r0
	umulleqs r0, r8, r8, r0
	umulleqs r0, r8, r8, r0
	umulleqs r0, r8, r8, r0
	rsbeqs r0, r4, r4, ror r0
	subeqs r0, r0, r0, asr r0
	bic r1, r2, #0x4000
	str r1, [r0]
	bx lr
_02FE10D8:
	.byte 0x01, 0x29, 0x82, 0xE3, 0x02, 0x19, 0xA0, 0xE1
	.byte 0x21, 0x1D, 0xA0, 0xE1, 0x12, 0x10, 0x41, 0xE2, 0x3F, 0x2C, 0xC2, 0xE3, 0x01, 0x1D, 0xA0, 0xE1
	.byte 0x21, 0x19, 0x82, 0xE1, 0x00, 0x10, 0x80, 0xE5, 0x1E, 0xFF, 0x2F, 0xE1, 0x01, 0x29, 0x82, 0xE3
	.byte 0x02, 0x19, 0xA0, 0xE1, 0x21, 0x1D, 0xA0, 0xE1, 0x18, 0x10, 0x41, 0xE2, 0x3F, 0x2C, 0xC2, 0xE3
	.byte 0x01, 0x1D, 0xA0, 0xE1, 0x21, 0x19, 0x82, 0xE1, 0x00, 0x10, 0x80, 0xE5, 0x1E, 0xFF, 0x2F, 0xE1
_02FE1120:
	ldr r1, [r0]
	bic r1, r1, #0x4000
	bic r1, r1, #0x3f00
	str r1, [r0]
	bx lr
	arm_func_end FUN_02FE1064

	arm_func_start FUN_02FE1134
FUN_02FE1134: ; 0x02FE1134
	ldr r2, [r0]
	mov r1, r2, lsl #0x12
	mov r3, r1, lsr #0x1a
	cmp r3, #0x23
	bhi _02FE11E8
	add r1, pc, r3, lsl #1
	ldrh r1, [r1, #4]
	add pc, pc, r1
	subeq r0, r4, r4, asr #32
	subeq r0, r4, r4, asr #32
	subeq r0, r4, r4, asr #32
	subeq r0, r4, r4, asr #32
	rsbeq r0, r4, r4, rrx
	umulleqs r0, r0, r0, r0
	umulleqs r0, r0, r0, r0
	umulleqs r0, r0, r0, r0
	subeq r0, r4, r4, asr #32
	addeq r0, r4, r4, lsl #1
	addeq r0, r4, r4, lsl #1
	addeq r0, r4, r4, lsl #1
	addeq r0, r4, r4, lsl #1
	umulleqs r0, r0, r0, r0
	umulleqs r0, r0, r0, r0
	umulleqs r0, r0, r0, r0
	addeq r0, r4, r4, lsl #1
	addeq r0, r4, r4, lsl #1
	mov r1, r2, lsl #0x11
	movs r1, r1, lsr #0x1f
	addne r1, r3, #0x12
	bicne r2, r2, #0x3f00
	movne r1, r1, lsl #0x1a
	orrne r1, r2, r1, lsr #18
	strne r1, [r0]
	bx lr
_02FE11BC:
	.byte 0x82, 0x18, 0xA0, 0xE1
	.byte 0xA1, 0x1F, 0xB0, 0xE1, 0x18, 0x10, 0x83, 0x12, 0x3F, 0x2C, 0xC2, 0x13, 0x01, 0x1D, 0xA0, 0x11
	.byte 0x21, 0x19, 0x82, 0x11, 0x00, 0x10, 0x80, 0x15, 0x1E, 0xFF, 0x2F, 0xE1, 0x01, 0x19, 0x82, 0xE3
	.byte 0x00, 0x10, 0x80, 0xE5, 0x1E, 0xFF, 0x2F, 0xE1
_02FE11E8:
	ldr r1, [r0]
	bic r1, r1, #0x4000
	bic r1, r1, #0x3f00
	str r1, [r0]
	bx lr
	arm_func_end FUN_02FE1134

	arm_func_start FUN_02FE11FC
FUN_02FE11FC: ; 0x02FE11FC
	stmdb sp!, {r3, r4, r5, r6, r7, lr}
	mov r7, r0
	mov r6, r1
	mov r5, r2
	mov r4, r3
	bl FUN_02FE1258
	mov r0, r7
	mov r1, r6
	bl FUN_02FE12CC
	cmp r7, #6
	beq _02FE1240
	cmp r7, #0x86
	bne _02FE124C
	mov r0, r5
	mov r1, r4
	bl FUN_02FE13CC
	b _02FE124C
_02FE1240:
	mov r0, r5
	mov r1, r4
	bl FUN_02FE133C
_02FE124C:
	bl FUN_02FE1298
	ldmia sp!, {r3, r4, r5, r6, r7, lr}
	bx lr
	arm_func_end FUN_02FE11FC

	arm_func_start FUN_02FE1258
FUN_02FE1258: ; 0x02FE1258
	mov ip, #0x4000000
	add ip, ip, #0x138
	ldrh r0, [ip]
	bic r0, r0, #0x77
	orr r0, r0, #0x72
	strh r0, [ip]
	mov r3, #2
_02FE1274:
	subs r3, r3, #1
	bne _02FE1274
	bic r0, r0, #4
	orr r0, r0, #4
	strh r0, [ip]
	mov r3, #2
_02FE128C:
	subs r3, r3, #1
	bne _02FE128C
	bx lr
	arm_func_end FUN_02FE1258

	arm_func_start FUN_02FE1298
FUN_02FE1298: ; 0x02FE1298
	mov ip, #0x4000000
	add ip, ip, #0x138
	mov r3, #2
_02FE12A4:
	subs r3, r3, #1
	bne _02FE12A4
	ldrh r0, [ip]
	bic r0, r0, #4
	orr r0, r0, #0
	strh r0, [ip]
	mov r3, #2
_02FE12C0:
	subs r3, r3, #1
	bne _02FE12C0
	bx lr
	arm_func_end FUN_02FE1298

	arm_func_start FUN_02FE12CC
FUN_02FE12CC: ; 0x02FE12CC
	mov ip, #0x4000000
	add ip, ip, #0x138
	orr r1, r0, r1
	ldrh r0, [ip]
	bic r0, r0, #0x77
	orr r0, r0, #0x74
	mov r2, #0
_02FE12E8:
	bic r0, r0, #3
	orr r0, r0, #0
	mov r3, #1
	tst r3, r1, lsr r2
	movne r3, #1
	moveq r3, #0
	orr r0, r0, r3
	strh r0, [ip]
	mov r3, #9
_02FE130C:
	subs r3, r3, #1
	bne _02FE130C
	bic r0, r0, #2
	orr r0, r0, #2
	strh r0, [ip]
	mov r3, #9
_02FE1324:
	subs r3, r3, #1
	bne _02FE1324
	add r2, r2, #1
	cmp r2, #8
	bne _02FE12E8
	bx lr
	arm_func_end FUN_02FE12CC

	arm_func_start FUN_02FE133C
FUN_02FE133C: ; 0x02FE133C
	mov ip, #0x4000000
	add ip, ip, #0x138
_02FE1344:
	stmdb sp!, {r0, r1}
	tst r0, #1
	ldreqh r1, [r0]
	ldrneh r1, [r0, #-1]
	movne r1, r1, lsr #8
	ldrh r0, [ip]
	bic r0, r0, #0x77
	orr r0, r0, #0x74
	mov r2, #0
_02FE1368:
	bic r0, r0, #3
	orr r0, r0, #0
	mov r3, #1
	tst r3, r1, lsr r2
	movne r3, #1
	moveq r3, #0
	orr r0, r0, r3
	strh r0, [ip]
	mov r3, #9
_02FE138C:
	subs r3, r3, #1
	bne _02FE138C
	bic r0, r0, #2
	orr r0, r0, #2
	strh r0, [ip]
	mov r3, #9
_02FE13A4:
	subs r3, r3, #1
	bne _02FE13A4
	add r2, r2, #1
	cmp r2, #8
	bne _02FE1368
	ldmia sp!, {r0, r1}
	add r0, r0, #1
	subs r1, r1, #1
	bne _02FE1344
	bx lr
	arm_func_end FUN_02FE133C

	arm_func_start FUN_02FE13CC
FUN_02FE13CC: ; 0x02FE13CC
	mov ip, #0x4000000
	add ip, ip, #0x138
_02FE13D4:
	stmdb sp!, {r0, r1}
	ldrh r0, [ip]
	bic r0, r0, #0x77
	orr r0, r0, #0x64
	mov r2, #0
	mov r1, #0
_02FE13EC:
	bic r0, r0, #3
	orr r0, r0, #0
	strh r0, [ip]
	mov r3, #9
_02FE13FC:
	subs r3, r3, #1
	bne _02FE13FC
	ldrh r0, [ip]
	and r3, r0, #1
	cmp r3, #1
	moveq r3, #0x80
	movne r3, #0
	orr r2, r3, r2, lsr #1
	bic r0, r0, #2
	orr r0, r0, #2
	strh r0, [ip]
	mov r3, #9
_02FE142C:
	subs r3, r3, #1
	bne _02FE142C
	add r1, r1, #1
	cmp r1, #8
	bne _02FE13EC
	ldmia sp!, {r0, r1}
	tst r0, #1
	beq _02FE1464
	ldrh r3, [r0, #-1]
	bic r3, r3, #0xff00
	mov r2, r2, lsl #8
	orr r3, r2, r3
	strh r3, [r0, #-1]
	b _02FE1474
_02FE1464:
	ldrh r3, [r0]
	bic r3, r3, #0xff
	orr r3, r3, r2
	strh r3, [r0]
_02FE1474:
	add r0, r0, #1
	subs r1, r1, #1
	bne _02FE13D4
	bx lr
	arm_func_end FUN_02FE13CC

	arm_func_start FUN_02FE1484
FUN_02FE1484: ; 0x02FE1484
	ldr r0, _02FE14A8 ; =0x02FF78DC
	mov r3, #0
	mov r2, r3
_02FE1490:
	mov r1, r3, lsl #1
	add r3, r3, #1
	strh r2, [r0, r1]
	cmp r3, #0x10
	blt _02FE1490
	bx lr
	.balign 4, 0
_02FE14A8: .word 0x02FF78DC
	arm_func_end FUN_02FE1484
_02FE14AC:
	.byte 0xFC, 0x41, 0x2D, 0xE9
	.byte 0xBC, 0x41, 0x9F, 0xE5, 0x02, 0x04, 0x10, 0xE3, 0x07, 0x00, 0x00, 0x0A, 0xB4, 0x11, 0x9F, 0xE5
	.byte 0x00, 0x50, 0xA0, 0xE3, 0x05, 0x30, 0xA0, 0xE1, 0x85, 0x20, 0xA0, 0xE1, 0x01, 0x50, 0x85, 0xE2
	.byte 0xB2, 0x30, 0x81, 0xE1, 0x10, 0x00, 0x55, 0xE3, 0xFA, 0xFF, 0xFF, 0xBA, 0x94, 0x11, 0x9F, 0xE5
	.byte 0x0F, 0x28, 0x00, 0xE2, 0x22, 0x28, 0xA0, 0xE1, 0x82, 0x20, 0xA0, 0xE1, 0xB2, 0x00, 0x81, 0xE1
	.byte 0x01, 0x04, 0x10, 0xE3, 0x5C, 0x00, 0x00, 0x0A, 0xB0, 0x00, 0xD4, 0xE1, 0xFF, 0x0C, 0x00, 0xE2
	.byte 0x00, 0x04, 0xA0, 0xE1, 0x20, 0x58, 0xA0, 0xE1, 0xEB, 0x6F, 0x20, 0xEB, 0x01, 0x00, 0x50, 0xE3
	.byte 0x0F, 0x00, 0x00, 0x1A, 0x20, 0x00, 0x45, 0xE2, 0x0D, 0x00, 0x50, 0xE3, 0x09, 0x00, 0x00, 0x8A
	.byte 0x80, 0x00, 0x8F, 0xE0, 0xB4, 0x00, 0xD0, 0xE1, 0x00, 0xF0, 0x8F, 0xE0, 0x24, 0x00, 0x24, 0x00
	.byte 0x24, 0x00, 0x24, 0x00, 0x18, 0x00, 0x24, 0x00, 0x18, 0x00, 0x18, 0x00, 0x18, 0x00, 0x18, 0x00
	.byte 0x18, 0x00, 0x18, 0x00, 0x18, 0x00, 0x24, 0x00, 0x05, 0x00, 0xA0, 0xE1, 0x01, 0x10, 0xA0, 0xE3
	.byte 0x44, 0x00, 0x00, 0xEA, 0x22, 0x00, 0x45, 0xE2, 0x0A, 0x00, 0x50, 0xE3, 0x37, 0x00, 0x00, 0x8A
	.byte 0x80, 0x00, 0x8F, 0xE0, 0xB4, 0x00, 0xD0, 0xE1, 0x00, 0xF0, 0x8F, 0xE0, 0x14, 0x00, 0x44, 0x00
	.byte 0x44, 0x00, 0x84, 0x00, 0x84, 0x00, 0xC0, 0x00, 0xC0, 0x00, 0xD0, 0x00, 0xD0, 0x00, 0xD0, 0x00
	.byte 0x14, 0x00, 0x12, 0x00, 0xB0, 0x10, 0xD4, 0xE1, 0xB4, 0x20, 0xD4, 0xE1, 0xB2, 0x00, 0xD4, 0xE1
	.byte 0x01, 0x1C, 0xA0, 0xE1, 0xFF, 0x2C, 0x02, 0xE2, 0x00, 0x04, 0x81, 0xE1, 0x22, 0x84, 0x80, 0xE1
	.byte 0x08, 0x00, 0xA0, 0xE1, 0xCC, 0x00, 0x00, 0xEB, 0x00, 0x00, 0x50, 0xE3, 0x23, 0x00, 0x00, 0x1A
	.byte 0x16, 0x00, 0x00, 0xEA, 0xB8, 0x10, 0xD4, 0xE1, 0xBA, 0x00, 0xD4, 0xE1, 0x01, 0x88, 0x80, 0xE1
	.byte 0x08, 0x00, 0xA0, 0xE1, 0xC4, 0x00, 0x00, 0xEB, 0x00, 0x00, 0x50, 0xE3, 0x00, 0x00, 0x00, 0x1A
	.byte 0x0E, 0x00, 0x00, 0xEA, 0xB0, 0x00, 0xD4, 0xE1, 0xB2, 0x20, 0xD4, 0xE1, 0x00, 0x3C, 0xA0, 0xE1
	.byte 0xB4, 0x10, 0xD4, 0xE1, 0xB6, 0x00, 0xD4, 0xE1, 0x23, 0x64, 0x82, 0xE1, 0x01, 0x78, 0x80, 0xE1
	.byte 0x12, 0x00, 0x00, 0xEA, 0xB6, 0x10, 0xD4, 0xE1, 0xB8, 0x00, 0xD4, 0xE1, 0x01, 0x88, 0x80, 0xE1
	.byte 0x08, 0x00, 0xA0, 0xE1, 0xB4, 0x00, 0x00, 0xEB, 0x00, 0x00, 0x50, 0xE3, 0x02, 0x00, 0x00, 0x1A
	.byte 0x05, 0x00, 0xA0, 0xE1, 0x02, 0x10, 0xA0, 0xE3, 0x12, 0x00, 0x00, 0xEA, 0xB0, 0x10, 0xD4, 0xE1
	.byte 0xB2, 0x00, 0xD4, 0xE1, 0x01, 0x1C, 0xA0, 0xE1, 0xB4, 0x70, 0xD4, 0xE1, 0x02, 0x00, 0x00, 0xEA
	.byte 0xB0, 0x10, 0xD4, 0xE1, 0xB2, 0x00, 0xD4, 0xE1, 0x01, 0x1C, 0xA0, 0xE1, 0x21, 0x64, 0x80, 0xE1
	.byte 0x05, 0x10, 0xA0, 0xE1, 0x06, 0x30, 0xA0, 0xE1, 0x01, 0x00, 0xA0, 0xE3, 0x03, 0x20, 0xA0, 0xE3
	.byte 0x80, 0x01, 0x8D, 0xE8, 0xEF, 0x89, 0x20, 0xEB, 0x00, 0x00, 0x50, 0xE3, 0x02, 0x00, 0x00, 0x1A
	.byte 0x05, 0x00, 0xA0, 0xE1, 0x04, 0x10, 0xA0, 0xE3, 0x9D, 0x89, 0x20, 0xEB, 0xFC, 0x41, 0xBD, 0xE8
	.byte 0x1E, 0xFF, 0x2F, 0xE1, 0xDC, 0x78, 0xFF, 0x02, 0xDC, 0x78, 0xFF, 0x02, 0x70, 0x40, 0x2D, 0xE9
	.byte 0x00, 0x50, 0xA0, 0xE1, 0x34, 0x76, 0x20, 0xEB, 0x01, 0x40, 0xA0, 0xE3, 0x00, 0x60, 0xA0, 0xE1
	.byte 0x04, 0x00, 0xA0, 0xE1, 0xC3, 0x89, 0x20, 0xEB, 0x00, 0x00, 0x50, 0xE3, 0x07, 0x00, 0x00, 0x1A
	.byte 0x06, 0x00, 0xA0, 0xE1, 0x31, 0x76, 0x20, 0xEB, 0x04, 0x00, 0x95, 0xE5, 0x04, 0x10, 0xA0, 0xE3
	.byte 0x00, 0x08, 0xA0, 0xE1, 0x20, 0x08, 0xA0, 0xE1, 0x89, 0x89, 0x20, 0xEB, 0x6F, 0x00, 0x00, 0xEA
	.byte 0x04, 0x00, 0xA0, 0xE1, 0xBE, 0x89, 0x20, 0xEB, 0x06, 0x00, 0xA0, 0xE1, 0x27, 0x76, 0x20, 0xEB
	.byte 0x04, 0x00, 0x95, 0xE5, 0x20, 0x00, 0x40, 0xE2, 0x0D, 0x00, 0x50, 0xE3, 0x5B, 0x00, 0x00, 0x8A
	.byte 0x80, 0x00, 0x8F, 0xE0, 0xB4, 0x00, 0xD0, 0xE1, 0x00, 0xF0, 0x8F, 0xE0, 0x18, 0x00, 0x20, 0x00
	.byte 0x28, 0x00, 0x34, 0x00, 0x58, 0x00, 0x7C, 0x00, 0xA8, 0x00, 0xD4, 0x00, 0xF0, 0x00, 0x0C, 0x01
	.byte 0x14, 0x01, 0x1C, 0x01, 0x4C, 0x01, 0x58, 0x01, 0x8F, 0x00, 0x00, 0xEB, 0x54, 0x00, 0x00, 0xEA
	.byte 0xA6, 0x00, 0x00, 0xEB, 0x52, 0x00, 0x00, 0xEA, 0x10, 0x00, 0x95, 0xE5, 0xB3, 0x00, 0x00, 0xEB
	.byte 0x4F, 0x00, 0x00, 0xEA, 0x57, 0x00, 0x00, 0xEB, 0x00, 0x00, 0x50, 0xE3, 0x00, 0x00, 0x00, 0x1A
	.byte 0x38, 0x00, 0x00, 0xEA, 0x08, 0x00, 0x95, 0xE5, 0x0C, 0x10, 0x95, 0xE5, 0x10, 0x20, 0x95, 0xE5
	.byte 0xC4, 0x00, 0x00, 0xEB, 0x46, 0x00, 0x00, 0xEA, 0x4E, 0x00, 0x00, 0xEB, 0x00, 0x00, 0x50, 0xE3
	.byte 0x00, 0x00, 0x00, 0x1A, 0x2F, 0x00, 0x00, 0xEA, 0x08, 0x00, 0x95, 0xE5, 0x0C, 0x10, 0x95, 0xE5
	.byte 0x10, 0x20, 0x95, 0xE5, 0xFF, 0x00, 0x00, 0xEB, 0x3D, 0x00, 0x00, 0xEA, 0x4E, 0x00, 0x00, 0xEB
	.byte 0x00, 0x00, 0x50, 0xE3, 0x00, 0x00, 0x00, 0x1A, 0x26, 0x00, 0x00, 0xEA, 0x0C, 0x10, 0x95, 0xE5
	.byte 0x08, 0x00, 0x95, 0xE5, 0x01, 0x18, 0xA0, 0xE1, 0x10, 0x20, 0x95, 0xE5, 0x21, 0x18, 0xA0, 0xE1
	.byte 0x35, 0x01, 0x00, 0xEB, 0x32, 0x00, 0x00, 0xEA, 0x43, 0x00, 0x00, 0xEB, 0x00, 0x00, 0x50, 0xE3
	.byte 0x00, 0x00, 0x00, 0x1A, 0x1B, 0x00, 0x00, 0xEA, 0x0C, 0x10, 0x95, 0xE5, 0x08, 0x00, 0x95, 0xE5
	.byte 0x01, 0x18, 0xA0, 0xE1, 0x10, 0x20, 0x95, 0xE5, 0x21, 0x18, 0xA0, 0xE1, 0x69, 0x01, 0x00, 0xEB
	.byte 0x27, 0x00, 0x00, 0xEA, 0x38, 0x00, 0x00, 0xEB, 0x00, 0x00, 0x50, 0xE3, 0x00, 0x00, 0x00, 0x1A
	.byte 0x10, 0x00, 0x00, 0xEA, 0x08, 0x00, 0x95, 0xE5, 0xA1, 0x01, 0x00, 0xEB, 0x20, 0x00, 0x00, 0xEA
	.byte 0x31, 0x00, 0x00, 0xEB, 0x00, 0x00, 0x50, 0xE3, 0x00, 0x00, 0x00, 0x1A, 0x09, 0x00, 0x00, 0xEA
	.byte 0x08, 0x00, 0x95, 0xE5, 0xBB, 0x01, 0x00, 0xEB, 0x19, 0x00, 0x00, 0xEA, 0xDA, 0x01, 0x00, 0xEB
	.byte 0x17, 0x00, 0x00, 0xEA, 0xE8, 0x01, 0x00, 0xEB, 0x15, 0x00, 0x00, 0xEA, 0x26, 0x00, 0x00, 0xEB
	.byte 0x00, 0x00, 0x50, 0xE3, 0x06, 0x00, 0x00, 0x1A, 0x04, 0x00, 0x95, 0xE5, 0x03, 0x10, 0xA0, 0xE3
	.byte 0x00, 0x08, 0xA0, 0xE1, 0x20, 0x08, 0xA0, 0xE1, 0x2D, 0x89, 0x20, 0xEB, 0x04, 0x00, 0xA0, 0xE1
	.byte 0x11, 0x00, 0x00, 0xEA, 0xEC, 0x01, 0x00, 0xEB, 0x09, 0x00, 0x00, 0xEA, 0x10, 0x00, 0x95, 0xE5
	.byte 0xF9, 0x01, 0x00, 0xEB, 0x06, 0x00, 0x00, 0xEA, 0x19, 0x02, 0x00, 0xEB, 0x04, 0x00, 0x00, 0xEA
	.byte 0x04, 0x00, 0xA0, 0xE1, 0x60, 0x89, 0x20, 0xEB, 0x04, 0x00, 0x95, 0xE5, 0x04, 0x10, 0xA0, 0xE1
	.byte 0x92, 0xFF, 0xFF, 0xEA, 0x04, 0x00, 0x95, 0xE5, 0x00, 0x10, 0xA0, 0xE3, 0x00, 0x08, 0xA0, 0xE1
	.byte 0x20, 0x08, 0xA0, 0xE1, 0x1A, 0x89, 0x20, 0xEB, 0x01, 0x00, 0xA0, 0xE3, 0x56, 0x89, 0x20, 0xEB
	.byte 0x70, 0x40, 0xBD, 0xE8, 0x1E, 0xFF, 0x2F, 0xE1, 0x08, 0x40, 0x2D, 0xE9, 0x00, 0x00, 0x8D, 0xE2
	.byte 0x56, 0x00, 0x00, 0xEB, 0xB0, 0x00, 0xDD, 0xE1, 0x01, 0x00, 0x10, 0xE3, 0x01, 0x00, 0xA0, 0x03
	.byte 0x00, 0x00, 0xA0, 0x13, 0x08, 0x40, 0xBD, 0xE8, 0x1E, 0xFF, 0x2F, 0xE1, 0x08, 0x40, 0x2D, 0xE9
	.byte 0x00, 0x00, 0x8D, 0xE2, 0x4D, 0x00, 0x00, 0xEB, 0xB0, 0x00, 0xDD, 0xE1, 0x01, 0x00, 0x10, 0xE3
	.byte 0x00, 0x00, 0xA0, 0x13, 0x02, 0x00, 0x00, 0x1A, 0x02, 0x00, 0x10, 0xE3, 0x01, 0x00, 0xA0, 0x13
	.byte 0x00, 0x00, 0xA0, 0x03, 0x08, 0x40, 0xBD, 0xE8, 0x1E, 0xFF, 0x2F, 0xE1, 0x10, 0x40, 0x2D, 0xE9
	.byte 0x00, 0x40, 0xA0, 0xE1, 0xF4, 0x6E, 0x20, 0xEB, 0x00, 0x00, 0x50, 0xE3, 0x05, 0x00, 0x00, 0x1A
	.byte 0x02, 0x04, 0x54, 0xE3, 0x02, 0x00, 0x00, 0x3A, 0x03, 0x04, 0x54, 0xE3, 0x01, 0x00, 0xA0, 0x33
	.byte 0x0F, 0x00, 0x00, 0x3A, 0x0D, 0x00, 0x00, 0xEA, 0x02, 0x04, 0x54, 0xE3, 0x01, 0x00, 0x00, 0x3A
	.byte 0x03, 0x04, 0x54, 0xE3, 0x07, 0x00, 0x00, 0x3A, 0x03, 0x03, 0x54, 0xE3, 0x01, 0x00, 0x00, 0x3A
	.byte 0x0E, 0x04, 0x54, 0xE3, 0x03, 0x00, 0x00, 0x3A, 0x37, 0x06, 0x54, 0xE3, 0x03, 0x00, 0x00, 0x3A
	.byte 0xDE, 0x07, 0x54, 0xE3, 0x01, 0x00, 0x00, 0x2A, 0x01, 0x00, 0xA0, 0xE3, 0x00, 0x00, 0x00, 0xEA
	.byte 0x00, 0x00, 0xA0, 0xE3, 0x10, 0x40, 0xBD, 0xE8, 0x1E, 0xFF, 0x2F, 0xE1, 0x30, 0x20, 0x9F, 0xE5
	.byte 0xB0, 0x00, 0xD2, 0xE1, 0x80, 0x00, 0x10, 0xE3, 0xFC, 0xFF, 0xFF, 0x1A, 0x24, 0x00, 0x9F, 0xE5
	.byte 0x81, 0x1C, 0xA0, 0xE3, 0xB0, 0x10, 0xC2, 0xE1, 0x06, 0x10, 0xA0, 0xE3, 0xB0, 0x10, 0xC0, 0xE1
	.byte 0x02, 0x10, 0x40, 0xE2, 0xB0, 0x00, 0xD1, 0xE1, 0x80, 0x00, 0x10, 0xE3, 0xFC, 0xFF, 0xFF, 0x1A
	.byte 0x1E, 0xFF, 0x2F, 0xE1, 0xC0, 0x01, 0x00, 0x04, 0xC2, 0x01, 0x00, 0x04, 0x18, 0x10, 0x9F, 0xE5
	.byte 0xFF, 0x00, 0x00, 0xE2, 0xB0, 0x00, 0xC1, 0xE1, 0x02, 0x10, 0x41, 0xE2, 0xB0, 0x00, 0xD1, 0xE1
	.byte 0x80, 0x00, 0x10, 0xE3, 0xFC, 0xFF, 0xFF, 0x1A, 0x1E, 0xFF, 0x2F, 0xE1, 0xC2, 0x01, 0x00, 0x04
	.byte 0x30, 0x20, 0x9F, 0xE5, 0xB0, 0x00, 0xD2, 0xE1, 0x80, 0x00, 0x10, 0xE3, 0xFC, 0xFF, 0xFF, 0x1A
	.byte 0x24, 0x00, 0x9F, 0xE5, 0x81, 0x1C, 0xA0, 0xE3, 0xB0, 0x10, 0xC2, 0xE1, 0x04, 0x10, 0xA0, 0xE3
	.byte 0xB0, 0x10, 0xC0, 0xE1, 0x02, 0x10, 0x40, 0xE2, 0xB0, 0x00, 0xD1, 0xE1, 0x80, 0x00, 0x10, 0xE3
	.byte 0xFC, 0xFF, 0xFF, 0x1A, 0x1E, 0xFF, 0x2F, 0xE1, 0xC0, 0x01, 0x00, 0x04, 0xC2, 0x01, 0x00, 0x04

	arm_func_start FUN_02FE19F0
FUN_02FE19F0: ; 0x02FE19F0
	ldr r3, _02FE1A50 ; =0x040001C2
	ldr r2, _02FE1A54 ; =0x040001C0
_02FE19F8:
	ldrh r1, [r2]
	tst r1, #0x80
	bne _02FE19F8
	mov r1, #0x8900
	strh r1, [r2]
	mov r1, #5
	strh r1, [r3]
	sub r2, r3, #2
_02FE1A18:
	ldrh r1, [r2]
	tst r1, #0x80
	bne _02FE1A18
	mov r1, #0x8100
	strh r1, [r2]
	mov r1, #0
	strh r1, [r3]
	sub r2, r3, #2
_02FE1A38:
	ldrh r1, [r2]
	tst r1, #0x80
	bne _02FE1A38
	ldrh r1, [r3]
	strb r1, [r0]
	bx lr
	.balign 4, 0
_02FE1A50: .word 0x040001C2
_02FE1A54: .word 0x040001C0
	arm_func_end FUN_02FE19F0

	arm_func_start FUN_02FE1A58
FUN_02FE1A58: ; 0x02FE1A58
	stmdb sp!, {r2, r3, r4, r5, r6, lr}
	ldr r4, _02FE1B3C ; =0x040001C0
	mov r6, r2
	cmp r1, #1
	mov r2, #0
	blo _02FE1B34
	and r5, r0, #0xff0000
	and r3, r0, #0xff00
	mov r5, r5, lsr #0x10
	mov r3, r3, lsr #8
	and r0, r0, #0xff
	strh r5, [sp]
	strh r3, [sp, #2]
	strh r0, [sp, #4]
_02FE1A90:
	ldrh r0, [r4]
	tst r0, #0x80
	bne _02FE1A90
	ldr ip, _02FE1B40 ; =0x040001C2
	mov r0, #0x8900
	strh r0, [r4]
	mov r0, #3
	strh r0, [ip]
	mov lr, #0
	add r3, sp, #0
	sub r5, ip, #2
_02FE1ABC:
	ldrh r0, [r5]
	tst r0, #0x80
	bne _02FE1ABC
	mov r0, lr, lsl #1
	ldrh r0, [r3, r0]
	add lr, lr, #1
	and r0, r0, #0xff
	strh r0, [ip]
	cmp lr, #3
	blt _02FE1ABC
_02FE1AE4:
	ldrh r0, [r4]
	tst r0, #0x80
	bne _02FE1AE4
	mov r5, #0
	sub r0, r1, #1
	b _02FE1B18
_02FE1AFC:
	strh r2, [r4, #2]
_02FE1B00:
	ldrh r1, [r4]
	tst r1, #0x80
	bne _02FE1B00
	ldrh r1, [r4, #2]
	strb r1, [r6, r5]
	add r5, r5, #1
_02FE1B18:
	cmp r5, r0
	blo _02FE1AFC
	mov r0, #0x8100
	strh r0, [r4]
	bl FUN_02FE1B44
	ldrh r0, [r4, #2]
	strb r0, [r6, r5]
_02FE1B34:
	ldmia sp!, {r2, r3, r4, r5, r6, lr}
	bx lr
	.balign 4, 0
_02FE1B3C: .word 0x040001C0
_02FE1B40: .word 0x040001C2
	arm_func_end FUN_02FE1A58

	arm_func_start FUN_02FE1B44
FUN_02FE1B44: ; 0x02FE1B44
	ldr r0, _02FE1B64 ; =0x040001C2
	mov r1, #0
	strh r1, [r0]
	sub r1, r0, #2
_02FE1B54:
	ldrh r0, [r1]
	tst r0, #0x80
	bne _02FE1B54
	bx lr
	.balign 4, 0
_02FE1B64: .word 0x040001C2
	arm_func_end FUN_02FE1B44
_02FE1B68:
	.byte 0x7C, 0x40, 0x2D, 0xE9, 0xF0, 0x40, 0x9F, 0xE5
	.byte 0x02, 0x60, 0xA0, 0xE1, 0x01, 0x00, 0x51, 0xE3, 0x00, 0x30, 0xA0, 0xE3, 0x36, 0x00, 0x00, 0x3A
	.byte 0xFF, 0x58, 0x00, 0xE2, 0xFF, 0x2C, 0x00, 0xE2, 0x25, 0x58, 0xA0, 0xE1, 0x22, 0x24, 0xA0, 0xE1
	.byte 0xFF, 0x00, 0x00, 0xE2, 0xB0, 0x50, 0xCD, 0xE1, 0xB2, 0x20, 0xCD, 0xE1, 0xB4, 0x00, 0xCD, 0xE1
	.byte 0xB0, 0x00, 0xD4, 0xE1, 0x80, 0x00, 0x10, 0xE3, 0xFC, 0xFF, 0xFF, 0x1A, 0xB4, 0xC0, 0x9F, 0xE5
	.byte 0x89, 0x0C, 0xA0, 0xE3, 0xB0, 0x00, 0xC4, 0xE1, 0x0B, 0x00, 0xA0, 0xE3, 0xB0, 0x00, 0xCC, 0xE1
	.byte 0x00, 0xE0, 0xA0, 0xE3, 0x00, 0x20, 0x8D, 0xE2, 0x02, 0x50, 0x4C, 0xE2, 0xB0, 0x00, 0xD5, 0xE1
	.byte 0x80, 0x00, 0x10, 0xE3, 0xFC, 0xFF, 0xFF, 0x1A, 0x8E, 0x00, 0xA0, 0xE1, 0xB0, 0x00, 0x92, 0xE1
	.byte 0x01, 0xE0, 0x8E, 0xE2, 0xFF, 0x00, 0x00, 0xE2, 0xB0, 0x00, 0xCC, 0xE1, 0x03, 0x00, 0x5E, 0xE3
	.byte 0xF5, 0xFF, 0xFF, 0xBA, 0xB0, 0x00, 0xD4, 0xE1, 0x80, 0x00, 0x10, 0xE3, 0xFC, 0xFF, 0xFF, 0x1A
	.byte 0x60, 0x00, 0x9F, 0xE5, 0xB0, 0x30, 0xC0, 0xE1, 0x02, 0x20, 0x40, 0xE2, 0xB0, 0x00, 0xD2, 0xE1
	.byte 0x80, 0x00, 0x10, 0xE3, 0xFC, 0xFF, 0xFF, 0x1A, 0x00, 0x50, 0xA0, 0xE3, 0x01, 0x00, 0x41, 0xE2
	.byte 0x06, 0x00, 0x00, 0xEA, 0xB2, 0x30, 0xC4, 0xE1, 0xB0, 0x10, 0xD4, 0xE1, 0x80, 0x00, 0x11, 0xE3
	.byte 0xFC, 0xFF, 0xFF, 0x1A, 0xB2, 0x10, 0xD4, 0xE1, 0x05, 0x10, 0xC6, 0xE7, 0x01, 0x50, 0x85, 0xE2
	.byte 0x00, 0x00, 0x55, 0xE1, 0xF6, 0xFF, 0xFF, 0x3A, 0x81, 0x0C, 0xA0, 0xE3, 0xB0, 0x00, 0xC4, 0xE1
	.byte 0xBB, 0xFF, 0xFF, 0xEB, 0xB2, 0x00, 0xD4, 0xE1, 0x05, 0x00, 0xC6, 0xE7, 0x7C, 0x40, 0xBD, 0xE8
	.byte 0x1E, 0xFF, 0x2F, 0xE1, 0xC0, 0x01, 0x00, 0x04, 0xC2, 0x01, 0x00, 0x04, 0x3E, 0x40, 0x2D, 0xE9
	.byte 0xE8, 0x30, 0x9F, 0xE5, 0x01, 0x00, 0x51, 0xE3, 0x36, 0x00, 0x00, 0x3A, 0x01, 0x40, 0x80, 0xE0
	.byte 0x01, 0x40, 0x44, 0xE2, 0x24, 0x44, 0xA0, 0xE1, 0x20, 0x04, 0x54, 0xE1, 0xFF, 0x10, 0x00, 0x82
	.byte 0xFF, 0xC8, 0x00, 0xE2, 0xFF, 0x4C, 0x00, 0xE2, 0x01, 0x1C, 0x61, 0x82, 0x2C, 0xC8, 0xA0, 0xE1
	.byte 0x24, 0x44, 0xA0, 0xE1, 0xFF, 0x00, 0x00, 0xE2, 0x01, 0x18, 0xA0, 0x81, 0xB0, 0xC0, 0xCD, 0xE1
	.byte 0xB2, 0x40, 0xCD, 0xE1, 0xB4, 0x00, 0xCD, 0xE1, 0x21, 0x18, 0xA0, 0x81, 0xB0, 0x00, 0xD3, 0xE1
	.byte 0x80, 0x00, 0x10, 0xE3, 0xFC, 0xFF, 0xFF, 0x1A, 0x94, 0x40, 0x9F, 0xE5, 0x89, 0x0C, 0xA0, 0xE3
	.byte 0xB0, 0x00, 0xC3, 0xE1, 0x0A, 0x00, 0xA0, 0xE3, 0xB0, 0x00, 0xC4, 0xE1, 0x00, 0x50, 0xA0, 0xE3
	.byte 0x00, 0xC0, 0x8D, 0xE2, 0x02, 0xE0, 0x44, 0xE2, 0xB0, 0x00, 0xDE, 0xE1, 0x80, 0x00, 0x10, 0xE3
	.byte 0xFC, 0xFF, 0xFF, 0x1A, 0x85, 0x00, 0xA0, 0xE1, 0xB0, 0x00, 0x9C, 0xE1, 0x01, 0x50, 0x85, 0xE2
	.byte 0xFF, 0x00, 0x00, 0xE2, 0xB0, 0x00, 0xC4, 0xE1, 0x03, 0x00, 0x55, 0xE3, 0xF5, 0xFF, 0xFF, 0xBA
	.byte 0x01, 0x10, 0x41, 0xE2, 0x00, 0x40, 0xA0, 0xE3, 0x05, 0x00, 0x00, 0xEA, 0xB0, 0x00, 0xD3, 0xE1
	.byte 0x80, 0x00, 0x10, 0xE3, 0xFC, 0xFF, 0xFF, 0x1A, 0x04, 0x00, 0xD2, 0xE7, 0x01, 0x40, 0x84, 0xE2
	.byte 0xB2, 0x00, 0xC3, 0xE1, 0x01, 0x00, 0x54, 0xE1, 0xF7, 0xFF, 0xFF, 0xBA, 0xB0, 0x00, 0xD3, 0xE1
	.byte 0x80, 0x00, 0x10, 0xE3, 0xFC, 0xFF, 0xFF, 0x1A, 0x04, 0x00, 0xD2, 0xE7, 0x81, 0x1C, 0xA0, 0xE3
	.byte 0xB0, 0x10, 0xC3, 0xE1, 0x0C, 0xFF, 0xFF, 0xEB, 0x3E, 0x40, 0xBD, 0xE8, 0x1E, 0xFF, 0x2F, 0xE1
	.byte 0xC0, 0x01, 0x00, 0x04, 0xC2, 0x01, 0x00, 0x04, 0x3E, 0x40, 0x2D, 0xE9, 0xE8, 0x30, 0x9F, 0xE5
	.byte 0x01, 0x00, 0x51, 0xE3, 0x36, 0x00, 0x00, 0x3A, 0x01, 0x40, 0x80, 0xE0, 0x01, 0x40, 0x44, 0xE2
	.byte 0x24, 0x44, 0xA0, 0xE1, 0x20, 0x04, 0x54, 0xE1, 0xFF, 0x10, 0x00, 0x82, 0xFF, 0xC8, 0x00, 0xE2
	.byte 0xFF, 0x4C, 0x00, 0xE2, 0x01, 0x1C, 0x61, 0x82, 0x2C, 0xC8, 0xA0, 0xE1, 0x24, 0x44, 0xA0, 0xE1
	.byte 0xFF, 0x00, 0x00, 0xE2, 0x01, 0x18, 0xA0, 0x81, 0xB0, 0xC0, 0xCD, 0xE1, 0xB2, 0x40, 0xCD, 0xE1
	.byte 0xB4, 0x00, 0xCD, 0xE1, 0x21, 0x18, 0xA0, 0x81, 0xB0, 0x00, 0xD3, 0xE1, 0x80, 0x00, 0x10, 0xE3
	.byte 0xFC, 0xFF, 0xFF, 0x1A, 0x94, 0x40, 0x9F, 0xE5, 0x89, 0x0C, 0xA0, 0xE3, 0xB0, 0x00, 0xC3, 0xE1
	.byte 0x02, 0x00, 0xA0, 0xE3, 0xB0, 0x00, 0xC4, 0xE1, 0x00, 0x50, 0xA0, 0xE3, 0x00, 0xC0, 0x8D, 0xE2
	.byte 0x02, 0xE0, 0x44, 0xE2, 0xB0, 0x00, 0xDE, 0xE1, 0x80, 0x00, 0x10, 0xE3, 0xFC, 0xFF, 0xFF, 0x1A
	.byte 0x85, 0x00, 0xA0, 0xE1, 0xB0, 0x00, 0x9C, 0xE1, 0x01, 0x50, 0x85, 0xE2, 0xFF, 0x00, 0x00, 0xE2
	.byte 0xB0, 0x00, 0xC4, 0xE1, 0x03, 0x00, 0x55, 0xE3, 0xF5, 0xFF, 0xFF, 0xBA, 0x01, 0x10, 0x41, 0xE2
	.byte 0x00, 0x40, 0xA0, 0xE3, 0x05, 0x00, 0x00, 0xEA, 0xB0, 0x00, 0xD3, 0xE1, 0x80, 0x00, 0x10, 0xE3
	.byte 0xFC, 0xFF, 0xFF, 0x1A, 0x04, 0x00, 0xD2, 0xE7, 0x01, 0x40, 0x84, 0xE2, 0xB2, 0x00, 0xC3, 0xE1
	.byte 0x01, 0x00, 0x54, 0xE1, 0xF7, 0xFF, 0xFF, 0xBA, 0xB0, 0x00, 0xD3, 0xE1, 0x80, 0x00, 0x10, 0xE3
	.byte 0xFC, 0xFF, 0xFF, 0x1A, 0x04, 0x00, 0xD2, 0xE7, 0x81, 0x1C, 0xA0, 0xE3, 0xB0, 0x10, 0xC3, 0xE1
	.byte 0xCD, 0xFE, 0xFF, 0xEB, 0x3E, 0x40, 0xBD, 0xE8, 0x1E, 0xFF, 0x2F, 0xE1, 0xC0, 0x01, 0x00, 0x04
	.byte 0xC2, 0x01, 0x00, 0x04, 0x70, 0x40, 0x2D, 0xE9, 0xFF, 0x18, 0x00, 0xE2, 0x21, 0x18, 0xA0, 0xE1
	.byte 0xFF, 0x2C, 0x00, 0xE2, 0x02, 0x24, 0xA0, 0xE1, 0x60, 0x30, 0x9F, 0xE5, 0x01, 0x18, 0xA0, 0xE1
	.byte 0xFF, 0x50, 0x00, 0xE2, 0x21, 0x08, 0xA0, 0xE1, 0x22, 0x48, 0xA0, 0xE1, 0xB0, 0x10, 0xD3, 0xE1
	.byte 0x80, 0x00, 0x11, 0xE3, 0xFC, 0xFF, 0xFF, 0x1A, 0x44, 0x10, 0x9F, 0xE5, 0x89, 0x2C, 0xA0, 0xE3
	.byte 0xB0, 0x20, 0xC3, 0xE1, 0xDB, 0x20, 0xA0, 0xE3, 0xB0, 0x20, 0xC1, 0xE1, 0x02, 0x60, 0x41, 0xE2
	.byte 0xB0, 0x10, 0xD6, 0xE1, 0x80, 0x00, 0x11, 0xE3, 0xFC, 0xFF, 0xFF, 0x1A, 0xB2, 0xFE, 0xFF, 0xEB
	.byte 0x04, 0x00, 0xA0, 0xE1, 0xB0, 0xFE, 0xFF, 0xEB, 0x81, 0x1C, 0xA0, 0xE3, 0x05, 0x00, 0xA0, 0xE1
	.byte 0xB0, 0x10, 0xC6, 0xE1, 0xAC, 0xFE, 0xFF, 0xEB, 0x70, 0x40, 0xBD, 0xE8, 0x1E, 0xFF, 0x2F, 0xE1
	.byte 0xC0, 0x01, 0x00, 0x04, 0xC2, 0x01, 0x00, 0x04, 0x70, 0x40, 0x2D, 0xE9, 0xFF, 0x18, 0x00, 0xE2
	.byte 0x21, 0x18, 0xA0, 0xE1, 0xFF, 0x2C, 0x00, 0xE2, 0x02, 0x24, 0xA0, 0xE1, 0x60, 0x30, 0x9F, 0xE5
	.byte 0x01, 0x18, 0xA0, 0xE1, 0xFF, 0x50, 0x00, 0xE2, 0x21, 0x08, 0xA0, 0xE1, 0x22, 0x48, 0xA0, 0xE1
	.byte 0xB0, 0x10, 0xD3, 0xE1, 0x80, 0x00, 0x11, 0xE3, 0xFC, 0xFF, 0xFF, 0x1A, 0x44, 0x10, 0x9F, 0xE5
	.byte 0x89, 0x2C, 0xA0, 0xE3, 0xB0, 0x20, 0xC3, 0xE1, 0xD8, 0x20, 0xA0, 0xE3, 0xB0, 0x20, 0xC1, 0xE1
	.byte 0x02, 0x60, 0x41, 0xE2, 0xB0, 0x10, 0xD6, 0xE1, 0x80, 0x00, 0x11, 0xE3, 0xFC, 0xFF, 0xFF, 0x1A
	.byte 0x91, 0xFE, 0xFF, 0xEB, 0x04, 0x00, 0xA0, 0xE1, 0x8F, 0xFE, 0xFF, 0xEB, 0x81, 0x1C, 0xA0, 0xE3
	.byte 0x05, 0x00, 0xA0, 0xE1, 0xB0, 0x10, 0xC6, 0xE1, 0x8B, 0xFE, 0xFF, 0xEB, 0x70, 0x40, 0xBD, 0xE8
	.byte 0x1E, 0xFF, 0x2F, 0xE1, 0xC0, 0x01, 0x00, 0x04, 0xC2, 0x01, 0x00, 0x04, 0x30, 0x20, 0x9F, 0xE5
	.byte 0xB0, 0x00, 0xD2, 0xE1, 0x80, 0x00, 0x10, 0xE3, 0xFC, 0xFF, 0xFF, 0x1A, 0x24, 0x00, 0x9F, 0xE5
	.byte 0x81, 0x1C, 0xA0, 0xE3, 0xB0, 0x10, 0xC2, 0xE1, 0xB9, 0x10, 0xA0, 0xE3, 0xB0, 0x10, 0xC0, 0xE1
	.byte 0x02, 0x10, 0x40, 0xE2, 0xB0, 0x00, 0xD1, 0xE1, 0x80, 0x00, 0x10, 0xE3, 0xFC, 0xFF, 0xFF, 0x1A
	.byte 0x1E, 0xFF, 0x2F, 0xE1, 0xC0, 0x01, 0x00, 0x04, 0xC2, 0x01, 0x00, 0x04, 0x30, 0x20, 0x9F, 0xE5
	.byte 0xB0, 0x00, 0xD2, 0xE1, 0x80, 0x00, 0x10, 0xE3, 0xFC, 0xFF, 0xFF, 0x1A, 0x24, 0x00, 0x9F, 0xE5
	.byte 0x81, 0x1C, 0xA0, 0xE3, 0xB0, 0x10, 0xC2, 0xE1, 0xAB, 0x10, 0xA0, 0xE3, 0xB0, 0x10, 0xC0, 0xE1
	.byte 0x02, 0x10, 0x40, 0xE2, 0xB0, 0x00, 0xD1, 0xE1, 0x80, 0x00, 0x10, 0xE3, 0xFC, 0xFF, 0xFF, 0x1A
	.byte 0x1E, 0xFF, 0x2F, 0xE1, 0xC0, 0x01, 0x00, 0x04, 0xC2, 0x01, 0x00, 0x04, 0x30, 0x20, 0x9F, 0xE5
	.byte 0xB0, 0x00, 0xD2, 0xE1, 0x80, 0x00, 0x10, 0xE3, 0xFC, 0xFF, 0xFF, 0x1A, 0x24, 0x00, 0x9F, 0xE5
	.byte 0x81, 0x1C, 0xA0, 0xE3, 0xB0, 0x10, 0xC2, 0xE1, 0xC7, 0x10, 0xA0, 0xE3, 0xB0, 0x10, 0xC0, 0xE1
	.byte 0x02, 0x10, 0x40, 0xE2, 0xB0, 0x00, 0xD1, 0xE1, 0x80, 0x00, 0x10, 0xE3, 0xFC, 0xFF, 0xFF, 0x1A
	.byte 0x1E, 0xFF, 0x2F, 0xE1, 0xC0, 0x01, 0x00, 0x04, 0xC2, 0x01, 0x00, 0x04, 0x78, 0xC0, 0x9F, 0xE5
	.byte 0x78, 0x20, 0x9F, 0xE5, 0xB0, 0x10, 0xD2, 0xE1, 0x80, 0x00, 0x11, 0xE3, 0xFC, 0xFF, 0xFF, 0x1A
	.byte 0x89, 0x1C, 0xA0, 0xE3, 0xB0, 0x10, 0xC2, 0xE1, 0x9F, 0x10, 0xA0, 0xE3, 0xB0, 0x10, 0xCC, 0xE1
	.byte 0x02, 0x20, 0x4C, 0xE2, 0xB0, 0x10, 0xD2, 0xE1, 0x80, 0x00, 0x11, 0xE3, 0xFC, 0xFF, 0xFF, 0x1A
	.byte 0x00, 0x10, 0xA0, 0xE3, 0xB0, 0x10, 0xCC, 0xE1, 0x02, 0x30, 0x4C, 0xE2, 0xB0, 0x10, 0xD3, 0xE1
	.byte 0x80, 0x00, 0x11, 0xE3, 0xFC, 0xFF, 0xFF, 0x1A, 0xB0, 0x20, 0xDC, 0xE1, 0x81, 0x1C, 0xA0, 0xE3
	.byte 0x00, 0x20, 0xC0, 0xE5, 0xB0, 0x10, 0xC3, 0xE1, 0x00, 0x10, 0xA0, 0xE3, 0xB0, 0x10, 0xCC, 0xE1
	.byte 0x02, 0x20, 0x4C, 0xE2, 0xB0, 0x10, 0xD2, 0xE1, 0x80, 0x00, 0x11, 0xE3, 0xFC, 0xFF, 0xFF, 0x1A
	.byte 0xB0, 0x10, 0xDC, 0xE1, 0x01, 0x10, 0xC0, 0xE5, 0x1E, 0xFF, 0x2F, 0xE1, 0xC2, 0x01, 0x00, 0x04
	.byte 0xC0, 0x01, 0x00, 0x04

	arm_func_start FUN_02FE20B4
FUN_02FE20B4: ; 0x02FE20B4
	ldr r2, _02FE20EC ; =0x040001C0
_02FE20B8:
	ldrh r0, [r2]
	tst r0, #0x80
	bne _02FE20B8
	ldr r0, _02FE20F0 ; =0x040001C2
	mov r1, #0x8100
	strh r1, [r2]
	mov r1, #0xff
	strh r1, [r0]
	sub r1, r0, #2
_02FE20DC:
	ldrh r0, [r1]
	tst r0, #0x80
	bne _02FE20DC
	bx lr
	.balign 4, 0
_02FE20EC: .word 0x040001C0
_02FE20F0: .word 0x040001C2
	arm_func_end FUN_02FE20B4

	arm_func_start FUN_02FE20F4
FUN_02FE20F4: ; 0x02FE20F4
	stmdb sp!, {r3, r4, r5, lr}
	ldr r4, _02FE212C ; =0x02FF78FC
	mov r5, r0
	mov r1, #0
	ldr r0, _02FE2130 ; =0x02FF790C
	stmib r4, {r1, r5}
	mov r2, #0xa4
	bl FUN_037FF6B0
	mov r0, r5
	bl FUN_02FE2230
	mov r0, #3
	strb r0, [r4]
	ldmia sp!, {r3, r4, r5, lr}
	bx lr
	.balign 4, 0
_02FE212C: .word 0x02FF78FC
_02FE2130: .word 0x02FF790C
	arm_func_end FUN_02FE20F4

	arm_func_start FUN_02FE2134
FUN_02FE2134: ; 0x02FE2134
	stmdb sp!, {r3, r4, r5, r6, r7, lr}
	ldr r6, _02FE21DC ; =0x02380644
	ldr r2, _02FE21E0 ; =0x023A8F64
	ldr r0, _02FE21E4 ; =0x023A8F84
	mov r7, #0
	b _02FE21CC
_02FE214C:
	ldmia r2, {r1, r4}
	ldr r5, [r2, #0xc]
	cmp r1, #0x6000000
	add r2, r2, #0x10
	bne _02FE21C8
	ldr r1, _02FE21E8 ; =0x02FF9E04
	ldr r0, _02FE21EC ; =0x02FF78FC
	ldr r2, _02FE21F0 ; =0x02FF9E04
	add r3, r4, r5
	str r1, [r0, #4]
	add r1, r1, r3
	str r3, [r0, #0xc]
	cmp r2, r1
	beq _02FE2188
	bl FUN_037FF18C
_02FE2188:
	ldr r0, _02FE21EC ; =0x02FF78FC
	mov r1, #0
	ldr r2, [r0, #4]
	b _02FE21A4
_02FE2198:
	ldr r0, [r6], #4
	add r1, r1, #1
	str r0, [r2], #4
_02FE21A4:
	cmp r1, r4, lsr #2
	blo _02FE2198
	mov r0, #0
	b _02FE21BC
_02FE21B4:
	str r7, [r2], #4
	add r0, r0, #1
_02FE21BC:
	cmp r0, r5, lsr #2
	blo _02FE21B4
	b _02FE21D4
_02FE21C8:
	add r6, r6, r4
_02FE21CC:
	cmp r2, r0
	bne _02FE214C
_02FE21D4:
	ldmia sp!, {r3, r4, r5, r6, r7, lr}
	bx lr
	.balign 4, 0
_02FE21DC: .word 0x02380644
_02FE21E0: .word 0x023A8F64
_02FE21E4: .word 0x023A8F84
_02FE21E8: .word 0x02FF9E04
_02FE21EC: .word 0x02FF78FC
_02FE21F0: .word 0x02FF9E04
	arm_func_end FUN_02FE2134
_02FE21F4:
	.byte 0x10, 0x40, 0x2D, 0xE9, 0x28, 0x30, 0x9F, 0xE5, 0x01, 0x40, 0xA0, 0xE3
	.byte 0xB0, 0x20, 0xD3, 0xE1, 0x20, 0x10, 0x9F, 0xE5, 0x04, 0x00, 0xA0, 0xE1, 0x01, 0x10, 0x02, 0xE0
	.byte 0xB0, 0x10, 0xC3, 0xE1, 0x0E, 0x8B, 0x20, 0xEB, 0x04, 0x00, 0xA0, 0xE1, 0xB6, 0x89, 0x20, 0xEB
	.byte 0x10, 0x40, 0xBD, 0xE8, 0x1E, 0xFF, 0x2F, 0xE1, 0x04, 0x03, 0x00, 0x04, 0xFD, 0xFF, 0x00, 0x00

	arm_func_start FUN_02FE2230
FUN_02FE2230: ; 0x02FE2230
	stmdb sp!, {r4, r5, r6, r7, r8, sb, sl, lr}
	sub sp, sp, #0x50
	str r0, [sp, #0x44]
	ldr r0, _02FE22C8 ; =0x02FF8170
	mov sb, #4
	mov r7, #8
	mov r4, #3
	ldr r1, _02FE22CC ; =0x02FF8170
	ldr r6, _02FE22D0 ; =0x02FF79B0
	mov sl, #0x600
	mov r8, #0
	mov r5, #0x1c0
	mov lr, #0x40
	mov ip, #5
	mov r3, #7
	mov r2, #9
	str r0, [sp, #0x1c]
	str r1, [sp, #0x20]
	add r0, sp, #0x1c
	add r1, sp, #0
	str sl, [sp, #0x24]
	str sb, [sp, #0x28]
	str r8, [sp, #0x3c]
	str r7, [sp, #0x40]
	str r6, [sp, #0x48]
	str r5, [sp, #0x4c]
	str r4, [sp]
	str lr, [sp, #0x38]
	str r4, [sp, #8]
	str sb, [sp, #0x18]
	str ip, [sp, #0x10]
	str r3, [sp, #4]
	str r7, [sp, #0x14]
	str r2, [sp, #0xc]
	bl FUN_02FE22D4
	add sp, sp, #0x50
	ldmia sp!, {r4, r5, r6, r7, r8, sb, sl, lr}
	bx lr
	.balign 4, 0
_02FE22C8: .word 0x02FF8170
_02FE22CC: .word 0x02FF8170
_02FE22D0: .word 0x02FF79B0
	arm_func_end FUN_02FE2230

	arm_func_start FUN_02FE22D4
FUN_02FE22D4: ; 0x02FE22D4
	stmdb sp!, {r1, r2, r3, r4, r5, r6, r7, r8, sb, sl, fp, lr}
	mov sb, r1
	ldr r1, [sb]
	ldr r4, _02FE249C ; =0x02FF9870
	mov sl, r0
	str r1, [r4, #0x540]
	ldr r0, [sl, #0x24]
	mov r8, #0
	str r0, [r4, #0x544]
	ldr r0, [sl, #0x28]
	ldr r7, _02FE24A0 ; =0x02FF8870
	str r0, [r4, #0x548]
	str r8, [r4, #0x54c]
	str r8, [r4, #0x550]
	ldr r1, _02FE24A4 ; =0x02FF8890
	mov r0, r7
	mov r2, #2
	str r8, [r4, #0x590]
	mov r5, r8
	bl FUN_037FD514
	ldr r6, _02FE24A8 ; =0x02FF8898
	mov fp, #4
	ldr r1, _02FE24AC ; =0x02FF88B8
	mov r0, r6
	mov r2, fp
	bl FUN_037FD514
	ldr r0, _02FE24B0 ; =0x02FF88C8
	ldr r1, _02FE24B4 ; =0x02FF88E8
	mov r2, fp
	bl FUN_037FD514
	ldr r0, _02FE24B8 ; =0x02FF88F8
	ldr r1, _02FE24BC ; =0x02FF8918
	mov r2, #0x20
	bl FUN_037FD514
	str r6, [sl, #0x14]
	str r7, [sl, #0x10]
	ldr r0, [sb, #8]
	ldr r6, _02FE24C0 ; =0x02FF9D98
	str r0, [r4, #0x578]
	ldr r1, [sb, #0x18]
	mov r0, r6
	str r1, [r4, #0x57c]
	ldr r1, [sb, #0x10]
	str r1, [r4, #0x580]
	ldr r1, [sb, #4]
	str r1, [r4, #0x584]
	ldr r1, [sb, #0x14]
	str r1, [r4, #0x588]
	ldr r1, [sb, #0xc]
	str r1, [r4, #0x58c]
	bl FUN_037FD76C
	mov r0, #0x400
	str r0, [sp]
	ldr r0, [sb, #4]
	ldr r4, _02FE24C4 ; =0x038094B8
	str r0, [sp, #4]
	ldr r1, _02FE24C8 ; =0x02FE2BA8
	mov r3, r6
	mov r0, r4
	mov r2, r8
	bl FUN_037FCCC4
	mov r0, r4
	bl FUN_037FCFD4
	mov r0, #0x1000
	str r0, [sp]
	ldr r0, [sb, #0xc]
	ldr r4, _02FE24CC ; =0x03809414
	str r0, [sp, #4]
	ldr r1, _02FE24D0 ; =0x02FE3F68
	ldr r3, _02FE24D4 ; =0x02FF9998
	mov r0, r4
	mov r2, r8
	bl FUN_037FCCC4
	mov r0, r4
	bl FUN_037FCFD4
_02FE2400:
	add r0, r7, r8
	add r0, r0, #0x1000
	add r8, r8, #1
	strb r5, [r0, #0x554]
	cmp r8, #0x20
	blt _02FE2400
	ldr r0, _02FE249C ; =0x02FF9870
	str r5, [r0, #0x574]
	bl FUN_037FEA18
	cmp r0, #0
	bne _02FE2430
	bl FUN_037FE9D4
_02FE2430:
	bl FUN_037FF9A8
	ldr r1, _02FE24D8 ; =0x02FE2568
	mov r0, #0xa
	bl FUN_037FFA90
	mov r0, #2
	str r0, [sl, #0x18]
	ldr r0, [sb, #0x14]
	str r0, [sl, #0xc]
	bl FUN_037FD4BC
	cmp r0, #1
	bne _02FE2478
	bl FUN_037FFD3C
	cmp r0, #0
	bne _02FE2478
	mov r0, #1
	bl FUN_037FFD10
	ldr r0, _02FE24DC ; =0x0000A410
	bl FUN_02FE24E0
_02FE2478:
	mov r0, sl
	bl FUN_02FEA9A8
	bl FUN_037FD4BC
	cmp r0, #1
	bne _02FE2494
	mov r0, #0
	bl FUN_037FFD10
_02FE2494:
	ldmia sp!, {r1, r2, r3, r4, r5, r6, r7, r8, sb, sl, fp, lr}
	bx lr
	.balign 4, 0
_02FE249C: .word 0x02FF9870
_02FE24A0: .word 0x02FF8870
_02FE24A4: .word 0x02FF8890
_02FE24A8: .word 0x02FF8898
_02FE24AC: .word 0x02FF88B8
_02FE24B0: .word 0x02FF88C8
_02FE24B4: .word 0x02FF88E8
_02FE24B8: .word 0x02FF88F8
_02FE24BC: .word 0x02FF8918
_02FE24C0: .word 0x02FF9D98
_02FE24C4: .word 0x038094B8
_02FE24C8: .word 0x02FE2BA8
_02FE24CC: .word 0x03809414
_02FE24D0: .word 0x02FE3F68
_02FE24D4: .word 0x02FF9998
_02FE24D8: .word 0x02FE2568
_02FE24DC: .word 0x0000A410
	arm_func_end FUN_02FE22D4

	arm_func_start FUN_02FE24E0
FUN_02FE24E0: ; 0x02FE24E0
	ldr ip, _02FE24E8 ; =FUN_037FB504
	bx ip
	.balign 4, 0
_02FE24E8: .word 0x037FB505
	arm_func_end FUN_02FE24E0
_02FE24EC:
	.byte 0x1C, 0x40, 0x2D, 0xE9
	.byte 0x00, 0x10, 0xA0, 0xE1, 0x64, 0x00, 0x9F, 0xE5, 0x01, 0x40, 0xA0, 0xE3, 0x04, 0x20, 0xA0, 0xE1
	.byte 0x0D, 0x6C, 0x20, 0xEB, 0x58, 0x00, 0x9F, 0xE5, 0x00, 0x10, 0x8D, 0xE2, 0x04, 0x20, 0xA0, 0xE1
	.byte 0x2C, 0x6C, 0x20, 0xEB, 0x00, 0x10, 0x9D, 0xE5, 0xBE, 0x00, 0xD1, 0xE1, 0x80, 0x00, 0x81, 0xE0
	.byte 0xB4, 0x01, 0xD0, 0xE1, 0x0E, 0x00, 0x50, 0xE3, 0x09, 0x00, 0x00, 0x1A, 0x02, 0x9B, 0x20, 0xEB
	.byte 0x80, 0x10, 0xA0, 0xE3, 0xB0, 0x10, 0xC0, 0xE1, 0x13, 0x10, 0xA0, 0xE3, 0xB2, 0x10, 0xC0, 0xE1
	.byte 0x18, 0x10, 0xA0, 0xE3, 0xB4, 0x10, 0xC0, 0xE1, 0xE8, 0x9A, 0x20, 0xEB, 0x1E, 0x76, 0x20, 0xEB
	.byte 0x0D, 0x73, 0x20, 0xEB, 0x00, 0x00, 0x9D, 0xE5, 0x1C, 0x40, 0xBD, 0xE8, 0x1E, 0xFF, 0x2F, 0xE1
	.byte 0x70, 0x88, 0xFF, 0x02, 0xC8, 0x88, 0xFF, 0x02, 0x38, 0x40, 0x2D, 0xE9, 0x01, 0x50, 0xA0, 0xE1
	.byte 0x00, 0x00, 0x52, 0xE3, 0x11, 0x00, 0x00, 0x1A, 0x48, 0x00, 0x9F, 0xE5, 0x00, 0x40, 0xA0, 0xE3
	.byte 0x04, 0x20, 0xA0, 0xE1, 0xEC, 0x6B, 0x20, 0xEB, 0x00, 0x00, 0x50, 0xE3, 0x0B, 0x00, 0x00, 0x1A
	.byte 0x34, 0x00, 0x9F, 0xE5, 0x4C, 0x05, 0x90, 0xE5, 0x00, 0x00, 0x50, 0xE3, 0x07, 0x00, 0x00, 0x0A
	.byte 0xE5, 0x9A, 0x20, 0xEB, 0xB0, 0x20, 0xD5, 0xE1, 0x08, 0x10, 0xA0, 0xE3, 0xB0, 0x20, 0xC0, 0xE1
	.byte 0xB2, 0x10, 0xC0, 0xE1, 0xB4, 0x40, 0xC0, 0xE1, 0xB6, 0x40, 0xC0, 0xE1, 0xCB, 0x9A, 0x20, 0xEB
	.byte 0x38, 0x40, 0xBD, 0xE8, 0x1E, 0xFF, 0x2F, 0xE1, 0xF8, 0x88, 0xFF, 0x02, 0x70, 0x98, 0xFF, 0x02
	.byte 0x54, 0x10, 0x9F, 0xE5, 0x00, 0x20, 0xD0, 0xE5, 0x50, 0x35, 0x91, 0xE5, 0xE0, 0x10, 0xD3, 0xE5
	.byte 0x01, 0x00, 0x52, 0xE1, 0x01, 0x20, 0xD0, 0x05, 0xE1, 0x10, 0xD3, 0x05, 0x01, 0x00, 0x52, 0x01
	.byte 0x02, 0x20, 0xD0, 0x05, 0xE2, 0x10, 0xD3, 0x05, 0x01, 0x00, 0x52, 0x01, 0x03, 0x20, 0xD0, 0x05
	.byte 0xE3, 0x10, 0xD3, 0x05, 0x01, 0x00, 0x52, 0x01, 0x04, 0x20, 0xD0, 0x05, 0xE4, 0x10, 0xD3, 0x05
	.byte 0x01, 0x00, 0x52, 0x01, 0x05, 0x10, 0xD0, 0x05, 0xE5, 0x00, 0xD3, 0x05, 0x00, 0x00, 0x51, 0x01
	.byte 0x01, 0x00, 0xA0, 0x03, 0x00, 0x00, 0xA0, 0x13, 0x1E, 0xFF, 0x2F, 0xE1, 0x70, 0x98, 0xFF, 0x02
	.byte 0x10, 0x40, 0x2D, 0xE9, 0x08, 0x30, 0x91, 0xE5, 0x00, 0x20, 0xA0, 0xE1, 0x04, 0x30, 0x82, 0xE5
	.byte 0xBC, 0x30, 0xD1, 0xE1, 0x00, 0x00, 0xA0, 0xE3, 0xB8, 0x30, 0xC2, 0xE1, 0xB2, 0x31, 0xD1, 0xE1
	.byte 0x02, 0xC0, 0xA0, 0xE3, 0x00, 0x00, 0x53, 0xE3, 0xBE, 0x30, 0xD1, 0xE1, 0x00, 0xC0, 0xA0, 0x01
	.byte 0x00, 0x00, 0x53, 0xE3, 0x01, 0xE0, 0xA0, 0xE3, 0xB4, 0x31, 0xD1, 0xE1, 0x00, 0xE0, 0xA0, 0x03
	.byte 0x00, 0x00, 0x53, 0xE3, 0x04, 0x40, 0xA0, 0xE3, 0x00, 0x40, 0xA0, 0x03, 0x0C, 0x30, 0x8E, 0xE1
	.byte 0x03, 0x30, 0x84, 0xE1, 0x0B, 0x30, 0xC2, 0xE5, 0xB4, 0xC0, 0xD1, 0xE1, 0x01, 0x30, 0xA0, 0xE3
	.byte 0x0A, 0xC0, 0xC2, 0xE5, 0xB0, 0x30, 0xC2, 0xE1, 0x02, 0x30, 0xC2, 0xE5, 0x03, 0x00, 0xC2, 0xE5
	.byte 0xB4, 0x03, 0xD1, 0xE1, 0xBC, 0x00, 0xC2, 0xE1, 0xB2, 0x01, 0xD1, 0xE1, 0x00, 0x00, 0x50, 0xE3
	.byte 0x03, 0x00, 0x00, 0x0A, 0xB6, 0x03, 0xD1, 0xE1, 0x08, 0x00, 0x50, 0xE3, 0x08, 0x00, 0xA0, 0x23
	.byte 0x00, 0x00, 0x00, 0x2A, 0xB6, 0x03, 0xD1, 0xE1, 0x0A, 0x30, 0xD2, 0xE5, 0xBE, 0x00, 0xC2, 0xE1
	.byte 0x00, 0x00, 0x53, 0xE3, 0x04, 0x00, 0x00, 0x0A, 0x00, 0x00, 0x91, 0xE5, 0x01, 0x30, 0x83, 0xE2
	.byte 0x10, 0x10, 0x82, 0xE2, 0x01, 0x20, 0xC3, 0xE3, 0x15, 0x74, 0x20, 0xEB, 0x10, 0x40, 0xBD, 0xE8
	.byte 0x1E, 0xFF, 0x2F, 0xE1, 0xF0, 0x41, 0x2D, 0xE9, 0x30, 0x21, 0x9F, 0xE5, 0x01, 0x70, 0xA0, 0xE1
	.byte 0x50, 0x65, 0x92, 0xE5, 0x00, 0x80, 0xA0, 0xE1, 0xE0, 0x00, 0x86, 0xE2, 0x10, 0x10, 0x87, 0xE2
	.byte 0x06, 0x20, 0xA0, 0xE3, 0x01, 0x40, 0xA0, 0xE3, 0x00, 0x50, 0xA0, 0xE3, 0x08, 0x74, 0x20, 0xEB
	.byte 0x07, 0x00, 0xA0, 0xE3, 0xB6, 0x01, 0xC7, 0xE1, 0x01, 0x0C, 0x86, 0xE2, 0xB4, 0x1F, 0xD0, 0xE1
	.byte 0x50, 0x20, 0xA0, 0xE3, 0xB8, 0x11, 0xC7, 0xE1, 0xBC, 0x1E, 0xD0, 0xE1, 0xBE, 0x11, 0xC7, 0xE1
	.byte 0xB6, 0x1E, 0xD6, 0xE1, 0xBC, 0x11, 0xC7, 0xE1, 0x98, 0x11, 0x96, 0xE5, 0x00, 0x00, 0x51, 0xE3
	.byte 0x06, 0x00, 0x00, 0x1A, 0x05, 0x00, 0xA0, 0xE1, 0x24, 0x10, 0x87, 0xE2, 0xB0, 0x52, 0xC7, 0xE1
	.byte 0xB2, 0x52, 0xC7, 0xE1, 0x6E, 0x73, 0x20, 0xEB, 0xBE, 0x59, 0xC7, 0xE1, 0x07, 0x00, 0x00, 0xEA
	.byte 0xB6, 0x19, 0xD0, 0xE1, 0x67, 0x0F, 0x86, 0xE2, 0xB0, 0x12, 0xC7, 0xE1, 0xB4, 0x3C, 0xD6, 0xE1
	.byte 0x24, 0x10, 0x87, 0xE2, 0xB2, 0x32, 0xC7, 0xE1, 0xED, 0x73, 0x20, 0xEB, 0xBE, 0x49, 0xC7, 0xE1
	.byte 0xB4, 0x47, 0xC7, 0xE1, 0xB6, 0x47, 0xC7, 0xE1, 0xB6, 0x0E, 0xD6, 0xE1, 0x7C, 0x10, 0x87, 0xE2
	.byte 0x01, 0x00, 0x50, 0xE3, 0xB8, 0x57, 0xC7, 0x01, 0x10, 0x00, 0xA0, 0x13, 0xB8, 0x07, 0xC7, 0x11
	.byte 0x0A, 0x00, 0xA0, 0xE3, 0xBA, 0x07, 0xC7, 0xE1, 0x26, 0x00, 0x58, 0xE3, 0x00, 0x00, 0xA0, 0xE3
	.byte 0x01, 0x00, 0x00, 0x1A, 0x20, 0x20, 0xA0, 0xE3, 0x04, 0x00, 0x00, 0xEA, 0x08, 0x20, 0xA0, 0xE3
	.byte 0x53, 0x73, 0x20, 0xEB, 0x58, 0x00, 0x9F, 0xE5, 0x84, 0x10, 0x87, 0xE2, 0x18, 0x20, 0xA0, 0xE3
	.byte 0x4F, 0x73, 0x20, 0xEB, 0x01, 0x0C, 0x86, 0xE2, 0xBE, 0x1E, 0xD0, 0xE1, 0x07, 0x00, 0xA0, 0xE1
	.byte 0xBC, 0x19, 0xC7, 0xE1, 0xA1, 0x07, 0x00, 0xEB, 0xB4, 0x50, 0xD0, 0xE1, 0x00, 0x00, 0x55, 0xE3
	.byte 0x01, 0x00, 0xA0, 0x03, 0x07, 0x00, 0x00, 0x0A, 0x4B, 0x9A, 0x20, 0xEB, 0xB0, 0x80, 0xC0, 0xE1
	.byte 0xB2, 0x40, 0xC0, 0xE1, 0x02, 0x1C, 0xA0, 0xE3, 0xB4, 0x10, 0xC0, 0xE1, 0xB6, 0x50, 0xC0, 0xE1
	.byte 0x32, 0x9A, 0x20, 0xEB, 0x00, 0x00, 0xA0, 0xE3, 0xF0, 0x41, 0xBD, 0xE8, 0x1E, 0xFF, 0x2F, 0xE1
	.byte 0x70, 0x98, 0xFF, 0x02, 0xFF, 0xFF, 0x00, 0x00, 0x30, 0x10, 0x9F, 0xE5, 0x30, 0x30, 0x9F, 0xE5
	.byte 0x74, 0xC5, 0x91, 0xE5, 0x2C, 0x20, 0x9F, 0xE5, 0x0C, 0x00, 0xC3, 0xE7, 0x74, 0x35, 0x91, 0xE5
	.byte 0x01, 0x30, 0x83, 0xE2, 0x1F, 0x30, 0x03, 0xE2, 0x74, 0x35, 0x81, 0xE5, 0xB0, 0x10, 0xD2, 0xE1
	.byte 0x81, 0x00, 0x20, 0xE0, 0x20, 0x08, 0x20, 0xE0, 0xB0, 0x00, 0xC2, 0xE1, 0x1E, 0xFF, 0x2F, 0xE1
	.byte 0x70, 0x98, 0xFF, 0x02, 0xC4, 0x9D, 0xFF, 0x02, 0x98, 0xFF, 0xFF, 0x02, 0x28, 0x20, 0x9F, 0xE5
	.byte 0x00, 0x30, 0xA0, 0xE3, 0x03, 0x10, 0x82, 0xE0, 0x01, 0x1A, 0x81, 0xE2, 0x01, 0x30, 0x83, 0xE2
	.byte 0x54, 0x05, 0xC1, 0xE5, 0x20, 0x00, 0x53, 0xE3, 0xF9, 0xFF, 0xFF, 0xBA, 0x0C, 0x00, 0x9F, 0xE5
	.byte 0x00, 0x10, 0xA0, 0xE3, 0x74, 0x15, 0x80, 0xE5, 0x1E, 0xFF, 0x2F, 0xE1, 0x70, 0x88, 0xFF, 0x02
	.byte 0x70, 0x98, 0xFF, 0x02, 0x2C, 0x10, 0x9F, 0xE5, 0x00, 0x30, 0xA0, 0xE3, 0x03, 0x20, 0xA0, 0xE1
	.byte 0x02, 0x00, 0x81, 0xE0, 0x01, 0x0A, 0x80, 0xE2, 0x54, 0x05, 0xD0, 0xE5, 0x01, 0x20, 0x82, 0xE2
	.byte 0x20, 0x00, 0x52, 0xE3, 0x00, 0x30, 0x83, 0xE0, 0xF8, 0xFF, 0xFF, 0xBA, 0x08, 0xC0, 0x9F, 0xE5
	.byte 0xA3, 0x02, 0xA0, 0xE1, 0x1C, 0xFF, 0x2F, 0xE1, 0x70, 0x88, 0xFF, 0x02, 0xF0, 0x28, 0xFE, 0x02
	.byte 0x5C, 0x10, 0x9F, 0xE5, 0x4C, 0x15, 0x91, 0xE5, 0x53, 0x10, 0xD1, 0xE5, 0x08, 0x00, 0x51, 0xE3
	.byte 0x09, 0x00, 0x00, 0x1A, 0x16, 0x00, 0x50, 0xE3, 0x00, 0x00, 0xA0, 0x33, 0x1E, 0xFF, 0x2F, 0x31
	.byte 0x1C, 0x00, 0x50, 0xE3, 0x01, 0x00, 0xA0, 0x33, 0x1E, 0xFF, 0x2F, 0x31, 0x22, 0x00, 0x50, 0xE3
	.byte 0x02, 0x00, 0xA0, 0x33, 0x03, 0x00, 0xA0, 0x23, 0x1E, 0xFF, 0x2F, 0xE1, 0x08, 0x00, 0x50, 0xE3
	.byte 0x00, 0x00, 0xA0, 0x33, 0x1E, 0xFF, 0x2F, 0x31, 0x0E, 0x00, 0x50, 0xE3, 0x01, 0x00, 0xA0, 0x33
	.byte 0x1E, 0xFF, 0x2F, 0x31, 0x14, 0x00, 0x50, 0xE3, 0x02, 0x00, 0xA0, 0x33, 0x03, 0x00, 0xA0, 0x23
	.byte 0x1E, 0xFF, 0x2F, 0xE1, 0x70, 0x98, 0xFF, 0x02, 0x38, 0x40, 0x2D, 0xE9, 0x7E, 0x71, 0x20, 0xEB
	.byte 0x00, 0x50, 0xA0, 0xE1, 0x1E, 0x6A, 0x20, 0xEB, 0x34, 0x40, 0x9F, 0xE5, 0x34, 0x00, 0x9F, 0xE5
	.byte 0x8C, 0x15, 0x94, 0xE5, 0xAC, 0x69, 0x20, 0xEB, 0x78, 0x20, 0x00, 0xEB, 0x88, 0x15, 0x94, 0xE5
	.byte 0xA9, 0x69, 0x20, 0xEB, 0x84, 0x15, 0x94, 0xE5, 0x1C, 0x00, 0x9F, 0xE5, 0xA6, 0x69, 0x20, 0xEB
	.byte 0x20, 0x6A, 0x20, 0xEB, 0x05, 0x00, 0xA0, 0xE1, 0x74, 0x71, 0x20, 0xEB, 0x38, 0x40, 0xBD, 0xE8
	.byte 0x1E, 0xFF, 0x2F, 0xE1, 0x70, 0x98, 0xFF, 0x02, 0x14, 0x94, 0x80, 0x03, 0xB8, 0x94, 0x80, 0x03
	.byte 0x38, 0x40, 0x2D, 0xE9, 0x68, 0x71, 0x20, 0xEB, 0x00, 0x50, 0xA0, 0xE1, 0x08, 0x6A, 0x20, 0xEB
	.byte 0x34, 0x40, 0x9F, 0xE5, 0x34, 0x00, 0x9F, 0xE5, 0x78, 0x15, 0x94, 0xE5, 0x96, 0x69, 0x20, 0xEB
	.byte 0x62, 0x20, 0x00, 0xEB, 0x7C, 0x15, 0x94, 0xE5, 0x93, 0x69, 0x20, 0xEB, 0x80, 0x15, 0x94, 0xE5
	.byte 0x1C, 0x00, 0x9F, 0xE5, 0x90, 0x69, 0x20, 0xEB, 0x0A, 0x6A, 0x20, 0xEB, 0x05, 0x00, 0xA0, 0xE1
	.byte 0x5E, 0x71, 0x20, 0xEB, 0x38, 0x40, 0xBD, 0xE8, 0x1E, 0xFF, 0x2F, 0xE1, 0x70, 0x98, 0xFF, 0x02
	.byte 0xB8, 0x94, 0x80, 0x03, 0x14, 0x94, 0x80, 0x03, 0x10, 0x40, 0x2D, 0xE9, 0x00, 0x40, 0xA0, 0xE3
	.byte 0x51, 0x71, 0x20, 0xEB, 0x50, 0x10, 0x9F, 0xE5, 0x4C, 0x25, 0x91, 0xE5, 0x00, 0x00, 0x52, 0xE3
	.byte 0x0D, 0x00, 0x00, 0x0A, 0x04, 0x30, 0xA0, 0xE1, 0x09, 0x00, 0x00, 0xEA, 0x03, 0x12, 0x82, 0xE0
	.byte 0xD0, 0x10, 0x91, 0xE5, 0x02, 0x09, 0x11, 0xE3, 0xD0, 0x20, 0x82, 0x12, 0x03, 0x42, 0x82, 0x10
	.byte 0x00, 0x10, 0x94, 0x15, 0x02, 0x19, 0xC1, 0x13, 0x03, 0x12, 0x82, 0x17, 0x02, 0x00, 0x00, 0x1A
	.byte 0x01, 0x30, 0x83, 0xE2, 0x20, 0x00, 0x53, 0xE3, 0xF3, 0xFF, 0xFF, 0xBA, 0x43, 0x71, 0x20, 0xEB
	.byte 0x04, 0x00, 0xA0, 0xE1, 0x10, 0x40, 0xBD, 0xE8, 0x1E, 0xFF, 0x2F, 0xE1, 0x70, 0x98, 0xFF, 0x02
	.byte 0x28, 0x00, 0x9F, 0xE5, 0x00, 0x10, 0xA0, 0xE3, 0x50, 0x05, 0x90, 0xE5, 0xB8, 0x13, 0xC0, 0xE1
	.byte 0xBA, 0x13, 0xC0, 0xE1, 0xB0, 0x13, 0xC0, 0xE1, 0xB2, 0x13, 0xC0, 0xE1, 0xBC, 0x13, 0xC0, 0xE1
	.byte 0xBE, 0x13, 0xC0, 0xE1, 0xB4, 0x13, 0xC0, 0xE1, 0xB6, 0x13, 0xC0, 0xE1, 0x1E, 0xFF, 0x2F, 0xE1
	.byte 0x70, 0x98, 0xFF, 0x02, 0x3C, 0x10, 0x9F, 0xE5, 0x02, 0x0C, 0x50, 0xE3, 0x50, 0x25, 0x91, 0xE5
	.byte 0x02, 0x0C, 0xA0, 0x83, 0xB0, 0x03, 0xC2, 0xE1, 0xB4, 0x03, 0xC2, 0xE1, 0x01, 0x1C, 0x82, 0xE2
	.byte 0xB8, 0x18, 0xD1, 0xE1, 0x04, 0x00, 0x80, 0xE2, 0x00, 0x08, 0xA0, 0xE1, 0x20, 0x08, 0xA0, 0xE1
	.byte 0x00, 0x00, 0x51, 0xE3, 0xBC, 0x03, 0xC2, 0x01, 0xB8, 0x03, 0xC2, 0x01, 0xBE, 0x03, 0xC2, 0x11
	.byte 0xBA, 0x03, 0xC2, 0x11, 0x1E, 0xFF, 0x2F, 0xE1, 0x70, 0x98, 0xFF, 0x02, 0x3C, 0x10, 0x9F, 0xE5
	.byte 0x02, 0x0C, 0x50, 0xE3, 0x50, 0x25, 0x91, 0xE5, 0x02, 0x0C, 0xA0, 0x83, 0xB6, 0x03, 0xC2, 0xE1
	.byte 0xB2, 0x03, 0xC2, 0xE1, 0x01, 0x1C, 0x82, 0xE2, 0xB8, 0x18, 0xD1, 0xE1, 0x02, 0x00, 0x80, 0xE2
	.byte 0x00, 0x08, 0xA0, 0xE1, 0x20, 0x08, 0xA0, 0xE1, 0x00, 0x00, 0x51, 0xE3, 0xBE, 0x03, 0xC2, 0x01
	.byte 0xBA, 0x03, 0xC2, 0x01, 0xBC, 0x03, 0xC2, 0x11, 0xB8, 0x03, 0xC2, 0x11, 0x1E, 0xFF, 0x2F, 0xE1
	.byte 0x70, 0x98, 0xFF, 0x02, 0x20, 0x10, 0x9F, 0xE5, 0x50, 0x25, 0x91, 0xE5, 0xB0, 0x03, 0xC2, 0xE1
	.byte 0x01, 0x1C, 0x82, 0xE2, 0xB8, 0x18, 0xD1, 0xE1, 0x04, 0x00, 0x80, 0xE2, 0x00, 0x00, 0x51, 0xE3
	.byte 0xB8, 0x03, 0xC2, 0x01, 0xBA, 0x03, 0xC2, 0x11, 0x1E, 0xFF, 0x2F, 0xE1, 0x70, 0x98, 0xFF, 0x02
	.byte 0x20, 0x10, 0x9F, 0xE5, 0x50, 0x25, 0x91, 0xE5, 0xB2, 0x03, 0xC2, 0xE1, 0x01, 0x1C, 0x82, 0xE2
	.byte 0xB8, 0x18, 0xD1, 0xE1, 0x02, 0x00, 0x80, 0xE2, 0x00, 0x00, 0x51, 0xE3, 0xBA, 0x03, 0xC2, 0x01
	.byte 0xB8, 0x03, 0xC2, 0x11, 0x1E, 0xFF, 0x2F, 0xE1, 0x70, 0x98, 0xFF, 0x02, 0x10, 0x00, 0x9F, 0xE5
	.byte 0x90, 0x05, 0x90, 0xE5, 0x00, 0x00, 0x50, 0xE3, 0x01, 0x00, 0xA0, 0x03, 0x00, 0x00, 0xA0, 0x13
	.byte 0x1E, 0xFF, 0x2F, 0xE1, 0x70, 0x98, 0xFF, 0x02, 0xF0, 0x4F, 0x2D, 0xE9, 0x44, 0xD0, 0x4D, 0xE2
	.byte 0x01, 0x40, 0xA0, 0xE3, 0x00, 0x50, 0xA0, 0xE3, 0x8C, 0x0F, 0x9F, 0xE5, 0x40, 0x10, 0x8D, 0xE2
	.byte 0x28, 0x00, 0x80, 0xE2, 0x01, 0x20, 0xA0, 0xE3, 0x7E, 0x6A, 0x20, 0xEB, 0x40, 0x90, 0x9D, 0xE5
	.byte 0x00, 0x00, 0x59, 0xE3, 0x01, 0x00, 0x00, 0x1A, 0x78, 0x68, 0x20, 0xEB, 0x2B, 0x04, 0x00, 0xEA
	.byte 0xBC, 0x00, 0xD9, 0xE1, 0xFF, 0x10, 0x00, 0xE2, 0xFF, 0x0C, 0x00, 0xE2, 0x00, 0x08, 0xA0, 0xE1
	.byte 0x20, 0x08, 0xB0, 0xE1, 0x01, 0x00, 0x00, 0x0A, 0x01, 0x0C, 0x50, 0xE3, 0x1D, 0x04, 0x00, 0x1A
	.byte 0x80, 0x00, 0x11, 0xE3, 0x1B, 0x04, 0x00, 0x0A, 0x40, 0x0F, 0x9F, 0xE5, 0x4C, 0x05, 0x90, 0xE5
	.byte 0x00, 0x00, 0x50, 0xE3, 0x34, 0x0F, 0x9F, 0x15, 0x50, 0x85, 0x90, 0x15, 0xB0, 0x30, 0xD8, 0x11
	.byte 0x01, 0x00, 0x53, 0x13, 0xE3, 0xFF, 0xFF, 0x0A, 0xBC, 0x20, 0xD9, 0xE1, 0x20, 0x1F, 0x9F, 0xE5
	.byte 0x01, 0x00, 0x52, 0xE1, 0x0F, 0x00, 0x00, 0xCA, 0x9E, 0x01, 0x00, 0xAA, 0x8D, 0x00, 0x52, 0xE3
	.byte 0x09, 0x00, 0x00, 0xCA, 0x84, 0x00, 0x52, 0xE2, 0x07, 0x04, 0x00, 0x4A, 0x80, 0x00, 0x8F, 0xE0
	.byte 0xB4, 0x00, 0xD0, 0xE1, 0x00, 0xF0, 0x8F, 0xE0, 0x48, 0x00, 0x64, 0x00, 0xE8, 0x02, 0x4C, 0x04
	.byte 0x64, 0x04, 0x10, 0x10, 0x10, 0x10, 0x7C, 0x04, 0xA0, 0x04, 0xC8, 0x04, 0x06, 0x0D, 0x52, 0xE3
	.byte 0x64, 0x01, 0x00, 0x0A, 0xFC, 0x03, 0x00, 0xEA, 0x03, 0x00, 0x81, 0xE2, 0x00, 0x00, 0x52, 0xE1
	.byte 0x03, 0x00, 0x00, 0xCA, 0x2E, 0x03, 0x00, 0xAA, 0x61, 0x0F, 0x52, 0xE3, 0x44, 0x02, 0x00, 0x0A
	.byte 0xF5, 0x03, 0x00, 0xEA, 0x04, 0x00, 0x81, 0xE2, 0x00, 0x00, 0x52, 0xE1, 0xBA, 0x03, 0x00, 0x0A
	.byte 0xF1, 0x03, 0x00, 0xEA, 0x24, 0x99, 0x20, 0xEB, 0x80, 0x10, 0xA0, 0xE3, 0xB0, 0x10, 0xC0, 0xE1
	.byte 0xB2, 0x50, 0xC0, 0xE1, 0x13, 0x10, 0xA0, 0xE3, 0xB4, 0x10, 0xC0, 0xE1, 0xE9, 0x03, 0x00, 0xEA
	.byte 0x07, 0x00, 0x53, 0xE3, 0x01, 0x00, 0x00, 0x0A, 0x09, 0x00, 0x53, 0xE3, 0x5C, 0x00, 0x00, 0x1A
	.byte 0x10, 0x00, 0x89, 0xE2, 0x38, 0x10, 0x8D, 0xE2, 0x06, 0x20, 0xA0, 0xE3, 0x98, 0x72, 0x20, 0xEB
	.byte 0x00, 0x70, 0xA0, 0xE3, 0x07, 0x60, 0xA0, 0xE1, 0x01, 0xAC, 0x88, 0xE2, 0x34, 0x00, 0x00, 0xEA
	.byte 0x99, 0x70, 0x20, 0xEB, 0x10, 0x00, 0x8D, 0xE5, 0xB2, 0x08, 0xDA, 0xE1, 0x01, 0x10, 0x86, 0xE2
	.byte 0x14, 0x01, 0x10, 0xE1, 0x2B, 0x00, 0x00, 0x0A, 0x06, 0x00, 0xA0, 0xE3, 0x96, 0x00, 0x02, 0xE0
	.byte 0x02, 0x00, 0x88, 0xE0, 0x38, 0xB0, 0xDD, 0xE5, 0x28, 0x31, 0xD0, 0xE5, 0x03, 0x00, 0x5B, 0xE1
	.byte 0x39, 0xB0, 0xDD, 0x05, 0x29, 0x31, 0xD0, 0x05, 0x03, 0x00, 0x5B, 0x01, 0x3A, 0xB0, 0xDD, 0x05
	.byte 0x2A, 0x31, 0xD0, 0x05, 0x03, 0x00, 0x5B, 0x01, 0x3B, 0xB0, 0xDD, 0x05, 0x2B, 0x31, 0xD0, 0x05
	.byte 0x03, 0x00, 0x5B, 0x01, 0x3C, 0xB0, 0xDD, 0x05, 0x2C, 0x31, 0xD0, 0x05, 0x03, 0x00, 0x5B, 0x01
	.byte 0x2D, 0x01, 0xD0, 0x05, 0x3D, 0x30, 0xDD, 0x05, 0x00, 0x00, 0x53, 0x01, 0x15, 0x00, 0x00, 0x1A
	.byte 0x01, 0x08, 0xA0, 0xE1, 0x01, 0x3C, 0x88, 0xE2, 0x20, 0x78, 0xA0, 0xE1, 0x14, 0x07, 0xE0, 0xE1
	.byte 0xB2, 0x68, 0xD3, 0xE1, 0x00, 0x08, 0xA0, 0xE1, 0x20, 0x68, 0x06, 0xE0, 0xB2, 0x68, 0xC3, 0xE1
	.byte 0xB6, 0x68, 0xD8, 0xE1, 0x00, 0x10, 0xA0, 0xE3, 0x20, 0x08, 0x06, 0xE0, 0xB6, 0x08, 0xC8, 0xE1
	.byte 0x87, 0x31, 0x88, 0xE0, 0x38, 0x17, 0x83, 0xE5, 0x4A, 0x0F, 0x88, 0xE2, 0x02, 0x00, 0x80, 0xE0
	.byte 0x06, 0x20, 0xA0, 0xE3, 0x3C, 0x17, 0x83, 0xE5, 0x40, 0x72, 0x20, 0xEB, 0x10, 0x00, 0x9D, 0xE5
	.byte 0x6E, 0x70, 0x20, 0xEB, 0x04, 0x00, 0x00, 0xEA, 0x10, 0x00, 0x9D, 0xE5, 0x6B, 0x70, 0x20, 0xEB
	.byte 0x01, 0x60, 0x86, 0xE2, 0x0F, 0x00, 0x56, 0xE3, 0xC8, 0xFF, 0xFF, 0xBA, 0x00, 0x00, 0x57, 0xE3
	.byte 0xA5, 0x03, 0x00, 0x0A, 0xD8, 0x98, 0x20, 0xEB, 0x00, 0x60, 0xA0, 0xE1, 0x08, 0x00, 0xA0, 0xE3
	.byte 0xB0, 0x00, 0xC6, 0xE1, 0xB2, 0x50, 0xC6, 0xE1, 0x09, 0x00, 0xA0, 0xE3, 0xB8, 0x00, 0xC6, 0xE1
	.byte 0xB6, 0x11, 0xD9, 0xE1, 0x10, 0x00, 0x89, 0xE2, 0xB2, 0x11, 0xC6, 0xE1, 0xB0, 0x71, 0xC6, 0xE1
	.byte 0x0A, 0x10, 0x86, 0xE2, 0x06, 0x20, 0xA0, 0xE3, 0x4D, 0x72, 0x20, 0xEB, 0xB0, 0x13, 0xD8, 0xE1
	.byte 0x06, 0x00, 0xA0, 0xE1, 0xBC, 0x12, 0xC6, 0xE1, 0xB2, 0x13, 0xD8, 0xE1, 0xBE, 0x12, 0xC6, 0xE1
	.byte 0xB2, 0x98, 0x20, 0xEB, 0x0C, 0x00, 0x98, 0xE5, 0x01, 0x00, 0x50, 0xE3, 0x8E, 0x03, 0x00, 0x1A
	.byte 0x14, 0x07, 0xA0, 0xE1, 0x00, 0x08, 0xA0, 0xE1, 0x20, 0x08, 0xA0, 0xE1, 0x5F, 0x1A, 0x00, 0xEB
	.byte 0x89, 0x03, 0x00, 0xEA, 0x05, 0x70, 0xA0, 0xE1, 0x43, 0x70, 0x20, 0xEB, 0x01, 0x1C, 0x88, 0xE2
	.byte 0xB2, 0x18, 0xD1, 0xE1, 0x00, 0x60, 0xA0, 0xE1, 0x00, 0x00, 0x51, 0xE3, 0x01, 0x00, 0x00, 0x1A
	.byte 0x42, 0x70, 0x20, 0xEB, 0x80, 0x03, 0x00, 0xEA, 0x0C, 0x00, 0x98, 0xE5, 0x01, 0x00, 0x50, 0xE3
	.byte 0x06, 0x00, 0x00, 0x1A, 0x0C, 0x50, 0x88, 0xE5, 0x01, 0x70, 0xA0, 0xE3, 0x33, 0x13, 0x00, 0xEB
	.byte 0x05, 0x00, 0xA0, 0xE1, 0x05, 0x10, 0xA0, 0xE1, 0x7A, 0x19, 0x00, 0xEB, 0xB1, 0xFE, 0xFF, 0xEB
	.byte 0x01, 0x0C, 0x88, 0xE2, 0xB2, 0x58, 0xC0, 0xE1, 0xB6, 0x58, 0xC8, 0xE1, 0x14, 0x50, 0x88, 0xE5
	.byte 0x10, 0x50, 0x88, 0xE5, 0x1C, 0x50, 0x88, 0xE5, 0x98, 0x51, 0x88, 0xE5, 0xB6, 0x59, 0xC0, 0xE1
	.byte 0x67, 0x0F, 0x88, 0xE2, 0x05, 0x10, 0xA0, 0xE1, 0x50, 0x20, 0xA0, 0xE3, 0xFB, 0x71, 0x20, 0xEB
	.byte 0xEA, 0xFE, 0xFF, 0xEB, 0xB2, 0x5C, 0xC8, 0xE1, 0x03, 0x10, 0xA0, 0xE3, 0x06, 0x00, 0xA0, 0xE1
	.byte 0xB0, 0x10, 0xC8, 0xE1, 0x25, 0x70, 0x20, 0xEB, 0x97, 0x98, 0x20, 0xEB, 0x00, 0x60, 0xA0, 0xE1
	.byte 0x0C, 0x00, 0xA0, 0xE3, 0xB0, 0x00, 0xC6, 0xE1, 0xB2, 0x50, 0xC6, 0xE1, 0x09, 0x00, 0xA0, 0xE3
	.byte 0xB8, 0x00, 0xC6, 0xE1, 0xB6, 0x11, 0xD9, 0xE1, 0x01, 0x0C, 0x88, 0xE2, 0xBC, 0x10, 0xC6, 0xE1
	.byte 0xB8, 0x18, 0xD0, 0xE1, 0x8A, 0x00, 0x88, 0xE2, 0xBA, 0x10, 0xC6, 0xE1, 0x01, 0x0C, 0x80, 0xE2
	.byte 0x10, 0x10, 0x86, 0xE2, 0x06, 0x20, 0xA0, 0xE3, 0x09, 0x72, 0x20, 0xEB, 0xB0, 0x13, 0xD8, 0xE1
	.byte 0x06, 0x00, 0xA0, 0xE1, 0xB6, 0x11, 0xC6, 0xE1, 0xB2, 0x13, 0xD8, 0xE1, 0xB8, 0x11, 0xC6, 0xE1
	.byte 0x6E, 0x98, 0x20, 0xEB, 0x00, 0x00, 0x57, 0xE3, 0x4B, 0x03, 0x00, 0x0A, 0x01, 0x00, 0xA0, 0xE3
	.byte 0xBD, 0xFF, 0xFF, 0xEA, 0xB6, 0x61, 0xD9, 0xE1, 0x00, 0x00, 0x56, 0xE3, 0x46, 0x03, 0x00, 0x0A
	.byte 0x10, 0x00, 0x56, 0xE3, 0x44, 0x03, 0x00, 0x2A, 0xB6, 0x0F, 0xD8, 0xE1, 0x00, 0x00, 0x50, 0xE3
	.byte 0x19, 0x00, 0x00, 0x1A, 0xA7, 0xFE, 0xFF, 0xEB, 0x00, 0x60, 0xB0, 0xE1, 0x00, 0x00, 0xA0, 0x03
	.byte 0x09, 0x00, 0x00, 0x0A, 0x22, 0x00, 0xA0, 0xE3, 0x00, 0x00, 0x86, 0xE5, 0x10, 0x00, 0x89, 0xE2
	.byte 0x04, 0x10, 0x86, 0xE2, 0x06, 0x20, 0xA0, 0xE3, 0xED, 0x71, 0x20, 0xEB, 0x06, 0x10, 0xA0, 0xE1
	.byte 0xC0, 0x0B, 0x9F, 0xE5, 0x00, 0x20, 0xA0, 0xE3, 0x67, 0x69, 0x20, 0xEB, 0x00, 0x00, 0x50, 0xE3
	.byte 0x31, 0x03, 0x00, 0x1A, 0x64, 0x98, 0x20, 0xEB, 0x80, 0x10, 0xA0, 0xE3, 0xB0, 0x10, 0xC0, 0xE1
	.byte 0x08, 0x10, 0xA0, 0xE3, 0xB2, 0x10, 0xC0, 0xE1, 0x16, 0x10, 0xA0, 0xE3, 0xB4, 0x10, 0xC0, 0xE1
	.byte 0x22, 0x10, 0xA0, 0xE3, 0xB6, 0x10, 0xC0, 0xE1, 0x3B, 0xFF, 0xFF, 0xEA, 0xE2, 0x6F, 0x20, 0xEB
	.byte 0x01, 0x1C, 0x88, 0xE2, 0x00, 0x70, 0xA0, 0xE1, 0x14, 0x06, 0xA0, 0xE1, 0xB2, 0x38, 0xD1, 0xE1
	.byte 0x00, 0x08, 0xA0, 0xE1, 0x20, 0x08, 0x83, 0xE1, 0xB2, 0x08, 0xC1, 0xE1, 0x14, 0x26, 0xE0, 0xE1
	.byte 0xB6, 0x18, 0xD8, 0xE1, 0x02, 0x08, 0xA0, 0xE1, 0x20, 0x08, 0x01, 0xE0, 0xB6, 0x08, 0xC8, 0xE1
	.byte 0x27, 0x6D, 0x20, 0xEB, 0x04, 0x20, 0x80, 0xE1, 0x86, 0x01, 0x88, 0xE0, 0x38, 0x27, 0x80, 0xE5
	.byte 0x05, 0x10, 0x81, 0xE1, 0x3C, 0x17, 0x80, 0xE5, 0x4A, 0x3F, 0x88, 0xE2, 0x01, 0x20, 0x46, 0xE2
	.byte 0x06, 0x10, 0xA0, 0xE3, 0x92, 0x31, 0x21, 0xE0, 0x10, 0x00, 0x89, 0xE2, 0x06, 0x20, 0xA0, 0xE3
	.byte 0xC3, 0x71, 0x20, 0xEB, 0x07, 0x00, 0xA0, 0xE1, 0xCC, 0x6F, 0x20, 0xEB, 0x7E, 0x1F, 0x88, 0xE2
	.byte 0x04, 0x00, 0xA0, 0xE1, 0x06, 0x12, 0x81, 0xE0, 0x10, 0x20, 0xA0, 0xE3, 0x34, 0x71, 0x20, 0xEB
	.byte 0x39, 0x98, 0x20, 0xEB, 0x00, 0x70, 0xA0, 0xE1, 0x08, 0x00, 0xA0, 0xE3, 0xB0, 0x00, 0xC7, 0xE1
	.byte 0xB2, 0x50, 0xC7, 0xE1, 0x07, 0x00, 0xA0, 0xE3, 0xB8, 0x00, 0xC7, 0xE1, 0x06, 0x20, 0xA0, 0xE3
	.byte 0x10, 0x00, 0x89, 0xE2, 0x0A, 0x10, 0x87, 0xE2, 0xB1, 0x71, 0x20, 0xEB, 0xB0, 0x61, 0xC7, 0xE1
	.byte 0x22, 0x00, 0x89, 0xE2, 0x14, 0x10, 0x87, 0xE2, 0x18, 0x20, 0xA0, 0xE3, 0x2A, 0x71, 0x20, 0xEB
	.byte 0xB0, 0x13, 0xD8, 0xE1, 0x07, 0x00, 0xA0, 0xE1, 0xBC, 0x12, 0xC7, 0xE1, 0xB2, 0x13, 0xD8, 0xE1
	.byte 0xBE, 0x12, 0xC7, 0xE1, 0x04, 0xFF, 0xFF, 0xEA, 0x23, 0x98, 0x20, 0xEB, 0x80, 0x10, 0xA0, 0xE3
	.byte 0xB0, 0x10, 0xC0, 0xE1, 0xB2, 0x50, 0xC0, 0xE1, 0x12, 0x10, 0xA0, 0xE3, 0xFD, 0xFE, 0xFF, 0xEA
	.byte 0x1D, 0x98, 0x20, 0xEB, 0x80, 0x10, 0xA0, 0xE3, 0xB0, 0x10, 0xC0, 0xE1, 0xB2, 0x50, 0xC0, 0xE1
	.byte 0x11, 0x10, 0xA0, 0xE3, 0xF7, 0xFE, 0xFF, 0xEA, 0xB2, 0x0C, 0xD8, 0xE1, 0x00, 0x00, 0x50, 0xE3
	.byte 0xE1, 0x02, 0x00, 0x0A, 0x14, 0x98, 0x20, 0xEB, 0x0C, 0x10, 0xA0, 0xE3, 0xB0, 0x10, 0xC0, 0xE1
	.byte 0xB2, 0x50, 0xC0, 0xE1, 0x08, 0x10, 0xA0, 0xE3, 0x07, 0x00, 0x00, 0xEA, 0xB2, 0x0C, 0xD8, 0xE1
	.byte 0x00, 0x00, 0x50, 0xE3, 0xD8, 0x02, 0x00, 0x0A, 0x0B, 0x98, 0x20, 0xEB, 0x08, 0x10, 0xA0, 0xE3
	.byte 0xB0, 0x10, 0xC0, 0xE1, 0xB2, 0x50, 0xC0, 0xE1, 0x02, 0x10, 0xA0, 0xE3, 0xB8, 0x10, 0xC0, 0xE1
	.byte 0xE5, 0xFE, 0xFF, 0xEA, 0x1F, 0x00, 0xD9, 0xE5, 0xEB, 0x02, 0x00, 0xEB, 0x28, 0x2A, 0x9F, 0xE5
	.byte 0xB0, 0x10, 0xD2, 0xE1, 0x81, 0x00, 0x20, 0xE0, 0x20, 0x08, 0x20, 0xE0, 0xB0, 0x00, 0xC2, 0xE1
	.byte 0xB0, 0x00, 0xD8, 0xE1, 0x08, 0x00, 0x50, 0xE3, 0x01, 0x00, 0x00, 0x0A, 0x0A, 0x00, 0x50, 0xE3
	.byte 0xC5, 0x02, 0x00, 0x1A, 0xBA, 0x1B, 0xD8, 0xE1, 0xB4, 0x04, 0xD9, 0xE1, 0x00, 0x00, 0x51, 0xE1
	.byte 0x0D, 0x00, 0x00, 0x0A, 0x27, 0xFE, 0xFF, 0xEB, 0x00, 0x10, 0xB0, 0xE1, 0x00, 0x00, 0xA0, 0x03
	.byte 0x06, 0x00, 0x00, 0x0A, 0x25, 0x00, 0xA0, 0xE3, 0x11, 0x00, 0x81, 0xE8, 0xDC, 0x29, 0x9F, 0xE5
	.byte 0xD0, 0x09, 0x9F, 0xE5, 0x08, 0x20, 0x81, 0xE5, 0x00, 0x20, 0xA0, 0xE3, 0xEA, 0x68, 0x20, 0xEB
	.byte 0x00, 0x00, 0x50, 0xE3, 0xB4, 0x02, 0x00, 0x1A, 0xA9, 0x02, 0x00, 0xEA, 0xAC, 0x09, 0x9F, 0xE5
	.byte 0x50, 0x05, 0x90, 0xE5, 0xB2, 0x0C, 0xD0, 0xE1, 0x00, 0x00, 0x50, 0xE3, 0xAE, 0x02, 0x00, 0x0A
	.byte 0xE1, 0x97, 0x20, 0xEB, 0x00, 0x60, 0xA0, 0xE1, 0x80, 0x00, 0xA0, 0xE3, 0xB0, 0x00, 0xC6, 0xE1
	.byte 0xB2, 0x50, 0xC6, 0xE1, 0x10, 0x00, 0xA0, 0xE3, 0xB4, 0x00, 0xC6, 0xE1, 0xB4, 0x04, 0xD9, 0xE1
	.byte 0xB6, 0x00, 0xC6, 0xE1, 0xB0, 0x00, 0xD8, 0xE1, 0xB8, 0x00, 0xC6, 0xE1, 0xB6, 0x01, 0xD9, 0xE1
	.byte 0xBA, 0x00, 0xC6, 0xE1, 0x80, 0x00, 0x50, 0xE3, 0x04, 0x00, 0x00, 0x8A, 0x01, 0x00, 0x80, 0xE2
	.byte 0x01, 0x20, 0xC0, 0xE3, 0x3C, 0x00, 0x89, 0xE2, 0x0C, 0x10, 0x86, 0xE2, 0xCE, 0x70, 0x20, 0xEB
	.byte 0x06, 0x00, 0xA0, 0xE1, 0xAC, 0xFE, 0xFF, 0xEA, 0x10, 0x00, 0x98, 0xE5, 0x00, 0x00, 0x50, 0xE3
	.byte 0x95, 0x02, 0x00, 0x0A, 0x1F, 0x00, 0xD9, 0xE5, 0xAF, 0x02, 0x00, 0xEB, 0x85, 0xFD, 0xFF, 0xEB
	.byte 0xA3, 0xFD, 0xFF, 0xEB, 0xBC, 0x0B, 0xC8, 0xE1, 0x2E, 0x00, 0x89, 0xE2, 0xE7, 0xFC, 0xFF, 0xEB
	.byte 0x01, 0x00, 0x50, 0xE3, 0x8C, 0x02, 0x00, 0x0A, 0xB6, 0x11, 0xD9, 0xE1, 0x20, 0x09, 0x9F, 0xE5
	.byte 0x00, 0x00, 0x51, 0xE1, 0x88, 0x02, 0x00, 0x8A, 0xBE, 0x1A, 0xD8, 0xE1, 0x10, 0x00, 0x89, 0xE2
	.byte 0x01, 0x10, 0x21, 0xE2, 0xBE, 0x1A, 0xC8, 0xE1, 0xBE, 0x2A, 0xD8, 0xE1, 0xB6, 0x11, 0xD9, 0xE1
	.byte 0x02, 0x21, 0x88, 0xE0, 0xB0, 0x60, 0x92, 0xE5, 0x2D, 0x10, 0x81, 0xE2, 0x01, 0x20, 0xC1, 0xE3
	.byte 0x06, 0x10, 0xA0, 0xE1, 0x32, 0x71, 0x20, 0xEB, 0x28, 0x00, 0x89, 0xE2, 0x18, 0x10, 0x86, 0xE2
	.byte 0x06, 0x20, 0xA0, 0xE3, 0x2E, 0x71, 0x20, 0xEB, 0x06, 0x20, 0xA0, 0xE3, 0x2E, 0x00, 0x89, 0xE2
	.byte 0x1E, 0x10, 0x86, 0xE2, 0x2A, 0x71, 0x20, 0xEB, 0xA7, 0x97, 0x20, 0xEB, 0x11, 0x10, 0xA0, 0xE3
	.byte 0xB0, 0x10, 0xC0, 0xE1, 0xB2, 0x50, 0xC0, 0xE1, 0x0F, 0x10, 0xA0, 0xE3, 0xB4, 0x10, 0xC0, 0xE1
	.byte 0x08, 0x60, 0x80, 0xE5, 0x80, 0xFE, 0xFF, 0xEA, 0x1F, 0x00, 0xD9, 0xE5, 0x86, 0x02, 0x00, 0xEB
	.byte 0xBE, 0x1B, 0xD8, 0xE1, 0x00, 0x00, 0x51, 0xE1, 0xBE, 0x0B, 0xC8, 0x81, 0x0C, 0x00, 0x98, 0xE5
	.byte 0x00, 0x00, 0x50, 0xE3, 0x64, 0x02, 0x00, 0x0A, 0xB0, 0x06, 0xD8, 0xE1, 0x01, 0x00, 0x50, 0xE3
	.byte 0xB0, 0x56, 0xC8, 0x01, 0xBE, 0x08, 0xD8, 0xE1, 0x14, 0x00, 0x8D, 0xE5, 0xB0, 0x07, 0xD8, 0xE1
	.byte 0x01, 0x00, 0x20, 0xE2, 0xB0, 0x07, 0xC8, 0xE1, 0xB0, 0x17, 0xD8, 0xE1, 0xB6, 0x01, 0xD9, 0xE1
	.byte 0x01, 0x11, 0x88, 0xE0, 0x74, 0x60, 0x91, 0xE5, 0x30, 0x20, 0x80, 0xE2, 0xB2, 0x07, 0xD8, 0xE1
	.byte 0x06, 0x10, 0xA0, 0xE1, 0x02, 0x00, 0x50, 0xE1, 0x00, 0x20, 0xA0, 0x31, 0x10, 0x00, 0x89, 0xE2
	.byte 0x07, 0x71, 0x20, 0xEB, 0x0C, 0x6F, 0x20, 0xEB, 0x18, 0x00, 0x8D, 0xE5, 0xB4, 0x08, 0xD8, 0xE1
	.byte 0x00, 0xB0, 0xA0, 0xE3, 0x01, 0x00, 0x50, 0xE3, 0x02, 0x00, 0x00, 0x1A, 0x01, 0xB0, 0xA0, 0xE3
	.byte 0x20, 0x08, 0x9F, 0xE5, 0x43, 0x6D, 0x20, 0xEB, 0x01, 0x70, 0xA0, 0xE3, 0xB4, 0x78, 0xC8, 0xE1
	.byte 0xBA, 0x00, 0xD6, 0xE1, 0x10, 0xE8, 0x9F, 0xE5, 0xB2, 0x08, 0xC8, 0xE1, 0xB8, 0xA1, 0xD9, 0xE1
	.byte 0x00, 0x00, 0xA0, 0xE3, 0x02, 0x0A, 0x1A, 0xE3, 0x00, 0x70, 0xA0, 0x03, 0xB0, 0x79, 0xC8, 0xE1
	.byte 0x00, 0x00, 0x8D, 0xE5, 0xBA, 0x20, 0xD6, 0xE1, 0xBC, 0x10, 0xD6, 0xE1, 0x08, 0x00, 0x8D, 0xE5
	.byte 0x01, 0x10, 0x42, 0xE0, 0x01, 0x18, 0xA0, 0xE1, 0x21, 0x18, 0xA0, 0xE1, 0x80, 0x10, 0x81, 0xE2
	.byte 0x01, 0x12, 0xA0, 0xE1, 0xC1, 0xCF, 0xA0, 0xE1, 0x91, 0x3E, 0x82, 0xE0, 0x9C, 0x2E, 0x22, 0xE0
	.byte 0x23, 0x13, 0xA0, 0xE1, 0x02, 0x1D, 0x81, 0xE1, 0x22, 0x33, 0xA0, 0xE1, 0x21, 0x15, 0xA0, 0xE1
	.byte 0xB0, 0x07, 0x9F, 0xE5, 0x23, 0x25, 0xA0, 0xE1, 0x03, 0x1B, 0x81, 0xE1, 0xAC, 0x37, 0x9F, 0xE5
	.byte 0xEB, 0x6C, 0x20, 0xEB, 0x06, 0x0A, 0x0A, 0xE2, 0x06, 0x0A, 0x50, 0xE3, 0x01, 0x00, 0xA0, 0x03
	.byte 0x08, 0x00, 0x8D, 0x05, 0x01, 0x0B, 0x0A, 0xE2, 0x01, 0x0B, 0x50, 0xE3, 0x01, 0x00, 0xA0, 0x03
	.byte 0x00, 0x00, 0xA0, 0x13, 0xBE, 0x08, 0xC8, 0xE1, 0x08, 0x00, 0x9D, 0xE5, 0x0C, 0xA0, 0xA0, 0xE3
	.byte 0x00, 0x00, 0x50, 0xE3, 0x01, 0x00, 0xA0, 0x13, 0x00, 0x00, 0xA0, 0x03, 0xBC, 0x08, 0xC8, 0xE1
	.byte 0x00, 0x00, 0x57, 0xE3, 0x0E, 0x00, 0x00, 0x0A, 0xBC, 0x02, 0xD6, 0xE1, 0x66, 0x10, 0x40, 0xE2
	.byte 0xC1, 0x00, 0xA0, 0xE1, 0x20, 0x0F, 0x81, 0xE0, 0x40, 0x01, 0xA0, 0xE1, 0x20, 0x10, 0x50, 0xE2
	.byte 0x07, 0x00, 0x00, 0x4A, 0xB2, 0x03, 0xD8, 0xE1, 0x02, 0x0C, 0x51, 0xE3, 0x02, 0x1C, 0xA0, 0xC3
	.byte 0x00, 0x00, 0x51, 0xE1, 0x02, 0x00, 0x00, 0x0A, 0x01, 0x08, 0xA0, 0xE1, 0x20, 0x08, 0xA0, 0xE1
	.byte 0xC6, 0xFD, 0xFF, 0xEB, 0x18, 0x00, 0x9D, 0xE5, 0xC8, 0x6E, 0x20, 0xEB, 0x00, 0x00, 0x5B, 0xE3
	.byte 0x0E, 0x00, 0x00, 0x0A, 0x14, 0x00, 0x9D, 0xE5, 0x01, 0x00, 0x50, 0xE3, 0x02, 0x00, 0x00, 0x1A
	.byte 0x0B, 0x00, 0xA0, 0xE1, 0x00, 0x10, 0xA0, 0xE3, 0x02, 0x18, 0x00, 0xEB, 0x32, 0x97, 0x20, 0xEB
	.byte 0x0E, 0x10, 0xA0, 0xE3, 0xB0, 0x10, 0xC0, 0xE1, 0x09, 0x10, 0xA0, 0xE3, 0xB2, 0x10, 0xC0, 0xE1
	.byte 0x0D, 0x10, 0xA0, 0xE3, 0xB4, 0x10, 0xC0, 0xE1, 0x08, 0x50, 0x80, 0xE5, 0x17, 0x97, 0x20, 0xEB
	.byte 0x00, 0x00, 0x57, 0xE3, 0x08, 0x00, 0x00, 0x1A, 0xB6, 0x00, 0xD6, 0xE1, 0x02, 0x00, 0x50, 0xE3
	.byte 0xF1, 0x01, 0x00, 0x3A, 0xB0, 0x03, 0xD6, 0xE1, 0x02, 0x09, 0x10, 0xE3, 0x01, 0x00, 0xA0, 0x13
	.byte 0x00, 0x00, 0xA0, 0x03, 0xBE, 0x05, 0xC8, 0xE1, 0xEB, 0x01, 0x00, 0xEA, 0x28, 0x00, 0x89, 0xE2
	.byte 0x18, 0x10, 0x86, 0xE2, 0x06, 0x20, 0xA0, 0xE3, 0x9D, 0x70, 0x20, 0xEB, 0x06, 0x20, 0xA0, 0xE3
	.byte 0x2E, 0x00, 0x89, 0xE2, 0x1E, 0x10, 0x86, 0xE2, 0x99, 0x70, 0x20, 0xEB, 0xB6, 0x00, 0xD6, 0xE1
	.byte 0x02, 0x00, 0x50, 0xE3, 0x1A, 0x00, 0x00, 0x3A, 0x02, 0x00, 0x40, 0xE2, 0xB6, 0x00, 0xC6, 0xE1
	.byte 0xB0, 0x03, 0xD6, 0xE1, 0x02, 0x09, 0x10, 0xE3, 0x01, 0x00, 0xA0, 0x13, 0x00, 0x00, 0xA0, 0x03
	.byte 0xBE, 0x05, 0xC8, 0xE1, 0x0C, 0x97, 0x20, 0xEB, 0x0E, 0x10, 0xA0, 0xE3, 0xB0, 0x10, 0xC0, 0xE1
	.byte 0xB2, 0x50, 0xC0, 0xE1, 0xB4, 0xA0, 0xC0, 0xE1, 0x08, 0x60, 0x80, 0xE5, 0xF3, 0x96, 0x20, 0xEB
	.byte 0xB6, 0x70, 0xD6, 0xE1, 0x00, 0x00, 0x57, 0xE3, 0x12, 0x00, 0x00, 0x0A, 0x1F, 0x00, 0xD9, 0xE5
	.byte 0xE9, 0x01, 0x00, 0xEB, 0x00, 0x70, 0x8D, 0xE5, 0x04, 0x60, 0x8D, 0xE5, 0x00, 0x30, 0xA0, 0xE1
	.byte 0x05, 0x00, 0xA0, 0xE1, 0xB0, 0x13, 0xD6, 0xE1, 0x32, 0x20, 0x86, 0xE2, 0x1C, 0x19, 0x00, 0xEB
	.byte 0x08, 0x00, 0x00, 0xEA, 0xB6, 0x50, 0xC6, 0xE1, 0xBE, 0x55, 0xC8, 0xE1, 0xF6, 0x96, 0x20, 0xEB
	.byte 0x0E, 0x10, 0xA0, 0xE3, 0xB0, 0x10, 0xC0, 0xE1, 0xB2, 0x10, 0xC0, 0xE1, 0xB4, 0xA0, 0xC0, 0xE1
	.byte 0x08, 0x60, 0x80, 0xE5, 0xDD, 0x96, 0x20, 0xEB, 0xBC, 0x07, 0x98, 0xE5, 0xB8, 0x17, 0x98, 0xE5
	.byte 0x05, 0x00, 0x50, 0xE1, 0x05, 0x00, 0x51, 0x01, 0xB7, 0x01, 0x00, 0x0A, 0xC4, 0x6B, 0x20, 0xEB
	.byte 0x05, 0x10, 0x81, 0xE1, 0x01, 0x00, 0x80, 0xE3, 0x38, 0x07, 0x88, 0xE5, 0x3C, 0x17, 0x88, 0xE5
	.byte 0xB1, 0x01, 0x00, 0xEA, 0x00, 0x00, 0xA0, 0xE3, 0x28, 0x00, 0x8D, 0xE5, 0x0C, 0x00, 0x98, 0xE5
	.byte 0x00, 0x00, 0x50, 0xE3, 0xAC, 0x01, 0x00, 0x0A, 0xB2, 0x01, 0xD9, 0xE1, 0x00, 0x00, 0x50, 0xE3
	.byte 0x05, 0x00, 0x00, 0x1A, 0xB6, 0x16, 0xD8, 0xE1, 0x01, 0x00, 0x51, 0xE3, 0x04, 0x00, 0x00, 0x1A
	.byte 0xB0, 0x01, 0xD9, 0xE1, 0x00, 0x00, 0x50, 0xE3, 0x01, 0x00, 0x00, 0x0A, 0xC3, 0x01, 0x00, 0xEB
	.byte 0xA1, 0x01, 0x00, 0xEA, 0x00, 0x00, 0x51, 0xE3, 0xB6, 0x56, 0xC8, 0x11, 0xB6, 0x21, 0xD9, 0xE1
	.byte 0xB4, 0x11, 0xD9, 0xE1, 0xB0, 0x07, 0xD8, 0xE1, 0x92, 0x01, 0x01, 0xE0, 0x00, 0x01, 0x88, 0xE0
	.byte 0x74, 0x60, 0x90, 0xE5, 0x0A, 0x20, 0x81, 0xE2, 0xB2, 0x07, 0xD8, 0xE1, 0x06, 0x10, 0xA0, 0xE1
	.byte 0x02, 0x00, 0x50, 0xE1, 0x00, 0x20, 0xA0, 0x31, 0x10, 0x00, 0x89, 0xE2, 0x48, 0x70, 0x20, 0xEB
	.byte 0x28, 0x05, 0x9F, 0xE5, 0xB0, 0x10, 0xD6, 0xE1, 0x50, 0x05, 0x90, 0xE5, 0x00, 0x00, 0x51, 0xE3
	.byte 0xBE, 0xAB, 0xD0, 0xE1, 0x0C, 0x00, 0x8D, 0xE5, 0x11, 0x00, 0x00, 0x1A, 0xB4, 0x01, 0xD9, 0xE1
	.byte 0x01, 0x00, 0x50, 0xE3, 0x0E, 0x00, 0x00, 0x3A, 0x00, 0x70, 0xA0, 0xE3, 0x1A, 0xB0, 0x89, 0xE2
	.byte 0x06, 0x00, 0x00, 0xEA, 0xB6, 0x11, 0xD9, 0xE1, 0x91, 0xB7, 0x20, 0xE0, 0x03, 0x00, 0xD0, 0xE5
	.byte 0x9D, 0x01, 0x00, 0xEB, 0x0A, 0x00, 0x50, 0xE1, 0x00, 0xA0, 0xA0, 0x31, 0x01, 0x70, 0x87, 0xE2
	.byte 0xB4, 0x01, 0xD9, 0xE1, 0x00, 0x00, 0x57, 0xE1, 0xF5, 0xFF, 0xFF, 0xBA, 0x0C, 0x00, 0x9D, 0xE5
	.byte 0xBE, 0xAB, 0xC0, 0xE1, 0x86, 0x6B, 0x20, 0xEB, 0x01, 0x00, 0x80, 0xE3, 0x20, 0x00, 0x8D, 0xE5
	.byte 0x00, 0x00, 0xA0, 0xE3, 0x2C, 0x00, 0x8D, 0xE5, 0xB0, 0x00, 0xD6, 0xE1, 0x00, 0x10, 0x81, 0xE3
	.byte 0x1C, 0x00, 0x8D, 0xE5, 0xC8, 0x04, 0x9F, 0xE5, 0x24, 0x10, 0x8D, 0xE5, 0x06, 0x09, 0x60, 0xE2
	.byte 0x0A, 0xB0, 0x86, 0xE2, 0x30, 0x00, 0x8D, 0xE5, 0x61, 0x00, 0x00, 0xEA, 0xB4, 0x70, 0xDB, 0xE1
	.byte 0xB0, 0xA0, 0xDB, 0xE1, 0x01, 0x00, 0x57, 0xE3, 0x56, 0x00, 0x00, 0x3A, 0x0F, 0x00, 0x57, 0xE3
	.byte 0x54, 0x00, 0x00, 0x8A, 0x02, 0x00, 0x5A, 0xE3, 0x1D, 0x00, 0x00, 0x3A, 0x30, 0x00, 0x9D, 0xE5
	.byte 0x00, 0x00, 0x5A, 0xE1, 0x1A, 0x00, 0x00, 0x0A, 0x02, 0x00, 0x4A, 0xE2, 0x00, 0x08, 0xA0, 0xE1
	.byte 0x20, 0xA8, 0xB0, 0xE1, 0xB0, 0xA0, 0xCB, 0xE1, 0xB6, 0x18, 0xD8, 0xE1, 0x14, 0x07, 0xA0, 0xE1
	.byte 0x00, 0x08, 0xA0, 0xE1, 0x20, 0x08, 0x81, 0xE1, 0xB6, 0x08, 0xC8, 0xE1, 0x20, 0x00, 0x9D, 0xE5
	.byte 0x87, 0x11, 0x88, 0xE0, 0x38, 0x07, 0x81, 0xE5, 0x24, 0x00, 0x9D, 0xE5, 0x3C, 0x07, 0x81, 0xE5
	.byte 0x40, 0x00, 0x00, 0x0A, 0xB2, 0x00, 0xDB, 0xE1, 0x40, 0x04, 0xA0, 0xE1, 0xFF, 0x00, 0x00, 0xE2
	.byte 0x69, 0x01, 0x00, 0xEB, 0x00, 0xA0, 0x8D, 0xE5, 0x04, 0x60, 0x8D, 0xE5, 0x00, 0x30, 0xA0, 0xE1
	.byte 0x07, 0x00, 0xA0, 0xE1, 0xB8, 0x10, 0xDB, 0xE1, 0x0A, 0x20, 0x8B, 0xE2, 0x9C, 0x18, 0x00, 0xEB
	.byte 0x34, 0x00, 0x00, 0xEA, 0x00, 0x00, 0x5A, 0xE3, 0x32, 0x00, 0x00, 0x1A, 0x87, 0x11, 0x88, 0xE0
	.byte 0x38, 0x07, 0x91, 0xE5, 0x3C, 0x37, 0x91, 0xE5, 0x14, 0x17, 0xA0, 0xE1, 0x34, 0x10, 0x8D, 0xE5
	.byte 0x1C, 0x10, 0x9D, 0xE5, 0xB8, 0x27, 0x98, 0xE5, 0x14, 0x17, 0x81, 0xE1, 0x1C, 0x10, 0x8D, 0xE5
	.byte 0xBC, 0x17, 0x98, 0xE5, 0x00, 0x00, 0x51, 0xE3, 0x00, 0x00, 0x52, 0x03, 0x25, 0x00, 0x00, 0x0A
	.byte 0x00, 0x00, 0x53, 0xE3, 0x00, 0x00, 0x50, 0x03, 0x22, 0x00, 0x00, 0x0A, 0x20, 0xA0, 0x9D, 0xE5
	.byte 0x00, 0x00, 0x5A, 0xE0, 0x24, 0xA0, 0x9D, 0xE5, 0x03, 0x30, 0xCA, 0xE0, 0x01, 0x00, 0x53, 0xE1
	.byte 0x02, 0x00, 0x50, 0x01, 0x1B, 0x00, 0x00, 0x9A, 0x92, 0xFC, 0xFF, 0xEB, 0x00, 0x10, 0xB0, 0xE1
	.byte 0x87, 0x01, 0x88, 0xE0, 0x38, 0x57, 0x80, 0xE5, 0x3C, 0x57, 0x80, 0xE5, 0x05, 0x00, 0xA0, 0x01
	.byte 0x08, 0x00, 0x00, 0x0A, 0x25, 0x00, 0xA0, 0xE3, 0x00, 0x00, 0x81, 0xE5, 0x34, 0x00, 0x9D, 0xE5
	.byte 0x05, 0x20, 0xA0, 0xE1, 0x04, 0x00, 0x81, 0xE5, 0x84, 0x03, 0x9F, 0xE5, 0x08, 0x00, 0x81, 0xE5
	.byte 0x60, 0x03, 0x9F, 0xE5, 0x50, 0x67, 0x20, 0xEB, 0x00, 0x00, 0x50, 0xE3, 0x09, 0x00, 0x00, 0x1A
	.byte 0x4D, 0x96, 0x20, 0xEB, 0x80, 0x10, 0xA0, 0xE3, 0xB0, 0x10, 0xC0, 0xE1, 0x08, 0x10, 0xA0, 0xE3
	.byte 0xB2, 0x10, 0xC0, 0xE1, 0x16, 0x10, 0xA0, 0xE3, 0xB4, 0x10, 0xC0, 0xE1, 0x25, 0x10, 0xA0, 0xE3
	.byte 0xB6, 0x10, 0xC0, 0xE1, 0x31, 0x96, 0x20, 0xEB, 0x2C, 0x00, 0x9D, 0xE5, 0x01, 0x00, 0x80, 0xE2
	.byte 0x00, 0x08, 0xA0, 0xE1, 0x20, 0x08, 0xA0, 0xE1, 0x2C, 0x00, 0x8D, 0xE5, 0xB6, 0x00, 0xD6, 0xE1
	.byte 0x00, 0xB0, 0x8B, 0xE0, 0xB4, 0x10, 0xD6, 0xE1, 0x2C, 0x00, 0x9D, 0xE5, 0x01, 0x00, 0x50, 0xE1
	.byte 0x99, 0xFF, 0xFF, 0x3A, 0x1C, 0x00, 0x9D, 0xE5, 0x00, 0xA0, 0xA0, 0xE3, 0x00, 0x08, 0xA0, 0xE1
	.byte 0x20, 0x18, 0xA0, 0xE1, 0x0A, 0x00, 0xA0, 0xE1, 0x0E, 0x70, 0xA0, 0xE3, 0x01, 0x17, 0x00, 0xEB
	.byte 0xB0, 0x00, 0xD6, 0xE1, 0x00, 0x00, 0x50, 0xE3, 0x01, 0x00, 0xA0, 0x13, 0x28, 0x00, 0x8D, 0x15
	.byte 0x2D, 0x96, 0x20, 0xEB, 0xB0, 0x70, 0xC0, 0xE1, 0xB2, 0xA0, 0xC0, 0xE1, 0x0B, 0x10, 0xA0, 0xE3
	.byte 0xB4, 0x10, 0xC0, 0xE1, 0x08, 0x60, 0x80, 0xE5, 0x14, 0x96, 0x20, 0xEB, 0xB0, 0x07, 0xD8, 0xE1
	.byte 0x01, 0x00, 0x20, 0xE2, 0xB0, 0x07, 0xC8, 0xE1, 0xAB, 0x6D, 0x20, 0xEB, 0x28, 0x10, 0x9D, 0xE5
	.byte 0x00, 0x00, 0x51, 0xE3, 0xF2, 0x16, 0xD8, 0x01, 0x01, 0x10, 0x41, 0x02, 0xB2, 0x16, 0xC8, 0x01
	.byte 0xF4, 0x16, 0xD8, 0xE1, 0x00, 0x00, 0x51, 0xE3, 0x01, 0x10, 0x41, 0xC2, 0xB4, 0x16, 0xC8, 0xC1
	.byte 0xF2, 0x16, 0xD8, 0xE1, 0x00, 0x00, 0x51, 0xE3, 0xF4, 0x16, 0xD8, 0xC1, 0x00, 0x00, 0x51, 0xC3
	.byte 0x01, 0x60, 0xA0, 0xC3, 0x00, 0x60, 0xA0, 0xD3, 0xA0, 0x6D, 0x20, 0xEB, 0x00, 0x00, 0x56, 0xE3
	.byte 0xDD, 0x00, 0x00, 0x0A, 0x28, 0x00, 0x9D, 0xE5, 0x01, 0x00, 0x50, 0xE3, 0xB0, 0x61, 0xD9, 0x01
	.byte 0xB4, 0x04, 0xD8, 0xE1, 0x6C, 0x62, 0x9F, 0x15, 0x00, 0x00, 0x50, 0xE3, 0x09, 0x00, 0x00, 0x0A
	.byte 0x64, 0x72, 0x9F, 0xE5, 0x07, 0x00, 0xA0, 0xE1, 0xCE, 0x6B, 0x20, 0xEB, 0x00, 0x60, 0x8D, 0xE5
	.byte 0x07, 0x00, 0xA0, 0xE1, 0x48, 0x10, 0x98, 0xE5, 0x4C, 0x20, 0x98, 0xE5, 0x4C, 0x32, 0x9F, 0xE5
	.byte 0x8F, 0x6B, 0x20, 0xEB, 0xCC, 0x00, 0x00, 0xEA, 0x06, 0x00, 0xA0, 0xE1, 0x10, 0x01, 0x00, 0xEB
	.byte 0xC9, 0x00, 0x00, 0xEA, 0x0C, 0x00, 0x98, 0xE5, 0x00, 0xB0, 0xA0, 0xE3, 0x00, 0x00, 0x50, 0xE3
	.byte 0xC5, 0x00, 0x00, 0x0A, 0xBE, 0x00, 0xD9, 0xE1, 0x00, 0x00, 0x50, 0xE3, 0x10, 0x00, 0x00, 0x1A
	.byte 0x1C, 0x12, 0x9F, 0xE5, 0x01, 0x70, 0xA0, 0xE3, 0xB0, 0x00, 0xD1, 0xE1, 0xB2, 0x30, 0xD1, 0xE1
	.byte 0xB0, 0x20, 0xD1, 0xE1, 0x02, 0x00, 0x50, 0xE1, 0xB2, 0x30, 0xD1, 0x81, 0x42, 0x02, 0xA0, 0xE1
	.byte 0x03, 0x06, 0x80, 0xE1, 0xB2, 0x18, 0xD8, 0xE1, 0x00, 0x08, 0xA0, 0xE1, 0x20, 0x08, 0x61, 0xE0
	.byte 0x00, 0x08, 0xA0, 0xE1, 0x40, 0x08, 0xA0, 0xE1, 0x00, 0x00, 0x50, 0xE3, 0xB2, 0x00, 0x00, 0xDA
	.byte 0x00, 0x00, 0x00, 0xEA, 0x0B, 0x70, 0xA0, 0xE1, 0x6B, 0x6D, 0x20, 0xEB, 0xB4, 0x18, 0xD8, 0xE1
	.byte 0x00, 0x60, 0xA0, 0xE1, 0x00, 0x00, 0x51, 0xE3, 0x00, 0x00, 0x00, 0x1A, 0x27, 0xFD, 0xFF, 0xEA
	.byte 0xA0, 0x01, 0x9F, 0xE5, 0xB4, 0x58, 0xC8, 0xE1, 0xB0, 0xA9, 0xD8, 0xE1, 0xA1, 0x6B, 0x20, 0xEB
	.byte 0x06, 0x00, 0xA0, 0xE1, 0x65, 0x6D, 0x20, 0xEB, 0xBC, 0x38, 0xD8, 0xE1, 0x01, 0x20, 0xA0, 0xE3
	.byte 0x00, 0x00, 0x53, 0xE3, 0x07, 0x00, 0x00, 0x0A, 0x00, 0x00, 0x57, 0xE3, 0x04, 0x00, 0x00, 0x1A
	.byte 0xBE, 0x13, 0xD9, 0xE1, 0x01, 0x0C, 0x88, 0xE2, 0xB8, 0x08, 0xD0, 0xE1, 0x12, 0x00, 0x11, 0xE1
	.byte 0x00, 0x00, 0x00, 0x1A, 0x00, 0x20, 0xA0, 0xE3, 0x00, 0x00, 0x53, 0xE3, 0xBC, 0x58, 0xC8, 0x11
	.byte 0xBE, 0x08, 0xD8, 0xE1, 0x00, 0x00, 0x50, 0xE3, 0x08, 0x00, 0x00, 0x0A, 0x00, 0x00, 0xA0, 0xE3
	.byte 0x00, 0x00, 0x52, 0xE3, 0xBE, 0x08, 0xC8, 0xE1, 0x01, 0x00, 0xA0, 0x13, 0x00, 0x08, 0xA0, 0xE1
	.byte 0x20, 0x18, 0xA0, 0xE1, 0x07, 0x00, 0xA0, 0xE1, 0x8E, 0x16, 0x00, 0xEB, 0x00, 0xB0, 0xA0, 0xE1
	.byte 0x00, 0x00, 0x5A, 0xE3, 0x88, 0x00, 0x00, 0x0A, 0xBB, 0x95, 0x20, 0xEB, 0x00, 0x60, 0xA0, 0xE1
	.byte 0x0E, 0x00, 0xA0, 0xE3, 0xB0, 0x00, 0xC6, 0xE1, 0x00, 0x00, 0x57, 0xE3, 0x09, 0x00, 0xA0, 0x13
	.byte 0xB2, 0x00, 0xC6, 0x11, 0x06, 0x00, 0x00, 0x1A, 0x01, 0x0C, 0x88, 0xE2, 0xBE, 0x13, 0xD9, 0xE1
	.byte 0xB8, 0x08, 0xD0, 0xE1, 0x14, 0x00, 0x11, 0xE1, 0x0F, 0x00, 0xA0, 0x13, 0xB2, 0x00, 0xC6, 0x11
	.byte 0xB2, 0x50, 0xC6, 0x01, 0x0D, 0x00, 0xA0, 0xE3, 0xB4, 0x00, 0xC6, 0xE1, 0x00, 0x00, 0x57, 0xE3
	.byte 0x08, 0x50, 0x86, 0xE5, 0x11, 0x00, 0x00, 0x1A, 0xBC, 0x11, 0xD9, 0xE1, 0x28, 0x00, 0x89, 0xE2
	.byte 0xBC, 0x10, 0xC6, 0xE1, 0xBE, 0x21, 0xD9, 0xE1, 0x10, 0x10, 0x86, 0xE2, 0xBE, 0x20, 0xC6, 0xE1
	.byte 0x06, 0x20, 0xA0, 0xE3, 0x22, 0x6F, 0x20, 0xEB, 0x06, 0x20, 0xA0, 0xE3, 0x2E, 0x00, 0x89, 0xE2
	.byte 0x16, 0x10, 0x86, 0xE2, 0x1E, 0x6F, 0x20, 0xEB, 0xBA, 0x03, 0xD9, 0xE1, 0xBC, 0x01, 0xC6, 0xE1
	.byte 0xBC, 0x03, 0xD9, 0xE1, 0xBE, 0x01, 0xC6, 0xE1, 0xBE, 0x03, 0xD9, 0xE1, 0xB0, 0x02, 0xC6, 0xE1
	.byte 0x06, 0x00, 0xA0, 0xE1, 0x81, 0x95, 0x20, 0xEB, 0x00, 0x00, 0x5A, 0xE3, 0x5E, 0x00, 0x00, 0x0A
	.byte 0x01, 0x00, 0x5B, 0xE3, 0x02, 0x00, 0x00, 0x0A, 0xBE, 0x05, 0xD8, 0xE1, 0x00, 0x00, 0x50, 0xE3
	.byte 0x0D, 0x00, 0x00, 0x1A, 0xB6, 0x04, 0xD8, 0xE1, 0x00, 0x00, 0x50, 0xE3, 0x08, 0x00, 0x00, 0x0A
	.byte 0x64, 0x60, 0x9F, 0xE5, 0x06, 0x00, 0xA0, 0xE1, 0x4E, 0x6B, 0x20, 0xEB, 0x00, 0x50, 0x8D, 0xE5
	.byte 0x50, 0x10, 0x98, 0xE5, 0x54, 0x20, 0x98, 0xE5, 0x58, 0x30, 0x9F, 0xE5, 0x06, 0x00, 0xA0, 0xE1
	.byte 0x7E, 0xFF, 0xFF, 0xEA, 0xDE, 0x00, 0x00, 0xEB, 0x4B, 0x00, 0x00, 0xEA, 0xBE, 0x55, 0xC8, 0xE1
	.byte 0xB0, 0x46, 0xC8, 0xE1, 0xB8, 0x58, 0xC8, 0xE1, 0x47, 0x00, 0x00, 0xEA, 0x70, 0x88, 0xFF, 0x02
	.byte 0x70, 0x98, 0xFF, 0x02, 0x82, 0x01, 0x00, 0x00, 0xF8, 0x88, 0xFF, 0x02, 0x98, 0xFF, 0xFF, 0x02
	.byte 0x02, 0x80, 0x00, 0x00, 0xE4, 0x05, 0x00, 0x00, 0x5C, 0x95, 0x80, 0x03, 0xEA, 0x82, 0x00, 0x00
	.byte 0x04, 0x3E, 0xFE, 0x02, 0x01, 0x80, 0x00, 0x00, 0xFF, 0xFF, 0x00, 0x00, 0x88, 0x95, 0x80, 0x03
	.byte 0x70, 0x3D, 0xFE, 0x02, 0xF8, 0x80, 0x80, 0x04, 0xA8, 0x3E, 0xFE, 0x02, 0x07, 0x0C, 0x88, 0xE2
	.byte 0xBC, 0x0C, 0xD0, 0xE1, 0x01, 0x00, 0x50, 0xE3, 0xB0, 0x01, 0xD9, 0x01, 0x20, 0x00, 0x50, 0x03
	.byte 0x11, 0x00, 0x00, 0x1A, 0xEC, 0x6C, 0x20, 0xEB, 0x00, 0x60, 0xA0, 0xE1, 0x4C, 0x00, 0x1F, 0xE5
	.byte 0x28, 0x6B, 0x20, 0xEB, 0x06, 0x00, 0xA0, 0xE1, 0xB4, 0x58, 0xC8, 0xE1, 0xEB, 0x6C, 0x20, 0xEB
	.byte 0x04, 0x00, 0xA0, 0xE1, 0x05, 0x10, 0xA0, 0xE1, 0x2A, 0x16, 0x00, 0xEB, 0x5A, 0x95, 0x20, 0xEB
	.byte 0x80, 0x10, 0xA0, 0xE3, 0xB0, 0x10, 0xC0, 0xE1, 0xB2, 0x50, 0xC0, 0xE1, 0x17, 0x10, 0xA0, 0xE3
	.byte 0xB4, 0x10, 0xC0, 0xE1, 0xB6, 0x40, 0xC0, 0xE1, 0x33, 0xFC, 0xFF, 0xEA, 0x85, 0xFB, 0xFF, 0xEB
	.byte 0x00, 0x10, 0xB0, 0xE1, 0x00, 0x00, 0xA0, 0x03, 0x0F, 0x00, 0x00, 0x0A, 0x25, 0x00, 0xA0, 0xE3
	.byte 0x00, 0x00, 0x81, 0xE5, 0x90, 0x00, 0x9F, 0xE5, 0x08, 0x00, 0x81, 0xE5, 0xB0, 0x00, 0xD8, 0xE1
	.byte 0x09, 0x00, 0x50, 0xE3, 0x07, 0x00, 0x50, 0x13, 0x80, 0x00, 0x9F, 0x05, 0x04, 0x00, 0x81, 0x05
	.byte 0x02, 0x00, 0x00, 0x0A, 0x0A, 0x00, 0x50, 0xE3, 0x08, 0x00, 0x50, 0x13, 0x04, 0x40, 0x81, 0x05
	.byte 0xE0, 0x00, 0x1F, 0xE5, 0x00, 0x20, 0xA0, 0xE3, 0x3F, 0x66, 0x20, 0xEB, 0x00, 0x00, 0x50, 0xE3
	.byte 0x09, 0x00, 0x00, 0x1A, 0x3C, 0x95, 0x20, 0xEB, 0x80, 0x10, 0xA0, 0xE3, 0xB0, 0x10, 0xC0, 0xE1
	.byte 0x08, 0x10, 0xA0, 0xE3, 0xB2, 0x10, 0xC0, 0xE1, 0x16, 0x10, 0xA0, 0xE3, 0xB4, 0x10, 0xC0, 0xE1
	.byte 0x25, 0x10, 0xA0, 0xE3, 0xB6, 0x10, 0xC0, 0xE1, 0x20, 0x95, 0x20, 0xEB, 0x09, 0x00, 0xA0, 0xE1
	.byte 0x0B, 0x00, 0x00, 0xEB, 0xCF, 0xFB, 0xFF, 0xEA, 0x34, 0x01, 0x1F, 0xE5, 0x09, 0x10, 0xA0, 0xE1
	.byte 0x58, 0x00, 0x80, 0xE2, 0x01, 0x20, 0xA0, 0xE3, 0x2B, 0x66, 0x20, 0xEB, 0xC9, 0xFB, 0xFF, 0xEA
	.byte 0x44, 0xD0, 0x8D, 0xE2, 0xF0, 0x4F, 0xBD, 0xE8, 0x1E, 0xFF, 0x2F, 0xE1, 0x03, 0x80, 0x00, 0x00
	.byte 0xFE, 0x7F, 0x00, 0x00, 0x38, 0x40, 0x2D, 0xE9, 0x00, 0x50, 0xA0, 0xE1, 0xAA, 0x6C, 0x20, 0xEB
	.byte 0x20, 0x10, 0x9F, 0xE5, 0x00, 0x40, 0xA0, 0xE1, 0x44, 0x05, 0x91, 0xE5, 0x48, 0x15, 0x91, 0xE5
	.byte 0x05, 0x20, 0xA0, 0xE1, 0x47, 0x68, 0x20, 0xEB, 0x04, 0x00, 0xA0, 0xE1, 0xA7, 0x6C, 0x20, 0xEB
	.byte 0x38, 0x40, 0xBD, 0xE8, 0x1E, 0xFF, 0x2F, 0xE1, 0x70, 0x98, 0xFF, 0x02, 0x02, 0x00, 0x10, 0xE3
	.byte 0x40, 0x01, 0xA0, 0xE1, 0x19, 0x00, 0x80, 0x02, 0xFF, 0x00, 0x00, 0xE2, 0x1E, 0xFF, 0x2F, 0xE1
	.byte 0x10, 0x40, 0x2D, 0xE9, 0x6C, 0x00, 0x9F, 0xE5, 0x50, 0x45, 0x90, 0xE5, 0x41, 0xFB, 0xFF, 0xEB
	.byte 0x00, 0x10, 0xB0, 0xE1, 0x00, 0x00, 0xA0, 0x03, 0x06, 0x00, 0x00, 0x0A, 0x2D, 0x00, 0xA0, 0xE3
	.byte 0x00, 0x00, 0x81, 0xE5, 0xB8, 0x36, 0xD4, 0xE1, 0x4C, 0x00, 0x9F, 0xE5, 0x00, 0x20, 0xA0, 0xE3
	.byte 0x04, 0x30, 0x81, 0xE5, 0x04, 0x66, 0x20, 0xEB, 0x00, 0x00, 0x50, 0xE3, 0x01, 0x00, 0xA0, 0x13
	.byte 0xB6, 0x06, 0xC4, 0x11, 0x09, 0x00, 0x00, 0x1A, 0xFF, 0x94, 0x20, 0xEB, 0x80, 0x10, 0xA0, 0xE3
	.byte 0xB0, 0x10, 0xC0, 0xE1, 0x08, 0x10, 0xA0, 0xE3, 0xB2, 0x10, 0xC0, 0xE1, 0x16, 0x10, 0xA0, 0xE3
	.byte 0xB4, 0x10, 0xC0, 0xE1, 0x2D, 0x10, 0xA0, 0xE3, 0xB6, 0x10, 0xC0, 0xE1, 0xE3, 0x94, 0x20, 0xEB
	.byte 0x10, 0x40, 0xBD, 0xE8, 0x1E, 0xFF, 0x2F, 0xE1, 0x70, 0x98, 0xFF, 0x02, 0xF8, 0x88, 0xFF, 0x02
	.byte 0x08, 0xC0, 0x9F, 0xE5, 0x00, 0x08, 0xA0, 0xE1, 0x20, 0x08, 0xA0, 0xE1, 0x1C, 0xFF, 0x2F, 0xE1
	.byte 0x84, 0x3D, 0xFE, 0x02, 0x38, 0x40, 0x2D, 0xE9, 0x00, 0x50, 0xA0, 0xE1, 0x1D, 0xFB, 0xFF, 0xEB
	.byte 0x00, 0x10, 0xB0, 0xE1, 0x64, 0x40, 0x9F, 0xE5, 0x00, 0x00, 0xA0, 0x03, 0x05, 0x00, 0x00, 0x0A
	.byte 0x2B, 0x00, 0xA0, 0xE3, 0x00, 0x00, 0x81, 0xE5, 0x88, 0x00, 0x84, 0xE2, 0x00, 0x20, 0xA0, 0xE3
	.byte 0x04, 0x50, 0x81, 0xE5, 0xE0, 0x65, 0x20, 0xEB, 0x00, 0x00, 0x50, 0xE3, 0x0D, 0x00, 0x00, 0x1A
	.byte 0x01, 0x0A, 0x84, 0xE2, 0x4C, 0x05, 0x90, 0xE5, 0x00, 0x00, 0x50, 0xE3, 0x09, 0x00, 0x00, 0x0A
	.byte 0xD9, 0x94, 0x20, 0xEB, 0x80, 0x10, 0xA0, 0xE3, 0xB0, 0x10, 0xC0, 0xE1, 0x08, 0x10, 0xA0, 0xE3
	.byte 0xB2, 0x10, 0xC0, 0xE1, 0x16, 0x10, 0xA0, 0xE3, 0xB4, 0x10, 0xC0, 0xE1, 0x2B, 0x10, 0xA0, 0xE3
	.byte 0xB6, 0x10, 0xC0, 0xE1, 0xBD, 0x94, 0x20, 0xEB, 0x38, 0x40, 0xBD, 0xE8, 0x1E, 0xFF, 0x2F, 0xE1
	.byte 0x70, 0x88, 0xFF, 0x02, 0x38, 0x40, 0x2D, 0xE9, 0x8C, 0x10, 0x9F, 0xE5, 0x40, 0x20, 0xA0, 0xE3
	.byte 0x44, 0x05, 0x91, 0xE5, 0x48, 0x15, 0x91, 0xE5, 0x80, 0x40, 0x9F, 0xE5, 0xAC, 0x67, 0x20, 0xEB
	.byte 0x00, 0x50, 0xB0, 0xE1, 0x00, 0x00, 0xA0, 0x03, 0x06, 0x00, 0x00, 0x0A, 0x70, 0x00, 0x9F, 0xE5
	.byte 0x05, 0x10, 0xA0, 0xE1, 0xBC, 0x00, 0xC5, 0xE1, 0x00, 0x20, 0xA0, 0xE3, 0x28, 0x00, 0x84, 0xE2
	.byte 0xBE, 0x20, 0xC5, 0xE1, 0xBC, 0x65, 0x20, 0xEB, 0x00, 0x00, 0x50, 0xE3, 0x10, 0x00, 0x00, 0x1A
	.byte 0x00, 0x00, 0x55, 0xE3, 0x01, 0x00, 0x00, 0x0A, 0x05, 0x00, 0xA0, 0xE1, 0x90, 0xFF, 0xFF, 0xEB
	.byte 0x01, 0x0A, 0x84, 0xE2, 0x4C, 0x05, 0x90, 0xE5, 0x00, 0x00, 0x50, 0xE3, 0x08, 0x00, 0x00, 0x0A
	.byte 0xB1, 0x94, 0x20, 0xEB, 0x80, 0x20, 0xA0, 0xE3, 0xB0, 0x20, 0xC0, 0xE1, 0x08, 0x10, 0xA0, 0xE3
	.byte 0xB2, 0x10, 0xC0, 0xE1, 0x16, 0x10, 0xA0, 0xE3, 0xB4, 0x10, 0xC0, 0xE1, 0xB6, 0x20, 0xC0, 0xE1
	.byte 0x96, 0x94, 0x20, 0xEB, 0x38, 0x40, 0xBD, 0xE8, 0x1E, 0xFF, 0x2F, 0xE1, 0x70, 0x98, 0xFF, 0x02
	.byte 0x70, 0x88, 0xFF, 0x02, 0x85, 0x01, 0x00, 0x00, 0x00, 0xC0, 0x9F, 0xE5, 0x1C, 0xFF, 0x2F, 0xE1
	.byte 0xB4, 0x3E, 0xFE, 0x02, 0x10, 0x40, 0x2D, 0xE9, 0xD2, 0xFA, 0xFF, 0xEB, 0x78, 0x20, 0x9F, 0xE5
	.byte 0x00, 0x10, 0xB0, 0xE1, 0x50, 0x05, 0x92, 0xE5, 0x00, 0x20, 0xA0, 0xE3, 0xBE, 0x25, 0xC0, 0xE1
	.byte 0xB0, 0x26, 0xC0, 0xE1, 0x64, 0x40, 0x9F, 0xE5, 0xB8, 0x28, 0xC0, 0xE1, 0x04, 0x00, 0x00, 0x0A
	.byte 0x2C, 0x30, 0xA0, 0xE3, 0x88, 0x00, 0x84, 0xE2, 0x00, 0x30, 0x81, 0xE5, 0x92, 0x65, 0x20, 0xEB
	.byte 0x00, 0x20, 0xA0, 0xE1, 0x00, 0x00, 0x52, 0xE3, 0x0D, 0x00, 0x00, 0x1A, 0x01, 0x0A, 0x84, 0xE2
	.byte 0x4C, 0x05, 0x90, 0xE5, 0x00, 0x00, 0x50, 0xE3, 0x09, 0x00, 0x00, 0x0A, 0x8A, 0x94, 0x20, 0xEB
	.byte 0x80, 0x10, 0xA0, 0xE3, 0xB0, 0x10, 0xC0, 0xE1, 0x08, 0x10, 0xA0, 0xE3, 0xB2, 0x10, 0xC0, 0xE1
	.byte 0x16, 0x10, 0xA0, 0xE3, 0xB4, 0x10, 0xC0, 0xE1, 0x2C, 0x10, 0xA0, 0xE3, 0xB6, 0x10, 0xC0, 0xE1
	.byte 0x6E, 0x94, 0x20, 0xEB, 0x10, 0x40, 0xBD, 0xE8, 0x1E, 0xFF, 0x2F, 0xE1, 0x70, 0x98, 0xFF, 0x02
	.byte 0x70, 0x88, 0xFF, 0x02, 0x08, 0x40, 0x2D, 0xE9, 0x10, 0x00, 0x9F, 0xE5, 0xBC, 0x69, 0x20, 0xEB
	.byte 0x0C, 0x00, 0x9F, 0xE5, 0xBA, 0x69, 0x20, 0xEB, 0x08, 0x40, 0xBD, 0xE8, 0x1E, 0xFF, 0x2F, 0xE1
	.byte 0x88, 0x95, 0x80, 0x03, 0x5C, 0x95, 0x80, 0x03, 0xF8, 0x4F, 0x2D, 0xE9, 0x84, 0x00, 0x9F, 0xE5
	.byte 0x84, 0x80, 0x9F, 0xE5, 0x50, 0x95, 0x90, 0xE5, 0x80, 0x60, 0x9F, 0xE5, 0x80, 0x40, 0x9F, 0xE5
	.byte 0x00, 0xB0, 0x8D, 0xE2, 0x01, 0x70, 0xA0, 0xE3, 0x00, 0x50, 0xA0, 0xE3, 0x0B, 0x10, 0xA0, 0xE1
	.byte 0x01, 0x20, 0xA0, 0xE3, 0x88, 0x00, 0x88, 0xE2, 0x8A, 0x65, 0x20, 0xEB, 0x00, 0x00, 0x9D, 0xE5
	.byte 0x00, 0x00, 0x50, 0xE3, 0x01, 0x00, 0x00, 0x1A, 0x84, 0x63, 0x20, 0xEB, 0x0F, 0x00, 0x00, 0xEA
	.byte 0xB0, 0xA0, 0xD0, 0xE1, 0x02, 0x09, 0x1A, 0xE3, 0x04, 0xA0, 0x0A, 0x10, 0x2E, 0x00, 0x5A, 0xE3
	.byte 0x06, 0x00, 0x00, 0x2A, 0x04, 0x70, 0x89, 0xE5, 0xB2, 0xA0, 0xC9, 0xE1, 0x00, 0x00, 0x9D, 0xE5
	.byte 0x0A, 0x11, 0x96, 0xE7, 0x0F, 0xE0, 0xA0, 0xE1, 0x11, 0xFF, 0x2F, 0xE1, 0x04, 0x50, 0x89, 0xE5
	.byte 0x00, 0x00, 0x9D, 0xE5, 0x02, 0x19, 0x8A, 0xE3, 0xB0, 0x10, 0xC0, 0xE1, 0xE6, 0xFF, 0xFF, 0xEA
	.byte 0xF8, 0x4F, 0xBD, 0xE8, 0x1E, 0xFF, 0x2F, 0xE1, 0x70, 0x98, 0xFF, 0x02, 0x70, 0x88, 0xFF, 0x02
	.byte 0xF8, 0x6D, 0xFF, 0x02, 0xFF, 0x7F, 0x00, 0x00, 0x1E, 0xFF, 0x2F, 0xE1, 0x10, 0x40, 0x2D, 0xE9
	.byte 0x00, 0x30, 0xA0, 0xE3, 0x01, 0x20, 0xA0, 0xE3, 0xB0, 0x30, 0xC0, 0xE1, 0xB2, 0x30, 0xC0, 0xE1
	.byte 0xB4, 0x30, 0xC0, 0xE1, 0xB6, 0x30, 0xC0, 0xE1, 0xB8, 0x30, 0xC0, 0xE1, 0xBA, 0x30, 0xC0, 0xE1
	.byte 0xBC, 0x30, 0xC0, 0xE1, 0xBE, 0x20, 0xC0, 0xE1, 0xB0, 0x11, 0xC0, 0xE1, 0x82, 0x40, 0x80, 0xE0
	.byte 0xB0, 0x31, 0xC4, 0xE1, 0xB2, 0x21, 0xC4, 0xE1, 0x27, 0xF9, 0xFF, 0xEB, 0x10, 0x00, 0x84, 0xE2
	.byte 0x10, 0x40, 0xBD, 0xE8, 0x1E, 0xFF, 0x2F, 0xE1, 0x10, 0x40, 0x2D, 0xE9, 0x00, 0xE0, 0xA0, 0xE3
	.byte 0x01, 0xC0, 0xA0, 0xE3, 0x03, 0x40, 0xA0, 0xE3, 0xBE, 0x40, 0xC0, 0xE1, 0xB0, 0xE0, 0xC0, 0xE1
	.byte 0xB2, 0xE0, 0xC0, 0xE1, 0xB4, 0xE0, 0xC0, 0xE1, 0xB6, 0xE0, 0xC0, 0xE1, 0xB8, 0xE0, 0xC0, 0xE1
	.byte 0xBA, 0xE0, 0xC0, 0xE1, 0xBC, 0xC0, 0xC0, 0xE1, 0xB0, 0x11, 0xC0, 0xE1, 0xB2, 0x21, 0xC0, 0xE1
	.byte 0xB4, 0x31, 0xC0, 0xE1, 0x84, 0x40, 0x80, 0xE0, 0xB0, 0xC1, 0xC4, 0xE1, 0xB2, 0xC1, 0xC4, 0xE1
	.byte 0x11, 0xF9, 0xFF, 0xEB, 0x10, 0x00, 0x84, 0xE2, 0x10, 0x40, 0xBD, 0xE8, 0x1E, 0xFF, 0x2F, 0xE1
	.byte 0xF8, 0x40, 0x2D, 0xE9, 0x00, 0x50, 0xA0, 0xE1, 0x00, 0x60, 0xA0, 0xE3, 0x01, 0x40, 0xA0, 0xE1
	.byte 0x02, 0x00, 0xA0, 0xE1, 0x02, 0xE0, 0xA0, 0xE3, 0x1F, 0xC0, 0xA0, 0xE3, 0x10, 0x10, 0x85, 0xE2
	.byte 0x06, 0x20, 0xA0, 0xE3, 0x03, 0x70, 0xA0, 0xE1, 0xB0, 0x60, 0xC5, 0xE1, 0xB2, 0x60, 0xC5, 0xE1
	.byte 0xB4, 0x60, 0xC5, 0xE1, 0xB6, 0x60, 0xC5, 0xE1, 0xB8, 0x60, 0xC5, 0xE1, 0xBA, 0x60, 0xC5, 0xE1
	.byte 0xBC, 0xE0, 0xC5, 0xE1, 0xBE, 0xC0, 0xC5, 0xE1, 0x0F, 0x6D, 0x20, 0xEB, 0x18, 0x00, 0x9D, 0xE5
	.byte 0x18, 0x10, 0x85, 0xE2, 0x20, 0x20, 0xA0, 0xE3, 0xB6, 0x71, 0xC5, 0xE1, 0x0A, 0x6D, 0x20, 0xEB
	.byte 0xBC, 0x11, 0xDD, 0xE1, 0x20, 0x00, 0x9D, 0xE5, 0xB8, 0x13, 0xC5, 0xE1, 0x3A, 0x10, 0x85, 0xE2
	.byte 0x10, 0x20, 0xA0, 0xE3, 0x04, 0x6D, 0x20, 0xEB, 0xB4, 0x02, 0xDD, 0xE1, 0xBC, 0x64, 0xC5, 0xE1
	.byte 0xBE, 0x20, 0xD5, 0xE1, 0xBA, 0x04, 0xC5, 0xE1, 0xA4, 0x00, 0xA0, 0xE1, 0xBC, 0x10, 0xD5, 0xE1
	.byte 0x82, 0x40, 0x85, 0xE0, 0xB0, 0x11, 0xC4, 0xE1, 0x2C, 0x10, 0x40, 0xE2, 0x05, 0x00, 0xA0, 0xE1
	.byte 0xB2, 0x11, 0xC4, 0xE1, 0xE4, 0xF8, 0xFF, 0xEB, 0x10, 0x00, 0x84, 0xE2, 0xF8, 0x40, 0xBD, 0xE8
	.byte 0x1E, 0xFF, 0x2F, 0xE1, 0x38, 0x40, 0x2D, 0xE9, 0x00, 0x40, 0xA0, 0xE1, 0x22, 0x30, 0xA0, 0xE3
	.byte 0x00, 0xC0, 0xA0, 0xE3, 0x03, 0x50, 0xA0, 0xE3, 0x02, 0x00, 0xA0, 0xE1, 0xB0, 0x11, 0xC4, 0xE1
	.byte 0xBE, 0x30, 0xC4, 0xE1, 0xBC, 0x50, 0xC4, 0xE1, 0x14, 0x10, 0x84, 0xE2, 0x44, 0x20, 0xA0, 0xE3
	.byte 0xB0, 0xC0, 0xC4, 0xE1, 0xB2, 0xC0, 0xC4, 0xE1, 0xB4, 0xC0, 0xC4, 0xE1, 0xB6, 0xC0, 0xC4, 0xE1
	.byte 0xB8, 0xC0, 0xC4, 0xE1, 0xBA, 0xC0, 0xC4, 0xE1, 0xB2, 0xC1, 0xC4, 0xE1, 0xE2, 0x6C, 0x20, 0xEB
	.byte 0xBE, 0x10, 0xD4, 0xE1, 0xBC, 0x00, 0xD4, 0xE1, 0x81, 0x50, 0x84, 0xE0, 0xB0, 0x01, 0xC5, 0xE1
	.byte 0x05, 0x10, 0xA0, 0xE3, 0x04, 0x00, 0xA0, 0xE1, 0xB2, 0x11, 0xC5, 0xE1, 0xC6, 0xF8, 0xFF, 0xEB
	.byte 0x10, 0x00, 0x85, 0xE2, 0x38, 0x40, 0xBD, 0xE8, 0x1E, 0xFF, 0x2F, 0xE1, 0xF8, 0x40, 0x2D, 0xE9
	.byte 0x00, 0x50, 0xA0, 0xE1, 0x05, 0x40, 0xA0, 0xE3, 0x00, 0xE0, 0xA0, 0xE3, 0x04, 0xC0, 0xA0, 0xE3
	.byte 0x01, 0x00, 0xA0, 0xE1, 0xBE, 0x40, 0xC5, 0xE1, 0x06, 0x60, 0xA0, 0xE3, 0x02, 0x40, 0xA0, 0xE1
	.byte 0x06, 0x20, 0xA0, 0xE1, 0xBC, 0xC0, 0xC5, 0xE1, 0x10, 0x10, 0x85, 0xE2, 0x03, 0x70, 0xA0, 0xE1
	.byte 0xB0, 0xE0, 0xC5, 0xE1, 0xB2, 0xE0, 0xC5, 0xE1, 0xB4, 0xE0, 0xC5, 0xE1, 0xB6, 0xE0, 0xC5, 0xE1
	.byte 0xB8, 0xE0, 0xC5, 0xE1, 0xBA, 0xE0, 0xC5, 0xE1, 0xC3, 0x6C, 0x20, 0xEB, 0xBE, 0x10, 0xD5, 0xE1
	.byte 0xBC, 0x00, 0xD5, 0xE1, 0xB6, 0x41, 0xC5, 0xE1, 0xB8, 0x71, 0xC5, 0xE1, 0x81, 0x40, 0x85, 0xE0
	.byte 0xB0, 0x01, 0xC4, 0xE1, 0x05, 0x00, 0xA0, 0xE1, 0xB2, 0x61, 0xC4, 0xE1, 0xA6, 0xF8, 0xFF, 0xEB
	.byte 0x10, 0x00, 0x84, 0xE2, 0xF8, 0x40, 0xBD, 0xE8, 0x1E, 0xFF, 0x2F, 0xE1, 0xF8, 0x40, 0x2D, 0xE9
	.byte 0x00, 0x40, 0xA0, 0xE1, 0x04, 0x60, 0xA0, 0xE3, 0x00, 0x50, 0xA0, 0xE3, 0x05, 0x30, 0xA0, 0xE3
	.byte 0x02, 0x70, 0xA0, 0xE1, 0x01, 0x00, 0xA0, 0xE1, 0xBE, 0x60, 0xC4, 0xE1, 0xBC, 0x30, 0xC4, 0xE1
	.byte 0x10, 0x10, 0x84, 0xE2, 0x06, 0x20, 0xA0, 0xE3, 0xB0, 0x50, 0xC4, 0xE1, 0xB2, 0x50, 0xC4, 0xE1
	.byte 0xB4, 0x50, 0xC4, 0xE1, 0xB6, 0x50, 0xC4, 0xE1, 0xB8, 0x50, 0xC4, 0xE1, 0xBA, 0x50, 0xC4, 0xE1
	.byte 0xA5, 0x6C, 0x20, 0xEB, 0xBE, 0x10, 0xD4, 0xE1, 0xBC, 0x00, 0xD4, 0xE1, 0xB6, 0x71, 0xC4, 0xE1
	.byte 0x81, 0x50, 0x84, 0xE0, 0xB0, 0x01, 0xC5, 0xE1, 0x04, 0x00, 0xA0, 0xE1, 0xB2, 0x61, 0xC5, 0xE1
	.byte 0x89, 0xF8, 0xFF, 0xEB, 0x10, 0x00, 0x85, 0xE2, 0xF8, 0x40, 0xBD, 0xE8, 0x1E, 0xFF, 0x2F, 0xE1
	.byte 0x70, 0x40, 0x2D, 0xE9, 0x00, 0x40, 0xA0, 0xE1, 0x05, 0x50, 0xA0, 0xE3, 0x00, 0xC0, 0xA0, 0xE3
	.byte 0x02, 0x60, 0xA0, 0xE1, 0x06, 0x20, 0xA0, 0xE3, 0x01, 0x00, 0xA0, 0xE1, 0xBE, 0x50, 0xC4, 0xE1
	.byte 0xBC, 0x20, 0xC4, 0xE1, 0x10, 0x10, 0x84, 0xE2, 0x03, 0x50, 0xA0, 0xE1, 0xB0, 0xC0, 0xC4, 0xE1
	.byte 0xB2, 0xC0, 0xC4, 0xE1, 0xB4, 0xC0, 0xC4, 0xE1, 0xB6, 0xC0, 0xC4, 0xE1, 0xB8, 0xC0, 0xC4, 0xE1
	.byte 0xBA, 0xC0, 0xC4, 0xE1, 0x88, 0x6C, 0x20, 0xEB, 0xBE, 0x10, 0xD4, 0xE1, 0xBC, 0x00, 0xD4, 0xE1
	.byte 0xB6, 0x61, 0xC4, 0xE1, 0xB8, 0x51, 0xC4, 0xE1, 0x81, 0x50, 0x84, 0xE0, 0xB0, 0x01, 0xC5, 0xE1
	.byte 0x03, 0x10, 0xA0, 0xE3, 0x04, 0x00, 0xA0, 0xE1, 0xB2, 0x11, 0xC5, 0xE1, 0x6A, 0xF8, 0xFF, 0xEB
	.byte 0x10, 0x00, 0x85, 0xE2, 0x70, 0x40, 0xBD, 0xE8, 0x1E, 0xFF, 0x2F, 0xE1, 0x70, 0x40, 0x2D, 0xE9
	.byte 0xB0, 0x42, 0xDD, 0xE1, 0x00, 0x50, 0xA0, 0xE1, 0x01, 0x00, 0x84, 0xE2, 0xA0, 0x0F, 0x80, 0xE0
	.byte 0xC0, 0x40, 0xA0, 0xE1, 0x00, 0xE0, 0xA0, 0xE3, 0x02, 0x00, 0xA0, 0xE1, 0xB0, 0x11, 0xC5, 0xE1
	.byte 0x17, 0x60, 0x84, 0xE2, 0x09, 0xC0, 0xA0, 0xE3, 0x12, 0x10, 0x85, 0xE2, 0x20, 0x20, 0xA0, 0xE3
	.byte 0x03, 0x40, 0xA0, 0xE1, 0xB0, 0xE0, 0xC5, 0xE1, 0xB2, 0xE0, 0xC5, 0xE1, 0xB4, 0xE0, 0xC5, 0xE1
	.byte 0xB6, 0xE0, 0xC5, 0xE1, 0xB8, 0xE0, 0xC5, 0xE1, 0xBA, 0xE0, 0xC5, 0xE1, 0xBC, 0xC0, 0xC5, 0xE1
	.byte 0xBE, 0x60, 0xC5, 0xE1, 0x64, 0x6C, 0x20, 0xEB, 0xB0, 0x61, 0xDD, 0xE1, 0xB4, 0xE1, 0xDD, 0xE1
	.byte 0xB8, 0xC1, 0xDD, 0xE1, 0xBC, 0x31, 0xDD, 0xE1, 0xB0, 0x22, 0xDD, 0xE1, 0x24, 0x00, 0x9D, 0xE5
	.byte 0xB2, 0x43, 0xC5, 0xE1, 0x3E, 0x10, 0x85, 0xE2, 0xB4, 0x63, 0xC5, 0xE1, 0xB6, 0xE3, 0xC5, 0xE1
	.byte 0xB8, 0xC3, 0xC5, 0xE1, 0xBA, 0x33, 0xC5, 0xE1, 0xBC, 0x23, 0xC5, 0xE1, 0x56, 0x6C, 0x20, 0xEB
	.byte 0xBE, 0x10, 0xD5, 0xE1, 0xBC, 0x00, 0xD5, 0xE1, 0x81, 0x40, 0x85, 0xE0, 0xB0, 0x01, 0xC4, 0xE1
	.byte 0x01, 0x10, 0xA0, 0xE3, 0x05, 0x00, 0xA0, 0xE1, 0xB2, 0x11, 0xC4, 0xE1, 0x3A, 0xF8, 0xFF, 0xEB
	.byte 0x10, 0x00, 0x84, 0xE2, 0x70, 0x40, 0xBD, 0xE8, 0x1E, 0xFF, 0x2F, 0xE1, 0x38, 0x40, 0x2D, 0xE9
	.byte 0x00, 0x40, 0xA0, 0xE1, 0x0C, 0x50, 0xA0, 0xE3, 0x0A, 0xC0, 0xA0, 0xE3, 0x00, 0xE0, 0xA0, 0xE3
	.byte 0xB2, 0x11, 0xC4, 0xE1, 0xB4, 0x21, 0xC4, 0xE1, 0x10, 0x00, 0x9D, 0xE5, 0xBE, 0x50, 0xC4, 0xE1
	.byte 0xBC, 0xC0, 0xC4, 0xE1, 0x18, 0x10, 0x84, 0xE2, 0x10, 0x20, 0xA0, 0xE3, 0xB0, 0xE0, 0xC4, 0xE1
	.byte 0xB2, 0xE0, 0xC4, 0xE1, 0xB4, 0xE0, 0xC4, 0xE1, 0xB6, 0xE0, 0xC4, 0xE1, 0xB8, 0xE0, 0xC4, 0xE1
	.byte 0xBA, 0xE0, 0xC4, 0xE1, 0xB0, 0xE1, 0xC4, 0xE1, 0xB6, 0x31, 0xC4, 0xE1, 0x36, 0x6C, 0x20, 0xEB
	.byte 0xBE, 0x10, 0xD4, 0xE1, 0xBC, 0x00, 0xD4, 0xE1, 0x81, 0x50, 0x84, 0xE0, 0xB0, 0x01, 0xC5, 0xE1
	.byte 0x12, 0x10, 0xA0, 0xE3, 0x04, 0x00, 0xA0, 0xE1, 0xB2, 0x11, 0xC5, 0xE1, 0x1A, 0xF8, 0xFF, 0xEB
	.byte 0x10, 0x00, 0x85, 0xE2, 0x38, 0x40, 0xBD, 0xE8, 0x1E, 0xFF, 0x2F, 0xE1, 0x70, 0x40, 0x2D, 0xE9
	.byte 0x00, 0x40, 0xA0, 0xE1, 0x00, 0x50, 0xA0, 0xE3, 0x01, 0x60, 0xA0, 0xE1, 0x01, 0x1C, 0xA0, 0xE3
	.byte 0x18, 0x00, 0xA0, 0xE3, 0xB0, 0x50, 0xC4, 0xE1, 0xB2, 0x50, 0xC4, 0xE1, 0xB4, 0x50, 0xC4, 0xE1
	.byte 0xB6, 0x50, 0xC4, 0xE1, 0xB8, 0x50, 0xC4, 0xE1, 0xBA, 0x50, 0xC4, 0xE1, 0xBC, 0x10, 0xC4, 0xE1
	.byte 0xBE, 0x00, 0xC4, 0xE1, 0x06, 0x00, 0xA0, 0xE1, 0x10, 0x10, 0x84, 0xE2, 0x30, 0x20, 0xA0, 0xE3
	.byte 0x19, 0x6C, 0x20, 0xEB, 0xB2, 0x50, 0xC6, 0xE1, 0xB4, 0x50, 0xC6, 0xE1, 0xB8, 0x50, 0xC6, 0xE1
	.byte 0xBA, 0x50, 0xC6, 0xE1, 0xBC, 0x50, 0xC6, 0xE1, 0xB0, 0x51, 0xC6, 0xE1, 0xB2, 0x51, 0xC6, 0xE1
	.byte 0xB4, 0x51, 0xC6, 0xE1, 0xB6, 0x51, 0xC6, 0xE1, 0xB4, 0x52, 0xC6, 0xE1, 0xB6, 0x52, 0xC6, 0xE1
	.byte 0xB8, 0x52, 0xC6, 0xE1, 0xBA, 0x52, 0xC6, 0xE1, 0xBE, 0x10, 0xD4, 0xE1, 0xBC, 0x00, 0xD4, 0xE1
	.byte 0x81, 0x50, 0x84, 0xE0, 0xB0, 0x01, 0xC5, 0xE1, 0x02, 0x10, 0xA0, 0xE3, 0x04, 0x00, 0xA0, 0xE1
	.byte 0xB2, 0x11, 0xC5, 0xE1, 0xF0, 0xF7, 0xFF, 0xEB, 0x10, 0x00, 0x85, 0xE2, 0x70, 0x40, 0xBD, 0xE8
	.byte 0x1E, 0xFF, 0x2F, 0xE1, 0x10, 0x40, 0x2D, 0xE9, 0x54, 0x40, 0x9F, 0xE5, 0x00, 0xE0, 0xA0, 0xE3
	.byte 0xBC, 0x40, 0xC0, 0xE1, 0xBC, 0xC0, 0xD0, 0xE1, 0x04, 0x40, 0xA0, 0xE3, 0xBE, 0x40, 0xC0, 0xE1
	.byte 0xB0, 0x11, 0xC0, 0xE1, 0xB0, 0xE0, 0xC0, 0xE1, 0xB2, 0xE0, 0xC0, 0xE1, 0xB4, 0xE0, 0xC0, 0xE1
	.byte 0xB6, 0xE0, 0xC0, 0xE1, 0xB8, 0xE0, 0xC0, 0xE1, 0xBA, 0xE0, 0xC0, 0xE1, 0xB2, 0x21, 0xC0, 0xE1
	.byte 0x14, 0x30, 0x80, 0xE5, 0x84, 0x40, 0x80, 0xE0, 0xB0, 0xC1, 0xC4, 0xE1, 0x01, 0x10, 0xA0, 0xE3
	.byte 0xB2, 0x11, 0xC4, 0xE1, 0xD8, 0xF7, 0xFF, 0xEB, 0x10, 0x00, 0x84, 0xE2, 0x10, 0x40, 0xBD, 0xE8
	.byte 0x1E, 0xFF, 0x2F, 0xE1, 0x01, 0x01, 0x00, 0x00, 0xF0, 0x47, 0x2D, 0xE9, 0x84, 0x40, 0x9F, 0xE5
	.byte 0x00, 0xC0, 0xA0, 0xE3, 0xBC, 0x40, 0xC0, 0xE1, 0xB0, 0x92, 0xDD, 0xE1, 0xB4, 0x82, 0xDD, 0xE1
	.byte 0xB8, 0x72, 0xDD, 0xE1, 0xBC, 0x62, 0xDD, 0xE1, 0xB0, 0x53, 0xDD, 0xE1, 0x34, 0x40, 0x9D, 0xE5
	.byte 0x0A, 0xA0, 0xA0, 0xE3, 0xB0, 0x11, 0xC0, 0xE1, 0x20, 0x40, 0x80, 0xE5, 0xBC, 0xE0, 0xD0, 0xE1
	.byte 0xBE, 0xA0, 0xC0, 0xE1, 0xB0, 0xC0, 0xC0, 0xE1, 0xB2, 0xC0, 0xC0, 0xE1, 0xB4, 0xC0, 0xC0, 0xE1
	.byte 0xB6, 0xC0, 0xC0, 0xE1, 0xB8, 0xC0, 0xC0, 0xE1, 0xBA, 0xC0, 0xC0, 0xE1, 0xB2, 0x21, 0xC0, 0xE1
	.byte 0xB4, 0x31, 0xC0, 0xE1, 0xB6, 0x91, 0xC0, 0xE1, 0xB8, 0x81, 0xC0, 0xE1, 0xBA, 0x71, 0xC0, 0xE1
	.byte 0xBC, 0x61, 0xC0, 0xE1, 0xBE, 0x51, 0xC0, 0xE1, 0x8A, 0x40, 0x80, 0xE0, 0xB0, 0xE1, 0xC4, 0xE1
	.byte 0x01, 0x10, 0xA0, 0xE3, 0xB2, 0x11, 0xC4, 0xE1, 0xB3, 0xF7, 0xFF, 0xEB, 0x10, 0x00, 0x84, 0xE2
	.byte 0xF0, 0x47, 0xBD, 0xE8, 0x1E, 0xFF, 0x2F, 0xE1, 0x02, 0x01, 0x00, 0x00, 0x10, 0x40, 0x2D, 0xE9
	.byte 0x41, 0x2F, 0xA0, 0xE3, 0xBC, 0x20, 0xC0, 0xE1, 0x00, 0x40, 0xA0, 0xE3, 0x01, 0x30, 0xA0, 0xE3
	.byte 0xBC, 0x20, 0xD0, 0xE1, 0xB0, 0x40, 0xC0, 0xE1, 0xB2, 0x40, 0xC0, 0xE1, 0xB4, 0x40, 0xC0, 0xE1
	.byte 0xB6, 0x40, 0xC0, 0xE1, 0xB8, 0x40, 0xC0, 0xE1, 0xBA, 0x40, 0xC0, 0xE1, 0xBE, 0x30, 0xC0, 0xE1
	.byte 0xB0, 0x11, 0xC0, 0xE1, 0x83, 0x40, 0x80, 0xE0, 0xB0, 0x21, 0xC4, 0xE1, 0xB2, 0x31, 0xC4, 0xE1
	.byte 0x9D, 0xF7, 0xFF, 0xEB, 0x10, 0x00, 0x84, 0xE2, 0x10, 0x40, 0xBD, 0xE8, 0x1E, 0xFF, 0x2F, 0xE1
	.byte 0x10, 0x40, 0x2D, 0xE9, 0x02, 0x1C, 0xA0, 0xE3, 0xBC, 0x10, 0xC0, 0xE1, 0x00, 0x30, 0xA0, 0xE3
	.byte 0x48, 0x20, 0xA0, 0xE3, 0xBC, 0x10, 0xD0, 0xE1, 0xB0, 0x30, 0xC0, 0xE1, 0xB2, 0x30, 0xC0, 0xE1
	.byte 0xB4, 0x30, 0xC0, 0xE1, 0xB6, 0x30, 0xC0, 0xE1, 0xB8, 0x30, 0xC0, 0xE1, 0xBA, 0x30, 0xC0, 0xE1
	.byte 0xBE, 0x20, 0xC0, 0xE1, 0x82, 0x40, 0x80, 0xE0, 0xB0, 0x11, 0xC4, 0xE1, 0x01, 0x10, 0xA0, 0xE3
	.byte 0xB2, 0x11, 0xC4, 0xE1, 0x88, 0xF7, 0xFF, 0xEB, 0x10, 0x00, 0x84, 0xE2, 0x10, 0x40, 0xBD, 0xE8
	.byte 0x1E, 0xFF, 0x2F, 0xE1, 0x10, 0x40, 0x2D, 0xE9, 0x48, 0x20, 0x9F, 0xE5, 0x00, 0x40, 0xA0, 0xE3
	.byte 0xBC, 0x20, 0xC0, 0xE1, 0x01, 0x30, 0xA0, 0xE3, 0xBC, 0x20, 0xD0, 0xE1, 0xB0, 0x40, 0xC0, 0xE1
	.byte 0xB2, 0x40, 0xC0, 0xE1, 0xB4, 0x40, 0xC0, 0xE1, 0xB6, 0x40, 0xC0, 0xE1, 0xB8, 0x40, 0xC0, 0xE1
	.byte 0xBA, 0x40, 0xC0, 0xE1, 0xBE, 0x30, 0xC0, 0xE1, 0xB0, 0x11, 0xC0, 0xE1, 0x83, 0x40, 0x80, 0xE0
	.byte 0xB0, 0x21, 0xC4, 0xE1, 0xB2, 0x31, 0xC4, 0xE1, 0x73, 0xF7, 0xFF, 0xEB, 0x10, 0x00, 0x84, 0xE2
	.byte 0x10, 0x40, 0xBD, 0xE8, 0x1E, 0xFF, 0x2F, 0xE1, 0x07, 0x02, 0x00, 0x00, 0x10, 0x40, 0x2D, 0xE9
	.byte 0x48, 0x20, 0x9F, 0xE5, 0x00, 0x40, 0xA0, 0xE3, 0xBC, 0x20, 0xC0, 0xE1, 0x01, 0x30, 0xA0, 0xE3
	.byte 0xBC, 0x20, 0xD0, 0xE1, 0xB0, 0x40, 0xC0, 0xE1, 0xB2, 0x40, 0xC0, 0xE1, 0xB4, 0x40, 0xC0, 0xE1
	.byte 0xB6, 0x40, 0xC0, 0xE1, 0xB8, 0x40, 0xC0, 0xE1, 0xBA, 0x40, 0xC0, 0xE1, 0xBE, 0x30, 0xC0, 0xE1
	.byte 0xB0, 0x11, 0xC0, 0xE1, 0x83, 0x40, 0x80, 0xE0, 0xB0, 0x21, 0xC4, 0xE1, 0xB2, 0x31, 0xC4, 0xE1
	.byte 0x5D, 0xF7, 0xFF, 0xEB, 0x10, 0x00, 0x84, 0xE2, 0x10, 0x40, 0xBD, 0xE8, 0x1E, 0xFF, 0x2F, 0xE1
	.byte 0x0B, 0x02, 0x00, 0x00, 0x38, 0x40, 0x2D, 0xE9, 0x64, 0x30, 0x9F, 0xE5, 0x00, 0x40, 0xA0, 0xE1
	.byte 0x00, 0x50, 0xA0, 0xE3, 0x10, 0x20, 0xA0, 0xE3, 0x01, 0x00, 0xA0, 0xE1, 0xBE, 0x20, 0xC4, 0xE1
	.byte 0xBC, 0x30, 0xC4, 0xE1, 0x10, 0x10, 0x84, 0xE2, 0x20, 0x20, 0xA0, 0xE3, 0xB0, 0x50, 0xC4, 0xE1
	.byte 0xB2, 0x50, 0xC4, 0xE1, 0xB4, 0x50, 0xC4, 0xE1, 0xB6, 0x50, 0xC4, 0xE1, 0xB8, 0x50, 0xC4, 0xE1
	.byte 0xBA, 0x50, 0xC4, 0xE1, 0x5C, 0x6B, 0x20, 0xEB, 0xBE, 0x10, 0xD4, 0xE1, 0xBC, 0x00, 0xD4, 0xE1
	.byte 0x81, 0x50, 0x84, 0xE0, 0xB0, 0x01, 0xC5, 0xE1, 0x01, 0x10, 0xA0, 0xE3, 0x04, 0x00, 0xA0, 0xE1
	.byte 0xB2, 0x11, 0xC5, 0xE1, 0x40, 0xF7, 0xFF, 0xEB, 0x10, 0x00, 0x85, 0xE2, 0x38, 0x40, 0xBD, 0xE8
	.byte 0x1E, 0xFF, 0x2F, 0xE1, 0x0D, 0x02, 0x00, 0x00, 0x10, 0x40, 0x2D, 0xE9, 0x48, 0x20, 0x9F, 0xE5
	.byte 0x00, 0x40, 0xA0, 0xE3, 0xBC, 0x20, 0xC0, 0xE1, 0x01, 0x30, 0xA0, 0xE3, 0xBC, 0x20, 0xD0, 0xE1
	.byte 0xB0, 0x40, 0xC0, 0xE1, 0xB2, 0x40, 0xC0, 0xE1, 0xB4, 0x40, 0xC0, 0xE1, 0xB6, 0x40, 0xC0, 0xE1
	.byte 0xB8, 0x40, 0xC0, 0xE1, 0xBA, 0x40, 0xC0, 0xE1, 0xBE, 0x30, 0xC0, 0xE1, 0xB0, 0x11, 0xC0, 0xE1
	.byte 0x83, 0x40, 0x80, 0xE0, 0xB0, 0x21, 0xC4, 0xE1, 0xB2, 0x31, 0xC4, 0xE1, 0x2A, 0xF7, 0xFF, 0xEB
	.byte 0x10, 0x00, 0x84, 0xE2, 0x10, 0x40, 0xBD, 0xE8, 0x1E, 0xFF, 0x2F, 0xE1, 0x0E, 0x02, 0x00, 0x00
	.byte 0x10, 0x40, 0x2D, 0xE9, 0x54, 0x40, 0x9F, 0xE5, 0x00, 0xE0, 0xA0, 0xE3, 0xBC, 0x40, 0xC0, 0xE1
	.byte 0xBC, 0xC0, 0xD0, 0xE1, 0x03, 0x40, 0xA0, 0xE3, 0xBE, 0x40, 0xC0, 0xE1, 0xB0, 0x11, 0xC0, 0xE1
	.byte 0xB0, 0xE0, 0xC0, 0xE1, 0xB2, 0xE0, 0xC0, 0xE1, 0xB4, 0xE0, 0xC0, 0xE1, 0xB6, 0xE0, 0xC0, 0xE1
	.byte 0xB8, 0xE0, 0xC0, 0xE1, 0xBA, 0xE0, 0xC0, 0xE1, 0xB2, 0x21, 0xC0, 0xE1, 0xB4, 0x31, 0xC0, 0xE1
	.byte 0x84, 0x40, 0x80, 0xE0, 0xB0, 0xC1, 0xC4, 0xE1, 0x01, 0x10, 0xA0, 0xE3, 0xB2, 0x11, 0xC4, 0xE1
	.byte 0x11, 0xF7, 0xFF, 0xEB, 0x10, 0x00, 0x84, 0xE2, 0x10, 0x40, 0xBD, 0xE8, 0x1E, 0xFF, 0x2F, 0xE1
	.byte 0x11, 0x02, 0x00, 0x00, 0x10, 0x40, 0x2D, 0xE9, 0x48, 0x20, 0x9F, 0xE5, 0x00, 0x40, 0xA0, 0xE3
	.byte 0xBC, 0x20, 0xC0, 0xE1, 0x01, 0x30, 0xA0, 0xE3, 0xBC, 0x20, 0xD0, 0xE1, 0xB0, 0x40, 0xC0, 0xE1
	.byte 0xB2, 0x40, 0xC0, 0xE1, 0xB4, 0x40, 0xC0, 0xE1, 0xB6, 0x40, 0xC0, 0xE1, 0xB8, 0x40, 0xC0, 0xE1
	.byte 0xBA, 0x40, 0xC0, 0xE1, 0xBE, 0x30, 0xC0, 0xE1, 0xB0, 0x11, 0xC0, 0xE1, 0x83, 0x40, 0x80, 0xE0
	.byte 0xB0, 0x21, 0xC4, 0xE1, 0xB2, 0x31, 0xC4, 0xE1, 0xFB, 0xF6, 0xFF, 0xEB, 0x10, 0x00, 0x84, 0xE2
	.byte 0x10, 0x40, 0xBD, 0xE8, 0x1E, 0xFF, 0x2F, 0xE1, 0x12, 0x02, 0x00, 0x00, 0x10, 0x40, 0x2D, 0xE9
	.byte 0x48, 0x20, 0x9F, 0xE5, 0x00, 0x40, 0xA0, 0xE3, 0xBC, 0x20, 0xC0, 0xE1, 0x01, 0x30, 0xA0, 0xE3
	.byte 0xBC, 0x20, 0xD0, 0xE1, 0xB0, 0x40, 0xC0, 0xE1, 0xB2, 0x40, 0xC0, 0xE1, 0xB4, 0x40, 0xC0, 0xE1
	.byte 0xB6, 0x40, 0xC0, 0xE1, 0xB8, 0x40, 0xC0, 0xE1, 0xBA, 0x40, 0xC0, 0xE1, 0xBE, 0x30, 0xC0, 0xE1
	.byte 0xB0, 0x11, 0xC0, 0xE1, 0x83, 0x40, 0x80, 0xE0, 0xB0, 0x21, 0xC4, 0xE1, 0xB2, 0x31, 0xC4, 0xE1
	.byte 0xE5, 0xF6, 0xFF, 0xEB, 0x10, 0x00, 0x84, 0xE2, 0x10, 0x40, 0xBD, 0xE8, 0x1E, 0xFF, 0x2F, 0xE1
	.byte 0x15, 0x02, 0x00, 0x00, 0x10, 0x40, 0x2D, 0xE9, 0x48, 0x20, 0x9F, 0xE5, 0x00, 0x40, 0xA0, 0xE3
	.byte 0xBC, 0x20, 0xC0, 0xE1, 0x01, 0x30, 0xA0, 0xE3, 0xBC, 0x20, 0xD0, 0xE1, 0xB0, 0x40, 0xC0, 0xE1
	.byte 0xB2, 0x40, 0xC0, 0xE1, 0xB4, 0x40, 0xC0, 0xE1, 0xB6, 0x40, 0xC0, 0xE1, 0xB8, 0x40, 0xC0, 0xE1
	.byte 0xBA, 0x40, 0xC0, 0xE1, 0xBE, 0x30, 0xC0, 0xE1, 0xB0, 0x11, 0xC0, 0xE1, 0x83, 0x40, 0x80, 0xE0
	.byte 0xB0, 0x21, 0xC4, 0xE1, 0xB2, 0x31, 0xC4, 0xE1, 0xCF, 0xF6, 0xFF, 0xEB, 0x10, 0x00, 0x84, 0xE2
	.byte 0x10, 0x40, 0xBD, 0xE8, 0x1E, 0xFF, 0x2F, 0xE1, 0x16, 0x02, 0x00, 0x00, 0x10, 0x40, 0x2D, 0xE9
	.byte 0x48, 0x20, 0x9F, 0xE5, 0x00, 0x40, 0xA0, 0xE3, 0xBC, 0x20, 0xC0, 0xE1, 0x01, 0x30, 0xA0, 0xE3
	.byte 0xBC, 0x20, 0xD0, 0xE1, 0xB0, 0x40, 0xC0, 0xE1, 0xB2, 0x40, 0xC0, 0xE1, 0xB4, 0x40, 0xC0, 0xE1
	.byte 0xB6, 0x40, 0xC0, 0xE1, 0xB8, 0x40, 0xC0, 0xE1, 0xBA, 0x40, 0xC0, 0xE1, 0xBE, 0x30, 0xC0, 0xE1
	.byte 0xB0, 0x11, 0xC0, 0xE1, 0x83, 0x40, 0x80, 0xE0, 0xB0, 0x21, 0xC4, 0xE1, 0xB2, 0x31, 0xC4, 0xE1
	.byte 0xB9, 0xF6, 0xFF, 0xEB, 0x10, 0x00, 0x84, 0xE2, 0x10, 0x40, 0xBD, 0xE8, 0x1E, 0xFF, 0x2F, 0xE1
	.byte 0x42, 0x02, 0x00, 0x00, 0x38, 0x40, 0x2D, 0xE9, 0x01, 0xC0, 0xA0, 0xE1, 0x01, 0x10, 0x8C, 0xE2
	.byte 0xA1, 0x1F, 0x81, 0xE0, 0xC1, 0x10, 0xA0, 0xE1, 0x00, 0x40, 0xA0, 0xE1, 0x64, 0x30, 0x9F, 0xE5
	.byte 0x00, 0x50, 0xA0, 0xE3, 0x01, 0x10, 0x81, 0xE2, 0x02, 0x00, 0xA0, 0xE1, 0xBE, 0x10, 0xC4, 0xE1
	.byte 0x0C, 0x20, 0xA0, 0xE1, 0xBC, 0x30, 0xC4, 0xE1, 0x12, 0x10, 0x84, 0xE2, 0xB0, 0x50, 0xC4, 0xE1
	.byte 0xB2, 0x50, 0xC4, 0xE1, 0xB4, 0x50, 0xC4, 0xE1, 0xB6, 0x50, 0xC4, 0xE1, 0xB8, 0x50, 0xC4, 0xE1
	.byte 0xBA, 0x50, 0xC4, 0xE1, 0xB0, 0xC1, 0xC4, 0xE1, 0xB3, 0x6A, 0x20, 0xEB, 0xBE, 0x10, 0xD4, 0xE1
	.byte 0xBC, 0x00, 0xD4, 0xE1, 0x81, 0x50, 0x84, 0xE0, 0xB0, 0x01, 0xC5, 0xE1, 0x01, 0x10, 0xA0, 0xE3
	.byte 0x04, 0x00, 0xA0, 0xE1, 0xB2, 0x11, 0xC5, 0xE1, 0x97, 0xF6, 0xFF, 0xEB, 0x10, 0x00, 0x85, 0xE2
	.byte 0x38, 0x40, 0xBD, 0xE8, 0x1E, 0xFF, 0x2F, 0xE1, 0x45, 0x02, 0x00, 0x00, 0x08, 0x10, 0x9F, 0xE5
	.byte 0x08, 0xC0, 0x9F, 0xE5, 0x04, 0x20, 0xA0, 0xE3, 0x1C, 0xFF, 0x2F, 0xE1, 0x81, 0x02, 0x00, 0x00
	.byte 0x98, 0x4B, 0xFE, 0x02, 0x08, 0x10, 0x9F, 0xE5, 0x08, 0xC0, 0x9F, 0xE5, 0x03, 0x20, 0xA0, 0xE3
	.byte 0x1C, 0xFF, 0x2F, 0xE1, 0x83, 0x02, 0x00, 0x00, 0x98, 0x4B, 0xFE, 0x02, 0x08, 0xC0, 0x9F, 0xE5
	.byte 0xA1, 0x1F, 0xA0, 0xE3, 0x02, 0x20, 0xA0, 0xE3, 0x1C, 0xFF, 0x2F, 0xE1, 0x98, 0x4B, 0xFE, 0x02
	.byte 0x08, 0x10, 0x9F, 0xE5, 0x08, 0xC0, 0x9F, 0xE5, 0x01, 0x20, 0xA0, 0xE3, 0x1C, 0xFF, 0x2F, 0xE1
	.byte 0x01, 0x03, 0x00, 0x00, 0x98, 0x4B, 0xFE, 0x02, 0x08, 0x10, 0x9F, 0xE5, 0x08, 0xC0, 0x9F, 0xE5
	.byte 0x01, 0x20, 0xA0, 0xE3, 0x1C, 0xFF, 0x2F, 0xE1, 0x02, 0x03, 0x00, 0x00, 0x98, 0x4B, 0xFE, 0x02
	.byte 0x08, 0x10, 0x9F, 0xE5, 0x08, 0xC0, 0x9F, 0xE5, 0x01, 0x20, 0xA0, 0xE3, 0x1C, 0xFF, 0x2F, 0xE1
	.byte 0x03, 0x03, 0x00, 0x00, 0x98, 0x4B, 0xFE, 0x02, 0x08, 0xC0, 0x9F, 0xE5, 0xC1, 0x1F, 0xA0, 0xE3
	.byte 0x01, 0x20, 0xA0, 0xE3, 0x1C, 0xFF, 0x2F, 0xE1, 0x98, 0x4B, 0xFE, 0x02, 0x08, 0x10, 0x9F, 0xE5
	.byte 0x08, 0xC0, 0x9F, 0xE5, 0x01, 0x20, 0xA0, 0xE3, 0x1C, 0xFF, 0x2F, 0xE1, 0x05, 0x03, 0x00, 0x00
	.byte 0x98, 0x4B, 0xFE, 0x02, 0x08, 0x10, 0x9F, 0xE5, 0x08, 0xC0, 0x9F, 0xE5, 0x09, 0x20, 0xA0, 0xE3
	.byte 0x1C, 0xFF, 0x2F, 0xE1, 0x06, 0x03, 0x00, 0x00, 0x98, 0x4B, 0xFE, 0x02, 0x08, 0x10, 0x9F, 0xE5
	.byte 0x08, 0xC0, 0x9F, 0xE5, 0x5C, 0x20, 0xA0, 0xE3, 0x1C, 0xFF, 0x2F, 0xE1, 0x07, 0x03, 0x00, 0x00
	.byte 0x98, 0x4B, 0xFE, 0x02, 0x08, 0xC0, 0x9F, 0xE5, 0xC2, 0x1F, 0xA0, 0xE3, 0x02, 0x20, 0xA0, 0xE3
	.byte 0x1C, 0xFF, 0x2F, 0xE1, 0x98, 0x4B, 0xFE, 0x02, 0x10, 0x40, 0x2D, 0xE9, 0xBC, 0x10, 0xC0, 0xE1
	.byte 0x00, 0x30, 0xA0, 0xE3, 0xBC, 0x10, 0xD0, 0xE1, 0xB0, 0x30, 0xC0, 0xE1, 0xB2, 0x30, 0xC0, 0xE1
	.byte 0xB4, 0x30, 0xC0, 0xE1, 0xB6, 0x30, 0xC0, 0xE1, 0xB8, 0x30, 0xC0, 0xE1, 0xBA, 0x30, 0xC0, 0xE1
	.byte 0xBE, 0x30, 0xC0, 0xE1, 0x83, 0x40, 0x80, 0xE0, 0xB0, 0x11, 0xC4, 0xE1, 0xB2, 0x21, 0xC4, 0xE1
	.byte 0x45, 0xF6, 0xFF, 0xEB, 0x10, 0x00, 0x84, 0xE2, 0x10, 0x40, 0xBD, 0xE8, 0x1E, 0xFF, 0x2F, 0xE1
	.byte 0xF8, 0x40, 0x2D, 0xE9, 0xD0, 0x50, 0x9F, 0xE5, 0x00, 0x70, 0xA0, 0xE1, 0x00, 0x40, 0xA0, 0xE3
	.byte 0x51, 0x17, 0x00, 0xEB, 0x00, 0x00, 0x50, 0xE3, 0x04, 0x00, 0x00, 0x0A, 0x4E, 0x91, 0x20, 0xEB
	.byte 0xB0, 0x40, 0xC0, 0xE1, 0x03, 0x10, 0xA0, 0xE3, 0xB2, 0x10, 0xC0, 0xE1, 0x27, 0x00, 0x00, 0xEA
	.byte 0x04, 0x60, 0x97, 0xE5, 0x01, 0x0A, 0x85, 0xE2, 0x4C, 0x65, 0x80, 0xE5, 0x08, 0x10, 0x97, 0xE5
	.byte 0x50, 0x15, 0x80, 0xE5, 0x00, 0x10, 0x86, 0xE5, 0x0C, 0x00, 0x97, 0xE5, 0x08, 0x00, 0x86, 0xE5
	.byte 0x10, 0x00, 0x97, 0xE5, 0x7D, 0x14, 0x00, 0xEB, 0x1F, 0x62, 0x20, 0xEB, 0x01, 0x00, 0x50, 0xE3
	.byte 0x01, 0x00, 0x00, 0x1A, 0x04, 0x00, 0xA0, 0xE1, 0x6E, 0x27, 0xFF, 0xEB, 0x02, 0x00, 0x8D, 0xE2
	.byte 0x00, 0x10, 0x8D, 0xE2, 0x26, 0x15, 0x00, 0xEB, 0x00, 0x00, 0x50, 0xE3, 0x0D, 0x00, 0x00, 0x1A
	.byte 0x15, 0x62, 0x20, 0xEB, 0x01, 0x00, 0x50, 0xE3, 0x01, 0x00, 0x00, 0x1A, 0x01, 0x00, 0xA0, 0xE3
	.byte 0x64, 0x27, 0xFF, 0xEB, 0x30, 0x91, 0x20, 0xEB, 0xB0, 0x40, 0xC0, 0xE1, 0x01, 0x10, 0xA0, 0xE3
	.byte 0xB2, 0x10, 0xC0, 0xE1, 0xB2, 0x10, 0xDD, 0xE1, 0xB4, 0x10, 0xC0, 0xE1, 0xB0, 0x10, 0xDD, 0xE1
	.byte 0xB6, 0x10, 0xC0, 0xE1, 0x05, 0x00, 0x00, 0xEA, 0x00, 0x00, 0x96, 0xE5, 0x02, 0x10, 0xA0, 0xE3
	.byte 0xB0, 0x10, 0xC0, 0xE1, 0x24, 0x91, 0x20, 0xEB, 0xB0, 0x40, 0xC0, 0xE1, 0xB2, 0x40, 0xC0, 0xE1
	.byte 0x0E, 0x91, 0x20, 0xEB, 0xF8, 0x40, 0xBD, 0xE8, 0x1E, 0xFF, 0x2F, 0xE1, 0x70, 0x88, 0xFF, 0x02
	.byte 0xF0, 0x4F, 0x2D, 0xE9, 0x83, 0xDF, 0x4D, 0xE2, 0x38, 0x03, 0x9F, 0xE5, 0x00, 0x60, 0xA0, 0xE3
	.byte 0x50, 0x85, 0x90, 0xE5, 0x01, 0xB0, 0xA0, 0xE3, 0x06, 0x40, 0xA0, 0xE1, 0x9E, 0x68, 0x20, 0xEB
	.byte 0x0C, 0x10, 0x98, 0xE5, 0x00, 0x50, 0xA0, 0xE1, 0x01, 0x00, 0x51, 0xE3, 0x0E, 0x00, 0x00, 0x1A
	.byte 0x14, 0x13, 0x9F, 0xE5, 0x04, 0x00, 0xA0, 0xE1, 0xDE, 0x11, 0x00, 0xEB, 0x0C, 0x40, 0x88, 0xE5
	.byte 0x0B, 0x40, 0xA0, 0xE1, 0x91, 0x0B, 0x00, 0xEB, 0x12, 0xF7, 0xFF, 0xEB, 0xB0, 0x00, 0xD8, 0xE1
	.byte 0x0A, 0x00, 0x50, 0xE3, 0x08, 0x00, 0xA0, 0x03, 0xB0, 0x00, 0xC8, 0x01, 0x02, 0x00, 0x00, 0x0A
	.byte 0x09, 0x00, 0x50, 0xE3, 0x07, 0x00, 0xA0, 0x03, 0xB0, 0x00, 0xC8, 0x01, 0xB0, 0x10, 0xD8, 0xE1
	.byte 0xF9, 0x00, 0x81, 0xE2, 0xFF, 0x0C, 0x80, 0xE2, 0x00, 0x08, 0xA0, 0xE1, 0x20, 0x08, 0xA0, 0xE1
	.byte 0x01, 0x00, 0x50, 0xE3, 0x05, 0x00, 0x00, 0x8A, 0x01, 0x0C, 0x88, 0xE2, 0xB2, 0x98, 0xD0, 0xE1
	.byte 0x01, 0xA0, 0xA0, 0xE3, 0x07, 0x00, 0x51, 0xE3, 0x00, 0xA0, 0xA0, 0x13, 0x00, 0x00, 0x00, 0xEA
	.byte 0x00, 0x90, 0xA0, 0xE3, 0x01, 0x0C, 0x88, 0xE2, 0xB2, 0x68, 0xC0, 0xE1, 0xB6, 0x68, 0xC8, 0xE1
	.byte 0x14, 0x60, 0x88, 0xE5, 0x10, 0x60, 0x88, 0xE5, 0x1C, 0x60, 0x88, 0xE5, 0x05, 0x00, 0xA0, 0xE1
	.byte 0xB2, 0x6C, 0xC8, 0xE1, 0x79, 0x68, 0x20, 0xEB, 0x00, 0x00, 0x54, 0xE3, 0x01, 0x00, 0x00, 0x0A
	.byte 0x74, 0x02, 0x9F, 0xE5, 0x89, 0x12, 0x00, 0xEB, 0x00, 0x00, 0x5A, 0xE3, 0xB6, 0x6F, 0xC8, 0x11
	.byte 0x00, 0x00, 0x59, 0xE3, 0x10, 0x00, 0x00, 0x0A, 0x00, 0x70, 0xA0, 0xE3, 0x4A, 0x5F, 0x88, 0xE2
	.byte 0x8A, 0x40, 0x88, 0xE2, 0x1B, 0x07, 0x19, 0xE1, 0x08, 0x00, 0x00, 0x0A, 0x00, 0x00, 0x57, 0xE3
	.byte 0x01, 0x2C, 0x84, 0x02, 0x01, 0x10, 0x47, 0x12, 0x06, 0x00, 0xA0, 0x13, 0x91, 0x50, 0x22, 0x10
	.byte 0x07, 0x18, 0xA0, 0xE1, 0x0A, 0x00, 0xA0, 0xE1, 0x21, 0x18, 0xA0, 0xE1, 0x30, 0x07, 0x00, 0xEB
	.byte 0x01, 0x70, 0x87, 0xE2, 0x10, 0x00, 0x57, 0xE3, 0xF1, 0xFF, 0xFF, 0xBA, 0x4A, 0x0F, 0x88, 0xE2
	.byte 0x00, 0x10, 0xA0, 0xE3, 0x5A, 0x20, 0xA0, 0xE3, 0x2C, 0x6A, 0x20, 0xEB, 0x0C, 0x00, 0x8D, 0xE2
	.byte 0x5F, 0xFF, 0xFF, 0xEB, 0xB4, 0x10, 0xD0, 0xE1, 0x00, 0x00, 0x51, 0xE3, 0x02, 0x00, 0x00, 0x0A
	.byte 0xC2, 0x0F, 0xA0, 0xE3, 0x7F, 0x00, 0x00, 0xEB, 0x77, 0x00, 0x00, 0xEA, 0xB6, 0x40, 0xD0, 0xE1
	.byte 0x0C, 0x00, 0x8D, 0xE2, 0x28, 0xFF, 0xFF, 0xEB, 0xB4, 0x10, 0xD0, 0xE1, 0x00, 0x00, 0x51, 0xE3
	.byte 0x01, 0x00, 0x00, 0x0A, 0xA1, 0x0F, 0xA0, 0xE3, 0xF5, 0xFF, 0xFF, 0xEA, 0xB6, 0x10, 0xD0, 0xE1
	.byte 0x20, 0x00, 0x54, 0xE3, 0x0B, 0x00, 0x00, 0xCA, 0x42, 0x00, 0x00, 0xAA, 0x00, 0x00, 0x54, 0xE3
	.byte 0x01, 0x00, 0x00, 0xCA, 0x47, 0x00, 0x00, 0x0A, 0x60, 0x00, 0x00, 0xEA, 0x12, 0x00, 0x54, 0xE3
	.byte 0x5E, 0x00, 0x00, 0xCA, 0x10, 0x00, 0x54, 0xE3, 0x5C, 0x00, 0x00, 0xBA, 0x48, 0x00, 0x00, 0x0A
	.byte 0x11, 0x00, 0x54, 0xE3, 0x59, 0x00, 0x00, 0xEA, 0x30, 0x00, 0x54, 0xE3, 0x01, 0x00, 0x00, 0xCA
	.byte 0x02, 0x00, 0x00, 0x0A, 0x55, 0x00, 0x00, 0xEA, 0x40, 0x00, 0x54, 0xE3, 0x53, 0x00, 0x00, 0x1A
	.byte 0xFE, 0x00, 0x81, 0xE2, 0xFF, 0x0C, 0x80, 0xE2, 0x00, 0x08, 0xA0, 0xE1, 0x20, 0x08, 0xA0, 0xE1
	.byte 0x01, 0x00, 0x50, 0xE3, 0x1C, 0x00, 0x00, 0x8A, 0x06, 0x40, 0x8D, 0xE2, 0x8A, 0x00, 0x88, 0xE2
	.byte 0x04, 0x10, 0xA0, 0xE1, 0x01, 0x0C, 0x80, 0xE2, 0x06, 0x20, 0xA0, 0xE3, 0x20, 0x6A, 0x20, 0xEB
	.byte 0x00, 0x50, 0xA0, 0xE3, 0x03, 0x70, 0xA0, 0xE3, 0x10, 0x00, 0x00, 0xEA, 0xB0, 0x00, 0xD8, 0xE1
	.byte 0x08, 0x00, 0x50, 0xE3, 0x1F, 0x00, 0x00, 0x1A, 0x0C, 0x00, 0x8D, 0xE2, 0x04, 0x10, 0xA0, 0xE1
	.byte 0x07, 0x20, 0xA0, 0xE1, 0xDC, 0xFC, 0xFF, 0xEB, 0xB4, 0x00, 0xD0, 0xE1, 0x00, 0x00, 0x50, 0xE3
	.byte 0x03, 0x00, 0x00, 0x0A, 0x07, 0x00, 0x50, 0xE3, 0x0C, 0x00, 0x50, 0x13, 0x02, 0x00, 0x00, 0x0A
	.byte 0x14, 0x00, 0x00, 0xEA, 0xB0, 0x70, 0xC8, 0xE1, 0x12, 0x00, 0x00, 0xEA, 0x01, 0x50, 0x85, 0xE2
	.byte 0x02, 0x00, 0x55, 0xE3, 0xEC, 0xFF, 0xFF, 0xBA, 0x0E, 0x00, 0x00, 0xEA, 0x01, 0x00, 0x51, 0xE3
	.byte 0x0C, 0x00, 0x00, 0x1A, 0x00, 0x50, 0x8D, 0xE2, 0xFF, 0x10, 0xA0, 0xE3, 0x05, 0x00, 0xA0, 0xE1
	.byte 0x06, 0x20, 0xA0, 0xE3, 0xDD, 0x69, 0x20, 0xEB, 0x03, 0x40, 0xA0, 0xE3, 0x0C, 0x00, 0x8D, 0xE2
	.byte 0x05, 0x10, 0xA0, 0xE1, 0x04, 0x20, 0xA0, 0xE1, 0xC3, 0xFC, 0xFF, 0xEB, 0xB4, 0x00, 0xD0, 0xE1
	.byte 0x00, 0x00, 0x50, 0xE3, 0xB0, 0x40, 0xC8, 0x01, 0x0C, 0x00, 0x8D, 0xE2, 0x01, 0x10, 0xA0, 0xE3
	.byte 0x29, 0xFC, 0xFF, 0xEB, 0xB4, 0x10, 0xD0, 0xE1, 0x00, 0x00, 0x51, 0xE3, 0x01, 0x00, 0x00, 0x0A
	.byte 0x00, 0x00, 0xA0, 0xE3, 0xA6, 0xFF, 0xFF, 0xEA, 0x0C, 0x00, 0x8D, 0xE2, 0xDD, 0xFE, 0xFF, 0xEB
	.byte 0xB4, 0x10, 0xD0, 0xE1, 0x00, 0x00, 0x51, 0xE3, 0x01, 0x00, 0x00, 0x0A, 0x7C, 0x00, 0x9F, 0xE5
	.byte 0x9F, 0xFF, 0xFF, 0xEA, 0x01, 0x0C, 0x88, 0xE2, 0xBE, 0x0E, 0xD0, 0xE1, 0x00, 0x00, 0x50, 0xE3
	.byte 0x09, 0x00, 0x00, 0x1A, 0x0C, 0x00, 0x8D, 0xE2, 0x0B, 0x10, 0xA0, 0xE1, 0x11, 0xFE, 0xFF, 0xEB
	.byte 0xB4, 0x10, 0xD0, 0xE1, 0x00, 0x00, 0x51, 0xE3, 0x01, 0x00, 0x00, 0x0A, 0x50, 0x00, 0x9F, 0xE5
	.byte 0x93, 0xFF, 0xFF, 0xEA, 0x01, 0x0C, 0x88, 0xE2, 0xBE, 0xBE, 0xC0, 0xE1, 0x02, 0x00, 0xA0, 0xE3
	.byte 0xB0, 0x00, 0xC8, 0xE1, 0x98, 0x61, 0x88, 0xE5, 0xA4, 0xF6, 0xFF, 0xEB, 0x02, 0x00, 0x00, 0xEA
	.byte 0xC2, 0x0F, 0xA0, 0xE3, 0x00, 0x10, 0xA0, 0xE3, 0x89, 0xFF, 0xFF, 0xEA, 0x52, 0x90, 0x20, 0xEB
	.byte 0xB0, 0xB0, 0xC0, 0xE1, 0xB2, 0x60, 0xC0, 0xE1, 0x3C, 0x90, 0x20, 0xEB, 0x83, 0xDF, 0x8D, 0xE2
	.byte 0xF0, 0x4F, 0xBD, 0xE8, 0x1E, 0xFF, 0x2F, 0xE1, 0x70, 0x98, 0xFF, 0x02, 0xFF, 0xFF, 0x00, 0x00
	.byte 0x02, 0x03, 0x00, 0x00, 0x0E, 0x02, 0x00, 0x00, 0x38, 0x40, 0x2D, 0xE9, 0x00, 0x50, 0xA0, 0xE1
	.byte 0x01, 0x40, 0xA0, 0xE1, 0x44, 0x90, 0x20, 0xEB, 0x01, 0x10, 0xA0, 0xE3, 0xB0, 0x10, 0xC0, 0xE1
	.byte 0xB2, 0x10, 0xC0, 0xE1, 0xB4, 0x50, 0xC0, 0xE1, 0xB6, 0x40, 0xC0, 0xE1, 0x2B, 0x90, 0x20, 0xEB
	.byte 0x38, 0x40, 0xBD, 0xE8, 0x1E, 0xFF, 0x2F, 0xE1, 0xF8, 0x40, 0x2D, 0xE9, 0x02, 0xDC, 0x4D, 0xE2
	.byte 0xA8, 0x00, 0x9F, 0xE5, 0xA8, 0x60, 0x9F, 0xE5, 0x50, 0x75, 0x90, 0xE5, 0x02, 0x50, 0xA0, 0xE3
	.byte 0xB0, 0x00, 0xD7, 0xE1, 0x02, 0x00, 0x50, 0xE3, 0x04, 0x00, 0x00, 0x0A, 0x32, 0x90, 0x20, 0xEB
	.byte 0xB0, 0x50, 0xC0, 0xE1, 0x03, 0x10, 0xA0, 0xE3, 0xB2, 0x10, 0xC0, 0xE1, 0x1B, 0x00, 0x00, 0xEA
	.byte 0x00, 0x00, 0x8D, 0xE2, 0x95, 0xFE, 0xFF, 0xEB, 0xB4, 0x40, 0xD0, 0xE1, 0x00, 0x00, 0x54, 0xE3
	.byte 0x07, 0x00, 0x00, 0x0A, 0x28, 0x90, 0x20, 0xEB, 0xB0, 0x50, 0xC0, 0xE1, 0x01, 0x10, 0xA0, 0xE3
	.byte 0xB2, 0x10, 0xC0, 0xE1, 0x03, 0x1C, 0x81, 0xE2, 0xB4, 0x10, 0xC0, 0xE1, 0xB6, 0x40, 0xC0, 0xE1
	.byte 0x0E, 0x00, 0x00, 0xEA, 0x01, 0x00, 0xA0, 0xE3, 0xB0, 0x00, 0xC7, 0xE1, 0x64, 0x7F, 0x20, 0xEB
	.byte 0xFD, 0x60, 0x20, 0xEB, 0x01, 0x00, 0x50, 0xE3, 0x01, 0x00, 0x00, 0x1A, 0x00, 0x00, 0xA0, 0xE3
	.byte 0x0E, 0x6B, 0x20, 0xEB, 0x00, 0x40, 0xA0, 0xE3, 0xB0, 0x40, 0xC7, 0xE1, 0x01, 0x0A, 0x86, 0xE2
	.byte 0x90, 0x45, 0x80, 0xE5, 0x14, 0x90, 0x20, 0xEB, 0xB0, 0x50, 0xC0, 0xE1, 0xB2, 0x40, 0xC0, 0xE1
	.byte 0xFE, 0x8F, 0x20, 0xEB, 0x02, 0xDC, 0x8D, 0xE2, 0xF8, 0x40, 0xBD, 0xE8, 0x1E, 0xFF, 0x2F, 0xE1
	.byte 0x70, 0x98, 0xFF, 0x02, 0x70, 0x88, 0xFF, 0x02, 0x70, 0x40, 0x2D, 0xE9, 0x02, 0xDC, 0x4D, 0xE2
	.byte 0x90, 0x10, 0x9F, 0xE5, 0x04, 0x00, 0x90, 0xE5, 0x50, 0x65, 0x91, 0xE5, 0x40, 0x20, 0xA0, 0xE3
	.byte 0xE8, 0x10, 0x86, 0xE2, 0x07, 0x40, 0xA0, 0xE3, 0x85, 0x69, 0x20, 0xEB, 0x01, 0x0C, 0x86, 0xE2
	.byte 0xBA, 0x11, 0xD0, 0xE1, 0xB4, 0x0F, 0xD0, 0xE1, 0x01, 0x50, 0xA0, 0xE3, 0x15, 0x01, 0x10, 0xE1
	.byte 0x03, 0x00, 0x00, 0x1A, 0xFC, 0x8F, 0x20, 0xEB, 0xB0, 0x40, 0xC0, 0xE1, 0x06, 0x10, 0xA0, 0xE3
	.byte 0x0F, 0x00, 0x00, 0xEA, 0xB8, 0x1F, 0xD6, 0xE1, 0x00, 0x00, 0x8D, 0xE2, 0xD4, 0xFD, 0xFF, 0xEB
	.byte 0xB4, 0x60, 0xD0, 0xE1, 0x00, 0x00, 0x56, 0xE3, 0x06, 0x00, 0x00, 0x0A, 0xF2, 0x8F, 0x20, 0xEB
	.byte 0xB0, 0x40, 0xC0, 0xE1, 0x30, 0x10, 0x9F, 0xE5, 0xB2, 0x50, 0xC0, 0xE1, 0xB4, 0x10, 0xC0, 0xE1
	.byte 0xB6, 0x60, 0xC0, 0xE1, 0x03, 0x00, 0x00, 0xEA, 0xEB, 0x8F, 0x20, 0xEB, 0xB0, 0x40, 0xC0, 0xE1
	.byte 0x00, 0x10, 0xA0, 0xE3, 0xB2, 0x10, 0xC0, 0xE1, 0xD4, 0x8F, 0x20, 0xEB, 0x02, 0xDC, 0x8D, 0xE2
	.byte 0x70, 0x40, 0xBD, 0xE8, 0x1E, 0xFF, 0x2F, 0xE1, 0x70, 0x98, 0xFF, 0x02, 0x12, 0x02, 0x00, 0x00
	.byte 0xF8, 0x4F, 0x2D, 0xE9, 0xAE, 0xDF, 0x4D, 0xE2, 0x40, 0x12, 0x9F, 0xE5, 0xB8, 0xB0, 0x8D, 0xE2
	.byte 0x50, 0x75, 0x91, 0xE5, 0x01, 0x40, 0xA0, 0xE3, 0xB0, 0x10, 0xD7, 0xE1, 0x08, 0x60, 0xA0, 0xE3
	.byte 0x02, 0x00, 0x51, 0xE3, 0x00, 0x50, 0xA0, 0xE3, 0x02, 0x00, 0x00, 0x1A, 0xC8, 0x10, 0x97, 0xE5
	.byte 0x01, 0x00, 0x11, 0xE3, 0x06, 0x00, 0x00, 0x0A, 0xD3, 0x8F, 0x20, 0xEB, 0xB0, 0x60, 0xC0, 0xE1
	.byte 0x03, 0x10, 0xA0, 0xE3, 0xB2, 0x10, 0xC0, 0xE1, 0xB8, 0x50, 0xC0, 0xE1, 0xBB, 0x8F, 0x20, 0xEB
	.byte 0x7B, 0x00, 0x00, 0xEA, 0x01, 0x1C, 0x87, 0xE2, 0xBA, 0x21, 0xD1, 0xE1, 0x04, 0x90, 0xA0, 0xE1
	.byte 0xB6, 0x3F, 0xD1, 0xE1, 0x19, 0x22, 0xA0, 0xE1, 0x04, 0x80, 0x90, 0xE5, 0xC2, 0x00, 0x13, 0xE1
	.byte 0x03, 0x00, 0x00, 0x1A, 0xC4, 0x8F, 0x20, 0xEB, 0xB0, 0x60, 0xC0, 0xE1, 0x06, 0x10, 0xA0, 0xE3
	.byte 0xEF, 0xFF, 0xFF, 0xEA, 0xB6, 0x9E, 0xC7, 0xE1, 0xB8, 0x58, 0xC1, 0xE1, 0x46, 0x67, 0x20, 0xEB
	.byte 0x01, 0x1C, 0x87, 0xE2, 0xB2, 0x58, 0xC1, 0xE1, 0xB6, 0x58, 0xC7, 0xE1, 0x47, 0x67, 0x20, 0xEB
	.byte 0x01, 0x2C, 0x87, 0xE2, 0x0B, 0x10, 0xA0, 0xE1, 0x06, 0x00, 0xA0, 0xE1, 0xBE, 0x9E, 0xC2, 0xE1
	.byte 0x23, 0xF5, 0xFF, 0xEB, 0x00, 0x00, 0x50, 0xE3, 0x61, 0x00, 0x00, 0x0A, 0x0B, 0x00, 0xA0, 0xE1
	.byte 0x26, 0xFE, 0xFF, 0xEB, 0xB4, 0x10, 0xD0, 0xE1, 0x00, 0x00, 0x51, 0xE3, 0x02, 0x00, 0x00, 0x0A
	.byte 0xC1, 0x0F, 0x69, 0xE2, 0x5E, 0x00, 0x00, 0xEB, 0x59, 0x00, 0x00, 0xEA, 0x00, 0x00, 0x58, 0xE3
	.byte 0x05, 0x90, 0xA0, 0x01, 0x09, 0x08, 0xA0, 0xE1, 0x20, 0x88, 0xA0, 0xE1, 0x00, 0xA0, 0xA0, 0xE3
	.byte 0x0B, 0x00, 0xA0, 0xE1, 0x08, 0x10, 0xA0, 0xE1, 0x0A, 0x20, 0xA0, 0xE1, 0x04, 0x30, 0xA0, 0xE1
	.byte 0x68, 0xFB, 0xFF, 0xEB, 0xB4, 0x10, 0xD0, 0xE1, 0x00, 0x00, 0x51, 0xE3, 0x01, 0x00, 0x00, 0x0A
	.byte 0x04, 0x00, 0xA0, 0xE1, 0xEE, 0xFF, 0xFF, 0xEA, 0x0A, 0x00, 0xA0, 0xE1, 0x38, 0x10, 0x8D, 0xE2
	.byte 0xE8, 0x90, 0x87, 0xE2, 0x80, 0x20, 0xA0, 0xE3, 0xB6, 0x8C, 0xC7, 0xE1, 0x90, 0x68, 0x20, 0xEB
	.byte 0x38, 0x00, 0x8D, 0xE2, 0x09, 0x10, 0xA0, 0xE1, 0xD0, 0xF4, 0xFF, 0xEB, 0x18, 0x80, 0x8D, 0xE2
	.byte 0x0A, 0x00, 0xA0, 0xE1, 0x08, 0x10, 0xA0, 0xE1, 0x20, 0x20, 0xA0, 0xE3, 0x88, 0x68, 0x20, 0xEB
	.byte 0x08, 0x30, 0x99, 0xE5, 0x08, 0x20, 0xA0, 0xE1, 0xB8, 0x31, 0xCD, 0xE1, 0x0B, 0x00, 0xA0, 0xE1
	.byte 0x08, 0xB0, 0x99, 0xE5, 0x02, 0x80, 0xA0, 0xE3, 0x2B, 0xB8, 0xA0, 0xE1, 0xBA, 0xB1, 0xCD, 0xE1
	.byte 0xBC, 0xB0, 0xD9, 0xE1, 0x03, 0x30, 0xA0, 0xE3, 0xBC, 0xB1, 0xCD, 0xE1, 0xBE, 0xA1, 0xCD, 0xE1
	.byte 0x00, 0x80, 0x8D, 0xE5, 0xB2, 0x83, 0xD9, 0xE1, 0x20, 0x10, 0xA0, 0xE3, 0x04, 0x80, 0x8D, 0xE5
	.byte 0x08, 0x30, 0x8D, 0xE5, 0x0C, 0x30, 0x8D, 0xE5, 0xB4, 0x30, 0xD9, 0xE1, 0x10, 0x30, 0x83, 0xE2
	.byte 0x03, 0x38, 0xA0, 0xE1, 0x23, 0x38, 0xA0, 0xE1, 0x10, 0x30, 0x8D, 0xE5, 0x38, 0x30, 0x8D, 0xE2
	.byte 0x14, 0x30, 0x8D, 0xE5, 0xB8, 0x31, 0xD9, 0xE1, 0xF7, 0xFB, 0xFF, 0xEB, 0xB4, 0x10, 0xD0, 0xE1
	.byte 0x00, 0x00, 0x51, 0xE3, 0x01, 0x00, 0x00, 0x0A, 0x09, 0x00, 0xA0, 0xE3, 0xC0, 0xFF, 0xFF, 0xEA
	.byte 0xB4, 0x01, 0xD9, 0xE1, 0x00, 0x00, 0x50, 0xE3, 0xB4, 0x03, 0xD9, 0xE1, 0x2A, 0xA0, 0xA0, 0x13
	.byte 0x0A, 0x00, 0x80, 0xE0, 0x00, 0x08, 0xA0, 0xE1, 0x20, 0x08, 0xA0, 0xE1, 0xC0, 0xF5, 0xFF, 0xEB
	.byte 0xB4, 0x01, 0xD9, 0xE1, 0x06, 0x10, 0xA0, 0xE3, 0x00, 0x00, 0x50, 0xE3, 0xB6, 0x03, 0xD9, 0xE1
	.byte 0x00, 0x10, 0xA0, 0x03, 0x01, 0x00, 0x80, 0xE0, 0x00, 0x08, 0xA0, 0xE1, 0x20, 0x08, 0xA0, 0xE1
	.byte 0xC9, 0xF5, 0xFF, 0xEB, 0x5C, 0x8F, 0x20, 0xEB, 0x07, 0x10, 0xA0, 0xE3, 0xB0, 0x10, 0xC7, 0xE1
	.byte 0xB0, 0x60, 0xC0, 0xE1, 0xB2, 0x50, 0xC0, 0xE1, 0xB8, 0x50, 0xC0, 0xE1, 0xB0, 0x13, 0xD7, 0xE1
	.byte 0xBC, 0x12, 0xC0, 0xE1, 0xB2, 0x13, 0xD7, 0xE1, 0xBE, 0x12, 0xC0, 0xE1, 0x3F, 0x8F, 0x20, 0xEB
	.byte 0xB2, 0x4C, 0xC7, 0xE1, 0xAE, 0xDF, 0x8D, 0xE2, 0xF8, 0x4F, 0xBD, 0xE8, 0x1E, 0xFF, 0x2F, 0xE1
	.byte 0x70, 0x98, 0xFF, 0x02, 0x38, 0x40, 0x2D, 0xE9, 0x00, 0x50, 0xA0, 0xE1, 0x01, 0x40, 0xA0, 0xE1
	.byte 0x49, 0x8F, 0x20, 0xEB, 0x08, 0x10, 0xA0, 0xE3, 0xB0, 0x10, 0xC0, 0xE1, 0x01, 0x10, 0xA0, 0xE3
	.byte 0xB2, 0x10, 0xC0, 0xE1, 0x00, 0x10, 0xA0, 0xE3, 0xB8, 0x10, 0xC0, 0xE1, 0xB4, 0x50, 0xC0, 0xE1
	.byte 0xB6, 0x40, 0xC0, 0xE1, 0x2D, 0x8F, 0x20, 0xEB, 0x38, 0x40, 0xBD, 0xE8, 0x1E, 0xFF, 0x2F, 0xE1
	.byte 0xF8, 0x4F, 0x2D, 0xE9, 0x82, 0xDF, 0x4D, 0xE2, 0xA0, 0x01, 0x9F, 0xE5, 0x03, 0x70, 0xA0, 0xE3
	.byte 0x50, 0xA5, 0x90, 0xE5, 0x01, 0x50, 0xA0, 0xE3, 0xB0, 0x00, 0xDA, 0xE1, 0x00, 0x60, 0xA0, 0xE3
	.byte 0x07, 0x00, 0x50, 0xE3, 0x04, 0x00, 0x00, 0x0A, 0x33, 0x8F, 0x20, 0xEB, 0x09, 0x10, 0xA0, 0xE3
	.byte 0xB0, 0x10, 0xC0, 0xE1, 0xB2, 0x70, 0xC0, 0xE1, 0x58, 0x00, 0x00, 0xEA, 0xB6, 0x6F, 0xCA, 0xE1
	.byte 0x05, 0x80, 0xA0, 0xE1, 0x01, 0x0C, 0x8A, 0xE2, 0xB2, 0x08, 0xD0, 0xE1, 0x15, 0x08, 0x10, 0xE1
	.byte 0x2E, 0x00, 0x00, 0x0A, 0x4A, 0x0F, 0x8A, 0xE2, 0x01, 0x10, 0x48, 0xE2, 0x06, 0x20, 0xA0, 0xE3
	.byte 0x91, 0x02, 0x20, 0xE0, 0x00, 0x40, 0x8D, 0xE2, 0x04, 0x10, 0xA0, 0xE1, 0xA4, 0x68, 0x20, 0xEB
	.byte 0x00, 0x90, 0xA0, 0xE3, 0x08, 0xB0, 0x8D, 0xE2, 0x0B, 0x00, 0x00, 0xEA, 0x0B, 0x00, 0xA0, 0xE1
	.byte 0x04, 0x10, 0xA0, 0xE1, 0x07, 0x20, 0xA0, 0xE1, 0x63, 0xFB, 0xFF, 0xEB, 0xB4, 0x00, 0xD0, 0xE1
	.byte 0x00, 0x00, 0x50, 0xE3, 0x06, 0x00, 0x00, 0x0A, 0x07, 0x00, 0x50, 0xE3, 0x01, 0x00, 0x00, 0x0A
	.byte 0x0C, 0x00, 0x50, 0xE3, 0x02, 0x00, 0x00, 0x1A, 0x01, 0x90, 0x89, 0xE2, 0x02, 0x00, 0x59, 0xE3
	.byte 0xF1, 0xFF, 0xFF, 0xBA, 0x98, 0x66, 0x20, 0xEB, 0x01, 0x2C, 0x8A, 0xE2, 0xB2, 0x38, 0xD2, 0xE1
	.byte 0x15, 0x08, 0x13, 0xE1, 0x10, 0x00, 0x00, 0x0A, 0x15, 0x18, 0xE0, 0xE1, 0x01, 0x18, 0xA0, 0xE1
	.byte 0x21, 0x38, 0x03, 0xE0, 0xB2, 0x38, 0xC2, 0xE1, 0xB6, 0x28, 0xDA, 0xE1, 0x21, 0x18, 0x02, 0xE0
	.byte 0xB6, 0x18, 0xCA, 0xE1, 0x88, 0x11, 0x8A, 0xE0, 0x38, 0x67, 0x81, 0xE5, 0x3C, 0x67, 0x81, 0xE5
	.byte 0x8E, 0x66, 0x20, 0xEB, 0x08, 0x08, 0xA0, 0xE1, 0x20, 0x18, 0xA0, 0xE1, 0x00, 0x20, 0x8D, 0xE2
	.byte 0x01, 0x00, 0xA0, 0xE3, 0x56, 0x05, 0x00, 0xEB, 0x00, 0x00, 0x00, 0xEA, 0x87, 0x66, 0x20, 0xEB
	.byte 0x01, 0x80, 0x88, 0xE2, 0x10, 0x00, 0x58, 0xE3, 0xC9, 0xFF, 0xFF, 0xBA, 0x08, 0x40, 0x8D, 0xE2
	.byte 0x01, 0x10, 0xA0, 0xE3, 0x04, 0x00, 0xA0, 0xE1, 0xA7, 0xFA, 0xFF, 0xEB, 0xB4, 0x10, 0xD0, 0xE1
	.byte 0x00, 0x00, 0x51, 0xE3, 0x02, 0x00, 0x00, 0x0A, 0x00, 0x00, 0xA0, 0xE3, 0x1D, 0x00, 0x00, 0xEB
	.byte 0x17, 0x00, 0x00, 0xEA, 0xB2, 0x6C, 0xCA, 0xE1, 0xB0, 0x70, 0xCA, 0xE1, 0x04, 0x00, 0xA0, 0xE1
	.byte 0x58, 0xFD, 0xFF, 0xEB, 0xB4, 0x10, 0xD0, 0xE1, 0x00, 0x00, 0x51, 0xE3, 0x01, 0x00, 0x00, 0x0A
	.byte 0x4C, 0x00, 0x9F, 0xE5, 0xF4, 0xFF, 0xFF, 0xEA, 0x02, 0x00, 0xA0, 0xE3, 0xB0, 0x00, 0xCA, 0xE1
	.byte 0x98, 0x61, 0x8A, 0xE5, 0x01, 0x0C, 0x8A, 0xE2, 0x06, 0x10, 0xA0, 0xE1, 0xB6, 0x69, 0xC0, 0xE1
	.byte 0x67, 0x0F, 0x8A, 0xE2, 0x50, 0x20, 0xA0, 0xE3, 0x38, 0x68, 0x20, 0xEB, 0x27, 0xF5, 0xFF, 0xEB
	.byte 0xD9, 0x8E, 0x20, 0xEB, 0x09, 0x10, 0xA0, 0xE3, 0xB0, 0x10, 0xC0, 0xE1, 0xB2, 0x60, 0xC0, 0xE1
	.byte 0xC2, 0x8E, 0x20, 0xEB, 0x82, 0xDF, 0x8D, 0xE2, 0xF8, 0x4F, 0xBD, 0xE8, 0x1E, 0xFF, 0x2F, 0xE1
	.byte 0x70, 0x98, 0xFF, 0x02, 0x02, 0x03, 0x00, 0x00, 0x38, 0x40, 0x2D, 0xE9, 0x00, 0x50, 0xA0, 0xE1
	.byte 0x01, 0x40, 0xA0, 0xE1, 0xCC, 0x8E, 0x20, 0xEB, 0x09, 0x10, 0xA0, 0xE3, 0xB0, 0x10, 0xC0, 0xE1
	.byte 0x01, 0x10, 0xA0, 0xE3, 0xB2, 0x10, 0xC0, 0xE1, 0xB4, 0x50, 0xC0, 0xE1, 0xB6, 0x40, 0xC0, 0xE1
	.byte 0xB2, 0x8E, 0x20, 0xEB, 0x38, 0x40, 0xBD, 0xE8, 0x1E, 0xFF, 0x2F, 0xE1, 0xF8, 0x4F, 0x2D, 0xE9
	.byte 0x92, 0xDF, 0x4D, 0xE2, 0xDC, 0x12, 0x9F, 0xE5, 0x00, 0x40, 0xA0, 0xE3, 0x50, 0xA5, 0x91, 0xE5
	.byte 0x06, 0x50, 0xA0, 0xE3, 0xB0, 0x10, 0xDA, 0xE1, 0x04, 0x60, 0xA0, 0xE3, 0x02, 0x00, 0x51, 0xE3
	.byte 0x03, 0x00, 0x51, 0x13, 0x0A, 0x70, 0xA0, 0xE3, 0x05, 0x00, 0x51, 0x13, 0x04, 0x00, 0x00, 0x0A
	.byte 0xB5, 0x8E, 0x20, 0xEB, 0xB0, 0x70, 0xC0, 0xE1, 0x03, 0x10, 0xA0, 0xE3, 0xB2, 0x10, 0xC0, 0xE1
	.byte 0x1C, 0x00, 0x00, 0xEA, 0x04, 0x10, 0x90, 0xE5, 0x01, 0x2C, 0x8A, 0xE2, 0x84, 0x11, 0x8A, 0xE5
	.byte 0xB2, 0x80, 0xD0, 0xE1, 0x10, 0x10, 0x8D, 0xE2, 0xB0, 0x89, 0xC2, 0xE1, 0xB8, 0x90, 0xD0, 0xE1
	.byte 0x0A, 0x00, 0x80, 0xE2, 0x06, 0x20, 0xA0, 0xE3, 0x29, 0x68, 0x20, 0xEB, 0xB0, 0x11, 0xDD, 0xE1
	.byte 0x74, 0x02, 0x9F, 0xE5, 0x00, 0x00, 0x51, 0xE1, 0x03, 0x00, 0x00, 0x0A, 0x01, 0x00, 0x11, 0xE3
	.byte 0x01, 0x00, 0x40, 0x12, 0x00, 0x00, 0x01, 0x10, 0xB0, 0x01, 0xCD, 0x11, 0x00, 0x00, 0x58, 0xE3
	.byte 0x00, 0x00, 0x00, 0x1A, 0x04, 0x00, 0x00, 0xEA, 0x01, 0x0C, 0x8A, 0xE2, 0xB4, 0x0F, 0xD0, 0xE1
	.byte 0x01, 0xB0, 0xA0, 0xE3, 0x1B, 0x08, 0x10, 0xE1, 0x04, 0x00, 0x00, 0x1A, 0x96, 0x8E, 0x20, 0xEB
	.byte 0xB0, 0x70, 0xC0, 0xE1, 0xB2, 0x50, 0xC0, 0xE1, 0xB8, 0x60, 0xC0, 0xE1, 0x85, 0x00, 0x00, 0xEA
	.byte 0x02, 0x00, 0xA0, 0xE3, 0xB6, 0x0E, 0xCA, 0xE1, 0x48, 0x00, 0x8D, 0xE2, 0x20, 0xFD, 0xFF, 0xEB
	.byte 0xB4, 0x10, 0xD0, 0xE1, 0x00, 0x00, 0x51, 0xE3, 0x03, 0x00, 0x00, 0x0A, 0xC2, 0x0F, 0xA0, 0xE3
	.byte 0x00, 0x20, 0xA0, 0xE3, 0xC4, 0x01, 0x00, 0xEB, 0x7B, 0x00, 0x00, 0xEA, 0xB6, 0x00, 0xD0, 0xE1
	.byte 0x10, 0x00, 0x50, 0xE3, 0x19, 0x00, 0x00, 0x1A, 0x48, 0x10, 0x8D, 0xE2, 0x0A, 0x00, 0xA0, 0xE3
	.byte 0xEF, 0xF3, 0xFF, 0xEB, 0x00, 0x00, 0x50, 0xE3, 0x73, 0x00, 0x00, 0x0A, 0x48, 0x00, 0x8D, 0xE2
	.byte 0xF2, 0xFC, 0xFF, 0xEB, 0xB4, 0x10, 0xD0, 0xE1, 0x00, 0x00, 0x51, 0xE3, 0x01, 0x00, 0x00, 0x0A
	.byte 0xC1, 0x0F, 0x6B, 0xE2, 0xED, 0xFF, 0xFF, 0xEA, 0x03, 0x00, 0xA0, 0xE3, 0xB0, 0x00, 0xCA, 0xE1
	.byte 0x48, 0x00, 0x8D, 0xE2, 0x0B, 0x10, 0xA0, 0xE1, 0x04, 0x20, 0xA0, 0xE1, 0x0B, 0x30, 0xA0, 0xE1
	.byte 0x38, 0xFA, 0xFF, 0xEB, 0xB4, 0x10, 0xD0, 0xE1, 0x00, 0x00, 0x51, 0xE3, 0x02, 0x00, 0x00, 0x0A
	.byte 0x0B, 0x00, 0xA0, 0xE1, 0x04, 0x20, 0xA0, 0xE1, 0xE1, 0xFF, 0xFF, 0xEA, 0xB6, 0xBC, 0xCA, 0xE1
	.byte 0x84, 0x01, 0x9F, 0xE5, 0x05, 0xB0, 0xA0, 0xE3, 0x26, 0x50, 0x8D, 0xE2, 0xB0, 0xB0, 0xCA, 0xE1
	.byte 0x05, 0x10, 0xA0, 0xE1, 0x20, 0x20, 0xA0, 0xE3, 0x5D, 0x67, 0x20, 0xEB, 0x16, 0x80, 0xCD, 0xE5
	.byte 0x17, 0x00, 0x8D, 0xE2, 0x04, 0x10, 0xA0, 0xE1, 0x0F, 0x20, 0xA0, 0xE3, 0xBB, 0x67, 0x20, 0xEB
	.byte 0x00, 0x50, 0x8D, 0xE5, 0x01, 0x10, 0xA0, 0xE3, 0x04, 0x10, 0x8D, 0xE5, 0x16, 0x20, 0x8D, 0xE2
	.byte 0x08, 0x20, 0x8D, 0xE5, 0x20, 0x10, 0xA0, 0xE3, 0x48, 0x00, 0x8D, 0xE2, 0xFE, 0x10, 0x81, 0xE2
	.byte 0x0C, 0x90, 0x8D, 0xE5, 0x10, 0x20, 0x8D, 0xE2, 0x04, 0x30, 0xA0, 0xE1, 0x2F, 0xFA, 0xFF, 0xEB
	.byte 0x00, 0x50, 0xA0, 0xE1, 0xB4, 0x10, 0xD5, 0xE1, 0x00, 0x00, 0x51, 0xE3, 0x02, 0x00, 0x00, 0x0A
	.byte 0x04, 0x20, 0xA0, 0xE1, 0x02, 0x00, 0xA0, 0xE3, 0xC1, 0xFF, 0xFF, 0xEA, 0x4A, 0x8E, 0x20, 0xEB
	.byte 0xB8, 0x10, 0xD5, 0xE1, 0x00, 0x90, 0xA0, 0xE1, 0x00, 0x00, 0x51, 0xE3, 0xB0, 0x70, 0xC9, 0x01
	.byte 0xB2, 0x40, 0xC9, 0x01, 0xB8, 0x60, 0xC9, 0x01, 0xB0, 0x81, 0xC9, 0x01, 0xB2, 0x41, 0xC9, 0x01
	.byte 0x33, 0x00, 0x00, 0x0A, 0x84, 0x11, 0x9A, 0xE5, 0x04, 0x00, 0xA0, 0xE1, 0x80, 0x20, 0xA0, 0xE3
	.byte 0x40, 0x10, 0x81, 0xE2, 0x36, 0x67, 0x20, 0xEB, 0xBA, 0x00, 0xD5, 0xE1, 0x84, 0x11, 0x9A, 0xE5
	.byte 0x80, 0x20, 0xA0, 0xE1, 0x0A, 0x00, 0x85, 0xE2, 0xB9, 0x67, 0x20, 0xEB, 0xB0, 0x70, 0xC9, 0xE1
	.byte 0xB2, 0x40, 0xC9, 0xE1, 0xB8, 0xB0, 0xC9, 0xE1, 0xB0, 0x04, 0xD5, 0xE1, 0xB0, 0x01, 0xC9, 0xE1
	.byte 0xBC, 0x00, 0xD5, 0xE1, 0xFF, 0x00, 0x00, 0xE2, 0x28, 0x00, 0x00, 0xEB, 0x00, 0xA0, 0xA0, 0xE1
	.byte 0x1A, 0xF4, 0xFF, 0xEB, 0xB2, 0x01, 0xC9, 0xE1, 0x0A, 0x00, 0xA0, 0xE1, 0x28, 0x00, 0x00, 0xEB
	.byte 0xB4, 0x11, 0xD5, 0xE1, 0x0E, 0x00, 0x85, 0xE2, 0xB4, 0x11, 0xC9, 0xE1, 0x0A, 0x10, 0x89, 0xE2
	.byte 0x06, 0x20, 0xA0, 0xE3, 0xA6, 0x67, 0x20, 0xEB, 0x20, 0x20, 0xA0, 0xE3, 0x16, 0x00, 0x85, 0xE2
	.byte 0x16, 0x10, 0x89, 0xE2, 0x20, 0x67, 0x20, 0xEB, 0xB6, 0x04, 0xD5, 0xE1, 0xB6, 0x03, 0xC9, 0xE1
	.byte 0x80, 0x00, 0x50, 0xE3, 0xB0, 0x70, 0xC9, 0x81, 0xB2, 0x40, 0xC9, 0x81, 0xB8, 0x60, 0xC9, 0x81
	.byte 0xB0, 0x81, 0xC9, 0x81, 0xB2, 0x41, 0xC9, 0x81, 0x09, 0x00, 0x00, 0x8A, 0x04, 0x00, 0xA0, 0xE1
	.byte 0x80, 0x20, 0xA0, 0xE3, 0x38, 0x10, 0x89, 0xE2, 0x0D, 0x67, 0x20, 0xEB, 0xB6, 0x13, 0xD9, 0xE1
	.byte 0x4A, 0x00, 0x85, 0xE2, 0x01, 0x20, 0x81, 0xE2, 0x38, 0x10, 0x89, 0xE2, 0x01, 0x20, 0xC2, 0xE3
	.byte 0x0D, 0x67, 0x20, 0xEB, 0x09, 0x00, 0xA0, 0xE1, 0xF8, 0x8D, 0x20, 0xEB, 0x92, 0xDF, 0x8D, 0xE2
	.byte 0xF8, 0x4F, 0xBD, 0xE8, 0x1E, 0xFF, 0x2F, 0xE1, 0x70, 0x98, 0xFF, 0x02, 0xFF, 0xFF, 0x00, 0x00
	.byte 0x02, 0x00, 0x10, 0xE3, 0x40, 0x01, 0xA0, 0xE1, 0x19, 0x00, 0x80, 0x02, 0xFF, 0x00, 0x00, 0xE2
	.byte 0x1E, 0xFF, 0x2F, 0xE1, 0x10, 0x20, 0x9F, 0xE5, 0xB0, 0x10, 0xD2, 0xE1, 0x81, 0x00, 0x20, 0xE0
	.byte 0x20, 0x08, 0x20, 0xE0, 0xB0, 0x00, 0xC2, 0xE1, 0x1E, 0xFF, 0x2F, 0xE1, 0x98, 0xFF, 0xFF, 0x02
	.byte 0xF8, 0x4F, 0x2D, 0xE9, 0xC8, 0xD0, 0x4D, 0xE2, 0x01, 0xDB, 0x4D, 0xE2, 0xB4, 0x14, 0x9F, 0xE5
	.byte 0x00, 0x90, 0xA0, 0xE1, 0x50, 0x75, 0x91, 0xE5, 0xB0, 0x10, 0xD7, 0xE1, 0x02, 0x00, 0x51, 0xE3
	.byte 0x03, 0x00, 0x51, 0x13, 0x05, 0x00, 0x51, 0x13, 0x04, 0x00, 0x00, 0x0A, 0xEE, 0x8D, 0x20, 0xEB
	.byte 0x26, 0x10, 0xA0, 0xE3, 0xB0, 0x10, 0xC0, 0xE1, 0x03, 0x10, 0xA0, 0xE3, 0x3C, 0x00, 0x00, 0xEA
	.byte 0x04, 0x00, 0x99, 0xE5, 0x18, 0x10, 0x8D, 0xE2, 0x84, 0x01, 0x87, 0xE5, 0xB2, 0xA0, 0xD9, 0xE1
	.byte 0x01, 0x0C, 0x87, 0xE2, 0xB0, 0xA9, 0xC0, 0xE1, 0xBA, 0x30, 0xD9, 0xE1, 0x0C, 0x00, 0x89, 0xE2
	.byte 0x10, 0x30, 0x8D, 0xE5, 0x06, 0x20, 0xA0, 0xE3, 0x61, 0x67, 0x20, 0xEB, 0xB2, 0x51, 0xD9, 0xE1
	.byte 0xB6, 0xB3, 0xD9, 0xE1, 0x02, 0x00, 0x55, 0xE3, 0x02, 0x00, 0x00, 0x0A, 0x03, 0x00, 0x55, 0xE3
	.byte 0x03, 0x00, 0x00, 0x0A, 0x05, 0x00, 0x00, 0xEA, 0x01, 0x60, 0xA0, 0xE3, 0x00, 0x50, 0xA0, 0xE3
	.byte 0x03, 0x00, 0x00, 0xEA, 0x01, 0x60, 0xA0, 0xE3, 0x06, 0x50, 0xA0, 0xE1, 0x00, 0x00, 0x00, 0xEA
	.byte 0x00, 0x60, 0xA0, 0xE3, 0x4E, 0x10, 0x8D, 0xE2, 0x16, 0x00, 0x89, 0xE2, 0x20, 0x20, 0xA0, 0xE3
	.byte 0xB4, 0x41, 0xD9, 0xE1, 0x4E, 0x67, 0x20, 0xEB, 0xB8, 0x11, 0xDD, 0xE1, 0x08, 0x04, 0x9F, 0xE5
	.byte 0xB8, 0x80, 0xD9, 0xE1, 0x00, 0x00, 0x51, 0xE1, 0x03, 0x00, 0x00, 0x0A, 0x01, 0x00, 0x11, 0xE3
	.byte 0x01, 0x00, 0x40, 0x12, 0x00, 0x00, 0x01, 0x10, 0xB8, 0x01, 0xCD, 0x11, 0x01, 0x1C, 0x87, 0xE2
	.byte 0xB4, 0x1F, 0xD1, 0xE1, 0x8A, 0x08, 0xA0, 0xE1, 0x20, 0xA8, 0x11, 0xE0, 0x0C, 0x00, 0x00, 0x0A
	.byte 0xC8, 0x00, 0x97, 0xE5, 0x01, 0x00, 0x10, 0xE3, 0x01, 0x00, 0x00, 0x0A, 0x01, 0x00, 0x55, 0xE3
	.byte 0x07, 0x00, 0x00, 0x1A, 0x04, 0x00, 0x99, 0xE5, 0x00, 0x00, 0x50, 0xE3, 0x04, 0x00, 0x00, 0x0A
	.byte 0x03, 0x00, 0x10, 0xE3, 0x02, 0x00, 0x00, 0x1A, 0xB8, 0x00, 0xD9, 0xE1, 0x40, 0x00, 0x50, 0xE3
	.byte 0x07, 0x00, 0x00, 0x2A, 0xB0, 0x8D, 0x20, 0xEB, 0x26, 0x10, 0xA0, 0xE3, 0xB0, 0x10, 0xC0, 0xE1
	.byte 0x06, 0x10, 0xA0, 0xE3, 0xB2, 0x10, 0xC0, 0xE1, 0x04, 0x10, 0xA0, 0xE3, 0xB8, 0x10, 0xC0, 0xE1
	.byte 0xDB, 0x00, 0x00, 0xEA, 0x02, 0x00, 0xA0, 0xE3, 0xB6, 0x0E, 0xC7, 0xE1, 0x70, 0x00, 0x8D, 0xE2
	.byte 0x37, 0xFC, 0xFF, 0xEB, 0xB4, 0x10, 0xD0, 0xE1, 0x00, 0x00, 0x51, 0xE3, 0x03, 0x00, 0x00, 0x0A
	.byte 0xC2, 0x0F, 0xA0, 0xE3, 0x01, 0x20, 0xA0, 0xE3, 0xDB, 0x00, 0x00, 0xEB, 0xD1, 0x00, 0x00, 0xEA
	.byte 0xB6, 0x00, 0xD0, 0xE1, 0x10, 0x00, 0x50, 0xE3, 0x19, 0x00, 0x00, 0x1A, 0x26, 0x00, 0xA0, 0xE3
	.byte 0x70, 0x10, 0x8D, 0xE2, 0x06, 0xF3, 0xFF, 0xEB, 0x00, 0x00, 0x50, 0xE3, 0xC9, 0x00, 0x00, 0x0A
	.byte 0x70, 0x00, 0x8D, 0xE2, 0x09, 0xFC, 0xFF, 0xEB, 0xB4, 0x10, 0xD0, 0xE1, 0x00, 0x00, 0x51, 0xE3
	.byte 0x01, 0x00, 0x00, 0x0A, 0x24, 0x03, 0x9F, 0xE5, 0xED, 0xFF, 0xFF, 0xEA, 0x03, 0x00, 0xA0, 0xE3
	.byte 0xB0, 0x00, 0xC7, 0xE1, 0x01, 0x10, 0xA0, 0xE3, 0x70, 0x00, 0x8D, 0xE2, 0x00, 0x20, 0xA0, 0xE3
	.byte 0x01, 0x30, 0xA0, 0xE1, 0x4F, 0xF9, 0xFF, 0xEB, 0xB4, 0x10, 0xD0, 0xE1, 0x01, 0x00, 0xA0, 0xE3
	.byte 0x00, 0x00, 0x51, 0xE3, 0x01, 0x00, 0x00, 0x0A, 0x00, 0x20, 0xA0, 0xE1, 0xE1, 0xFF, 0xFF, 0xEA
	.byte 0xB6, 0x0C, 0xC7, 0xE1, 0x01, 0x0C, 0x87, 0xE2, 0xBE, 0x0E, 0xD0, 0xE1, 0x00, 0x00, 0x55, 0xE3
	.byte 0x0B, 0x00, 0x00, 0x1A, 0x01, 0x00, 0x50, 0xE3, 0x16, 0x00, 0x00, 0x1A, 0x70, 0x00, 0x8D, 0xE2
	.byte 0x00, 0x10, 0xA0, 0xE3, 0x27, 0xFB, 0xFF, 0xEB, 0xB4, 0x10, 0xD0, 0xE1, 0x00, 0x00, 0x51, 0xE3
	.byte 0x00, 0x00, 0x00, 0x0A, 0x0A, 0x00, 0x00, 0xEA, 0x01, 0x1C, 0x87, 0xE2, 0x00, 0x00, 0xA0, 0xE3
	.byte 0x0B, 0x00, 0x00, 0xEA, 0x00, 0x00, 0x50, 0xE3, 0x0A, 0x00, 0x00, 0x1A, 0x70, 0x00, 0x8D, 0xE2
	.byte 0x01, 0x10, 0xA0, 0xE3, 0x1B, 0xFB, 0xFF, 0xEB, 0xB4, 0x10, 0xD0, 0xE1, 0x00, 0x00, 0x51, 0xE3
	.byte 0x01, 0x00, 0x00, 0x0A, 0x88, 0x02, 0x9F, 0xE5, 0xC5, 0xFF, 0xFF, 0xEA, 0x01, 0x1C, 0x87, 0xE2
	.byte 0x01, 0x00, 0xA0, 0xE3, 0xBE, 0x0E, 0xC1, 0xE1, 0x01, 0x00, 0x56, 0xE3, 0x12, 0x00, 0x00, 0x1A
	.byte 0x2E, 0x60, 0x8D, 0xE2, 0xFF, 0x10, 0xA0, 0xE3, 0x06, 0x00, 0xA0, 0xE1, 0x20, 0x20, 0xA0, 0xE3
	.byte 0xBA, 0x66, 0x20, 0xEB, 0x20, 0x00, 0x5B, 0xE3, 0x03, 0x00, 0x00, 0x8A, 0x06, 0x00, 0xA0, 0xE1
	.byte 0x0B, 0x20, 0xA0, 0xE1, 0x00, 0x10, 0xA0, 0xE3, 0xB4, 0x66, 0x20, 0xEB, 0x2E, 0x10, 0x8D, 0xE2
	.byte 0x70, 0x00, 0x8D, 0xE2, 0xE6, 0xFA, 0xFF, 0xEB, 0xB4, 0x10, 0xD0, 0xE1, 0x00, 0x00, 0x51, 0xE3
	.byte 0x01, 0x00, 0x00, 0x0A, 0x2C, 0x02, 0x9F, 0xE5, 0xAD, 0xFF, 0xFF, 0xEA, 0x00, 0x90, 0xA0, 0xE3
	.byte 0x05, 0x00, 0xA0, 0xE3, 0x1E, 0x60, 0x8D, 0xE2, 0xB0, 0x00, 0xC7, 0xE1, 0x06, 0x00, 0xA0, 0xE1
	.byte 0x09, 0x10, 0xA0, 0xE1, 0x10, 0x20, 0xA0, 0xE3, 0xA4, 0x66, 0x20, 0xEB, 0x01, 0x10, 0xA0, 0xE3
	.byte 0x01, 0x00, 0xA0, 0xE3, 0x10, 0x01, 0x1A, 0xE1, 0x01, 0x00, 0x89, 0x12, 0x00, 0x08, 0xA0, 0x11
	.byte 0x09, 0x10, 0xC6, 0x17, 0x20, 0x98, 0xA0, 0x11, 0x01, 0x00, 0x81, 0xE2, 0x00, 0x08, 0xA0, 0xE1
	.byte 0x20, 0x18, 0xA0, 0xE1, 0x0F, 0x00, 0x51, 0xE3, 0xF4, 0xFF, 0xFF, 0x3A, 0x40, 0x00, 0x48, 0xE2
	.byte 0x42, 0x10, 0xA0, 0xE3, 0xA2, 0x57, 0x20, 0xEB, 0x4E, 0x10, 0x8D, 0xE2, 0x22, 0x00, 0x8D, 0xE8
	.byte 0x00, 0x10, 0xA0, 0xE1, 0x1E, 0x30, 0x8D, 0xE2, 0x08, 0x30, 0x8D, 0xE5, 0x10, 0x30, 0x9D, 0xE5
	.byte 0x81, 0x10, 0x48, 0xE0, 0x0C, 0x30, 0x8D, 0xE5, 0x70, 0x00, 0x8D, 0xE2, 0x5E, 0x10, 0x81, 0xE2
	.byte 0x18, 0x20, 0x8D, 0xE2, 0x04, 0x30, 0xA0, 0xE1, 0x08, 0xF9, 0xFF, 0xEB, 0x00, 0x50, 0xA0, 0xE1
	.byte 0xB4, 0x10, 0xD5, 0xE1, 0x00, 0x00, 0x51, 0xE3, 0x01, 0x00, 0x00, 0x0A, 0x02, 0x00, 0xA0, 0xE3
	.byte 0x83, 0xFF, 0xFF, 0xEA, 0x24, 0x8D, 0x20, 0xEB, 0xB8, 0x10, 0xD5, 0xE1, 0x00, 0x60, 0xA0, 0xE1
	.byte 0x00, 0x00, 0x51, 0xE3, 0x09, 0x00, 0x00, 0x1A, 0x26, 0x00, 0xA0, 0xE3, 0xB0, 0x00, 0xC6, 0xE1
	.byte 0x00, 0x00, 0xA0, 0xE3, 0xB2, 0x00, 0xC6, 0xE1, 0x04, 0x00, 0xA0, 0xE3, 0xB8, 0x00, 0xC6, 0xE1
	.byte 0x00, 0x00, 0xA0, 0xE3, 0xBE, 0x00, 0xC6, 0xE1, 0xCA, 0x00, 0xA0, 0xE1, 0x46, 0x00, 0x00, 0xEA
	.byte 0x84, 0x91, 0x97, 0xE5, 0x00, 0x70, 0xA0, 0xE3, 0x08, 0x20, 0xA0, 0xE1, 0x07, 0x00, 0xA0, 0xE1
	.byte 0x09, 0x10, 0xA0, 0xE1, 0x0A, 0x80, 0x85, 0xE2, 0x09, 0x66, 0x20, 0xEB, 0x32, 0x00, 0x00, 0xEA
	.byte 0xB0, 0x10, 0xD8, 0xE1, 0x08, 0x00, 0xA0, 0xE1, 0x81, 0x18, 0xA0, 0xE1, 0x21, 0xB8, 0xA0, 0xE1
	.byte 0x09, 0x10, 0xA0, 0xE1, 0x0B, 0x20, 0xA0, 0xE1, 0x89, 0x66, 0x20, 0xEB, 0x00, 0x00, 0x54, 0xE3
	.byte 0x18, 0x00, 0x00, 0x0A, 0xBA, 0x20, 0xD9, 0xE1, 0x00, 0x00, 0x52, 0xE3, 0x00, 0x00, 0xA0, 0x03
	.byte 0x0D, 0x00, 0x00, 0x0A, 0x20, 0x00, 0x52, 0xE3, 0x00, 0x00, 0xA0, 0x83, 0x0A, 0x00, 0x00, 0x8A
	.byte 0x00, 0x10, 0xA0, 0xE3, 0x05, 0x00, 0x00, 0xEA, 0x01, 0x00, 0x89, 0xE0, 0x0C, 0x00, 0xD0, 0xE5
	.byte 0x00, 0x00, 0x50, 0xE3, 0x01, 0x00, 0xA0, 0x13, 0x03, 0x00, 0x00, 0x1A, 0x01, 0x10, 0x81, 0xE2
	.byte 0x02, 0x00, 0x51, 0xE1, 0xF7, 0xFF, 0xFF, 0xBA, 0x00, 0x00, 0xA0, 0xE3, 0x00, 0x00, 0x50, 0xE3
	.byte 0x04, 0x00, 0x00, 0x1A, 0x4E, 0x00, 0x8D, 0xE2, 0x0C, 0x10, 0x89, 0xE2, 0x20, 0x20, 0xA0, 0xE3
	.byte 0xBA, 0x40, 0xC9, 0xE1, 0x6E, 0x66, 0x20, 0xEB, 0x07, 0x01, 0x86, 0xE0, 0x10, 0x90, 0x80, 0xE5
	.byte 0xB2, 0x00, 0xD8, 0xE1, 0xFF, 0x00, 0x00, 0xE2, 0xE0, 0xFE, 0xFF, 0xEB, 0x14, 0x00, 0x8D, 0xE5
	.byte 0xD2, 0xF2, 0xFF, 0xEB, 0x87, 0x10, 0x86, 0xE0, 0xB0, 0x05, 0xC1, 0xE1, 0x14, 0x00, 0x9D, 0xE5
	.byte 0xDF, 0xFE, 0xFF, 0xEB, 0x0B, 0x90, 0x89, 0xE0, 0x02, 0x00, 0x19, 0xE3, 0x02, 0x00, 0x89, 0x12
	.byte 0x0B, 0x80, 0x88, 0xE0, 0x03, 0x90, 0xC0, 0x13, 0x01, 0x70, 0x87, 0xE2, 0xB8, 0x00, 0xD5, 0xE1
	.byte 0x00, 0x00, 0x57, 0xE1, 0xC9, 0xFF, 0xFF, 0xBA, 0x26, 0x00, 0xA0, 0xE3, 0xB0, 0x00, 0xC6, 0xE1
	.byte 0x00, 0x00, 0xA0, 0xE3, 0xB2, 0x00, 0xC6, 0xE1, 0x05, 0x00, 0xA0, 0xE3, 0xB8, 0x00, 0xC6, 0xE1
	.byte 0xB8, 0x10, 0xD5, 0xE1, 0xCA, 0x00, 0xA0, 0xE1, 0xBE, 0x10, 0xC6, 0xE1, 0xBA, 0x00, 0xC6, 0xE1
	.byte 0x06, 0x00, 0xA0, 0xE1, 0xB9, 0x8C, 0x20, 0xEB, 0xC8, 0xD0, 0x8D, 0xE2, 0x01, 0xDB, 0x8D, 0xE2
	.byte 0xF8, 0x4F, 0xBD, 0xE8, 0x1E, 0xFF, 0x2F, 0xE1, 0x70, 0x98, 0xFF, 0x02, 0xFF, 0xFF, 0x00, 0x00
	.byte 0x03, 0x03, 0x00, 0x00, 0x0E, 0x02, 0x00, 0x00, 0x0D, 0x02, 0x00, 0x00, 0x70, 0x40, 0x2D, 0xE9
	.byte 0x02, 0x40, 0xA0, 0xE1, 0x00, 0x60, 0xA0, 0xE1, 0x01, 0x50, 0xA0, 0xE1, 0xBE, 0x8C, 0x20, 0xEB
	.byte 0x26, 0x10, 0xA0, 0xE3, 0x00, 0x00, 0x54, 0xE3, 0x0A, 0x10, 0xA0, 0x03, 0xB0, 0x10, 0xC0, 0xE1
	.byte 0x01, 0x10, 0xA0, 0xE3, 0xB2, 0x10, 0xC0, 0xE1, 0x04, 0x10, 0xA0, 0xE3, 0xB8, 0x10, 0xC0, 0xE1
	.byte 0xB4, 0x60, 0xC0, 0xE1, 0xB6, 0x50, 0xC0, 0xE1, 0xA0, 0x8C, 0x20, 0xEB, 0x70, 0x40, 0xBD, 0xE8
	.byte 0x1E, 0xFF, 0x2F, 0xE1, 0xF8, 0x40, 0x2D, 0xE9, 0x02, 0xDC, 0x4D, 0xE2, 0xAC, 0x00, 0x9F, 0xE5
	.byte 0x00, 0x60, 0x8D, 0xE2, 0x50, 0x75, 0x90, 0xE5, 0xB0, 0x00, 0xD7, 0xE1, 0x05, 0x00, 0x50, 0xE3
	.byte 0x04, 0x00, 0x00, 0x0A, 0xA8, 0x8C, 0x20, 0xEB, 0x0B, 0x10, 0xA0, 0xE3, 0xB0, 0x10, 0xC0, 0xE1
	.byte 0x03, 0x10, 0xA0, 0xE3, 0x1C, 0x00, 0x00, 0xEA, 0x06, 0x00, 0xA0, 0xE1, 0x11, 0xFB, 0xFF, 0xEB
	.byte 0xB4, 0x10, 0xD0, 0xE1, 0x00, 0x00, 0x51, 0xE3, 0x02, 0x00, 0x00, 0x0A, 0x70, 0x00, 0x9F, 0xE5
	.byte 0x1C, 0x00, 0x00, 0xEB, 0x16, 0x00, 0x00, 0xEA, 0x02, 0x50, 0xA0, 0xE3, 0xB0, 0x50, 0xC7, 0xE1
	.byte 0x01, 0x0C, 0x87, 0xE2, 0xBE, 0x0E, 0xD0, 0xE1, 0x00, 0x00, 0x50, 0xE3, 0x0A, 0x00, 0x00, 0x1A
	.byte 0x01, 0x40, 0xA0, 0xE3, 0x06, 0x00, 0xA0, 0xE1, 0x04, 0x10, 0xA0, 0xE1, 0x41, 0xFA, 0xFF, 0xEB
	.byte 0xB4, 0x10, 0xD0, 0xE1, 0x00, 0x00, 0x51, 0xE3, 0x01, 0x00, 0x00, 0x0A, 0x83, 0x0F, 0x85, 0xE2
	.byte 0xEE, 0xFF, 0xFF, 0xEA, 0x01, 0x0C, 0x87, 0xE2, 0xBE, 0x4E, 0xC0, 0xE1, 0x8A, 0x8C, 0x20, 0xEB
	.byte 0x0B, 0x10, 0xA0, 0xE3, 0xB0, 0x10, 0xC0, 0xE1, 0x00, 0x10, 0xA0, 0xE3, 0xB2, 0x10, 0xC0, 0xE1
	.byte 0x72, 0x8C, 0x20, 0xEB, 0x02, 0xDC, 0x8D, 0xE2, 0xF8, 0x40, 0xBD, 0xE8, 0x1E, 0xFF, 0x2F, 0xE1
	.byte 0x70, 0x98, 0xFF, 0x02, 0x02, 0x03, 0x00, 0x00, 0x38, 0x40, 0x2D, 0xE9, 0x00, 0x50, 0xA0, 0xE1
	.byte 0x01, 0x40, 0xA0, 0xE1, 0x7C, 0x8C, 0x20, 0xEB, 0x0B, 0x10, 0xA0, 0xE3, 0xB0, 0x10, 0xC0, 0xE1
	.byte 0x01, 0x10, 0xA0, 0xE3, 0xB2, 0x10, 0xC0, 0xE1, 0xB4, 0x50, 0xC0, 0xE1, 0xB6, 0x40, 0xC0, 0xE1
	.byte 0x62, 0x8C, 0x20, 0xEB, 0x38, 0x40, 0xBD, 0xE8, 0x1E, 0xFF, 0x2F, 0xE1, 0xF8, 0x4F, 0x2D, 0xE9
	.byte 0x25, 0xDE, 0x4D, 0xE2, 0xFC, 0x14, 0x9F, 0xE5, 0x00, 0x90, 0xA0, 0xE1, 0x50, 0xA5, 0x91, 0xE5
	.byte 0x4C, 0x85, 0x91, 0xE5, 0xB0, 0x10, 0xDA, 0xE1, 0x03, 0xB0, 0xA0, 0xE3, 0x02, 0x00, 0x51, 0xE3
	.byte 0x0C, 0x70, 0xA0, 0xE3, 0x06, 0x60, 0xA0, 0xE3, 0x01, 0x50, 0xA0, 0xE3, 0x00, 0x40, 0xA0, 0xE3
	.byte 0x02, 0x00, 0x00, 0x1A, 0xC8, 0x00, 0x9A, 0xE5, 0x01, 0x00, 0x10, 0xE3, 0x03, 0x00, 0x00, 0x0A
	.byte 0x61, 0x8C, 0x20, 0xEB, 0xB0, 0x70, 0xC0, 0xE1, 0xB2, 0xB0, 0xC0, 0xE1, 0xB1, 0x00, 0x00, 0xEA
	.byte 0x04, 0x00, 0x99, 0xE5, 0x10, 0x10, 0x88, 0xE2, 0xC0, 0x20, 0xA0, 0xE3, 0xDC, 0x65, 0x20, 0xEB
	.byte 0xBC, 0x04, 0xD8, 0xE1, 0x10, 0x00, 0x50, 0xE3, 0x07, 0x00, 0x00, 0x3A, 0x5B, 0x00, 0xD8, 0xE5
	.byte 0x01, 0x00, 0x10, 0xE3, 0x04, 0x00, 0x00, 0x1A, 0x53, 0x8C, 0x20, 0xEB, 0xB0, 0x70, 0xC0, 0xE1
	.byte 0x0B, 0x10, 0xA0, 0xE3, 0xB2, 0x10, 0xC0, 0xE1, 0xEF, 0xFF, 0xFF, 0xEA, 0xB6, 0x14, 0xD8, 0xE1
	.byte 0x01, 0x0C, 0x8A, 0xE2, 0xB4, 0x0F, 0xD0, 0xE1, 0x15, 0x11, 0xA0, 0xE1, 0x00, 0x00, 0x11, 0xE1
	.byte 0x02, 0x00, 0x00, 0x0A, 0x02, 0x0A, 0x65, 0xE2, 0xC1, 0x00, 0x10, 0xE1, 0x03, 0x00, 0x00, 0x1A
	.byte 0x45, 0x8C, 0x20, 0xEB, 0xB0, 0x70, 0xC0, 0xE1, 0xB2, 0x60, 0xC0, 0xE1, 0xE2, 0xFF, 0xFF, 0xEA
	.byte 0x41, 0x8C, 0x20, 0xEB, 0xB0, 0x70, 0xC0, 0xE1, 0xB2, 0x40, 0xC0, 0xE1, 0xB8, 0x60, 0xC0, 0xE1
	.byte 0x2A, 0x8C, 0x20, 0xEB, 0x01, 0x1C, 0x8A, 0xE2, 0xBC, 0x0E, 0xD1, 0xE1, 0x01, 0x00, 0x50, 0xE3
	.byte 0xBE, 0x03, 0xD8, 0xE1, 0x04, 0x00, 0x00, 0x1A, 0x01, 0x00, 0x10, 0xE3, 0xBC, 0x5E, 0xC1, 0x11
	.byte 0x02, 0x00, 0xA0, 0x03, 0xBC, 0x0E, 0xC1, 0x01, 0x03, 0x00, 0x00, 0xEA, 0x02, 0x00, 0x10, 0xE3
	.byte 0x02, 0x00, 0xA0, 0x13, 0xBC, 0x0E, 0xC1, 0x11, 0xBC, 0x5E, 0xC1, 0x01, 0xBC, 0x03, 0xD8, 0xE1
	.byte 0x50, 0x10, 0x8D, 0xE2, 0x20, 0x00, 0x10, 0xE3, 0x01, 0x0C, 0x8A, 0xE2, 0xBE, 0x5E, 0xC0, 0x11
	.byte 0xBE, 0x4E, 0xC0, 0x01, 0xBC, 0x04, 0xD8, 0xE1, 0x00, 0x00, 0x50, 0xE3, 0xB6, 0xBE, 0xCA, 0x01
	.byte 0x02, 0x00, 0xA0, 0x13, 0xB6, 0x0E, 0xCA, 0x11, 0x0C, 0x00, 0xA0, 0xE3, 0x90, 0xF1, 0xFF, 0xEB
	.byte 0x00, 0x00, 0x50, 0xE3, 0xEC, 0x00, 0x00, 0x0A, 0x50, 0x00, 0x8D, 0xE2, 0x04, 0x10, 0xA0, 0xE1
	.byte 0x27, 0xFA, 0xFF, 0xEB, 0xB4, 0x10, 0xD0, 0xE1, 0x00, 0x00, 0x51, 0xE3, 0x03, 0x00, 0x00, 0x0A
	.byte 0xA4, 0x03, 0x9F, 0xE5, 0x04, 0x20, 0xA0, 0xE1, 0xEB, 0x00, 0x00, 0xEB, 0xE2, 0x00, 0x00, 0xEA
	.byte 0xBC, 0x04, 0xD8, 0xE1, 0x10, 0x00, 0x50, 0xE3, 0x13, 0x00, 0x00, 0x2A, 0xB2, 0x14, 0xD8, 0xE1
	.byte 0x00, 0x00, 0x51, 0xE3, 0x01, 0x00, 0xA0, 0x03, 0x02, 0x00, 0x00, 0x0A, 0x7C, 0x03, 0x9F, 0xE5
	.byte 0xF4, 0x55, 0x20, 0xEB, 0x01, 0x00, 0x80, 0xE2, 0x00, 0x08, 0xA0, 0xE1, 0x20, 0x08, 0xA0, 0xE1
	.byte 0xFF, 0x00, 0x50, 0xE3, 0xFF, 0x00, 0xA0, 0x83, 0x00, 0x18, 0xA0, 0xE1, 0x50, 0x00, 0x8D, 0xE2
	.byte 0x21, 0x18, 0xA0, 0xE1, 0x80, 0xF9, 0xFF, 0xEB, 0xB4, 0x10, 0xD0, 0xE1, 0x00, 0x00, 0x51, 0xE3
	.byte 0x01, 0x00, 0x00, 0x0A, 0x48, 0x03, 0x9F, 0xE5, 0x05, 0x00, 0x00, 0xEA, 0x50, 0x00, 0x8D, 0xE2
	.byte 0x72, 0xFA, 0xFF, 0xEB, 0xB4, 0x10, 0xD0, 0xE1, 0x00, 0x00, 0x51, 0xE3, 0x02, 0x00, 0x00, 0x0A
	.byte 0x30, 0x03, 0x9F, 0xE5, 0x00, 0x20, 0xA0, 0xE3, 0xDE, 0xFF, 0xFF, 0xEA, 0xB0, 0xB0, 0xCA, 0xE1
	.byte 0x20, 0x00, 0x99, 0xE5, 0x04, 0x20, 0xA0, 0xE1, 0x00, 0x00, 0x50, 0xE3, 0x01, 0x00, 0xA0, 0x13
	.byte 0x00, 0x00, 0xA0, 0x03, 0x00, 0x08, 0xA0, 0xE1, 0x20, 0xB8, 0xA0, 0xE1, 0x50, 0x00, 0x8D, 0xE2
	.byte 0x0B, 0x10, 0xA0, 0xE1, 0x05, 0x30, 0xA0, 0xE1, 0xB2, 0xF7, 0xFF, 0xEB, 0xB4, 0x10, 0xD0, 0xE1
	.byte 0x00, 0x00, 0x51, 0xE3, 0x01, 0x00, 0x00, 0x0A, 0x05, 0x00, 0xA0, 0xE1, 0xCC, 0xFF, 0xFF, 0xEA
	.byte 0xB6, 0xBC, 0xCA, 0xE1, 0x0C, 0x10, 0x8D, 0xE2, 0x10, 0x00, 0x88, 0xE2, 0x40, 0x20, 0xA0, 0xE3
	.byte 0x63, 0x65, 0x20, 0xEB, 0xB6, 0x0E, 0xDA, 0xE1, 0x02, 0x00, 0x50, 0xE3, 0x0D, 0x00, 0x00, 0x1A
	.byte 0x20, 0x00, 0xA0, 0xE3, 0xB6, 0x01, 0xCD, 0xE1, 0x54, 0x00, 0x98, 0xE5, 0x20, 0x10, 0x8D, 0xE2
	.byte 0xB8, 0x01, 0xCD, 0xE1, 0x54, 0x20, 0x98, 0xE5, 0x08, 0x00, 0x89, 0xE2, 0x22, 0x28, 0xA0, 0xE1
	.byte 0xBA, 0x21, 0xCD, 0xE1, 0xB8, 0x35, 0xD8, 0xE1, 0x18, 0x20, 0xA0, 0xE3, 0xBC, 0x31, 0xCD, 0xE1
	.byte 0xBE, 0x41, 0xCD, 0xE1, 0x52, 0x65, 0x20, 0xEB, 0x0C, 0x20, 0x8D, 0xE2, 0x50, 0x00, 0x8D, 0xE2
	.byte 0x7D, 0x1E, 0xA0, 0xE3, 0xD6, 0xF7, 0xFF, 0xEB, 0xB4, 0x10, 0xD0, 0xE1, 0x00, 0x00, 0x51, 0xE3
	.byte 0xB6, 0x20, 0xD0, 0x01, 0x00, 0x00, 0x52, 0x03, 0x02, 0x00, 0x00, 0x0A, 0xB6, 0x20, 0xD0, 0xE1
	.byte 0x03, 0x00, 0xA0, 0xE3, 0xAB, 0xFF, 0xFF, 0xEA, 0x8A, 0x10, 0x8A, 0xE2, 0x06, 0x20, 0xA0, 0xE1
	.byte 0x08, 0x00, 0x80, 0xE2, 0x01, 0x1C, 0x81, 0xE2, 0x41, 0x65, 0x20, 0xEB, 0x06, 0xB0, 0x8D, 0xE2
	.byte 0x8A, 0x00, 0x8A, 0xE2, 0x01, 0x0C, 0x80, 0xE2, 0x0B, 0x10, 0xA0, 0xE1, 0x06, 0x20, 0xA0, 0xE1
	.byte 0x3B, 0x65, 0x20, 0xEB, 0xB6, 0x22, 0xD9, 0xE1, 0x0B, 0x10, 0xA0, 0xE1, 0x7D, 0x3E, 0xA0, 0xE3
	.byte 0x50, 0x00, 0x8D, 0xE2, 0xDC, 0xF7, 0xFF, 0xEB, 0xB4, 0x10, 0xD0, 0xE1, 0x0C, 0x00, 0x51, 0xE3
	.byte 0xB6, 0x20, 0xD0, 0x01, 0x13, 0x00, 0x52, 0x03, 0x05, 0x00, 0x00, 0x1A, 0xAE, 0x8B, 0x20, 0xEB
	.byte 0xB0, 0x70, 0xC0, 0xE1, 0xB2, 0x70, 0xC0, 0xE1, 0xB8, 0x60, 0xC0, 0xE1, 0x97, 0x8B, 0x20, 0xEB
	.byte 0x75, 0x00, 0x00, 0xEA, 0x00, 0x00, 0x51, 0xE3, 0xB6, 0x20, 0xD0, 0x01, 0x00, 0x00, 0x52, 0x03
	.byte 0x02, 0x00, 0x00, 0x0A, 0xB6, 0x20, 0xD0, 0xE1, 0x04, 0x00, 0xA0, 0xE3, 0x89, 0xFF, 0xFF, 0xEA
	.byte 0x00, 0x90, 0x8D, 0xE2, 0x8A, 0x00, 0x8A, 0xE2, 0x09, 0x10, 0xA0, 0xE1, 0x06, 0x20, 0xA0, 0xE1
	.byte 0x01, 0x0C, 0x80, 0xE2, 0x1E, 0x65, 0x20, 0xEB, 0x50, 0x00, 0x8D, 0xE2, 0x09, 0x10, 0xA0, 0xE1
	.byte 0x01, 0x20, 0xA0, 0xE3, 0x7D, 0x3E, 0xA0, 0xE3, 0xFC, 0xF7, 0xFF, 0xEB, 0x00, 0x90, 0xA0, 0xE1
	.byte 0x1D, 0x63, 0x20, 0xEB, 0xB4, 0x20, 0xD9, 0xE1, 0x00, 0xB0, 0xA0, 0xE1, 0x0C, 0x00, 0x52, 0xE3
	.byte 0xB6, 0x10, 0xD9, 0x01, 0x13, 0x00, 0x51, 0x03, 0x01, 0x00, 0x00, 0x1A, 0x1B, 0x63, 0x20, 0xEB
	.byte 0xDD, 0xFF, 0xFF, 0xEA, 0x00, 0x00, 0x52, 0xE3, 0xB6, 0x00, 0xD9, 0x01, 0x00, 0x00, 0x50, 0x03
	.byte 0x05, 0x00, 0x00, 0x0A, 0x0B, 0x00, 0xA0, 0xE1, 0x14, 0x63, 0x20, 0xEB, 0xB4, 0x10, 0xD9, 0xE1
	.byte 0xB6, 0x20, 0xD9, 0xE1, 0x06, 0x00, 0xA0, 0xE3, 0x6A, 0xFF, 0xFF, 0xEA, 0xB8, 0x10, 0xD9, 0xE1
	.byte 0x01, 0x0C, 0x8A, 0xE2, 0xB8, 0x18, 0xC0, 0xE1, 0xB8, 0x05, 0xD8, 0xE1, 0x7E, 0x1F, 0x8A, 0xE2
	.byte 0xBA, 0x0B, 0xCA, 0xE1, 0x01, 0x00, 0xA0, 0xE3, 0x10, 0x20, 0xA0, 0xE3, 0x74, 0x64, 0x20, 0xEB
	.byte 0xB2, 0x01, 0xD8, 0xE1, 0xFF, 0x00, 0x00, 0xE2, 0x02, 0x00, 0x10, 0xE3, 0x40, 0x01, 0xA0, 0xE1
	.byte 0x19, 0x00, 0x80, 0x02, 0xFF, 0x60, 0x00, 0xE2, 0x06, 0x00, 0xA0, 0xE1, 0x5F, 0xF1, 0xFF, 0xEB
	.byte 0xBC, 0x0B, 0xCA, 0xE1, 0x06, 0x00, 0xA0, 0xE1, 0x3F, 0xF1, 0xFF, 0xEB, 0xF6, 0x62, 0x20, 0xEB
	.byte 0x01, 0x1C, 0x8A, 0xE2, 0xB2, 0x58, 0xC1, 0xE1, 0xB6, 0x58, 0xCA, 0xE1, 0xBC, 0x17, 0x9A, 0xE5
	.byte 0xB8, 0x27, 0x9A, 0xE5, 0x04, 0x00, 0x51, 0xE1, 0x00, 0x60, 0xA0, 0xE1, 0x04, 0x00, 0x52, 0x01
	.byte 0x04, 0x00, 0x00, 0x0A, 0x3E, 0x60, 0x20, 0xEB, 0x05, 0x00, 0x80, 0xE1, 0x38, 0x07, 0x8A, 0xE5
	.byte 0x04, 0x00, 0x81, 0xE1, 0x3C, 0x07, 0x8A, 0xE5, 0x08, 0x00, 0xA0, 0xE3, 0xB0, 0x00, 0xCA, 0xE1
	.byte 0x5B, 0x00, 0xD8, 0xE5, 0x04, 0x00, 0x10, 0xE3, 0x2A, 0x10, 0xA0, 0x13, 0xBC, 0x05, 0xD8, 0xE1
	.byte 0x00, 0x10, 0xA0, 0x03, 0x01, 0x00, 0x80, 0xE0, 0x00, 0x08, 0xA0, 0xE1, 0x20, 0x08, 0xA0, 0xE1
	.byte 0xAF, 0xF1, 0xFF, 0xEB, 0x5B, 0x00, 0xD8, 0xE5, 0x04, 0x00, 0x10, 0xE3, 0x06, 0x10, 0xA0, 0x13
	.byte 0xBE, 0x05, 0xD8, 0xE1, 0x00, 0x10, 0xA0, 0x03, 0x01, 0x00, 0x80, 0xE0, 0x00, 0x08, 0xA0, 0xE1
	.byte 0x20, 0x08, 0xA0, 0xE1, 0xB8, 0xF1, 0xFF, 0xEB, 0x06, 0x00, 0xA0, 0xE1, 0xD7, 0x62, 0x20, 0xEB
	.byte 0xB2, 0x5C, 0xCA, 0xE1, 0x48, 0x8B, 0x20, 0xEB, 0x00, 0x50, 0xA0, 0xE1, 0xB0, 0x70, 0xC5, 0xE1
	.byte 0xB2, 0x40, 0xC5, 0xE1, 0x07, 0x00, 0xA0, 0xE3, 0xB8, 0x00, 0xC5, 0xE1, 0x01, 0x0C, 0x8A, 0xE2
	.byte 0xB8, 0x28, 0xD0, 0xE1, 0x8A, 0x10, 0x8A, 0xE2, 0xBA, 0x20, 0xC5, 0xE1, 0x01, 0x0C, 0x81, 0xE2
	.byte 0x10, 0x10, 0x85, 0xE2, 0x06, 0x20, 0xA0, 0xE3, 0xBD, 0x64, 0x20, 0xEB, 0xB0, 0x13, 0xDA, 0xE1
	.byte 0x05, 0x00, 0xA0, 0xE1, 0xB6, 0x11, 0xC5, 0xE1, 0xB2, 0x13, 0xDA, 0xE1, 0xB8, 0x11, 0xC5, 0xE1
	.byte 0x22, 0x8B, 0x20, 0xEB, 0x0B, 0x00, 0xA0, 0xE1, 0xC0, 0x62, 0x20, 0xEB, 0x25, 0xDE, 0x8D, 0xE2
	.byte 0xF8, 0x4F, 0xBD, 0xE8, 0x1E, 0xFF, 0x2F, 0xE1, 0x70, 0x98, 0xFF, 0x02, 0x16, 0x02, 0x00, 0x00
	.byte 0x10, 0x27, 0x00, 0x00, 0x0B, 0x02, 0x00, 0x00, 0x03, 0x03, 0x00, 0x00, 0x70, 0x40, 0x2D, 0xE9
	.byte 0x00, 0x60, 0xA0, 0xE1, 0x01, 0x50, 0xA0, 0xE1, 0x02, 0x40, 0xA0, 0xE1, 0x26, 0x8B, 0x20, 0xEB
	.byte 0x0C, 0x10, 0xA0, 0xE3, 0xB0, 0x10, 0xC0, 0xE1, 0x01, 0x10, 0xA0, 0xE3, 0xB2, 0x10, 0xC0, 0xE1
	.byte 0xB4, 0x60, 0xC0, 0xE1, 0xB6, 0x50, 0xC0, 0xE1, 0xBE, 0x40, 0xC0, 0xE1, 0x0B, 0x8B, 0x20, 0xEB
	.byte 0x70, 0x40, 0xBD, 0xE8, 0x1E, 0xFF, 0x2F, 0xE1, 0x38, 0x40, 0x2D, 0xE9, 0x04, 0x10, 0x90, 0xE5
	.byte 0x00, 0x40, 0xA0, 0xE3, 0x01, 0x38, 0xA0, 0xE1, 0x00, 0x20, 0x8D, 0xE2, 0x04, 0x10, 0xA0, 0xE1
	.byte 0x23, 0x58, 0xA0, 0xE1, 0x0B, 0x00, 0x00, 0xEB, 0x01, 0x00, 0x50, 0xE3, 0x07, 0x00, 0x00, 0x1A
	.byte 0x11, 0x8B, 0x20, 0xEB, 0x0D, 0x10, 0xA0, 0xE3, 0xB0, 0x10, 0xC0, 0xE1, 0xB2, 0x40, 0xC0, 0xE1
	.byte 0xB8, 0x50, 0xC0, 0xE1, 0xB0, 0x10, 0xDD, 0xE1, 0xBA, 0x10, 0xC0, 0xE1, 0xF7, 0x8A, 0x20, 0xEB
	.byte 0x38, 0x40, 0xBD, 0xE8, 0x1E, 0xFF, 0x2F, 0xE1, 0xF0, 0x4F, 0x2D, 0xE9, 0x89, 0xDF, 0x4D, 0xE2
	.byte 0x74, 0x35, 0x9F, 0xE5, 0x04, 0x40, 0x90, 0xE5, 0x01, 0xA0, 0xB0, 0xE1, 0x04, 0x18, 0xA0, 0xE1
	.byte 0x08, 0x00, 0x90, 0x15, 0x00, 0x50, 0xA0, 0xE3, 0x00, 0x00, 0xA0, 0x03, 0x00, 0x08, 0xA0, 0xE1
	.byte 0x50, 0x85, 0x93, 0xE5, 0x21, 0x98, 0xA0, 0xE1, 0xB0, 0x10, 0xD8, 0xE1, 0x20, 0x08, 0xA0, 0xE1
	.byte 0x1E, 0x40, 0x8D, 0xE2, 0x00, 0x20, 0x8D, 0xE5, 0x08, 0x00, 0x8D, 0xE5, 0x09, 0x00, 0x51, 0xE3
	.byte 0x05, 0x60, 0xA0, 0xE1, 0x01, 0x00, 0x00, 0x0A, 0x07, 0x00, 0x51, 0xE3, 0x03, 0x00, 0x00, 0x1A
	.byte 0x0C, 0x00, 0x98, 0xE5, 0x01, 0x00, 0x50, 0xE3, 0x01, 0x60, 0xA0, 0x03, 0x3F, 0x00, 0x00, 0xEA
	.byte 0x0A, 0x00, 0x51, 0xE3, 0x01, 0x00, 0x00, 0x0A, 0x08, 0x00, 0x51, 0xE3, 0x2E, 0x00, 0x00, 0x1A
	.byte 0x71, 0x62, 0x20, 0xEB, 0x01, 0x1C, 0x88, 0xE2, 0xB2, 0x18, 0xD1, 0xE1, 0x00, 0x70, 0xA0, 0xE1
	.byte 0x00, 0x00, 0x51, 0xE3, 0x0F, 0x00, 0x00, 0x1A, 0x70, 0x62, 0x20, 0xEB, 0x00, 0x00, 0x5A, 0xE3
	.byte 0x0A, 0x00, 0x00, 0x1A, 0xE0, 0x8A, 0x20, 0xEB, 0x0D, 0x10, 0xA0, 0xE3, 0xB0, 0x10, 0xC0, 0xE1
	.byte 0x03, 0x10, 0xA0, 0xE3, 0xB2, 0x10, 0xC0, 0xE1, 0x00, 0x10, 0xA0, 0xE3, 0xB4, 0x10, 0xC0, 0xE1
	.byte 0xB6, 0x10, 0xC0, 0xE1, 0xB8, 0x90, 0xC0, 0xE1, 0xBA, 0x10, 0xC0, 0xE1, 0xC3, 0x8A, 0x20, 0xEB
	.byte 0x00, 0x00, 0xA0, 0xE3, 0x29, 0x01, 0x00, 0xEA, 0x0C, 0x00, 0x98, 0xE5, 0x01, 0x00, 0x50, 0xE3
	.byte 0x0B, 0x00, 0x00, 0x1A, 0x00, 0x00, 0xA0, 0xE3, 0x00, 0x10, 0xA0, 0xE1, 0x9D, 0x0B, 0x00, 0xEB
	.byte 0x00, 0x00, 0xA0, 0xE3, 0x0C, 0x00, 0x88, 0xE5, 0x01, 0x60, 0xA0, 0xE3, 0x4F, 0x05, 0x00, 0xEB
	.byte 0xD0, 0xF0, 0xFF, 0xEB, 0xB0, 0x00, 0xD8, 0xE1, 0x0A, 0x00, 0x50, 0xE3, 0x08, 0x00, 0xA0, 0x03
	.byte 0xB0, 0x00, 0xC8, 0x01, 0x01, 0x2C, 0x88, 0xE2, 0x00, 0x10, 0xA0, 0xE3, 0xB2, 0x18, 0xC2, 0xE1
	.byte 0xB6, 0x18, 0xC8, 0xE1, 0x14, 0x10, 0x88, 0xE5, 0x10, 0x10, 0x88, 0xE5, 0x07, 0x00, 0xA0, 0xE1
	.byte 0x1C, 0x10, 0x88, 0xE5, 0x49, 0x62, 0x20, 0xEB, 0x0C, 0x00, 0x00, 0xEA, 0x00, 0x00, 0x5A, 0xE3
	.byte 0x09, 0x00, 0x00, 0x1A, 0xB8, 0x8A, 0x20, 0xEB, 0x0D, 0x10, 0xA0, 0xE3, 0xB0, 0x10, 0xC0, 0xE1
	.byte 0x03, 0x10, 0xA0, 0xE3, 0xB2, 0x10, 0xC0, 0xE1, 0xB4, 0x50, 0xC0, 0xE1, 0xB6, 0x50, 0xC0, 0xE1
	.byte 0xB8, 0x90, 0xC0, 0xE1, 0xBA, 0x50, 0xC0, 0xE1, 0x9C, 0x8A, 0x20, 0xEB, 0xD7, 0xFF, 0xFF, 0xEA
	.byte 0xB0, 0x00, 0xD8, 0xE1, 0x0A, 0x00, 0x50, 0xE3, 0x01, 0x00, 0x00, 0x0A, 0x08, 0x00, 0x50, 0xE3
	.byte 0x81, 0x00, 0x00, 0x1A, 0x8A, 0x00, 0x88, 0xE2, 0x04, 0x10, 0xA0, 0xE1, 0x01, 0x0C, 0x80, 0xE2
	.byte 0x06, 0x20, 0xA0, 0xE3, 0x26, 0x64, 0x20, 0xEB, 0x00, 0x50, 0xA0, 0xE3, 0x1F, 0x00, 0x00, 0xEA
	.byte 0x24, 0x00, 0x8D, 0xE2, 0x04, 0x10, 0xA0, 0xE1, 0x03, 0x20, 0xA0, 0xE3, 0xE6, 0xF6, 0xFF, 0xEB
	.byte 0xB4, 0x10, 0xD0, 0xE1, 0x07, 0x00, 0x51, 0xE3, 0x07, 0x00, 0x00, 0xCA, 0x08, 0x00, 0x00, 0xAA
	.byte 0x01, 0x00, 0x51, 0xE3, 0x08, 0x00, 0x00, 0xCA, 0x00, 0x00, 0x51, 0xE3, 0x06, 0x00, 0x00, 0xBA
	.byte 0x01, 0x00, 0x51, 0x13, 0x13, 0x00, 0x00, 0x0A, 0x03, 0x00, 0x00, 0xEA, 0x0C, 0x00, 0x51, 0xE3
	.byte 0x01, 0x00, 0x00, 0x1A, 0x01, 0x50, 0x85, 0xE2, 0x0C, 0x00, 0x00, 0xEA, 0x00, 0x00, 0x5A, 0xE3
	.byte 0x09, 0x20, 0xA0, 0xE1, 0x05, 0x00, 0xA0, 0xE3, 0x00, 0x30, 0xA0, 0xE3, 0x01, 0x00, 0x00, 0x0A
	.byte 0x25, 0x01, 0x00, 0xEB, 0x00, 0x00, 0x00, 0xEA, 0x12, 0x01, 0x00, 0xEB, 0x00, 0x00, 0x56, 0xE3
	.byte 0x01, 0x00, 0x00, 0x0A, 0x01, 0x00, 0xA0, 0xE3, 0x24, 0x0C, 0x00, 0xEB, 0xAB, 0xFF, 0xFF, 0xEA
	.byte 0x02, 0x00, 0x55, 0xE3, 0xDD, 0xFF, 0xFF, 0xBA, 0x00, 0x00, 0xA0, 0xE3, 0xB2, 0x0C, 0xC8, 0xE1
	.byte 0x03, 0x00, 0xA0, 0xE3, 0x01, 0x50, 0xA0, 0xE3, 0xB0, 0x00, 0xC8, 0xE1, 0x24, 0x00, 0x8D, 0xE2
	.byte 0x05, 0x10, 0xA0, 0xE1, 0x2C, 0xF6, 0xFF, 0xEB, 0xB4, 0x10, 0xD0, 0xE1, 0x00, 0x00, 0x51, 0xE3
	.byte 0x0C, 0x00, 0x00, 0x0A, 0x00, 0x00, 0x5A, 0xE3, 0x00, 0x00, 0xA0, 0xE3, 0x09, 0x20, 0xA0, 0xE1
	.byte 0x05, 0x30, 0xA0, 0xE1, 0x01, 0x00, 0x00, 0x0A, 0x0B, 0x01, 0x00, 0xEB, 0x00, 0x00, 0x00, 0xEA
	.byte 0xF8, 0x00, 0x00, 0xEB, 0x00, 0x00, 0x56, 0xE3, 0x01, 0x00, 0x00, 0x0A, 0x01, 0x00, 0xA0, 0xE3
	.byte 0x0A, 0x0C, 0x00, 0xEB, 0x91, 0xFF, 0xFF, 0xEA, 0x24, 0x00, 0x8D, 0xE2, 0xD5, 0xF8, 0xFF, 0xEB
	.byte 0xB4, 0x10, 0xD0, 0xE1, 0x00, 0x00, 0x51, 0xE3, 0x0C, 0x00, 0x00, 0x0A, 0xEC, 0x02, 0x9F, 0xE5
	.byte 0x00, 0x00, 0x5A, 0xE3, 0x09, 0x20, 0xA0, 0xE1, 0x05, 0x30, 0xA0, 0xE1, 0x01, 0x00, 0x00, 0x0A
	.byte 0xF9, 0x00, 0x00, 0xEB, 0x00, 0x00, 0x00, 0xEA, 0xE6, 0x00, 0x00, 0xEB, 0x00, 0x00, 0x56, 0xE3
	.byte 0x01, 0x00, 0x00, 0x0A, 0x01, 0x00, 0xA0, 0xE3, 0xF8, 0x0B, 0x00, 0xEB, 0x7F, 0xFF, 0xFF, 0xEA
	.byte 0x02, 0x00, 0xA0, 0xE3, 0xB0, 0x00, 0xC8, 0xE1, 0x00, 0x00, 0xA0, 0xE3, 0x00, 0x10, 0xA0, 0xE1
	.byte 0x98, 0x01, 0x88, 0xE5, 0x01, 0x4C, 0x88, 0xE2, 0x01, 0x30, 0xA0, 0xE1, 0x67, 0x0F, 0x88, 0xE2
	.byte 0x50, 0x20, 0xA0, 0xE3, 0xB6, 0x39, 0xC4, 0xE1, 0xA8, 0x63, 0x20, 0xEB, 0x97, 0xF0, 0xFF, 0xEB
	.byte 0x01, 0x00, 0x5A, 0xE3, 0x17, 0x00, 0x00, 0x1A, 0x47, 0x8A, 0x20, 0xEB, 0x00, 0x40, 0xA0, 0xE1
	.byte 0x0C, 0x00, 0xA0, 0xE3, 0xB0, 0x00, 0xC4, 0xE1, 0x00, 0x00, 0xA0, 0xE3, 0xB2, 0x00, 0xC4, 0xE1
	.byte 0x09, 0x00, 0xA0, 0xE3, 0xB8, 0x00, 0xC4, 0xE1, 0x08, 0x00, 0x9D, 0xE5, 0x06, 0x20, 0xA0, 0xE3
	.byte 0xBC, 0x00, 0xC4, 0xE1, 0x01, 0x0C, 0x88, 0xE2, 0xB8, 0x18, 0xD0, 0xE1, 0x1E, 0x00, 0x8D, 0xE2
	.byte 0xBA, 0x10, 0xC4, 0xE1, 0x10, 0x10, 0x84, 0xE2, 0xB9, 0x63, 0x20, 0xEB, 0xB0, 0x13, 0xD8, 0xE1
	.byte 0x04, 0x00, 0xA0, 0xE1, 0xB6, 0x11, 0xC4, 0xE1, 0xB2, 0x13, 0xD8, 0xE1, 0xB8, 0x11, 0xC4, 0xE1
	.byte 0x1E, 0x8A, 0x20, 0xEB, 0x03, 0x00, 0x00, 0xEA, 0x00, 0x00, 0xA0, 0xE3, 0x1E, 0x20, 0x8D, 0xE2
	.byte 0x00, 0x10, 0xA0, 0xE1, 0x86, 0x00, 0x00, 0xEB, 0x00, 0x00, 0x56, 0xE3, 0x7B, 0x00, 0x00, 0x0A
	.byte 0x01, 0x00, 0xA0, 0xE3, 0xC9, 0x0B, 0x00, 0xEB, 0x78, 0x00, 0x00, 0xEA, 0x01, 0x70, 0xA0, 0xE3
	.byte 0x74, 0x00, 0x00, 0xEA, 0x01, 0x00, 0xA0, 0xE3, 0x10, 0xB7, 0xA0, 0xE1, 0x01, 0x0C, 0x88, 0xE2
	.byte 0xB2, 0x08, 0xD0, 0xE1, 0x09, 0x00, 0x00, 0xE0, 0x00, 0x00, 0x1B, 0xE1, 0x6C, 0x00, 0x00, 0x0A
	.byte 0x07, 0x08, 0xA0, 0xE1, 0x20, 0x08, 0xA0, 0xE1, 0x04, 0x00, 0x8D, 0xE5, 0x4A, 0x0F, 0x88, 0xE2
	.byte 0x01, 0x10, 0x47, 0xE2, 0x06, 0x20, 0xA0, 0xE3, 0x0C, 0x00, 0x8D, 0xE5, 0x91, 0x02, 0x00, 0xE0
	.byte 0x0C, 0x10, 0x9D, 0xE5, 0x10, 0x00, 0x8D, 0xE5, 0x00, 0x00, 0x81, 0xE0, 0x18, 0x10, 0x8D, 0xE2
	.byte 0x93, 0x63, 0x20, 0xEB, 0x00, 0x40, 0xA0, 0xE3, 0x17, 0x00, 0x00, 0xEA, 0x24, 0x00, 0x8D, 0xE2
	.byte 0x18, 0x10, 0x8D, 0xE2, 0x03, 0x20, 0xA0, 0xE3, 0x53, 0xF6, 0xFF, 0xEB, 0xB4, 0x10, 0xD0, 0xE1
	.byte 0x00, 0x00, 0x51, 0xE3, 0x12, 0x00, 0x00, 0x0A, 0x07, 0x00, 0x51, 0xE3, 0x0C, 0x00, 0x51, 0x13
	.byte 0x01, 0x40, 0x84, 0x02, 0x0C, 0x00, 0x00, 0x0A, 0x00, 0x00, 0x5A, 0xE3, 0x09, 0x20, 0xA0, 0xE1
	.byte 0x05, 0x00, 0xA0, 0xE3, 0x05, 0x30, 0xA0, 0xE1, 0x01, 0x00, 0x00, 0x0A, 0x9A, 0x00, 0x00, 0xEB
	.byte 0x00, 0x00, 0x00, 0xEA, 0x87, 0x00, 0x00, 0xEB, 0x00, 0x00, 0x56, 0xE3, 0x01, 0x00, 0x00, 0x0A
	.byte 0x01, 0x00, 0xA0, 0xE3, 0x99, 0x0B, 0x00, 0xEB, 0x20, 0xFF, 0xFF, 0xEA, 0x02, 0x00, 0x54, 0xE3
	.byte 0xE5, 0xFF, 0xFF, 0xBA, 0x7C, 0x61, 0x20, 0xEB, 0x01, 0x1C, 0x88, 0xE2, 0xB2, 0x28, 0xD1, 0xE1
	.byte 0x14, 0x00, 0x8D, 0xE5, 0x0B, 0x00, 0x12, 0xE1, 0x3C, 0x00, 0x00, 0x0A, 0x0C, 0x30, 0x9D, 0xE5
	.byte 0x10, 0x00, 0x9D, 0xE5, 0x01, 0x40, 0xA0, 0xE3, 0x00, 0x00, 0x83, 0xE0, 0x04, 0x30, 0x9D, 0xE5
	.byte 0x14, 0x33, 0xA0, 0xE1, 0x03, 0x38, 0xA0, 0xE1, 0x23, 0x58, 0x85, 0xE1, 0x0B, 0x30, 0xE0, 0xE1
	.byte 0x03, 0x38, 0xA0, 0xE1, 0x23, 0x28, 0x02, 0xE0, 0xB2, 0x28, 0xC1, 0xE1, 0x04, 0x10, 0x9D, 0xE5
	.byte 0xB6, 0x48, 0xD8, 0xE1, 0x81, 0x21, 0x88, 0xE0, 0x23, 0x18, 0x04, 0xE0, 0xB6, 0x18, 0xC8, 0xE1
	.byte 0x00, 0x10, 0xA0, 0xE3, 0x38, 0x17, 0x82, 0xE5, 0x06, 0x40, 0xA0, 0xE3, 0x3C, 0x17, 0x82, 0xE5
	.byte 0x04, 0x20, 0xA0, 0xE1, 0x35, 0x63, 0x20, 0xEB, 0x14, 0x00, 0x9D, 0xE5, 0x63, 0x61, 0x20, 0xEB
	.byte 0x01, 0x00, 0x5A, 0xE3, 0x16, 0x00, 0x00, 0x1A, 0xD3, 0x89, 0x20, 0xEB, 0x04, 0x20, 0xA0, 0xE1
	.byte 0x00, 0x40, 0xA0, 0xE1, 0x08, 0x00, 0xA0, 0xE3, 0xB0, 0x00, 0xC4, 0xE1, 0x00, 0x00, 0xA0, 0xE3
	.byte 0xB2, 0x00, 0xC4, 0xE1, 0x09, 0x00, 0xA0, 0xE3, 0xB8, 0x00, 0xC4, 0xE1, 0x08, 0x00, 0x9D, 0xE5
	.byte 0x0A, 0x10, 0x84, 0xE2, 0xB2, 0x01, 0xC4, 0xE1, 0x04, 0x00, 0x9D, 0xE5, 0xB0, 0x01, 0xC4, 0xE1
	.byte 0x18, 0x00, 0x8D, 0xE2, 0x46, 0x63, 0x20, 0xEB, 0xB0, 0x13, 0xD8, 0xE1, 0x04, 0x00, 0xA0, 0xE1
	.byte 0xBC, 0x12, 0xC4, 0xE1, 0xB2, 0x13, 0xD8, 0xE1, 0xBE, 0x12, 0xC4, 0xE1, 0xAB, 0x89, 0x20, 0xEB
	.byte 0x04, 0x00, 0x00, 0xEA, 0x07, 0x18, 0xA0, 0xE1, 0x01, 0x00, 0xA0, 0xE3, 0x21, 0x18, 0xA0, 0xE1
	.byte 0x18, 0x20, 0x8D, 0xE2, 0x12, 0x00, 0x00, 0xEB, 0x00, 0x00, 0x56, 0xE3, 0x04, 0x00, 0x00, 0x0A
	.byte 0x0B, 0x08, 0xA0, 0xE1, 0x20, 0x08, 0xA0, 0xE1, 0x54, 0x0B, 0x00, 0xEB, 0x00, 0x00, 0x00, 0xEA
	.byte 0x3E, 0x61, 0x20, 0xEB, 0x01, 0x70, 0x87, 0xE2, 0x10, 0x00, 0x57, 0xE3, 0x88, 0xFF, 0xFF, 0xBA
	.byte 0x00, 0x00, 0x9D, 0xE5, 0x00, 0x00, 0x50, 0xE3, 0xB0, 0x50, 0xC0, 0x11, 0x01, 0x00, 0xA0, 0xE3
	.byte 0x89, 0xDF, 0x8D, 0xE2, 0xF0, 0x4F, 0xBD, 0xE8, 0x1E, 0xFF, 0x2F, 0xE1, 0x70, 0x98, 0xFF, 0x02
	.byte 0x02, 0x03, 0x00, 0x00, 0xF0, 0x41, 0x2D, 0xE9, 0xB0, 0x30, 0x9F, 0xE5, 0x00, 0x80, 0xA0, 0xE1
	.byte 0x50, 0x55, 0x93, 0xE5, 0x01, 0x70, 0xA0, 0xE1, 0x02, 0x60, 0xA0, 0xE1, 0x9E, 0x89, 0x20, 0xEB
	.byte 0x00, 0x40, 0xA0, 0xE1, 0x00, 0x00, 0xA0, 0xE3, 0xB2, 0x00, 0xC4, 0xE1, 0x00, 0x00, 0x58, 0xE3
	.byte 0x1A, 0x10, 0xA0, 0xE3, 0x06, 0x20, 0xA0, 0xE3, 0x0D, 0x00, 0x00, 0x0A, 0x08, 0x00, 0xA0, 0xE3
	.byte 0xB0, 0x00, 0xC4, 0xE1, 0xB8, 0x10, 0xC4, 0xE1, 0x74, 0x00, 0x9F, 0xE5, 0x0A, 0x10, 0x84, 0xE2
	.byte 0xB2, 0x01, 0xC4, 0xE1, 0xB0, 0x71, 0xC4, 0xE1, 0x06, 0x00, 0xA0, 0xE1, 0x10, 0x63, 0x20, 0xEB
	.byte 0xB0, 0x03, 0xD5, 0xE1, 0xBC, 0x02, 0xC4, 0xE1, 0xB2, 0x03, 0xD5, 0xE1, 0xBE, 0x02, 0xC4, 0xE1
	.byte 0x0E, 0x00, 0x00, 0xEA, 0x0C, 0x00, 0xA0, 0xE3, 0xB0, 0x00, 0xC4, 0xE1, 0x40, 0x00, 0x9F, 0xE5
	.byte 0xB8, 0x10, 0xC4, 0xE1, 0xBC, 0x00, 0xC4, 0xE1, 0x01, 0x0C, 0x85, 0xE2, 0xB8, 0x18, 0xD0, 0xE1
	.byte 0x06, 0x00, 0xA0, 0xE1, 0xBA, 0x10, 0xC4, 0xE1, 0x10, 0x10, 0x84, 0xE2, 0x00, 0x63, 0x20, 0xEB
	.byte 0xB0, 0x03, 0xD5, 0xE1, 0xB6, 0x01, 0xC4, 0xE1, 0xB2, 0x03, 0xD5, 0xE1, 0xB8, 0x01, 0xC4, 0xE1
	.byte 0x04, 0x00, 0xA0, 0xE1, 0x65, 0x89, 0x20, 0xEB, 0xF0, 0x41, 0xBD, 0xE8, 0x1E, 0xFF, 0x2F, 0xE1
	.byte 0x70, 0x98, 0xFF, 0x02, 0x01, 0xF0, 0x00, 0x00, 0xF8, 0x40, 0x2D, 0xE9, 0x00, 0x70, 0xA0, 0xE1
	.byte 0x01, 0x60, 0xA0, 0xE1, 0x02, 0x50, 0xA0, 0xE1, 0x03, 0x40, 0xA0, 0xE1, 0x6E, 0x89, 0x20, 0xEB
	.byte 0x0D, 0x10, 0xA0, 0xE3, 0xB0, 0x10, 0xC0, 0xE1, 0x01, 0x10, 0xA0, 0xE3, 0xB2, 0x10, 0xC0, 0xE1
	.byte 0xB4, 0x70, 0xC0, 0xE1, 0xB6, 0x60, 0xC0, 0xE1, 0xB8, 0x50, 0xC0, 0xE1, 0xBA, 0x40, 0xC0, 0xE1
	.byte 0x52, 0x89, 0x20, 0xEB, 0xF8, 0x40, 0xBD, 0xE8, 0x1E, 0xFF, 0x2F, 0xE1, 0xF8, 0x40, 0x2D, 0xE9
	.byte 0x00, 0x70, 0xA0, 0xE1, 0x01, 0x60, 0xA0, 0xE1, 0x02, 0x50, 0xA0, 0xE1, 0x03, 0x40, 0xA0, 0xE1
	.byte 0x5D, 0x89, 0x20, 0xEB, 0x25, 0x10, 0xA0, 0xE3, 0xB0, 0x10, 0xC0, 0xE1, 0x01, 0x10, 0xA0, 0xE3
	.byte 0xB2, 0x10, 0xC0, 0xE1, 0xB4, 0x70, 0xC0, 0xE1, 0xB6, 0x60, 0xC0, 0xE1, 0xB8, 0x50, 0xC0, 0xE1
	.byte 0xBA, 0x40, 0xC0, 0xE1, 0x41, 0x89, 0x20, 0xEB, 0xF8, 0x40, 0xBD, 0xE8, 0x1E, 0xFF, 0x2F, 0xE1
	.byte 0xF0, 0x4F, 0x2D, 0xE9, 0x83, 0xDF, 0x4D, 0xE2, 0x68, 0x13, 0x9F, 0xE5, 0x00, 0xA0, 0xA0, 0xE1
	.byte 0x04, 0x00, 0x9A, 0xE5, 0x50, 0x85, 0x91, 0xE5, 0x08, 0x00, 0x8D, 0xE5, 0x0C, 0x00, 0x9A, 0xE5
	.byte 0xBC, 0x19, 0xD8, 0xE1, 0x04, 0x00, 0x8D, 0xE5, 0x08, 0x50, 0x9A, 0xE5, 0x10, 0x60, 0x9A, 0xE5
	.byte 0x44, 0x03, 0x9F, 0xE5, 0x00, 0x00, 0x51, 0xE3, 0x01, 0x40, 0xA0, 0xE3, 0x0A, 0xB0, 0xA0, 0xE3
	.byte 0x00, 0x70, 0xA0, 0xE3, 0x11, 0x00, 0x00, 0x1A, 0xBC, 0x13, 0xD8, 0xE1, 0x1F, 0x10, 0x81, 0xE2
	.byte 0x1F, 0x10, 0xC1, 0xE3, 0x01, 0x00, 0x56, 0xE1, 0x01, 0x1C, 0x88, 0xE2, 0xB8, 0x18, 0xD1, 0xE1
	.byte 0x06, 0x70, 0xA0, 0x33, 0x00, 0x00, 0x51, 0xE3, 0xBE, 0x23, 0xD8, 0x01, 0xB8, 0x1F, 0xD8, 0x01
	.byte 0x0C, 0x20, 0x82, 0x02, 0x92, 0x01, 0x01, 0x00, 0x29, 0x10, 0x81, 0x02, 0xBE, 0x13, 0xD8, 0x11
	.byte 0x51, 0x10, 0x81, 0x12, 0x1F, 0x10, 0xC1, 0xE3, 0x01, 0x00, 0x55, 0xE1, 0x06, 0x70, 0xA0, 0x33
	.byte 0xB6, 0x1E, 0xD8, 0xE1, 0x02, 0x00, 0x51, 0xE3, 0x07, 0x00, 0x00, 0x1A, 0x01, 0x0A, 0x80, 0xE2
	.byte 0x4C, 0x15, 0x90, 0xE5, 0x01, 0x0C, 0x88, 0xE2, 0xB6, 0x14, 0xD1, 0xE1, 0xB6, 0x0F, 0xD0, 0xE1
	.byte 0x14, 0x11, 0xA0, 0xE1, 0xC1, 0x00, 0x10, 0xE1, 0x06, 0x70, 0xA0, 0x03, 0x00, 0x00, 0x57, 0xE3
	.byte 0x04, 0x00, 0x00, 0x0A, 0x20, 0x89, 0x20, 0xEB, 0x0E, 0x10, 0xA0, 0xE3, 0xB0, 0x10, 0xC0, 0xE1
	.byte 0xB2, 0x70, 0xC0, 0xE1, 0xA2, 0x00, 0x00, 0xEA, 0x0C, 0x00, 0x98, 0xE5, 0x00, 0x00, 0x50, 0xE3
	.byte 0x00, 0x00, 0xA0, 0xE3, 0x0C, 0x00, 0x88, 0x15, 0x01, 0x00, 0xA0, 0x13, 0x00, 0x00, 0x50, 0xE3
	.byte 0x01, 0x00, 0x00, 0x0A, 0x84, 0x02, 0x9F, 0xE5, 0xB4, 0x0A, 0x00, 0xEB, 0x7F, 0x05, 0x00, 0xEB
	.byte 0x99, 0x60, 0x20, 0xEB, 0x00, 0x00, 0x8D, 0xE5, 0x14, 0x00, 0x8A, 0xE2, 0x00, 0x10, 0xA0, 0xE3
	.byte 0xB9, 0x0D, 0x00, 0xEB, 0x5C, 0x02, 0x9F, 0xE5, 0x30, 0x70, 0x9A, 0xE5, 0x50, 0x95, 0x90, 0xE5
	.byte 0xB0, 0x00, 0xD9, 0xE1, 0x09, 0x00, 0x50, 0xE3, 0x0A, 0x00, 0x50, 0x13, 0x32, 0x00, 0x00, 0x0A
	.byte 0x8D, 0x60, 0x20, 0xEB, 0x04, 0x00, 0x17, 0xE3, 0xB8, 0x13, 0xDA, 0x11, 0xBC, 0x15, 0xD9, 0x01
	.byte 0x01, 0x18, 0xA0, 0xE1, 0x21, 0x18, 0xB0, 0xE1, 0x10, 0x10, 0xA0, 0x03, 0x01, 0x00, 0x17, 0xE3
	.byte 0xB4, 0x23, 0xDA, 0x11, 0xB8, 0x25, 0xD9, 0x01, 0x02, 0x28, 0xA0, 0xE1, 0x22, 0x38, 0xB0, 0xE1
	.byte 0x10, 0x30, 0xA0, 0x03, 0x01, 0x00, 0x53, 0xE1, 0x01, 0x30, 0xA0, 0x81, 0x02, 0x00, 0x17, 0xE3
	.byte 0xB6, 0x23, 0xDA, 0x11, 0xBA, 0x25, 0xD9, 0x01, 0x02, 0x28, 0xA0, 0xE1, 0x22, 0xC8, 0xB0, 0xE1
	.byte 0x07, 0x2C, 0x89, 0xE2, 0xB4, 0x1C, 0xC2, 0xE1, 0x10, 0xC0, 0xA0, 0x03, 0x01, 0x00, 0x5C, 0xE1
	.byte 0xB0, 0x3C, 0xC2, 0xE1, 0x01, 0xC0, 0xA0, 0x81, 0xB2, 0xCC, 0xC2, 0xE1, 0xF2, 0x26, 0xD9, 0xE1
	.byte 0x01, 0x00, 0x52, 0xE1, 0xB2, 0x16, 0xC9, 0xC1, 0x02, 0x0C, 0x17, 0xE3, 0xBA, 0x23, 0xDA, 0x11
	.byte 0x07, 0x1C, 0x89, 0xE2, 0xB8, 0x29, 0xD9, 0x01, 0x01, 0x0B, 0x17, 0xE3, 0xBA, 0x2C, 0xC1, 0xE1
	.byte 0x3C, 0x20, 0xDA, 0x15, 0x07, 0x1C, 0x89, 0xE2, 0xB2, 0x29, 0xD9, 0x01, 0x02, 0x0B, 0x17, 0xE3
	.byte 0xB6, 0x2C, 0xC1, 0xE1, 0x3D, 0x20, 0xDA, 0x15, 0x07, 0x1C, 0x89, 0xE2, 0xB4, 0x29, 0xD9, 0x01
	.byte 0x01, 0x0A, 0x17, 0xE3, 0xB8, 0x2C, 0xC1, 0xE1, 0x3E, 0x20, 0xDA, 0x15, 0x07, 0x1C, 0x89, 0xE2
	.byte 0xBA, 0x29, 0xD9, 0x01, 0xBC, 0x2C, 0xC1, 0xE1, 0x60, 0x60, 0x20, 0xEB, 0xB0, 0x00, 0xD8, 0xE1
	.byte 0xF9, 0x00, 0x80, 0xE2, 0xFF, 0x0C, 0x80, 0xE2, 0x00, 0x08, 0xA0, 0xE1, 0x20, 0x08, 0xA0, 0xE1
	.byte 0x01, 0x00, 0x50, 0xE3, 0x4B, 0x00, 0x00, 0x8A, 0x00, 0x70, 0xA0, 0xE3, 0xB4, 0x78, 0xC8, 0xE1
	.byte 0xBE, 0x75, 0xC8, 0xE1, 0xB0, 0x46, 0xC8, 0xE1, 0xB8, 0x78, 0xC8, 0xE1, 0xBE, 0x79, 0xC8, 0xE1
	.byte 0x3C, 0x00, 0xA0, 0xE3, 0xB0, 0x0A, 0xC8, 0xE1, 0x34, 0x77, 0x88, 0xE5, 0xBC, 0x78, 0xC8, 0xE1
	.byte 0xBE, 0x78, 0xC8, 0xE1, 0xB0, 0x79, 0xC8, 0xE1, 0x08, 0x00, 0x9D, 0xE5, 0xB6, 0x76, 0xC8, 0xE1
	.byte 0x74, 0x00, 0x88, 0xE5, 0xB2, 0x57, 0xC8, 0xE1, 0x05, 0x00, 0x80, 0xE0, 0x78, 0x00, 0x88, 0xE5
	.byte 0x04, 0x00, 0x9D, 0xE5, 0xB0, 0x77, 0xC8, 0xE1, 0x7C, 0x00, 0x88, 0xE5, 0xB0, 0x68, 0xC8, 0xE1
	.byte 0xB2, 0x76, 0xC8, 0xE1, 0xB4, 0x76, 0xC8, 0xE1, 0xB8, 0x76, 0xC8, 0xE1, 0xBA, 0x76, 0xC8, 0xE1
	.byte 0x01, 0x08, 0x64, 0xE2, 0xBE, 0x0B, 0xC8, 0xE1, 0xB0, 0x4C, 0xC8, 0xE1, 0x88, 0x5D, 0x20, 0xEB
	.byte 0x00, 0x10, 0x81, 0xE3, 0x04, 0x20, 0x80, 0xE1, 0x87, 0x01, 0x88, 0xE0, 0x38, 0x27, 0x80, 0xE5
	.byte 0x01, 0x70, 0x87, 0xE2, 0x3C, 0x17, 0x80, 0xE5, 0x10, 0x00, 0x57, 0xE3, 0xF9, 0xFF, 0xFF, 0xBA
	.byte 0xC2, 0xEE, 0xFF, 0xEB, 0x00, 0x00, 0xA0, 0xE3, 0xBE, 0x0C, 0xC8, 0xE1, 0x2C, 0x03, 0x00, 0xEB
	.byte 0xB0, 0x00, 0xD8, 0xE1, 0x08, 0x00, 0x50, 0xE3, 0xB0, 0xB0, 0xC8, 0x01, 0x02, 0x00, 0x00, 0x0A
	.byte 0x07, 0x00, 0x50, 0xE3, 0x09, 0x00, 0xA0, 0x03, 0xB0, 0x00, 0xC8, 0x01, 0x9A, 0x88, 0x20, 0xEB
	.byte 0x0E, 0x10, 0xA0, 0xE3, 0xB0, 0x10, 0xC0, 0xE1, 0x00, 0x10, 0xA0, 0xE3, 0xB2, 0x10, 0xC0, 0xE1
	.byte 0xB4, 0xB0, 0xC0, 0xE1, 0x81, 0x88, 0x20, 0xEB, 0x00, 0x00, 0x9D, 0xE5, 0x0C, 0x40, 0x88, 0xE5
	.byte 0x1E, 0x60, 0x20, 0xEB, 0x0C, 0x00, 0x8D, 0xE2, 0x04, 0x10, 0xA0, 0xE1, 0x98, 0xF6, 0xFF, 0xEB
	.byte 0x00, 0x50, 0xA0, 0xE1, 0xB4, 0x00, 0xD5, 0xE1, 0x00, 0x00, 0x50, 0xE3, 0x12, 0x00, 0x00, 0x0A
	.byte 0x89, 0x88, 0x20, 0xEB, 0x0E, 0x10, 0xA0, 0xE3, 0xB0, 0x10, 0xC0, 0xE1, 0xB2, 0x40, 0xC0, 0xE1
	.byte 0x83, 0x1F, 0x8B, 0xE2, 0xB4, 0x10, 0xC0, 0xE1, 0xB4, 0x10, 0xD5, 0xE1, 0xB6, 0x10, 0xC0, 0xE1
	.byte 0x6E, 0x88, 0x20, 0xEB, 0x08, 0x00, 0x00, 0xEA, 0x00, 0x00, 0x9D, 0xE5, 0x0B, 0x60, 0x20, 0xEB
	.byte 0x7D, 0x88, 0x20, 0xEB, 0x0E, 0x10, 0xA0, 0xE3, 0xB0, 0x10, 0xC0, 0xE1, 0x03, 0x10, 0xA0, 0xE3
	.byte 0xB2, 0x10, 0xC0, 0xE1, 0xB4, 0xB0, 0xC0, 0xE1, 0x64, 0x88, 0x20, 0xEB, 0x83, 0xDF, 0x8D, 0xE2
	.byte 0xF0, 0x4F, 0xBD, 0xE8, 0x1E, 0xFF, 0x2F, 0xE1, 0x70, 0x98, 0xFF, 0x02, 0x70, 0x88, 0xFF, 0x02
	.byte 0xFF, 0xFF, 0x00, 0x00, 0xF0, 0x4F, 0x2D, 0xE9, 0x14, 0xD0, 0x4D, 0xE2, 0x28, 0x11, 0x9F, 0xE5
	.byte 0x10, 0x20, 0x90, 0xE5, 0x50, 0xA5, 0x91, 0xE5, 0x08, 0x50, 0x90, 0xE5, 0x01, 0x4C, 0x8A, 0xE2
	.byte 0x14, 0x30, 0x90, 0xE5, 0xB8, 0x88, 0xD4, 0xE1, 0x05, 0x18, 0xA0, 0xE1, 0xB2, 0x98, 0xD4, 0xE1
	.byte 0x04, 0xB0, 0x90, 0xE5, 0x0C, 0x50, 0x90, 0xE5, 0x00, 0x00, 0x58, 0xE3, 0x18, 0x60, 0x90, 0xE5
	.byte 0x1C, 0x70, 0x90, 0xE5, 0x02, 0x28, 0xA0, 0xE1, 0x22, 0x08, 0xA0, 0xE1, 0x10, 0x00, 0x8D, 0xE5
	.byte 0x0C, 0x00, 0x9A, 0xE5, 0x01, 0x50, 0xA0, 0x13, 0x00, 0x00, 0x50, 0xE3, 0x03, 0x38, 0xA0, 0xE1
	.byte 0x21, 0x48, 0xA0, 0xE1, 0x23, 0x18, 0xA0, 0xE1, 0x03, 0x80, 0xA0, 0x03, 0x0A, 0x00, 0x00, 0x0A
	.byte 0x09, 0x00, 0x15, 0xE1, 0x00, 0x80, 0xA0, 0x03, 0x07, 0x00, 0x00, 0x0A, 0x00, 0xB0, 0x8D, 0xE5
	.byte 0x50, 0x00, 0x8D, 0xE9, 0x10, 0x20, 0x9D, 0xE5, 0x09, 0x00, 0xA0, 0xE1, 0x05, 0x30, 0xA0, 0xE1
	.byte 0x0C, 0x70, 0x8D, 0xE5, 0xC6, 0x08, 0x00, 0xEB, 0x00, 0x80, 0xA0, 0xE1, 0x02, 0x00, 0x58, 0xE3
	.byte 0x22, 0x00, 0x00, 0x0A, 0x48, 0x88, 0x20, 0xEB, 0x81, 0x10, 0xA0, 0xE3, 0xB0, 0x10, 0xC0, 0xE1
	.byte 0xB2, 0x80, 0xC0, 0xE1, 0x14, 0x10, 0xA0, 0xE3, 0xB8, 0x10, 0xC0, 0xE1, 0x10, 0x10, 0x9D, 0xE5
	.byte 0x0A, 0x00, 0x58, 0xE3, 0xBA, 0x10, 0xC0, 0xE1, 0x09, 0x10, 0x05, 0xE0, 0xBC, 0x50, 0xC0, 0xE1
	.byte 0x00, 0x10, 0xA0, 0x13, 0xBE, 0x10, 0xC0, 0xE1, 0x00, 0x10, 0xA0, 0xE3, 0xB0, 0x11, 0xC0, 0xE1
	.byte 0xB8, 0x41, 0xC0, 0xE1, 0x14, 0xB0, 0x80, 0xE5, 0x1C, 0x60, 0x80, 0xE5, 0x4C, 0x10, 0x9F, 0xE5
	.byte 0x20, 0x70, 0x80, 0xE5, 0xBA, 0x11, 0xC0, 0xE1, 0x01, 0x1C, 0x8A, 0xE2, 0xB8, 0x18, 0xD1, 0xE1
	.byte 0xB0, 0x23, 0xDA, 0xE1, 0x00, 0x00, 0x51, 0xE3, 0xB2, 0x33, 0xDA, 0xE1, 0x02, 0x10, 0xA0, 0x01
	.byte 0x03, 0x10, 0xA0, 0x11, 0xB4, 0x12, 0xC0, 0xE1, 0x01, 0x1C, 0x8A, 0xE2, 0xB8, 0x18, 0xD1, 0xE1
	.byte 0x00, 0x00, 0x51, 0xE3, 0x02, 0x30, 0xA0, 0x11, 0xB6, 0x32, 0xC0, 0xE1, 0x13, 0x88, 0x20, 0xEB
	.byte 0x14, 0xD0, 0x8D, 0xE2, 0xF0, 0x4F, 0xBD, 0xE8, 0x1E, 0xFF, 0x2F, 0xE1, 0x70, 0x98, 0xFF, 0x02
	.byte 0xFF, 0xFF, 0x00, 0x00, 0xF8, 0x40, 0x2D, 0xE9, 0x02, 0xDC, 0x4D, 0xE2, 0x00, 0x01, 0x9F, 0xE5
	.byte 0x00, 0x40, 0xA0, 0xE3, 0x50, 0x75, 0x90, 0xE5, 0x04, 0x50, 0xA0, 0xE1, 0xB0, 0x00, 0xD7, 0xE1
	.byte 0x09, 0x00, 0x50, 0xE3, 0x0A, 0x00, 0x50, 0x13, 0x05, 0x00, 0x00, 0x0A, 0x16, 0x88, 0x20, 0xEB
	.byte 0x10, 0x10, 0xA0, 0xE3, 0xB0, 0x10, 0xC0, 0xE1, 0x03, 0x10, 0xA0, 0xE3, 0xB2, 0x10, 0xC0, 0xE1
	.byte 0x2F, 0x00, 0x00, 0xEA, 0x98, 0x5F, 0x20, 0xEB, 0x0C, 0x10, 0x97, 0xE5, 0x00, 0x60, 0xA0, 0xE1
	.byte 0x01, 0x00, 0x51, 0xE3, 0x03, 0x00, 0x00, 0x1A, 0xB8, 0x10, 0x9F, 0xE5, 0x00, 0x00, 0xA0, 0xE3
	.byte 0xD8, 0x08, 0x00, 0xEB, 0x01, 0x50, 0xA0, 0xE3, 0x0C, 0x40, 0x87, 0xE5, 0x8B, 0x02, 0x00, 0xEB
	.byte 0x0C, 0xEE, 0xFF, 0xEB, 0xB0, 0x00, 0xD7, 0xE1, 0x0A, 0x00, 0x50, 0xE3, 0x08, 0x00, 0xA0, 0x03
	.byte 0xB0, 0x00, 0xC7, 0x01, 0x02, 0x00, 0x00, 0x0A, 0x09, 0x00, 0x50, 0xE3, 0x07, 0x00, 0xA0, 0x03
	.byte 0xB0, 0x00, 0xC7, 0x01, 0x06, 0x00, 0xA0, 0xE1, 0x88, 0x5F, 0x20, 0xEB, 0x00, 0x60, 0x8D, 0xE2
	.byte 0x00, 0x10, 0xA0, 0xE3, 0x06, 0x00, 0xA0, 0xE1, 0x01, 0xF6, 0xFF, 0xEB, 0xB4, 0x10, 0xD0, 0xE1
	.byte 0x00, 0x00, 0x51, 0xE3, 0x02, 0x00, 0x00, 0x0A, 0x5C, 0x00, 0x9F, 0xE5, 0x17, 0x00, 0x00, 0xEB
	.byte 0x10, 0x00, 0x00, 0xEA, 0x06, 0x00, 0xA0, 0xE1, 0x07, 0x10, 0xA0, 0xE3, 0x2A, 0xF5, 0xFF, 0xEB
	.byte 0xB4, 0x10, 0xD0, 0xE1, 0x00, 0x00, 0x51, 0xE3, 0x01, 0x00, 0x00, 0x0A, 0x41, 0x0F, 0xA0, 0xE3
	.byte 0xF5, 0xFF, 0xFF, 0xEA, 0x00, 0x00, 0x55, 0xE3, 0x01, 0x00, 0x00, 0x0A, 0x24, 0x00, 0x9F, 0xE5
	.byte 0x86, 0x09, 0x00, 0xEB, 0xE4, 0x87, 0x20, 0xEB, 0x10, 0x10, 0xA0, 0xE3, 0xB0, 0x10, 0xC0, 0xE1
	.byte 0xB2, 0x40, 0xC0, 0xE1, 0xCD, 0x87, 0x20, 0xEB, 0x02, 0xDC, 0x8D, 0xE2, 0xF8, 0x40, 0xBD, 0xE8
	.byte 0x1E, 0xFF, 0x2F, 0xE1, 0x70, 0x98, 0xFF, 0x02, 0xFF, 0xFF, 0x00, 0x00, 0x16, 0x02, 0x00, 0x00
	.byte 0x38, 0x40, 0x2D, 0xE9, 0x00, 0x50, 0xA0, 0xE1, 0x01, 0x40, 0xA0, 0xE1, 0xD6, 0x87, 0x20, 0xEB
	.byte 0x10, 0x10, 0xA0, 0xE3, 0xB0, 0x10, 0xC0, 0xE1, 0x01, 0x10, 0xA0, 0xE3, 0xB2, 0x10, 0xC0, 0xE1
	.byte 0xB4, 0x50, 0xC0, 0xE1, 0xB6, 0x40, 0xC0, 0xE1, 0xBC, 0x87, 0x20, 0xEB, 0x38, 0x40, 0xBD, 0xE8
	.byte 0x1E, 0xFF, 0x2F, 0xE1, 0xF8, 0x40, 0x2D, 0xE9, 0x78, 0x10, 0x9F, 0xE5, 0x08, 0x20, 0x90, 0xE5
	.byte 0x50, 0x45, 0x91, 0xE5, 0x02, 0x58, 0xA0, 0xE1, 0x04, 0x60, 0x90, 0xE5, 0x25, 0x78, 0xA0, 0xE1
	.byte 0x4D, 0x5F, 0x20, 0xEB, 0xB0, 0x60, 0x84, 0xE5, 0xB8, 0x7B, 0xC4, 0xE1, 0x25, 0x18, 0x86, 0xE0
	.byte 0xB4, 0x10, 0x84, 0xE5, 0x00, 0x50, 0xA0, 0xE3, 0xBE, 0x5A, 0xC4, 0xE1, 0xA8, 0x50, 0x84, 0xE5
	.byte 0xBC, 0x5A, 0xC4, 0xE1, 0x18, 0x50, 0x84, 0xE5, 0x0B, 0x10, 0xA0, 0xE3, 0xB0, 0x10, 0xC4, 0xE1
	.byte 0x00, 0x60, 0xA0, 0xE1, 0xB8, 0x87, 0x20, 0xEB, 0x11, 0x10, 0xA0, 0xE3, 0xB0, 0x10, 0xC0, 0xE1
	.byte 0xB2, 0x50, 0xC0, 0xE1, 0x0E, 0x10, 0xA0, 0xE3, 0xB4, 0x10, 0xC0, 0xE1, 0x9F, 0x87, 0x20, 0xEB
	.byte 0x01, 0x10, 0xA0, 0xE3, 0x06, 0x00, 0xA0, 0xE1, 0x10, 0x10, 0x84, 0xE5, 0x3B, 0x5F, 0x20, 0xEB
	.byte 0xF8, 0x40, 0xBD, 0xE8, 0x1E, 0xFF, 0x2F, 0xE1, 0x70, 0x98, 0xFF, 0x02, 0x70, 0x40, 0x2D, 0xE9
	.byte 0x23, 0xDE, 0x4D, 0xE2, 0xE8, 0x10, 0x9F, 0xE5, 0x00, 0x50, 0xA0, 0xE1, 0x50, 0x45, 0x91, 0xE5
	.byte 0x04, 0x00, 0x85, 0xE2, 0xA2, 0x10, 0x84, 0xE2, 0x06, 0x20, 0xA0, 0xE3, 0x24, 0x61, 0x20, 0xEB
	.byte 0x0C, 0x00, 0x95, 0xE5, 0x00, 0x60, 0xA0, 0xE3, 0xA8, 0x00, 0x84, 0xE5, 0x10, 0x00, 0x95, 0xE5
	.byte 0x00, 0x10, 0x8D, 0xE2, 0xBC, 0x0A, 0xC4, 0xE1, 0x01, 0x00, 0xA0, 0xE3, 0x18, 0x00, 0x84, 0xE5
	.byte 0x06, 0x00, 0xA0, 0xE1, 0x30, 0x20, 0xA0, 0xE3, 0x91, 0x60, 0x20, 0xEB, 0xB0, 0x60, 0xCD, 0xE1
	.byte 0x10, 0x10, 0x95, 0xE5, 0x06, 0x60, 0xA0, 0xE3, 0xB6, 0x10, 0xCD, 0xE1, 0x01, 0x0C, 0x84, 0xE2
	.byte 0xBC, 0x0E, 0xD0, 0xE1, 0x14, 0x30, 0xA0, 0xE3, 0x02, 0x00, 0x50, 0xE3, 0x0A, 0x30, 0xA0, 0x13
	.byte 0x18, 0x10, 0x8D, 0xE2, 0x06, 0x20, 0xA0, 0xE1, 0x04, 0x00, 0x85, 0xE2, 0x0E, 0x30, 0xCD, 0xE5
	.byte 0x0B, 0x61, 0x20, 0xEB, 0x1E, 0x10, 0x8D, 0xE2, 0x06, 0x20, 0xA0, 0xE1, 0xE0, 0x00, 0x84, 0xE2
	.byte 0x07, 0x61, 0x20, 0xEB, 0x0C, 0x20, 0x95, 0xE5, 0x30, 0x00, 0x8D, 0xE2, 0x00, 0x10, 0x8D, 0xE2
	.byte 0x2C, 0x20, 0x8D, 0xE5, 0x54, 0xF4, 0xFF, 0xEB, 0x00, 0x40, 0xA0, 0xE1, 0x7E, 0x87, 0x20, 0xEB
	.byte 0x12, 0x10, 0xA0, 0xE3, 0xB0, 0x10, 0xC0, 0xE1, 0xB4, 0x10, 0xD4, 0xE1, 0x00, 0x00, 0x51, 0xE3
	.byte 0x00, 0x10, 0xA0, 0x03, 0x01, 0x10, 0xA0, 0x13, 0xB2, 0x10, 0xC0, 0xE1, 0xB4, 0x10, 0xD4, 0xE1
	.byte 0x00, 0x00, 0x51, 0xE3, 0x01, 0x1C, 0xA0, 0x13, 0xB4, 0x10, 0xC0, 0x11, 0xB4, 0x10, 0xD4, 0x11
	.byte 0xB6, 0x10, 0xC0, 0x11, 0x5D, 0x87, 0x20, 0xEB, 0x23, 0xDE, 0x8D, 0xE2, 0x70, 0x40, 0xBD, 0xE8
	.byte 0x1E, 0xFF, 0x2F, 0xE1, 0x70, 0x98, 0xFF, 0x02, 0x70, 0x40, 0x2D, 0xE9, 0x02, 0xDC, 0x4D, 0xE2
	.byte 0x94, 0x00, 0x9F, 0xE5, 0x13, 0x50, 0xA0, 0xE3, 0x50, 0x65, 0x90, 0xE5, 0xEE, 0x5E, 0x20, 0xEB
	.byte 0xB0, 0x10, 0xD6, 0xE1, 0x0B, 0x00, 0x51, 0xE3, 0x05, 0x00, 0x00, 0x0A, 0xEF, 0x5E, 0x20, 0xEB
	.byte 0x61, 0x87, 0x20, 0xEB, 0xB0, 0x50, 0xC0, 0xE1, 0x03, 0x10, 0xA0, 0xE3, 0xB2, 0x10, 0xC0, 0xE1
	.byte 0x15, 0x00, 0x00, 0xEA, 0x00, 0x40, 0xA0, 0xE3, 0x10, 0x40, 0x86, 0xE5, 0x08, 0x10, 0xA0, 0xE3
	.byte 0xB0, 0x10, 0xC6, 0xE1, 0xE5, 0x5E, 0x20, 0xEB, 0x00, 0x00, 0x8D, 0xE2, 0x07, 0x10, 0xA0, 0xE3
	.byte 0x91, 0xF4, 0xFF, 0xEB, 0xB4, 0x60, 0xD0, 0xE1, 0x00, 0x00, 0x56, 0xE3, 0x07, 0x00, 0x00, 0x0A
	.byte 0x51, 0x87, 0x20, 0xEB, 0xB0, 0x50, 0xC0, 0xE1, 0x01, 0x10, 0xA0, 0xE3, 0xB2, 0x10, 0xC0, 0xE1
	.byte 0x41, 0x1F, 0xA0, 0xE3, 0xB4, 0x10, 0xC0, 0xE1, 0xB6, 0x60, 0xC0, 0xE1, 0x02, 0x00, 0x00, 0xEA
	.byte 0x49, 0x87, 0x20, 0xEB, 0xB0, 0x50, 0xC0, 0xE1, 0xB2, 0x40, 0xC0, 0xE1, 0x33, 0x87, 0x20, 0xEB
	.byte 0x02, 0xDC, 0x8D, 0xE2, 0x70, 0x40, 0xBD, 0xE8, 0x1E, 0xFF, 0x2F, 0xE1, 0x70, 0x98, 0xFF, 0x02
	.byte 0x10, 0x40, 0x2D, 0xE9, 0x8C, 0x10, 0x9F, 0xE5, 0x04, 0x20, 0x90, 0xE5, 0x50, 0x35, 0x91, 0xE5
	.byte 0x00, 0x40, 0xA0, 0xE3, 0x01, 0x1C, 0x83, 0xE2, 0xB6, 0x29, 0xC1, 0xE1, 0xB6, 0x19, 0xD1, 0xE1
	.byte 0x03, 0x00, 0x51, 0xE3, 0x08, 0x00, 0x00, 0x8A, 0x81, 0x10, 0x8F, 0xE0, 0xB4, 0x10, 0xD1, 0xE1
	.byte 0x01, 0xF0, 0x8F, 0xE0, 0x04, 0x00, 0x08, 0x00, 0x08, 0x00, 0x08, 0x00, 0x02, 0x00, 0x00, 0xEA
	.byte 0x01, 0x10, 0xA0, 0xE3, 0x98, 0x11, 0x83, 0xE5, 0x00, 0x00, 0x00, 0xEA, 0x98, 0x41, 0x83, 0xE5
	.byte 0x98, 0x11, 0x93, 0xE5, 0x50, 0x20, 0xA0, 0xE3, 0x01, 0x00, 0x51, 0xE3, 0x03, 0x00, 0x00, 0x1A
	.byte 0x08, 0x00, 0x90, 0xE5, 0x67, 0x1F, 0x83, 0xE2, 0xA9, 0x60, 0x20, 0xEB, 0x02, 0x00, 0x00, 0xEA
	.byte 0x67, 0x0F, 0x83, 0xE2, 0x00, 0x10, 0xA0, 0xE3, 0x80, 0x60, 0x20, 0xEB, 0x22, 0x87, 0x20, 0xEB
	.byte 0x14, 0x10, 0xA0, 0xE3, 0xB0, 0x10, 0xC0, 0xE1, 0xB2, 0x40, 0xC0, 0xE1, 0x0B, 0x87, 0x20, 0xEB
	.byte 0x10, 0x40, 0xBD, 0xE8, 0x1E, 0xFF, 0x2F, 0xE1, 0x70, 0x98, 0xFF, 0x02, 0x70, 0x40, 0x2D, 0xE9
	.byte 0x02, 0xDC, 0x4D, 0xE2, 0xD8, 0x10, 0x9F, 0xE5, 0x00, 0x60, 0xA0, 0xE1, 0x50, 0x55, 0x91, 0xE5
	.byte 0x04, 0x10, 0x96, 0xE5, 0x01, 0x0C, 0x85, 0xE2, 0xB6, 0x19, 0xC0, 0xE1, 0xB6, 0x09, 0xD0, 0xE1
	.byte 0x00, 0x40, 0xA0, 0xE3, 0x03, 0x00, 0x50, 0xE3, 0x08, 0x00, 0x00, 0x8A, 0x80, 0x00, 0x8F, 0xE0
	.byte 0xB4, 0x00, 0xD0, 0xE1, 0x00, 0xF0, 0x8F, 0xE0, 0x04, 0x00, 0x08, 0x00, 0x08, 0x00, 0x08, 0x00
	.byte 0x02, 0x00, 0x00, 0xEA, 0x01, 0x00, 0xA0, 0xE3, 0x98, 0x01, 0x85, 0xE5, 0x00, 0x00, 0x00, 0xEA
	.byte 0x98, 0x41, 0x85, 0xE5, 0x98, 0x01, 0x95, 0xE5, 0x50, 0x20, 0xA0, 0xE3, 0x01, 0x00, 0x50, 0xE3
	.byte 0x03, 0x00, 0x00, 0x1A, 0x08, 0x00, 0x96, 0xE5, 0x67, 0x1F, 0x85, 0xE2, 0x80, 0x60, 0x20, 0xEB
	.byte 0x02, 0x00, 0x00, 0xEA, 0x67, 0x0F, 0x85, 0xE2, 0x00, 0x10, 0xA0, 0xE3, 0x57, 0x60, 0x20, 0xEB
	.byte 0x0C, 0x10, 0x96, 0xE5, 0x00, 0x00, 0x8D, 0xE2, 0xB4, 0x1C, 0xC5, 0xE1, 0xB4, 0x1C, 0xD5, 0xE1
	.byte 0x5B, 0xF4, 0xFF, 0xEB, 0xB4, 0x50, 0xD0, 0xE1, 0x00, 0x00, 0x55, 0xE3, 0x08, 0x00, 0x00, 0x0A
	.byte 0xF1, 0x86, 0x20, 0xEB, 0x14, 0x20, 0xA0, 0xE3, 0x01, 0x10, 0xA0, 0xE3, 0xB0, 0x20, 0xC0, 0xE1
	.byte 0xB2, 0x10, 0xC0, 0xE1, 0x82, 0x1F, 0x61, 0xE2, 0xB4, 0x10, 0xC0, 0xE1, 0xB6, 0x50, 0xC0, 0xE1
	.byte 0xD6, 0x86, 0x20, 0xEB, 0xE8, 0x86, 0x20, 0xEB, 0x27, 0x10, 0xA0, 0xE3, 0xB0, 0x10, 0xC0, 0xE1
	.byte 0xB2, 0x40, 0xC0, 0xE1, 0xD1, 0x86, 0x20, 0xEB, 0x02, 0xDC, 0x8D, 0xE2, 0x70, 0x40, 0xBD, 0xE8
	.byte 0x1E, 0xFF, 0x2F, 0xE1, 0x70, 0x98, 0xFF, 0x02, 0x38, 0x40, 0x2D, 0xE9, 0x0A, 0xDD, 0x4D, 0xE2
	.byte 0xE0, 0x10, 0x9F, 0xE5, 0x04, 0x20, 0x90, 0xE5, 0x50, 0x55, 0x91, 0xE5, 0x00, 0x40, 0x8D, 0xE2
	.byte 0xE8, 0x20, 0x85, 0xE5, 0x08, 0x10, 0x90, 0xE5, 0xBC, 0x1E, 0xC5, 0xE1, 0x0C, 0x10, 0x90, 0xE5
	.byte 0xF0, 0x10, 0x85, 0xE5, 0x10, 0x10, 0x90, 0xE5, 0xB4, 0x1F, 0xC5, 0xE1, 0x14, 0x00, 0x90, 0xE5
	.byte 0xFF, 0x00, 0x00, 0xE2, 0x01, 0x00, 0x10, 0xE3, 0x01, 0x10, 0xA0, 0x13, 0x00, 0x10, 0xA0, 0x03
	.byte 0xB6, 0x1F, 0xC5, 0xE1, 0x02, 0x00, 0x10, 0xE3, 0x01, 0x10, 0xA0, 0x13, 0x00, 0x10, 0xA0, 0x03
	.byte 0xBA, 0x1F, 0xC5, 0xE1, 0x04, 0x00, 0x10, 0xE3, 0x01, 0x10, 0xA0, 0x13, 0x00, 0x10, 0xA0, 0x03
	.byte 0xBC, 0x1F, 0xC5, 0xE1, 0x08, 0x00, 0x10, 0xE3, 0x01, 0x00, 0xA0, 0x13, 0x00, 0x00, 0xA0, 0x03
	.byte 0xBE, 0x0F, 0xC5, 0xE1, 0x04, 0x00, 0xA0, 0xE1, 0xE8, 0x10, 0x85, 0xE2, 0xFB, 0xEB, 0xFF, 0xEB
	.byte 0xBC, 0x1E, 0xD5, 0xE1, 0x80, 0x00, 0x8D, 0xE2, 0x10, 0x10, 0x81, 0xE2, 0x01, 0x18, 0xA0, 0xE1
	.byte 0x04, 0x20, 0xA0, 0xE1, 0x21, 0x18, 0xA0, 0xE1, 0xED, 0xF4, 0xFF, 0xEB, 0x00, 0x40, 0xA0, 0xE1
	.byte 0xB5, 0x86, 0x20, 0xEB, 0x18, 0x10, 0xA0, 0xE3, 0xB0, 0x10, 0xC0, 0xE1, 0xB4, 0x10, 0xD4, 0xE1
	.byte 0x00, 0x00, 0x51, 0xE3, 0x00, 0x10, 0xA0, 0x03, 0x01, 0x10, 0xA0, 0x13, 0xB2, 0x10, 0xC0, 0xE1
	.byte 0xB4, 0x10, 0xD4, 0xE1, 0x00, 0x00, 0x51, 0xE3, 0x1C, 0x10, 0x9F, 0x15, 0xB4, 0x10, 0xC0, 0x11
	.byte 0xB4, 0x10, 0xD4, 0x11, 0xB6, 0x10, 0xC0, 0x11, 0x94, 0x86, 0x20, 0xEB, 0x0A, 0xDD, 0x8D, 0xE2
	.byte 0x38, 0x40, 0xBD, 0xE8, 0x1E, 0xFF, 0x2F, 0xE1, 0x70, 0x98, 0xFF, 0x02, 0x45, 0x02, 0x00, 0x00
	.byte 0x10, 0x40, 0x2D, 0xE9, 0x02, 0xDC, 0x4D, 0xE2, 0x04, 0x10, 0x90, 0xE5, 0x00, 0x00, 0x8D, 0xE2
	.byte 0x01, 0x18, 0xA0, 0xE1, 0x21, 0x18, 0xA0, 0xE1, 0x8F, 0xF4, 0xFF, 0xEB, 0xB4, 0x40, 0xD0, 0xE1
	.byte 0x00, 0x00, 0x54, 0xE3, 0x08, 0x00, 0x00, 0x0A, 0x97, 0x86, 0x20, 0xEB, 0x19, 0x20, 0xA0, 0xE3
	.byte 0x01, 0x10, 0xA0, 0xE3, 0xB0, 0x20, 0xC0, 0xE1, 0xB2, 0x10, 0xC0, 0xE1, 0x85, 0x1F, 0x81, 0xE2
	.byte 0xB4, 0x10, 0xC0, 0xE1, 0xB6, 0x40, 0xC0, 0xE1, 0x04, 0x00, 0x00, 0xEA, 0x8E, 0x86, 0x20, 0xEB
	.byte 0x19, 0x10, 0xA0, 0xE3, 0xB0, 0x10, 0xC0, 0xE1, 0x00, 0x10, 0xA0, 0xE3, 0xB2, 0x10, 0xC0, 0xE1
	.byte 0x76, 0x86, 0x20, 0xEB, 0x02, 0xDC, 0x8D, 0xE2, 0x10, 0x40, 0xBD, 0xE8, 0x1E, 0xFF, 0x2F, 0xE1
	.byte 0x08, 0x40, 0x2D, 0xE9, 0x84, 0x86, 0x20, 0xEB, 0x1A, 0x10, 0xA0, 0xE3, 0xB0, 0x10, 0xC0, 0xE1
	.byte 0x04, 0x10, 0xA0, 0xE3, 0xB2, 0x10, 0xC0, 0xE1, 0x6C, 0x86, 0x20, 0xEB, 0x08, 0x40, 0xBD, 0xE8
	.byte 0x1E, 0xFF, 0x2F, 0xE1, 0x08, 0x40, 0x2D, 0xE9, 0x7B, 0x86, 0x20, 0xEB, 0x1B, 0x10, 0xA0, 0xE3
	.byte 0xB0, 0x10, 0xC0, 0xE1, 0x04, 0x10, 0xA0, 0xE3, 0xB2, 0x10, 0xC0, 0xE1, 0x63, 0x86, 0x20, 0xEB
	.byte 0x08, 0x40, 0xBD, 0xE8, 0x1E, 0xFF, 0x2F, 0xE1, 0xF8, 0x40, 0x2D, 0xE9, 0x02, 0xDC, 0x4D, 0xE2
	.byte 0x0C, 0x30, 0x90, 0xE5, 0x06, 0x00, 0x90, 0xE9, 0x10, 0x00, 0x90, 0xE5, 0x01, 0x18, 0xA0, 0xE1
	.byte 0x00, 0x48, 0xA0, 0xE1, 0x02, 0x28, 0xA0, 0xE1, 0x03, 0x38, 0xA0, 0xE1, 0xEC, 0xC0, 0x9F, 0xE5
	.byte 0x24, 0x68, 0xA0, 0xE1, 0x00, 0x00, 0x8D, 0xE2, 0x21, 0x18, 0xA0, 0xE1, 0x22, 0x28, 0xA0, 0xE1
	.byte 0x23, 0x38, 0xA0, 0xE1, 0x50, 0x45, 0x9C, 0xE5, 0x00, 0x50, 0xA0, 0xE3, 0x27, 0xF4, 0xFF, 0xEB
	.byte 0xB4, 0x70, 0xD0, 0xE1, 0x00, 0x00, 0x57, 0xE3, 0x08, 0x00, 0x00, 0x0A, 0x5E, 0x86, 0x20, 0xEB
	.byte 0x1D, 0x20, 0xA0, 0xE3, 0x01, 0x10, 0xA0, 0xE3, 0xB0, 0x20, 0xC0, 0xE1, 0xB2, 0x10, 0xC0, 0xE1
	.byte 0x21, 0x1E, 0x81, 0xE2, 0xB4, 0x10, 0xC0, 0xE1, 0xB6, 0x70, 0xC0, 0xE1, 0x23, 0x00, 0x00, 0xEA
	.byte 0x9C, 0x00, 0x9F, 0xE5, 0x00, 0x00, 0x56, 0xE1, 0x10, 0x00, 0x00, 0x0A, 0x00, 0x00, 0x56, 0xE3
	.byte 0x01, 0x10, 0xA0, 0x03, 0x05, 0x00, 0xA0, 0x01, 0x09, 0x00, 0x00, 0x0A, 0x64, 0x00, 0xA0, 0xE3
	.byte 0x96, 0x00, 0x01, 0xE0, 0x7C, 0x00, 0x9F, 0xE5, 0x91, 0x30, 0x82, 0xE0, 0x91, 0x25, 0x22, 0xE0
	.byte 0xC1, 0x1F, 0xA0, 0xE1, 0x91, 0x20, 0x22, 0xE0, 0x23, 0x13, 0xA0, 0xE1, 0x22, 0x03, 0xA0, 0xE1
	.byte 0x02, 0x1D, 0x81, 0xE1, 0xB8, 0x17, 0x84, 0xE5, 0xBC, 0x07, 0x84, 0xE5, 0x01, 0x00, 0x00, 0xEA
	.byte 0xB8, 0x57, 0x84, 0xE5, 0xBC, 0x57, 0x84, 0xE5, 0x19, 0x5B, 0x20, 0xEB, 0x00, 0x10, 0x81, 0xE3
	.byte 0x01, 0x20, 0x80, 0xE3, 0x00, 0x30, 0xA0, 0xE3, 0x83, 0x01, 0x84, 0xE0, 0x38, 0x27, 0x80, 0xE5
	.byte 0x01, 0x30, 0x83, 0xE2, 0x3C, 0x17, 0x80, 0xE5, 0x10, 0x00, 0x53, 0xE3, 0xF9, 0xFF, 0xFF, 0xBA
	.byte 0x35, 0x86, 0x20, 0xEB, 0x1D, 0x10, 0xA0, 0xE3, 0xB0, 0x10, 0xC0, 0xE1, 0xB2, 0x50, 0xC0, 0xE1
	.byte 0x1E, 0x86, 0x20, 0xEB, 0x02, 0xDC, 0x8D, 0xE2, 0xF8, 0x40, 0xBD, 0xE8, 0x1E, 0xFF, 0x2F, 0xE1
	.byte 0x70, 0x98, 0xFF, 0x02, 0xFF, 0xFF, 0x00, 0x00, 0xEA, 0x82, 0x00, 0x00, 0xF0, 0x4F, 0x2D, 0xE9
	.byte 0x85, 0xDF, 0x4D, 0xE2, 0x7C, 0x11, 0x9F, 0xE5, 0x00, 0x80, 0xA0, 0xE1, 0x50, 0xA5, 0x91, 0xE5
	.byte 0x14, 0xB0, 0x8D, 0xE2, 0xB0, 0x00, 0xDA, 0xE1, 0x02, 0x00, 0x50, 0xE3, 0x05, 0x00, 0x00, 0x0A
	.byte 0x21, 0x86, 0x20, 0xEB, 0x1E, 0x10, 0xA0, 0xE3, 0xB0, 0x10, 0xC0, 0xE1, 0x03, 0x10, 0xA0, 0xE3
	.byte 0xB2, 0x10, 0xC0, 0xE1, 0x4F, 0x00, 0x00, 0xEA, 0x0B, 0x00, 0xA0, 0xE1, 0xAC, 0xF4, 0xFF, 0xEB
	.byte 0xB4, 0x10, 0xD0, 0xE1, 0x00, 0x00, 0x51, 0xE3, 0x02, 0x00, 0x00, 0x0A, 0xC2, 0x0F, 0xA0, 0xE3
	.byte 0x4F, 0x00, 0x00, 0xEB, 0x48, 0x00, 0x00, 0xEA, 0xB6, 0x10, 0xD0, 0xE1, 0x02, 0x00, 0xA0, 0xE3
	.byte 0xB6, 0x0E, 0xCA, 0xE1, 0x10, 0x00, 0x51, 0xE3, 0x19, 0x00, 0x00, 0x1A, 0x0B, 0x10, 0xA0, 0xE1
	.byte 0x0A, 0x00, 0xA0, 0xE3, 0x7A, 0xEB, 0xFF, 0xEB, 0x00, 0x00, 0x50, 0xE3, 0x3E, 0x00, 0x00, 0x0A
	.byte 0x0B, 0x00, 0xA0, 0xE1, 0x7D, 0xF4, 0xFF, 0xEB, 0xB4, 0x10, 0xD0, 0xE1, 0x00, 0x00, 0x51, 0xE3
	.byte 0x01, 0x00, 0x00, 0x0A, 0xF0, 0x00, 0x9F, 0xE5, 0xEC, 0xFF, 0xFF, 0xEA, 0x03, 0x00, 0xA0, 0xE3
	.byte 0x01, 0x40, 0xA0, 0xE3, 0xB0, 0x00, 0xCA, 0xE1, 0x0B, 0x00, 0xA0, 0xE1, 0x04, 0x10, 0xA0, 0xE1
	.byte 0x04, 0x30, 0xA0, 0xE1, 0x00, 0x20, 0xA0, 0xE3, 0xC2, 0xF1, 0xFF, 0xEB, 0xB4, 0x10, 0xD0, 0xE1
	.byte 0x00, 0x00, 0x51, 0xE3, 0x01, 0x00, 0x00, 0x0A, 0x04, 0x00, 0xA0, 0xE1, 0xDF, 0xFF, 0xFF, 0xEA
	.byte 0xB6, 0x4C, 0xCA, 0xE1, 0xB2, 0x60, 0xD8, 0xE1, 0x04, 0x50, 0x8D, 0xE2, 0x00, 0x40, 0xA0, 0xE3
	.byte 0xB4, 0x70, 0xD8, 0xE1, 0xB6, 0x90, 0xD8, 0xE1, 0xB8, 0x80, 0xD8, 0xE1, 0x05, 0x00, 0xA0, 0xE1
	.byte 0x04, 0x10, 0xA0, 0xE1, 0x10, 0x20, 0xA0, 0xE3, 0x48, 0x5F, 0x20, 0xEB, 0x04, 0x90, 0xCD, 0xE5
	.byte 0x00, 0x50, 0x8D, 0xE5, 0x0B, 0x00, 0xA0, 0xE1, 0x06, 0x10, 0xA0, 0xE1, 0x07, 0x20, 0xA0, 0xE1
	.byte 0x08, 0x30, 0xA0, 0xE1, 0x98, 0xF2, 0xFF, 0xEB, 0xB4, 0x10, 0xD0, 0xE1, 0x00, 0x00, 0x51, 0xE3
	.byte 0x01, 0x00, 0x00, 0x0A, 0x0A, 0x00, 0xA0, 0xE3, 0xC8, 0xFF, 0xFF, 0xEA, 0xB8, 0x10, 0xD0, 0xE1
	.byte 0x0B, 0x00, 0xA0, 0xE1, 0xFF, 0x50, 0x01, 0xE2, 0x01, 0x14, 0xA0, 0xE1, 0x21, 0x68, 0xA0, 0xE1
	.byte 0x48, 0xF4, 0xFF, 0xEB, 0xB4, 0x10, 0xD0, 0xE1, 0x00, 0x00, 0x51, 0xE3, 0x01, 0x00, 0x00, 0x0A
	.byte 0x38, 0x00, 0x9F, 0xE5, 0xBD, 0xFF, 0xFF, 0xEA, 0x02, 0x00, 0xA0, 0xE3, 0xB0, 0x00, 0xCA, 0xE1
	.byte 0xD1, 0x85, 0x20, 0xEB, 0x1E, 0x10, 0xA0, 0xE3, 0xB0, 0x10, 0xC0, 0xE1, 0xB2, 0x40, 0xC0, 0xE1
	.byte 0xB8, 0x50, 0xC0, 0xE1, 0xBA, 0x60, 0xC0, 0xE1, 0xB8, 0x85, 0x20, 0xEB, 0x85, 0xDF, 0x8D, 0xE2
	.byte 0xF0, 0x4F, 0xBD, 0xE8, 0x1E, 0xFF, 0x2F, 0xE1, 0x70, 0x98, 0xFF, 0x02, 0x03, 0x03, 0x00, 0x00
	.byte 0x02, 0x03, 0x00, 0x00, 0x38, 0x40, 0x2D, 0xE9, 0x00, 0x50, 0xA0, 0xE1, 0x01, 0x40, 0xA0, 0xE1
	.byte 0xC1, 0x85, 0x20, 0xEB, 0x1E, 0x10, 0xA0, 0xE3, 0xB0, 0x10, 0xC0, 0xE1, 0x01, 0x10, 0xA0, 0xE3
	.byte 0xB2, 0x10, 0xC0, 0xE1, 0xB4, 0x50, 0xC0, 0xE1, 0xB6, 0x40, 0xC0, 0xE1, 0xA7, 0x85, 0x20, 0xEB
	.byte 0x38, 0x40, 0xBD, 0xE8, 0x1E, 0xFF, 0x2F, 0xE1, 0x10, 0x40, 0x2D, 0xE9, 0x02, 0xDC, 0x4D, 0xE2
	.byte 0x00, 0x00, 0x8D, 0xE2, 0x34, 0xF4, 0xFF, 0xEB, 0xB4, 0x40, 0xD0, 0xE1, 0x00, 0x00, 0x54, 0xE3
	.byte 0x08, 0x00, 0x00, 0x0A, 0xB0, 0x85, 0x20, 0xEB, 0x1F, 0x20, 0xA0, 0xE3, 0x01, 0x10, 0xA0, 0xE3
	.byte 0xB0, 0x20, 0xC0, 0xE1, 0xB2, 0x10, 0xC0, 0xE1, 0xC1, 0x1F, 0x81, 0xE2, 0xB4, 0x10, 0xC0, 0xE1
	.byte 0xB6, 0x40, 0xC0, 0xE1, 0x04, 0x00, 0x00, 0xEA, 0xA7, 0x85, 0x20, 0xEB, 0x1F, 0x10, 0xA0, 0xE3
	.byte 0xB0, 0x10, 0xC0, 0xE1, 0x00, 0x10, 0xA0, 0xE3, 0xB2, 0x10, 0xC0, 0xE1, 0x8F, 0x85, 0x20, 0xEB
	.byte 0x02, 0xDC, 0x8D, 0xE2, 0x10, 0x40, 0xBD, 0xE8, 0x1E, 0xFF, 0x2F, 0xE1, 0x38, 0x40, 0x2D, 0xE9
	.byte 0x02, 0xDC, 0x4D, 0xE2, 0x00, 0x00, 0x8D, 0xE2, 0x27, 0xF4, 0xFF, 0xEB, 0x00, 0x50, 0xA0, 0xE1
	.byte 0xB4, 0x40, 0xD5, 0xE1, 0x00, 0x00, 0x54, 0xE3, 0x08, 0x00, 0x00, 0x0A, 0x96, 0x85, 0x20, 0xEB
	.byte 0x20, 0x20, 0xA0, 0xE3, 0x01, 0x10, 0xA0, 0xE3, 0xB0, 0x20, 0xC0, 0xE1, 0xB2, 0x10, 0xC0, 0xE1
	.byte 0xC2, 0x1F, 0x61, 0xE2, 0xB4, 0x10, 0xC0, 0xE1, 0xB6, 0x40, 0xC0, 0xE1, 0x0A, 0x00, 0x00, 0xEA
	.byte 0x8D, 0x85, 0x20, 0xEB, 0x00, 0x40, 0xA0, 0xE1, 0x20, 0x00, 0xA0, 0xE3, 0xB0, 0x00, 0xC4, 0xE1
	.byte 0x00, 0x30, 0xA0, 0xE3, 0x08, 0x00, 0x85, 0xE2, 0x08, 0x10, 0x84, 0xE2, 0xB4, 0x20, 0xA0, 0xE3
	.byte 0xB2, 0x30, 0xC4, 0xE1, 0x84, 0x5E, 0x20, 0xEB, 0x04, 0x00, 0xA0, 0xE1, 0x6F, 0x85, 0x20, 0xEB
	.byte 0x02, 0xDC, 0x8D, 0xE2, 0x38, 0x40, 0xBD, 0xE8, 0x1E, 0xFF, 0x2F, 0xE1, 0x04, 0x00, 0x9F, 0xE5
	.byte 0x04, 0xC0, 0x9F, 0xE5, 0x1C, 0xFF, 0x2F, 0xE1, 0xB4, 0x95, 0x80, 0x03, 0xFC, 0xEA, 0x7F, 0x03
	.byte 0x04, 0x00, 0x9F, 0xE5, 0x04, 0xC0, 0x9F, 0xE5, 0x1C, 0xFF, 0x2F, 0xE1, 0xB4, 0x95, 0x80, 0x03
	.byte 0xB0, 0xEC, 0x7F, 0x03, 0x1C, 0x40, 0x2D, 0xE9, 0x8C, 0x10, 0x9F, 0xE5, 0x8C, 0x00, 0x9F, 0xE5
	.byte 0x50, 0x45, 0x91, 0xE5, 0xB6, 0x1E, 0xD4, 0xE1, 0x01, 0x00, 0x51, 0xE3, 0x0B, 0x00, 0x00, 0x1A
	.byte 0x00, 0x10, 0x90, 0xE5, 0x00, 0x00, 0x51, 0xE3, 0x00, 0x00, 0x00, 0x0A, 0x47, 0x5C, 0x20, 0xEB
	.byte 0x68, 0x00, 0x9F, 0xE5, 0xCB, 0x10, 0xA0, 0xE3, 0x03, 0xC0, 0xA0, 0xE3, 0x60, 0x30, 0x9F, 0xE5
	.byte 0x3C, 0x20, 0x81, 0xE2, 0x00, 0xC0, 0x8D, 0xE5, 0xD8, 0x5B, 0x20, 0xEB, 0x10, 0x00, 0x00, 0xEA
	.byte 0x02, 0x00, 0x51, 0xE3, 0x0E, 0x00, 0x00, 0x1A, 0x00, 0x10, 0xA0, 0xE3, 0x1C, 0x10, 0x84, 0xE5
	.byte 0x00, 0x10, 0x90, 0xE5, 0x00, 0x00, 0x51, 0xE3, 0x00, 0x00, 0x00, 0x0A, 0x37, 0x5C, 0x20, 0xEB
	.byte 0x28, 0x00, 0x9F, 0xE5, 0x01, 0x20, 0xA0, 0xE3, 0xC8, 0x10, 0xA0, 0xE3, 0x24, 0x30, 0x9F, 0xE5
	.byte 0x00, 0x20, 0x8D, 0xE5, 0x3F, 0x20, 0x81, 0xE2, 0xC8, 0x5B, 0x20, 0xEB, 0x00, 0x00, 0xA0, 0xE3
	.byte 0xD8, 0x00, 0x84, 0xE5, 0x1C, 0x40, 0xBD, 0xE8, 0x1E, 0xFF, 0x2F, 0xE1, 0x70, 0x98, 0xFF, 0x02
	.byte 0xB4, 0x95, 0x80, 0x03, 0x2C, 0x7F, 0xFE, 0x02, 0x0C, 0x7C, 0xFE, 0x02, 0x38, 0x40, 0x2D, 0xE9
	.byte 0x1C, 0x11, 0x9F, 0xE5, 0x1C, 0x21, 0x9F, 0xE5, 0x50, 0x05, 0x91, 0xE5, 0xB0, 0x30, 0xD2, 0xE1
	.byte 0x00, 0xC0, 0xA0, 0xE3, 0xD0, 0x30, 0x80, 0xE5, 0xD4, 0x20, 0x90, 0xE5, 0x03, 0x00, 0x52, 0xE1
	.byte 0x2A, 0x00, 0x00, 0x0A, 0xD4, 0x30, 0x80, 0xE5, 0x50, 0x15, 0x91, 0xE5, 0xF8, 0x30, 0x9F, 0xE5
	.byte 0xD0, 0x20, 0x91, 0xE5, 0x02, 0x23, 0xA0, 0xE1, 0xD0, 0x20, 0x81, 0xE5, 0xB0, 0x20, 0xD3, 0xE1
	.byte 0xB2, 0x50, 0xD3, 0xE1, 0xB0, 0xE0, 0xD3, 0xE1, 0x0E, 0x00, 0x52, 0xE1, 0xB2, 0x50, 0xD3, 0x81
	.byte 0xD8, 0x30, 0x9F, 0xE5, 0xD8, 0x20, 0x9F, 0xE5, 0xB0, 0x40, 0xD3, 0xE1, 0x05, 0x58, 0x8E, 0xE1
	.byte 0x04, 0xE0, 0x42, 0xE0, 0xCC, 0x30, 0x9F, 0xE5, 0xD0, 0x20, 0x91, 0xE5, 0x03, 0x40, 0x05, 0xE0
	.byte 0x8E, 0xE3, 0x6E, 0xE0, 0x84, 0xE0, 0x8E, 0xE0, 0xAE, 0x50, 0x03, 0xE0, 0x05, 0x00, 0x52, 0xE1
	.byte 0xD8, 0xC0, 0x81, 0x85, 0x11, 0x00, 0x00, 0x8A, 0x01, 0x40, 0xA0, 0xE3, 0x0C, 0x00, 0x00, 0xEA
	.byte 0xD0, 0x20, 0x91, 0xE5, 0x4B, 0x20, 0x82, 0xE2, 0x41, 0x3C, 0x82, 0xE2, 0xD0, 0x30, 0x81, 0xE5
	.byte 0x05, 0x00, 0x53, 0xE1, 0x05, 0x00, 0x00, 0x9A, 0x8C, 0x20, 0x9F, 0xE5, 0x05, 0x30, 0x43, 0xE0
	.byte 0xD8, 0x30, 0x81, 0xE5, 0x02, 0x00, 0x53, 0xE1, 0xD8, 0xC0, 0x81, 0x85, 0x03, 0x00, 0x00, 0xEA
	.byte 0x01, 0x40, 0x84, 0xE2, 0x1E, 0x00, 0x54, 0xE3, 0xF0, 0xFF, 0xFF, 0xBA, 0xD8, 0xC0, 0x81, 0xE5
	.byte 0xD8, 0x10, 0x90, 0xE5, 0x7F, 0x00, 0x51, 0xE3, 0x06, 0x00, 0x00, 0x9A, 0x5C, 0x00, 0x9F, 0xE5
	.byte 0xD0, 0x10, 0xA0, 0xE3, 0x02, 0xC0, 0xA0, 0xE3, 0x54, 0x30, 0x9F, 0xE5, 0x37, 0x20, 0x81, 0xE2
	.byte 0x00, 0xC0, 0x8D, 0xE5, 0x07, 0x00, 0x00, 0xEA, 0x01, 0x20, 0xA0, 0xE3, 0x1C, 0x20, 0x80, 0xE5
	.byte 0x04, 0x10, 0xA0, 0xE3, 0x00, 0x10, 0x8D, 0xE5, 0xF2, 0x14, 0xD0, 0xE1, 0x2C, 0x00, 0x9F, 0xE5
	.byte 0x30, 0x30, 0x9F, 0xE5, 0x42, 0x2F, 0x62, 0xE2, 0x78, 0x5B, 0x20, 0xEB, 0x38, 0x40, 0xBD, 0xE8
	.byte 0x1E, 0xFF, 0x2F, 0xE1, 0x70, 0x98, 0xFF, 0x02, 0xF0, 0xFF, 0x80, 0x03, 0xF8, 0x80, 0x80, 0x04
	.byte 0x06, 0x00, 0x00, 0x04, 0x07, 0x01, 0x00, 0x00, 0xC0, 0xFF, 0x3F, 0x00, 0x0E, 0x40, 0x00, 0x00
	.byte 0xB4, 0x95, 0x80, 0x03, 0x5C, 0x7D, 0xFE, 0x02, 0x1C, 0x7E, 0xFE, 0x02, 0x08, 0x40, 0x2D, 0xE9
	.byte 0xA0, 0x10, 0x9F, 0xE5, 0xA0, 0x00, 0x9F, 0xE5, 0xB0, 0xC0, 0xD1, 0xE1, 0x50, 0x05, 0x90, 0xE5
	.byte 0xD0, 0x00, 0x5C, 0xE3, 0x16, 0x00, 0x00, 0xBA, 0xD2, 0x00, 0x5C, 0xE3, 0x14, 0x00, 0x00, 0xAA
	.byte 0xD8, 0x10, 0x90, 0xE5, 0x7F, 0x00, 0x51, 0xE3, 0x11, 0x00, 0x00, 0x3A, 0x01, 0x30, 0xA0, 0xE3
	.byte 0x05, 0x00, 0x00, 0xEA, 0xD8, 0x20, 0x90, 0xE5, 0x03, 0x13, 0x63, 0xE0, 0x7F, 0x10, 0x81, 0xE2
	.byte 0x01, 0x00, 0x52, 0xE1, 0x02, 0x00, 0x00, 0x3A, 0x01, 0x30, 0x83, 0xE2, 0x07, 0x00, 0x53, 0xE3
	.byte 0xF7, 0xFF, 0xFF, 0xBA, 0x4C, 0x10, 0x9F, 0xE5, 0x01, 0x20, 0x63, 0xE2, 0x02, 0x20, 0x8C, 0xE0
	.byte 0xB0, 0x20, 0xC1, 0xE1, 0xD8, 0x20, 0x90, 0xE5, 0x03, 0x13, 0x63, 0xE0, 0x01, 0x10, 0x42, 0xE0
	.byte 0xD8, 0x10, 0x80, 0xE5, 0xD8, 0x10, 0x90, 0xE5, 0x30, 0x20, 0x9F, 0xE5, 0x7F, 0x00, 0x51, 0xE3
	.byte 0x00, 0x10, 0xA0, 0x23, 0x1C, 0x10, 0x80, 0x25, 0x04, 0x10, 0xA0, 0xE3, 0x00, 0x10, 0x8D, 0xE5
	.byte 0xF2, 0x14, 0xD0, 0xE1, 0x18, 0x00, 0x9F, 0xE5, 0x18, 0x30, 0x9F, 0xE5, 0x43, 0x5B, 0x20, 0xEB
	.byte 0x08, 0x40, 0xBD, 0xE8, 0x1E, 0xFF, 0x2F, 0xE1, 0x06, 0x00, 0x00, 0x04, 0x70, 0x98, 0xFF, 0x02
	.byte 0x07, 0x01, 0x00, 0x00, 0xB4, 0x95, 0x80, 0x03, 0x1C, 0x7E, 0xFE, 0x02, 0x7C, 0x40, 0x2D, 0xE9
	.byte 0xF4, 0x00, 0x9F, 0xE5, 0x50, 0x65, 0x90, 0xE5, 0x0C, 0x00, 0x96, 0xE5, 0x01, 0x00, 0x50, 0xE3
	.byte 0x37, 0x00, 0x00, 0x1A, 0xE4, 0x00, 0x9F, 0xE5, 0x01, 0x40, 0xA0, 0xE3, 0xC8, 0x10, 0xA0, 0xE3
	.byte 0xDC, 0x30, 0x9F, 0xE5, 0x00, 0x40, 0x8D, 0xE5, 0x3F, 0x20, 0x81, 0xE2, 0x2F, 0x5B, 0x20, 0xEB
	.byte 0xBC, 0x07, 0x96, 0xE5, 0xB8, 0x17, 0x96, 0xE5, 0x00, 0x00, 0x50, 0xE3, 0x00, 0x00, 0x51, 0x03
	.byte 0x00, 0x50, 0xA0, 0xE3, 0x29, 0x00, 0x00, 0x0A, 0x8D, 0x59, 0x20, 0xEB, 0x3C, 0x27, 0x96, 0xE5
	.byte 0x38, 0x37, 0x96, 0xE5, 0x05, 0x00, 0x52, 0xE1, 0x05, 0x00, 0x53, 0x01, 0x05, 0xC0, 0x81, 0xE1
	.byte 0x04, 0x00, 0x80, 0xE1, 0x21, 0x00, 0x00, 0x0A, 0xB8, 0x17, 0x96, 0xE5, 0x03, 0x30, 0x50, 0xE0
	.byte 0xBC, 0x07, 0x96, 0xE5, 0x02, 0x20, 0xCC, 0xE0, 0x00, 0x00, 0x52, 0xE1, 0x01, 0x00, 0x53, 0x01
	.byte 0x1A, 0x00, 0x00, 0x9A, 0x38, 0x57, 0x86, 0xE5, 0x3C, 0x57, 0x86, 0xE5, 0xD5, 0xEA, 0xFF, 0xEB
	.byte 0x00, 0x10, 0xB0, 0xE1, 0x08, 0x00, 0x00, 0x0A, 0x25, 0x00, 0xA0, 0xE3, 0x00, 0x00, 0x81, 0xE5
	.byte 0x60, 0x00, 0x9F, 0xE5, 0x04, 0x50, 0x81, 0xE5, 0x02, 0x39, 0x84, 0xE2, 0x05, 0x20, 0xA0, 0xE1
	.byte 0x08, 0x30, 0x81, 0xE5, 0x98, 0x55, 0x20, 0xEB, 0x00, 0x50, 0xA0, 0xE1, 0x00, 0x00, 0x55, 0xE3
	.byte 0x0B, 0x00, 0x00, 0x1A, 0x94, 0x84, 0x20, 0xEB, 0x80, 0x10, 0xA0, 0xE3, 0xB0, 0x10, 0xC0, 0xE1
	.byte 0x08, 0x10, 0xA0, 0xE3, 0xB2, 0x10, 0xC0, 0xE1, 0x16, 0x10, 0xA0, 0xE3, 0xB4, 0x10, 0xC0, 0xE1
	.byte 0x25, 0x10, 0xA0, 0xE3, 0xB6, 0x10, 0xC0, 0xE1, 0x78, 0x84, 0x20, 0xEB, 0x00, 0x00, 0x00, 0xEA
	.byte 0x46, 0x00, 0x00, 0xEB, 0x7C, 0x40, 0xBD, 0xE8, 0x1E, 0xFF, 0x2F, 0xE1, 0x70, 0x98, 0xFF, 0x02
	.byte 0xB4, 0x95, 0x80, 0x03, 0x0C, 0x7C, 0xFE, 0x02, 0xF8, 0x88, 0xFF, 0x02, 0x08, 0x40, 0x2D, 0xE9
	.byte 0x94, 0x00, 0x9F, 0xE5, 0x50, 0x05, 0x90, 0xE5, 0xBC, 0x1D, 0xD0, 0xE1, 0x3C, 0x00, 0x51, 0xE3
	.byte 0x08, 0x00, 0x00, 0x3A, 0x84, 0x20, 0x9F, 0xE5, 0xB0, 0x10, 0xD2, 0xE1, 0xCB, 0x00, 0x51, 0xE3
	.byte 0x06, 0x00, 0x00, 0xBA, 0xD2, 0x00, 0x51, 0xE3, 0xB0, 0x10, 0xC2, 0xB1, 0x00, 0x10, 0xA0, 0xB3
	.byte 0xBC, 0x1D, 0xC0, 0xB1, 0x01, 0x00, 0x00, 0xEA, 0x01, 0x10, 0x81, 0xE2, 0xBC, 0x1D, 0xC0, 0xE1
	.byte 0x58, 0x10, 0x9F, 0xE5, 0x58, 0x20, 0x9F, 0xE5, 0xB0, 0xE0, 0xD1, 0xE1, 0xB0, 0x10, 0xD2, 0xE1
	.byte 0xB2, 0x30, 0xD2, 0xE1, 0xB0, 0xC0, 0xD2, 0xE1, 0x0C, 0x00, 0x51, 0xE1, 0xB2, 0x30, 0xD2, 0x81
	.byte 0x40, 0x10, 0x9F, 0xE5, 0x03, 0x38, 0x8C, 0xE1, 0x8E, 0x23, 0x6E, 0xE0, 0x83, 0x20, 0x62, 0xE0
	.byte 0xA2, 0x33, 0xA0, 0xE1, 0xB0, 0x30, 0xC1, 0xE1, 0x05, 0x20, 0xA0, 0xE3, 0x00, 0x20, 0x8D, 0xE5
	.byte 0xF0, 0x14, 0xD0, 0xE1, 0x20, 0x00, 0x9F, 0xE5, 0x20, 0x30, 0x9F, 0xE5, 0x43, 0x2F, 0x62, 0xE2
	.byte 0xD2, 0x5A, 0x20, 0xEB, 0x08, 0x40, 0xBD, 0xE8, 0x1E, 0xFF, 0x2F, 0xE1, 0x70, 0x98, 0xFF, 0x02
	.byte 0x06, 0x00, 0x00, 0x04, 0xF8, 0x80, 0x80, 0x04, 0xF0, 0xFF, 0x80, 0x03, 0xB4, 0x95, 0x80, 0x03
	.byte 0xE4, 0x7F, 0xFE, 0x02, 0x08, 0x40, 0x2D, 0xE9, 0x34, 0x00, 0x9F, 0xE5, 0x50, 0x05, 0x90, 0xE5
	.byte 0x0C, 0x00, 0x90, 0xE5, 0x01, 0x00, 0x50, 0xE3, 0x07, 0x00, 0x00, 0x1A, 0x24, 0x00, 0x9F, 0xE5
	.byte 0xCB, 0x10, 0xA0, 0xE3, 0x03, 0xC0, 0xA0, 0xE3, 0x1C, 0x30, 0x9F, 0xE5, 0x3C, 0x20, 0x81, 0xE2
	.byte 0x00, 0xC0, 0x8D, 0xE5, 0xBD, 0x5A, 0x20, 0xEB, 0x04, 0x00, 0x00, 0xEB, 0x08, 0x40, 0xBD, 0xE8
	.byte 0x1E, 0xFF, 0x2F, 0xE1, 0x70, 0x98, 0xFF, 0x02, 0xB4, 0x95, 0x80, 0x03, 0x2C, 0x7F, 0xFE, 0x02
	.byte 0x70, 0x40, 0x2D, 0xE9, 0x9C, 0x00, 0x9F, 0xE5, 0x00, 0x40, 0xA0, 0xE3, 0x50, 0x65, 0x90, 0xE5
	.byte 0x94, 0x50, 0x9F, 0xE5, 0xC4, 0x5B, 0x20, 0xEB, 0xBE, 0x1C, 0xD6, 0xE1, 0x01, 0x00, 0x51, 0xE3
	.byte 0x01, 0x00, 0x00, 0x1A, 0xC5, 0x5B, 0x20, 0xEB, 0x1C, 0x00, 0x00, 0xEA, 0x01, 0x10, 0xA0, 0xE3
	.byte 0xBE, 0x1C, 0xC6, 0xE1, 0xC1, 0x5B, 0x20, 0xEB, 0x66, 0xEA, 0xFF, 0xEB, 0x00, 0x10, 0xB0, 0xE1
	.byte 0x04, 0x00, 0xA0, 0x01, 0x04, 0x00, 0x00, 0x0A, 0x1C, 0x30, 0xA0, 0xE3, 0x88, 0x00, 0x85, 0xE2
	.byte 0x04, 0x20, 0xA0, 0xE1, 0x00, 0x30, 0x81, 0xE5, 0x2B, 0x55, 0x20, 0xEB, 0x00, 0x00, 0x50, 0xE3
	.byte 0x0E, 0x00, 0x00, 0x1A, 0xBE, 0x4C, 0xC6, 0xE1, 0x01, 0x0A, 0x85, 0xE2, 0x4C, 0x05, 0x90, 0xE5
	.byte 0x00, 0x00, 0x50, 0xE3, 0x09, 0x00, 0x00, 0x0A, 0x23, 0x84, 0x20, 0xEB, 0x80, 0x10, 0xA0, 0xE3
	.byte 0xB0, 0x10, 0xC0, 0xE1, 0x08, 0x10, 0xA0, 0xE3, 0xB2, 0x10, 0xC0, 0xE1, 0x16, 0x10, 0xA0, 0xE3
	.byte 0xB4, 0x10, 0xC0, 0xE1, 0x1C, 0x10, 0xA0, 0xE3, 0xB6, 0x10, 0xC0, 0xE1, 0x07, 0x84, 0x20, 0xEB
	.byte 0x70, 0x40, 0xBD, 0xE8, 0x1E, 0xFF, 0x2F, 0xE1, 0x70, 0x98, 0xFF, 0x02, 0x70, 0x88, 0xFF, 0x02
	.byte 0x70, 0x40, 0x2D, 0xE9, 0x6C, 0x01, 0x9F, 0xE5, 0x00, 0x50, 0xA0, 0xE3, 0x50, 0x65, 0x90, 0xE5
	.byte 0x01, 0x40, 0xA0, 0xE3, 0xBE, 0x5C, 0xC6, 0xE1, 0xB8, 0x48, 0xC6, 0xE1, 0xB0, 0x0C, 0xD6, 0xE1
	.byte 0x01, 0x00, 0x40, 0xE2, 0xB0, 0x0C, 0xC6, 0xE1, 0xB0, 0x0C, 0xD6, 0xE1, 0x00, 0x00, 0x50, 0xE3
	.byte 0x0C, 0x00, 0x00, 0x1A, 0xBE, 0x1B, 0xD6, 0xE1, 0x01, 0x08, 0x64, 0xE2, 0x00, 0x00, 0x51, 0xE1
	.byte 0x04, 0x00, 0xA0, 0x03, 0xBE, 0x0B, 0xC6, 0x01, 0xBE, 0x0B, 0xD6, 0xE1, 0xFF, 0x00, 0x00, 0xE2
	.byte 0xC0, 0xE9, 0xFF, 0xEB, 0xDE, 0xE9, 0xFF, 0xEB, 0x1C, 0x11, 0x9F, 0xE5, 0xBC, 0x0B, 0xC6, 0xE1
	.byte 0xBE, 0x1B, 0xC6, 0xE1, 0xB0, 0x4C, 0xC6, 0xE1, 0xB0, 0x00, 0xD6, 0xE1, 0x09, 0x00, 0x50, 0xE3
	.byte 0x33, 0x00, 0x00, 0x1A, 0x80, 0x5B, 0x20, 0xEB, 0x01, 0x1C, 0x86, 0xE2, 0xB2, 0x18, 0xD1, 0xE1
	.byte 0x00, 0x00, 0x51, 0xE3, 0x02, 0x00, 0x00, 0x1A, 0xB2, 0x56, 0xC6, 0xE1, 0x7F, 0x5B, 0x20, 0xEB
	.byte 0x36, 0x00, 0x00, 0xEA, 0xF2, 0x36, 0xD6, 0xE1, 0x01, 0x10, 0xA0, 0xE3, 0x00, 0x00, 0x53, 0xE3
	.byte 0xF4, 0x26, 0xD6, 0xC1, 0x00, 0x00, 0x52, 0xC3, 0x00, 0x10, 0xA0, 0xC3, 0x00, 0x00, 0x53, 0xE3
	.byte 0xB2, 0x56, 0xC6, 0xB1, 0x07, 0x2C, 0x86, 0xE2, 0xF2, 0x36, 0xD6, 0xE1, 0xF2, 0x2C, 0xD2, 0xE1
	.byte 0x02, 0x20, 0x83, 0xE0, 0xB2, 0x26, 0xC6, 0xE1, 0xF2, 0x26, 0xD6, 0xE1, 0x01, 0x0C, 0x52, 0xE3
	.byte 0x01, 0x2C, 0xA0, 0xC3, 0xB2, 0x26, 0xC6, 0xC1, 0x07, 0x2C, 0x86, 0xE2, 0xB4, 0x2C, 0xD2, 0xE1
	.byte 0x00, 0x00, 0x51, 0xE3, 0xB4, 0x26, 0xC6, 0xE1, 0xF2, 0x16, 0xD6, 0x11, 0x00, 0x00, 0x51, 0x13
	.byte 0xF4, 0x16, 0xD6, 0xC1, 0x00, 0x00, 0x51, 0xC3, 0x01, 0x50, 0xA0, 0xC3, 0x00, 0x50, 0xA0, 0xD3
	.byte 0x62, 0x5B, 0x20, 0xEB, 0x00, 0x00, 0x55, 0xE3, 0x01, 0x00, 0x00, 0x0A, 0x68, 0x00, 0x9F, 0xE5
	.byte 0x9C, 0x01, 0x00, 0xEB, 0x07, 0x0C, 0x86, 0xE2, 0xB6, 0x0C, 0xD0, 0xE1, 0x01, 0x00, 0x50, 0xE3
	.byte 0xB0, 0x0A, 0xD6, 0x01, 0x01, 0x00, 0x40, 0x02, 0xB0, 0x0A, 0xC6, 0x01, 0xB0, 0x0A, 0xD6, 0x01
	.byte 0x00, 0x00, 0x50, 0x03, 0xBE, 0x49, 0xC6, 0x01, 0x3C, 0x00, 0xA0, 0x03, 0xB0, 0x0A, 0xC6, 0x01
	.byte 0x0A, 0x00, 0x00, 0xEA, 0x0A, 0x00, 0x50, 0xE3, 0x08, 0x00, 0x00, 0x1A, 0x4A, 0x5B, 0x20, 0xEB
	.byte 0x34, 0x17, 0x96, 0xE5, 0x01, 0x00, 0x51, 0xE3, 0xB0, 0x56, 0xC6, 0x11, 0x01, 0x50, 0xA0, 0x13
	.byte 0x4A, 0x5B, 0x20, 0xEB, 0x01, 0x00, 0x55, 0xE3, 0x00, 0x00, 0x00, 0x1A, 0x55, 0x00, 0x00, 0xEB
	.byte 0x70, 0x40, 0xBD, 0xE8, 0x1E, 0xFF, 0x2F, 0xE1, 0x70, 0x98, 0xFF, 0x02, 0xFF, 0xFF, 0x00, 0x00
	.byte 0x08, 0x40, 0x2D, 0xE9, 0x24, 0x10, 0x9F, 0xE5, 0x50, 0x15, 0x91, 0xE5, 0xB0, 0x10, 0xD1, 0xE1
	.byte 0x09, 0x00, 0x51, 0xE3, 0x03, 0x00, 0x00, 0x1A, 0x04, 0x00, 0x90, 0xE5, 0x00, 0x08, 0xA0, 0xE1
	.byte 0x20, 0x08, 0xA0, 0xE1, 0x77, 0x01, 0x00, 0xEB, 0x08, 0x40, 0xBD, 0xE8, 0x1E, 0xFF, 0x2F, 0xE1
	.byte 0x70, 0x98, 0xFF, 0x02, 0x08, 0x40, 0x2D, 0xE9, 0x18, 0x00, 0x9F, 0xE5, 0x50, 0x05, 0x90, 0xE5
	.byte 0xB0, 0x00, 0xD0, 0xE1, 0x0A, 0x00, 0x50, 0xE3, 0x00, 0x00, 0x00, 0x1A, 0x3D, 0x00, 0x00, 0xEB
	.byte 0x08, 0x40, 0xBD, 0xE8, 0x1E, 0xFF, 0x2F, 0xE1, 0x70, 0x98, 0xFF, 0x02, 0x08, 0x40, 0x2D, 0xE9
	.byte 0x24, 0x10, 0x9F, 0xE5, 0x50, 0x15, 0x91, 0xE5, 0xB0, 0x10, 0xD1, 0xE1, 0x09, 0x00, 0x51, 0xE3
	.byte 0x03, 0x00, 0x00, 0x1A, 0x04, 0x00, 0x90, 0xE5, 0x00, 0x08, 0xA0, 0xE1, 0x20, 0x08, 0xA0, 0xE1
	.byte 0xD3, 0x03, 0x00, 0xEB, 0x08, 0x40, 0xBD, 0xE8, 0x1E, 0xFF, 0x2F, 0xE1, 0x70, 0x98, 0xFF, 0x02
	.byte 0x38, 0x40, 0x2D, 0xE9, 0xA4, 0x00, 0x9F, 0xE5, 0x50, 0x55, 0x90, 0xE5, 0xC7, 0x0F, 0x85, 0xE2
	.byte 0x01, 0x0B, 0x80, 0xE2, 0x21, 0x55, 0x20, 0xEB, 0x00, 0x40, 0xA0, 0xE3, 0x04, 0x00, 0xA0, 0xE1
	.byte 0xBE, 0x1F, 0x85, 0xE2, 0x01, 0x2B, 0xA0, 0xE3, 0x81, 0x5C, 0x20, 0xEB, 0x01, 0x00, 0x84, 0xE2
	.byte 0x00, 0x08, 0xA0, 0xE1, 0x84, 0x12, 0x85, 0xE0, 0x20, 0x48, 0xA0, 0xE1, 0x02, 0x0C, 0x81, 0xE2
	.byte 0xB8, 0x4F, 0xC0, 0xE1, 0x1F, 0x00, 0x54, 0xE3, 0xF7, 0xFF, 0xFF, 0x3A, 0x60, 0x20, 0x9F, 0xE5
	.byte 0x84, 0x02, 0x85, 0xE0, 0x02, 0x0C, 0x80, 0xE2, 0xB8, 0x2F, 0xC0, 0xE1, 0x06, 0x0C, 0x85, 0xE2
	.byte 0x00, 0x30, 0xA0, 0xE3, 0xB8, 0x3F, 0xC0, 0xE1, 0xBA, 0x4F, 0xC0, 0xE1, 0x03, 0x11, 0x85, 0xE0
	.byte 0x07, 0x0C, 0x81, 0xE2, 0xBC, 0x20, 0xC0, 0xE1, 0xBE, 0x20, 0xC0, 0xE1, 0x06, 0x0C, 0x81, 0xE2
	.byte 0x01, 0x10, 0x83, 0xE2, 0xBC, 0x2F, 0xC0, 0xE1, 0x01, 0x18, 0xA0, 0xE1, 0x21, 0x38, 0xA0, 0xE1
	.byte 0xBE, 0x2F, 0xC0, 0xE1, 0x04, 0x00, 0x53, 0xE3, 0xF3, 0xFF, 0xFF, 0x3A, 0xC7, 0x0F, 0x85, 0xE2
	.byte 0x01, 0x0B, 0x80, 0xE2, 0x12, 0x55, 0x20, 0xEB, 0x38, 0x40, 0xBD, 0xE8, 0x1E, 0xFF, 0x2F, 0xE1
	.byte 0x70, 0x98, 0xFF, 0x02, 0xFF, 0xFF, 0x00, 0x00, 0xF0, 0x4F, 0x2D, 0xE9, 0x97, 0xDF, 0x4D, 0xE2
	.byte 0xA8, 0x04, 0x9F, 0xE5, 0x50, 0x95, 0x90, 0xE5, 0x01, 0x1C, 0x89, 0xE2, 0xB2, 0x08, 0xD1, 0xE1
	.byte 0x00, 0x00, 0x50, 0xE3, 0x22, 0x01, 0x00, 0x0A, 0x00, 0x00, 0xA0, 0xE3, 0xB8, 0x05, 0xCD, 0xE1
	.byte 0xB8, 0xA3, 0xD9, 0xE1, 0xB0, 0x38, 0xD9, 0xE1, 0x10, 0x00, 0x8D, 0xE5, 0x1F, 0x00, 0x8A, 0xE2
	.byte 0x1F, 0x20, 0xC0, 0xE3, 0x58, 0x00, 0x8D, 0xE2, 0x02, 0x00, 0x53, 0xE1, 0x7C, 0x80, 0x99, 0xE5
	.byte 0x30, 0x00, 0x8D, 0xE5, 0x01, 0x70, 0xA0, 0xB3, 0x08, 0x01, 0x00, 0xBA, 0xB8, 0x08, 0xD1, 0xE1
	.byte 0x10, 0x00, 0x50, 0xE3, 0x01, 0x70, 0xA0, 0x23, 0x04, 0x01, 0x00, 0x2A, 0xB0, 0x00, 0xD9, 0xE1
	.byte 0x09, 0x00, 0x50, 0xE3, 0x01, 0x00, 0xA0, 0x03, 0x10, 0x00, 0x8D, 0x05, 0x02, 0x00, 0x00, 0x0A
	.byte 0x0A, 0x00, 0x50, 0xE3, 0x01, 0x70, 0xA0, 0x13, 0xFC, 0x00, 0x00, 0x1A, 0x30, 0x00, 0x9D, 0xE5
	.byte 0x00, 0x60, 0xA0, 0xE3, 0x00, 0x00, 0x5A, 0xE3, 0xB0, 0x60, 0xC0, 0xE1, 0x01, 0x70, 0xA0, 0xB3
	.byte 0xF6, 0x00, 0x00, 0xBA, 0x01, 0x00, 0xA0, 0xE3, 0x14, 0x00, 0x8D, 0xE5, 0x10, 0x00, 0x9D, 0xE5
	.byte 0x00, 0x00, 0x50, 0xE3, 0x04, 0x00, 0x00, 0x0A, 0x07, 0x0C, 0x89, 0xE2, 0xB6, 0x0C, 0xD0, 0xE1
	.byte 0x00, 0x00, 0x50, 0xE3, 0x14, 0x60, 0x8D, 0x15, 0x00, 0x00, 0x00, 0xEA, 0x14, 0x60, 0x8D, 0xE5
	.byte 0xC7, 0x0F, 0x89, 0xE2, 0x00, 0x10, 0xA0, 0xE3, 0x01, 0x0B, 0x80, 0xE2, 0x0C, 0x10, 0x8D, 0xE5
	.byte 0x01, 0x70, 0xA0, 0xE3, 0xC1, 0x54, 0x20, 0xEB, 0x34, 0x07, 0x99, 0xE5, 0x01, 0x00, 0x50, 0xE3
	.byte 0x03, 0x00, 0x00, 0x1A, 0xC7, 0x0F, 0x89, 0xE2, 0x01, 0x0B, 0x80, 0xE2, 0xD0, 0x54, 0x20, 0xEB
	.byte 0xDE, 0x00, 0x00, 0xEA, 0xBE, 0x0F, 0x89, 0xE2, 0x0C, 0xB0, 0x9D, 0xE5, 0x34, 0x77, 0x89, 0xE5
	.byte 0x18, 0x00, 0x8D, 0xE5, 0xD1, 0x00, 0x00, 0xEA, 0xC3, 0x0F, 0x89, 0xE2, 0x0B, 0x11, 0xA0, 0xE1
	.byte 0x01, 0x0B, 0x80, 0xE2, 0xB1, 0x50, 0x90, 0xE1, 0x0B, 0x01, 0x80, 0xE0, 0x1C, 0x00, 0x8D, 0xE5
	.byte 0xBF, 0x0F, 0x89, 0xE2, 0x01, 0x0B, 0x80, 0xE2, 0x0B, 0x01, 0x80, 0xE0, 0x20, 0x00, 0x8D, 0xE5
	.byte 0x1C, 0x00, 0x9D, 0xE5, 0x24, 0x00, 0x8D, 0xE5, 0x74, 0x03, 0x9F, 0xE5, 0x28, 0x00, 0x8D, 0xE5
	.byte 0x34, 0x00, 0x8D, 0xE5, 0x38, 0x00, 0x8D, 0xE5, 0x01, 0x0C, 0x89, 0xE2, 0x3C, 0x00, 0x8D, 0xE5
	.byte 0x28, 0x00, 0x9D, 0xE5, 0x02, 0x09, 0x40, 0xE2, 0x40, 0x00, 0x8D, 0xE5, 0x28, 0x00, 0x9D, 0xE5
	.byte 0x44, 0x00, 0x8D, 0xE5, 0x07, 0x0C, 0x89, 0xE2, 0x48, 0x00, 0x8D, 0xE5, 0x28, 0x00, 0x9D, 0xE5
	.byte 0x4C, 0x00, 0x8D, 0xE5, 0x50, 0x00, 0x8D, 0xE5, 0x54, 0x00, 0x8D, 0xE5, 0xAD, 0x00, 0x00, 0xEA
	.byte 0x18, 0x00, 0x9D, 0xE5, 0x0C, 0x20, 0x9D, 0xE5, 0x85, 0x42, 0x80, 0xE0, 0xB2, 0x00, 0xD4, 0xE1
	.byte 0x01, 0x10, 0xA0, 0xE3, 0x08, 0x00, 0x8D, 0xE5, 0x11, 0x00, 0x12, 0xE1, 0x94, 0x00, 0x00, 0x1A
	.byte 0x14, 0x00, 0x9D, 0xE5, 0x00, 0x00, 0x50, 0xE3, 0x08, 0x00, 0x9D, 0xE5, 0x11, 0x00, 0x82, 0xE1
	.byte 0x0C, 0x00, 0x8D, 0xE5, 0xB6, 0x00, 0xD4, 0xE1, 0x01, 0x10, 0x00, 0xE0, 0x2C, 0x10, 0x8D, 0xE5
	.byte 0x01, 0x00, 0x00, 0x0A, 0x01, 0x10, 0xD1, 0xE3, 0x89, 0x00, 0x00, 0x1A, 0x08, 0x10, 0x9D, 0xE5
	.byte 0x02, 0x20, 0xA0, 0xE3, 0x08, 0x00, 0x11, 0xE3, 0x01, 0x10, 0xA0, 0x13, 0x04, 0x10, 0x8D, 0x15
	.byte 0x00, 0x10, 0xA0, 0x03, 0x04, 0x10, 0x8D, 0x05, 0x10, 0x10, 0x9D, 0xE5, 0x00, 0x30, 0xA0, 0xE3
	.byte 0x00, 0x00, 0x51, 0xE3, 0x01, 0x10, 0x80, 0x13, 0x38, 0x00, 0x9D, 0x15, 0x00, 0x00, 0x51, 0x11
	.byte 0x01, 0x00, 0xA0, 0x13, 0x00, 0x00, 0x8D, 0x15, 0x00, 0x00, 0xA0, 0x03, 0x00, 0x00, 0x8D, 0x05
	.byte 0xBE, 0x00, 0xD4, 0xE1, 0x01, 0x10, 0x00, 0xE2, 0x01, 0x00, 0x51, 0xE3, 0x01, 0x00, 0x80, 0x02
	.byte 0xBE, 0x00, 0xC4, 0x01, 0x04, 0x00, 0x9D, 0xE5, 0xBE, 0x10, 0xD4, 0xE1, 0x00, 0x00, 0x50, 0xE3
	.byte 0x00, 0x20, 0xA0, 0x03, 0x00, 0x00, 0x57, 0xE3, 0x02, 0x30, 0xA0, 0x03, 0x00, 0x00, 0x9D, 0xE5
	.byte 0x03, 0x10, 0x81, 0xE0, 0x00, 0x00, 0x50, 0xE3, 0x02, 0x00, 0xA0, 0x13, 0x00, 0x00, 0xA0, 0x03
	.byte 0x02, 0x10, 0x81, 0xE0, 0x01, 0x00, 0x80, 0xE0, 0x0A, 0x00, 0x50, 0xE1, 0x64, 0x00, 0x00, 0xCA
	.byte 0x00, 0x00, 0x57, 0xE3, 0x00, 0x00, 0xA0, 0x03, 0x30, 0x80, 0x8D, 0x05, 0xB2, 0x00, 0xC8, 0x00
	.byte 0x30, 0x00, 0x9D, 0xE5, 0xB2, 0x20, 0xD4, 0xE1, 0xBE, 0x10, 0xD4, 0xE1, 0x02, 0x24, 0xA0, 0xE1
	.byte 0xA1, 0x10, 0xA0, 0xE1, 0xB0, 0x00, 0xD0, 0xE1, 0x0F, 0x2C, 0x02, 0xE2, 0xFF, 0x10, 0x01, 0xE2
	.byte 0x01, 0x10, 0x82, 0xE1, 0x01, 0x18, 0xA0, 0xE1, 0x21, 0x18, 0x80, 0xE1, 0x30, 0x00, 0x9D, 0xE5
	.byte 0x02, 0x60, 0x86, 0x02, 0xB0, 0x10, 0xC0, 0xE1, 0x14, 0x00, 0x94, 0xE5, 0xBE, 0x20, 0xD4, 0xE1
	.byte 0x08, 0x10, 0xA0, 0xE1, 0x02, 0xA0, 0x4A, 0x02, 0xB3, 0x5B, 0x20, 0xEB, 0xBE, 0x10, 0xD4, 0xE1
	.byte 0x04, 0x00, 0x9D, 0xE5, 0x01, 0x60, 0x86, 0xE0, 0x01, 0x00, 0x50, 0xE3, 0x01, 0x00, 0xC1, 0xE3
	.byte 0x00, 0x80, 0x88, 0xE0, 0x01, 0xA0, 0x4A, 0xE0, 0x14, 0x00, 0x00, 0x1A, 0xB0, 0x01, 0xD4, 0xE1
	.byte 0x01, 0x00, 0x10, 0xE3, 0xC0, 0x20, 0xA0, 0x01, 0x0B, 0x00, 0x00, 0x0A, 0x3C, 0x00, 0x9D, 0xE5
	.byte 0xB2, 0x10, 0xD4, 0xE1, 0xB8, 0x08, 0xD0, 0xE1, 0x81, 0x1E, 0xA0, 0xE1, 0x00, 0x02, 0x89, 0xE0
	.byte 0x21, 0x0E, 0x80, 0xE0, 0x01, 0x0C, 0x80, 0xE2, 0xB8, 0x2F, 0xD0, 0xE1, 0x01, 0x10, 0x82, 0xE2
	.byte 0xB8, 0x1F, 0xC0, 0xE1, 0x82, 0x00, 0xA0, 0xE1, 0xB0, 0x01, 0xC4, 0xE1, 0x40, 0x00, 0x9D, 0xE5
	.byte 0x02, 0x60, 0x86, 0xE2, 0x00, 0x00, 0x02, 0xE0, 0xB2, 0x00, 0xC8, 0xE0, 0x02, 0xA0, 0x4A, 0xE2
	.byte 0x00, 0x00, 0x9D, 0xE5, 0x01, 0x00, 0x50, 0xE3, 0x08, 0x00, 0x00, 0x1A, 0x30, 0x00, 0x9D, 0xE5
	.byte 0x02, 0x60, 0x86, 0xE2, 0xB0, 0x00, 0xD0, 0xE1, 0x02, 0xA0, 0x4A, 0xE2, 0x01, 0x1A, 0x80, 0xE3
	.byte 0x30, 0x00, 0x9D, 0xE5, 0xB0, 0x10, 0xC0, 0xE1, 0xB6, 0x00, 0xD4, 0xE1, 0xB2, 0x00, 0xC8, 0xE0
	.byte 0x1C, 0x00, 0x9D, 0xE5, 0x01, 0x00, 0x57, 0xE3, 0xB2, 0x00, 0xD0, 0xE1, 0x00, 0x70, 0xA0, 0x03
	.byte 0x05, 0x00, 0x50, 0xE1, 0x28, 0x10, 0x9D, 0x05, 0x1C, 0x00, 0x9D, 0x05, 0xB2, 0x10, 0xC0, 0x01
	.byte 0xB0, 0x10, 0xD4, 0xE1, 0x24, 0x00, 0x9D, 0xE5, 0xB0, 0x10, 0xC0, 0xE1, 0x34, 0x00, 0x9D, 0xE5
	.byte 0xB0, 0x00, 0xC4, 0xE1, 0x20, 0x00, 0x9D, 0xE5, 0xB2, 0x10, 0xD0, 0xE1, 0x44, 0x00, 0x9D, 0xE5
	.byte 0x00, 0x00, 0x51, 0xE1, 0x20, 0x00, 0x9D, 0x05, 0x81, 0x12, 0xA0, 0x11, 0xB0, 0x50, 0xC0, 0x01
	.byte 0x18, 0x00, 0x9D, 0x15, 0xB1, 0x50, 0x80, 0x11, 0x08, 0x00, 0x9D, 0xE5, 0x01, 0x10, 0xA0, 0xE3
	.byte 0x11, 0x10, 0xE0, 0xE1, 0x0C, 0x00, 0x9D, 0xE5, 0x01, 0x00, 0x00, 0xE0, 0x0C, 0x00, 0x8D, 0xE5
	.byte 0x20, 0x00, 0x9D, 0xE5, 0xB2, 0x50, 0xC0, 0xE1, 0x2C, 0x00, 0x9D, 0xE5, 0x28, 0x50, 0x9D, 0xE5
	.byte 0xBA, 0x00, 0xC4, 0xE1, 0x48, 0x00, 0x9D, 0xE5, 0xB8, 0x0C, 0xD0, 0xE1, 0x01, 0x00, 0x50, 0xE3
	.byte 0x1A, 0x00, 0x00, 0x0A, 0x4C, 0x00, 0x9D, 0xE5, 0x28, 0x50, 0x8D, 0xE5, 0x00, 0x00, 0x55, 0xE1
	.byte 0x18, 0x00, 0x9D, 0x15, 0x85, 0x02, 0x80, 0x10, 0x24, 0x00, 0x8D, 0x15, 0x1C, 0x00, 0x9D, 0x05
	.byte 0x24, 0x00, 0x8D, 0x05, 0x50, 0x00, 0x9D, 0xE5, 0x00, 0x00, 0x55, 0xE1, 0x18, 0x00, 0x9D, 0x15
	.byte 0x85, 0x12, 0xA0, 0x11, 0xB1, 0x00, 0x90, 0x11, 0x1C, 0x00, 0x9D, 0x05, 0xB0, 0x00, 0xD0, 0x01
	.byte 0x00, 0x08, 0xA0, 0xE1, 0x20, 0x58, 0xA0, 0xE1, 0x54, 0x00, 0x9D, 0xE5, 0x00, 0x00, 0x55, 0xE1
	.byte 0x01, 0x00, 0x00, 0x0A, 0x02, 0x00, 0x5A, 0xE3, 0x4C, 0xFF, 0xFF, 0xCA, 0x01, 0xB0, 0x8B, 0xE2
	.byte 0x04, 0x00, 0x5B, 0xE3, 0x01, 0x00, 0x00, 0x2A, 0x02, 0x00, 0x5A, 0xE3, 0x29, 0xFF, 0xFF, 0xCA
	.byte 0xC7, 0x0F, 0x89, 0xE2, 0x01, 0x0B, 0x80, 0xE2, 0xF1, 0x53, 0x20, 0xEB, 0x00, 0x70, 0xA0, 0xE3
	.byte 0x01, 0x00, 0x57, 0xE3, 0x0A, 0x00, 0x00, 0x0A, 0x1C, 0x00, 0x99, 0xE5, 0x06, 0x18, 0xA0, 0xE1
	.byte 0x01, 0x00, 0x50, 0xE3, 0xB8, 0x05, 0xDD, 0x01, 0x21, 0x18, 0xA0, 0xE1, 0x02, 0x09, 0x80, 0x03
	.byte 0xB8, 0x05, 0xCD, 0x01, 0xB8, 0x25, 0xDD, 0xE1, 0x7C, 0x30, 0x99, 0xE5, 0x5C, 0x00, 0x8D, 0xE2
	.byte 0x37, 0xEF, 0xFF, 0xEB, 0x97, 0xDF, 0x8D, 0xE2, 0xF0, 0x4F, 0xBD, 0xE8, 0x1E, 0xFF, 0x2F, 0xE1
	.byte 0x70, 0x98, 0xFF, 0x02, 0xFF, 0xFF, 0x00, 0x00, 0xF0, 0x4F, 0x2D, 0xE9, 0xB3, 0xDF, 0x4D, 0xE2
	.byte 0xAC, 0x79, 0x9F, 0xE5, 0x18, 0x00, 0x8D, 0xE5, 0x50, 0x85, 0x97, 0xE5, 0xB6, 0x59, 0x20, 0xEB
	.byte 0x01, 0x1C, 0x88, 0xE2, 0xB2, 0x18, 0xD1, 0xE1, 0xB6, 0x58, 0xD8, 0xE1, 0x74, 0x10, 0x8D, 0xE5
	.byte 0xB6, 0x59, 0x20, 0xEB, 0x00, 0x10, 0xA0, 0xE3, 0xB8, 0x1C, 0xCD, 0xE1, 0xB8, 0x08, 0xD8, 0xE1
	.byte 0x01, 0x00, 0x50, 0xE3, 0x7C, 0x09, 0x9F, 0x05, 0x18, 0x00, 0x8D, 0x05, 0xB8, 0x18, 0xC8, 0x01
	.byte 0xBE, 0x09, 0xD8, 0xE1, 0x00, 0x00, 0x50, 0xE3, 0x2C, 0x02, 0x00, 0x1A, 0x50, 0x95, 0x97, 0xE5
	.byte 0xBA, 0x03, 0xD8, 0xE1, 0xB8, 0xA3, 0xD9, 0xE1, 0x24, 0x00, 0x8D, 0xE5, 0x1F, 0x00, 0x8A, 0xE2
	.byte 0x1F, 0x10, 0xC0, 0xE3, 0xB0, 0x28, 0xD9, 0xE1, 0xC8, 0x00, 0x8D, 0xE2, 0x01, 0x00, 0x52, 0xE1
	.byte 0x7C, 0xB0, 0x99, 0xE5, 0x70, 0x00, 0x8D, 0xE5, 0x01, 0x70, 0xA0, 0xB3, 0x29, 0x01, 0x00, 0xBA
	.byte 0x01, 0x0C, 0x89, 0xE2, 0xB8, 0x08, 0xD0, 0xE1, 0x10, 0x00, 0x50, 0xE3, 0x01, 0x70, 0xA0, 0x23
	.byte 0x24, 0x01, 0x00, 0x2A, 0xB0, 0x00, 0xD9, 0xE1, 0x09, 0x00, 0x50, 0xE3, 0x01, 0x00, 0xA0, 0x03
	.byte 0x44, 0x00, 0x8D, 0x05, 0x05, 0x00, 0x00, 0x0A, 0x0A, 0x00, 0x50, 0xE3, 0x00, 0x00, 0xA0, 0x03
	.byte 0x44, 0x00, 0x8D, 0x05, 0x01, 0x00, 0x00, 0x0A, 0x01, 0x70, 0xA0, 0xE3, 0x19, 0x01, 0x00, 0xEA
	.byte 0x70, 0x00, 0x9D, 0xE5, 0x00, 0x60, 0xA0, 0xE3, 0x00, 0x00, 0x5A, 0xE3, 0x06, 0x40, 0xA0, 0xE1
	.byte 0x48, 0x60, 0x8D, 0xE5, 0xB0, 0x60, 0xC0, 0xE1, 0x01, 0x70, 0xA0, 0xB3, 0x11, 0x01, 0x00, 0xBA
	.byte 0x44, 0x00, 0x9D, 0xE5, 0x50, 0x50, 0x8D, 0xE5, 0x00, 0x00, 0x50, 0xE3, 0x01, 0x00, 0xA0, 0xE3
	.byte 0x4C, 0x00, 0x8D, 0xE5, 0x06, 0x00, 0x00, 0x0A, 0x07, 0x0C, 0x89, 0xE2, 0xB6, 0x0C, 0xD0, 0xE1
	.byte 0x00, 0x00, 0x50, 0xE3, 0x74, 0x00, 0x9D, 0x15, 0x4C, 0x60, 0x8D, 0x15, 0x50, 0x00, 0x8D, 0x15
	.byte 0x00, 0x00, 0x00, 0xEA, 0x4C, 0x60, 0x8D, 0xE5, 0x18, 0x00, 0x9D, 0xE5, 0x01, 0x70, 0xA0, 0xE3
	.byte 0x00, 0x50, 0x05, 0xE0, 0x00, 0x00, 0xA0, 0xE3, 0x40, 0x00, 0x8D, 0xE5, 0xC7, 0x0F, 0x89, 0xE2
	.byte 0x01, 0x0B, 0x80, 0xE2, 0x79, 0x53, 0x20, 0xEB, 0x34, 0x07, 0x99, 0xE5, 0x01, 0x00, 0x50, 0xE3
	.byte 0x03, 0x00, 0x00, 0x1A, 0xC7, 0x0F, 0x89, 0xE2, 0x01, 0x0B, 0x80, 0xE2, 0x88, 0x53, 0x20, 0xEB
	.byte 0xF4, 0x00, 0x00, 0xEA, 0x05, 0x00, 0xE0, 0xE1, 0x2C, 0x00, 0x8D, 0xE5, 0xBE, 0x0F, 0x89, 0xE2
	.byte 0x54, 0x00, 0x8D, 0xE5, 0x40, 0x00, 0x9D, 0xE5, 0x34, 0x77, 0x89, 0xE5, 0xE2, 0x00, 0x00, 0xEA
	.byte 0x58, 0x00, 0x9D, 0xE5, 0x00, 0x21, 0xA0, 0xE1, 0xC3, 0x0F, 0x89, 0xE2, 0x01, 0x1B, 0x80, 0xE2
	.byte 0x58, 0x00, 0x9D, 0xE5, 0xB2, 0x50, 0x91, 0xE1, 0x00, 0x01, 0x81, 0xE0, 0x5C, 0x00, 0x8D, 0xE5
	.byte 0xBF, 0x0F, 0x89, 0xE2, 0x01, 0x1B, 0x80, 0xE2, 0x58, 0x00, 0x9D, 0xE5, 0x00, 0x01, 0x81, 0xE0
	.byte 0x60, 0x00, 0x8D, 0xE5, 0x5C, 0x00, 0x9D, 0xE5, 0x64, 0x00, 0x8D, 0xE5, 0x04, 0x08, 0x9F, 0xE5
	.byte 0x68, 0x00, 0x8D, 0xE5, 0x78, 0x00, 0x8D, 0xE5, 0x8C, 0x00, 0x8D, 0xE5, 0x01, 0x0C, 0x89, 0xE2
	.byte 0x90, 0x00, 0x8D, 0xE5, 0x68, 0x00, 0x9D, 0xE5, 0x02, 0x09, 0x40, 0xE2, 0x94, 0x00, 0x8D, 0xE5
	.byte 0x68, 0x00, 0x9D, 0xE5, 0x98, 0x00, 0x8D, 0xE5, 0x07, 0x0C, 0x89, 0xE2, 0x9C, 0x00, 0x8D, 0xE5
	.byte 0x68, 0x00, 0x9D, 0xE5, 0xA0, 0x00, 0x8D, 0xE5, 0xA4, 0x00, 0x8D, 0xE5, 0xA8, 0x00, 0x8D, 0xE5
	.byte 0xBA, 0x00, 0x00, 0xEA, 0x54, 0x00, 0x9D, 0xE5, 0x40, 0x20, 0x9D, 0xE5, 0x85, 0x42, 0x80, 0xE0
	.byte 0xB2, 0x00, 0xD4, 0xE1, 0x01, 0x10, 0xA0, 0xE3, 0x28, 0x00, 0x8D, 0xE5, 0x11, 0x00, 0x12, 0xE1
	.byte 0xA1, 0x00, 0x00, 0x1A, 0x4C, 0x00, 0x9D, 0xE5, 0x00, 0x00, 0x50, 0xE3, 0x28, 0x00, 0x9D, 0xE5
	.byte 0x11, 0x00, 0x82, 0xE1, 0x40, 0x00, 0x8D, 0xE5, 0xB6, 0x00, 0xD4, 0xE1, 0x50, 0x10, 0x9D, 0xE5
	.byte 0x01, 0x10, 0x00, 0xE0, 0x6C, 0x10, 0x8D, 0xE5, 0x03, 0x00, 0x00, 0x0A, 0x01, 0x20, 0xA0, 0xE1
	.byte 0x2C, 0x10, 0x9D, 0xE5, 0x01, 0x00, 0x12, 0xE1, 0x93, 0x00, 0x00, 0x1A, 0x28, 0x10, 0x9D, 0xE5
	.byte 0x02, 0x20, 0xA0, 0xE3, 0x08, 0x00, 0x11, 0xE3, 0x01, 0x10, 0xA0, 0x13, 0x20, 0x10, 0x8D, 0x15
	.byte 0x00, 0x10, 0xA0, 0x03, 0x20, 0x10, 0x8D, 0x05, 0x44, 0x10, 0x9D, 0xE5, 0x00, 0x30, 0xA0, 0xE3
	.byte 0x00, 0x00, 0x51, 0xE3, 0x01, 0x10, 0x80, 0x13, 0x8C, 0x00, 0x9D, 0x15, 0x00, 0x00, 0x51, 0x11
	.byte 0x01, 0x00, 0xA0, 0x13, 0x1C, 0x00, 0x8D, 0x15, 0x00, 0x00, 0xA0, 0x03, 0x1C, 0x00, 0x8D, 0x05
	.byte 0xBE, 0x00, 0xD4, 0xE1, 0x01, 0x10, 0x00, 0xE2, 0x01, 0x00, 0x51, 0xE3, 0x01, 0x00, 0x80, 0x02
	.byte 0xBE, 0x00, 0xC4, 0x01, 0x20, 0x00, 0x9D, 0xE5, 0xBE, 0x10, 0xD4, 0xE1, 0x00, 0x00, 0x50, 0xE3
	.byte 0x00, 0x20, 0xA0, 0x03, 0x00, 0x00, 0x57, 0xE3, 0x02, 0x30, 0xA0, 0x03, 0x1C, 0x00, 0x9D, 0xE5
	.byte 0x03, 0x10, 0x81, 0xE0, 0x00, 0x00, 0x50, 0xE3, 0x02, 0x00, 0xA0, 0x13, 0x00, 0x00, 0xA0, 0x03
	.byte 0x02, 0x10, 0x81, 0xE0, 0x01, 0x00, 0x80, 0xE0, 0x0A, 0x00, 0x50, 0xE1, 0x6E, 0x00, 0x00, 0xCA
	.byte 0x00, 0x00, 0x57, 0xE3, 0x00, 0x00, 0xA0, 0x03, 0x70, 0xB0, 0x8D, 0x05, 0xB2, 0x00, 0xCB, 0x00
	.byte 0x48, 0x00, 0x9D, 0x05, 0xB2, 0x20, 0xD4, 0xE1, 0x02, 0x00, 0x80, 0x02, 0x48, 0x00, 0x8D, 0x05
	.byte 0x70, 0x00, 0x9D, 0xE5, 0xBE, 0x10, 0xD4, 0xE1, 0x02, 0x24, 0xA0, 0xE1, 0xA1, 0x10, 0xA0, 0xE1
	.byte 0xB0, 0x00, 0xD0, 0xE1, 0x0F, 0x2C, 0x02, 0xE2, 0xFF, 0x10, 0x01, 0xE2, 0x01, 0x10, 0x82, 0xE1
	.byte 0x01, 0x18, 0xA0, 0xE1, 0x21, 0x18, 0x80, 0xE1, 0x70, 0x00, 0x9D, 0xE5, 0x02, 0xA0, 0x4A, 0x02
	.byte 0xB0, 0x10, 0xC0, 0xE1, 0x14, 0x00, 0x94, 0xE5, 0xBE, 0x20, 0xD4, 0xE1, 0x0B, 0x10, 0xA0, 0xE1
	.byte 0x61, 0x5A, 0x20, 0xEB, 0x20, 0x00, 0x9D, 0xE5, 0xBE, 0x10, 0xD4, 0xE1, 0x01, 0x00, 0x50, 0xE3
	.byte 0x01, 0x00, 0xC1, 0xE3, 0x00, 0xB0, 0x8B, 0xE0, 0x48, 0x00, 0x9D, 0xE5, 0x01, 0xA0, 0x4A, 0xE0
	.byte 0x01, 0x00, 0x80, 0xE0, 0x48, 0x00, 0x8D, 0xE5, 0x16, 0x00, 0x00, 0x1A, 0xB0, 0x01, 0xD4, 0xE1
	.byte 0x01, 0x00, 0x10, 0xE3, 0xC0, 0x20, 0xA0, 0x01, 0x0B, 0x00, 0x00, 0x0A, 0x90, 0x00, 0x9D, 0xE5
	.byte 0xB2, 0x10, 0xD4, 0xE1, 0xB8, 0x08, 0xD0, 0xE1, 0x81, 0x1E, 0xA0, 0xE1, 0x00, 0x02, 0x89, 0xE0
	.byte 0x21, 0x0E, 0x80, 0xE0, 0x01, 0x0C, 0x80, 0xE2, 0xB8, 0x2F, 0xD0, 0xE1, 0x01, 0x10, 0x82, 0xE2
	.byte 0xB8, 0x1F, 0xC0, 0xE1, 0x82, 0x00, 0xA0, 0xE1, 0xB0, 0x01, 0xC4, 0xE1, 0x94, 0x00, 0x9D, 0xE5
	.byte 0x02, 0xA0, 0x4A, 0xE2, 0x00, 0x00, 0x02, 0xE0, 0xB2, 0x00, 0xCB, 0xE0, 0x48, 0x00, 0x9D, 0xE5
	.byte 0x02, 0x00, 0x80, 0xE2, 0x48, 0x00, 0x8D, 0xE5, 0x1C, 0x00, 0x9D, 0xE5, 0x01, 0x00, 0x50, 0xE3
	.byte 0x0A, 0x00, 0x00, 0x1A, 0x70, 0x00, 0x9D, 0xE5, 0x02, 0xA0, 0x4A, 0xE2, 0xB0, 0x10, 0xD0, 0xE1
	.byte 0x48, 0x00, 0x9D, 0xE5, 0x01, 0x1A, 0x81, 0xE3, 0x02, 0x00, 0x80, 0xE2, 0x48, 0x00, 0x8D, 0xE5
	.byte 0x70, 0x00, 0x9D, 0xE5, 0xB0, 0x10, 0xC0, 0xE1, 0xB6, 0x00, 0xD4, 0xE1, 0xB2, 0x00, 0xCB, 0xE0
	.byte 0x5C, 0x00, 0x9D, 0xE5, 0x01, 0x00, 0x57, 0xE3, 0xB2, 0x00, 0xD0, 0xE1, 0x00, 0x70, 0xA0, 0x03
	.byte 0x05, 0x00, 0x50, 0xE1, 0x68, 0x10, 0x9D, 0x05, 0x5C, 0x00, 0x9D, 0x05, 0xB2, 0x10, 0xC0, 0x01
	.byte 0xB0, 0x10, 0xD4, 0xE1, 0x64, 0x00, 0x9D, 0xE5, 0xB0, 0x10, 0xC0, 0xE1, 0x78, 0x00, 0x9D, 0xE5
	.byte 0xB0, 0x00, 0xC4, 0xE1, 0x60, 0x00, 0x9D, 0xE5, 0xB2, 0x10, 0xD0, 0xE1, 0x98, 0x00, 0x9D, 0xE5
	.byte 0x00, 0x00, 0x51, 0xE1, 0x60, 0x00, 0x9D, 0x05, 0x81, 0x12, 0xA0, 0x11, 0xB0, 0x50, 0xC0, 0x01
	.byte 0x54, 0x00, 0x9D, 0x15, 0xB1, 0x50, 0x80, 0x11, 0x28, 0x00, 0x9D, 0xE5, 0x01, 0x10, 0xA0, 0xE3
	.byte 0x11, 0x10, 0xE0, 0xE1, 0x40, 0x00, 0x9D, 0xE5, 0x01, 0x00, 0x00, 0xE0, 0x40, 0x00, 0x8D, 0xE5
	.byte 0x60, 0x00, 0x9D, 0xE5, 0xB2, 0x50, 0xC0, 0xE1, 0x6C, 0x00, 0x9D, 0xE5, 0x68, 0x50, 0x9D, 0xE5
	.byte 0xBA, 0x00, 0xC4, 0xE1, 0xB4, 0x00, 0xD4, 0xE1, 0x00, 0x60, 0x86, 0xE1, 0x9C, 0x00, 0x9D, 0xE5
	.byte 0xB8, 0x0C, 0xD0, 0xE1, 0x01, 0x00, 0x50, 0xE3, 0x1D, 0x00, 0x00, 0x0A, 0xA0, 0x00, 0x9D, 0xE5
	.byte 0x68, 0x50, 0x8D, 0xE5, 0x00, 0x00, 0x55, 0xE1, 0x54, 0x00, 0x9D, 0x15, 0x85, 0x02, 0x80, 0x10
	.byte 0x64, 0x00, 0x8D, 0x15, 0x5C, 0x00, 0x9D, 0x05, 0x64, 0x00, 0x8D, 0x05, 0xA4, 0x00, 0x9D, 0xE5
	.byte 0x00, 0x00, 0x55, 0xE1, 0x54, 0x00, 0x9D, 0x15, 0x85, 0x12, 0xA0, 0x11, 0xB1, 0x00, 0x90, 0x11
	.byte 0x5C, 0x00, 0x9D, 0x05, 0xB0, 0x00, 0xD0, 0x01, 0x00, 0x08, 0xA0, 0xE1, 0x20, 0x58, 0xA0, 0xE1
	.byte 0xA8, 0x00, 0x9D, 0xE5, 0x00, 0x00, 0x55, 0xE1, 0x01, 0x00, 0x00, 0x0A, 0x02, 0x00, 0x5A, 0xE3
	.byte 0x3F, 0xFF, 0xFF, 0xCA, 0x58, 0x00, 0x9D, 0xE5, 0x01, 0x00, 0x80, 0xE2, 0x58, 0x00, 0x8D, 0xE5
	.byte 0x58, 0x00, 0x9D, 0xE5, 0x04, 0x00, 0x50, 0xE3, 0x01, 0x00, 0x00, 0x2A, 0x02, 0x00, 0x5A, 0xE3
	.byte 0x16, 0xFF, 0xFF, 0xCA, 0xC7, 0x0F, 0x89, 0xE2, 0x01, 0x0B, 0x80, 0xE2, 0x48, 0x40, 0x9D, 0xE5
	.byte 0x93, 0x52, 0x20, 0xEB, 0x00, 0x70, 0xA0, 0xE3, 0x01, 0x00, 0x57, 0xE3, 0x00, 0x00, 0xA0, 0x03
	.byte 0xB2, 0x06, 0xC8, 0x01, 0x78, 0x54, 0x9F, 0xE5, 0xB4, 0x06, 0xC8, 0x01, 0x19, 0x01, 0x00, 0x0A
	.byte 0x07, 0x0C, 0x88, 0xE2, 0xB6, 0x0C, 0xD0, 0xE1, 0x01, 0x00, 0x50, 0xE3, 0x24, 0x00, 0x9D, 0xE5
	.byte 0x18, 0x60, 0x9D, 0x15, 0x02, 0x70, 0x80, 0xE2, 0x74, 0x00, 0x9D, 0xE5, 0x00, 0x60, 0x06, 0xE0
	.byte 0x06, 0x00, 0xA0, 0xE1, 0x37, 0x70, 0x20, 0xEB, 0x24, 0x10, 0x9D, 0xE5, 0x0C, 0x10, 0x81, 0xE2
	.byte 0x91, 0x00, 0x00, 0xE0, 0x29, 0x00, 0x80, 0xE2, 0xB2, 0x17, 0xD8, 0xE1, 0x1F, 0x00, 0xC0, 0xE3
	.byte 0x00, 0x00, 0x51, 0xE1, 0xCD, 0x00, 0x00, 0xAA, 0x50, 0x95, 0x95, 0xE5, 0xB0, 0x00, 0xD9, 0xE1
	.byte 0xBE, 0x7F, 0x89, 0xE2, 0x09, 0x00, 0x50, 0xE3, 0x01, 0x40, 0xA0, 0x03, 0x02, 0x00, 0x00, 0x0A
	.byte 0x0A, 0x00, 0x50, 0xE3, 0xC1, 0x00, 0x00, 0x1A, 0x00, 0x40, 0xA0, 0xE3, 0xC7, 0x0F, 0x89, 0xE2
	.byte 0x01, 0x0B, 0x80, 0xE2, 0x59, 0x52, 0x20, 0xEB, 0x34, 0x07, 0x99, 0xE5, 0x00, 0x00, 0x50, 0xE3
	.byte 0x02, 0x00, 0x00, 0x1A, 0xC7, 0x0F, 0x89, 0xE2, 0x01, 0x0B, 0x80, 0xE2, 0xB6, 0x00, 0x00, 0xEA
	.byte 0x00, 0x00, 0x54, 0xE3, 0x01, 0x00, 0xA0, 0x03, 0x3C, 0x00, 0x8D, 0x05, 0x04, 0x00, 0x00, 0x0A
	.byte 0x41, 0x58, 0x20, 0xEB, 0x01, 0x1C, 0x89, 0xE2, 0xB2, 0x18, 0xD1, 0xE1, 0x3C, 0x10, 0x8D, 0xE5
	.byte 0x42, 0x58, 0x20, 0xEB, 0x06, 0x08, 0xA0, 0xE1, 0x20, 0x08, 0xE0, 0xE1, 0x30, 0x00, 0x8D, 0xE5
	.byte 0x00, 0xA0, 0xA0, 0xE3, 0xAC, 0x03, 0x9F, 0xE5, 0x06, 0xBC, 0x89, 0xE2, 0x38, 0x00, 0x8D, 0xE5
	.byte 0xBF, 0x0F, 0x89, 0xE2, 0x01, 0x1B, 0x80, 0xE2, 0x0A, 0x01, 0xA0, 0xE1, 0xB0, 0x50, 0x91, 0xE1
	.byte 0x38, 0x00, 0x9D, 0xE5, 0x0A, 0x61, 0x81, 0xE0, 0x34, 0x00, 0x8D, 0xE5, 0x38, 0x00, 0x9D, 0xE5
	.byte 0x7C, 0x00, 0x8D, 0xE5, 0x80, 0x00, 0x8D, 0xE5, 0x3C, 0x00, 0x9D, 0xE5, 0x00, 0x08, 0xA0, 0xE1
	.byte 0xAC, 0x00, 0x8D, 0xE5, 0x38, 0x00, 0x9D, 0xE5, 0x84, 0x00, 0x8D, 0xE5, 0x88, 0x00, 0x8D, 0xE5
	.byte 0xB0, 0x00, 0x8D, 0xE5, 0xB4, 0x00, 0x8D, 0xE5, 0x01, 0x0C, 0x89, 0xE2, 0xB8, 0x00, 0x8D, 0xE5
	.byte 0x38, 0x00, 0x9D, 0xE5, 0xBC, 0x00, 0x8D, 0xE5, 0xC0, 0x00, 0x8D, 0xE5, 0xC4, 0x00, 0x8D, 0xE5
	.byte 0x71, 0x00, 0x00, 0xEA, 0x85, 0x42, 0x87, 0xE0, 0xBA, 0x10, 0xD4, 0xE1, 0x30, 0x00, 0x9D, 0xE5
	.byte 0xB8, 0x20, 0xD4, 0xE1, 0x00, 0x00, 0x01, 0xE0, 0x00, 0x08, 0xA0, 0xE1, 0x20, 0x08, 0x82, 0xE1
	.byte 0xB8, 0x00, 0xC4, 0xE1, 0xB8, 0x00, 0xD4, 0xE1, 0xB6, 0x10, 0xD4, 0xE1, 0x00, 0x00, 0xE0, 0xE1
	.byte 0x00, 0x08, 0xA0, 0xE1, 0x20, 0x08, 0x01, 0xE0, 0xB6, 0x00, 0xC4, 0xE1, 0xB6, 0x10, 0xD4, 0xE1
	.byte 0xAC, 0x00, 0x9D, 0xE5, 0x20, 0x08, 0x01, 0xE0, 0xB6, 0x00, 0xC4, 0xE1, 0x00, 0x00, 0xA0, 0xE3
	.byte 0xBA, 0x00, 0xC4, 0xE1, 0xB6, 0x00, 0xD4, 0xE1, 0x00, 0x00, 0x50, 0xE3, 0x1F, 0x00, 0x00, 0x0A
	.byte 0xB2, 0x00, 0xD4, 0xE1, 0x08, 0x00, 0x10, 0xE3, 0x02, 0x00, 0x00, 0x1A, 0xB2, 0x01, 0xD4, 0xE1
	.byte 0x00, 0x00, 0x50, 0xE3, 0x19, 0x00, 0x00, 0x0A, 0xB2, 0x01, 0xD4, 0xE1, 0x00, 0x00, 0x50, 0xE3
	.byte 0x01, 0x00, 0x40, 0x12, 0xB2, 0x01, 0xC4, 0x11, 0xB0, 0x10, 0xD4, 0xE1, 0xB0, 0x00, 0x9D, 0xE5
	.byte 0x00, 0x00, 0x51, 0xE1, 0x7C, 0x00, 0x9D, 0x05, 0xB2, 0x00, 0xC6, 0x01, 0x38, 0x10, 0x9D, 0xE5
	.byte 0xB4, 0x00, 0x9D, 0xE5, 0x00, 0x00, 0x51, 0xE1, 0xB0, 0x00, 0xD4, 0xE1, 0xB0, 0x00, 0xC6, 0xE1
	.byte 0x80, 0x00, 0x9D, 0xE5, 0xB0, 0x00, 0xC4, 0xE1, 0x05, 0x08, 0xA0, 0x01, 0x20, 0x08, 0xA0, 0x01
	.byte 0x34, 0x00, 0x8D, 0x05, 0x38, 0x00, 0x9D, 0x15, 0x80, 0x02, 0xA0, 0x11, 0xB0, 0x50, 0x87, 0x11
	.byte 0x05, 0x08, 0xA0, 0xE1, 0x20, 0x08, 0xA0, 0xE1, 0x38, 0x00, 0x8D, 0xE5, 0x39, 0x00, 0x00, 0xEA
	.byte 0x5D, 0x80, 0x20, 0xEB, 0x81, 0x10, 0xA0, 0xE3, 0xB0, 0x10, 0xC0, 0xE1, 0xB6, 0x10, 0xD4, 0xE1
	.byte 0xB8, 0x30, 0x9D, 0xE5, 0x00, 0x00, 0x51, 0xE3, 0x00, 0x10, 0xA0, 0x03, 0x0F, 0x10, 0xA0, 0x13
	.byte 0xB2, 0x10, 0xC0, 0xE1, 0x14, 0x10, 0xA0, 0xE3, 0xB8, 0x10, 0xC0, 0xE1, 0xB2, 0x10, 0xD4, 0xE1
	.byte 0xBA, 0x10, 0xC0, 0xE1, 0xB4, 0x10, 0xD4, 0xE1, 0xBC, 0x10, 0xC0, 0xE1, 0xB6, 0x10, 0xD4, 0xE1
	.byte 0xBE, 0x10, 0xC0, 0xE1, 0xB8, 0x10, 0xD4, 0xE1, 0xB0, 0x11, 0xC0, 0xE1, 0xBE, 0x10, 0xD4, 0xE1
	.byte 0xB8, 0x11, 0xC0, 0xE1, 0x14, 0x10, 0x94, 0xE5, 0x14, 0x10, 0x80, 0xE5, 0x18, 0x10, 0x94, 0xE5
	.byte 0x1C, 0x10, 0x80, 0xE5, 0x1C, 0x10, 0x94, 0xE5, 0x20, 0x10, 0x80, 0xE5, 0xB0, 0x11, 0xD4, 0xE1
	.byte 0xBA, 0x11, 0xC0, 0xE1, 0xB8, 0x38, 0xD3, 0xE1, 0xB0, 0x13, 0xD9, 0xE1, 0x00, 0x00, 0x53, 0xE3
	.byte 0xB2, 0x23, 0xD9, 0xE1, 0x01, 0x30, 0xA0, 0x01, 0x02, 0x30, 0xA0, 0x11, 0xB4, 0x32, 0xC0, 0xE1
	.byte 0xB8, 0x30, 0x9D, 0xE5, 0xB8, 0x38, 0xD3, 0xE1, 0x00, 0x00, 0x53, 0xE3, 0x01, 0x20, 0xA0, 0x11
	.byte 0xB6, 0x22, 0xC0, 0xE1, 0x21, 0x80, 0x20, 0xEB, 0xB0, 0x10, 0xD4, 0xE1, 0xBC, 0x00, 0x9D, 0xE5
	.byte 0x00, 0x00, 0x51, 0xE1, 0x84, 0x00, 0x9D, 0x05, 0xB2, 0x00, 0xC6, 0x01, 0xB0, 0x00, 0xD4, 0xE1
	.byte 0xB0, 0x00, 0xC6, 0xE1, 0x88, 0x00, 0x9D, 0xE5, 0xB0, 0x00, 0xC4, 0xE1, 0xBA, 0x1F, 0xDB, 0xE1
	.byte 0xC0, 0x00, 0x9D, 0xE5, 0x00, 0x00, 0x51, 0xE1, 0xB8, 0x5F, 0xCB, 0x01, 0x81, 0x02, 0xA0, 0x11
	.byte 0xB0, 0x50, 0x87, 0x11, 0xBA, 0x5F, 0xCB, 0xE1, 0xB0, 0x50, 0xD6, 0xE1, 0xC4, 0x00, 0x9D, 0xE5
	.byte 0x00, 0x00, 0x55, 0xE1, 0x8A, 0xFF, 0xFF, 0x1A, 0x68, 0x31, 0x9F, 0xE5, 0x38, 0x00, 0x9D, 0xE5
	.byte 0x00, 0x10, 0xA0, 0xE3, 0x03, 0x00, 0x50, 0xE1, 0x0D, 0x00, 0x00, 0x0A, 0x0A, 0x01, 0x89, 0xE0
	.byte 0x07, 0x2C, 0x80, 0xE2, 0x38, 0x00, 0x9D, 0xE5, 0xBC, 0x40, 0xD2, 0xE1, 0x80, 0x02, 0xA0, 0xE1
	.byte 0xB0, 0x40, 0x87, 0xE1, 0xBE, 0x00, 0xD2, 0xE1, 0x03, 0x00, 0x50, 0xE1, 0x38, 0x00, 0x9D, 0x05
	.byte 0xBE, 0x00, 0xC2, 0x01, 0x0A, 0x01, 0x89, 0xE0, 0x07, 0x2C, 0x80, 0xE2, 0x34, 0x00, 0x9D, 0xE5
	.byte 0xBC, 0x00, 0xC2, 0xE1, 0x01, 0xA0, 0x8A, 0xE2, 0x04, 0x00, 0x5A, 0xE3, 0x58, 0xFF, 0xFF, 0xBA
	.byte 0xC7, 0x0F, 0x89, 0xE2, 0x34, 0x17, 0x89, 0xE5, 0x01, 0x0B, 0x80, 0xE2, 0xB0, 0x51, 0x20, 0xEB
	.byte 0x00, 0x00, 0xA0, 0xE3, 0xB2, 0x06, 0xC8, 0xE1, 0xB4, 0x06, 0xC8, 0xE1, 0x39, 0x00, 0x00, 0xEA
	.byte 0xF2, 0x06, 0xD8, 0xE1, 0x01, 0x00, 0x50, 0xE3, 0xF4, 0x06, 0xD8, 0x11, 0x01, 0x00, 0x50, 0x13
	.byte 0x00, 0x50, 0xA0, 0x13, 0x1A, 0x00, 0x00, 0x1A, 0xB0, 0x34, 0xD8, 0xE1, 0x04, 0x00, 0xA0, 0xE1
	.byte 0x07, 0x10, 0xA0, 0xE1, 0x06, 0x20, 0xA0, 0xE1, 0x9E, 0x02, 0x00, 0xEB, 0xB8, 0x1C, 0xDD, 0xE1
	.byte 0x00, 0x50, 0xA0, 0xE1, 0x02, 0x09, 0x81, 0xE3, 0xB8, 0x0C, 0xCD, 0xE1, 0x10, 0x00, 0x00, 0xEA
	.byte 0x00, 0x50, 0xA0, 0xE3, 0xBE, 0x59, 0xC8, 0xE1, 0xAC, 0x70, 0x9F, 0xE5, 0xB8, 0x1C, 0xDD, 0xE1
	.byte 0xD7, 0x00, 0x47, 0xE2, 0x00, 0x00, 0x01, 0xE0, 0xB8, 0x0C, 0xCD, 0xE1, 0x74, 0x60, 0x9D, 0xE5
	.byte 0x05, 0x40, 0xA0, 0xE1, 0x70, 0x57, 0x20, 0xEB, 0xF2, 0x16, 0xD8, 0xE1, 0x01, 0x10, 0x81, 0xE2
	.byte 0xB2, 0x16, 0xC8, 0xE1, 0xF4, 0x16, 0xD8, 0xE1, 0x01, 0x10, 0x81, 0xE2, 0xB4, 0x16, 0xC8, 0xE1
	.byte 0x6E, 0x57, 0x20, 0xEB, 0x06, 0x08, 0xA0, 0xE1, 0x20, 0x08, 0xA0, 0xE1, 0x00, 0x00, 0x8D, 0xE5
	.byte 0x68, 0x00, 0x9F, 0xE5, 0x04, 0x50, 0x8D, 0xE5, 0xB0, 0x10, 0xD0, 0xE1, 0x04, 0x08, 0xA0, 0xE1
	.byte 0x08, 0x10, 0x8D, 0xE5, 0x20, 0x08, 0xA0, 0xE1, 0x0C, 0x00, 0x8D, 0xE5, 0xB8, 0x0C, 0xDD, 0xE1
	.byte 0x07, 0x38, 0xA0, 0xE1, 0x10, 0x00, 0x8D, 0xE5, 0x7C, 0x20, 0x98, 0xE5, 0x00, 0x10, 0xA0, 0xE3
	.byte 0x14, 0x20, 0x8D, 0xE5, 0xCC, 0x00, 0x8D, 0xE2, 0x01, 0x20, 0xA0, 0xE1, 0x23, 0x38, 0xA0, 0xE1
	.byte 0xE4, 0xEC, 0xFF, 0xEB, 0xB8, 0x66, 0xC8, 0xE1, 0xB8, 0x0C, 0xDD, 0xE1, 0xBA, 0x06, 0xC8, 0xE1
	.byte 0xBC, 0x76, 0xC8, 0xE1, 0xBE, 0x46, 0xC8, 0xE1, 0xB3, 0xDF, 0x8D, 0xE2, 0xF0, 0x4F, 0xBD, 0xE8
	.byte 0x1E, 0xFF, 0x2F, 0xE1, 0x70, 0x98, 0xFF, 0x02, 0xFF, 0xFF, 0x00, 0x00, 0xD6, 0x80, 0x00, 0x00
	.byte 0xF8, 0x80, 0x80, 0x04, 0xF0, 0x41, 0x2D, 0xE9, 0x86, 0xDF, 0x4D, 0xE2, 0xD4, 0x10, 0x9F, 0xE5
	.byte 0x00, 0x40, 0xA0, 0xE1, 0x50, 0x75, 0x91, 0xE5, 0x43, 0x57, 0x20, 0xEB, 0x47, 0x57, 0x20, 0xEB
	.byte 0x01, 0x0C, 0x87, 0xE2, 0xB2, 0x08, 0xD0, 0xE1, 0xBC, 0x10, 0x9F, 0xE5, 0x00, 0x40, 0x04, 0xE0
	.byte 0xBA, 0x83, 0xD7, 0xE1, 0x04, 0x00, 0xA0, 0xE1, 0xB0, 0x50, 0xD1, 0xE1, 0xBA, 0x66, 0xD7, 0xE1
	.byte 0x10, 0x6F, 0x20, 0xEB, 0x0C, 0x10, 0x88, 0xE2, 0x91, 0x00, 0x00, 0xE0, 0x29, 0x00, 0x80, 0xE2
	.byte 0xB2, 0x17, 0xD7, 0xE1, 0x1F, 0x00, 0xC0, 0xE3, 0x00, 0x00, 0x51, 0xE1, 0x03, 0x00, 0x00, 0xAA
	.byte 0x02, 0x00, 0xA0, 0xE3, 0x91, 0x4F, 0x20, 0xEB, 0x94, 0xEA, 0xFF, 0xEB, 0x1A, 0x00, 0x00, 0xEA
	.byte 0xF2, 0x06, 0xD7, 0xE1, 0x01, 0x00, 0x50, 0xE3, 0xF4, 0x06, 0xD7, 0x11, 0x01, 0x00, 0x50, 0x13
	.byte 0x02, 0x69, 0xC6, 0x13, 0x00, 0x00, 0xA0, 0x13, 0x05, 0x00, 0x00, 0x1A, 0xBE, 0x06, 0xD7, 0xE1
	.byte 0xBC, 0x16, 0xD7, 0xE1, 0xB0, 0x34, 0xD7, 0xE1, 0x04, 0x20, 0xA0, 0xE1, 0x41, 0x02, 0x00, 0xEB
	.byte 0x02, 0x69, 0x86, 0xE3, 0x04, 0x18, 0xA0, 0xE1, 0x21, 0x18, 0xA0, 0xE1, 0x00, 0x10, 0x8D, 0xE5
	.byte 0x21, 0x00, 0x8D, 0xE9, 0x00, 0x20, 0xA0, 0xE3, 0x06, 0x08, 0xA0, 0xE1, 0x0C, 0x20, 0x8D, 0xE5
	.byte 0x20, 0x08, 0xA0, 0xE1, 0x10, 0x00, 0x8D, 0xE5, 0x20, 0x10, 0x9F, 0xE5, 0x18, 0x00, 0x8D, 0xE2
	.byte 0x02, 0x30, 0xA0, 0xE1, 0x14, 0x20, 0x8D, 0xE5, 0xA2, 0xEC, 0xFF, 0xEB, 0x86, 0xDF, 0x8D, 0xE2
	.byte 0xF0, 0x41, 0xBD, 0xE8, 0x1E, 0xFF, 0x2F, 0xE1, 0x70, 0x98, 0xFF, 0x02, 0xF8, 0x80, 0x80, 0x04
	.byte 0x0C, 0x80, 0x00, 0x00, 0xF8, 0x43, 0x2D, 0xE9, 0x40, 0x41, 0x9F, 0xE5, 0xB4, 0x82, 0xDD, 0xE1
	.byte 0x50, 0x45, 0x94, 0xE5, 0x00, 0x70, 0xA0, 0xE1, 0xC3, 0x0F, 0x84, 0xE2, 0x01, 0x0B, 0x80, 0xE2
	.byte 0x00, 0x00, 0x58, 0xE3, 0x01, 0x91, 0x80, 0xE0, 0x02, 0x60, 0xA0, 0xE1, 0x03, 0x50, 0xA0, 0xE1
	.byte 0xBE, 0x8F, 0x84, 0xE2, 0x06, 0x00, 0xA0, 0x03, 0x42, 0x00, 0x00, 0x0A, 0xB4, 0x02, 0xDD, 0xE1
	.byte 0x08, 0x00, 0x16, 0xE3, 0x02, 0x10, 0xA0, 0x13, 0x00, 0x10, 0xA0, 0x03, 0x01, 0x00, 0x80, 0xE0
	.byte 0x81, 0x0F, 0x50, 0xE3, 0x06, 0x00, 0xA0, 0xC3, 0x3A, 0x00, 0x00, 0xCA, 0xC7, 0x0F, 0x84, 0xE2
	.byte 0x01, 0x0B, 0x80, 0xE2, 0x01, 0x51, 0x20, 0xEB, 0x0C, 0x00, 0x94, 0xE5, 0x06, 0x2C, 0x84, 0xE2
	.byte 0xB8, 0x1F, 0xD2, 0xE1, 0x00, 0x00, 0x50, 0xE3, 0x04, 0x00, 0x00, 0x1A, 0xC7, 0x0F, 0x84, 0xE2
	.byte 0x01, 0x0B, 0x80, 0xE2, 0x0E, 0x51, 0x20, 0xEB, 0x0F, 0x00, 0xA0, 0xE3, 0x2D, 0x00, 0x00, 0xEA
	.byte 0xBC, 0x30, 0x9F, 0xE5, 0x03, 0x00, 0x51, 0xE1, 0x04, 0x00, 0x00, 0x1A, 0xC7, 0x0F, 0x84, 0xE2
	.byte 0x01, 0x0B, 0x80, 0xE2, 0x06, 0x51, 0x20, 0xEB, 0x0A, 0x00, 0xA0, 0xE3, 0x25, 0x00, 0x00, 0xEA
	.byte 0x81, 0x02, 0xA0, 0xE1, 0xB0, 0xC0, 0x98, 0xE1, 0x81, 0x02, 0x88, 0xE0, 0xB8, 0xCF, 0xC2, 0xE1
	.byte 0xBA, 0xCF, 0xD2, 0xE1, 0x01, 0x00, 0x5C, 0xE1, 0xBA, 0x3F, 0xC2, 0x01, 0xB2, 0x60, 0xC0, 0xE1
	.byte 0xB4, 0x50, 0xC0, 0xE1, 0x07, 0x20, 0x05, 0xE0, 0xB6, 0x20, 0xC0, 0xE1, 0x00, 0x20, 0xA0, 0xE3
	.byte 0xB8, 0x20, 0xC0, 0xE1, 0xBA, 0x20, 0xC0, 0xE1, 0x20, 0x30, 0x9D, 0xE5, 0xB4, 0x22, 0xDD, 0xE1
	.byte 0x14, 0x30, 0x80, 0xE5, 0xBE, 0x20, 0xC0, 0xE1, 0x28, 0x30, 0x9D, 0xE5, 0x2C, 0x20, 0x9D, 0xE5
	.byte 0x18, 0x30, 0x80, 0xE5, 0x1C, 0x20, 0x80, 0xE5, 0x44, 0x30, 0x9F, 0xE5, 0x07, 0x2C, 0x84, 0xE2
	.byte 0xB0, 0x30, 0xC0, 0xE1, 0xB0, 0x31, 0xC0, 0xE1, 0xBA, 0x2C, 0xD2, 0xE1, 0xB2, 0x21, 0xC0, 0xE1
	.byte 0xB2, 0x00, 0xD9, 0xE1, 0x03, 0x00, 0x50, 0xE1, 0xB0, 0x10, 0xC9, 0x01, 0x80, 0x02, 0xA0, 0x11
	.byte 0xB0, 0x10, 0x88, 0x11, 0xC7, 0x0F, 0x84, 0xE2, 0x01, 0x0B, 0x80, 0xE2, 0xB2, 0x10, 0xC9, 0xE1
	.byte 0xDF, 0x50, 0x20, 0xEB, 0x02, 0x00, 0xA0, 0xE3, 0xF8, 0x43, 0xBD, 0xE8, 0x1E, 0xFF, 0x2F, 0xE1
	.byte 0x70, 0x98, 0xFF, 0x02, 0xFF, 0xFF, 0x00, 0x00, 0xF8, 0x4F, 0x2D, 0xE9, 0x40, 0xD0, 0x4D, 0xE2
	.byte 0x30, 0x23, 0x9F, 0xE5, 0x00, 0x00, 0x8D, 0xE5, 0x50, 0x85, 0x92, 0xE5, 0x01, 0x50, 0xA0, 0xE1
	.byte 0xB0, 0x10, 0xD8, 0xE1, 0x00, 0x00, 0xA0, 0xE3, 0x09, 0x00, 0x51, 0xE3, 0xBE, 0x4F, 0x88, 0xE2
	.byte 0x0C, 0x00, 0x8D, 0xE5, 0x01, 0x60, 0xA0, 0x03, 0x02, 0x00, 0x00, 0x0A, 0x0A, 0x00, 0x51, 0xE3
	.byte 0xBD, 0x00, 0x00, 0x1A, 0x00, 0x60, 0xA0, 0xE1, 0xC7, 0x0F, 0x88, 0xE2, 0x01, 0x0B, 0x80, 0xE2
	.byte 0xB2, 0x50, 0x20, 0xEB, 0x34, 0x07, 0x98, 0xE5, 0x00, 0x00, 0x50, 0xE3, 0x04, 0x00, 0x00, 0x1A
	.byte 0xC7, 0x0F, 0x88, 0xE2, 0x01, 0x0B, 0x80, 0xE2, 0xC1, 0x50, 0x20, 0xEB, 0x00, 0x00, 0xA0, 0xE3
	.byte 0xB1, 0x00, 0x00, 0xEA, 0x00, 0x00, 0x56, 0xE3, 0x01, 0x00, 0xA0, 0x03, 0x10, 0x00, 0x8D, 0x05
	.byte 0x04, 0x00, 0x00, 0x0A, 0x98, 0x56, 0x20, 0xEB, 0x01, 0x1C, 0x88, 0xE2, 0xB2, 0x18, 0xD1, 0xE1
	.byte 0x10, 0x10, 0x8D, 0xE5, 0x99, 0x56, 0x20, 0xEB, 0x05, 0x00, 0xE0, 0xE1, 0x04, 0x00, 0x8D, 0xE5
	.byte 0x00, 0xA0, 0xA0, 0xE3, 0xBF, 0x0F, 0x88, 0xE2, 0x01, 0x1B, 0x80, 0xE2, 0x0A, 0x01, 0xA0, 0xE1
	.byte 0xB0, 0x50, 0x91, 0xE1, 0x90, 0x92, 0x9F, 0xE5, 0x10, 0x00, 0x9D, 0xE5, 0x0A, 0x61, 0x81, 0xE0
	.byte 0x00, 0x08, 0xA0, 0xE1, 0x24, 0x00, 0x8D, 0xE5, 0x01, 0x0C, 0x88, 0xE2, 0x08, 0x90, 0x8D, 0xE5
	.byte 0x14, 0x90, 0x8D, 0xE5, 0x18, 0x90, 0x8D, 0xE5, 0x1C, 0x90, 0x8D, 0xE5, 0x20, 0x90, 0x8D, 0xE5
	.byte 0x28, 0x90, 0x8D, 0xE5, 0x2C, 0x90, 0x8D, 0xE5, 0x30, 0x00, 0x8D, 0xE5, 0x34, 0x90, 0x8D, 0xE5
	.byte 0x06, 0xBC, 0x88, 0xE2, 0x38, 0x90, 0x8D, 0xE5, 0x3C, 0x90, 0x8D, 0xE5, 0x73, 0x00, 0x00, 0xEA
	.byte 0x00, 0x00, 0x9D, 0xE5, 0x85, 0x72, 0x84, 0xE0, 0x00, 0x00, 0x50, 0xE3, 0x0C, 0x00, 0x00, 0x1A
	.byte 0xBA, 0x10, 0xD7, 0xE1, 0x04, 0x00, 0x9D, 0xE5, 0xB8, 0x20, 0xD7, 0xE1, 0x00, 0x00, 0x01, 0xE0
	.byte 0x00, 0x08, 0xA0, 0xE1, 0x20, 0x08, 0x82, 0xE1, 0xB8, 0x00, 0xC7, 0xE1, 0xB8, 0x00, 0xD7, 0xE1
	.byte 0xB6, 0x10, 0xD7, 0xE1, 0x00, 0x00, 0xE0, 0xE1, 0x00, 0x08, 0xA0, 0xE1, 0x20, 0x08, 0x01, 0xE0
	.byte 0xB6, 0x00, 0xC7, 0xE1, 0xB6, 0x10, 0xD7, 0xE1, 0x24, 0x00, 0x9D, 0xE5, 0x20, 0x08, 0x01, 0xE0
	.byte 0xB6, 0x00, 0xC7, 0xE1, 0x00, 0x00, 0xA0, 0xE3, 0xBA, 0x00, 0xC7, 0xE1, 0xB6, 0x00, 0xD7, 0xE1
	.byte 0x00, 0x00, 0x50, 0xE3, 0x1E, 0x00, 0x00, 0x0A, 0xB2, 0x00, 0xD7, 0xE1, 0x08, 0x00, 0x10, 0xE3
	.byte 0x02, 0x00, 0x00, 0x1A, 0xB2, 0x01, 0xD7, 0xE1, 0x00, 0x00, 0x50, 0xE3, 0x18, 0x00, 0x00, 0x0A
	.byte 0x01, 0x00, 0xA0, 0xE3, 0x0C, 0x00, 0x8D, 0xE5, 0xB2, 0x01, 0xD7, 0xE1, 0x00, 0x00, 0x50, 0xE3
	.byte 0x01, 0x00, 0x40, 0x12, 0xB2, 0x01, 0xC7, 0x11, 0xB0, 0x10, 0xD7, 0xE1, 0x28, 0x00, 0x9D, 0xE5
	.byte 0x00, 0x00, 0x51, 0xE1, 0x14, 0x00, 0x9D, 0x05, 0xB2, 0x00, 0xC6, 0x01, 0x2C, 0x00, 0x9D, 0xE5
	.byte 0x00, 0x00, 0x59, 0xE1, 0xB0, 0x00, 0xD7, 0xE1, 0xB0, 0x00, 0xC6, 0xE1, 0x18, 0x00, 0x9D, 0xE5
	.byte 0xB0, 0x00, 0xC7, 0xE1, 0x05, 0x08, 0xA0, 0x01, 0x20, 0x08, 0xA0, 0x01, 0x08, 0x00, 0x8D, 0x05
	.byte 0x89, 0x02, 0xA0, 0x11, 0xB0, 0x50, 0x84, 0x11, 0x05, 0x08, 0xA0, 0xE1, 0x20, 0x98, 0xA0, 0xE1
	.byte 0x39, 0x00, 0x00, 0xEA, 0xB8, 0x7E, 0x20, 0xEB, 0x81, 0x10, 0xA0, 0xE3, 0xB0, 0x10, 0xC0, 0xE1
	.byte 0xB6, 0x10, 0xD7, 0xE1, 0x30, 0x30, 0x9D, 0xE5, 0x00, 0x00, 0x51, 0xE3, 0x00, 0x10, 0xA0, 0x03
	.byte 0x0F, 0x10, 0xA0, 0x13, 0xB2, 0x10, 0xC0, 0xE1, 0x14, 0x10, 0xA0, 0xE3, 0xB8, 0x10, 0xC0, 0xE1
	.byte 0xB2, 0x10, 0xD7, 0xE1, 0xBA, 0x10, 0xC0, 0xE1, 0xB4, 0x10, 0xD7, 0xE1, 0xBC, 0x10, 0xC0, 0xE1
	.byte 0xB6, 0x10, 0xD7, 0xE1, 0xBE, 0x10, 0xC0, 0xE1, 0xB8, 0x10, 0xD7, 0xE1, 0xB0, 0x11, 0xC0, 0xE1
	.byte 0xBE, 0x10, 0xD7, 0xE1, 0xB8, 0x11, 0xC0, 0xE1, 0x14, 0x10, 0x97, 0xE5, 0x14, 0x10, 0x80, 0xE5
	.byte 0x18, 0x10, 0x97, 0xE5, 0x1C, 0x10, 0x80, 0xE5, 0x1C, 0x10, 0x97, 0xE5, 0x20, 0x10, 0x80, 0xE5
	.byte 0xB0, 0x11, 0xD7, 0xE1, 0xBA, 0x11, 0xC0, 0xE1, 0xB8, 0x38, 0xD3, 0xE1, 0xB0, 0x13, 0xD8, 0xE1
	.byte 0x00, 0x00, 0x53, 0xE3, 0xB2, 0x23, 0xD8, 0xE1, 0x01, 0x30, 0xA0, 0x01, 0x02, 0x30, 0xA0, 0x11
	.byte 0xB4, 0x32, 0xC0, 0xE1, 0x30, 0x30, 0x9D, 0xE5, 0xB8, 0x38, 0xD3, 0xE1, 0x00, 0x00, 0x53, 0xE3
	.byte 0x01, 0x20, 0xA0, 0x11, 0xB6, 0x22, 0xC0, 0xE1, 0x7C, 0x7E, 0x20, 0xEB, 0xB0, 0x10, 0xD7, 0xE1
	.byte 0x34, 0x00, 0x9D, 0xE5, 0x00, 0x00, 0x51, 0xE1, 0x1C, 0x00, 0x9D, 0x05, 0xB2, 0x00, 0xC6, 0x01
	.byte 0xB0, 0x00, 0xD7, 0xE1, 0xB0, 0x00, 0xC6, 0xE1, 0x20, 0x00, 0x9D, 0xE5, 0xB0, 0x00, 0xC7, 0xE1
	.byte 0xBA, 0x1F, 0xDB, 0xE1, 0x38, 0x00, 0x9D, 0xE5, 0x00, 0x00, 0x51, 0xE1, 0xB8, 0x5F, 0xCB, 0x01
	.byte 0x81, 0x02, 0xA0, 0x11, 0xB0, 0x50, 0x84, 0x11, 0xBA, 0x5F, 0xCB, 0xE1, 0xB0, 0x50, 0xD6, 0xE1
	.byte 0x3C, 0x00, 0x9D, 0xE5, 0x00, 0x00, 0x55, 0xE1, 0x88, 0xFF, 0xFF, 0x1A, 0x68, 0x10, 0x9F, 0xE5
	.byte 0x00, 0x20, 0xA0, 0xE3, 0x01, 0x00, 0x59, 0xE1, 0x0B, 0x00, 0x00, 0x0A, 0x0A, 0x01, 0x88, 0xE0
	.byte 0x07, 0x0C, 0x80, 0xE2, 0xBC, 0x50, 0xD0, 0xE1, 0x89, 0x32, 0xA0, 0xE1, 0xB3, 0x50, 0x84, 0xE1
	.byte 0xBE, 0x30, 0xD0, 0xE1, 0x01, 0x00, 0x53, 0xE1, 0xBE, 0x90, 0xC0, 0x01, 0x0A, 0x01, 0x88, 0xE0
	.byte 0x07, 0x1C, 0x80, 0xE2, 0x08, 0x00, 0x9D, 0xE5, 0xBC, 0x00, 0xC1, 0xE1, 0x01, 0xA0, 0x8A, 0xE2
	.byte 0x04, 0x00, 0x5A, 0xE3, 0x5E, 0xFF, 0xFF, 0xBA, 0xC7, 0x0F, 0x88, 0xE2, 0x01, 0x0B, 0x80, 0xE2
	.byte 0x34, 0x27, 0x88, 0xE5, 0x0E, 0x50, 0x20, 0xEB, 0x0C, 0x00, 0x9D, 0xE5, 0x40, 0xD0, 0x8D, 0xE2
	.byte 0xF8, 0x4F, 0xBD, 0xE8, 0x1E, 0xFF, 0x2F, 0xE1, 0x70, 0x98, 0xFF, 0x02, 0xFF, 0xFF, 0x00, 0x00
	.byte 0xF8, 0x4F, 0x2D, 0xE9, 0x18, 0xD0, 0x4D, 0xE2, 0xEC, 0x11, 0x9F, 0xE5, 0x00, 0x20, 0xE0, 0xE1
	.byte 0x50, 0x95, 0x91, 0xE5, 0x01, 0x0C, 0x89, 0xE2, 0xB2, 0x18, 0xD0, 0xE1, 0xC7, 0x0F, 0x89, 0xE2
	.byte 0x01, 0x10, 0x02, 0xE0, 0x01, 0x0B, 0x80, 0xE2, 0xBE, 0x5F, 0x89, 0xE2, 0x08, 0x10, 0x8D, 0xE5
	.byte 0xE6, 0x4F, 0x20, 0xEB, 0xC3, 0x0F, 0x89, 0xE2, 0x01, 0xBB, 0x80, 0xE2, 0x00, 0x00, 0xA0, 0xE3
	.byte 0x0C, 0x00, 0x8D, 0xE5, 0x08, 0x00, 0x9D, 0xE5, 0x00, 0x60, 0xA0, 0xE3, 0x00, 0x08, 0xA0, 0xE1
	.byte 0x10, 0x00, 0x8D, 0xE5, 0x01, 0x0C, 0x89, 0xE2, 0x14, 0x00, 0x8D, 0xE5, 0x06, 0x4C, 0x89, 0xE2
	.byte 0x06, 0x01, 0xA0, 0xE1, 0xB0, 0xA0, 0x9B, 0xE1, 0x90, 0x01, 0x9F, 0xE5, 0x06, 0x71, 0x8B, 0xE0
	.byte 0x04, 0x70, 0x8D, 0xE5, 0x00, 0x00, 0x8D, 0xE5, 0x4E, 0x00, 0x00, 0xEA, 0x8A, 0x82, 0x85, 0xE0
	.byte 0xB6, 0x10, 0xD8, 0xE1, 0x10, 0x00, 0x9D, 0xE5, 0x20, 0x08, 0x01, 0xE0, 0xB6, 0x00, 0xC8, 0xE1
	.byte 0xBA, 0x10, 0xD8, 0xE1, 0x10, 0x00, 0x9D, 0xE5, 0x20, 0x08, 0x01, 0xE0, 0xBA, 0x00, 0xC8, 0xE1
	.byte 0xB6, 0x00, 0xD8, 0xE1, 0x00, 0x00, 0x50, 0xE3, 0x37, 0x00, 0x00, 0x1A, 0x32, 0x7E, 0x20, 0xEB
	.byte 0x81, 0x10, 0xA0, 0xE3, 0xB0, 0x10, 0xC0, 0xE1, 0x00, 0x10, 0xA0, 0xE3, 0xB2, 0x10, 0xC0, 0xE1
	.byte 0x14, 0x10, 0xA0, 0xE3, 0xB8, 0x10, 0xC0, 0xE1, 0xB2, 0x10, 0xD8, 0xE1, 0x14, 0x30, 0x9D, 0xE5
	.byte 0xBA, 0x10, 0xC0, 0xE1, 0xB4, 0x10, 0xD8, 0xE1, 0xBC, 0x10, 0xC0, 0xE1, 0xB6, 0x10, 0xD8, 0xE1
	.byte 0xBE, 0x10, 0xC0, 0xE1, 0xB8, 0x10, 0xD8, 0xE1, 0xB0, 0x11, 0xC0, 0xE1, 0xBE, 0x10, 0xD8, 0xE1
	.byte 0xB8, 0x11, 0xC0, 0xE1, 0x14, 0x10, 0x98, 0xE5, 0x14, 0x10, 0x80, 0xE5, 0x18, 0x10, 0x98, 0xE5
	.byte 0x1C, 0x10, 0x80, 0xE5, 0x1C, 0x10, 0x98, 0xE5, 0x20, 0x10, 0x80, 0xE5, 0xB0, 0x11, 0xD8, 0xE1
	.byte 0xBA, 0x11, 0xC0, 0xE1, 0xB8, 0x38, 0xD3, 0xE1, 0xB0, 0x13, 0xD9, 0xE1, 0x00, 0x00, 0x53, 0xE3
	.byte 0xB2, 0x23, 0xD9, 0xE1, 0x01, 0x30, 0xA0, 0x01, 0x02, 0x30, 0xA0, 0x11, 0xB4, 0x32, 0xC0, 0xE1
	.byte 0x14, 0x30, 0x9D, 0xE5, 0xB8, 0x38, 0xD3, 0xE1, 0x00, 0x00, 0x53, 0xE3, 0x01, 0x20, 0xA0, 0x11
	.byte 0xB6, 0x22, 0xC0, 0xE1, 0xF9, 0x7D, 0x20, 0xEB, 0xB0, 0x10, 0xD8, 0xE1, 0xAC, 0x00, 0x9F, 0xE5
	.byte 0x00, 0x00, 0x51, 0xE1, 0x00, 0x00, 0x9D, 0x05, 0xB2, 0x00, 0xC7, 0x01, 0xB0, 0x10, 0xD8, 0xE1
	.byte 0x04, 0x00, 0x9D, 0xE5, 0xB0, 0x10, 0xC0, 0xE1, 0x90, 0x00, 0x9F, 0xE5, 0xB0, 0x00, 0xC8, 0xE1
	.byte 0xBA, 0x1F, 0xD4, 0xE1, 0x00, 0x00, 0x51, 0xE1, 0xB8, 0xAF, 0xC4, 0x01, 0x81, 0x02, 0xA0, 0x11
	.byte 0xB0, 0xA0, 0x85, 0x11, 0xBA, 0xAF, 0xC4, 0xE1, 0x00, 0xA0, 0x9D, 0xE5, 0x6C, 0x00, 0x9F, 0xE5
	.byte 0x00, 0xA0, 0x8D, 0xE5, 0x00, 0x00, 0x5A, 0xE1, 0x8A, 0x02, 0x85, 0x10, 0x04, 0x00, 0x8D, 0x15
	.byte 0x58, 0x00, 0x9F, 0xE5, 0x04, 0x70, 0x8D, 0x05, 0x00, 0x00, 0x5A, 0xE1, 0x8A, 0x02, 0xA0, 0x11
	.byte 0xB0, 0xA0, 0x95, 0x11, 0xB0, 0xA0, 0xD7, 0x01, 0x40, 0x00, 0x9F, 0xE5, 0x00, 0x00, 0x5A, 0xE1
	.byte 0xAD, 0xFF, 0xFF, 0x1A, 0x01, 0x60, 0x86, 0xE2, 0x04, 0x00, 0x56, 0xE3, 0xA3, 0xFF, 0xFF, 0xBA
	.byte 0x0C, 0x00, 0x9D, 0xE5, 0x01, 0x00, 0x80, 0xE2, 0x0C, 0x00, 0x8D, 0xE5, 0x02, 0x00, 0x50, 0xE3
	.byte 0x97, 0xFF, 0xFF, 0xBA, 0xC7, 0x0F, 0x89, 0xE2, 0x01, 0x0B, 0x80, 0xE2, 0x8C, 0x4F, 0x20, 0xEB
	.byte 0x18, 0xD0, 0x8D, 0xE2, 0xF8, 0x4F, 0xBD, 0xE8, 0x1E, 0xFF, 0x2F, 0xE1, 0x70, 0x98, 0xFF, 0x02
	.byte 0xFF, 0xFF, 0x00, 0x00, 0x0F, 0x00, 0x2D, 0xE9, 0xF8, 0x4F, 0x2D, 0xE9, 0x10, 0xD0, 0x4D, 0xE2
	.byte 0xF8, 0x41, 0x9F, 0xE5, 0xB8, 0x64, 0xDD, 0xE1, 0x4C, 0x10, 0x9D, 0xE5, 0x50, 0x55, 0x94, 0xE5
	.byte 0x4C, 0x10, 0x8D, 0xE5, 0x00, 0xA0, 0xA0, 0xE1, 0x00, 0x20, 0x8D, 0xE5, 0x04, 0x30, 0x8D, 0xE5
	.byte 0x00, 0x00, 0x56, 0xE3, 0x71, 0x00, 0x00, 0x0A, 0x81, 0x0F, 0x56, 0xE3, 0x6F, 0x00, 0x00, 0x8A
	.byte 0x01, 0x4C, 0x85, 0xE2, 0xB8, 0x08, 0xD4, 0xE1, 0x00, 0x00, 0x5A, 0xE1, 0x6B, 0x00, 0x00, 0x0A
	.byte 0x10, 0x00, 0x5A, 0xE3, 0x69, 0x00, 0x00, 0x2A, 0x01, 0x00, 0x16, 0xE3, 0x67, 0x00, 0x00, 0x1A
	.byte 0x7E, 0x0F, 0x85, 0xE2, 0x0A, 0x92, 0x80, 0xE0, 0x01, 0x00, 0xA0, 0xE3, 0x0C, 0x00, 0x8D, 0xE5
	.byte 0x60, 0x00, 0x00, 0xEA, 0x0C, 0x00, 0x9D, 0xE5, 0x02, 0xB0, 0xA0, 0xE3, 0x01, 0x00, 0x50, 0xE3
	.byte 0x3C, 0x10, 0x8D, 0x02, 0x00, 0x10, 0x9D, 0x15, 0x00, 0x00, 0xA0, 0x03, 0x0C, 0x00, 0x8D, 0x05
	.byte 0x01, 0x00, 0xA0, 0x11, 0x02, 0x00, 0x80, 0x12, 0xB0, 0x10, 0xD1, 0xE1, 0x00, 0x00, 0x8D, 0x15
	.byte 0x01, 0x0C, 0xA0, 0xE1, 0x02, 0x60, 0x46, 0x12, 0xA0, 0x7B, 0xB0, 0xE1, 0x02, 0x7C, 0xA0, 0x03
	.byte 0x01, 0x0A, 0x11, 0xE3, 0x01, 0x20, 0xA0, 0x13, 0x00, 0x20, 0xA0, 0x03, 0x02, 0x0B, 0x11, 0xE3
	.byte 0x01, 0x30, 0xA0, 0x13, 0x00, 0x30, 0xA0, 0x03, 0x00, 0x00, 0x52, 0xE3, 0x00, 0xB0, 0xA0, 0x03
	.byte 0x02, 0x00, 0xA0, 0xE3, 0x00, 0x00, 0x53, 0xE3, 0x00, 0x00, 0xA0, 0x03, 0x00, 0x00, 0x87, 0xE0
	.byte 0x0B, 0x00, 0x80, 0xE0, 0x28, 0x81, 0x9F, 0xE5, 0x00, 0x60, 0x56, 0xE0, 0x43, 0x00, 0x00, 0x4A
	.byte 0x0F, 0x1C, 0x01, 0xE2, 0x01, 0x00, 0x53, 0xE3, 0x01, 0x14, 0xA0, 0xE1, 0x00, 0x30, 0x9D, 0xE5
	.byte 0x21, 0xB8, 0xA0, 0xE1, 0x00, 0x10, 0x9D, 0xE5, 0x00, 0x00, 0x83, 0xE0, 0x08, 0x10, 0x8D, 0xE5
	.byte 0x07, 0x10, 0x81, 0xE0, 0x00, 0x00, 0x8D, 0xE5, 0x0E, 0x00, 0x00, 0x1A, 0x8B, 0x0E, 0xA0, 0xE1
	.byte 0x20, 0x0E, 0xA0, 0xE1, 0xB0, 0x30, 0x99, 0xE1, 0xB2, 0x80, 0xD1, 0xE0, 0x01, 0x00, 0x13, 0xE3
	.byte 0x88, 0x30, 0xA0, 0x11, 0xB0, 0x30, 0x89, 0x11, 0x06, 0x00, 0x00, 0x1A, 0x88, 0x80, 0xA0, 0xE1
	.byte 0x08, 0x30, 0x43, 0xE0, 0x03, 0x38, 0xA0, 0xE1, 0x23, 0x38, 0xA0, 0xE1, 0x01, 0x0C, 0x53, 0xE3
	.byte 0x28, 0x00, 0x00, 0x3A, 0xB0, 0x80, 0x89, 0xE1, 0x01, 0x00, 0x52, 0xE3, 0x04, 0x00, 0x00, 0x1A
	.byte 0xB0, 0x20, 0xD1, 0xE1, 0xB8, 0x18, 0xD4, 0xE1, 0x01, 0x00, 0xA0, 0xE3, 0x10, 0x01, 0x12, 0xE1
	.byte 0x20, 0x00, 0x00, 0x0A, 0x00, 0x00, 0x57, 0xE3, 0x1E, 0x00, 0x00, 0xDA, 0x7E, 0x7D, 0x20, 0xEB
	.byte 0x82, 0x10, 0xA0, 0xE3, 0xB0, 0x10, 0xC0, 0xE1, 0x00, 0x10, 0xA0, 0xE3, 0xB2, 0x10, 0xC0, 0xE1
	.byte 0x15, 0x10, 0xA0, 0xE3, 0xB4, 0x10, 0xC0, 0xE1, 0x4C, 0x10, 0x9D, 0xE5, 0xB6, 0xB0, 0xC0, 0xE1
	.byte 0x08, 0x10, 0x80, 0xE5, 0x08, 0x10, 0x9D, 0xE5, 0x0C, 0x10, 0x80, 0xE5, 0xB0, 0x71, 0xC0, 0xE1
	.byte 0xB2, 0xA1, 0xC0, 0xE1, 0x04, 0x10, 0x9D, 0xE5, 0xBE, 0x13, 0xC0, 0xE1, 0xB8, 0x18, 0xD4, 0xE1
	.byte 0xB0, 0x12, 0xC0, 0xE1, 0xBA, 0x81, 0xC0, 0xE1, 0xB8, 0x18, 0xD4, 0xE1, 0xB0, 0x23, 0xD5, 0xE1
	.byte 0x00, 0x00, 0x51, 0xE3, 0xB2, 0x33, 0xD5, 0xE1, 0x02, 0x10, 0xA0, 0x01, 0x03, 0x10, 0xA0, 0x11
	.byte 0xB0, 0x14, 0xC0, 0xE1, 0xB8, 0x18, 0xD4, 0xE1, 0x00, 0x00, 0x51, 0xE3, 0x02, 0x30, 0xA0, 0x11
	.byte 0xB2, 0x34, 0xC0, 0xE1, 0x4D, 0x7D, 0x20, 0xEB, 0x00, 0x00, 0x56, 0xE3, 0x9C, 0xFF, 0xFF, 0xCA
	.byte 0x10, 0xD0, 0x8D, 0xE2, 0xF8, 0x4F, 0xBD, 0xE8, 0x10, 0xD0, 0x8D, 0xE2, 0x1E, 0xFF, 0x2F, 0xE1
	.byte 0x70, 0x98, 0xFF, 0x02, 0xFF, 0xFF, 0x00, 0x00, 0x70, 0x40, 0x2D, 0xE9, 0x01, 0x60, 0xA0, 0xE1
	.byte 0x00, 0x50, 0xA0, 0xE1, 0x02, 0x09, 0x16, 0xE3, 0x84, 0x00, 0x9F, 0x15, 0x03, 0x40, 0xA0, 0xE1
	.byte 0x00, 0x60, 0x06, 0x10, 0x1C, 0x00, 0x86, 0x02, 0x00, 0x01, 0xA0, 0x01, 0x66, 0x60, 0x80, 0x02
	.byte 0x02, 0x00, 0xA0, 0xE1, 0xAB, 0x6C, 0x20, 0xEB, 0x96, 0x00, 0x02, 0xE0, 0x64, 0x10, 0x9F, 0xE5
	.byte 0x22, 0x00, 0x85, 0xE2, 0x00, 0x31, 0xA0, 0xE1, 0xB0, 0x10, 0xD1, 0xE1, 0x02, 0x00, 0x44, 0xE2
	.byte 0x60, 0x30, 0x83, 0xE2, 0xE2, 0x2F, 0x82, 0xE2, 0x02, 0x40, 0x83, 0xE0, 0x01, 0x30, 0x50, 0xE0
	.byte 0x02, 0x00, 0x00, 0x5A, 0x07, 0x00, 0x83, 0xE2, 0x01, 0x3C, 0x90, 0xE2, 0xFC, 0xFF, 0xFF, 0x4A
	.byte 0x34, 0x20, 0x9F, 0xE5, 0x83, 0x13, 0x63, 0xE0, 0xA1, 0x0F, 0xA0, 0xE1, 0x92, 0x11, 0xC3, 0xE0
	.byte 0xC3, 0x31, 0x80, 0xE0, 0x0A, 0x00, 0xA0, 0xE3, 0x93, 0x00, 0x00, 0xE0, 0x04, 0x00, 0x50, 0xE1
	.byte 0x00, 0x30, 0xA0, 0x33, 0x03, 0x08, 0xA0, 0xE1, 0x20, 0x08, 0xA0, 0xE1, 0x70, 0x40, 0xBD, 0xE8
	.byte 0x1E, 0xFF, 0x2F, 0xE1, 0xFF, 0x7F, 0x00, 0x00, 0x06, 0x00, 0x00, 0x04, 0x67, 0x66, 0x66, 0x66
	.byte 0x38, 0x40, 0x2D, 0xE9, 0x0A, 0xDD, 0x4D, 0xE2, 0x7C, 0x10, 0x9F, 0xE5, 0x04, 0x00, 0x90, 0xE5
	.byte 0x50, 0x55, 0x91, 0xE5, 0x00, 0x40, 0x8D, 0xE2, 0xB6, 0x0F, 0xC5, 0xE1, 0x04, 0x00, 0xA0, 0xE1
	.byte 0xE8, 0x10, 0x85, 0xE2, 0x61, 0xE2, 0xFF, 0xEB, 0xBC, 0x1E, 0xD5, 0xE1, 0x80, 0x00, 0x8D, 0xE2
	.byte 0x10, 0x10, 0x81, 0xE2, 0x01, 0x18, 0xA0, 0xE1, 0x04, 0x20, 0xA0, 0xE1, 0x21, 0x18, 0xA0, 0xE1
	.byte 0x53, 0xEB, 0xFF, 0xEB, 0x00, 0x40, 0xA0, 0xE1, 0x1B, 0x7D, 0x20, 0xEB, 0x21, 0x10, 0xA0, 0xE3
	.byte 0xB0, 0x10, 0xC0, 0xE1, 0xB4, 0x10, 0xD4, 0xE1, 0x00, 0x00, 0x51, 0xE3, 0x00, 0x10, 0xA0, 0x03
	.byte 0xB2, 0x10, 0xC0, 0x01, 0x01, 0x10, 0xA0, 0x13, 0xB2, 0x10, 0xC0, 0x11, 0x91, 0x1F, 0x81, 0x12
	.byte 0xB4, 0x10, 0xC0, 0x11, 0xB4, 0x10, 0xD4, 0x11, 0xB6, 0x10, 0xC0, 0x11, 0xFB, 0x7C, 0x20, 0xEB
	.byte 0x0A, 0xDD, 0x8D, 0xE2, 0x38, 0x40, 0xBD, 0xE8, 0x1E, 0xFF, 0x2F, 0xE1, 0x70, 0x98, 0xFF, 0x02
	.byte 0xF0, 0x41, 0x2D, 0xE9, 0x82, 0xDF, 0x4D, 0xE2, 0x00, 0x70, 0x8D, 0xE2, 0x04, 0x00, 0x80, 0xE2
	.byte 0x07, 0x10, 0xA0, 0xE1, 0x06, 0x20, 0xA0, 0xE3, 0x85, 0x56, 0x20, 0xEB, 0x00, 0x80, 0xA0, 0xE3
	.byte 0x08, 0x60, 0x8D, 0xE2, 0x13, 0x50, 0xA0, 0xE3, 0x0C, 0x00, 0x00, 0xEA, 0x06, 0x00, 0xA0, 0xE1
	.byte 0x07, 0x10, 0xA0, 0xE1, 0x05, 0x20, 0xA0, 0xE1, 0x43, 0xE9, 0xFF, 0xEB, 0x00, 0x40, 0xA0, 0xE1
	.byte 0xB4, 0x00, 0xD4, 0xE1, 0x00, 0x00, 0x50, 0xE3, 0x06, 0x00, 0x00, 0x0A, 0x07, 0x00, 0x50, 0xE3
	.byte 0x01, 0x00, 0x00, 0x0A, 0x0C, 0x00, 0x50, 0xE3, 0x02, 0x00, 0x00, 0x1A, 0x01, 0x80, 0x88, 0xE2
	.byte 0x02, 0x00, 0x58, 0xE3, 0xF0, 0xFF, 0xFF, 0xBA, 0xEF, 0x7C, 0x20, 0xEB, 0x22, 0x10, 0xA0, 0xE3
	.byte 0xB0, 0x10, 0xC0, 0xE1, 0xB4, 0x10, 0xD4, 0xE1, 0x00, 0x00, 0x51, 0xE3, 0x00, 0x10, 0xA0, 0x03
	.byte 0xB2, 0x10, 0xC0, 0x01, 0x01, 0x10, 0xA0, 0x13, 0xB2, 0x10, 0xC0, 0x11, 0x05, 0x10, 0xA0, 0x13
	.byte 0xB4, 0x10, 0xC0, 0x11, 0xB4, 0x10, 0xD4, 0x11, 0xB6, 0x10, 0xC0, 0x11, 0xCF, 0x7C, 0x20, 0xEB
	.byte 0x82, 0xDF, 0x8D, 0xE2, 0xF0, 0x41, 0xBD, 0xE8, 0x1E, 0xFF, 0x2F, 0xE1, 0x10, 0x40, 0x2D, 0xE9
	.byte 0x04, 0x30, 0x90, 0xE5, 0x60, 0x10, 0x9F, 0xE5, 0x4C, 0x35, 0x81, 0xE5, 0x08, 0x20, 0x90, 0xE5
	.byte 0x50, 0x25, 0x81, 0xE5, 0x00, 0x20, 0x83, 0xE5, 0x0C, 0x10, 0x90, 0xE5, 0x08, 0x10, 0x83, 0xE5
	.byte 0x10, 0x40, 0x90, 0xE5, 0xD4, 0x02, 0x00, 0xEB, 0x00, 0x00, 0x50, 0xE3, 0x04, 0x00, 0x00, 0x0A
	.byte 0xD1, 0x7C, 0x20, 0xEB, 0x00, 0x10, 0xA0, 0xE3, 0xB0, 0x10, 0xC0, 0xE1, 0x03, 0x10, 0xA0, 0xE3
	.byte 0x05, 0x00, 0x00, 0xEA, 0x04, 0x00, 0xA0, 0xE1, 0x08, 0x00, 0x00, 0xEB, 0xCA, 0x7C, 0x20, 0xEB
	.byte 0x03, 0x10, 0xA0, 0xE3, 0xB0, 0x10, 0xC0, 0xE1, 0x00, 0x10, 0xA0, 0xE3, 0xB2, 0x10, 0xC0, 0xE1
	.byte 0xB2, 0x7C, 0x20, 0xEB, 0x10, 0x40, 0xBD, 0xE8, 0x1E, 0xFF, 0x2F, 0xE1, 0x70, 0x98, 0xFF, 0x02
	.byte 0xF0, 0x47, 0x2D, 0xE9, 0x90, 0x11, 0x9F, 0xE5, 0x00, 0x50, 0xA0, 0xE3, 0x50, 0x95, 0x91, 0xE5
	.byte 0x00, 0xA0, 0xA0, 0xE1, 0x4C, 0x65, 0x91, 0xE5, 0x01, 0x40, 0xA0, 0xE3, 0x05, 0x70, 0xA0, 0xE1
	.byte 0x41, 0x54, 0x20, 0xEB, 0x0C, 0x10, 0x99, 0xE5, 0x00, 0x80, 0xA0, 0xE1, 0x01, 0x00, 0x51, 0xE3
	.byte 0x03, 0x00, 0x00, 0x1A, 0x0C, 0x70, 0x89, 0xE5, 0x04, 0x70, 0xA0, 0xE1, 0x37, 0xF7, 0xFF, 0xEB
	.byte 0xB8, 0xE2, 0xFF, 0xEB, 0x01, 0xCC, 0x89, 0xE2, 0xB2, 0x58, 0xCC, 0xE1, 0xB6, 0x58, 0xC9, 0xE1
	.byte 0x14, 0x50, 0x89, 0xE5, 0x10, 0x50, 0x89, 0xE5, 0x1C, 0x50, 0x89, 0xE5, 0xBE, 0x5C, 0xC9, 0xE1
	.byte 0xB2, 0x5C, 0xC9, 0xE1, 0xB8, 0x45, 0xC9, 0xE1, 0xBA, 0x45, 0xC9, 0xE1, 0x06, 0x00, 0xA0, 0xE3
	.byte 0xBC, 0x05, 0xC9, 0xE1, 0xB8, 0x59, 0xC9, 0xE1, 0xB2, 0x59, 0xC9, 0xE1, 0xB4, 0x59, 0xC9, 0xE1
	.byte 0xBA, 0x59, 0xC9, 0xE1, 0xBC, 0x59, 0xC9, 0xE1, 0xB8, 0x05, 0xD9, 0xE1, 0x07, 0x3C, 0x89, 0xE2
	.byte 0xB0, 0x0C, 0xC3, 0xE1, 0xBA, 0x05, 0xD9, 0xE1, 0x05, 0x10, 0xA0, 0xE1, 0xB2, 0x0C, 0xC3, 0xE1
	.byte 0xBC, 0x25, 0xD9, 0xE1, 0x67, 0x0F, 0x89, 0xE2, 0xB4, 0x2C, 0xC3, 0xE1, 0xB8, 0xE9, 0xD9, 0xE1
	.byte 0x50, 0x20, 0xA0, 0xE3, 0xBA, 0xEC, 0xC3, 0xE1, 0xB2, 0xE9, 0xD9, 0xE1, 0xB6, 0xEC, 0xC3, 0xE1
	.byte 0xB4, 0xE9, 0xD9, 0xE1, 0xB8, 0xEC, 0xC3, 0xE1, 0xBA, 0xE9, 0xD9, 0xE1, 0xBC, 0xEC, 0xC3, 0xE1
	.byte 0x98, 0x51, 0x89, 0xE5, 0xB6, 0x59, 0xCC, 0xE1, 0xE8, 0x55, 0x20, 0xEB, 0xD7, 0xE2, 0xFF, 0xEB
	.byte 0x41, 0x0F, 0xA0, 0xE3, 0xB0, 0x04, 0xC9, 0xE1, 0xF0, 0x00, 0xA0, 0xE3, 0xB2, 0x04, 0xC9, 0xE1
	.byte 0xFA, 0x0F, 0xA0, 0xE3, 0xB4, 0x04, 0xC9, 0xE1, 0xB6, 0x54, 0xC9, 0xE1, 0x83, 0x0F, 0x64, 0xE2
	.byte 0x48, 0x00, 0x89, 0xE5, 0x4C, 0x50, 0x89, 0xE5, 0x50, 0x50, 0x89, 0xE5, 0x54, 0x50, 0x89, 0xE5
	.byte 0xB6, 0x5C, 0xC9, 0xE1, 0x01, 0x0C, 0x89, 0xE2, 0xBE, 0x4E, 0xC0, 0xE1, 0x08, 0x00, 0xA0, 0xE1
	.byte 0xC8, 0xA0, 0x89, 0xE5, 0x05, 0x54, 0x20, 0xEB, 0x00, 0x00, 0x57, 0xE3, 0x01, 0x00, 0x00, 0x0A
	.byte 0x01, 0x08, 0x64, 0xE2, 0x15, 0xFE, 0xFF, 0xEB, 0x00, 0x20, 0xA0, 0xE3, 0x02, 0x19, 0xA0, 0xE3
	.byte 0x02, 0x02, 0x86, 0xE0, 0x01, 0x20, 0x82, 0xE2, 0xD0, 0x10, 0x80, 0xE5, 0x20, 0x00, 0x52, 0xE3
	.byte 0xFA, 0xFF, 0xFF, 0xBA, 0x04, 0x00, 0xA0, 0xE1, 0x7E, 0x1F, 0x89, 0xE2, 0x01, 0x2C, 0xA0, 0xE3
	.byte 0x63, 0x55, 0x20, 0xEB, 0xEA, 0xE7, 0xFF, 0xEB, 0xC7, 0x0F, 0x89, 0xE2, 0x01, 0x0B, 0x80, 0xE2
	.byte 0xF1, 0x4D, 0x20, 0xEB, 0xE4, 0xF6, 0xFF, 0xEB, 0x1C, 0x00, 0x9F, 0xE5, 0x02, 0x00, 0x1A, 0xE3
	.byte 0x90, 0x45, 0x80, 0xE5, 0x01, 0x00, 0x00, 0x1A, 0x0F, 0x00, 0xA0, 0xE3, 0xA4, 0x6B, 0x20, 0xEB
	.byte 0xB0, 0x40, 0xC9, 0xE1, 0xF0, 0x47, 0xBD, 0xE8, 0x1E, 0xFF, 0x2F, 0xE1, 0x70, 0x98, 0xFF, 0x02
	.byte 0x70, 0x40, 0x2D, 0xE9, 0x5C, 0x00, 0x9F, 0xE5, 0x5C, 0x50, 0x9F, 0xE5, 0x50, 0x65, 0x90, 0xE5
	.byte 0xB0, 0x00, 0xD6, 0xE1, 0x01, 0x00, 0x50, 0xE3, 0x05, 0x00, 0x00, 0x0A, 0x52, 0x7C, 0x20, 0xEB
	.byte 0x04, 0x10, 0xA0, 0xE3, 0xB0, 0x10, 0xC0, 0xE1, 0x03, 0x10, 0xA0, 0xE3, 0xB2, 0x10, 0xC0, 0xE1
	.byte 0x09, 0x00, 0x00, 0xEA, 0x01, 0x00, 0xA0, 0xE3, 0x91, 0x6B, 0x20, 0xEB, 0x00, 0x40, 0xA0, 0xE3
	.byte 0xB0, 0x40, 0xC6, 0xE1, 0x01, 0x0A, 0x85, 0xE2, 0x90, 0x45, 0x80, 0xE5, 0x46, 0x7C, 0x20, 0xEB
	.byte 0x04, 0x10, 0xA0, 0xE3, 0xB0, 0x10, 0xC0, 0xE1, 0xB2, 0x40, 0xC0, 0xE1, 0x2F, 0x7C, 0x20, 0xEB
	.byte 0x70, 0x40, 0xBD, 0xE8, 0x1E, 0xFF, 0x2F, 0xE1, 0x70, 0x98, 0xFF, 0x02, 0x70, 0x88, 0xFF, 0x02
	.byte 0x38, 0x40, 0x2D, 0xE9, 0xA4, 0x00, 0x9F, 0xE5, 0x05, 0x40, 0xA0, 0xE3, 0x50, 0x55, 0x90, 0xE5
	.byte 0xB0, 0x00, 0xD5, 0xE1, 0x01, 0x00, 0x50, 0xE3, 0x03, 0x00, 0x00, 0x0A, 0x36, 0x7C, 0x20, 0xEB
	.byte 0xB0, 0x40, 0xC0, 0xE1, 0x03, 0x10, 0xA0, 0xE3, 0x1C, 0x00, 0x00, 0xEA, 0x12, 0x4D, 0x20, 0xEB
	.byte 0x01, 0x00, 0x50, 0xE3, 0x01, 0x00, 0x00, 0x1A, 0x00, 0x00, 0xA0, 0xE3, 0x61, 0x12, 0xFF, 0xEB
	.byte 0x02, 0x00, 0x8D, 0xE2, 0x00, 0x10, 0x8D, 0xE2, 0x19, 0x00, 0x00, 0xEB, 0x00, 0x00, 0x50, 0xE3
	.byte 0x0D, 0x00, 0x00, 0x1A, 0x08, 0x4D, 0x20, 0xEB, 0x01, 0x00, 0x50, 0xE3, 0x01, 0x00, 0x00, 0x1A
	.byte 0x01, 0x00, 0xA0, 0xE3, 0x57, 0x12, 0xFF, 0xEB, 0x23, 0x7C, 0x20, 0xEB, 0xB0, 0x40, 0xC0, 0xE1
	.byte 0x01, 0x10, 0xA0, 0xE3, 0xB2, 0x10, 0xC0, 0xE1, 0xB2, 0x10, 0xDD, 0xE1, 0xB4, 0x10, 0xC0, 0xE1
	.byte 0xB0, 0x10, 0xDD, 0xE1, 0xB6, 0x10, 0xC0, 0xE1, 0x05, 0x00, 0x00, 0xEA, 0x02, 0x00, 0xA0, 0xE3
	.byte 0xB0, 0x00, 0xC5, 0xE1, 0x18, 0x7C, 0x20, 0xEB, 0xB0, 0x40, 0xC0, 0xE1, 0x00, 0x10, 0xA0, 0xE3
	.byte 0xB2, 0x10, 0xC0, 0xE1, 0x01, 0x7C, 0x20, 0xEB, 0x38, 0x40, 0xBD, 0xE8, 0x1E, 0xFF, 0x2F, 0xE1
	.byte 0x70, 0x98, 0xFF, 0x02, 0xF8, 0x4F, 0x2D, 0xE9, 0x02, 0xDC, 0x4D, 0xE2, 0xC4, 0x21, 0x9F, 0xE5
	.byte 0x00, 0xB0, 0x8D, 0xE2, 0x00, 0xA0, 0xA0, 0xE1, 0x0B, 0x00, 0xA0, 0xE1, 0x01, 0x90, 0xA0, 0xE1
	.byte 0x50, 0x85, 0x92, 0xE5, 0x00, 0x70, 0xA0, 0xE3, 0x82, 0xEA, 0xFF, 0xEB, 0xB4, 0x10, 0xD0, 0xE1
	.byte 0x00, 0x00, 0x51, 0xE3, 0xC1, 0x1F, 0xA0, 0x13, 0xB0, 0x10, 0xCA, 0x11, 0xB4, 0x10, 0xD0, 0x11
	.byte 0x07, 0x00, 0xA0, 0x11, 0xB0, 0x10, 0xC9, 0x11, 0x5F, 0x00, 0x00, 0x1A, 0x0B, 0x00, 0xA0, 0xE1
	.byte 0x6C, 0xEA, 0xFF, 0xEB, 0xB4, 0x10, 0xD0, 0xE1, 0x00, 0x00, 0x51, 0xE3, 0x78, 0x11, 0x9F, 0x15
	.byte 0xB0, 0x10, 0xCA, 0x11, 0xB4, 0x10, 0xD0, 0x11, 0x07, 0x00, 0xA0, 0x11, 0xB0, 0x10, 0xC9, 0x11
	.byte 0x55, 0x00, 0x00, 0x1A, 0x64, 0x11, 0x9F, 0xE5, 0xC8, 0x00, 0xA0, 0xE3, 0xB0, 0x00, 0xC1, 0xE1
	.byte 0x7D, 0x0E, 0xA0, 0xE3, 0xB4, 0x00, 0xC1, 0xE1, 0x54, 0x41, 0x9F, 0xE5, 0x0B, 0x00, 0xA0, 0xE1
	.byte 0xBC, 0x42, 0xC1, 0xE1, 0x4A, 0xEA, 0xFF, 0xEB, 0xB4, 0x10, 0xD0, 0xE1, 0x00, 0x00, 0x51, 0xE3
	.byte 0x81, 0x10, 0x84, 0x12, 0xB0, 0x10, 0xCA, 0x11, 0xB4, 0x10, 0xD0, 0x11, 0x07, 0x00, 0xA0, 0x11
	.byte 0xB0, 0x10, 0xC9, 0x11, 0x44, 0x00, 0x00, 0x1A, 0xB6, 0x20, 0xD0, 0xE1, 0x01, 0x1C, 0x88, 0xE2
	.byte 0x82, 0x07, 0xA0, 0xE1, 0x20, 0x08, 0xA0, 0xE1, 0xB4, 0x2F, 0xC1, 0xE1, 0xF3, 0x7B, 0x20, 0xEB
	.byte 0x01, 0x1C, 0x88, 0xE2, 0xB6, 0x0F, 0xC1, 0xE1, 0x08, 0x11, 0x9F, 0xE5, 0x0B, 0x00, 0xA0, 0xE1
	.byte 0x28, 0x20, 0xA0, 0xE3, 0x05, 0x30, 0xA0, 0xE3, 0x9C, 0xE9, 0xFF, 0xEB, 0xF8, 0x00, 0x9F, 0xE5
	.byte 0x02, 0x60, 0xA0, 0xE3, 0xB8, 0x07, 0x88, 0xE5, 0xBC, 0x77, 0x88, 0xE5, 0x01, 0x0C, 0x88, 0xE2
	.byte 0xBC, 0x6E, 0xC0, 0xE1, 0x01, 0x50, 0xA0, 0xE3, 0xBE, 0x5E, 0xC0, 0xE1, 0x0B, 0x00, 0xA0, 0xE1
	.byte 0x53, 0xEA, 0xFF, 0xEB, 0x00, 0x40, 0xA0, 0xE1, 0xB4, 0x00, 0xD4, 0xE1, 0x00, 0x00, 0x50, 0xE3
	.byte 0xC1, 0x0F, 0x86, 0x12, 0xB0, 0x00, 0xCA, 0x11, 0xB4, 0x10, 0xD4, 0x11, 0x07, 0x00, 0xA0, 0x11
	.byte 0xB0, 0x10, 0xC9, 0x11, 0x24, 0x00, 0x00, 0x1A, 0x06, 0x00, 0x84, 0xE2, 0x20, 0x10, 0x88, 0xE2
	.byte 0x08, 0x20, 0xA0, 0xE3, 0xC0, 0x54, 0x20, 0xEB, 0xBE, 0x10, 0xD4, 0xE1, 0x0B, 0x00, 0xA0, 0xE1
	.byte 0xB8, 0x12, 0xC8, 0xE1, 0xB0, 0x11, 0xD4, 0xE1, 0xBC, 0x12, 0xC8, 0xE1, 0xB2, 0x11, 0xD4, 0xE1
	.byte 0xBE, 0x12, 0xC8, 0xE1, 0xB4, 0x11, 0xD4, 0xE1, 0xBA, 0x12, 0xC8, 0xE1, 0x0E, 0xEA, 0xFF, 0xEB
	.byte 0xB4, 0x10, 0xD0, 0xE1, 0x00, 0x00, 0x51, 0xE3, 0x0A, 0x1D, 0x85, 0x12, 0xB0, 0x10, 0xCA, 0x11
	.byte 0xB4, 0x10, 0xD0, 0x11, 0x07, 0x00, 0xA0, 0x11, 0xB0, 0x10, 0xC9, 0x11, 0x0E, 0x00, 0x00, 0x1A
	.byte 0x06, 0x00, 0x80, 0xE2, 0xE0, 0x10, 0x88, 0xE2, 0x06, 0x20, 0xA0, 0xE3, 0x2C, 0x55, 0x20, 0xEB
	.byte 0x0B, 0x00, 0xA0, 0xE1, 0x05, 0x10, 0xA0, 0xE1, 0x9B, 0xE9, 0xFF, 0xEB, 0xB4, 0x10, 0xD0, 0xE1
	.byte 0x00, 0x00, 0x51, 0xE3, 0x85, 0x1F, 0x85, 0x12, 0xB0, 0x10, 0xCA, 0x11, 0xB4, 0x10, 0xD0, 0x11
	.byte 0x07, 0x00, 0xA0, 0x11, 0xB0, 0x10, 0xC9, 0x11, 0x05, 0x00, 0xA0, 0x01, 0x02, 0xDC, 0x8D, 0xE2
	.byte 0xF8, 0x4F, 0xBD, 0xE8, 0x1E, 0xFF, 0x2F, 0xE1, 0x70, 0x98, 0xFF, 0x02, 0x02, 0x03, 0x00, 0x00
	.byte 0x24, 0x81, 0x80, 0x04, 0x02, 0x02, 0x00, 0x00, 0xFF, 0xFF, 0x00, 0x00, 0x21, 0xF6, 0x1F, 0x00
	.byte 0x70, 0x40, 0x2D, 0xE9, 0x02, 0xDC, 0x4D, 0xE2, 0x98, 0x00, 0x9F, 0xE5, 0x06, 0x50, 0xA0, 0xE3
	.byte 0x50, 0x65, 0x90, 0xE5, 0xB0, 0x00, 0xD6, 0xE1, 0x02, 0x00, 0x50, 0xE3, 0x03, 0x00, 0x00, 0x0A
	.byte 0x8D, 0x7B, 0x20, 0xEB, 0xB0, 0x50, 0xC0, 0xE1, 0x03, 0x10, 0xA0, 0xE3, 0x18, 0x00, 0x00, 0xEA
	.byte 0x00, 0x00, 0x8D, 0xE2, 0xF1, 0xE9, 0xFF, 0xEB, 0x00, 0x40, 0xA0, 0xE1, 0xB4, 0x00, 0xD4, 0xE1
	.byte 0x00, 0x00, 0x50, 0xE3, 0x08, 0x00, 0x00, 0x0A, 0x83, 0x7B, 0x20, 0xEB, 0xB0, 0x50, 0xC0, 0xE1
	.byte 0x01, 0x10, 0xA0, 0xE3, 0xB2, 0x10, 0xC0, 0xE1, 0x03, 0x1C, 0x81, 0xE2, 0xB4, 0x10, 0xC0, 0xE1
	.byte 0xB4, 0x10, 0xD4, 0xE1, 0xB6, 0x10, 0xC0, 0xE1, 0x0A, 0x00, 0x00, 0xEA, 0x5A, 0x4C, 0x20, 0xEB
	.byte 0x01, 0x00, 0x50, 0xE3, 0x01, 0x00, 0x00, 0x1A, 0x00, 0x00, 0xA0, 0xE3, 0x6B, 0x56, 0x20, 0xEB
	.byte 0x01, 0x00, 0xA0, 0xE3, 0xB0, 0x00, 0xC6, 0xE1, 0x73, 0x7B, 0x20, 0xEB, 0xB0, 0x50, 0xC0, 0xE1
	.byte 0x00, 0x10, 0xA0, 0xE3, 0xB2, 0x10, 0xC0, 0xE1, 0x5C, 0x7B, 0x20, 0xEB, 0x02, 0xDC, 0x8D, 0xE2
	.byte 0x70, 0x40, 0xBD, 0xE8, 0x1E, 0xFF, 0x2F, 0xE1, 0x70, 0x98, 0xFF, 0x02, 0xF0, 0x40, 0x2D, 0xE9
	.byte 0x1C, 0xD0, 0x4D, 0xE2, 0x00, 0x60, 0x8D, 0xE2, 0x00, 0x70, 0xA0, 0xE1, 0x06, 0x10, 0xA0, 0xE1
	.byte 0x04, 0x00, 0x87, 0xE2, 0x10, 0x00, 0x00, 0xEB, 0x00, 0x50, 0xA0, 0xE1, 0x62, 0x7B, 0x20, 0xEB
	.byte 0x00, 0x40, 0xA0, 0xE1, 0x23, 0x00, 0xA0, 0xE3, 0xB0, 0x00, 0xC4, 0xE1, 0xB2, 0x50, 0xC4, 0xE1
	.byte 0x04, 0x30, 0x97, 0xE5, 0x06, 0x00, 0xA0, 0xE1, 0x08, 0x10, 0x84, 0xE2, 0x1C, 0x20, 0xA0, 0xE3
	.byte 0x04, 0x30, 0x84, 0xE5, 0xDA, 0x54, 0x20, 0xEB, 0x04, 0x00, 0xA0, 0xE1, 0x43, 0x7B, 0x20, 0xEB
	.byte 0x1C, 0xD0, 0x8D, 0xE2, 0xF0, 0x40, 0xBD, 0xE8, 0x1E, 0xFF, 0x2F, 0xE1, 0xF0, 0x47, 0x2D, 0xE9
	.byte 0xF8, 0x22, 0x9F, 0xE5, 0x00, 0x80, 0xA0, 0xE1, 0x50, 0x75, 0x92, 0xE5, 0x00, 0x90, 0xA0, 0xE3
	.byte 0xB0, 0x00, 0xD7, 0xE1, 0x00, 0x60, 0x98, 0xE5, 0xF7, 0x00, 0x80, 0xE2, 0xFF, 0x0C, 0x80, 0xE2
	.byte 0x00, 0x08, 0xA0, 0xE1, 0x20, 0x08, 0xA0, 0xE1, 0x01, 0xA0, 0xA0, 0xE1, 0x01, 0x00, 0x50, 0xE3
	.byte 0x09, 0x50, 0xA0, 0xE1, 0x02, 0x00, 0x00, 0x8A, 0x0B, 0x0B, 0x16, 0xE3, 0x0B, 0x6B, 0xC6, 0x13
	.byte 0x03, 0x50, 0xA0, 0x13, 0xC8, 0x52, 0x20, 0xEB, 0x00, 0x40, 0xA0, 0xE1, 0x00, 0x00, 0x5A, 0xE3
	.byte 0x1D, 0x00, 0x00, 0x0A, 0xA8, 0x02, 0x9F, 0xE5, 0x00, 0x00, 0x8A, 0xE5, 0xB8, 0x05, 0xD7, 0xE1
	.byte 0xB4, 0x00, 0xCA, 0xE1, 0xBA, 0x05, 0xD7, 0xE1, 0xB6, 0x00, 0xCA, 0xE1, 0xBC, 0x05, 0xD7, 0xE1
	.byte 0xB8, 0x00, 0xCA, 0xE1, 0xB0, 0x03, 0xD7, 0xE1, 0xBA, 0x00, 0xCA, 0xE1, 0xB2, 0x03, 0xD7, 0xE1
	.byte 0xBC, 0x00, 0xCA, 0xE1, 0xB4, 0x04, 0xD7, 0xE1, 0xBE, 0x00, 0xCA, 0xE1, 0xB6, 0x04, 0xD7, 0xE1
	.byte 0xB0, 0x01, 0xCA, 0xE1, 0xB0, 0x04, 0xD7, 0xE1, 0xB2, 0x01, 0xCA, 0xE1, 0xB2, 0x04, 0xD7, 0xE1
	.byte 0xB4, 0x01, 0xCA, 0xE1, 0xB8, 0x09, 0xD7, 0xE1, 0xB6, 0x01, 0xCA, 0xE1, 0xB2, 0x09, 0xD7, 0xE1
	.byte 0x18, 0x00, 0xCA, 0xE5, 0xB4, 0x09, 0xD7, 0xE1, 0x19, 0x00, 0xCA, 0xE5, 0xBA, 0x09, 0xD7, 0xE1
	.byte 0x1A, 0x00, 0xCA, 0xE5, 0xBC, 0x09, 0xD7, 0xE1, 0x1B, 0x00, 0xCA, 0xE5, 0x01, 0x00, 0x16, 0xE3
	.byte 0x05, 0x00, 0x00, 0x0A, 0xB4, 0x10, 0xD8, 0xE1, 0x07, 0x0C, 0x87, 0xE2, 0x00, 0x00, 0x51, 0xE3
	.byte 0x10, 0x10, 0xA0, 0x03, 0xB8, 0x15, 0xC7, 0xE1, 0xB0, 0x1C, 0xC0, 0xE1, 0x02, 0x00, 0x16, 0xE3
	.byte 0x08, 0x00, 0x00, 0x0A, 0xB6, 0x10, 0xD8, 0xE1, 0x07, 0x0C, 0x87, 0xE2, 0x00, 0x00, 0x51, 0xE3
	.byte 0x10, 0x10, 0xA0, 0x03, 0xBA, 0x15, 0xC7, 0xE1, 0xB2, 0x1C, 0xC0, 0xE1, 0xF2, 0x06, 0xD7, 0xE1
	.byte 0x01, 0x00, 0x50, 0xE1, 0xB2, 0x16, 0xC7, 0xC1, 0x04, 0x00, 0x16, 0xE3, 0x08, 0x00, 0x00, 0x0A
	.byte 0xB8, 0x10, 0xD8, 0xE1, 0x07, 0x0C, 0x87, 0xE2, 0x00, 0x00, 0x51, 0xE3, 0x10, 0x10, 0xA0, 0x03
	.byte 0xBC, 0x15, 0xC7, 0xE1, 0xB4, 0x1C, 0xC0, 0xE1, 0xF2, 0x06, 0xD7, 0xE1, 0x01, 0x00, 0x50, 0xE1
	.byte 0xB2, 0x16, 0xC7, 0xC1, 0x08, 0x00, 0x16, 0xE3, 0x08, 0x00, 0x00, 0x0A, 0xBA, 0x00, 0xD8, 0xE1
	.byte 0xB4, 0x23, 0xD7, 0xE1, 0x01, 0x10, 0x80, 0xE2, 0x01, 0x10, 0xC1, 0xE3, 0x01, 0x18, 0xA0, 0xE1
	.byte 0x21, 0x08, 0x52, 0xE1, 0x06, 0x50, 0xA0, 0x33, 0x00, 0x00, 0x00, 0x3A, 0x74, 0xE1, 0xFF, 0xEB
	.byte 0x10, 0x00, 0x16, 0xE3, 0x08, 0x00, 0x00, 0x0A, 0xBC, 0x00, 0xD8, 0xE1, 0x01, 0x10, 0x80, 0xE2
	.byte 0x01, 0x10, 0xC1, 0xE3, 0x01, 0x18, 0xA0, 0xE1, 0x21, 0x18, 0xA0, 0xE1, 0x02, 0x0C, 0x51, 0xE3
	.byte 0x06, 0x50, 0xA0, 0x83, 0x00, 0x00, 0x00, 0x8A, 0x74, 0xE1, 0xFF, 0xEB, 0x20, 0x00, 0x16, 0xE3
	.byte 0x10, 0x00, 0x00, 0x0A, 0xBE, 0x00, 0xD8, 0xE1, 0x58, 0x11, 0x9F, 0xE5, 0x01, 0x00, 0x50, 0xE1
	.byte 0x06, 0x50, 0xA0, 0x83, 0x0B, 0x00, 0x00, 0x8A, 0x4C, 0x11, 0x9F, 0xE5, 0xB4, 0x04, 0xC7, 0xE1
	.byte 0x90, 0x21, 0x81, 0xE0, 0x90, 0x19, 0x21, 0xE0, 0x22, 0x23, 0xA0, 0xE1, 0x01, 0x2D, 0x82, 0xE1
	.byte 0x21, 0x13, 0xA0, 0xE1, 0x22, 0x25, 0xA0, 0xE1, 0x01, 0x2B, 0x82, 0xE1, 0x48, 0x20, 0x87, 0xE5
	.byte 0x21, 0x05, 0xA0, 0xE1, 0x4C, 0x00, 0x87, 0xE5, 0x40, 0x00, 0x16, 0xE3, 0x10, 0x00, 0x00, 0x0A
	.byte 0xB0, 0x01, 0xD8, 0xE1, 0x0C, 0x11, 0x9F, 0xE5, 0x01, 0x00, 0x50, 0xE1, 0x06, 0x50, 0xA0, 0x83
	.byte 0x0B, 0x00, 0x00, 0x8A, 0x00, 0x11, 0x9F, 0xE5, 0xB6, 0x04, 0xC7, 0xE1, 0x90, 0x21, 0x81, 0xE0
	.byte 0x90, 0x19, 0x21, 0xE0, 0x22, 0x23, 0xA0, 0xE1, 0x01, 0x2D, 0x82, 0xE1, 0x21, 0x13, 0xA0, 0xE1
	.byte 0x22, 0x25, 0xA0, 0xE1, 0x01, 0x2B, 0x82, 0xE1, 0x50, 0x20, 0x87, 0xE5, 0x21, 0x05, 0xA0, 0xE1
	.byte 0x54, 0x00, 0x87, 0xE5, 0x80, 0x00, 0x16, 0xE3, 0x0A, 0x00, 0x00, 0x0A, 0xB2, 0x11, 0xD8, 0xE1
	.byte 0xBE, 0x00, 0x51, 0xE3, 0x04, 0x00, 0x00, 0x9A, 0xDC, 0x00, 0x51, 0xE3, 0x04, 0x00, 0x00, 0x3A
	.byte 0xB8, 0x00, 0x9F, 0xE5, 0x00, 0x00, 0x51, 0xE1, 0x01, 0x00, 0x00, 0x8A, 0xB0, 0x14, 0xC7, 0xE1
	.byte 0x00, 0x00, 0x00, 0xEA, 0x06, 0x50, 0xA0, 0xE3, 0x01, 0x0C, 0x16, 0xE3, 0x0A, 0x00, 0x00, 0x0A
	.byte 0xB4, 0x11, 0xD8, 0xE1, 0xBE, 0x00, 0x51, 0xE3, 0x04, 0x00, 0x00, 0x9A, 0xDC, 0x00, 0x51, 0xE3
	.byte 0x04, 0x00, 0x00, 0x3A, 0x84, 0x00, 0x9F, 0xE5, 0x00, 0x00, 0x51, 0xE1, 0x01, 0x00, 0x00, 0x8A
	.byte 0xB2, 0x14, 0xC7, 0xE1, 0x00, 0x00, 0x00, 0xEA, 0x06, 0x50, 0xA0, 0xE3, 0x02, 0x0C, 0x16, 0xE3
	.byte 0xB6, 0x11, 0xD8, 0x11, 0x07, 0x0C, 0x87, 0x12, 0xB8, 0x19, 0xC7, 0x11, 0xBA, 0x1C, 0xC0, 0x11
	.byte 0x01, 0x0B, 0x16, 0xE3, 0x18, 0x00, 0xD8, 0x15, 0xB2, 0x09, 0xC7, 0x11, 0x02, 0x0B, 0x16, 0xE3
	.byte 0x19, 0x00, 0xD8, 0x15, 0xB4, 0x09, 0xC7, 0x11, 0x01, 0x0A, 0x16, 0xE3, 0x1A, 0x10, 0xD8, 0x15
	.byte 0x07, 0x0C, 0x87, 0x12, 0xBA, 0x19, 0xC7, 0x11, 0xBA, 0x19, 0xD7, 0x11, 0xBC, 0x1C, 0xC0, 0x11
	.byte 0x02, 0x0A, 0x16, 0xE3, 0x1B, 0x00, 0xD8, 0x15, 0xBC, 0x09, 0xC7, 0x11, 0x04, 0x00, 0xA0, 0xE1
	.byte 0x22, 0x52, 0x20, 0xEB, 0x05, 0x00, 0xA0, 0xE1, 0xF0, 0x47, 0xBD, 0xE8, 0x1E, 0xFF, 0x2F, 0xE1
	.byte 0x70, 0x98, 0xFF, 0x02, 0xFF, 0x3F, 0x00, 0x00, 0x10, 0x27, 0x00, 0x00, 0xEA, 0x82, 0x00, 0x00
	.byte 0x06, 0x01, 0x00, 0x00, 0x10, 0x40, 0x2D, 0xE9, 0x02, 0xDC, 0x4D, 0xE2, 0x04, 0x10, 0x90, 0xE5
	.byte 0x00, 0x00, 0x8D, 0xE2, 0x01, 0x18, 0xA0, 0xE1, 0x21, 0x18, 0xA0, 0xE1, 0xA6, 0xE8, 0xFF, 0xEB
	.byte 0xB4, 0x40, 0xD0, 0xE1, 0x00, 0x00, 0x54, 0xE3, 0x08, 0x00, 0x00, 0x0A, 0x82, 0x7A, 0x20, 0xEB
	.byte 0x24, 0x10, 0xA0, 0xE3, 0xB0, 0x10, 0xC0, 0xE1, 0x01, 0x20, 0xA0, 0xE3, 0x30, 0x10, 0x9F, 0xE5
	.byte 0xB2, 0x20, 0xC0, 0xE1, 0xB4, 0x10, 0xC0, 0xE1, 0xB6, 0x40, 0xC0, 0xE1, 0x04, 0x00, 0x00, 0xEA
	.byte 0x79, 0x7A, 0x20, 0xEB, 0x24, 0x10, 0xA0, 0xE3, 0xB0, 0x10, 0xC0, 0xE1, 0x00, 0x10, 0xA0, 0xE3
	.byte 0xB2, 0x10, 0xC0, 0xE1, 0x61, 0x7A, 0x20, 0xEB, 0x02, 0xDC, 0x8D, 0xE2, 0x10, 0x40, 0xBD, 0xE8
	.byte 0x1E, 0xFF, 0x2F, 0xE1, 0x42, 0x02, 0x00, 0x00, 0x08, 0xC0, 0x9F, 0xE5, 0x01, 0x10, 0xA0, 0xE3
	.byte 0x00, 0x20, 0xA0, 0xE3, 0x1C, 0xFF, 0x2F, 0xE1, 0x18, 0x65, 0xFE, 0x02, 0xF8, 0x43, 0x2D, 0xE9
	.byte 0x23, 0xDE, 0x4D, 0xE2, 0x48, 0x11, 0x9F, 0xE5, 0x00, 0x80, 0xA0, 0xE1, 0x50, 0x95, 0x91, 0xE5
	.byte 0x01, 0x40, 0xA0, 0xE3, 0x00, 0x50, 0xA0, 0xE3, 0x30, 0x60, 0x8D, 0xE2, 0x62, 0x7A, 0x20, 0xEB
	.byte 0x00, 0x70, 0xA0, 0xE1, 0x28, 0x10, 0xA0, 0xE3, 0xB0, 0x10, 0xC7, 0xE1, 0xB0, 0x10, 0xD9, 0xE1
	.byte 0x0B, 0x00, 0x51, 0xE3, 0x02, 0x00, 0x00, 0x0A, 0x03, 0x10, 0xA0, 0xE3, 0xB2, 0x10, 0xC7, 0xE1
	.byte 0x3F, 0x00, 0x00, 0xEA, 0x04, 0x00, 0x98, 0xE5, 0x05, 0x20, 0xA0, 0xE1, 0x01, 0x00, 0x50, 0xE3
	.byte 0x04, 0x00, 0xA0, 0x01, 0x05, 0x00, 0xA0, 0x11, 0x00, 0x18, 0xA0, 0xE1, 0x06, 0x00, 0xA0, 0xE1
	.byte 0x04, 0x30, 0xA0, 0xE1, 0x21, 0x18, 0xA0, 0xE1, 0x16, 0xE6, 0xFF, 0xEB, 0xB4, 0x10, 0xD0, 0xE1
	.byte 0x00, 0x00, 0x51, 0xE3, 0x02, 0x00, 0x00, 0x0A, 0xB2, 0x40, 0xC7, 0xE1, 0xB4, 0x40, 0xC7, 0xE1
	.byte 0x29, 0x00, 0x00, 0xEA, 0xC8, 0x00, 0x9F, 0xE5, 0x06, 0x20, 0xA0, 0xE3, 0x50, 0x85, 0x90, 0xE5
	.byte 0x8A, 0x00, 0x88, 0xE2, 0x01, 0x0C, 0x80, 0xE2, 0xA2, 0x10, 0x88, 0xE2, 0xC4, 0x53, 0x20, 0xEB
	.byte 0xA8, 0x60, 0x88, 0xE5, 0xBC, 0x5A, 0xC8, 0xE1, 0x18, 0x40, 0x88, 0xE5, 0x00, 0x10, 0x8D, 0xE2
	.byte 0x05, 0x00, 0xA0, 0xE1, 0x30, 0x20, 0xA0, 0xE3, 0x35, 0x53, 0x20, 0xEB, 0x06, 0x60, 0xA0, 0xE3
	.byte 0xB0, 0x50, 0xCD, 0xE1, 0xB6, 0x50, 0xCD, 0xE1, 0x01, 0x0C, 0x88, 0xE2, 0xBC, 0x0E, 0xD0, 0xE1
	.byte 0x14, 0x30, 0xA0, 0xE3, 0x02, 0x00, 0x50, 0xE3, 0x8A, 0x00, 0x88, 0xE2, 0x0A, 0x30, 0xA0, 0x13
	.byte 0x18, 0x10, 0x8D, 0xE2, 0x06, 0x20, 0xA0, 0xE1, 0x01, 0x0C, 0x80, 0xE2, 0x0E, 0x30, 0xCD, 0xE5
	.byte 0xAF, 0x53, 0x20, 0xEB, 0x1E, 0x10, 0x8D, 0xE2, 0x06, 0x20, 0xA0, 0xE1, 0xE0, 0x00, 0x88, 0xE2
	.byte 0xAB, 0x53, 0x20, 0xEB, 0x30, 0x00, 0x8D, 0xE2, 0x2C, 0x00, 0x8D, 0xE5, 0x00, 0x10, 0x8D, 0xE2
	.byte 0xF9, 0xE6, 0xFF, 0xEB, 0xB4, 0x10, 0xD0, 0xE1, 0x00, 0x00, 0x51, 0xE3, 0x06, 0x00, 0x00, 0x0A
	.byte 0xB2, 0x40, 0xC7, 0xE1, 0x01, 0x1C, 0xA0, 0xE3, 0xB4, 0x10, 0xC7, 0xE1, 0xB4, 0x10, 0xD0, 0xE1
	.byte 0x07, 0x00, 0xA0, 0xE1, 0xB6, 0x10, 0xC7, 0xE1, 0x01, 0x00, 0x00, 0xEA, 0xB2, 0x50, 0xC7, 0xE1
	.byte 0x07, 0x00, 0xA0, 0xE1, 0x05, 0x7A, 0x20, 0xEB, 0x23, 0xDE, 0x8D, 0xE2, 0xF8, 0x43, 0xBD, 0xE8
	.byte 0x1E, 0xFF, 0x2F, 0xE1, 0x70, 0x98, 0xFF, 0x02, 0x08, 0x40, 0x2D, 0xE9, 0x12, 0x7A, 0x20, 0xEB
	.byte 0x29, 0x10, 0xA0, 0xE3, 0xB0, 0x10, 0xC0, 0xE1, 0x04, 0x10, 0xA0, 0xE3, 0xB2, 0x10, 0xC0, 0xE1
	.byte 0xFA, 0x79, 0x20, 0xEB, 0x08, 0x40, 0xBD, 0xE8, 0x1E, 0xFF, 0x2F, 0xE1, 0x08, 0x40, 0x2D, 0xE9
	.byte 0x09, 0x7A, 0x20, 0xEB, 0x2A, 0x10, 0xA0, 0xE3, 0xB0, 0x10, 0xC0, 0xE1, 0x04, 0x10, 0xA0, 0xE3
	.byte 0xB2, 0x10, 0xC0, 0xE1, 0xF1, 0x79, 0x20, 0xEB, 0x08, 0x40, 0xBD, 0xE8, 0x1E, 0xFF, 0x2F, 0xE1
	.byte 0x00, 0xC0, 0x9F, 0xE5, 0x1C, 0xFF, 0x2F, 0xE1, 0x8C, 0x2B, 0xFE, 0x02, 0x08, 0x40, 0x2D, 0xE9
	.byte 0xDD, 0x4A, 0x20, 0xEB, 0x00, 0x00, 0x50, 0xE3, 0x00, 0x00, 0xA0, 0x03, 0x00, 0x00, 0x00, 0x0A
	.byte 0xCA, 0x76, 0xFE, 0xEB, 0x08, 0x40, 0xBD, 0xE8, 0x1E, 0xFF, 0x2F, 0xE1, 0x08, 0x40, 0x2D, 0xE9
	.byte 0x86, 0x08, 0x00, 0xEB, 0xE1, 0x04, 0x00, 0xEB, 0x60, 0x07, 0x00, 0xEB, 0xE0, 0x00, 0x00, 0xEB
	.byte 0x7F, 0x00, 0x00, 0xEB, 0x28, 0x00, 0x9F, 0xE5, 0x00, 0x00, 0x90, 0xE5, 0x03, 0x1C, 0x80, 0xE2
	.byte 0x1C, 0x03, 0x90, 0xE5, 0xB0, 0x12, 0xD1, 0xE1, 0xFF, 0x00, 0x00, 0xEB, 0x2B, 0x0F, 0x00, 0xEB
	.byte 0x8B, 0x15, 0x00, 0xEB, 0x8D, 0x0E, 0x00, 0xEB, 0x87, 0x03, 0x00, 0xEB, 0x08, 0x40, 0xBD, 0xE8
	.byte 0x1E, 0xFF, 0x2F, 0xE1, 0xF4, 0xFF, 0x80, 0x03

	arm_func_start FUN_02FEA9A8
FUN_02FEA9A8: ; 0x02FEA9A8
	stmdb sp!, {r3, r4, r5, r6, lr}
	sub sp, sp, #0xc
	mov r6, r0
	ldr r1, [r6]
	ldr r5, _02FEAB50 ; =0x0380FFF4
	mov r4, #0
	ldr r2, _02FEAB54 ; =0x00000698
	str r1, [r5]
	mov r0, r4
	bl FUN_037FF5D8
	bl FUN_037FC7FC
	ldr r1, [r5]
	str r0, [r1, #0x314]
	ldr r1, [r6, #0x18]
	ldr r0, [r5]
	str r1, [r0, #0x30c]
	ldr r1, [r6, #0x1c]
	ldr r0, [r5]
	mov r1, r1, lsr #1
	str r1, [r0, #0x310]
	ldr r1, [r5]
	ldr r0, [r1, #0x310]
	cmp r0, #0
	subeq r0, r4, #1
	streq r0, [r1, #0x310]
	add r0, r6, #0x20
	bl FUN_02FEAC1C
	bl FUN_02FF6D20
	ldr r2, _02FEAB58 ; =0x04000304
	mov r0, #0x30
	ldrh r1, [r2]
	mov r4, #2
	orr r1, r1, #2
	strh r1, [r2]
	strh r0, [r2, #-0xfe]
	ldr r0, [r5]
	mov r1, #3
	str r1, [r0, #0x690]
	ldr r0, [r5]
	mov r1, r4
	add r0, r0, #0x96
	add r2, r0, #0x600
	mov r0, #0x3c
	bl FUN_02FF6C74
	ldr r0, [r5]
	mov r1, r4
	add r0, r0, #0x294
	add r2, r0, #0x400
	mov r0, #0x3e
	bl FUN_02FF6C74
	ldr r2, [r6, #0x10]
	ldr r0, [r5]
	mov r1, #0x1c
	str r2, [r0, #0x308]
	ldr r2, [r6, #0x14]
	ldr r0, [r5]
	str r2, [r0, #0x304]
	ldr r0, [r6, #0x30]
	bl FUN_037FBAE4
	mov r1, r0
	ldr r0, [r6, #0x2c]
	bl FUN_02FEAD8C
	bl FUN_02FEAB74
	bl FUN_02FEE640
	bl FUN_02FEFFC4
	bl FUN_02FEE3D0
	bl FUN_02FEC90C
	add r0, sp, #8
	bl FUN_02FF6B98
	cmp r0, #0
	ldrne r0, [r5]
	addne r0, r0, #0x300
	ldrneh r1, [r0, #0x3e]
	orrne r1, r1, #0x80
	strneh r1, [r0, #0x3e]
	bne _02FEAB00
	bl FUN_02FEC67C
	bl FUN_02FED1B8
	bl FUN_02FEBD68
	bl FUN_02FEC6F0
	bl FUN_02FEC790
	bl FUN_02FED348
	bl FUN_02FED4D0
	bl FUN_02FEC728
	bl FUN_02FEB7BC
	bl FUN_02FEBCF0
_02FEAB00:
	ldr r0, [r6, #8]
	ldr r1, _02FEAB5C ; =0x037F86B0
	str r0, [sp]
	ldr r0, [r6, #0xc]
	mov r2, #0
	str r0, [sp, #4]
	ldr r0, [r5]
	ldr r3, [r6, #4]
	add r0, r0, #0x18
	bl FUN_037FCCC4
	ldr r0, [r5]
	add r0, r0, #0x18
	bl FUN_037FCFD4
	bl FUN_02FED834
	ldr r0, [r5]
	add r0, r0, #0x300
	ldrh r0, [r0, #0x3e]
	add sp, sp, #0xc
	ldmia sp!, {r3, r4, r5, r6, lr}
	bx lr
	.balign 4, 0
_02FEAB50: .word 0x0380FFF4
_02FEAB54: .word 0x00000698
_02FEAB58: .word 0x04000304
_02FEAB5C: .word 0x037F86B0
	arm_func_end FUN_02FEA9A8
_02FEAB60:
	.byte 0x08, 0x00, 0x9F, 0xE5, 0x00, 0x00, 0x90, 0xE5, 0x18, 0x00, 0x80, 0xE2, 0x1E, 0xFF, 0x2F, 0xE1
	.byte 0xF4, 0xFF, 0x80, 0x03

	arm_func_start FUN_02FEAB74
FUN_02FEAB74: ; 0x02FEAB74
	stmdb sp!, {r4, lr}
	ldr r0, _02FEABF4 ; =0x0380FFF4
	mov ip, #0
	ldr lr, [r0]
	ldr r3, _02FEABF8 ; =0x0000FFFF
	strh ip, [lr, #0x10]
	strh ip, [lr, #0x12]
	mov r2, ip
_02FEAB94:
	add r0, lr, ip, lsl #1
	strh r3, [r0, #8]
	ldrh r0, [r0, #8]
	mov r1, ip, lsl #1
	add ip, ip, #1
	strh r0, [lr, r1]
	cmp ip, #4
	blo _02FEAB94
	ldr ip, _02FEABF8 ; =0x0000FFFF
	ldr r1, _02FEABFC ; =0x02FF6EB0
	mov r4, #0
_02FEABC0:
	add r3, lr, r4, lsl #3
	strh ip, [r3, #0xbc]
	ldr r0, [r1, r4, lsl #2]
	strh r2, [r3, #0xbe]
	add r4, r4, #1
	str r0, [r3, #0xc0]
	cmp r4, #0x18
	blo _02FEABC0
	mov r0, #3
	mov r1, #0xc
	bl FUN_037F8768
	ldmia sp!, {r4, lr}
	bx lr
	.balign 4, 0
_02FEABF4: .word 0x0380FFF4
_02FEABF8: .word 0x0000FFFF
_02FEABFC: .word 0x02FF6EB0
	arm_func_end FUN_02FEAB74

	arm_func_start FUN_02FEAC00
FUN_02FEAC00: ; 0x02FEAC00
	mvn r3, #0
	mov r2, #0
	str r3, [r0]
	str r3, [r0, #4]
	strh r2, [r0, #8]
	strh r1, [r0, #0xa]
	bx lr
	arm_func_end FUN_02FEAC00

	arm_func_start FUN_02FEAC1C
FUN_02FEAC1C: ; 0x02FEAC1C
	stmdb sp!, {r3, r4, r5, lr}
	ldr r1, _02FEACF0 ; =0x0380FFF4
	ldr r2, [r0]
	ldr r4, [r1]
	mov r1, #2
	str r2, [r4, #0x17c]
	ldr r2, [r0, #4]
	add r5, r4, #0x344
	str r2, [r4, #0x180]
	ldr r2, [r0, #8]
	add r0, r4, #0x188
	str r2, [r4, #0x184]
	bl FUN_02FEAC00
	add r0, r4, #0x194
	mov r1, #3
	bl FUN_02FEAC00
	add r0, r4, #0x1a0
	mov r1, #4
	bl FUN_02FEAC00
	add r0, r4, #0x1ac
	mov r1, #5
	bl FUN_02FEAC00
	add r0, r4, #0x1b8
	mov r1, #6
	bl FUN_02FEAC00
	add r0, r4, #0x1c4
	mov r1, #7
	bl FUN_02FEAC00
	add r0, r4, #0x1d0
	mov r1, #8
	bl FUN_02FEAC00
	add r0, r4, #0x1dc
	mov r1, #9
	bl FUN_02FEAC00
	add r0, r4, #0x1e8
	mov r1, #0xa
	bl FUN_02FEAC00
	add r0, r4, #0x1f4
	mov r1, #0xb
	bl FUN_02FEAC00
	add r0, r4, #0x200
	mov r1, #0xc
	bl FUN_02FEAC00
	add r0, r4, #0x188
	mov r1, #0x81
	bl FUN_037F8A3C
	add r0, r0, #0xc
	str r0, [r5, #0x9c]
	mov r0, #0
	strh r0, [r5, #0xa0]
	strh r0, [r5, #0xa4]
	ldmia sp!, {r3, r4, r5, lr}
	bx lr
	.balign 4, 0
_02FEACF0: .word 0x0380FFF4
	arm_func_end FUN_02FEAC1C
_02FEACF4:
	.byte 0x10, 0x40, 0x2D, 0xE9, 0x48, 0x00, 0x9F, 0xE5, 0x00, 0x40, 0x90, 0xE5
	.byte 0x65, 0x0F, 0x84, 0xE2, 0x10, 0x00, 0x00, 0xEB, 0x1A, 0x0E, 0x84, 0xE2, 0x0E, 0x00, 0x00, 0xEB
	.byte 0x6B, 0x0F, 0x84, 0xE2, 0x0C, 0x00, 0x00, 0xEB, 0x6E, 0x0F, 0x84, 0xE2, 0x0A, 0x00, 0x00, 0xEB
	.byte 0x71, 0x0F, 0x84, 0xE2, 0x08, 0x00, 0x00, 0xEB, 0x1D, 0x0E, 0x84, 0xE2, 0x06, 0x00, 0x00, 0xEB
	.byte 0x77, 0x0F, 0x84, 0xE2, 0x04, 0x00, 0x00, 0xEB, 0x7A, 0x0F, 0x84, 0xE2, 0x02, 0x00, 0x00, 0xEB
	.byte 0x10, 0x40, 0xBD, 0xE8, 0x1E, 0xFF, 0x2F, 0xE1, 0xF4, 0xFF, 0x80, 0x03, 0x70, 0x40, 0x2D, 0xE9
	.byte 0x00, 0x60, 0xA0, 0xE1, 0xB8, 0x00, 0xD6, 0xE1, 0x00, 0x10, 0x96, 0xE5, 0x00, 0x00, 0x50, 0xE3
	.byte 0x07, 0x00, 0x00, 0x0A, 0x00, 0x40, 0xE0, 0xE3, 0x03, 0x00, 0x00, 0xEA, 0x04, 0x50, 0x91, 0xE5
	.byte 0x06, 0x00, 0xA0, 0xE1, 0x56, 0x37, 0x20, 0xEB, 0x05, 0x10, 0xA0, 0xE1, 0x04, 0x00, 0x51, 0xE1
	.byte 0xF9, 0xFF, 0xFF, 0x1A, 0x70, 0x40, 0xBD, 0xE8, 0x1E, 0xFF, 0x2F, 0xE1

	arm_func_start FUN_02FEAD8C
FUN_02FEAD8C: ; 0x02FEAD8C
	stmdb sp!, {r4, r5, r6, r7, r8, lr}
	ldr r4, _02FEAE04 ; =0x0380FFF4
	mov r8, #0
	ldr r3, [r4]
	mov r7, r0
	mov r6, r1
	mov r0, r8
	add r1, r3, #0x31c
	mov r2, #0x28
	ldr r5, [r3, #0x3e0]
	bl FUN_037FF524
	ldr r1, [r4]
	mov r0, r8
	add r1, r1, #0x344
	mov r2, #0xc0
	bl FUN_037FF524
	ldr r1, [r4]
	mov r0, r6, lsl #0x10
	str r7, [r1, #0x31c]
	ldr r1, [r4]
	mov r2, r0, lsr #0x10
	add r0, r1, #0x300
	strh r2, [r0, #0x20]
	ldr r0, [r4]
	add r0, r0, #0x300
	strh r2, [r0, #0x22]
	ldr r0, [r4]
	str r5, [r0, #0x3e0]
	ldmia sp!, {r4, r5, r6, r7, r8, lr}
	bx lr
	.balign 4, 0
_02FEAE04: .word 0x0380FFF4
	arm_func_end FUN_02FEAD8C

	arm_func_start FUN_02FEAE08
FUN_02FEAE08: ; 0x02FEAE08
	stmdb sp!, {r3, r4, r5, lr}
	mov r5, r0
	ldrh r0, [r5]
	tst r0, #1
	movne r0, #5
	bne _02FEAE54
	ldr r4, _02FEAE5C ; =0x0380FFF4
	mov r1, r5
	ldr r0, [r4]
	add r0, r0, #0x324
	bl FUN_02FEC0C0
	ldr r0, _02FEAE60 ; =0x04808018
	mov r1, r5
	bl FUN_02FEC0C0
	ldr r2, [r4]
	mov r0, #0
	ldr r1, [r2, #0x340]
	orr r1, r1, #2
	str r1, [r2, #0x340]
_02FEAE54:
	ldmia sp!, {r3, r4, r5, lr}
	bx lr
	.balign 4, 0
_02FEAE5C: .word 0x0380FFF4
_02FEAE60: .word 0x04808018
	arm_func_end FUN_02FEAE08

	arm_func_start FUN_02FEAE64
FUN_02FEAE64: ; 0x02FEAE64
	cmp r0, #0xff
	ldrls r1, _02FEAE8C ; =0x0380FFF4
	ldrls r2, _02FEAE90 ; =0x0480802C
	ldrls r1, [r1]
	movhi r0, #5
	addls r1, r1, #0x300
	strlsh r0, [r1, #0x2a]
	strlsh r0, [r2]
	movls r0, #0
	bx lr
	.balign 4, 0
_02FEAE8C: .word 0x0380FFF4
_02FEAE90: .word 0x0480802C
	arm_func_end FUN_02FEAE64

	arm_func_start FUN_02FEAE94
FUN_02FEAE94: ; 0x02FEAE94
	ldr r1, _02FEAECC ; =0x00007FFE
	tst r0, r1
	moveq r0, #5
	bxeq lr
	ldr r2, _02FEAED0 ; =0x0380FFF4
	ldr r1, [r2]
	add r1, r1, #0x300
	strh r0, [r1, #0x2c]
	ldr r2, [r2]
	mov r0, #0
	ldr r1, [r2, #0x340]
	orr r1, r1, #4
	str r1, [r2, #0x340]
	bx lr
	.balign 4, 0
_02FEAECC: .word 0x00007FFE
_02FEAED0: .word 0x0380FFF4
	arm_func_end FUN_02FEAE94

	arm_func_start FUN_02FEAED4
FUN_02FEAED4: ; 0x02FEAED4
	stmdb sp!, {r4, lr}
	cmp r0, #3
	movhi r0, #5
	bhi _02FEAF3C
	ldr r4, _02FEAF44 ; =0x0380FFF4
	ldr r3, _02FEAF48 ; =0x04808006
	ldr r1, [r4]
	ldr r2, _02FEAF4C ; =0x0000FFF8
	add r1, r1, #0x300
	strh r0, [r1, #0x2e]
	ldr r1, [r4]
	add r1, r1, #0x300
	strh r0, [r1, #0x50]
	ldrh r1, [r3]
	and r1, r1, r2
	orr r0, r1, r0
	strh r0, [r3]
	ldr r0, [r4]
	add r0, r0, #0x300
	ldrh r0, [r0, #0x52]
	bl FUN_02FEBC40
	ldr r2, [r4]
	mov r0, #0
	ldr r1, [r2, #0x340]
	orr r1, r1, #8
	str r1, [r2, #0x340]
_02FEAF3C:
	ldmia sp!, {r4, lr}
	bx lr
	.balign 4, 0
_02FEAF44: .word 0x0380FFF4
_02FEAF48: .word 0x04808006
_02FEAF4C: .word 0x0000FFF8
	arm_func_end FUN_02FEAED4

	arm_func_start FUN_02FEAF50
FUN_02FEAF50: ; 0x02FEAF50
	stmdb sp!, {r3, lr}
	cmp r0, #2
	movhi r0, #5
	bhi _02FEAF78
	ldr r1, _02FEAF80 ; =0x0380FFF4
	ldr r1, [r1]
	add r1, r1, #0x300
	strh r0, [r1, #0x30]
	bl FUN_02FEBBC0
	mov r0, #0
_02FEAF78:
	ldmia sp!, {r3, lr}
	bx lr
	.balign 4, 0
_02FEAF80: .word 0x0380FFF4
	arm_func_end FUN_02FEAF50

	arm_func_start FUN_02FEAF84
FUN_02FEAF84: ; 0x02FEAF84
	ldr r1, _02FEB024 ; =0x0380FFF4
	cmp r0, #3
	ldr r2, [r1]
	movhi r0, #5
	add r1, r2, #0x344
	bxhi lr
	add r2, r2, #0x300
	strh r0, [r2, #0x34]
	cmp r0, #0
	ldreqh ip, [r1, #0x7c]
	ldreq r2, _02FEB028 ; =0x0000FFEF
	ldreq r3, _02FEB02C ; =0x0000BFFF
	andeq r2, ip, r2
	streqh r2, [r1, #0x7c]
	ldreqh r2, [r1, #0x8a]
	andeq r2, r2, r3
	ldrneh r2, [r1, #0x7c]
	orrne r2, r2, #0x10
	strneh r2, [r1, #0x7c]
	ldrneh r2, [r1, #0x8a]
	orrne r2, r2, #0x4000
	strh r2, [r1, #0x8a]
	ldrh r2, [r1, #8]
	cmp r2, #0x40
	cmpeq r0, #1
	ldreq r2, _02FEB024 ; =0x0380FFF4
	ldreqh r3, [r1, #0x7c]
	ldreq r1, [r2]
	ldreq r1, [r1, #0x4ac]
	streqh r3, [r1, #0x2e]
	ldr r3, _02FEB030 ; =0x04808006
	cmp r0, #0
	ldr r1, _02FEB034 ; =0x0000FFC7
	ldrh r2, [r3]
	moveq r0, #1
	and r1, r2, r1
	orr r0, r1, r0, lsl #3
	strh r0, [r3]
	mov r0, #0
	bx lr
	.balign 4, 0
_02FEB024: .word 0x0380FFF4
_02FEB028: .word 0x0000FFEF
_02FEB02C: .word 0x0000BFFF
_02FEB030: .word 0x04808006
_02FEB034: .word 0x0000FFC7
	arm_func_end FUN_02FEAF84

	arm_func_start FUN_02FEB038
FUN_02FEB038: ; 0x02FEB038
	cmp r0, #3
	ldrls r1, _02FEB058 ; =0x0380FFF4
	movhi r0, #5
	ldrls r1, [r1]
	addls r1, r1, #0x300
	strlsh r0, [r1, #0x36]
	movls r0, #0
	bx lr
	.balign 4, 0
_02FEB058: .word 0x0380FFF4
	arm_func_end FUN_02FEB038

	arm_func_start FUN_02FEB05C
FUN_02FEB05C: ; 0x02FEB05C
	stmdb sp!, {r4, r5, r6, lr}
	ldr r5, _02FEB0B4 ; =0x04805F80
	mov r4, #0x14
	mov r6, r0
	mov r1, r5
	mov r2, r4
	bl FUN_037FF53C
	mov r2, r4
	add r0, r6, #0x14
	add r1, r5, #0x20
	bl FUN_037FF53C
	mov r2, r4
	add r0, r6, #0x28
	add r1, r5, #0x40
	bl FUN_037FF53C
	mov r2, r4
	add r0, r6, #0x3c
	add r1, r5, #0x60
	bl FUN_037FF53C
	mov r0, #0
	ldmia sp!, {r4, r5, r6, lr}
	bx lr
	.balign 4, 0
_02FEB0B4: .word 0x04805F80
	arm_func_end FUN_02FEB05C

	arm_func_start FUN_02FEB0B8
FUN_02FEB0B8: ; 0x02FEB0B8
	cmp r0, #1
	movhi r0, #5
	bxhi lr
	ldr r1, _02FEB0EC ; =0x0380FFF4
	and r2, r0, #1
	ldr r1, [r1]
	mov r0, #0
	add r1, r1, #0x300
	ldrh r3, [r1, #0x3a]
	bic r3, r3, #1
	orr r2, r3, r2
	strh r2, [r1, #0x3a]
	bx lr
	.balign 4, 0
_02FEB0EC: .word 0x0380FFF4
	arm_func_end FUN_02FEB0B8

	arm_func_start FUN_02FEB0F0
FUN_02FEB0F0: ; 0x02FEB0F0
	cmp r0, #1
	movhi r0, #5
	bxhi lr
	ldr r1, _02FEB124 ; =0x0380FFF4
	mov r2, r0, lsl #0x1f
	ldr r1, [r1]
	mov r0, #0
	add r1, r1, #0x300
	ldrh r3, [r1, #0x3a]
	bic r3, r3, #2
	orr r2, r3, r2, lsr #30
	strh r2, [r1, #0x3a]
	bx lr
	.balign 4, 0
_02FEB124: .word 0x0380FFF4
	arm_func_end FUN_02FEB0F0

	arm_func_start FUN_02FEB128
FUN_02FEB128: ; 0x02FEB128
	cmp r0, #0xff
	movhi r0, #5
	bxhi lr
	ldr r2, _02FEB15C ; =0x0380FFF4
	mov r3, #0
	ldr r1, [r2]
	add r1, r1, #0x300
	strh r3, [r1, #0xc4]
	ldr r1, [r2]
	add r1, r1, #0x300
	strh r0, [r1, #0xc2]
	mov r0, r3
	bx lr
	.balign 4, 0
_02FEB15C: .word 0x0380FFF4
	arm_func_end FUN_02FEB128

	arm_func_start FUN_02FEB160
FUN_02FEB160: ; 0x02FEB160
	stmdb sp!, {r3, r4, r5, lr}
	mov r4, r0
	cmp r4, #0xa
	movlo r0, #5
	blo _02FEB208
	ldr r0, _02FEB210 ; =0x0380FFF4
	cmp r1, #0
	ldr r0, [r0]
	add r0, r0, #0x300
	strh r4, [r0, #0x3c]
	ldrne r0, _02FEB214 ; =0x04808134
	strneh r4, [r0]
	ldr r0, _02FEB210 ; =0x0380FFF4
	ldr r1, [r0]
	add r0, r1, #0x400
	ldrh r0, [r0, #0xa4]
	cmp r0, #0
	beq _02FEB204
	add r0, r1, #0x300
	ldr r2, [r1, #0x4ac]
	ldrh r1, [r0, #0x52]
	ldrh r0, [r0, #0xda]
	add r2, r2, #0x24
	cmp r1, #1
	add r5, r2, r0
	bne _02FEB1E8
	add r0, r5, #6
	and r1, r4, #0xff
	bl FUN_02FECCC4
	mov r1, r4, asr #8
	add r0, r5, #7
	and r1, r1, #0xff
	bl FUN_02FECCC4
	b _02FEB204
_02FEB1E8:
	mov r4, #0xff
	mov r1, r4
	add r0, r5, #6
	bl FUN_02FECCC4
	mov r1, r4
	add r0, r5, #7
	bl FUN_02FECCC4
_02FEB204:
	mov r0, #0
_02FEB208:
	ldmia sp!, {r3, r4, r5, lr}
	bx lr
	.balign 4, 0
_02FEB210: .word 0x0380FFF4
_02FEB214: .word 0x04808134
	arm_func_end FUN_02FEB160

	arm_func_start FUN_02FEB218
FUN_02FEB218: ; 0x02FEB218
	ldr r1, _02FEB244 ; =0x0380FFF4
	mov r2, #0
	ldr r1, [r1]
	add r3, r1, #0x384
_02FEB228:
	ldrh r1, [r0], #2
	add r2, r2, #1
	cmp r2, #0x10
	strh r1, [r3], #2
	blo _02FEB228
	mov r0, #0
	bx lr
	.balign 4, 0
_02FEB244: .word 0x0380FFF4
	arm_func_end FUN_02FEB218

	arm_func_start FUN_02FEB248
FUN_02FEB248: ; 0x02FEB248
	stmdb sp!, {r3, lr}
	ldr r1, _02FEB2F8 ; =0x0380FFF4
	cmp r0, #1
	ldr r2, [r1]
	movhi r0, #5
	add r1, r2, #0x344
	bhi _02FEB2F0
	add r2, r2, #0x300
	ldrh ip, [r2, #0x3a]
	mov r3, r0, lsl #0x1f
	bic ip, ip, #4
	orr r3, ip, r3, lsr #29
	strh r3, [r2, #0x3a]
	cmp r0, #0
	ldreqh r3, [r1, #0x7c]
	ldreq r2, _02FEB2FC ; =0x0000FFDF
	andeq r2, r3, r2
	ldrneh r2, [r1, #0x7c]
	orrne r2, r2, #0x20
	strh r2, [r1, #0x7c]
	ldrh r2, [r1, #8]
	cmp r2, #0x40
	ldreq r2, _02FEB2F8 ; =0x0380FFF4
	ldreq r3, [r2]
	addeq r2, r3, #0x300
	ldreqh r2, [r2, #0x2e]
	cmpeq r2, #1
	ldreqh r2, [r1, #0x7c]
	ldreq r1, [r3, #0x4ac]
	streqh r2, [r1, #0x2e]
	cmp r0, #0
	ldreq r2, _02FEB300 ; =0x048080BC
	ldreq r0, _02FEB304 ; =0x0000FFF9
	ldreqh r1, [r2]
	andeq r0, r1, r0
	ldrne r1, _02FEB300 ; =0x048080BC
	streqh r0, [r2]
	ldrneh r0, [r1]
	orrne r0, r0, #6
	strneh r0, [r1]
	bl FUN_02FEBBC0
	mov r0, #0
_02FEB2F0:
	ldmia sp!, {r3, lr}
	bx lr
	.balign 4, 0
_02FEB2F8: .word 0x0380FFF4
_02FEB2FC: .word 0x0000FFDF
_02FEB300: .word 0x048080BC
_02FEB304: .word 0x0000FFF9
	arm_func_end FUN_02FEB248

	arm_func_start FUN_02FEB308
FUN_02FEB308: ; 0x02FEB308
	cmp r0, #1
	ldrls r1, _02FEB328 ; =0x0380FFF4
	movhi r0, #5
	ldrls r1, [r1]
	addls r1, r1, #0x300
	strlsh r0, [r1, #0x32]
	movls r0, #0
	bx lr
	.balign 4, 0
_02FEB328: .word 0x0380FFF4
	arm_func_end FUN_02FEB308

	arm_func_start FUN_02FEB32C
FUN_02FEB32C: ; 0x02FEB32C
	stmdb sp!, {r4, lr}
	cmp r0, #3
	mov r4, r1
	movhi r0, #5
	bhi _02FEB368
	cmp r4, #0x3f
	movhi r0, #5
	bhi _02FEB368
	mov r1, r0
	mov r0, #0x13
	bl FUN_02FEC5C4
	mov r1, r4
	mov r0, #0x35
	bl FUN_02FEC5C4
	mov r0, #0
_02FEB368:
	ldmia sp!, {r4, lr}
	bx lr
	arm_func_end FUN_02FEB32C

	arm_func_start FUN_02FEB370
FUN_02FEB370: ; 0x02FEB370
	cmp r0, #1
	movhi r0, #5
	bxhi lr
	ldr r3, _02FEB3D0 ; =0x0380FFF4
	mov r0, r0, lsl #0x10
	ldr r2, [r3]
	mov r1, r0, lsr #0x10
	add r0, r2, #0x300
	ldrh r2, [r0, #0x3a]
	mov r1, r1, lsl #0x1f
	bic r2, r2, #8
	orr r1, r2, r1, lsr #28
	strh r1, [r0, #0x3a]
	ldr r0, [r3]
	ldr r1, _02FEB3D4 ; =0x04808290
	add r0, r0, #0x300
	ldrh r3, [r0, #0x3a]
	mov r0, #0
	mov r2, r3, lsl #0x1c
	mov r3, r3, lsl #0x1a
	mov r2, r2, lsr #0x1f
	eor r2, r2, r3, lsr #31
	strh r2, [r1]
	bx lr
	.balign 4, 0
_02FEB3D0: .word 0x0380FFF4
_02FEB3D4: .word 0x04808290
	arm_func_end FUN_02FEB370

	arm_func_start FUN_02FEB3D8
FUN_02FEB3D8: ; 0x02FEB3D8
	ldr r2, _02FEB49C ; =0x0380FFF4
	cmp r0, #1
	cmpls r1, #1
	movhi r0, #5
	bxhi lr
	cmp r0, #0
	beq _02FEB400
	cmp r0, #1
	beq _02FEB428
	b _02FEB44C
_02FEB400:
	ldr r3, [r2]
	mov r1, r1, lsl #0x10
	add r3, r3, #0x300
	ldrh ip, [r3, #0x3a]
	mov r1, r1, lsr #0x10
	bic ip, ip, #0x20
	mov r1, r1, lsl #0x1f
	orr r1, ip, r1, lsr #26
	strh r1, [r3, #0x3a]
	b _02FEB44C
_02FEB428:
	ldr r1, [r2]
	add r1, r1, #0x300
	ldrh r3, [r1, #0x2e]
	cmp r3, #1
	movne r0, #0xb
	bxne lr
	ldrh r3, [r1, #0x3a]
	bic r3, r3, #0x20
	strh r3, [r1, #0x3a]
_02FEB44C:
	ldr r1, [r2]
	mov r0, r0, lsl #0x10
	add r1, r1, #0x300
	ldrh r3, [r1, #0x3a]
	mov r0, r0, lsr #0x10
	bic r3, r3, #0x10
	mov r0, r0, lsl #0x1f
	orr r0, r3, r0, lsr #27
	strh r0, [r1, #0x3a]
	ldr r0, [r2]
	ldr r1, _02FEB4A0 ; =0x04808290
	add r0, r0, #0x300
	ldrh r3, [r0, #0x3a]
	mov r0, #0
	mov r2, r3, lsl #0x1c
	mov r3, r3, lsl #0x1a
	mov r2, r2, lsr #0x1f
	eor r2, r2, r3, lsr #31
	strh r2, [r1]
	bx lr
	.balign 4, 0
_02FEB49C: .word 0x0380FFF4
_02FEB4A0: .word 0x04808290
	arm_func_end FUN_02FEB3D8

	arm_func_start FUN_02FEB4A4
FUN_02FEB4A4: ; 0x02FEB4A4
	cmp r0, #1
	movhi r0, #5
	bxhi lr
	ldr r1, _02FEB4E0 ; =0x0380FFF4
	mov r0, r0, lsl #0x10
	ldr r2, [r1]
	mov r1, r0, lsr #0x10
	add r0, r2, #0x300
	ldrh r2, [r0, #0x3a]
	mov r1, r1, lsl #0x1f
	bic r2, r2, #0x40
	orr r1, r2, r1, lsr #25
	strh r1, [r0, #0x3a]
	mov r0, #0
	bx lr
	.balign 4, 0
_02FEB4E0: .word 0x0380FFF4
	arm_func_end FUN_02FEB4A4

	arm_func_start FUN_02FEB4E4
FUN_02FEB4E4: ; 0x02FEB4E4
	cmp r0, #1
	movhi r0, #5
	bxhi lr
	ldr r2, _02FEB52C ; =0x0380FFF4
	mov r1, r0, lsl #0x10
	ldr r3, [r2]
	mov r2, r1, lsr #0x10
	add r1, r3, #0x300
	ldrh r3, [r1, #0x3a]
	mov r2, r2, lsl #0x1f
	bic r3, r3, #0x80
	orr r2, r3, r2, lsr #24
	strh r2, [r1, #0x3a]
	ldreq r1, _02FEB530 ; =0x0480802A
	ldreqh r0, [r1]
	streqh r0, [r1, #-2]
	mov r0, #0
	bx lr
	.balign 4, 0
_02FEB52C: .word 0x0380FFF4
_02FEB530: .word 0x0480802A
	arm_func_end FUN_02FEB4E4

	arm_func_start FUN_02FEB534
FUN_02FEB534: ; 0x02FEB534
	cmp r0, #1
	movhi r0, #5
	bxhi lr
	ldr r1, _02FEB570 ; =0x0380FFF4
	mov r0, r0, lsl #0x10
	ldr r2, [r1]
	mov r1, r0, lsr #0x10
	add r0, r2, #0x300
	ldrh r2, [r0, #0x3a]
	mov r1, r1, lsl #0x1f
	bic r2, r2, #0x100
	orr r1, r2, r1, lsr #23
	strh r1, [r0, #0x3a]
	mov r0, #0
	bx lr
	.balign 4, 0
_02FEB570: .word 0x0380FFF4
	arm_func_end FUN_02FEB534
_02FEB574:
	.byte 0x38, 0x40, 0x2D, 0xE9, 0x50, 0x10, 0x9F, 0xE5, 0x00, 0x50, 0xA0, 0xE1
	.byte 0x00, 0x00, 0x91, 0xE5, 0x05, 0x10, 0xA0, 0xE1, 0xEA, 0x0F, 0x80, 0xE2, 0xCB, 0x02, 0x00, 0xEB
	.byte 0x3C, 0x40, 0x9F, 0xE5, 0x05, 0x10, 0xA0, 0xE1, 0x04, 0x00, 0xA0, 0xE1, 0xC7, 0x02, 0x00, 0xEB
	.byte 0xB0, 0x00, 0xD5, 0xE1, 0x01, 0x00, 0x10, 0xE3, 0xB0, 0x1B, 0xD4, 0x11, 0x24, 0x00, 0x9F, 0x15
	.byte 0x00, 0x00, 0x01, 0x10, 0xB0, 0x0B, 0xC4, 0x11, 0xB0, 0x0B, 0xD4, 0x01, 0x01, 0x0B, 0x80, 0x03
	.byte 0xB0, 0x0B, 0xC4, 0x01, 0x00, 0x00, 0xA0, 0xE3, 0x38, 0x40, 0xBD, 0xE8, 0x1E, 0xFF, 0x2F, 0xE1
	.byte 0xF4, 0xFF, 0x80, 0x03, 0x20, 0x80, 0x80, 0x04, 0xFF, 0xFB, 0x00, 0x00, 0xF0, 0x47, 0x2D, 0xE9
	.byte 0x00, 0x21, 0x9F, 0xE5, 0x00, 0x80, 0xA0, 0xE1, 0x00, 0x20, 0x92, 0xE5, 0x00, 0x90, 0xA0, 0xE3
	.byte 0x20, 0x00, 0x58, 0xE3, 0x01, 0x70, 0xA0, 0xE1, 0xD1, 0x4F, 0x82, 0xE2, 0x09, 0x60, 0xA0, 0xE1
	.byte 0x05, 0x00, 0xA0, 0x83, 0x35, 0x00, 0x00, 0x8A, 0xB8, 0x00, 0xD4, 0xE1, 0x40, 0x00, 0x50, 0xE3
	.byte 0x03, 0x0C, 0x82, 0x02, 0xBE, 0x02, 0xD0, 0x01, 0x01, 0x00, 0x50, 0x03, 0x06, 0x00, 0x00, 0x1A
	.byte 0xBE, 0x01, 0xD4, 0xE1, 0x08, 0x00, 0x50, 0xE1, 0x06, 0x00, 0xA0, 0x13, 0x2B, 0x00, 0x00, 0x1A
	.byte 0xB2, 0x09, 0xD4, 0xE1, 0x00, 0x00, 0x50, 0xE3, 0x01, 0x60, 0xA0, 0x13, 0x00, 0x50, 0xA0, 0xE3
	.byte 0x20, 0xA0, 0x84, 0xE2, 0x06, 0x00, 0x00, 0xEA, 0x07, 0x00, 0xA0, 0xE1, 0xA7, 0x05, 0x00, 0xEB
	.byte 0x00, 0x10, 0xA0, 0xE1, 0x05, 0x00, 0x8A, 0xE0, 0x99, 0x05, 0x00, 0xEB, 0x01, 0x70, 0x87, 0xE2
	.byte 0x01, 0x50, 0x85, 0xE2, 0x08, 0x00, 0x55, 0xE1, 0xF6, 0xFF, 0xFF, 0x3A, 0x20, 0x70, 0x84, 0xE2
	.byte 0x03, 0x00, 0x00, 0xEA, 0x09, 0x10, 0xA0, 0xE1, 0x05, 0x00, 0x87, 0xE0, 0x90, 0x05, 0x00, 0xEB
	.byte 0x01, 0x50, 0x85, 0xE2, 0x20, 0x00, 0x55, 0xE3, 0xF9, 0xFF, 0xFF, 0x3A, 0xBE, 0x81, 0xC4, 0xE1
	.byte 0x00, 0x00, 0x56, 0xE3, 0x10, 0x00, 0x00, 0x0A, 0x48, 0x10, 0x9F, 0xE5, 0xB2, 0x09, 0xD4, 0xE1
	.byte 0x00, 0x10, 0x91, 0xE5, 0x00, 0x50, 0xA0, 0xE3, 0xAC, 0x14, 0x91, 0xE5, 0x20, 0x40, 0x84, 0xE2
	.byte 0x26, 0x10, 0x81, 0xE2, 0x00, 0x60, 0x81, 0xE0, 0x05, 0x00, 0x00, 0xEA, 0x05, 0x00, 0x84, 0xE0
	.byte 0x8A, 0x05, 0x00, 0xEB, 0x00, 0x10, 0xA0, 0xE1, 0x05, 0x00, 0x86, 0xE0, 0x7C, 0x05, 0x00, 0xEB
	.byte 0x01, 0x50, 0x85, 0xE2, 0x08, 0x00, 0x55, 0xE1, 0xF7, 0xFF, 0xFF, 0x3A, 0x00, 0x00, 0xA0, 0xE3
	.byte 0xF0, 0x47, 0xBD, 0xE8, 0x1E, 0xFF, 0x2F, 0xE1, 0xF4, 0xFF, 0x80, 0x03

	arm_func_start FUN_02FEB6EC
FUN_02FEB6EC: ; 0x02FEB6EC
	stmdb sp!, {r3, lr}
	cmp r0, #0xa
	blo _02FEB700
	cmp r0, #0x3e8
	bls _02FEB708
_02FEB700:
	mov r0, #5
	b _02FEB734
_02FEB708:
	ldr r3, _02FEB73C ; =0x0380FFF4
	ldr r2, _02FEB740 ; =0x0480808C
	ldr r1, [r3]
	add r1, r1, #0x300
	strh r0, [r1, #0xb2]
	strh r0, [r2]
	ldr r0, [r3]
	add r0, r0, #0x300
	ldrh r0, [r0, #0x38]
	bl FUN_02FEBE14
	mov r0, #0
_02FEB734:
	ldmia sp!, {r3, lr}
	bx lr
	.balign 4, 0
_02FEB73C: .word 0x0380FFF4
_02FEB740: .word 0x0480808C
	arm_func_end FUN_02FEB6EC
_02FEB744:
	.byte 0x01, 0x00, 0x50, 0xE3, 0x01, 0x00, 0x00, 0x3A, 0xFF, 0x00, 0x50, 0xE3
	.byte 0x01, 0x00, 0x00, 0x9A, 0x05, 0x00, 0xA0, 0xE3, 0x1E, 0xFF, 0x2F, 0xE1, 0x1C, 0x10, 0x9F, 0xE5
	.byte 0x1C, 0x20, 0x9F, 0xE5, 0x00, 0x10, 0x91, 0xE5, 0x03, 0x1C, 0x81, 0xE2, 0xB8, 0x0B, 0xC1, 0xE1
	.byte 0xB0, 0x00, 0xC2, 0xE1, 0x00, 0x00, 0xA0, 0xE3, 0xB6, 0x00, 0x42, 0xE1, 0x1E, 0xFF, 0x2F, 0xE1
	.byte 0xF4, 0xFF, 0x80, 0x03, 0x8E, 0x80, 0x80, 0x04, 0x01, 0x00, 0x50, 0xE3, 0x01, 0x00, 0x00, 0x3A
	.byte 0xFF, 0x00, 0x50, 0xE3, 0x01, 0x00, 0x00, 0x9A, 0x05, 0x00, 0xA0, 0xE3, 0x1E, 0xFF, 0x2F, 0xE1
	.byte 0x10, 0x10, 0x9F, 0xE5, 0x00, 0x10, 0x91, 0xE5, 0x03, 0x1C, 0x81, 0xE2, 0xB4, 0x0B, 0xC1, 0xE1
	.byte 0x00, 0x00, 0xA0, 0xE3, 0x1E, 0xFF, 0x2F, 0xE1, 0xF4, 0xFF, 0x80, 0x03

	arm_func_start FUN_02FEB7BC
FUN_02FEB7BC: ; 0x02FEB7BC
	stmdb sp!, {r1, r2, r3, r4, r5, lr}
	add r5, sp, #2
	mov r0, #0x36
	mov r2, r5
	mov r1, #6
	bl FUN_02FF6C74
	mov r4, #2
	add r2, sp, #0
	mov r1, r4
	mov r0, #0x3c
	bl FUN_02FF6C74
	mov r0, r5
	bl FUN_02FEAE08
	mov r0, #7
	bl FUN_02FEAE64
	ldrh r1, [sp]
	rsb r0, r4, #0x8000
	and r0, r1, r0
	mov r0, r0, lsl #0x10
	mov r0, r0, lsr #0x10
	bl FUN_02FEAE94
	mov r0, r4
	bl FUN_02FEAED4
	mov r5, #0
	mov r0, r5
	bl FUN_02FEAF50
	mov r0, r5
	bl FUN_02FEAF84
	mov r0, r5
	bl FUN_02FEB038
	ldr r0, _02FEB8FC ; =0x02FF6FB4
	bl FUN_02FEB05C
	mov r0, #0x1f4
	bl FUN_02FEB6EC
	mov r0, r5
	bl FUN_02FEB0B8
	mov r0, r5
	bl FUN_02FEB0F0
	mov r0, #0x10
	bl FUN_02FEB128
	ldr r0, _02FEB900 ; =0x0000FFFF
	mov r1, r5
	bl FUN_02FEB160
	ldr r0, _02FEB904 ; =0x02FF6F14
	bl FUN_02FEB218
	mov r4, #1
	mov r0, r4
	bl FUN_02FEB248
	mov r0, r5
	bl FUN_02FEB308
	ldr r0, _02FEB908 ; =0x02FF6F10
	bl FUN_02FEBB80
	mov r0, r5
	mov r1, #0x1f
	bl FUN_02FEB32C
	mov r0, #5
	bl FUN_02FEBE14
	mov r0, r5
	mov r1, r5
	bl FUN_02FEB3D8
	mov r0, r5
	bl FUN_02FEB370
	mov r0, r5
	bl FUN_02FEB4A4
	mov r0, r5
	bl FUN_02FEB4E4
	mov r0, r5
	bl FUN_02FEB534
	ldr r1, _02FEB90C ; =0x04808044
	ldrh r2, [r1]
	ldrh r0, [r1]
	ldrh r1, [r1]
	add r0, r2, r0, lsl #8
	bl FUN_02FECD0C
	ldr r0, _02FEB910 ; =0x0380FFF4
	ldr r0, [r0]
	add r0, r0, #0x300
	strh r4, [r0, #0x58]
	ldmia sp!, {r1, r2, r3, r4, r5, lr}
	bx lr
	.balign 4, 0
_02FEB8FC: .word 0x02FF6FB4
_02FEB900: .word 0x0000FFFF
_02FEB904: .word 0x02FF6F14
_02FEB908: .word 0x02FF6F10
_02FEB90C: .word 0x04808044
_02FEB910: .word 0x0380FFF4
	arm_func_end FUN_02FEB7BC
_02FEB914:
	.byte 0xFE, 0x4F, 0x2D, 0xE9, 0x50, 0x72, 0x9F, 0xE5, 0x00, 0x50, 0xA0, 0xE1
	.byte 0x00, 0x00, 0x97, 0xE5, 0x48, 0x42, 0x9F, 0xE5, 0x03, 0x0C, 0x80, 0xE2, 0xBC, 0x02, 0xD0, 0xE1
	.byte 0x00, 0x00, 0x51, 0xE3, 0x01, 0xB0, 0xA0, 0xE3, 0x38, 0x42, 0x9F, 0x05, 0x1B, 0x05, 0x10, 0xE1
	.byte 0x00, 0x60, 0xA0, 0xE3, 0x05, 0x00, 0xA0, 0x03, 0x86, 0x00, 0x00, 0x0A, 0x28, 0x12, 0x9F, 0xE5
	.byte 0x02, 0x09, 0x8B, 0xE2, 0xB0, 0x80, 0xD1, 0xE1, 0xB0, 0x00, 0xC1, 0xE1, 0x04, 0x30, 0x41, 0xE2
	.byte 0x75, 0x1F, 0x81, 0xE2, 0xB0, 0x20, 0xD3, 0xE1, 0xB0, 0x00, 0xD1, 0xE1, 0x42, 0x24, 0xA0, 0xE1
	.byte 0x02, 0x00, 0x52, 0xE3, 0xFA, 0xFF, 0xFF, 0x1A, 0x00, 0x00, 0x50, 0xE3, 0x01, 0x00, 0x00, 0x0A
	.byte 0x09, 0x00, 0x50, 0xE3, 0xF6, 0xFF, 0xFF, 0x1A, 0x00, 0x00, 0x97, 0xE5, 0x03, 0x0C, 0x80, 0xE2
	.byte 0xBE, 0x5B, 0xC0, 0xE1, 0x00, 0x10, 0x97, 0xE5, 0x05, 0x0C, 0x81, 0xE2, 0xBC, 0x0F, 0xD0, 0xE1
	.byte 0x02, 0x00, 0x50, 0xE3, 0x03, 0x00, 0x00, 0x0A, 0x03, 0x00, 0x50, 0xE3, 0x32, 0x00, 0x00, 0x0A
	.byte 0x05, 0x00, 0x50, 0xE3, 0x66, 0x00, 0x00, 0x1A, 0x01, 0x50, 0x45, 0xE2, 0x06, 0x00, 0xA0, 0xE3
	.byte 0x95, 0x00, 0x0A, 0xE0, 0x03, 0x90, 0xA0, 0xE3, 0x04, 0x60, 0x8D, 0xE5, 0x09, 0x10, 0xA0, 0xE1
	.byte 0x04, 0x20, 0x8D, 0xE2, 0xF2, 0x00, 0x8A, 0xE2, 0x0F, 0xE0, 0xA0, 0xE1, 0x14, 0xFF, 0x2F, 0xE1
	.byte 0x04, 0x00, 0x9D, 0xE5, 0x02, 0x03, 0x00, 0xEB, 0xF5, 0x00, 0x8A, 0xE2, 0x09, 0x10, 0xA0, 0xE1
	.byte 0x04, 0x20, 0x8D, 0xE2, 0x0F, 0xE0, 0xA0, 0xE1, 0x14, 0xFF, 0x2F, 0xE1, 0x04, 0x00, 0x9D, 0xE5
	.byte 0xFB, 0x02, 0x00, 0xEB, 0x04, 0x60, 0x8D, 0xE5, 0x00, 0x00, 0x97, 0xE5, 0x08, 0x06, 0x90, 0xE5
	.byte 0x01, 0x08, 0x10, 0xE3, 0x0E, 0x00, 0x00, 0x0A, 0x02, 0x09, 0x10, 0xE3, 0x4C, 0x00, 0x00, 0x1A
	.byte 0x04, 0x20, 0x8D, 0xE2, 0x55, 0x0F, 0x85, 0xE2, 0x01, 0x10, 0xA0, 0xE3, 0x0F, 0xE0, 0xA0, 0xE1
	.byte 0x14, 0xFF, 0x2F, 0xE1, 0x00, 0x10, 0x97, 0xE5, 0x04, 0x00, 0x9D, 0xE5, 0x08, 0x16, 0x91, 0xE5
	.byte 0x80, 0x0D, 0xA0, 0xE1, 0xA0, 0x08, 0x81, 0xE1, 0x04, 0x00, 0x8D, 0xE5, 0xE8, 0x02, 0x00, 0xEB
	.byte 0x3F, 0x00, 0x00, 0xEA, 0x46, 0x00, 0x85, 0xE2, 0x04, 0x20, 0x8D, 0xE2, 0x01, 0x0C, 0x80, 0xE2
	.byte 0x01, 0x10, 0xA0, 0xE3, 0x0F, 0xE0, 0xA0, 0xE1, 0x14, 0xFF, 0x2F, 0xE1, 0x04, 0x10, 0x9D, 0xE5
	.byte 0x1E, 0x00, 0xA0, 0xE3, 0xD2, 0x02, 0x00, 0xEB, 0x35, 0x00, 0x00, 0xEA, 0x06, 0x0C, 0x81, 0xE2
	.byte 0xB0, 0x00, 0xD0, 0xE1, 0x00, 0xA0, 0xA0, 0xE3, 0xCF, 0x90, 0x80, 0xE2, 0x10, 0x00, 0x00, 0xEA
	.byte 0x09, 0x00, 0xA0, 0xE1, 0x0B, 0x10, 0xA0, 0xE1, 0x00, 0x20, 0x8D, 0xE2, 0x04, 0x60, 0x8D, 0xE5
	.byte 0x00, 0x60, 0x8D, 0xE5, 0x0F, 0xE0, 0xA0, 0xE1, 0x14, 0xFF, 0x2F, 0xE1, 0x05, 0x00, 0x89, 0xE0
	.byte 0x0B, 0x10, 0xA0, 0xE1, 0x04, 0x20, 0x8D, 0xE2, 0x0F, 0xE0, 0xA0, 0xE1, 0x14, 0xFF, 0x2F, 0xE1
	.byte 0x00, 0x00, 0x9D, 0xE5, 0x04, 0x10, 0x9D, 0xE5, 0xBD, 0x02, 0x00, 0xEB, 0x0F, 0x90, 0x89, 0xE2
	.byte 0x01, 0xA0, 0x8A, 0xE2, 0x00, 0x00, 0x97, 0xE5, 0x06, 0x0C, 0x80, 0xE2, 0xB4, 0x00, 0xD0, 0xE1
	.byte 0x00, 0x00, 0x5A, 0xE1, 0xE9, 0xFF, 0xFF, 0x3A, 0x00, 0xA0, 0xA0, 0xE3, 0x13, 0x00, 0x00, 0xEA
	.byte 0x04, 0x60, 0x8D, 0xE5, 0x09, 0x00, 0xA0, 0xE1, 0x0B, 0x10, 0xA0, 0xE1, 0x04, 0x20, 0x8D, 0xE2
	.byte 0x0F, 0xE0, 0xA0, 0xE1, 0x14, 0xFF, 0x2F, 0xE1, 0x04, 0x00, 0x9D, 0xE5, 0x0B, 0x10, 0xA0, 0xE1
	.byte 0x00, 0x04, 0xA0, 0xE1, 0x04, 0x00, 0x8D, 0xE5, 0x04, 0x20, 0x8D, 0xE2, 0x05, 0x00, 0x89, 0xE0
	.byte 0x0F, 0xE0, 0xA0, 0xE1, 0x14, 0xFF, 0x2F, 0xE1, 0x04, 0x00, 0x9D, 0xE5, 0x05, 0x08, 0x80, 0xE3
	.byte 0x04, 0x00, 0x8D, 0xE5, 0xAE, 0x02, 0x00, 0xEB, 0x0F, 0x90, 0x89, 0xE2, 0x01, 0xA0, 0x8A, 0xE2
	.byte 0x00, 0x00, 0x97, 0xE5, 0x06, 0x0C, 0x80, 0xE2, 0xB2, 0x00, 0xD0, 0xE1, 0x00, 0x00, 0x5A, 0xE1
	.byte 0xE6, 0xFF, 0xFF, 0x3A, 0x20, 0x10, 0x9F, 0xE5, 0x03, 0x00, 0xA0, 0xE3, 0xB0, 0x80, 0xC1, 0xE1
	.byte 0xB8, 0x00, 0xC1, 0xE1, 0x00, 0x00, 0xA0, 0xE3, 0xFE, 0x4F, 0xBD, 0xE8, 0x1E, 0xFF, 0x2F, 0xE1
	.byte 0xF4, 0xFF, 0x80, 0x03, 0xD4, 0x6C, 0xFF, 0x02, 0x74, 0x6C, 0xFF, 0x02, 0x40, 0x80, 0x80, 0x04

	arm_func_start FUN_02FEBB80
FUN_02FEBB80: ; 0x02FEBB80
	stmdb sp!, {r3, lr}
	ldr r1, _02FEBBBC ; =0x0380FFF4
	ldrh r2, [r0]
	ldr r3, [r1]
	add r1, r3, #0x300
	strh r2, [r1, #0xa4]
	ldrh r1, [r0, #2]
	ldrh r0, [r0]
	add r2, r3, #0x3a4
	orr r0, r1, r0
	strh r0, [r2, #2]
	bl FUN_02FEBBC0
	mov r0, #0
	ldmia sp!, {r3, lr}
	bx lr
	.balign 4, 0
_02FEBBBC: .word 0x0380FFF4
	arm_func_end FUN_02FEBB80

	arm_func_start FUN_02FEBBC0
FUN_02FEBBC0: ; 0x02FEBBC0
	stmdb sp!, {r3, lr}
	ldr r0, _02FEBC34 ; =0x0000E2E2
	add r2, sp, #0
	str r0, [sp]
	mov r0, #0x58
	mov r1, #2
	bl FUN_02FF6C74
	ldr r0, [sp]
	add r0, r0, #2
	add r0, r0, #0x200
	str r0, [sp]
	bl FUN_02FEC554
	cmp r0, #0x14
	bne _02FEBC20
	ldr r1, [sp]
	ldr r0, _02FEBC38 ; =0x048080BC
	sub r1, r1, #0x61
	sub r1, r1, #0x6100
	str r1, [sp]
	ldrh r0, [r0]
	tst r0, #2
	subne r0, r1, #0x60
	subne r0, r0, #0x6000
	strne r0, [sp]
_02FEBC20:
	ldr r1, [sp]
	ldr r0, _02FEBC3C ; =0x04808140
	strh r1, [r0]
	ldmia sp!, {r3, lr}
	bx lr
	.balign 4, 0
_02FEBC34: .word 0x0000E2E2
_02FEBC38: .word 0x048080BC
_02FEBC3C: .word 0x04808140
	arm_func_end FUN_02FEBBC0

	arm_func_start FUN_02FEBC40
FUN_02FEBC40: ; 0x02FEBC40
	stmdb sp!, {r3, lr}
	ldr r1, _02FEBCA4 ; =0x0380FFF4
	cmp r0, #0
	ldr r2, [r1]
	add r1, r2, #0x300
	add ip, r2, #0x31c
	strh r0, [r1, #0x52]
	ldrneh r0, [ip, #0x12]
	cmpne r0, #1
	ldrne r1, _02FEBCA8 ; =0x04808006
	ldrneh r0, [r1]
	orrne r0, r0, #0x40
	strneh r0, [r1]
	bne _02FEBC98
	ldr r3, _02FEBCA8 ; =0x04808006
	ldr r0, _02FEBCAC ; =0x0000FFBF
	ldrh r2, [r3]
	mov r1, #0
	and r0, r2, r0
	strh r0, [r3]
	ldrh r0, [ip, #0x20]
	bl FUN_02FEB160
_02FEBC98:
	mov r0, #0
	ldmia sp!, {r3, lr}
	bx lr
	.balign 4, 0
_02FEBCA4: .word 0x0380FFF4
_02FEBCA8: .word 0x04808006
_02FEBCAC: .word 0x0000FFBF
	arm_func_end FUN_02FEBC40
_02FEBCB0:
	.byte 0x1C, 0x10, 0x9F, 0xE5, 0x1C, 0x20, 0x9F, 0xE5, 0x00, 0x10, 0x91, 0xE5, 0xA0, 0x30, 0xA0, 0xE1
	.byte 0x03, 0x1C, 0x81, 0xE2, 0xB4, 0x35, 0xC1, 0xE1, 0xB0, 0x00, 0xC2, 0xE1, 0x00, 0x00, 0xA0, 0xE3
	.byte 0x1E, 0xFF, 0x2F, 0xE1, 0xF4, 0xFF, 0x80, 0x03, 0x3C, 0x80, 0x80, 0x04, 0x08, 0x10, 0x9F, 0xE5
	.byte 0xB0, 0x00, 0xC1, 0xE1, 0x00, 0x00, 0xA0, 0xE3, 0x1E, 0xFF, 0x2F, 0xE1, 0x40, 0x80, 0x80, 0x04

	arm_func_start FUN_02FEBCF0
FUN_02FEBCF0: ; 0x02FEBCF0
	stmdb sp!, {r4, lr}
	ldr r0, _02FEBD50 ; =0x0380FFF4
	ldr r0, [r0]
	add r0, r0, #0x500
	ldrh r0, [r0, #0xfc]
	cmp r0, #2
	bne _02FEBD14
	ldr r0, _02FEBD54 ; =0x0000C008
	bl FUN_02FEC5F4
_02FEBD14:
	ldr r0, _02FEBD58 ; =0x0000601E
	ldr r4, _02FEBD5C ; =0x04808158
	strh r0, [r4]
	bl FUN_037FB498
	ldrh r1, [r4, #4]
	mov r0, #0x1e
	orr r1, r1, #0x3f
	bl FUN_02FEC5C4
	ldr r1, _02FEBD60 ; =0x0000800D
	ldr r0, _02FEBD64 ; =0x04808036
	strh r1, [r4, #0x10]
	mov r1, #1
	strh r1, [r0]
	ldmia sp!, {r4, lr}
	bx lr
	.balign 4, 0
_02FEBD50: .word 0x0380FFF4
_02FEBD54: .word 0x0000C008
_02FEBD58: .word 0x0000601E
_02FEBD5C: .word 0x04808158
_02FEBD60: .word 0x0000800D
_02FEBD64: .word 0x04808036
	arm_func_end FUN_02FEBCF0

	arm_func_start FUN_02FEBD68
FUN_02FEBD68: ; 0x02FEBD68
	stmdb sp!, {r3, r4, r5, r6, r7, lr}
	ldr r5, _02FEBE00 ; =0x02FEC964
	mov r6, #0x1f40
	ldr r2, _02FEBE04 ; =0x04808036
	mov r7, #0
	mov r0, r6
	mov r1, r5
	strh r7, [r2]
	bl FUN_037FB3B8
	ldr r4, _02FEBE08 ; =0x04808168
	ldr r0, _02FEBE0C ; =0x0380FFF4
	strh r7, [r4]
	ldr r0, [r0]
	add r0, r0, #0x500
	ldrh r0, [r0, #0xfc]
	cmp r0, #2
	beq _02FEBDB8
	cmp r0, #3
	beq _02FEBDF4
	b _02FEBDF8
_02FEBDB8:
	ldr r0, _02FEBE10 ; =0x00006001
	strh r0, [r4, #-0x10]
	bl FUN_037FB498
	ldrh r7, [r4, #-0xc]
	mov r4, #1
	mov r0, r4
	and r1, r7, #0x7f
	bl FUN_02FEC5C4
	mov r0, r4
	mov r1, r7
	bl FUN_02FEC5C4
	mov r1, r5
	add r0, r6, #0x7d00
	bl FUN_037FB3B8
	b _02FEBDF4
_02FEBDF4:
	bl FUN_02FEC790
_02FEBDF8:
	ldmia sp!, {r3, r4, r5, r6, r7, lr}
	bx lr
	.balign 4, 0
_02FEBE00: .word 0x02FEC964
_02FEBE04: .word 0x04808036
_02FEBE08: .word 0x04808168
_02FEBE0C: .word 0x0380FFF4
_02FEBE10: .word 0x00006001
	arm_func_end FUN_02FEBD68

	arm_func_start FUN_02FEBE14
FUN_02FEBE14: ; 0x02FEBE14
	stmdb sp!, {r4, r5, r6, lr}
	ldr r2, _02FEBE70 ; =0x0380FFF4
	ldr r1, _02FEBE74 ; =0x0000FFFF
	ldr r2, [r2]
	mov r6, r0
	add r5, r2, #0x31c
	cmp r6, r1
	streqh r1, [r5, #0x1c]
	add r4, r2, #0x344
	streqh r1, [r4, #0x8c]
	beq _02FEBE64
	ldrh r0, [r4, #0x6e]
	mov r1, #0x64
	mul r0, r6, r0
	bl FUN_037FBAE4
	cmp r0, #0x10000
	movhi r0, #5
	bhi _02FEBE68
	strh r6, [r5, #0x1c]
	strh r0, [r4, #0x8c]
_02FEBE64:
	mov r0, #0
_02FEBE68:
	ldmia sp!, {r4, r5, r6, lr}
	bx lr
	.balign 4, 0
_02FEBE70: .word 0x0380FFF4
_02FEBE74: .word 0x0000FFFF
	arm_func_end FUN_02FEBE14

	arm_func_start FUN_02FEBE78
FUN_02FEBE78: ; 0x02FEBE78
	ldr r1, _02FEBEBC ; =0x0380FFF4
	mov r2, #1
	ldr r0, [r1]
	add r0, r0, #0x300
	strh r2, [r0, #0xea]
	ldr r0, [r1]
	add r0, r0, #0x400
	ldrh r0, [r0, #0x68]
	cmp r0, #0
	ldreq r3, _02FEBEC0 ; =0x04808038
	ldreq r0, _02FEBEC4 ; =0x0000FFFD
	ldreqh r2, [r3]
	moveq r1, #0
	andeq r0, r2, r0
	streqh r0, [r3]
	streqh r1, [r3, #0x10]
	bx lr
	.balign 4, 0
_02FEBEBC: .word 0x0380FFF4
_02FEBEC0: .word 0x04808038
_02FEBEC4: .word 0x0000FFFD
	arm_func_end FUN_02FEBE78
_02FEBEC8:
	.byte 0x20, 0x00, 0x9F, 0xE5, 0x20, 0x10, 0x9F, 0xE5
	.byte 0x00, 0x00, 0x90, 0xE5, 0x00, 0x20, 0xA0, 0xE3, 0x03, 0x0C, 0x80, 0xE2, 0xBA, 0x2E, 0xC0, 0xE1
	.byte 0xB0, 0x00, 0xD1, 0xE1, 0x02, 0x00, 0x80, 0xE3, 0xB0, 0x00, 0xC1, 0xE1, 0x1E, 0xFF, 0x2F, 0xE1
	.byte 0xF4, 0xFF, 0x80, 0x03, 0x38, 0x80, 0x80, 0x04, 0x38, 0x40, 0x2D, 0xE9, 0x34, 0x20, 0x9F, 0xE5
	.byte 0x00, 0x50, 0xA0, 0xE1, 0x00, 0x00, 0x92, 0xE5, 0x80, 0x00, 0x55, 0xE3, 0xD1, 0x4F, 0x80, 0xE2
	.byte 0x04, 0x00, 0xA0, 0x83, 0x05, 0x00, 0x00, 0x8A, 0x01, 0x00, 0xA0, 0xE1, 0x9C, 0x10, 0x94, 0xE5
	.byte 0x01, 0x20, 0x85, 0xE2, 0x84, 0x4D, 0x20, 0xEB, 0xB0, 0x5A, 0xC4, 0xE1, 0x00, 0x00, 0xA0, 0xE3
	.byte 0x38, 0x40, 0xBD, 0xE8, 0x1E, 0xFF, 0x2F, 0xE1, 0xF4, 0xFF, 0x80, 0x03, 0xF0, 0x41, 0x2D, 0xE9
	.byte 0x9C, 0x20, 0x9F, 0xE5, 0x00, 0x40, 0xA0, 0xE1, 0x00, 0x00, 0x92, 0xE5, 0x01, 0x80, 0xA0, 0xE1
	.byte 0x80, 0x00, 0x54, 0xE3, 0xD1, 0x5F, 0x80, 0xE2, 0x04, 0x00, 0xA0, 0x83, 0x1E, 0x00, 0x00, 0x8A
	.byte 0x00, 0x00, 0x54, 0xE3, 0x18, 0x00, 0x00, 0x0A, 0xB2, 0x0A, 0xD5, 0xE1, 0x01, 0x00, 0x10, 0xE3
	.byte 0x11, 0x00, 0x00, 0x0A, 0x9C, 0x60, 0x95, 0xE5, 0xFF, 0x10, 0xA0, 0xE3, 0x06, 0x00, 0xA0, 0xE1
	.byte 0x4F, 0x03, 0x00, 0xEB, 0x01, 0x60, 0x86, 0xE2, 0x00, 0x70, 0xA0, 0xE3, 0x07, 0x00, 0x00, 0xEA
	.byte 0x08, 0x00, 0xA0, 0xE1, 0x55, 0x03, 0x00, 0xEB, 0x00, 0x10, 0xA0, 0xE1, 0x06, 0x00, 0xA0, 0xE1
	.byte 0x47, 0x03, 0x00, 0xEB, 0x01, 0x60, 0x86, 0xE2, 0x01, 0x80, 0x88, 0xE2, 0x01, 0x70, 0x87, 0xE2
	.byte 0x04, 0x00, 0x57, 0xE1, 0xF5, 0xFF, 0xFF, 0x3A, 0x03, 0x00, 0x00, 0xEA, 0x9C, 0x10, 0x95, 0xE5
	.byte 0x08, 0x00, 0xA0, 0xE1, 0x01, 0x20, 0x84, 0xE2, 0x5B, 0x4D, 0x20, 0xEB, 0xB0, 0x4A, 0xC5, 0xE1
	.byte 0x01, 0x00, 0xA0, 0xE3, 0xB4, 0x0A, 0xC5, 0xE1, 0x00, 0x00, 0xA0, 0xE3, 0xF0, 0x41, 0xBD, 0xE8
	.byte 0x1E, 0xFF, 0x2F, 0xE1, 0xF4, 0xFF, 0x80, 0x03, 0x2C, 0x30, 0x9F, 0xE5, 0x2C, 0x20, 0x9F, 0xE5
	.byte 0x00, 0x10, 0x93, 0xE5, 0x03, 0x1C, 0x81, 0xE2, 0xBE, 0x0A, 0xC1, 0xE1, 0xB0, 0x00, 0xC2, 0xE1
	.byte 0x00, 0x10, 0x93, 0xE5, 0x03, 0x1C, 0x81, 0xE2, 0xBA, 0x13, 0xD1, 0xE1, 0x01, 0x1C, 0xA0, 0xE1
	.byte 0xA1, 0x1F, 0xB0, 0xE1, 0xB2, 0x00, 0x42, 0x11, 0x1E, 0xFF, 0x2F, 0xE1, 0xF4, 0xFF, 0x80, 0x03
	.byte 0x2A, 0x80, 0x80, 0x04, 0x38, 0x40, 0x2D, 0xE9, 0x40, 0x00, 0x9F, 0xE5, 0x00, 0x40, 0xA0, 0xE3
	.byte 0x00, 0x00, 0x90, 0xE5, 0xD1, 0x5F, 0x80, 0xE2, 0xBA, 0x46, 0xC5, 0xE1, 0xFA, 0x3C, 0x20, 0xEB
	.byte 0x2C, 0x00, 0x9F, 0xE5, 0xB0, 0x40, 0xC0, 0xE1, 0xB8, 0x08, 0xD5, 0xE1, 0x00, 0x00, 0x50, 0xE3
	.byte 0x04, 0x00, 0x00, 0x0A, 0xF7, 0x1A, 0x00, 0xEB, 0xB8, 0x08, 0xD5, 0xE1, 0x20, 0x10, 0xA0, 0xE3
	.byte 0xD5, 0x06, 0x00, 0xEB, 0xB8, 0x48, 0xC5, 0xE1, 0x38, 0x40, 0xBD, 0xE8, 0x1E, 0xFF, 0x2F, 0xE1
	.byte 0xF4, 0xFF, 0x80, 0x03, 0x2A, 0x80, 0x80, 0x04, 0x14, 0x00, 0x9F, 0xE5, 0x14, 0x10, 0x9F, 0xE5
	.byte 0x00, 0x00, 0x90, 0xE5, 0x03, 0x0C, 0x80, 0xE2, 0xBE, 0x0A, 0xD0, 0xE1, 0xB0, 0x00, 0xC1, 0xE1
	.byte 0x1E, 0xFF, 0x2F, 0xE1, 0xF4, 0xFF, 0x80, 0x03, 0x28, 0x80, 0x80, 0x04, 0x08, 0x40, 0x2D, 0xE9
	.byte 0x14, 0x00, 0x9F, 0xE5, 0xB0, 0x00, 0xD0, 0xE1, 0x02, 0x09, 0x10, 0xE3, 0x00, 0x00, 0x00, 0x1A
	.byte 0xDD, 0x3C, 0x20, 0xEB, 0x08, 0x40, 0xBD, 0xE8, 0x1E, 0xFF, 0x2F, 0xE1, 0x94, 0x80, 0x80, 0x04

	arm_func_start FUN_02FEC0C0
FUN_02FEC0C0: ; 0x02FEC0C0
	ldrh r2, [r1]
	strh r2, [r0]
	ldrh r2, [r1, #2]
	strh r2, [r0, #2]
	ldrh r1, [r1, #4]
	strh r1, [r0, #4]
	bx lr
	arm_func_end FUN_02FEC0C0
_02FEC0DC:
	.byte 0xB0, 0x30, 0xD1, 0xE1
	.byte 0xB0, 0x30, 0xC0, 0xE1, 0xB2, 0x30, 0xD1, 0xE1, 0xB2, 0x30, 0xC0, 0xE1, 0xB4, 0x10, 0xD1, 0xE1
	.byte 0xB4, 0x10, 0xC0, 0xE1, 0xB0, 0x10, 0xD2, 0xE1, 0xB6, 0x10, 0xC0, 0xE1, 0xB2, 0x10, 0xD2, 0xE1
	.byte 0xB8, 0x10, 0xC0, 0xE1, 0xB4, 0x10, 0xD2, 0xE1, 0xBA, 0x10, 0xC0, 0xE1, 0x1E, 0xFF, 0x2F, 0xE1
	.byte 0xB0, 0xC0, 0xD1, 0xE1, 0xB0, 0xC0, 0xC0, 0xE1, 0xB2, 0xC0, 0xD1, 0xE1, 0xB2, 0xC0, 0xC0, 0xE1
	.byte 0xB4, 0x10, 0xD1, 0xE1, 0xB4, 0x10, 0xC0, 0xE1, 0xB0, 0x10, 0xD2, 0xE1, 0xB6, 0x10, 0xC0, 0xE1
	.byte 0xB2, 0x10, 0xD2, 0xE1, 0xB8, 0x10, 0xC0, 0xE1, 0xB4, 0x10, 0xD2, 0xE1, 0xBA, 0x10, 0xC0, 0xE1
	.byte 0xB0, 0x10, 0xD3, 0xE1, 0xBC, 0x10, 0xC0, 0xE1, 0xB2, 0x10, 0xD3, 0xE1, 0xBE, 0x10, 0xC0, 0xE1
	.byte 0xB4, 0x10, 0xD3, 0xE1, 0xB0, 0x11, 0xC0, 0xE1, 0x1E, 0xFF, 0x2F, 0xE1, 0x08, 0x40, 0x2D, 0xE9
	.byte 0x08, 0x00, 0x00, 0xEB, 0x18, 0x10, 0x9F, 0xE5, 0x00, 0x00, 0xA0, 0xE3, 0x00, 0x10, 0x91, 0xE5
	.byte 0xB4, 0x20, 0xA0, 0xE3, 0x15, 0x1D, 0x81, 0xE2, 0x04, 0x4D, 0x20, 0xEB, 0x08, 0x40, 0xBD, 0xE8
	.byte 0x1E, 0xFF, 0x2F, 0xE1, 0xF4, 0xFF, 0x80, 0x03, 0xE8, 0x11, 0x9F, 0xE5, 0xE8, 0x01, 0x9F, 0xE5
	.byte 0x00, 0x10, 0x91, 0xE5, 0xB0, 0x20, 0xD0, 0xE1, 0x90, 0x35, 0x91, 0xE5, 0xFF, 0x20, 0x02, 0xE2
	.byte 0x02, 0x20, 0x83, 0xE0, 0x90, 0x25, 0x81, 0xE5, 0xB2, 0xC0, 0xD0, 0xE1, 0x8C, 0x35, 0x91, 0xE5
	.byte 0xFF, 0x20, 0x0C, 0xE2, 0x4C, 0x34, 0x83, 0xE0, 0x8C, 0x35, 0x81, 0xE5, 0x9C, 0x35, 0x91, 0xE5
	.byte 0x02, 0x20, 0x83, 0xE0, 0x9C, 0x25, 0x81, 0xE5, 0xB4, 0xC0, 0xD0, 0xE1, 0x98, 0x35, 0x91, 0xE5
	.byte 0xFF, 0x20, 0x0C, 0xE2, 0x4C, 0x34, 0x83, 0xE0, 0x98, 0x35, 0x81, 0xE5, 0x94, 0x35, 0x91, 0xE5
	.byte 0x02, 0x20, 0x83, 0xE0, 0x94, 0x25, 0x81, 0xE5, 0xB6, 0xC0, 0xD0, 0xE1, 0xA0, 0x35, 0x91, 0xE5
	.byte 0xFF, 0x20, 0x0C, 0xE2, 0x4C, 0x34, 0x83, 0xE0, 0xA0, 0x35, 0x81, 0xE5, 0x78, 0x35, 0x91, 0xE5
	.byte 0x02, 0x20, 0x83, 0xE0, 0x78, 0x25, 0x81, 0xE5, 0xB8, 0x20, 0xD0, 0xE1, 0x88, 0x35, 0x91, 0xE5
	.byte 0xFF, 0x20, 0x02, 0xE2, 0x02, 0x20, 0x83, 0xE0, 0x88, 0x25, 0x81, 0xE5, 0xBA, 0x20, 0xD0, 0xE1
	.byte 0x60, 0x35, 0x91, 0xE5, 0xFF, 0x20, 0x02, 0xE2, 0x02, 0x20, 0x83, 0xE0, 0x60, 0x25, 0x81, 0xE5
	.byte 0xBC, 0xC0, 0xD0, 0xE1, 0x70, 0x35, 0x91, 0xE5, 0xFF, 0x20, 0x0C, 0xE2, 0x4C, 0x34, 0x83, 0xE0
	.byte 0x70, 0x35, 0x81, 0xE5, 0x84, 0x35, 0x91, 0xE5, 0x02, 0x20, 0x83, 0xE0, 0x84, 0x25, 0x81, 0xE5
	.byte 0xBE, 0xC0, 0xD0, 0xE1, 0x7C, 0x35, 0x91, 0xE5, 0xFF, 0x20, 0x0C, 0xE2, 0x02, 0x20, 0x83, 0xE0
	.byte 0x7C, 0x25, 0x81, 0xE5, 0x80, 0x25, 0x91, 0xE5, 0x4C, 0x24, 0x82, 0xE0, 0x80, 0x25, 0x81, 0xE5
	.byte 0xB0, 0x21, 0xD0, 0xE1, 0x4C, 0x35, 0x91, 0xE5, 0xFF, 0x20, 0x02, 0xE2, 0x02, 0x20, 0x83, 0xE0
	.byte 0x4C, 0x25, 0x81, 0xE5, 0xB0, 0x32, 0xD0, 0xE1, 0xB8, 0x25, 0x91, 0xE5, 0x43, 0x24, 0x82, 0xE0
	.byte 0xB8, 0x25, 0x81, 0xE5, 0xB2, 0xC2, 0xD0, 0xE1, 0xBC, 0x35, 0x91, 0xE5, 0xFF, 0x20, 0x0C, 0xE2
	.byte 0x02, 0x20, 0x83, 0xE0, 0xBC, 0x25, 0x81, 0xE5, 0xC0, 0x25, 0x91, 0xE5, 0x4C, 0x24, 0x82, 0xE0
	.byte 0xC0, 0x25, 0x81, 0xE5, 0xB4, 0xC2, 0xD0, 0xE1, 0xC4, 0x35, 0x91, 0xE5, 0xFF, 0x20, 0x0C, 0xE2
	.byte 0x02, 0x20, 0x83, 0xE0, 0xC4, 0x25, 0x81, 0xE5, 0xC8, 0x25, 0x91, 0xE5, 0x4C, 0x24, 0x82, 0xE0
	.byte 0xC8, 0x25, 0x81, 0xE5, 0xB6, 0xC2, 0xD0, 0xE1, 0xCC, 0x35, 0x91, 0xE5, 0xFF, 0x20, 0x0C, 0xE2
	.byte 0x02, 0x20, 0x83, 0xE0, 0xCC, 0x25, 0x81, 0xE5, 0xD0, 0x25, 0x91, 0xE5, 0x4C, 0x24, 0x82, 0xE0
	.byte 0xD0, 0x25, 0x81, 0xE5, 0xB8, 0xC2, 0xD0, 0xE1, 0xD4, 0x35, 0x91, 0xE5, 0xFF, 0x20, 0x0C, 0xE2
	.byte 0x02, 0x20, 0x83, 0xE0, 0xD4, 0x25, 0x81, 0xE5, 0xD8, 0x25, 0x91, 0xE5, 0x4C, 0x24, 0x82, 0xE0
	.byte 0xD8, 0x25, 0x81, 0xE5, 0xBA, 0xC2, 0xD0, 0xE1, 0xDC, 0x35, 0x91, 0xE5, 0xFF, 0x20, 0x0C, 0xE2
	.byte 0x02, 0x20, 0x83, 0xE0, 0xDC, 0x25, 0x81, 0xE5, 0xE0, 0x25, 0x91, 0xE5, 0x4C, 0x24, 0x82, 0xE0
	.byte 0xE0, 0x25, 0x81, 0xE5, 0xBC, 0xC2, 0xD0, 0xE1, 0xE4, 0x35, 0x91, 0xE5, 0xFF, 0x20, 0x0C, 0xE2
	.byte 0x02, 0x20, 0x83, 0xE0, 0xE4, 0x25, 0x81, 0xE5, 0xE8, 0x25, 0x91, 0xE5, 0x4C, 0x24, 0x82, 0xE0
	.byte 0xE8, 0x25, 0x81, 0xE5, 0xBE, 0x32, 0xD0, 0xE1, 0xEC, 0x25, 0x91, 0xE5, 0xFF, 0x00, 0x03, 0xE2
	.byte 0x00, 0x00, 0x82, 0xE0, 0xEC, 0x05, 0x81, 0xE5, 0xF0, 0x05, 0x91, 0xE5, 0x43, 0x04, 0x80, 0xE0
	.byte 0xF0, 0x05, 0x81, 0xE5, 0x1E, 0xFF, 0x2F, 0xE1, 0xF4, 0xFF, 0x80, 0x03, 0xB0, 0x81, 0x80, 0x04
	.byte 0xF0, 0x47, 0x2D, 0xE9, 0xC0, 0x20, 0x9F, 0xE5, 0x00, 0x90, 0xA0, 0xE1, 0x00, 0x00, 0x92, 0xE5
	.byte 0x01, 0x80, 0xA0, 0xE1, 0x20, 0x00, 0x59, 0xE3, 0xD1, 0x2F, 0x80, 0xE2, 0x00, 0x00, 0xA0, 0x83
	.byte 0x27, 0x00, 0x00, 0x8A, 0xBE, 0x11, 0xD2, 0xE1, 0x00, 0x00, 0x51, 0xE3, 0x01, 0x00, 0xA0, 0x03
	.byte 0x23, 0x00, 0x00, 0x0A, 0x01, 0x0B, 0x80, 0xE2, 0xB4, 0x00, 0xD0, 0xE1, 0x13, 0x00, 0x50, 0xE3
	.byte 0x04, 0x00, 0x00, 0x1A, 0x01, 0x00, 0x59, 0xE1, 0x00, 0x00, 0xA0, 0x33, 0x1C, 0x00, 0x00, 0x3A
	.byte 0x01, 0x90, 0xA0, 0xE1, 0x02, 0x00, 0x00, 0xEA, 0x01, 0x00, 0x59, 0xE1, 0x00, 0x00, 0xA0, 0x13
	.byte 0x17, 0x00, 0x00, 0x1A, 0x20, 0x50, 0x82, 0xE2, 0x40, 0x60, 0x82, 0xE2, 0x00, 0x70, 0xA0, 0xE3
	.byte 0x10, 0x00, 0x00, 0xEA, 0x06, 0x00, 0xA0, 0xE1, 0x3C, 0x02, 0x00, 0xEB, 0x00, 0x40, 0xA0, 0xE1
	.byte 0x08, 0x00, 0xA0, 0xE1, 0x01, 0x60, 0x86, 0xE2, 0x38, 0x02, 0x00, 0xEB, 0x00, 0xA0, 0xA0, 0xE1
	.byte 0x05, 0x00, 0xA0, 0xE1, 0x01, 0x80, 0x88, 0xE2, 0x34, 0x02, 0x00, 0xEB, 0x04, 0x10, 0x8A, 0xE1
	.byte 0x04, 0x00, 0x80, 0xE1, 0x00, 0x00, 0x51, 0xE1, 0x01, 0x50, 0x85, 0xE2, 0x00, 0x00, 0xA0, 0x13
	.byte 0x03, 0x00, 0x00, 0x1A, 0x01, 0x70, 0x87, 0xE2, 0x09, 0x00, 0x57, 0xE1, 0xEC, 0xFF, 0xFF, 0x3A
	.byte 0x01, 0x00, 0xA0, 0xE3, 0xF0, 0x47, 0xBD, 0xE8, 0x1E, 0xFF, 0x2F, 0xE1, 0xF4, 0xFF, 0x80, 0x03
	.byte 0xB4, 0x30, 0xD0, 0xE1, 0xB4, 0x20, 0xD1, 0xE1, 0x02, 0x00, 0x53, 0xE1, 0xB2, 0x30, 0xD0, 0x01
	.byte 0xB2, 0x20, 0xD1, 0x01, 0x02, 0x00, 0x53, 0x01, 0xB0, 0x20, 0xD0, 0x01, 0xB0, 0x00, 0xD1, 0x01
	.byte 0x00, 0x00, 0x52, 0x01, 0x01, 0x00, 0xA0, 0x03, 0x00, 0x00, 0xA0, 0x13, 0x1E, 0xFF, 0x2F, 0xE1
	.byte 0x14, 0x10, 0x9F, 0xE5, 0x01, 0x20, 0xA0, 0xE3, 0x00, 0x10, 0x91, 0xE5, 0x03, 0x1C, 0x81, 0xE2
	.byte 0xBC, 0x12, 0xD1, 0xE1, 0x12, 0x00, 0x01, 0xE0, 0x1E, 0xFF, 0x2F, 0xE1, 0xF4, 0xFF, 0x80, 0x03
	.byte 0xF8, 0x43, 0x2D, 0xE9, 0x00, 0x40, 0xA0, 0xE1, 0x01, 0x90, 0xA0, 0xE1, 0x00, 0x70, 0xA0, 0xE3
	.byte 0x01, 0x00, 0x84, 0xE2, 0xB0, 0x70, 0xC9, 0xE1, 0xB2, 0x70, 0xC9, 0xE1, 0x0B, 0x02, 0x00, 0xEB
	.byte 0x02, 0x60, 0x84, 0xE2, 0x84, 0x50, 0x9F, 0xE5, 0x00, 0x80, 0xA0, 0xE1, 0x01, 0x40, 0xA0, 0xE3
	.byte 0x1A, 0x00, 0x00, 0xEA, 0x07, 0x00, 0x86, 0xE0, 0x04, 0x02, 0x00, 0xEB, 0x7F, 0x10, 0x00, 0xE2
	.byte 0x01, 0x10, 0x41, 0xE2, 0x78, 0x00, 0x51, 0xE3, 0x0C, 0x00, 0x00, 0x2A, 0x81, 0x10, 0xA0, 0xE1
	.byte 0xB1, 0x10, 0x95, 0xE1, 0xFF, 0x00, 0x51, 0xE3, 0x08, 0x00, 0x00, 0x0A, 0xB2, 0x20, 0xD9, 0xE1
	.byte 0x14, 0x11, 0xA0, 0xE1, 0x80, 0x00, 0x10, 0xE3, 0x01, 0x18, 0xA0, 0xE1, 0xB0, 0x00, 0xD9, 0x11
	.byte 0x21, 0x28, 0x82, 0xE1, 0xB2, 0x20, 0xC9, 0xE1, 0x21, 0x08, 0x80, 0x11, 0x05, 0x00, 0x00, 0xEA
	.byte 0xB2, 0x10, 0xD9, 0xE1, 0x80, 0x00, 0x10, 0xE3, 0x02, 0x09, 0x81, 0xE3, 0xB2, 0x00, 0xC9, 0xE1
	.byte 0xB0, 0x00, 0xD9, 0x11, 0x02, 0x09, 0x80, 0x13, 0xB0, 0x00, 0xC9, 0x11, 0x01, 0x70, 0x87, 0xE2
	.byte 0x08, 0x00, 0x57, 0xE1, 0xE2, 0xFF, 0xFF, 0x3A, 0xF8, 0x43, 0xBD, 0xE8, 0x1E, 0xFF, 0x2F, 0xE1
	.byte 0x68, 0x70, 0xFF, 0x02

	arm_func_start FUN_02FEC554
FUN_02FEC554: ; 0x02FEC554
	ldr r0, _02FEC59C ; =0x0380FFF4
	ldr r0, [r0]
	add r0, r0, #0x300
	ldrh r1, [r0, #0x30]
	cmp r1, #0
	beq _02FEC578
	cmp r1, #1
	beq _02FEC58C
	b _02FEC594
_02FEC578:
	ldrh r0, [r0, #0xa4]
	tst r0, #1
	beq _02FEC594
	mov r0, #0xa
	bx lr
_02FEC58C:
	mov r0, #0xa
	bx lr
_02FEC594:
	mov r0, #0x14
	bx lr
	.balign 4, 0
_02FEC59C: .word 0x0380FFF4
	arm_func_end FUN_02FEC554

	arm_func_start FUN_02FEC5A0
FUN_02FEC5A0: ; 0x02FEC5A0
	stmdb sp!, {r4, lr}
	ldr r4, _02FEC5C0 ; =0x04808158
	orr r0, r0, #0x6000
	strh r0, [r4]
	bl FUN_037FB498
	ldrh r0, [r4, #4]
	ldmia sp!, {r4, lr}
	bx lr
	.balign 4, 0
_02FEC5C0: .word 0x04808158
	arm_func_end FUN_02FEC5A0

	arm_func_start FUN_02FEC5C4
FUN_02FEC5C4: ; 0x02FEC5C4
	stmdb sp!, {r3, lr}
	ldr r2, _02FEC5F0 ; =0x0480815A
	orr r0, r0, #0x5000
	strh r1, [r2]
	strh r0, [r2, #-2]
	bl FUN_037FB498
	cmp r0, #0
	mvnne r0, #0
	moveq r0, #0
	ldmia sp!, {r3, lr}
	bx lr
	.balign 4, 0
_02FEC5F0: .word 0x0480815A
	arm_func_end FUN_02FEC5C4

	arm_func_start FUN_02FEC5F4
FUN_02FEC5F4: ; 0x02FEC5F4
	ldr r2, _02FEC60C ; =0x0480817E
	ldr ip, _02FEC610 ; =FUN_037FB4CC
	strh r0, [r2]
	mov r1, r0, lsr #0x10
	strh r1, [r2, #-2]
	bx ip
	.balign 4, 0
_02FEC60C: .word 0x0480817E
_02FEC610: .word 0x037FB4CC
	arm_func_end FUN_02FEC5F4
_02FEC614:
	.byte 0xFC, 0x41, 0x2D, 0xE9, 0x00, 0x80, 0xA0, 0xE3, 0x00, 0x80, 0x8D, 0xE5
	.byte 0x08, 0x70, 0xA0, 0xE1, 0x64, 0x60, 0xA0, 0xE3, 0x00, 0x40, 0x8D, 0xE2, 0x01, 0x50, 0xA0, 0xE3
	.byte 0x06, 0x00, 0xA0, 0xE1, 0x05, 0x10, 0xA0, 0xE1, 0x04, 0x20, 0xA0, 0xE1, 0x8C, 0x29, 0x00, 0xEB
	.byte 0x01, 0x00, 0x57, 0xE3, 0x00, 0x00, 0x9D, 0x05, 0x08, 0x10, 0xA0, 0xE1, 0x80, 0x00, 0x00, 0x02
	.byte 0x00, 0x00, 0x8D, 0x05, 0x00, 0x00, 0x9D, 0xE5, 0xFF, 0x00, 0x00, 0xE2, 0xCB, 0x01, 0x00, 0xEB
	.byte 0x01, 0x70, 0x87, 0xE2, 0x00, 0x80, 0xA0, 0xE1, 0x69, 0x00, 0x57, 0xE3, 0x01, 0x60, 0x86, 0xE2
	.byte 0xEE, 0xFF, 0xFF, 0x3A, 0xFC, 0x41, 0xBD, 0xE8, 0x1E, 0xFF, 0x2F, 0xE1

	arm_func_start FUN_02FEC67C
FUN_02FEC67C: ; 0x02FEC67C
	stmdb sp!, {r3, r4, r5, lr}
	ldr r1, _02FEC6EC ; =0x0380FFF4
	mov r0, #0
	ldr r1, [r1]
	mov r2, #0x10
	add r1, r1, #0x1fc
	add r5, r1, #0x400
	mov r1, r5
	bl FUN_037FF524
	mov r4, #1
	mov r1, r4
	mov r2, r5
	mov r0, #0x40
	bl FUN_02FF6C74
	mov r1, r4
	add r2, r5, #2
	mov r0, #0x41
	bl FUN_02FF6C74
	mov r1, r4
	add r2, r5, #4
	mov r0, #0x42
	bl FUN_02FF6C74
	mov r1, r4
	add r2, r5, #6
	mov r0, #0x43
	bl FUN_02FF6C74
	ldmia sp!, {r3, r4, r5, lr}
	bx lr
	.balign 4, 0
_02FEC6EC: .word 0x0380FFF4
	arm_func_end FUN_02FEC67C

	arm_func_start FUN_02FEC6F0
FUN_02FEC6F0: ; 0x02FEC6F0
	ldr r2, _02FEC724 ; =0x02FF7004
	mov r3, #0
_02FEC6F8:
	mov r0, r3, lsl #2
	ldrh r0, [r2, r0]
	add r1, r2, r3, lsl #2
	add r0, r0, #0x4800000
	add r3, r3, #1
	ldrh r1, [r1, #2]
	add r0, r0, #0x8000
	strh r1, [r0]
	cmp r3, #0x19
	blo _02FEC6F8
	bx lr
	.balign 4, 0
_02FEC724: .word 0x02FF7004
	arm_func_end FUN_02FEC6F0

	arm_func_start FUN_02FEC728
FUN_02FEC728: ; 0x02FEC728
	stmdb sp!, {r3, r4, r5, r6, r7, lr}
	ldr r0, _02FEC78C ; =0x04808160
	mov r1, #0x100
	strh r1, [r0]
	mov r6, #0
	str r6, [sp]
	mov r7, #0x64
	add r4, sp, #0
	mov r5, #1
_02FEC74C:
	mov r0, r7
	mov r1, r5
	mov r2, r4
	bl FUN_02FF6C74
	ldr r1, [sp]
	mov r0, r6
	bl FUN_02FEC5C4
	add r6, r6, #1
	cmp r6, #0x69
	add r7, r7, #1
	blo _02FEC74C
	mov r0, #0x5a
	mov r1, #2
	bl FUN_02FEC5C4
	ldmia sp!, {r3, r4, r5, r6, r7, lr}
	bx lr
	.balign 4, 0
_02FEC78C: .word 0x04808160
	arm_func_end FUN_02FEC728

	arm_func_start FUN_02FEC790
FUN_02FEC790: ; 0x02FEC790
	stmdb sp!, {r1, r2, r3, r4, r5, r6, r7, r8, sb, lr}
	ldr r0, _02FEC900 ; =0x0380FFF4
	mov sb, #0
	ldr r0, [r0]
	ldr r5, _02FEC904 ; =0x02FF6F54
	add r0, r0, #0x1fc
	str sb, [sp]
	mov r6, sb
	add r4, r0, #0x400
	add r7, sp, #0
	mov r8, #2
_02FEC7BC:
	mov r0, sb, lsl #1
	mov r1, r8
	mov r2, r7
	add r0, r0, #0x44
	bl FUN_02FF6C74
	mov r0, sb, lsl #1
	ldrh r0, [r5, r0]
	add sb, sb, #1
	add r0, r0, #0x4800000
	ldr r1, [sp]
	add r0, r0, #0x8000
	strh r1, [r0]
	cmp sb, #0x10
	blo _02FEC7BC
	ldrh r1, [r4, #2]
	ldr r0, _02FEC908 ; =0x04808184
	mov r2, r1, lsr #7
	mov r1, r2, lsl #8
	str r1, [sp, #4]
	ldrh r1, [r4, #2]
	mov r7, #0xce
	and r1, r1, #0x7f
	orr r1, r1, r2, lsl #8
	str r1, [sp, #4]
	strh r1, [r0]
	ldrh r0, [r4, #2]
	ldrh r1, [r4]
	and r0, r0, #0x7f
	add r2, r0, #7
	mov r0, r2, asr #2
	add r0, r2, r0, lsr #29
	ldrh r8, [r4, #4]
	cmp r1, #3
	mov sb, r0, asr #3
	bne _02FEC8A8
	add r0, r8, #0xce
	add r2, r4, #8
	mov r1, #1
	bl FUN_02FF6C74
	mov sb, #0
	add r4, sp, #4
	mov r5, #1
	b _02FEC89C
_02FEC868:
	str r6, [sp, #4]
	mov r0, r7
	mov r1, r5
	mov r2, r4
	bl FUN_02FF6C74
	mov r0, sb, lsl #8
	ldr r1, [sp, #4]
	add r0, r0, #0x50000
	orr r0, r1, r0
	str r0, [sp, #4]
	bl FUN_02FEC5F4
	add sb, sb, #1
	add r7, r7, #1
_02FEC89C:
	cmp sb, r8
	blo _02FEC868
	b _02FEC8F8
_02FEC8A8:
	str r6, [sp, #4]
	add r5, sp, #4
	b _02FEC8F0
_02FEC8B4:
	mov r0, r7
	mov r1, sb
	mov r2, r5
	bl FUN_02FF6C74
	ldr r0, [sp, #4]
	bl FUN_02FEC5F4
	ldrh r0, [r4]
	sub r8, r8, #1
	cmp r0, #2
	ldreq r1, [sp, #4]
	add r7, r7, sb
	moveq r0, r1, lsr #0x12
	cmpeq r0, #9
	biceq r0, r1, #0x7c00
	streq r0, [r4, #0xc]
_02FEC8F0:
	cmp r8, #0
	bne _02FEC8B4
_02FEC8F8:
	ldmia sp!, {r1, r2, r3, r4, r5, r6, r7, r8, sb, lr}
	bx lr
	.balign 4, 0
_02FEC900: .word 0x0380FFF4
_02FEC904: .word 0x02FF6F54
_02FEC908: .word 0x04808184
	arm_func_end FUN_02FEC790

	arm_func_start FUN_02FEC90C
FUN_02FEC90C: ; 0x02FEC90C
	stmdb sp!, {r4, lr}
	ldr r0, _02FEC960 ; =0x0380FFF4
	ldr r4, [r0]
	bl FUN_037FE634
	cmp r0, #0
	addeq r0, r4, #0x300
	ldreqh r1, [r0, #0x3e]
	orreq r1, r1, #0x40
	streqh r1, [r0, #0x3e]
	beq _02FEC958
	add r0, r4, #0x20c
	add r0, r0, #0x400
	bl FUN_037FE644
	add r0, r4, #0x238
	add r0, r0, #0x400
	bl FUN_037FE644
	add r0, r4, #0x264
	add r0, r0, #0x400
	bl FUN_037FE644
_02FEC958:
	ldmia sp!, {r4, lr}
	bx lr
	.balign 4, 0
_02FEC960: .word 0x0380FFF4
	arm_func_end FUN_02FEC90C
_02FEC964:
	.byte 0x00, 0x10, 0xA0, 0xE3, 0x00, 0x10, 0x80, 0xE5, 0x1E, 0xFF, 0x2F, 0xE1
	.byte 0x04, 0x10, 0x9F, 0xE5, 0x04, 0xC0, 0x9F, 0xE5, 0x1C, 0xFF, 0x2F, 0xE1, 0x64, 0xC9, 0xFE, 0x02
	.byte 0xB8, 0xB3, 0x7F, 0x03, 0xF8, 0x41, 0x2D, 0xE9, 0x0C, 0xD0, 0x4D, 0xE2, 0x64, 0x50, 0x9F, 0xE5
	.byte 0x00, 0x40, 0xA0, 0xE1, 0x00, 0x00, 0x95, 0xE5, 0x01, 0x60, 0xA0, 0xE1, 0x83, 0x0F, 0x80, 0xE2
	.byte 0x01, 0x0B, 0x80, 0xE2, 0xAB, 0x47, 0x20, 0xEB, 0x4C, 0x00, 0x9F, 0xE5, 0x00, 0x80, 0xA0, 0xE3
	.byte 0x94, 0x10, 0x80, 0xE0, 0x21, 0x43, 0xA0, 0xE1, 0x08, 0x70, 0xA0, 0xE1, 0x00, 0x4D, 0x84, 0xE1
	.byte 0xB7, 0x46, 0x20, 0xEB, 0xC0, 0x00, 0x8D, 0xE9, 0x00, 0x80, 0x8D, 0xE5, 0x00, 0x20, 0x95, 0xE5
	.byte 0x00, 0x50, 0x94, 0xE0, 0x83, 0x0F, 0x82, 0xE2, 0x00, 0x20, 0xA1, 0xE2, 0x04, 0x30, 0xA0, 0xE1
	.byte 0x01, 0x0B, 0x80, 0xE2, 0x05, 0x10, 0xA0, 0xE1, 0x7D, 0x47, 0x20, 0xEB, 0x0C, 0xD0, 0x8D, 0xE2
	.byte 0xF8, 0x41, 0xBD, 0xE8, 0x1E, 0xFF, 0x2F, 0xE1, 0xF4, 0xFF, 0x80, 0x03, 0xEA, 0x82, 0x00, 0x00
	.byte 0x10, 0x00, 0x9F, 0xE5, 0x10, 0xC0, 0x9F, 0xE5, 0x00, 0x00, 0x90, 0xE5, 0x83, 0x0F, 0x80, 0xE2
	.byte 0x01, 0x0B, 0x80, 0xE2, 0x1C, 0xFF, 0x2F, 0xE1, 0xF4, 0xFF, 0x80, 0x03, 0x58, 0xE8, 0x7F, 0x03
	.byte 0x70, 0x40, 0x2D, 0xE9, 0x78, 0x00, 0x9F, 0xE5, 0x01, 0x50, 0xA0, 0xE3, 0x00, 0x60, 0x90, 0xE5
	.byte 0x05, 0x00, 0xA0, 0xE1, 0xEC, 0x23, 0x96, 0xE5, 0x0A, 0x10, 0xA0, 0xE3, 0x01, 0x20, 0x82, 0xE2
	.byte 0xEC, 0x23, 0x86, 0xE5, 0x47, 0x2F, 0x20, 0xEB, 0x02, 0x40, 0xA0, 0xE3, 0x04, 0x00, 0xA0, 0xE1
	.byte 0x12, 0x10, 0xA0, 0xE3, 0x43, 0x2F, 0x20, 0xEB, 0x05, 0x00, 0xA0, 0xE1, 0x11, 0x10, 0xA0, 0xE3
	.byte 0x40, 0x2F, 0x20, 0xEB, 0x01, 0x0C, 0x86, 0xE2, 0xBC, 0x0F, 0xD0, 0xE1, 0x00, 0x00, 0x50, 0xE3
	.byte 0x02, 0x00, 0x00, 0x0A, 0x04, 0x00, 0xA0, 0xE1, 0x13, 0x10, 0xA0, 0xE3, 0x39, 0x2F, 0x20, 0xEB
	.byte 0x03, 0x0C, 0x86, 0xE2, 0xB4, 0x0F, 0xD0, 0xE1, 0x00, 0x00, 0x50, 0xE3, 0x02, 0x00, 0x00, 0x0A
	.byte 0x02, 0x00, 0xA0, 0xE3, 0x15, 0x10, 0xA0, 0xE3, 0x32, 0x2F, 0x20, 0xEB, 0x70, 0x40, 0xBD, 0xE8
	.byte 0x1E, 0xFF, 0x2F, 0xE1, 0xF4, 0xFF, 0x80, 0x03, 0x7C, 0x40, 0x2D, 0xE9, 0x4C, 0x40, 0x9F, 0xE5
	.byte 0x00, 0x60, 0xA0, 0xE1, 0x00, 0x00, 0x94, 0xE5, 0x01, 0x50, 0xA0, 0xE1, 0x8E, 0x0F, 0x80, 0xE2
	.byte 0x01, 0x0B, 0x80, 0xE2, 0x63, 0x47, 0x20, 0xEB, 0x34, 0x00, 0x9F, 0xE5, 0x00, 0x10, 0xA0, 0xE3
	.byte 0x96, 0x00, 0x8C, 0xE0, 0x00, 0x10, 0x8D, 0xE5, 0x00, 0x20, 0x94, 0xE5, 0x20, 0x13, 0xA0, 0xE1
	.byte 0x8E, 0x0F, 0x82, 0xE2, 0x05, 0x30, 0xA0, 0xE1, 0x01, 0x0B, 0x80, 0xE2, 0x2C, 0x23, 0xA0, 0xE1
	.byte 0x0C, 0x1D, 0x81, 0xE1, 0x1E, 0x47, 0x20, 0xEB, 0x7C, 0x40, 0xBD, 0xE8, 0x1E, 0xFF, 0x2F, 0xE1
	.byte 0xF4, 0xFF, 0x80, 0x03, 0xEA, 0x82, 0x00, 0x00, 0xF8, 0x40, 0x2D, 0xE9, 0x64, 0x40, 0x9F, 0xE5
	.byte 0x00, 0x60, 0xA0, 0xE1, 0x00, 0x00, 0x94, 0xE5, 0x01, 0x50, 0xA0, 0xE1, 0x8E, 0x0F, 0x80, 0xE2
	.byte 0x01, 0x0B, 0x80, 0xE2, 0x4B, 0x47, 0x20, 0xEB, 0x4C, 0x00, 0x9F, 0xE5, 0x00, 0x70, 0xA0, 0xE3
	.byte 0x96, 0x00, 0x82, 0xE0, 0x20, 0x03, 0xA0, 0xE1, 0x07, 0x30, 0xA0, 0xE1, 0x22, 0x13, 0xA0, 0xE1
	.byte 0x02, 0x0D, 0x80, 0xE1, 0xFA, 0x2F, 0xA0, 0xE3, 0x50, 0x3B, 0x20, 0xEB, 0x00, 0x70, 0x8D, 0xE5
	.byte 0x00, 0x20, 0x94, 0xE5, 0x00, 0x40, 0xA0, 0xE1, 0x8E, 0x0F, 0x82, 0xE2, 0x01, 0x0B, 0x80, 0xE2
	.byte 0x05, 0x30, 0xA0, 0xE1, 0x01, 0x20, 0xA0, 0xE1, 0x04, 0x10, 0xA0, 0xE1, 0x00, 0x47, 0x20, 0xEB
	.byte 0xF8, 0x40, 0xBD, 0xE8, 0x1E, 0xFF, 0x2F, 0xE1, 0xF4, 0xFF, 0x80, 0x03, 0xEA, 0x82, 0x00, 0x00
	.byte 0x10, 0x00, 0x9F, 0xE5, 0x10, 0xC0, 0x9F, 0xE5, 0x00, 0x00, 0x90, 0xE5, 0x8E, 0x0F, 0x80, 0xE2
	.byte 0x01, 0x0B, 0x80, 0xE2, 0x1C, 0xFF, 0x2F, 0xE1, 0xF4, 0xFF, 0x80, 0x03, 0x58, 0xE8, 0x7F, 0x03
	.byte 0xF8, 0x40, 0x2D, 0xE9, 0x68, 0x30, 0x9F, 0xE5, 0x01, 0x20, 0x82, 0xE2, 0x01, 0x50, 0xA0, 0xE1
	.byte 0x01, 0x20, 0xC2, 0xE3, 0x02, 0x10, 0x85, 0xE0, 0x03, 0x00, 0x51, 0xE1, 0x00, 0x60, 0xA0, 0xE1
	.byte 0x05, 0x40, 0x43, 0x80, 0x04, 0x70, 0x42, 0x80, 0x02, 0x40, 0xA0, 0x91, 0x00, 0x70, 0xA0, 0x93
	.byte 0x05, 0x00, 0xA0, 0xE1, 0x06, 0x10, 0xA0, 0xE1, 0x04, 0x20, 0xA0, 0xE1, 0x56, 0x4A, 0x20, 0xEB
	.byte 0x00, 0x00, 0x57, 0xE3, 0x08, 0x00, 0x00, 0x0A, 0x28, 0x00, 0x9F, 0xE5, 0x04, 0x30, 0x85, 0xE0
	.byte 0x00, 0x00, 0x90, 0xE5, 0x07, 0x20, 0xA0, 0xE1, 0x03, 0x0C, 0x80, 0xE2, 0xBE, 0x0D, 0xD0, 0xE1
	.byte 0x04, 0x10, 0x86, 0xE0, 0x00, 0x00, 0x43, 0xE0, 0x4B, 0x4A, 0x20, 0xEB, 0xF8, 0x40, 0xBD, 0xE8
	.byte 0x1E, 0xFF, 0x2F, 0xE1, 0x60, 0x5F, 0x80, 0x04, 0xF4, 0xFF, 0x80, 0x03, 0x14, 0xC0, 0x9F, 0xE5
	.byte 0x00, 0x30, 0xA0, 0xE1, 0x01, 0x20, 0x82, 0xE2, 0x01, 0x00, 0xA0, 0xE1, 0x03, 0x10, 0xA0, 0xE1
	.byte 0x01, 0x20, 0xC2, 0xE3, 0x1C, 0xFF, 0x2F, 0xE1, 0x3C, 0xF5, 0x7F, 0x03, 0x70, 0x40, 0x2D, 0xE9
	.byte 0x00, 0x60, 0xA0, 0xE1, 0x02, 0x50, 0xA0, 0xE1, 0x01, 0x00, 0xA0, 0xE1, 0x03, 0x40, 0xA0, 0xE1
	.byte 0x06, 0x10, 0xA0, 0xE1, 0x24, 0x20, 0xA0, 0xE3, 0x37, 0x4A, 0x20, 0xEB, 0x00, 0x00, 0x54, 0xE3
	.byte 0x04, 0x00, 0x00, 0x0A, 0x01, 0x20, 0x84, 0xE2, 0x05, 0x00, 0xA0, 0xE1, 0x24, 0x10, 0x86, 0xE2
	.byte 0x01, 0x20, 0xC2, 0xE3, 0x30, 0x4A, 0x20, 0xEB, 0x70, 0x40, 0xBD, 0xE8, 0x1E, 0xFF, 0x2F, 0xE1
	.byte 0x70, 0x40, 0x2D, 0xE9, 0x00, 0x60, 0xA0, 0xE1, 0x02, 0x50, 0xA0, 0xE1, 0x01, 0x00, 0xA0, 0xE1
	.byte 0x03, 0x40, 0xA0, 0xE1, 0x06, 0x10, 0xA0, 0xE1, 0x24, 0x20, 0xA0, 0xE3, 0x26, 0x4A, 0x20, 0xEB
	.byte 0x00, 0x00, 0x54, 0xE3, 0x04, 0x00, 0x00, 0x0A, 0x01, 0x20, 0x84, 0xE2, 0x05, 0x00, 0xA0, 0xE1
	.byte 0x28, 0x10, 0x86, 0xE2, 0x01, 0x20, 0xC2, 0xE3, 0x1F, 0x4A, 0x20, 0xEB, 0x70, 0x40, 0xBD, 0xE8
	.byte 0x1E, 0xFF, 0x2F, 0xE1

	arm_func_start FUN_02FECCC4
FUN_02FECCC4: ; 0x02FECCC4
	tst r0, #1
	ldrneh r2, [r0, #-1]
	andne r2, r2, #0xff
	orrne r1, r2, r1, lsl #8
	strneh r1, [r0, #-1]
	ldreqh r2, [r0]
	andeq r1, r1, #0xff
	andeq r2, r2, #0xff00
	orreq r1, r2, r1
	streqh r1, [r0]
	bx lr
	arm_func_end FUN_02FECCC4

	arm_func_start FUN_02FECCF0
FUN_02FECCF0: ; 0x02FECCF0
	tst r0, #1
	ldrneh r0, [r0, #-1]
	movne r0, r0, asr #8
	ldreqh r0, [r0]
	and r0, r0, #0xff
	mov r0, r0
	bx lr
	arm_func_end FUN_02FECCF0

	arm_func_start FUN_02FECD0C
FUN_02FECD0C: ; 0x02FECD0C
	ldr r3, _02FECD3C ; =0x0380FFF4
	ldr r2, _02FECD40 ; =0x0000FFF8
	ldr ip, [r3]
	and r2, r0, r2
	add r0, ip, #0x1f4
	add r3, r2, #5
	add r2, ip, #0x500
	strh r3, [r2, #0xf4]
	add r2, r0, #0x400
	orr r0, r1, #1
	strh r0, [r2, #2]
	bx lr
	.balign 4, 0
_02FECD3C: .word 0x0380FFF4
_02FECD40: .word 0x0000FFF8
	arm_func_end FUN_02FECD0C
_02FECD44:
	.byte 0x0C, 0x10, 0x9F, 0xE5, 0x00, 0x10, 0x91, 0xE5, 0x05, 0x1C, 0x81, 0xE2
	.byte 0xB8, 0x0F, 0xC1, 0xE1, 0x1E, 0xFF, 0x2F, 0xE1, 0xF4, 0xFF, 0x80, 0x03, 0x28, 0x00, 0x9F, 0xE5
	.byte 0x00, 0x10, 0x90, 0xE5, 0x7D, 0x0F, 0x81, 0xE2, 0x01, 0x3B, 0x80, 0xE2, 0x05, 0x0C, 0x81, 0xE2
	.byte 0xB2, 0x20, 0xD3, 0xE1, 0xB4, 0x10, 0xD3, 0xE1, 0xB4, 0x0F, 0xD0, 0xE1, 0x91, 0x20, 0x20, 0xE0
	.byte 0xB4, 0x00, 0xC3, 0xE1, 0xB4, 0x00, 0xD3, 0xE1, 0x1E, 0xFF, 0x2F, 0xE1, 0xF4, 0xFF, 0x80, 0x03

	arm_func_start FUN_02FECD90
FUN_02FECD90: ; 0x02FECD90
	stmdb sp!, {r4, lr}
	ldr r2, _02FECE08 ; =0x02FF6F34
	mov r4, r1, lsl #0x1c
	ldr r3, _02FECE0C ; =0x00000FFF
	mov r4, r4, lsr #0x1b
	mov ip, r0, lsl #0x1c
	mov lr, ip, lsr #0x1b
	and r1, r3, r1, asr #4
	ldrh r4, [r2, r4]
	mov r1, r1, lsl #0x10
	mov r0, r0, asr #4
	mov r0, r0, lsl #0x1c
	mov ip, r0, lsr #0x1b
	ldrh r0, [r2, lr]
	eor r1, r4, r1, lsr #16
	eor r0, r1, r0
	mov r0, r0, lsl #0x10
	mov r1, r0, lsr #0x10
	mov r0, r1, lsl #0x1c
	mov r0, r0, lsr #0x1b
	and r1, r3, r1, asr #4
	ldrh r3, [r2, r0]
	mov r0, r1, lsl #0x10
	ldrh r1, [r2, ip]
	eor r0, r3, r0, lsr #16
	eor r0, r0, r1
	mov r0, r0, lsl #0x10
	mov r0, r0, lsr #0x10
	ldmia sp!, {r4, lr}
	bx lr
	.balign 4, 0
_02FECE08: .word 0x02FF6F34
_02FECE0C: .word 0x00000FFF
	arm_func_end FUN_02FECD90
_02FECE10:
	.byte 0x10, 0x40, 0x2D, 0xE9, 0x08, 0x40, 0x90, 0xE5, 0x64, 0x10, 0x9F, 0xE5, 0xB4, 0x20, 0x54, 0xE1
	.byte 0x04, 0xE0, 0x44, 0xE2, 0x01, 0x00, 0x52, 0xE1, 0xB2, 0x20, 0xDE, 0x01, 0x54, 0x10, 0x9F, 0x05
	.byte 0x01, 0x00, 0x52, 0x01, 0x00, 0x00, 0xA0, 0x03, 0x0F, 0x00, 0x00, 0x0A, 0x40, 0x30, 0x9F, 0xE5
	.byte 0x01, 0xC0, 0xA0, 0xE3, 0xBA, 0xC0, 0xC4, 0xE1, 0x38, 0x20, 0x9F, 0xE5, 0xB0, 0x30, 0xCE, 0xE1
	.byte 0xB2, 0x20, 0xCE, 0xE1, 0x08, 0x10, 0x90, 0xE5, 0x2C, 0x00, 0x9F, 0xE5, 0xBC, 0x30, 0xC1, 0xE1
	.byte 0xBE, 0x20, 0xC1, 0xE1, 0x00, 0x10, 0x90, 0xE5, 0x0C, 0x00, 0xA0, 0xE1, 0x03, 0x1C, 0x81, 0xE2
	.byte 0xBA, 0x2F, 0xD1, 0xE1, 0x01, 0x20, 0x82, 0xE2, 0xBA, 0x2F, 0xC1, 0xE1, 0x10, 0x40, 0xBD, 0xE8
	.byte 0x1E, 0xFF, 0x2F, 0xE1, 0xB8, 0xB6, 0x00, 0x00, 0x46, 0x1D, 0x00, 0x00, 0xF4, 0xFF, 0x80, 0x03
	.byte 0x30, 0x00, 0x9F, 0xE5, 0x00, 0x10, 0xA0, 0xE3, 0xB0, 0x10, 0xC0, 0xE1, 0x10, 0x20, 0xA0, 0xE3
	.byte 0x21, 0x1E, 0x80, 0xE2, 0x04, 0x00, 0x00, 0xEA, 0xB0, 0x00, 0xD1, 0xE1, 0x00, 0x00, 0x50, 0xE3
	.byte 0x09, 0x00, 0x50, 0x13, 0x1E, 0xFF, 0x2F, 0x01, 0x01, 0x20, 0x42, 0xE2, 0x00, 0x00, 0x52, 0xE3
	.byte 0xF8, 0xFF, 0xFF, 0x1A, 0x1E, 0xFF, 0x2F, 0xE1, 0x04, 0x80, 0x80, 0x04, 0x10, 0x40, 0x2D, 0xE9
	.byte 0x00, 0x40, 0xA0, 0xE1, 0xB0, 0x00, 0xD4, 0xE1, 0x00, 0x00, 0x50, 0xE3, 0x0A, 0x00, 0x00, 0x0A
	.byte 0xEA, 0xFF, 0xFF, 0xEB, 0x0C, 0x10, 0x94, 0xE5, 0x08, 0x00, 0x94, 0xE5, 0x10, 0x10, 0x41, 0xE2
	.byte 0x55, 0x14, 0x00, 0xEB, 0x18, 0x00, 0x9F, 0xE5, 0x00, 0x00, 0x90, 0xE5, 0x03, 0x0C, 0x80, 0xE2
	.byte 0xBC, 0x1F, 0xD0, 0xE1, 0x01, 0x10, 0x81, 0xE2, 0xBC, 0x1F, 0xC0, 0xE1, 0x10, 0x40, 0xBD, 0xE8
	.byte 0x1E, 0xFF, 0x2F, 0xE1, 0xF4, 0xFF, 0x80, 0x03, 0x38, 0x40, 0x2D, 0xE9, 0xE4, 0x00, 0x9F, 0xE5
	.byte 0x00, 0x20, 0x90, 0xE5, 0x03, 0x0C, 0x82, 0xE2, 0xB0, 0x15, 0xD0, 0xE1, 0x2C, 0x00, 0x82, 0xE2
	.byte 0x01, 0x00, 0x51, 0xE3, 0xD1, 0x4F, 0x82, 0xE2, 0x01, 0x5B, 0x80, 0xE2, 0x02, 0x00, 0x00, 0x0A
	.byte 0x02, 0x00, 0x51, 0xE3, 0x0D, 0x00, 0x00, 0x0A, 0x1B, 0x00, 0x00, 0xEA, 0x78, 0x00, 0x85, 0xE2
	.byte 0xAE, 0xFF, 0xFF, 0xEB, 0x00, 0x00, 0x50, 0xE3, 0x01, 0x00, 0x00, 0x0A, 0xCB, 0xFF, 0xFF, 0xEB
	.byte 0x58, 0x18, 0x00, 0xEB, 0x28, 0x00, 0x85, 0xE2, 0xA8, 0xFF, 0xFF, 0xEB, 0x00, 0x00, 0x50, 0xE3
	.byte 0x11, 0x00, 0x00, 0x0A, 0x28, 0x00, 0x85, 0xE2, 0xD3, 0xFF, 0xFF, 0xEB, 0x0E, 0x00, 0x00, 0xEA
	.byte 0x64, 0x00, 0x85, 0xE2, 0xA1, 0xFF, 0xFF, 0xEB, 0x28, 0x00, 0x85, 0xE2, 0x9F, 0xFF, 0xFF, 0xEB
	.byte 0x00, 0x00, 0x50, 0xE3, 0x08, 0x00, 0x00, 0x0A, 0xB8, 0x02, 0xD5, 0xE1, 0x00, 0x00, 0x50, 0xE3
	.byte 0x00, 0x00, 0x00, 0x0A, 0xB9, 0xFF, 0xFF, 0xEB, 0xBA, 0x06, 0xD4, 0xE1, 0x8D, 0x1B, 0x00, 0xEB
	.byte 0xB8, 0x0B, 0xD4, 0xE1, 0x01, 0x00, 0x80, 0xE2, 0xB8, 0x0B, 0xC4, 0xE1, 0x14, 0x00, 0x85, 0xE2
	.byte 0x92, 0xFF, 0xFF, 0xEB, 0x00, 0x00, 0x50, 0xE3, 0x01, 0x00, 0x00, 0x0A, 0x14, 0x00, 0x85, 0xE2
	.byte 0xBD, 0xFF, 0xFF, 0xEB, 0x05, 0x00, 0xA0, 0xE1, 0x8C, 0xFF, 0xFF, 0xEB, 0x00, 0x00, 0x50, 0xE3
	.byte 0x01, 0x00, 0x00, 0x0A, 0x05, 0x00, 0xA0, 0xE1, 0xB7, 0xFF, 0xFF, 0xEB, 0x18, 0x10, 0x9F, 0xE5
	.byte 0xB0, 0x00, 0xD1, 0xE1, 0x00, 0x00, 0x50, 0xE3, 0x01, 0x00, 0xA0, 0x03, 0xB0, 0x00, 0xC1, 0x01
	.byte 0x38, 0x40, 0xBD, 0xE8, 0x1E, 0xFF, 0x2F, 0xE1, 0xF4, 0xFF, 0x80, 0x03, 0x04, 0x80, 0x80, 0x04
	.byte 0x10, 0x40, 0x2D, 0xE9, 0x00, 0x40, 0xA0, 0xE1, 0x01, 0x04, 0xA0, 0xE3, 0xB3, 0x3C, 0x20, 0xEB
	.byte 0x2C, 0x20, 0x9F, 0xE5, 0x04, 0x18, 0xA0, 0xE1, 0x00, 0x20, 0x92, 0xE5, 0x03, 0x2C, 0x82, 0xE2
	.byte 0xB4, 0x3F, 0xD2, 0xE1, 0x21, 0x18, 0x83, 0xE1, 0xB4, 0x1F, 0xC2, 0xE1, 0x8F, 0x3C, 0x20, 0xEB
	.byte 0x02, 0x00, 0xA0, 0xE3, 0x15, 0x10, 0xA0, 0xE3, 0xC6, 0x2D, 0x20, 0xEB, 0x10, 0x40, 0xBD, 0xE8
	.byte 0x1E, 0xFF, 0x2F, 0xE1, 0xF4, 0xFF, 0x80, 0x03, 0xF8, 0x40, 0x2D, 0xE9, 0x6C, 0x50, 0x9F, 0xE5
	.byte 0x00, 0x20, 0x95, 0xE5, 0xD1, 0x6F, 0x82, 0xE2, 0xB0, 0x0B, 0xD6, 0xE1, 0x00, 0x00, 0x50, 0xE3
	.byte 0x14, 0x00, 0x00, 0x0A, 0x12, 0x70, 0xA0, 0xE3, 0x07, 0x10, 0xA0, 0xE1, 0x62, 0x0F, 0x82, 0xE2
	.byte 0x6D, 0x2E, 0x20, 0xEB, 0x00, 0x40, 0xB0, 0xE1, 0x0E, 0x00, 0x00, 0x0A, 0x5D, 0x0F, 0x87, 0xE2
	.byte 0xBC, 0x00, 0xC4, 0xE1, 0x01, 0x00, 0xA0, 0xE3, 0xBE, 0x00, 0xC4, 0xE1, 0x01, 0x04, 0xA0, 0xE3
	.byte 0x92, 0x3C, 0x20, 0xEB, 0xB0, 0x2B, 0xD6, 0xE1, 0x00, 0x10, 0xA0, 0xE3, 0xB0, 0x21, 0xC4, 0xE1
	.byte 0xB0, 0x1B, 0xC6, 0xE1, 0x71, 0x3C, 0x20, 0xEB, 0x00, 0x00, 0x95, 0xE5, 0x04, 0x10, 0xA0, 0xE1
	.byte 0x62, 0x0F, 0x80, 0xE2, 0x92, 0x2F, 0x20, 0xEB, 0xF8, 0x40, 0xBD, 0xE8, 0x1E, 0xFF, 0x2F, 0xE1
	.byte 0xF4, 0xFF, 0x80, 0x03, 0x38, 0x40, 0x2D, 0xE9, 0x88, 0x40, 0x9F, 0xE5, 0x00, 0x00, 0x94, 0xE5
	.byte 0x03, 0x0C, 0x80, 0xE2, 0xBE, 0x13, 0xD0, 0xE1, 0x02, 0x19, 0x81, 0xE3, 0xBE, 0x13, 0xC0, 0xE1
	.byte 0x00, 0x00, 0x94, 0xE5, 0x03, 0x0C, 0x80, 0xE2, 0xBC, 0x04, 0xD0, 0xE1, 0x00, 0x00, 0x50, 0xE3
	.byte 0x0D, 0x00, 0x00, 0x0A, 0x74, 0x30, 0x20, 0xEB, 0x00, 0x00, 0x94, 0xE5, 0x01, 0x0B, 0x80, 0xE2
	.byte 0xB4, 0x10, 0xD0, 0xE1, 0x00, 0x00, 0x51, 0xE3, 0x06, 0x00, 0x00, 0x0A, 0x00, 0x10, 0xA0, 0xE3
	.byte 0xB4, 0x10, 0xC0, 0xE1, 0x00, 0x00, 0x94, 0xE5, 0x06, 0x10, 0xA0, 0xE3, 0x20, 0x04, 0x90, 0xE5
	.byte 0xB4, 0x10, 0xC0, 0xE1, 0x3E, 0x0A, 0x00, 0xEB, 0xEC, 0xFA, 0xFF, 0xEB, 0x28, 0x40, 0x9F, 0xE5
	.byte 0x03, 0x50, 0xA0, 0xE3, 0x05, 0x00, 0xA0, 0xE1, 0xB4, 0x2D, 0x20, 0xEB, 0x04, 0x00, 0x50, 0xE1
	.byte 0xFB, 0xFF, 0xFF, 0x1A, 0x05, 0x00, 0xA0, 0xE1, 0x17, 0x10, 0xA0, 0xE3, 0x81, 0x2D, 0x20, 0xEB
	.byte 0x38, 0x40, 0xBD, 0xE8, 0x1E, 0xFF, 0x2F, 0xE1, 0xF4, 0xFF, 0x80, 0x03, 0xFF, 0xFF, 0x00, 0x00
	.byte 0x38, 0x40, 0x2D, 0xE9, 0x38, 0x50, 0x9F, 0xE5, 0x00, 0x40, 0x95, 0xE5, 0xB6, 0x01, 0x00, 0xEB
	.byte 0x00, 0x10, 0x95, 0xE5, 0x62, 0x0F, 0x84, 0xE2, 0x18, 0x13, 0x91, 0xE5, 0x0C, 0x10, 0x41, 0xE2
	.byte 0x4F, 0x2E, 0x20, 0xEB, 0x00, 0x10, 0x95, 0xE5, 0x62, 0x0F, 0x84, 0xE2, 0xE0, 0x13, 0x91, 0xE5
	.byte 0x0C, 0x10, 0x41, 0xE2, 0x4A, 0x2E, 0x20, 0xEB, 0x04, 0x3F, 0x20, 0xEB, 0x38, 0x40, 0xBD, 0xE8
	.byte 0x1E, 0xFF, 0x2F, 0xE1, 0xF4, 0xFF, 0x80, 0x03

	arm_func_start FUN_02FED1B8
FUN_02FED1B8: ; 0x02FED1B8
	stmdb sp!, {r3, r4, r5, r6, r7, lr}
	mov ip, #0
	ldr r0, _02FED338 ; =0x02FF71C8
	ldr r6, _02FED33C ; =0x02FF7158
	mov r3, ip
	mov r1, ip
	b _02FED22C
_02FED1D4:
	mov r4, r3, lsl #1
	ldrh r5, [r6, r4]
	mov r2, r1
	b _02FED220
_02FED1E4:
	mov r7, r2, lsl #2
	add r4, r0, r2, lsl #2
	ldrh r7, [r0, r7]
	ldrh r4, [r4, #2]
	add lr, r7, #0x4800000
	and r7, r5, r4
	add lr, lr, #0x8000
	strh r7, [lr]
	ldrh r4, [lr]
	cmp r4, r7
	beq _02FED21C
	cmp ip, #0x20
	add ip, ip, #1
	bhi _02FED314
_02FED21C:
	add r2, r2, #1
_02FED220:
	cmp r2, #0x1b
	blo _02FED1E4
	add r3, r3, #1
_02FED22C:
	cmp r3, #3
	blo _02FED1D4
	ldr r6, _02FED340 ; =0x00001234
	mov r2, #0
_02FED23C:
	mov r3, r2, lsl #2
	add r4, r0, r2, lsl #2
	ldrh r3, [r0, r3]
	ldrh r5, [r4, #2]
	add lr, r6, #0x234
	add r3, r3, #0x4800000
	add r4, lr, #0x1000
	add r2, r2, #1
	and r5, r6, r5
	add r3, r3, #0x8000
	mov lr, r4, lsl #0x10
	strh r5, [r3]
	cmp r2, #0x1b
	mov r6, lr, lsr #0x10
	blo _02FED23C
	ldr r5, _02FED340 ; =0x00001234
	mov r2, #0
	b _02FED2CC
_02FED284:
	mov r3, r2, lsl #2
	ldrh r3, [r0, r3]
	add lr, r0, r2, lsl #2
	add r3, r3, #0x4800000
	add r3, r3, #0x8000
	ldrh lr, [lr, #2]
	ldrh r4, [r3]
	and r3, r5, lr
	cmp r4, r3
	beq _02FED2B8
	cmp ip, #0x20
	add ip, ip, #1
	bhi _02FED314
_02FED2B8:
	add r3, r5, #0x234
	add r3, r3, #0x1000
	mov r3, r3, lsl #0x10
	mov r5, r3, lsr #0x10
	add r2, r2, #1
_02FED2CC:
	cmp r2, #0x1b
	blo _02FED284
	mov r3, #0
	b _02FED30C
_02FED2DC:
	mov r2, r3, lsl #2
	ldrh r2, [r0, r2]
	add r2, r2, #0x4800000
	add r2, r2, #0x8000
	strh r1, [r2]
	ldrh r2, [r2]
	cmp r2, #0
	beq _02FED308
	cmp ip, #0x20
	add ip, ip, #1
	bhi _02FED314
_02FED308:
	add r3, r3, #1
_02FED30C:
	cmp r3, #0x1b
	blo _02FED2DC
_02FED314:
	cmp ip, #0
	ldrne r0, _02FED344 ; =0x0380FFF4
	ldrne r0, [r0]
	addne r0, r0, #0x300
	ldrneh r1, [r0, #0x3e]
	orrne r1, r1, #1
	strneh r1, [r0, #0x3e]
	ldmia sp!, {r3, r4, r5, r6, r7, lr}
	bx lr
	.balign 4, 0
_02FED338: .word 0x02FF71C8
_02FED33C: .word 0x02FF7158
_02FED340: .word 0x00001234
_02FED344: .word 0x0380FFF4
	arm_func_end FUN_02FED1B8

	arm_func_start FUN_02FED348
FUN_02FED348: ; 0x02FED348
	stmdb sp!, {r3, lr}
	ldr lr, _02FED4BC ; =0x04804000
	mov r0, #0
	ldr r3, _02FED4C0 ; =0x0000FFFF
	mov r2, r0
_02FED35C:
	sub r1, r3, #1
	mov ip, r3
	mov r1, r1, lsl #0x10
	add r2, r2, #2
	cmp r2, #0x2000
	mov r3, r1, lsr #0x10
	strh ip, [lr], #2
	blo _02FED35C
	ldr r2, _02FED4BC ; =0x04804000
	ldr r3, _02FED4C0 ; =0x0000FFFF
	mov ip, #0
	b _02FED3B8
_02FED38C:
	ldrh r1, [r2]
	cmp r1, r3
	beq _02FED3A4
	cmp r0, #0x20
	add r0, r0, #1
	bhi _02FED498
_02FED3A4:
	sub r1, r3, #1
	mov r1, r1, lsl #0x10
	add ip, ip, #2
	add r2, r2, #2
	mov r3, r1, lsr #0x10
_02FED3B8:
	cmp ip, #0x2000
	blo _02FED38C
	ldr r2, _02FED4BC ; =0x04804000
	ldr r3, _02FED4C4 ; =0x00005A5A
	mov ip, #0
_02FED3CC:
	mvn r1, r3
	add ip, ip, #2
	mov r1, r1, lsl #0x10
	strh r3, [r2], #2
	cmp ip, #0x2000
	mov r3, r1, lsr #0x10
	blo _02FED3CC
	ldr r2, _02FED4BC ; =0x04804000
	ldr r3, _02FED4C4 ; =0x00005A5A
	mov ip, #0
	b _02FED424
_02FED3F8:
	ldrh r1, [r2]
	cmp r1, r3
	beq _02FED410
	cmp r0, #0x20
	add r0, r0, #1
	bhi _02FED498
_02FED410:
	mvn r1, r3
	mov r1, r1, lsl #0x10
	add ip, ip, #2
	add r2, r2, #2
	mov r3, r1, lsr #0x10
_02FED424:
	cmp ip, #0x2000
	blo _02FED3F8
	ldr r2, _02FED4BC ; =0x04804000
	ldr r3, _02FED4C8 ; =0x0000A5A5
	mov ip, #0
_02FED438:
	mvn r1, r3
	add ip, ip, #2
	mov r1, r1, lsl #0x10
	strh r3, [r2], #2
	cmp ip, #0x2000
	mov r3, r1, lsr #0x10
	blo _02FED438
	ldr r2, _02FED4BC ; =0x04804000
	ldr r3, _02FED4C8 ; =0x0000A5A5
	mov ip, #0
	b _02FED490
_02FED464:
	ldrh r1, [r2]
	cmp r1, r3
	beq _02FED47C
	cmp r0, #0x20
	add r0, r0, #1
	bhi _02FED498
_02FED47C:
	mvn r1, r3
	mov r1, r1, lsl #0x10
	add ip, ip, #2
	add r2, r2, #2
	mov r3, r1, lsr #0x10
_02FED490:
	cmp ip, #0x2000
	blo _02FED464
_02FED498:
	cmp r0, #0
	ldrne r0, _02FED4CC ; =0x0380FFF4
	ldrne r0, [r0]
	addne r0, r0, #0x300
	ldrneh r1, [r0, #0x3e]
	orrne r1, r1, #2
	strneh r1, [r0, #0x3e]
	ldmia sp!, {r3, lr}
	bx lr
	.balign 4, 0
_02FED4BC: .word 0x04804000
_02FED4C0: .word 0x0000FFFF
_02FED4C4: .word 0x00005A5A
_02FED4C8: .word 0x0000A5A5
_02FED4CC: .word 0x0380FFF4
	arm_func_end FUN_02FED348

	arm_func_start FUN_02FED4D0
FUN_02FED4D0: ; 0x02FED4D0
	stmdb sp!, {r3, r4, r5, r6, r7, r8, sb, sl, fp, lr}
	ldr r0, _02FED79C ; =0x0380FFF4
	mov fp, #0
	ldr r0, [r0]
	ldr sl, _02FED7A0 ; =0x02FF715E
	add r0, r0, #0x500
	ldrh r0, [r0, #0xfc]
	mov r5, #0xff
	cmp r0, #5
	ldrne sl, _02FED7A4 ; =0x02FF7190
	mov r7, fp
	mov r6, #0
	mvn r4, #0
	b _02FED524
_02FED508:
	mov r0, r6
	mov r1, r5
	bl FUN_02FEC5C4
	cmp r0, r4
	moveq r7, #1
	beq _02FED778
	add r6, r6, #1
_02FED524:
	cmp r6, #0x69
	blo _02FED508
	mov r5, #0
	mov r4, r5
	b _02FED574
_02FED538:
	mov r0, r4, lsl #1
	ldrh r0, [sl, r0]
	cmp r5, r0
	addeq r4, r4, #1
	beq _02FED570
	mov r0, r5
	bl FUN_02FEC5A0
	mov r0, r0, lsl #0x10
	mov r0, r0, lsr #0x10
	cmp r0, #0xff
	beq _02FED570
	cmp r7, #0x20
	add r7, r7, #1
	bhi _02FED778
_02FED570:
	add r5, r5, #1
_02FED574:
	cmp r5, #0x69
	blo _02FED538
	mov r5, #0
	mov r4, r5
_02FED584:
	mov r0, r5
	mov r1, r4
	bl FUN_02FEC5C4
	add r5, r5, #1
	cmp r5, #0x69
	blo _02FED584
	mov r5, r4
	b _02FED5DC
_02FED5A4:
	mov r0, r5, lsl #1
	ldrh r0, [sl, r0]
	cmp r4, r0
	addeq r5, r5, #1
	beq _02FED5D8
	mov r0, r4
	bl FUN_02FEC5A0
	mov r0, r0, lsl #0x10
	movs r0, r0, lsr #0x10
	beq _02FED5D8
	cmp r7, #0x20
	add r7, r7, #1
	bhi _02FED778
_02FED5D8:
	add r4, r4, #1
_02FED5DC:
	cmp r4, #0x69
	blo _02FED5A4
	mov r4, #0x55
	mov r5, #0
_02FED5EC:
	mov r0, r5
	mov r1, r4
	bl FUN_02FEC5C4
	mvn r0, r4
	add r5, r5, #1
	mov r0, r0, lsl #0x10
	cmp r5, #0x69
	mov r4, r0, lsr #0x10
	blo _02FED5EC
	mov r4, #0
	mov r6, r4
	mov r5, #0x55
	b _02FED664
_02FED620:
	mov r0, r6, lsl #1
	ldrh r0, [sl, r0]
	cmp r4, r0
	addeq r6, r6, #1
	beq _02FED658
	mov r0, r4
	bl FUN_02FEC5A0
	mov r0, r0, lsl #0x10
	mov r0, r0, lsr #0x10
	cmp r0, r5
	beq _02FED658
	cmp r7, #0x20
	add r7, r7, #1
	bhi _02FED778
_02FED658:
	mvn r0, r5
	and r5, r0, #0xff
	add r4, r4, #1
_02FED664:
	cmp r4, #0x69
	blo _02FED620
	mov r5, #0xff
	mov r4, #0
_02FED674:
	mov r0, r4
	mov r1, r5
	bl FUN_02FEC5C4
	sub r0, r5, #1
	add r4, r4, #1
	mov r0, r0, lsl #0x10
	cmp r4, #0x69
	mov r5, r0, lsr #0x10
	blo _02FED674
	mov r4, #0
	mov r6, r4
	mov r5, #0xff
	b _02FED6F0
_02FED6A8:
	mov r0, r6, lsl #1
	ldrh r0, [sl, r0]
	cmp r4, r0
	addeq r6, r6, #1
	beq _02FED6E0
	mov r0, r4
	bl FUN_02FEC5A0
	mov r0, r0, lsl #0x10
	mov r0, r0, lsr #0x10
	cmp r0, r5
	beq _02FED6E0
	cmp r7, #0x20
	add r7, r7, #1
	bhi _02FED778
_02FED6E0:
	sub r0, r5, #1
	mov r0, r0, lsl #0x10
	add r4, r4, #1
	mov r5, r0, lsr #0x10
_02FED6F0:
	cmp r4, #0x69
	blo _02FED6A8
	mov r8, #0
	mov sb, r8
	mov r4, #1
	b _02FED770
_02FED708:
	mov r0, sb, lsl #1
	ldrh r0, [sl, r0]
	cmp r8, r0
	addeq sb, sb, #1
	beq _02FED76C
	mov r6, r4
	mov r5, fp
	b _02FED764
_02FED728:
	mov r0, r8
	mov r1, r6
	bl FUN_02FEC5C4
	mov r0, r8
	bl FUN_02FEC5A0
	mov r0, r0, lsl #0x10
	mov r0, r0, lsr #0x10
	cmp r0, r6
	beq _02FED758
	cmp r7, #0x20
	add r7, r7, #1
	bhi _02FED778
_02FED758:
	mov r0, r6, lsl #1
	and r6, r0, #0xff
	add r5, r5, #1
_02FED764:
	cmp r5, #9
	blo _02FED728
_02FED76C:
	add r8, r8, #1
_02FED770:
	cmp r8, #0x69
	blo _02FED708
_02FED778:
	cmp r7, #0
	ldrne r0, _02FED79C ; =0x0380FFF4
	ldrne r0, [r0]
	addne r0, r0, #0x300
	ldrneh r1, [r0, #0x3e]
	orrne r1, r1, #8
	strneh r1, [r0, #0x3e]
	ldmia sp!, {r3, r4, r5, r6, r7, r8, sb, sl, fp, lr}
	bx lr
	.balign 4, 0
_02FED79C: .word 0x0380FFF4
_02FED7A0: .word 0x02FF715E
_02FED7A4: .word 0x02FF7190
	arm_func_end FUN_02FED4D0
_02FED7A8:
	.byte 0x08, 0x00, 0x9F, 0xE5, 0x02, 0x1B, 0xA0, 0xE3
	.byte 0xB0, 0x10, 0xC0, 0xE1, 0x1E, 0xFF, 0x2F, 0xE1, 0x10, 0x80, 0x80, 0x04, 0x10, 0x40, 0x2D, 0xE9
	.byte 0xB0, 0x10, 0xD0, 0xE1, 0x00, 0x40, 0xA0, 0xE3, 0x02, 0x00, 0x51, 0xE3, 0x0A, 0x00, 0x00, 0x1A
	.byte 0x54, 0x20, 0x9F, 0xE5, 0x08, 0x30, 0x90, 0xE5, 0x50, 0x10, 0x9F, 0xE5, 0xB0, 0x20, 0xD2, 0xE1
	.byte 0x01, 0x10, 0x03, 0xE0, 0xA1, 0x10, 0xA0, 0xE1, 0x02, 0x19, 0x81, 0xE3, 0x02, 0x00, 0x51, 0xE1
	.byte 0x01, 0x10, 0xA0, 0x13, 0xB0, 0x10, 0xC0, 0x11, 0x01, 0x40, 0x84, 0x13, 0xB0, 0x10, 0xD0, 0xE1
	.byte 0x01, 0x00, 0x51, 0xE3, 0x05, 0x00, 0x00, 0x1A, 0x08, 0x10, 0x90, 0xE5, 0xB0, 0x10, 0xD1, 0xE1
	.byte 0x01, 0x00, 0x11, 0xE3, 0x01, 0x00, 0x00, 0x0A, 0x5E, 0x14, 0x00, 0xEB, 0x02, 0x40, 0x84, 0xE3
	.byte 0x04, 0x00, 0xA0, 0xE1, 0x10, 0x40, 0xBD, 0xE8, 0x1E, 0xFF, 0x2F, 0xE1, 0x94, 0x80, 0x80, 0x04
	.byte 0xFF, 0x3F, 0x00, 0x00

	arm_func_start FUN_02FED834
FUN_02FED834: ; 0x02FED834
	stmdb sp!, {r4, lr}
	ldr r1, _02FED858 ; =0x037F941C
	mov r4, #0x1000000
	mov r0, r4
	bl FUN_037FC094
	mov r0, r4
	bl FUN_037FC280
	ldmia sp!, {r4, lr}
	bx lr
	.balign 4, 0
_02FED858: .word 0x037F941C
	arm_func_end FUN_02FED834
_02FED85C:
	.byte 0x10, 0x40, 0x2D, 0xE9
	.byte 0x01, 0x44, 0xA0, 0xE3, 0x04, 0x00, 0xA0, 0xE1, 0xA0, 0x3A, 0x20, 0xEB, 0x04, 0x00, 0xA0, 0xE1
	.byte 0x00, 0x10, 0xA0, 0xE3, 0x06, 0x3A, 0x20, 0xEB, 0x10, 0x40, 0xBD, 0xE8, 0x1E, 0xFF, 0x2F, 0xE1
	.byte 0xF0, 0x41, 0x2D, 0xE9, 0x00, 0x80, 0xA0, 0xE1, 0xB0, 0x00, 0xD8, 0xE1, 0x01, 0x00, 0x10, 0xE3
	.byte 0x00, 0x00, 0xA0, 0x13, 0x20, 0x00, 0x00, 0x1A, 0x84, 0x40, 0x9F, 0xE5, 0x00, 0x00, 0x94, 0xE5
	.byte 0x05, 0x1C, 0x80, 0xE2, 0xB0, 0x13, 0xD1, 0xE1, 0x01, 0x00, 0x51, 0xE3, 0x19, 0x00, 0x00, 0x9A
	.byte 0x1C, 0x13, 0x90, 0xE5, 0x00, 0x70, 0xA0, 0xE3, 0x1C, 0x50, 0x81, 0xE2, 0x01, 0x60, 0xA0, 0xE3
	.byte 0x10, 0x00, 0x00, 0xEA, 0xB0, 0x10, 0xD5, 0xE1, 0x00, 0x00, 0x51, 0xE3, 0x0B, 0x00, 0x00, 0x0A
	.byte 0x08, 0x10, 0xA0, 0xE1, 0x04, 0x00, 0x85, 0xE2, 0xDC, 0xFA, 0xFF, 0xEB, 0x00, 0x00, 0x50, 0xE3
	.byte 0x06, 0x00, 0xA0, 0x11, 0x0C, 0x00, 0x00, 0x1A, 0x00, 0x00, 0x94, 0xE5, 0x01, 0x70, 0x87, 0xE2
	.byte 0x05, 0x1C, 0x80, 0xE2, 0xB0, 0x13, 0xD1, 0xE1, 0x01, 0x00, 0x57, 0xE1, 0x05, 0x00, 0x00, 0x2A
	.byte 0x01, 0x60, 0x86, 0xE2, 0x1C, 0x50, 0x85, 0xE2, 0x03, 0x1C, 0x80, 0xE2, 0xB2, 0x12, 0xD1, 0xE1
	.byte 0x01, 0x00, 0x56, 0xE1, 0xEA, 0xFF, 0xFF, 0x3A, 0xFF, 0x00, 0xA0, 0xE3, 0xF0, 0x41, 0xBD, 0xE8
	.byte 0x1E, 0xFF, 0x2F, 0xE1, 0xF4, 0xFF, 0x80, 0x03, 0xF0, 0x47, 0x2D, 0xE9, 0x30, 0x51, 0x9F, 0xE5
	.byte 0x00, 0x40, 0xA0, 0xE1, 0x00, 0x00, 0x95, 0xE5, 0xB0, 0x10, 0xD4, 0xE1, 0xC7, 0x6F, 0x80, 0xE2
	.byte 0x01, 0x00, 0x11, 0xE3, 0x00, 0x00, 0xA0, 0x13, 0x43, 0x00, 0x00, 0x1A, 0x05, 0x1C, 0x80, 0xE2
	.byte 0xB0, 0x13, 0xD1, 0xE1, 0x01, 0x80, 0xA0, 0xE3, 0x01, 0x00, 0x51, 0xE3, 0x1D, 0x00, 0x00, 0x9A
	.byte 0x00, 0x10, 0x96, 0xE5, 0x00, 0xA0, 0xA0, 0xE3, 0x0A, 0x90, 0xA0, 0xE1, 0x1C, 0x70, 0x81, 0xE2
	.byte 0x13, 0x00, 0x00, 0xEA, 0xB0, 0x10, 0xD7, 0xE1, 0x00, 0x00, 0x51, 0xE3, 0x0C, 0x00, 0x00, 0x0A
	.byte 0x04, 0x10, 0xA0, 0xE1, 0x04, 0x00, 0x87, 0xE2, 0xB0, 0xFA, 0xFF, 0xEB, 0x00, 0x00, 0x50, 0xE3
	.byte 0x08, 0x00, 0xA0, 0x11, 0x30, 0x00, 0x00, 0x1A, 0x00, 0x00, 0x95, 0xE5, 0x01, 0x90, 0x89, 0xE2
	.byte 0x05, 0x1C, 0x80, 0xE2, 0xB0, 0x13, 0xD1, 0xE1, 0x01, 0x00, 0x59, 0xE1, 0x07, 0x00, 0x00, 0x2A
	.byte 0x01, 0x00, 0x00, 0xEA, 0x00, 0x00, 0x5A, 0xE3, 0x08, 0xA0, 0xA0, 0x01, 0x01, 0x80, 0x88, 0xE2
	.byte 0x1C, 0x70, 0x87, 0xE2, 0xB6, 0x10, 0xD6, 0xE1, 0x01, 0x00, 0x58, 0xE1, 0xE8, 0xFF, 0xFF, 0x3A
	.byte 0x00, 0x00, 0x5A, 0xE3, 0x0A, 0x80, 0xA0, 0x11, 0x03, 0x0C, 0x80, 0xE2, 0xB2, 0x02, 0xD0, 0xE1
	.byte 0x00, 0x00, 0x58, 0xE1, 0x18, 0x00, 0x00, 0x3A, 0x00, 0x70, 0x96, 0xE5, 0xB6, 0x50, 0xD6, 0xE1
	.byte 0x01, 0x38, 0xA0, 0xE3, 0x01, 0x60, 0xA0, 0xE3, 0x00, 0x80, 0xA0, 0xE3, 0x1C, 0x00, 0xA0, 0xE3
	.byte 0x0C, 0x00, 0x00, 0xEA, 0x96, 0x00, 0x02, 0xE0, 0xB2, 0x10, 0x97, 0xE1, 0x02, 0x20, 0x87, 0xE0
	.byte 0x30, 0x00, 0x51, 0xE3, 0x06, 0x00, 0x00, 0x2A, 0xB6, 0x11, 0xD2, 0xE1, 0x00, 0x00, 0x51, 0xE3
	.byte 0x03, 0x00, 0x00, 0x1A, 0xB8, 0x11, 0xD2, 0xE1, 0x01, 0x00, 0x53, 0xE1, 0x01, 0x30, 0xA0, 0x81
	.byte 0x06, 0x80, 0xA0, 0x81, 0x01, 0x60, 0x86, 0xE2, 0x05, 0x00, 0x56, 0xE1, 0xF0, 0xFF, 0xFF, 0x3A
	.byte 0x00, 0x00, 0x58, 0xE3, 0xFF, 0x00, 0xA0, 0x03, 0x03, 0x00, 0x00, 0x0A, 0x08, 0x00, 0xA0, 0xE1
	.byte 0x04, 0x10, 0xA0, 0xE1, 0xA5, 0x02, 0x00, 0xEB, 0x08, 0x00, 0xA0, 0xE1, 0xF0, 0x47, 0xBD, 0xE8
	.byte 0x1E, 0xFF, 0x2F, 0xE1, 0xF4, 0xFF, 0x80, 0x03, 0xF8, 0x40, 0x2D, 0xE9, 0x4C, 0x20, 0x9F, 0xE5
	.byte 0x00, 0x70, 0xA0, 0xE1, 0x00, 0x20, 0x92, 0xE5, 0x01, 0x04, 0xA0, 0xE3, 0x6B, 0x4F, 0x82, 0xE2
	.byte 0x01, 0x60, 0xA0, 0xE1, 0x19, 0x3A, 0x20, 0xEB, 0xB8, 0x10, 0xD4, 0xE1, 0x00, 0x50, 0xA0, 0xE1
	.byte 0x00, 0x00, 0x51, 0xE3, 0x01, 0x00, 0x00, 0x1A, 0x00, 0x00, 0xA0, 0xE3, 0x79, 0x01, 0x00, 0xEB
	.byte 0x07, 0x00, 0xA0, 0xE1, 0x04, 0x10, 0xA0, 0xE1, 0x06, 0x20, 0xA0, 0xE1, 0x28, 0x2C, 0x20, 0xEB
	.byte 0x05, 0x00, 0xA0, 0xE1, 0xF1, 0x39, 0x20, 0xEB, 0xF8, 0x40, 0xBD, 0xE8, 0x1E, 0xFF, 0x2F, 0xE1
	.byte 0xF4, 0xFF, 0x80, 0x03, 0x70, 0x40, 0x2D, 0xE9, 0x7C, 0x40, 0x9F, 0xE5, 0xB2, 0x50, 0xD0, 0xE1
	.byte 0x00, 0x00, 0x94, 0xE5, 0x1C, 0x10, 0xA0, 0xE3, 0x1C, 0x23, 0x90, 0xE5, 0x01, 0x04, 0xA0, 0xE3
	.byte 0x95, 0x21, 0x26, 0xE0, 0x01, 0x3A, 0x20, 0xEB, 0x00, 0x10, 0x94, 0xE5, 0x00, 0x40, 0xA0, 0xE1
	.byte 0x03, 0x0C, 0x81, 0xE2, 0xB0, 0x05, 0xD0, 0xE1, 0x01, 0x00, 0x50, 0xE3, 0xB6, 0x01, 0xD6, 0x01
	.byte 0x00, 0x00, 0x50, 0x03, 0x01, 0x00, 0x00, 0x1A, 0x05, 0x00, 0xA0, 0xE1, 0x5D, 0x01, 0x00, 0xEB
	.byte 0xB6, 0x11, 0xD6, 0xE1, 0x04, 0x00, 0xA0, 0xE1, 0x01, 0x10, 0x81, 0xE2, 0xB6, 0x11, 0xC6, 0xE1
	.byte 0xD6, 0x39, 0x20, 0xEB, 0x20, 0x00, 0x9F, 0xE5, 0x01, 0x10, 0xA0, 0xE3, 0x00, 0x00, 0x90, 0xE5
	.byte 0x05, 0x0C, 0x80, 0xE2, 0xB8, 0x03, 0xD0, 0xE1, 0x11, 0x05, 0x10, 0xE1, 0xBA, 0x01, 0xD6, 0x01
	.byte 0xB8, 0x01, 0xC6, 0x01, 0x70, 0x40, 0xBD, 0xE8, 0x1E, 0xFF, 0x2F, 0xE1, 0xF4, 0xFF, 0x80, 0x03
	.byte 0x70, 0x40, 0x2D, 0xE9, 0x5C, 0x40, 0x9F, 0xE5, 0xB2, 0x50, 0xD0, 0xE1, 0x00, 0x00, 0x94, 0xE5
	.byte 0x1C, 0x10, 0xA0, 0xE3, 0x1C, 0x23, 0x90, 0xE5, 0x01, 0x04, 0xA0, 0xE3, 0x95, 0x21, 0x26, 0xE0
	.byte 0xDE, 0x39, 0x20, 0xEB, 0x00, 0x10, 0x94, 0xE5, 0x00, 0x40, 0xA0, 0xE1, 0x03, 0x0C, 0x81, 0xE2
	.byte 0xB0, 0x05, 0xD0, 0xE1, 0x01, 0x00, 0x50, 0xE3, 0xB6, 0x01, 0xD6, 0x01, 0x01, 0x00, 0x50, 0x03
	.byte 0x01, 0x00, 0x00, 0x1A, 0x05, 0x00, 0xA0, 0xE1, 0x66, 0x01, 0x00, 0xEB, 0xB6, 0x11, 0xD6, 0xE1
	.byte 0x04, 0x00, 0xA0, 0xE1, 0x01, 0x10, 0x41, 0xE2, 0xB6, 0x11, 0xC6, 0xE1, 0xB3, 0x39, 0x20, 0xEB
	.byte 0x70, 0x40, 0xBD, 0xE8, 0x1E, 0xFF, 0x2F, 0xE1, 0xF4, 0xFF, 0x80, 0x03

	arm_func_start FUN_02FEDBBC
FUN_02FEDBBC: ; 0x02FEDBBC
	stmdb sp!, {r3, r4, r5, r6, r7, lr}
	ldr r4, _02FEDC9C ; =0x0380FFF4
	mov r7, r0
	mov r0, #0x1000000
	mov r6, r1
	bl FUN_037FC2F0
	ldr r1, [r4]
	mov r5, r0
	cmp r6, #0x40
	mov r0, #1
	add r1, r1, #0x500
	bhs _02FEDC44
	ldrh r2, [r1, #0x34]
	mov r0, r0, lsl r7
	mov r0, r0, lsl #0x10
	orr r2, r2, r0, lsr #16
	strh r2, [r1, #0x34]
	ldr r1, [r4]
	add r1, r1, #0x500
	ldrh r2, [r1, #0x36]
	orr r0, r2, r0, lsr #16
	strh r0, [r1, #0x36]
	ldr r0, [r4]
	add r0, r0, #0x300
	ldrh r0, [r0, #0x50]
	cmp r0, #1
	bne _02FEDC78
	mov r0, r7
	bl FUN_02FEE048
	cmp r0, #0
	beq _02FEDC78
	mov r0, r7
	bl FUN_02FEDEDC
	b _02FEDC78
_02FEDC44:
	ldrh r2, [r1, #0x36]
	mvn r0, r0, lsl r7
	mov r0, r0, lsl #0x10
	and r0, r2, r0, lsr #16
	strh r0, [r1, #0x36]
	ldr r0, [r4]
	add r0, r0, #0x500
	ldrh r0, [r0, #0x32]
	mov r0, r0, asr r7
	tst r0, #1
	beq _02FEDC78
	mov r0, r7
	bl FUN_02FEDD18
_02FEDC78:
	ldr r2, [r4]
	mov r0, #0x1c
	mul r1, r7, r0
	ldr r2, [r2, #0x31c]
	mov r0, r5
	strh r6, [r2, r1]
	bl FUN_037FC280
	ldmia sp!, {r3, r4, r5, r6, r7, lr}
	bx lr
	.balign 4, 0
_02FEDC9C: .word 0x0380FFF4
	arm_func_end FUN_02FEDBBC
_02FEDCA0:
	.byte 0x14, 0x30, 0x9F, 0xE5, 0x1C, 0x20, 0xA0, 0xE3, 0x00, 0x30, 0x93, 0xE5, 0x1C, 0x33, 0x93, 0xE5
	.byte 0x90, 0x32, 0x22, 0xE0, 0xBA, 0x10, 0xC2, 0xE1, 0x1E, 0xFF, 0x2F, 0xE1, 0xF4, 0xFF, 0x80, 0x03

	arm_func_start FUN_02FEDCC0
FUN_02FEDCC0: ; 0x02FEDCC0
	ldr r3, _02FEDD0C ; =0x0380FFF4
	mov r2, #1
	ldr r3, [r3]
	mvn r2, r2, lsl r0
	add ip, r3, #0x530
	ldrh r3, [ip, #2]
	and r2, r3, r2
	orr r0, r2, r1, lsl r0
	strh r0, [ip, #2]
	ldrh r0, [ip, #6]
	ldrh r1, [ip, #2]
	mvn r0, r0
	tst r1, r0
	ldrne r0, _02FEDD10 ; =0x048080AC
	mov r1, #8
	strneh r1, [r0]
	ldreq r0, _02FEDD14 ; =0x048080AE
	streqh r1, [r0]
	bx lr
	.balign 4, 0
_02FEDD0C: .word 0x0380FFF4
_02FEDD10: .word 0x048080AC
_02FEDD14: .word 0x048080AE
	arm_func_end FUN_02FEDCC0

	arm_func_start FUN_02FEDD18
FUN_02FEDD18: ; 0x02FEDD18
	stmdb sp!, {r4, lr}
	mov r4, r0
	bl FUN_02FEDF5C
	cmp r0, #0x40
	bne _02FEDD50
	ldr r1, _02FEDD58 ; =0x0380FFF4
	mov r0, #1
	ldr r1, [r1]
	mvn r0, r0, lsl r4
	add r1, r1, #0x500
	ldrh r2, [r1, #0x34]
	mov r0, r0, lsl #0x10
	and r0, r2, r0, lsr #16
	strh r0, [r1, #0x34]
_02FEDD50:
	ldmia sp!, {r4, lr}
	bx lr
	.balign 4, 0
_02FEDD58: .word 0x0380FFF4
	arm_func_end FUN_02FEDD18
_02FEDD5C:
	.byte 0x20, 0x20, 0x9F, 0xE5
	.byte 0x01, 0x10, 0xA0, 0xE3, 0x00, 0x20, 0x92, 0xE5, 0x11, 0x00, 0xA0, 0xE1, 0x05, 0x1C, 0x82, 0xE2
	.byte 0xB4, 0x23, 0xD1, 0xE1, 0x00, 0x08, 0xA0, 0xE1, 0x20, 0x08, 0x82, 0xE1, 0xB4, 0x03, 0xC1, 0xE1
	.byte 0x1E, 0xFF, 0x2F, 0xE1, 0xF4, 0xFF, 0x80, 0x03, 0x14, 0x30, 0x9F, 0xE5, 0x1C, 0x20, 0xA0, 0xE3
	.byte 0x00, 0x30, 0x93, 0xE5, 0x1C, 0x33, 0x93, 0xE5, 0x90, 0x32, 0x22, 0xE0, 0xBC, 0x10, 0xC2, 0xE1
	.byte 0x1E, 0xFF, 0x2F, 0xE1, 0xF4, 0xFF, 0x80, 0x03, 0x14, 0x30, 0x9F, 0xE5, 0x1C, 0x20, 0xA0, 0xE3
	.byte 0x00, 0x30, 0x93, 0xE5, 0x1C, 0x33, 0x93, 0xE5, 0x90, 0x32, 0x22, 0xE0, 0xB0, 0x11, 0xC2, 0xE1
	.byte 0x1E, 0xFF, 0x2F, 0xE1, 0xF4, 0xFF, 0x80, 0x03, 0x14, 0x30, 0x9F, 0xE5, 0x1C, 0x20, 0xA0, 0xE3
	.byte 0x00, 0x30, 0x93, 0xE5, 0x1C, 0x33, 0x93, 0xE5, 0x90, 0x32, 0x22, 0xE0, 0xB4, 0x11, 0xC2, 0xE1
	.byte 0x1E, 0xFF, 0x2F, 0xE1, 0xF4, 0xFF, 0x80, 0x03, 0x14, 0x30, 0x9F, 0xE5, 0x1C, 0x20, 0xA0, 0xE3
	.byte 0x00, 0x30, 0x93, 0xE5, 0x1C, 0x33, 0x93, 0xE5, 0x90, 0x32, 0x22, 0xE0, 0xBE, 0x10, 0xC2, 0xE1
	.byte 0x1E, 0xFF, 0x2F, 0xE1, 0xF4, 0xFF, 0x80, 0x03, 0x18, 0x20, 0x9F, 0xE5, 0x1C, 0x10, 0xA0, 0xE3
	.byte 0x00, 0x20, 0x92, 0xE5, 0x1C, 0x23, 0x92, 0xE5, 0x90, 0x21, 0x21, 0xE0, 0xBA, 0x01, 0xD1, 0xE1
	.byte 0xB8, 0x01, 0xC1, 0xE1, 0x1E, 0xFF, 0x2F, 0xE1, 0xF4, 0xFF, 0x80, 0x03, 0xF8, 0x40, 0x2D, 0xE9
	.byte 0xA0, 0x10, 0x9F, 0xE5, 0x00, 0x70, 0xA0, 0xE1, 0x00, 0x10, 0x91, 0xE5, 0x01, 0x04, 0xA0, 0xE3
	.byte 0x53, 0x4E, 0x81, 0xE2, 0x29, 0x39, 0x20, 0xEB, 0x00, 0x60, 0xA0, 0xE1, 0x01, 0x50, 0xA0, 0xE3
	.byte 0x02, 0x00, 0xA0, 0xE3, 0x18, 0x00, 0x00, 0xEA, 0xBE, 0x10, 0xD4, 0xE1, 0x00, 0x00, 0x11, 0xE1
	.byte 0x13, 0x00, 0x00, 0x1A, 0x00, 0x08, 0xA0, 0xE1, 0x20, 0x08, 0x81, 0xE1, 0xBE, 0x00, 0xC4, 0xE1
	.byte 0xBC, 0x00, 0xD4, 0xE1, 0x01, 0x00, 0x80, 0xE2, 0xBC, 0x00, 0xC4, 0xE1, 0xBC, 0x00, 0xD4, 0xE1
	.byte 0x01, 0x00, 0x50, 0xE3, 0x00, 0x00, 0x00, 0x1A, 0x0E, 0xF8, 0xFF, 0xEB, 0x44, 0x00, 0x9F, 0xE5
	.byte 0x1C, 0x10, 0xA0, 0xE3, 0x00, 0x20, 0x90, 0xE5, 0x06, 0x00, 0xA0, 0xE1, 0x1C, 0x23, 0x92, 0xE5
	.byte 0x97, 0x21, 0x21, 0xE0, 0xB2, 0x50, 0xC1, 0xE1, 0xF4, 0x38, 0x20, 0xEB, 0x05, 0x00, 0xA0, 0xE1
	.byte 0x06, 0x00, 0x00, 0xEA, 0x01, 0x50, 0x85, 0xE2, 0x80, 0x00, 0xA0, 0xE1, 0x10, 0x00, 0x55, 0xE3
	.byte 0xE4, 0xFF, 0xFF, 0x3A, 0x06, 0x00, 0xA0, 0xE1, 0xEC, 0x38, 0x20, 0xEB, 0x00, 0x00, 0xA0, 0xE3
	.byte 0xF8, 0x40, 0xBD, 0xE8, 0x1E, 0xFF, 0x2F, 0xE1, 0xF4, 0xFF, 0x80, 0x03

	arm_func_start FUN_02FEDEDC
FUN_02FEDEDC: ; 0x02FEDEDC
	stmdb sp!, {r4, r5, r6, lr}
	ldr r6, _02FEDF58 ; =0x0380FFF4
	mov r5, r0
	ldr r4, [r6]
	bl FUN_02FEE138
	mov r0, r5
	bl FUN_02FEE048
	cmp r0, #0
	beq _02FEDF50
	ldr r1, [r6]
	mov r2, #1
	ldr r3, [r1, #0x31c]
	mov r1, #0x1c
	mla r1, r5, r1, r3
	mov r3, #0
	strh r3, [r1, #2]
	add r1, r4, #0x500
	mvn r0, r2, lsl r0
	ldrh r2, [r1, #0x3e]
	mov r0, r0, lsl #0x10
	and r0, r2, r0, lsr #16
	strh r0, [r1, #0x3e]
	ldrh r0, [r1, #0x3c]
	sub r0, r0, #1
	strh r0, [r1, #0x3c]
	ldrh r0, [r1, #0x3c]
	cmp r0, #0
	bne _02FEDF50
	bl FUN_02FEBE78
_02FEDF50:
	ldmia sp!, {r4, r5, r6, lr}
	bx lr
	.balign 4, 0
_02FEDF58: .word 0x0380FFF4
	arm_func_end FUN_02FEDEDC

	arm_func_start FUN_02FEDF5C
FUN_02FEDF5C: ; 0x02FEDF5C
	ldr r2, _02FEDF78 ; =0x0380FFF4
	mov r1, #0x1c
	ldr r2, [r2]
	mul r1, r0, r1
	ldr r0, [r2, #0x31c]
	ldrh r0, [r0, r1]
	bx lr
	.balign 4, 0
_02FEDF78: .word 0x0380FFF4
	arm_func_end FUN_02FEDF5C
_02FEDF7C:
	.byte 0x14, 0x10, 0x9F, 0xE5
	.byte 0x00, 0x10, 0x91, 0xE5, 0x05, 0x1C, 0x81, 0xE2, 0xB4, 0x13, 0xD1, 0xE1, 0x51, 0x00, 0xA0, 0xE1
	.byte 0x01, 0x00, 0x00, 0xE2, 0x1E, 0xFF, 0x2F, 0xE1, 0xF4, 0xFF, 0x80, 0x03, 0x14, 0x10, 0x9F, 0xE5
	.byte 0x00, 0x10, 0x91, 0xE5, 0x05, 0x1C, 0x81, 0xE2, 0xB2, 0x13, 0xD1, 0xE1, 0x51, 0x00, 0xA0, 0xE1
	.byte 0x01, 0x00, 0x00, 0xE2, 0x1E, 0xFF, 0x2F, 0xE1, 0xF4, 0xFF, 0x80, 0x03, 0x14, 0x20, 0x9F, 0xE5
	.byte 0x1C, 0x10, 0xA0, 0xE3, 0x00, 0x20, 0x92, 0xE5, 0x1C, 0x23, 0x92, 0xE5, 0x90, 0x21, 0x21, 0xE0
	.byte 0x04, 0x00, 0x81, 0xE2, 0x1E, 0xFF, 0x2F, 0xE1, 0xF4, 0xFF, 0x80, 0x03, 0x14, 0x20, 0x9F, 0xE5
	.byte 0x1C, 0x10, 0xA0, 0xE3, 0x00, 0x20, 0x92, 0xE5, 0x1C, 0x23, 0x92, 0xE5, 0x90, 0x21, 0x21, 0xE0
	.byte 0xBE, 0x00, 0xD1, 0xE1, 0x1E, 0xFF, 0x2F, 0xE1, 0xF4, 0xFF, 0x80, 0x03, 0x14, 0x20, 0x9F, 0xE5
	.byte 0x1C, 0x10, 0xA0, 0xE3, 0x00, 0x20, 0x92, 0xE5, 0x1C, 0x23, 0x92, 0xE5, 0x90, 0x21, 0x21, 0xE0
	.byte 0xB4, 0x01, 0xD1, 0xE1, 0x1E, 0xFF, 0x2F, 0xE1, 0xF4, 0xFF, 0x80, 0x03, 0x20, 0x20, 0x9F, 0xE5
	.byte 0x1C, 0x10, 0xA0, 0xE3, 0x00, 0x20, 0x92, 0xE5, 0x1C, 0x23, 0x92, 0xE5, 0x90, 0x21, 0x21, 0xE0
	.byte 0xB0, 0x01, 0xD1, 0xE1, 0x02, 0x00, 0x10, 0xE3, 0x14, 0x00, 0xA0, 0x13, 0x0A, 0x00, 0xA0, 0x03
	.byte 0x1E, 0xFF, 0x2F, 0xE1, 0xF4, 0xFF, 0x80, 0x03

	arm_func_start FUN_02FEE048
FUN_02FEE048: ; 0x02FEE048
	ldr r2, _02FEE064 ; =0x0380FFF4
	mov r1, #0x1c
	ldr r2, [r2]
	ldr r2, [r2, #0x31c]
	mla r1, r0, r1, r2
	ldrh r0, [r1, #2]
	bx lr
	.balign 4, 0
_02FEE064: .word 0x0380FFF4
	arm_func_end FUN_02FEE048
_02FEE068:
	.byte 0x14, 0x20, 0x9F, 0xE5, 0x1C, 0x10, 0xA0, 0xE3
	.byte 0x00, 0x20, 0x92, 0xE5, 0x1C, 0x23, 0x92, 0xE5, 0x90, 0x21, 0x21, 0xE0, 0xB6, 0x01, 0xD1, 0xE1
	.byte 0x1E, 0xFF, 0x2F, 0xE1, 0xF4, 0xFF, 0x80, 0x03, 0xF8, 0x40, 0x2D, 0xE9, 0x00, 0x60, 0xA0, 0xE1
	.byte 0xB1, 0xFF, 0xFF, 0xEB, 0x40, 0x00, 0x50, 0xE3, 0x22, 0x00, 0x00, 0x1A, 0x8C, 0x00, 0x9F, 0xE5
	.byte 0x01, 0x40, 0xA0, 0xE3, 0x00, 0x10, 0x90, 0xE5, 0x05, 0x0C, 0x81, 0xE2, 0xB8, 0x03, 0xD0, 0xE1
	.byte 0x14, 0x06, 0x10, 0xE1, 0x1B, 0x00, 0x00, 0x1A, 0x03, 0x0C, 0x81, 0xE2, 0xB8, 0x2D, 0xD0, 0xE1
	.byte 0x6C, 0x10, 0x9F, 0xE5, 0x01, 0x04, 0xA0, 0xE3, 0x01, 0x70, 0x82, 0xE0, 0x87, 0x38, 0x20, 0xEB
	.byte 0x00, 0x50, 0xA0, 0xE1, 0x00, 0x00, 0x56, 0xE3, 0x04, 0x00, 0x00, 0x1A, 0x04, 0x00, 0x87, 0xE2
	.byte 0x02, 0xFB, 0xFF, 0xEB, 0x01, 0x10, 0x80, 0xE3, 0x04, 0x00, 0x87, 0xE2, 0x09, 0x00, 0x00, 0xEA
	.byte 0x06, 0x00, 0xA0, 0xE1, 0xD3, 0xFF, 0xFF, 0xEB, 0x00, 0x60, 0xA0, 0xE1, 0x05, 0x00, 0x87, 0xE2
	.byte 0xA6, 0x71, 0x80, 0xE0, 0x07, 0x00, 0xA0, 0xE1, 0xF8, 0xFA, 0xFF, 0xEB, 0x07, 0x10, 0x06, 0xE2
	.byte 0x14, 0x11, 0x80, 0xE1, 0x07, 0x00, 0xA0, 0xE1, 0xFF, 0x10, 0x01, 0xE2, 0xE8, 0xFA, 0xFF, 0xEB
	.byte 0x05, 0x00, 0xA0, 0xE1, 0x55, 0x38, 0x20, 0xEB, 0xF8, 0x40, 0xBD, 0xE8, 0x1E, 0xFF, 0x2F, 0xE1
	.byte 0xF4, 0xFF, 0x80, 0x03, 0x5C, 0x42, 0x80, 0x04

	arm_func_start FUN_02FEE138
FUN_02FEE138: ; 0x02FEE138
	stmdb sp!, {r4, r5, r6, lr}
	mov r5, r0
	bl FUN_02FEDF5C
	cmp r0, #0x40
	bne _02FEE1CC
	ldr r0, _02FEE1D4 ; =0x0380FFF4
	ldr r2, _02FEE1D8 ; =0x0480425C
	ldr r1, [r0]
	mov r0, #0x1000000
	add r1, r1, #0x300
	ldrh r1, [r1, #0xd8]
	add r6, r1, r2
	bl FUN_037FC2F0
	mov r4, r0
	cmp r5, #0
	bne _02FEE18C
	add r0, r6, #4
	bl FUN_02FECCF0
	and r1, r0, #0xfe
	add r0, r6, #4
	b _02FEE1BC
_02FEE18C:
	mov r0, r5
	bl FUN_02FEE048
	mov r5, r0
	add r0, r6, #5
	add r6, r0, r5, lsr #3
	mov r0, r6
	bl FUN_02FECCF0
	and r1, r5, #7
	mov r2, #1
	mvn r1, r2, lsl r1
	and r1, r1, r0
	mov r0, r6
_02FEE1BC:
	and r1, r1, #0xff
	bl FUN_02FECCC4
	mov r0, r4
	bl FUN_037FC280
_02FEE1CC:
	ldmia sp!, {r4, r5, r6, lr}
	bx lr
	.balign 4, 0
_02FEE1D4: .word 0x0380FFF4
_02FEE1D8: .word 0x0480425C
	arm_func_end FUN_02FEE138
_02FEE1DC:
	.byte 0xF8, 0x4F, 0x2D, 0xE9
	.byte 0x98, 0xB1, 0x9F, 0xE5, 0x00, 0x90, 0xA0, 0xE3, 0x00, 0x20, 0x9B, 0xE5, 0x01, 0x80, 0xA0, 0xE3
	.byte 0x1C, 0x13, 0x92, 0xE5, 0x05, 0x0C, 0x82, 0xE2, 0xB0, 0xA3, 0xD0, 0xE1, 0x1C, 0x70, 0x81, 0xE2
	.byte 0x53, 0x5E, 0x82, 0xE2, 0x03, 0x4C, 0x82, 0xE2, 0x57, 0x00, 0x00, 0xEA, 0xB0, 0x00, 0xD7, 0xE1
	.byte 0x00, 0x00, 0x50, 0xE3, 0x50, 0x00, 0x00, 0x0A, 0xB8, 0x11, 0xD7, 0xE1, 0x00, 0x00, 0x51, 0xE3
	.byte 0x5C, 0x01, 0x9F, 0x15, 0x00, 0x00, 0x51, 0x11, 0x4A, 0x00, 0x00, 0x0A, 0x01, 0x00, 0x41, 0xE2
	.byte 0xB8, 0x01, 0xC7, 0xE1, 0xB8, 0x01, 0xD7, 0xE1, 0x00, 0x00, 0x50, 0xE3, 0x45, 0x00, 0x00, 0x1A
	.byte 0xB0, 0x00, 0xD7, 0xE1, 0x20, 0x00, 0x50, 0xE3, 0x3D, 0x00, 0x00, 0x3A, 0x08, 0x00, 0xA0, 0xE1
	.byte 0x41, 0xFF, 0xFF, 0xEB, 0x00, 0x60, 0xA0, 0xE1, 0x08, 0x08, 0xA0, 0xE1, 0x20, 0x08, 0xA0, 0xE1
	.byte 0x20, 0x10, 0xA0, 0xE3, 0x54, 0xFE, 0xFF, 0xEB, 0x08, 0x00, 0xA0, 0xE1, 0x71, 0x12, 0x00, 0xEB
	.byte 0xB0, 0x05, 0xD4, 0xE1, 0x01, 0x00, 0x50, 0xE3, 0x20, 0x00, 0x00, 0x1A, 0x20, 0x00, 0x56, 0xE3
	.byte 0x2F, 0x00, 0x00, 0x9A, 0x00, 0x10, 0x9B, 0xE5, 0x01, 0x00, 0xA0, 0xE3, 0x05, 0x1C, 0x81, 0xE2
	.byte 0xB8, 0x33, 0xD1, 0xE1, 0x10, 0x68, 0xA0, 0xE1, 0x06, 0x08, 0xA0, 0xE1, 0x20, 0x08, 0x83, 0xE1
	.byte 0xB8, 0x03, 0xC1, 0xE1, 0x08, 0x28, 0xA0, 0xE1, 0x22, 0x08, 0xA0, 0xE1, 0x00, 0x10, 0xA0, 0xE3
	.byte 0x82, 0xFE, 0xFF, 0xEB, 0x00, 0x10, 0x9B, 0xE5, 0x06, 0x28, 0xA0, 0xE1, 0x05, 0x3C, 0x81, 0xE2
	.byte 0xB4, 0x63, 0xD3, 0xE1, 0x04, 0x00, 0x87, 0xE2, 0x22, 0x28, 0x86, 0xE1, 0xB4, 0x23, 0xC3, 0xE1
	.byte 0x01, 0x10, 0xA0, 0xE3, 0x00, 0x20, 0xA0, 0xE3, 0x9D, 0x16, 0x00, 0xEB, 0x00, 0x00, 0x50, 0xE3
	.byte 0x01, 0x10, 0xA0, 0xE3, 0x03, 0x00, 0x00, 0x0A, 0xB0, 0x10, 0xC0, 0xE1, 0x14, 0x13, 0x00, 0xEB
	.byte 0x01, 0x90, 0x89, 0xE2, 0x1A, 0x00, 0x00, 0xEA, 0x04, 0x00, 0x87, 0xE2, 0x0F, 0x00, 0x00, 0xEA
	.byte 0xBC, 0x0C, 0xD4, 0xE1, 0x00, 0x00, 0x58, 0xE1, 0x0D, 0x00, 0x00, 0x1A, 0x04, 0x00, 0x87, 0xE2
	.byte 0x01, 0x10, 0xA0, 0xE3, 0x00, 0x20, 0xA0, 0xE3, 0x8D, 0x16, 0x00, 0xEB, 0x00, 0x00, 0x50, 0xE3
	.byte 0x01, 0x00, 0x00, 0x0A, 0x01, 0x10, 0xA0, 0xE3, 0xEE, 0xFF, 0xFF, 0xEA, 0x20, 0x00, 0xA0, 0xE3
	.byte 0x10, 0x2C, 0x20, 0xEB, 0x3A, 0xF7, 0xFF, 0xEB, 0x04, 0x00, 0x87, 0xE2, 0x01, 0x10, 0xA0, 0xE3
	.byte 0xF0, 0x05, 0x00, 0xEB, 0x00, 0x00, 0xA0, 0xE3, 0xB0, 0x00, 0xC7, 0xE1, 0xB0, 0x00, 0xD5, 0xE1
	.byte 0x01, 0x00, 0x40, 0xE2, 0xB0, 0x00, 0xC5, 0xE1, 0x01, 0x90, 0x89, 0xE2, 0x0A, 0x00, 0x59, 0xE1
	.byte 0x04, 0x00, 0x00, 0x2A, 0x01, 0x80, 0x88, 0xE2, 0x1C, 0x70, 0x87, 0xE2, 0xB2, 0x02, 0xD4, 0xE1
	.byte 0x00, 0x00, 0x58, 0xE1, 0xA4, 0xFF, 0xFF, 0x3A, 0xF8, 0x4F, 0xBD, 0xE8, 0x1E, 0xFF, 0x2F, 0xE1
	.byte 0xF4, 0xFF, 0x80, 0x03, 0xFF, 0xFF, 0x00, 0x00, 0x10, 0x40, 0x2D, 0xE9, 0x00, 0x40, 0xA0, 0xE1
	.byte 0x28, 0x12, 0x00, 0xEB, 0x30, 0x20, 0x9F, 0xE5, 0x1C, 0x00, 0xA0, 0xE3, 0x00, 0x10, 0x92, 0xE5
	.byte 0x94, 0x00, 0x00, 0xE0, 0x1C, 0x13, 0x91, 0xE5, 0x00, 0x30, 0xA0, 0xE3, 0xB0, 0x30, 0x81, 0xE1
	.byte 0x00, 0x00, 0x92, 0xE5, 0x05, 0x0C, 0x80, 0xE2, 0xB0, 0x13, 0xD0, 0xE1, 0x01, 0x10, 0x41, 0xE2
	.byte 0xB0, 0x13, 0xC0, 0xE1, 0x10, 0x40, 0xBD, 0xE8, 0x1E, 0xFF, 0x2F, 0xE1, 0xF4, 0xFF, 0x80, 0x03

	arm_func_start FUN_02FEE3D0
FUN_02FEE3D0: ; 0x02FEE3D0
	stmdb sp!, {r3, r4, r5, r6, r7, lr}
	ldr r7, _02FEE460 ; =0x0380FFF4
	mov r1, #0x1c
	ldr r2, [r7]
	mov r6, #0
	add r0, r2, #0x300
	ldrh r5, [r0, #0x22]
	ldr r4, [r2, #0x31c]
	mul r2, r5, r1
	mov r0, r6
	mov r1, r4
	bl FUN_037FF524
	ldr r1, [r7]
	mov r0, r6
	add r1, r1, #0x530
	mov r2, #0x10
	bl FUN_037FF524
	ldr r2, _02FEE464 ; =0x0000FFFF
	mov r3, #1
	strh r2, [r4, #0x1a]
	mov r0, #0x1c
	b _02FEE434
_02FEE428:
	mla r1, r3, r0, r4
	strh r2, [r1, #0x1a]
	add r3, r3, #1
_02FEE434:
	cmp r3, r5
	blo _02FEE428
	ldr r1, _02FEE468 ; =0x02FF6F74
	mov r4, #0
	mov r0, r4
	bl FUN_02FEE4F0
	mov r0, r4
	mov r1, #0x40
	bl FUN_02FEDBBC
	ldmia sp!, {r3, r4, r5, r6, r7, lr}
	bx lr
	.balign 4, 0
_02FEE460: .word 0x0380FFF4
_02FEE464: .word 0x0000FFFF
_02FEE468: .word 0x02FF6F74
	arm_func_end FUN_02FEE3D0
_02FEE46C:
	.byte 0xF0, 0x47, 0x2D, 0xE9
	.byte 0x70, 0x00, 0x9F, 0xE5, 0x01, 0x60, 0xA0, 0xE3, 0x00, 0x10, 0x90, 0xE5, 0x00, 0xA0, 0xA0, 0xE3
	.byte 0x03, 0x0C, 0x81, 0xE2, 0x1C, 0x43, 0x91, 0xE5, 0xB2, 0x72, 0xD0, 0xE1, 0x53, 0x5E, 0x81, 0xE2
	.byte 0x1A, 0x90, 0xA0, 0xE3, 0x1C, 0x80, 0xA0, 0xE3, 0x04, 0x00, 0x00, 0xEA, 0x96, 0x48, 0x21, 0xE0
	.byte 0x0A, 0x00, 0xA0, 0xE1, 0x09, 0x20, 0xA0, 0xE1, 0x1D, 0x44, 0x20, 0xEB, 0x01, 0x60, 0x86, 0xE2
	.byte 0x07, 0x00, 0x56, 0xE1, 0xF8, 0xFF, 0xFF, 0x3A, 0x01, 0x20, 0xA0, 0xE3, 0xB0, 0x20, 0xC5, 0xE1
	.byte 0x00, 0x10, 0xA0, 0xE3, 0xB2, 0x10, 0xC5, 0xE1, 0x1C, 0x00, 0x9F, 0xE5, 0xB4, 0x20, 0xC5, 0xE1
	.byte 0xB6, 0x00, 0xC5, 0xE1, 0xBC, 0x10, 0xC5, 0xE1, 0xB8, 0x10, 0xC5, 0xE1, 0xBE, 0x20, 0xC5, 0xE1
	.byte 0xF0, 0x47, 0xBD, 0xE8, 0x1E, 0xFF, 0x2F, 0xE1, 0xF4, 0xFF, 0x80, 0x03, 0xFE, 0xFF, 0x00, 0x00

	arm_func_start FUN_02FEE4F0
FUN_02FEE4F0: ; 0x02FEE4F0
	stmdb sp!, {r3, r4, r5, r6, r7, r8, sb, lr}
	ldr r2, _02FEE5D4 ; =0x0380FFF4
	mov sb, r0
	ldr r4, [r2]
	mov r0, #0x1c
	mul r2, sb, r0
	ldr r3, [r4, #0x31c]
	mov r8, r1
	ldrh r0, [r3, r2]
	add r7, r3, r2
	cmp r0, #0
	addeq r0, r4, #0x500
	ldreqh r1, [r0, #0x30]
	mov r6, #0
	addeq r1, r1, #1
	streqh r1, [r0, #0x30]
	mov r0, r6
	mov r1, r7
	mov r2, #0x1a
	bl FUN_037FF524
	ldr r4, _02FEE5D4 ; =0x0380FFF4
	mov r5, #1
	ldr r1, [r4]
	mvn r0, r5, lsl sb
	add r1, r1, #0x500
	ldrh r3, [r1, #0x38]
	mov r0, r0, lsl #0x10
	and r0, r3, r0, lsr #16
	strh r0, [r1, #0x38]
	mov r2, sb, lsl #0x10
	mov r1, r6
	mov r0, r2, lsr #0x10
	mov r6, r5, lsl sb
	bl FUN_02FEDCC0
	ldr r1, [r4]
	mov r0, r6, lsl #0x10
	add r2, r1, #0x500
	ldrh r3, [r2, #0x34]
	mov r1, r8
	orr r0, r3, r0, lsr #16
	strh r0, [r2, #0x34]
	add r0, r7, #4
	bl FUN_02FEC0C0
	rsb r0, r5, #0x10000
	strh r0, [r7, #0x14]
	ldr r0, [r4]
	mov r1, sb, lsl #0x10
	add r0, r0, #0x300
	ldrh r2, [r0, #0xa6]
	mov r0, r1, lsr #0x10
	strh r2, [r7, #0x10]
	ldrh r2, [r7, #0x1a]
	mov r1, #0x20
	strh r2, [r7, #0x18]
	bl FUN_02FEDBBC
	ldmia sp!, {r3, r4, r5, r6, r7, r8, sb, lr}
	bx lr
	.balign 4, 0
_02FEE5D4: .word 0x0380FFF4
	arm_func_end FUN_02FEE4F0
_02FEE5D8:
	.byte 0x03, 0x00, 0xA0, 0xE3, 0x1E, 0xFF, 0x2F, 0xE1
	.byte 0xF8, 0x40, 0x2D, 0xE9, 0x50, 0x60, 0x9F, 0xE5, 0x00, 0x50, 0xA0, 0xE3, 0x00, 0x00, 0x96, 0xE5
	.byte 0x00, 0x40, 0xE0, 0xE3, 0xF4, 0x71, 0x90, 0xE5, 0x0B, 0x00, 0x00, 0xEA, 0x04, 0x03, 0x90, 0xE5
	.byte 0x07, 0x10, 0xA0, 0xE1, 0x05, 0x20, 0xA0, 0xE1, 0xCB, 0x3B, 0x20, 0xEB, 0x00, 0x00, 0x50, 0xE3
	.byte 0x07, 0x00, 0x00, 0x0A, 0x00, 0x00, 0x96, 0xE5, 0x07, 0x10, 0xA0, 0xE1, 0x7D, 0x0F, 0x80, 0xE2
	.byte 0xD6, 0x28, 0x20, 0xEB, 0x00, 0x00, 0x96, 0xE5, 0xF4, 0x71, 0x90, 0xE5, 0x04, 0x00, 0x57, 0xE1
	.byte 0xF1, 0xFF, 0xFF, 0x1A, 0xF8, 0x40, 0xBD, 0xE8, 0x1E, 0xFF, 0x2F, 0xE1, 0xF4, 0xFF, 0x80, 0x03

	arm_func_start FUN_02FEE640
FUN_02FEE640: ; 0x02FEE640
	ldr r0, _02FEE658 ; =0x0380FFF4
	mov r1, #0
	ldr r0, [r0]
	add r0, r0, #0x400
	strh r1, [r0, #0x28]
	bx lr
	.balign 4, 0
_02FEE658: .word 0x0380FFF4
	arm_func_end FUN_02FEE640
_02FEE65C:
	.byte 0x10, 0x40, 0x2D, 0xE9
	.byte 0x01, 0x20, 0xA0, 0xE3, 0xB2, 0x20, 0xC1, 0xE1, 0x00, 0x40, 0xA0, 0xE1, 0xB0, 0x01, 0xD4, 0xE1
	.byte 0x01, 0x00, 0x50, 0xE3, 0x05, 0x00, 0xA0, 0x83, 0x05, 0x00, 0x00, 0x8A, 0x16, 0x2B, 0x20, 0xEB
	.byte 0xB0, 0x01, 0xD4, 0xE1, 0x01, 0x00, 0x50, 0xE3, 0x00, 0x00, 0x00, 0x1A, 0xB2, 0xF6, 0xFF, 0xEB
	.byte 0x00, 0x00, 0xA0, 0xE3, 0x10, 0x40, 0xBD, 0xE8, 0x1E, 0xFF, 0x2F, 0xE1, 0x10, 0x40, 0x2D, 0xE9
	.byte 0x09, 0x20, 0xA0, 0xE3, 0xB2, 0x20, 0xC1, 0xE1, 0x00, 0x40, 0xA0, 0xE1, 0xB0, 0x01, 0xD4, 0xE1
	.byte 0x01, 0x00, 0x50, 0xE3, 0x05, 0x00, 0xA0, 0x83, 0x1D, 0x00, 0x00, 0x8A, 0xB2, 0x11, 0xD4, 0xE1
	.byte 0x01, 0x00, 0x51, 0xE3, 0x05, 0x00, 0xA0, 0x83, 0x19, 0x00, 0x00, 0x8A, 0xB4, 0x11, 0xD4, 0xE1
	.byte 0x01, 0x00, 0x51, 0xE3, 0x05, 0x00, 0xA0, 0x83, 0x15, 0x00, 0x00, 0x8A, 0x57, 0xF5, 0xFF, 0xEB
	.byte 0xB0, 0x01, 0xD4, 0xE1, 0x01, 0x00, 0x50, 0xE3, 0x0C, 0x00, 0x00, 0x1A, 0xB2, 0x01, 0xD4, 0xE1
	.byte 0x01, 0x00, 0x50, 0xE3, 0x01, 0x00, 0x00, 0x1A, 0x3C, 0x00, 0x9F, 0xE5, 0x00, 0x00, 0x00, 0xEA
	.byte 0x00, 0x00, 0xA0, 0xE3, 0x74, 0xF5, 0xFF, 0xEB, 0x30, 0x00, 0x9F, 0xE5, 0xB4, 0x11, 0xD4, 0xE1
	.byte 0x00, 0x00, 0x90, 0xE5, 0x03, 0x0C, 0x80, 0xE2, 0xB8, 0x15, 0xC0, 0xE1, 0x03, 0x00, 0x00, 0xEA
	.byte 0x02, 0x09, 0xA0, 0xE3, 0x6C, 0xF5, 0xFF, 0xEB, 0x02, 0x00, 0xA0, 0xE3, 0x5F, 0xF5, 0xFF, 0xEB
	.byte 0x00, 0x00, 0xA0, 0xE3, 0x10, 0x40, 0xBD, 0xE8, 0x1E, 0xFF, 0x2F, 0xE1, 0x01, 0x80, 0x00, 0x00
	.byte 0xF4, 0xFF, 0x80, 0x03, 0xF0, 0x41, 0x2D, 0xE9, 0x30, 0x21, 0x9F, 0xE5, 0x01, 0x50, 0xA0, 0xE1
	.byte 0x00, 0x30, 0x92, 0xE5, 0xB2, 0x20, 0xD5, 0xE1, 0x04, 0x10, 0x83, 0xE2, 0x01, 0x4B, 0x81, 0xE2
	.byte 0x03, 0x10, 0x42, 0xE2, 0xB4, 0x10, 0xC4, 0xE1, 0x03, 0x10, 0xA0, 0xE3, 0xB2, 0x10, 0xC5, 0xE1
	.byte 0x03, 0x1C, 0x83, 0xE2, 0xBE, 0x12, 0xD1, 0xE1, 0x00, 0x60, 0xA0, 0xE1, 0x01, 0x00, 0x51, 0xE3
	.byte 0x03, 0x00, 0x51, 0x13, 0x02, 0x00, 0x51, 0x13, 0x0B, 0x00, 0xA0, 0x13, 0x39, 0x00, 0x00, 0x1A
	.byte 0xE8, 0x00, 0x9F, 0xE5, 0x00, 0x00, 0x90, 0xE5, 0x03, 0x0C, 0x80, 0xE2, 0xBC, 0x04, 0xD0, 0xE1
	.byte 0x20, 0x00, 0x50, 0xE3, 0x01, 0x00, 0xA0, 0x33, 0x32, 0x00, 0x00, 0x3A, 0xB6, 0x01, 0xD6, 0xE1
	.byte 0x20, 0x00, 0x50, 0xE3, 0x05, 0x00, 0xA0, 0x83, 0x2E, 0x00, 0x00, 0x8A, 0xB8, 0x03, 0xD6, 0xE1
	.byte 0x01, 0x00, 0x50, 0xE3, 0x05, 0x00, 0xA0, 0x83, 0x2A, 0x00, 0x00, 0x8A, 0x3A, 0x00, 0x86, 0xE2
	.byte 0x46, 0xF9, 0xFF, 0xEB, 0x00, 0x00, 0x50, 0xE3, 0x05, 0x00, 0xA0, 0x03, 0x25, 0x00, 0x00, 0x0A
	.byte 0xBA, 0x04, 0xD6, 0xE1, 0xFA, 0x0F, 0x50, 0xE3, 0x05, 0x00, 0xA0, 0x83, 0x21, 0x00, 0x00, 0x8A
	.byte 0x0A, 0x00, 0x50, 0xE3, 0x05, 0x00, 0xA0, 0x33, 0x1E, 0x00, 0x00, 0x3A, 0xBC, 0x04, 0xD6, 0xE1
	.byte 0x10, 0x00, 0x50, 0xE3, 0x05, 0x00, 0xA0, 0x83, 0x1A, 0x00, 0x00, 0x8A, 0x00, 0x80, 0xA0, 0xE3
	.byte 0x3A, 0x70, 0x86, 0xE2, 0x08, 0x00, 0x00, 0xEA, 0x08, 0x00, 0x87, 0xE0, 0x33, 0xF9, 0xFF, 0xEB
	.byte 0x00, 0x00, 0x50, 0xE3, 0x06, 0x00, 0x00, 0x0A, 0x14, 0xF7, 0xFF, 0xEB, 0x00, 0x00, 0x50, 0xE3
	.byte 0x05, 0x00, 0xA0, 0x03, 0x0F, 0x00, 0x00, 0x0A, 0x01, 0x80, 0x88, 0xE2, 0x10, 0x00, 0x58, 0xE3
	.byte 0xF4, 0xFF, 0xFF, 0x3A, 0x10, 0x00, 0x86, 0xE2, 0x49, 0xF3, 0xFF, 0xEB, 0xB6, 0x01, 0xD6, 0xE1
	.byte 0x18, 0x10, 0x86, 0xE2, 0x60, 0xF3, 0xFF, 0xEB, 0x18, 0x60, 0x84, 0xE5, 0x1C, 0x50, 0x84, 0xE5
	.byte 0x10, 0x20, 0xA0, 0xE3, 0x02, 0x00, 0xA0, 0xE3, 0x00, 0x10, 0xA0, 0xE3, 0xB0, 0x20, 0xC4, 0xE1
	.byte 0xBC, 0x27, 0x20, 0xEB, 0x80, 0x00, 0xA0, 0xE3, 0xF0, 0x41, 0xBD, 0xE8, 0x1E, 0xFF, 0x2F, 0xE1
	.byte 0xF4, 0xFF, 0x80, 0x03, 0xF8, 0x40, 0x2D, 0xE9, 0xA4, 0x21, 0x9F, 0xE5, 0x01, 0x50, 0xA0, 0xE1
	.byte 0x00, 0x30, 0x92, 0xE5, 0x05, 0x10, 0xA0, 0xE3, 0xB2, 0x10, 0xC5, 0xE1, 0x03, 0x1C, 0x83, 0xE2
	.byte 0xBE, 0x22, 0xD1, 0xE1, 0x04, 0x10, 0x83, 0xE2, 0x00, 0x60, 0xA0, 0xE1, 0x03, 0x00, 0x52, 0xE3
	.byte 0xD1, 0x0F, 0x83, 0xE2, 0x02, 0x00, 0x52, 0x13, 0x01, 0x4B, 0x81, 0xE2, 0x0B, 0x00, 0xA0, 0x13
	.byte 0x59, 0x00, 0x00, 0x1A, 0xB8, 0x00, 0xD0, 0xE1, 0x20, 0x00, 0x50, 0xE3, 0x01, 0x00, 0xA0, 0x33
	.byte 0x55, 0x00, 0x00, 0x3A, 0x20, 0x00, 0xA0, 0xE3, 0xA6, 0x2A, 0x20, 0xEB, 0xB8, 0x01, 0xD6, 0xE1
	.byte 0x01, 0x00, 0x10, 0xE3, 0x05, 0x00, 0xA0, 0x13, 0x4F, 0x00, 0x00, 0x1A, 0xBE, 0x01, 0xD6, 0xE1
	.byte 0x00, 0x00, 0x50, 0xE3, 0x05, 0x00, 0xA0, 0x03, 0x4B, 0x00, 0x00, 0x0A, 0x20, 0x00, 0x50, 0xE3
	.byte 0x05, 0x00, 0xA0, 0x83, 0x48, 0x00, 0x00, 0x8A, 0xB6, 0x04, 0xD6, 0xE1, 0x0A, 0x00, 0x50, 0xE3
	.byte 0x05, 0x00, 0xA0, 0x33, 0x44, 0x00, 0x00, 0x3A, 0xFA, 0x0F, 0x50, 0xE3, 0x05, 0x00, 0xA0, 0x83
	.byte 0x41, 0x00, 0x00, 0x8A, 0xB8, 0x04, 0xD6, 0xE1, 0xFF, 0x00, 0x50, 0xE3, 0x05, 0x00, 0xA0, 0x83
	.byte 0x3D, 0x00, 0x00, 0x8A, 0xBA, 0x04, 0xD6, 0xE1, 0xF8, 0x10, 0x9F, 0xE5, 0x01, 0x00, 0x10, 0xE1
	.byte 0x05, 0x00, 0xA0, 0x13, 0x38, 0x00, 0x00, 0x1A, 0xCC, 0xF6, 0xFF, 0xEB, 0x00, 0x00, 0x50, 0xE3
	.byte 0x05, 0x00, 0xA0, 0x03, 0x34, 0x00, 0x00, 0x0A, 0xB2, 0x24, 0xD6, 0xE1, 0x01, 0x0A, 0xA0, 0xE3
	.byte 0x00, 0x00, 0x60, 0xE2, 0x00, 0x00, 0x12, 0xE1, 0x05, 0x00, 0xA0, 0x13, 0x2E, 0x00, 0x00, 0x1A
	.byte 0xB4, 0x14, 0xD6, 0xE1, 0x00, 0x00, 0x11, 0xE1, 0x05, 0x00, 0xA0, 0x13, 0x2A, 0x00, 0x00, 0x1A
	.byte 0x00, 0x00, 0x52, 0xE3, 0x05, 0x00, 0xA0, 0x03, 0x27, 0x00, 0x00, 0x0A, 0x02, 0x00, 0x91, 0xE1
	.byte 0x05, 0x00, 0xA0, 0x03, 0x24, 0x00, 0x00, 0x0A, 0xB0, 0x01, 0xD6, 0xE1, 0x7D, 0x0E, 0x50, 0xE3
	.byte 0x05, 0x00, 0xA0, 0x83, 0x20, 0x00, 0x00, 0x8A, 0x00, 0x70, 0xA0, 0xE3, 0x07, 0x00, 0xA0, 0xE1
	.byte 0x78, 0x20, 0x00, 0xEB, 0x00, 0x00, 0x50, 0xE3, 0x0E, 0x00, 0xA0, 0x13, 0x1A, 0x00, 0x00, 0x1A
	.byte 0xB0, 0x04, 0xD6, 0xE1, 0x20, 0x00, 0x10, 0xE3, 0x01, 0x00, 0x00, 0x0A, 0x01, 0x00, 0xA0, 0xE3
	.byte 0x00, 0x00, 0x00, 0xEA, 0x07, 0x00, 0xA0, 0xE1, 0x1A, 0xF2, 0xFF, 0xEB, 0x18, 0x00, 0x86, 0xE2
	.byte 0xE3, 0xF2, 0xFF, 0xEB, 0xBE, 0x01, 0xD6, 0xE1, 0x20, 0x10, 0x86, 0xE2, 0xFA, 0xF2, 0xFF, 0xEB
	.byte 0xB6, 0x04, 0xD6, 0xE1, 0x3C, 0xF3, 0xFF, 0xEB, 0xBA, 0x04, 0xD6, 0xE1, 0x00, 0x10, 0xA0, 0xE3
	.byte 0xC3, 0xF3, 0xFF, 0xEB, 0x42, 0x00, 0x86, 0xE2, 0x5C, 0xF4, 0xFF, 0xEB, 0x18, 0x60, 0x84, 0xE5
	.byte 0x1C, 0x50, 0x84, 0xE5, 0x20, 0x20, 0xA0, 0xE3, 0x02, 0x00, 0xA0, 0xE3, 0x01, 0x10, 0xA0, 0xE3
	.byte 0xB0, 0x20, 0xC4, 0xE1, 0x4F, 0x27, 0x20, 0xEB, 0x80, 0x00, 0xA0, 0xE3, 0xF8, 0x40, 0xBD, 0xE8
	.byte 0x1E, 0xFF, 0x2F, 0xE1, 0xF4, 0xFF, 0x80, 0x03, 0xF0, 0xFF, 0x00, 0x00, 0x70, 0x40, 0x2D, 0xE9
	.byte 0xC0, 0x20, 0x9F, 0xE5, 0x01, 0x50, 0xA0, 0xE1, 0x00, 0x30, 0x92, 0xE5, 0x06, 0x10, 0xA0, 0xE3
	.byte 0xB2, 0x10, 0xC5, 0xE1, 0x03, 0x1C, 0x83, 0xE2, 0xBE, 0x22, 0xD1, 0xE1, 0x04, 0x10, 0x83, 0xE2
	.byte 0x00, 0x60, 0xA0, 0xE1, 0x03, 0x00, 0x52, 0xE3, 0xD1, 0x0F, 0x83, 0xE2, 0x02, 0x00, 0x52, 0x13
	.byte 0x01, 0x4B, 0x81, 0xE2, 0x0B, 0x00, 0xA0, 0x13, 0x20, 0x00, 0x00, 0x1A, 0xB8, 0x00, 0xD0, 0xE1
	.byte 0x20, 0x00, 0x50, 0xE3, 0x01, 0x00, 0xA0, 0x33, 0x1C, 0x00, 0x00, 0x3A, 0xB0, 0x01, 0xD6, 0xE1
	.byte 0x01, 0x00, 0x10, 0xE3, 0x05, 0x00, 0xA0, 0x13, 0x18, 0x00, 0x00, 0x1A, 0xB6, 0x01, 0xD6, 0xE1
	.byte 0x01, 0x00, 0x50, 0xE3, 0x05, 0x00, 0xA0, 0x83, 0x14, 0x00, 0x00, 0x8A, 0xB8, 0x01, 0xD6, 0xE1
	.byte 0x7D, 0x0E, 0x50, 0xE3, 0x05, 0x00, 0xA0, 0x83, 0x10, 0x00, 0x00, 0x8A, 0x0A, 0x00, 0x50, 0xE3
	.byte 0x05, 0x00, 0xA0, 0x33, 0x0D, 0x00, 0x00, 0x3A, 0x20, 0x00, 0xA0, 0xE3, 0x29, 0x2A, 0x20, 0xEB
	.byte 0x18, 0x60, 0x84, 0xE5, 0x1C, 0x50, 0x84, 0xE5, 0x30, 0x00, 0xA0, 0xE3, 0xB0, 0x00, 0xC4, 0xE1
	.byte 0xB6, 0x11, 0xD6, 0xE1, 0x08, 0x00, 0x85, 0xE2, 0xBE, 0x10, 0xC5, 0xE1, 0x18, 0x10, 0x94, 0xE5
	.byte 0x10, 0x10, 0x81, 0xE2, 0x71, 0xF5, 0xFF, 0xEB, 0x5C, 0x02, 0x00, 0xEB, 0x80, 0x00, 0xA0, 0xE3
	.byte 0x70, 0x40, 0xBD, 0xE8, 0x1E, 0xFF, 0x2F, 0xE1, 0xF4, 0xFF, 0x80, 0x03, 0xF8, 0x40, 0x2D, 0xE9
	.byte 0x20, 0x31, 0x9F, 0xE5, 0x01, 0x60, 0xA0, 0xE1, 0x00, 0x20, 0x93, 0xE5, 0x04, 0x10, 0xA0, 0xE3
	.byte 0xB2, 0x10, 0xC6, 0xE1, 0x00, 0x30, 0x93, 0xE5, 0x04, 0x10, 0x82, 0xE2, 0x03, 0x2C, 0x83, 0xE2
	.byte 0xBE, 0x22, 0xD2, 0xE1, 0x00, 0x70, 0xA0, 0xE1, 0x03, 0x00, 0x52, 0xE3, 0x02, 0x00, 0x52, 0x13
	.byte 0x01, 0x00, 0x52, 0x13, 0x01, 0x5B, 0x81, 0xE2, 0x0B, 0x00, 0xA0, 0x13, 0x37, 0x00, 0x00, 0x1A
	.byte 0x03, 0x0C, 0x83, 0xE2, 0xBC, 0x04, 0xD0, 0xE1, 0x30, 0x00, 0x50, 0xE3, 0x01, 0x00, 0xA0, 0x33
	.byte 0x32, 0x00, 0x00, 0x3A, 0xFE, 0x00, 0x82, 0xE2, 0xFF, 0x0C, 0x80, 0xE2, 0x00, 0x08, 0xA0, 0xE1
	.byte 0x20, 0x08, 0xA0, 0xE1, 0x01, 0x00, 0x50, 0xE3, 0x03, 0x00, 0x00, 0x8A, 0xB0, 0x01, 0xD7, 0xE1
	.byte 0x01, 0x00, 0x10, 0xE3, 0x05, 0x00, 0xA0, 0x13, 0x28, 0x00, 0x00, 0x1A, 0x06, 0x00, 0x86, 0xE2
	.byte 0x10, 0x10, 0x87, 0xE2, 0x49, 0xF5, 0xFF, 0xEB, 0xB6, 0x11, 0xD7, 0xE1, 0x06, 0x00, 0x86, 0xE2
	.byte 0x00, 0x20, 0xA0, 0xE3, 0x6A, 0x14, 0x00, 0xEB, 0x00, 0x40, 0xB0, 0xE1, 0x08, 0x00, 0xA0, 0x03
	.byte 0x1E, 0x00, 0x00, 0x0A, 0x18, 0x70, 0x85, 0xE5, 0x1C, 0x60, 0x85, 0xE5, 0x04, 0x40, 0x85, 0xE5
	.byte 0x41, 0x00, 0xA0, 0xE3, 0xB0, 0x00, 0xC5, 0xE1, 0xB0, 0x01, 0xD7, 0xE1, 0x01, 0x00, 0x10, 0xE3
	.byte 0x11, 0x00, 0x00, 0x0A, 0x5C, 0x50, 0x9F, 0xE5, 0x10, 0x10, 0x44, 0xE2, 0x00, 0x00, 0x95, 0xE5
	.byte 0xEC, 0x03, 0x90, 0xE5, 0xB4, 0x00, 0xC4, 0xE1, 0x00, 0x00, 0x95, 0xE5, 0x62, 0x0F, 0x80, 0xE2
	.byte 0x9C, 0xFB, 0xFF, 0xEB, 0x00, 0x00, 0x95, 0xE5, 0x05, 0x0C, 0x80, 0xE2, 0xB6, 0x13, 0xD0, 0xE1
	.byte 0xB2, 0x23, 0xD0, 0xE1, 0x01, 0x00, 0xE0, 0xE1, 0x00, 0x00, 0x12, 0xE1, 0x06, 0x00, 0x00, 0x1A
	.byte 0x02, 0x00, 0xA0, 0xE3, 0x82, 0x0C, 0x00, 0xEB, 0x03, 0x00, 0x00, 0xEA, 0x10, 0x00, 0x87, 0xE2
	.byte 0x42, 0x10, 0x00, 0xEB, 0x04, 0x00, 0xA0, 0xE1, 0xC5, 0x10, 0x00, 0xEB, 0x80, 0x00, 0xA0, 0xE3
	.byte 0xF8, 0x40, 0xBD, 0xE8, 0x1E, 0xFF, 0x2F, 0xE1, 0xF4, 0xFF, 0x80, 0x03, 0xF8, 0x40, 0x2D, 0xE9
	.byte 0xC8, 0x20, 0x9F, 0xE5, 0x01, 0x60, 0xA0, 0xE1, 0x00, 0x30, 0x92, 0xE5, 0x03, 0x10, 0xA0, 0xE3
	.byte 0xB2, 0x10, 0xC6, 0xE1, 0x03, 0x1C, 0x83, 0xE2, 0xBE, 0x22, 0xD1, 0xE1, 0x04, 0x10, 0x83, 0xE2
	.byte 0x03, 0x00, 0x52, 0xE3, 0x00, 0x70, 0xA0, 0xE1, 0x02, 0x00, 0x52, 0x13, 0xD1, 0x4F, 0x83, 0xE2
	.byte 0x01, 0x5B, 0x81, 0xE2, 0x0B, 0x00, 0xA0, 0x13, 0x22, 0x00, 0x00, 0x1A, 0xB8, 0x00, 0xD4, 0xE1
	.byte 0x30, 0x00, 0x50, 0xE3, 0x01, 0x00, 0xA0, 0x33, 0x1E, 0x00, 0x00, 0x3A, 0xB0, 0x01, 0xD7, 0xE1
	.byte 0x01, 0x00, 0x10, 0xE3, 0x05, 0x00, 0xA0, 0x13, 0x1A, 0x00, 0x00, 0x1A, 0xB6, 0x01, 0xD7, 0xE1
	.byte 0x00, 0x00, 0x50, 0xE3, 0x05, 0x00, 0xA0, 0x03, 0x16, 0x00, 0x00, 0x0A, 0xFF, 0x00, 0x50, 0xE3
	.byte 0x05, 0x00, 0xA0, 0x83, 0x13, 0x00, 0x00, 0x8A, 0xB8, 0x01, 0xD7, 0xE1, 0x7D, 0x0E, 0x50, 0xE3
	.byte 0x05, 0x00, 0xA0, 0x83, 0x0F, 0x00, 0x00, 0x8A, 0x0A, 0x00, 0x50, 0xE3, 0x05, 0x00, 0xA0, 0x33
	.byte 0x0C, 0x00, 0x00, 0x3A, 0x30, 0x00, 0xA0, 0xE3, 0xA6, 0x29, 0x20, 0xEB, 0xD0, 0xF4, 0xFF, 0xEB
	.byte 0xB6, 0x11, 0xD7, 0xE1, 0x50, 0x00, 0xA0, 0xE3, 0xB0, 0x17, 0xC4, 0xE1, 0xB6, 0x11, 0xD7, 0xE1
	.byte 0xB2, 0x17, 0xC4, 0xE1, 0x18, 0x70, 0x85, 0xE5, 0x1C, 0x60, 0x85, 0xE5, 0xB0, 0x00, 0xC5, 0xE1
	.byte 0x24, 0x02, 0x00, 0xEB, 0x80, 0x00, 0xA0, 0xE3, 0xF8, 0x40, 0xBD, 0xE8, 0x1E, 0xFF, 0x2F, 0xE1
	.byte 0xF4, 0xFF, 0x80, 0x03, 0x08, 0x40, 0x2D, 0xE9, 0xB0, 0x30, 0x9F, 0xE5, 0x03, 0x20, 0xA0, 0xE3
	.byte 0x00, 0xC0, 0x93, 0xE5, 0xB2, 0x20, 0xC1, 0xE1, 0x03, 0x2C, 0x8C, 0xE2, 0xBE, 0x32, 0xD2, 0xE1
	.byte 0x04, 0x20, 0x8C, 0xE2, 0x03, 0x00, 0x53, 0xE3, 0x02, 0x00, 0x53, 0x13, 0xD1, 0xCF, 0x8C, 0xE2
	.byte 0x01, 0xEB, 0x82, 0xE2, 0x0B, 0x00, 0xA0, 0x13, 0x1E, 0x00, 0x00, 0x1A, 0xB8, 0x20, 0xDC, 0xE1
	.byte 0x30, 0x00, 0x52, 0xE3, 0x01, 0x00, 0xA0, 0x33, 0x1A, 0x00, 0x00, 0x3A, 0xB0, 0x21, 0xD0, 0xE1
	.byte 0x01, 0x00, 0x12, 0xE3, 0x05, 0x00, 0xA0, 0x13, 0x16, 0x00, 0x00, 0x1A, 0xB6, 0x31, 0xD0, 0xE1
	.byte 0x01, 0x00, 0x53, 0xE3, 0x05, 0x00, 0xA0, 0x33, 0x12, 0x00, 0x00, 0x3A, 0xFF, 0x00, 0x53, 0xE3
	.byte 0x05, 0x00, 0xA0, 0x83, 0x0F, 0x00, 0x00, 0x8A, 0xB8, 0x21, 0xD0, 0xE1, 0x7D, 0x0E, 0x52, 0xE3
	.byte 0x05, 0x00, 0xA0, 0x83, 0x0B, 0x00, 0x00, 0x8A, 0x0A, 0x00, 0x52, 0xE3, 0x05, 0x00, 0xA0, 0x33
	.byte 0x08, 0x00, 0x00, 0x3A, 0xB0, 0x37, 0xCC, 0xE1, 0xB6, 0x31, 0xD0, 0xE1, 0x60, 0x20, 0xA0, 0xE3
	.byte 0xB2, 0x37, 0xCC, 0xE1, 0x18, 0x00, 0x8E, 0xE5, 0x1C, 0x10, 0x8E, 0xE5, 0xB0, 0x20, 0xCE, 0xE1
	.byte 0x34, 0x02, 0x00, 0xEB, 0x80, 0x00, 0xA0, 0xE3, 0x08, 0x40, 0xBD, 0xE8, 0x1E, 0xFF, 0x2F, 0xE1
	.byte 0xF4, 0xFF, 0x80, 0x03, 0xF8, 0x40, 0x2D, 0xE9, 0xF8, 0x30, 0x9F, 0xE5, 0x01, 0x60, 0xA0, 0xE1
	.byte 0x00, 0x20, 0x93, 0xE5, 0x01, 0x10, 0xA0, 0xE3, 0xB2, 0x10, 0xC6, 0xE1, 0x00, 0x30, 0x93, 0xE5
	.byte 0x04, 0x10, 0x82, 0xE2, 0x03, 0x2C, 0x83, 0xE2, 0xBE, 0x22, 0xD2, 0xE1, 0x00, 0x70, 0xA0, 0xE1
	.byte 0x00, 0x00, 0x52, 0xE3, 0x01, 0x5B, 0x81, 0xE2, 0x0B, 0x00, 0xA0, 0x03, 0x2F, 0x00, 0x00, 0x0A
	.byte 0x01, 0x00, 0x52, 0xE3, 0x03, 0x00, 0x00, 0x0A, 0xB0, 0x01, 0xD7, 0xE1, 0x01, 0x00, 0x10, 0xE3
	.byte 0x05, 0x00, 0xA0, 0x13, 0x29, 0x00, 0x00, 0x1A, 0x03, 0x0C, 0x83, 0xE2, 0xBC, 0x04, 0xD0, 0xE1
	.byte 0x40, 0x00, 0x50, 0xE3, 0x01, 0x00, 0xA0, 0x13, 0x24, 0x00, 0x00, 0x1A, 0xB6, 0x11, 0xD7, 0xE1
	.byte 0x10, 0x00, 0x87, 0xE2, 0xC0, 0x11, 0x00, 0xEB, 0x00, 0x40, 0xB0, 0xE1, 0x08, 0x00, 0xA0, 0x03
	.byte 0x1E, 0x00, 0x00, 0x0A, 0x18, 0x70, 0x85, 0xE5, 0x1C, 0x60, 0x85, 0xE5, 0x04, 0x40, 0x85, 0xE5
	.byte 0x71, 0x00, 0xA0, 0xE3, 0xB0, 0x00, 0xC5, 0xE1, 0xB0, 0x01, 0xD7, 0xE1, 0x01, 0x00, 0x10, 0xE3
	.byte 0x11, 0x00, 0x00, 0x0A, 0x5C, 0x50, 0x9F, 0xE5, 0x10, 0x10, 0x44, 0xE2, 0x00, 0x00, 0x95, 0xE5
	.byte 0xEC, 0x03, 0x90, 0xE5, 0xB4, 0x00, 0xC4, 0xE1, 0x00, 0x00, 0x95, 0xE5, 0x62, 0x0F, 0x80, 0xE2
	.byte 0xF4, 0xFA, 0xFF, 0xEB, 0x00, 0x00, 0x95, 0xE5, 0x05, 0x0C, 0x80, 0xE2, 0xB6, 0x13, 0xD0, 0xE1
	.byte 0xB2, 0x23, 0xD0, 0xE1, 0x01, 0x00, 0xE0, 0xE1, 0x00, 0x00, 0x12, 0xE1, 0x06, 0x00, 0x00, 0x1A
	.byte 0x02, 0x00, 0xA0, 0xE3, 0xDA, 0x0B, 0x00, 0xEB, 0x03, 0x00, 0x00, 0xEA, 0x10, 0x00, 0x87, 0xE2
	.byte 0x9A, 0x0F, 0x00, 0xEB, 0x04, 0x00, 0xA0, 0xE1, 0x1D, 0x10, 0x00, 0xEB, 0x80, 0x00, 0xA0, 0xE3
	.byte 0xF8, 0x40, 0xBD, 0xE8, 0x1E, 0xFF, 0x2F, 0xE1, 0xF4, 0xFF, 0x80, 0x03, 0x70, 0x40, 0x2D, 0xE9
	.byte 0x84, 0x31, 0x9F, 0xE5, 0x01, 0x20, 0xA0, 0xE3, 0x00, 0x30, 0x93, 0xE5, 0x00, 0x60, 0xA0, 0xE1
	.byte 0xB2, 0x20, 0xC1, 0xE1, 0xC7, 0x5F, 0x83, 0xE2, 0xB2, 0x01, 0xD5, 0xE1, 0xD1, 0x4F, 0x83, 0xE2
	.byte 0x01, 0x00, 0x50, 0xE3, 0x00, 0x00, 0x50, 0x13, 0x0B, 0x00, 0xA0, 0x13, 0x54, 0x00, 0x00, 0x1A
	.byte 0xB8, 0x00, 0xD4, 0xE1, 0x20, 0x00, 0x50, 0xE3, 0x01, 0x00, 0xA0, 0x13, 0x50, 0x00, 0x00, 0x1A
	.byte 0xB0, 0x01, 0xD6, 0xE1, 0x20, 0x00, 0x50, 0xE3, 0x05, 0x00, 0xA0, 0x83, 0x4C, 0x00, 0x00, 0x8A
	.byte 0x00, 0x00, 0x50, 0xE3, 0x05, 0x00, 0xA0, 0x03, 0x49, 0x00, 0x00, 0x0A, 0xB2, 0x03, 0xD6, 0xE1
	.byte 0x0A, 0x00, 0x50, 0xE3, 0x05, 0x00, 0xA0, 0x33, 0x45, 0x00, 0x00, 0x3A, 0xFA, 0x0F, 0x50, 0xE3
	.byte 0x05, 0x00, 0xA0, 0x83, 0x42, 0x00, 0x00, 0x8A, 0xB4, 0x03, 0xD6, 0xE1, 0x00, 0x00, 0x50, 0xE3
	.byte 0x05, 0x00, 0xA0, 0x03, 0x3E, 0x00, 0x00, 0x0A, 0xFF, 0x00, 0x50, 0xE3, 0x05, 0x00, 0xA0, 0x83
	.byte 0x3B, 0x00, 0x00, 0x8A, 0xB6, 0x03, 0xD6, 0xE1, 0xF0, 0x10, 0x9F, 0xE5, 0x01, 0x00, 0x10, 0xE1
	.byte 0x05, 0x00, 0xA0, 0x13, 0x36, 0x00, 0x00, 0x1A, 0x3C, 0xF5, 0xFF, 0xEB, 0x00, 0x00, 0x50, 0xE3
	.byte 0x05, 0x00, 0xA0, 0x03, 0x32, 0x00, 0x00, 0x0A, 0xB8, 0x13, 0xD6, 0xE1, 0x00, 0x00, 0x51, 0xE3
	.byte 0x05, 0x00, 0xA0, 0x03, 0x2E, 0x00, 0x00, 0x0A, 0x01, 0x0A, 0xA0, 0xE3, 0x00, 0x00, 0x60, 0xE2
	.byte 0x00, 0x00, 0x11, 0xE1, 0x05, 0x00, 0xA0, 0x13, 0x29, 0x00, 0x00, 0x1A, 0xBA, 0x13, 0xD6, 0xE1
	.byte 0x00, 0x00, 0x51, 0xE3, 0x05, 0x00, 0xA0, 0x03, 0x25, 0x00, 0x00, 0x0A, 0x00, 0x00, 0x11, 0xE1
	.byte 0x05, 0x00, 0xA0, 0x13, 0x22, 0x00, 0x00, 0x1A, 0xBC, 0x03, 0xD6, 0xE1, 0x80, 0x00, 0x50, 0xE3
	.byte 0x05, 0x00, 0xA0, 0x83, 0x1E, 0x00, 0x00, 0x8A, 0x00, 0x00, 0xA0, 0xE3, 0xE9, 0x1E, 0x00, 0xEB
	.byte 0x00, 0x00, 0x50, 0xE3, 0x0E, 0x00, 0xA0, 0x13, 0x19, 0x00, 0x00, 0x1A, 0xB2, 0x01, 0xD5, 0xE1
	.byte 0x00, 0x00, 0x50, 0xE3, 0x01, 0x00, 0x00, 0x1A, 0x64, 0x00, 0x9F, 0xE5, 0x00, 0x00, 0x00, 0xEA
	.byte 0x08, 0x00, 0x85, 0xE2, 0x56, 0xF1, 0xFF, 0xEB, 0xB0, 0x01, 0xD6, 0xE1, 0x12, 0x10, 0x86, 0xE2
	.byte 0x6D, 0xF1, 0xFF, 0xEB, 0xB2, 0x03, 0xD6, 0xE1, 0xAF, 0xF1, 0xFF, 0xEB, 0xB4, 0x03, 0xD6, 0xE1
	.byte 0xC3, 0xF1, 0xFF, 0xEB, 0x00, 0x50, 0xA0, 0xE3, 0xB6, 0x03, 0xD6, 0xE1, 0x05, 0x10, 0xA0, 0xE1
	.byte 0x33, 0xF2, 0xFF, 0xEB, 0x38, 0x00, 0x86, 0xE2, 0xCC, 0xF2, 0xFF, 0xEB, 0xBC, 0x03, 0xD6, 0xE1
	.byte 0x3E, 0x10, 0x86, 0xE2, 0xA7, 0xF3, 0xFF, 0xEB, 0xB4, 0x5A, 0xC4, 0xE1, 0xCD, 0x27, 0x20, 0xEB
	.byte 0x05, 0x00, 0xA0, 0xE1, 0x70, 0x40, 0xBD, 0xE8, 0x1E, 0xFF, 0x2F, 0xE1, 0xF4, 0xFF, 0x80, 0x03
	.byte 0xF0, 0xFF, 0x00, 0x00, 0x74, 0x6F, 0xFF, 0x02, 0xF0, 0x41, 0x2D, 0xE9, 0xD4, 0x20, 0x9F, 0xE5
	.byte 0x01, 0x50, 0xA0, 0xE1, 0x00, 0x30, 0x92, 0xE5, 0x12, 0x10, 0xA0, 0xE3, 0xB2, 0x10, 0xC5, 0xE1
	.byte 0x00, 0x20, 0x92, 0xE5, 0x04, 0x10, 0x83, 0xE2, 0x03, 0x2C, 0x82, 0xE2, 0xBC, 0x24, 0xD2, 0xE1
	.byte 0x00, 0x60, 0xA0, 0xE1, 0x20, 0x00, 0x52, 0xE3, 0x01, 0x4B, 0x81, 0xE2, 0x01, 0x00, 0xA0, 0x13
	.byte 0x26, 0x00, 0x00, 0x1A, 0xB2, 0x01, 0xD6, 0xE1, 0x03, 0x00, 0x50, 0xE3, 0x05, 0x00, 0xA0, 0x83
	.byte 0x22, 0x00, 0x00, 0x8A, 0xB4, 0x01, 0xD6, 0xE1, 0x3F, 0x00, 0x50, 0xE3, 0x05, 0x00, 0xA0, 0x83
	.byte 0x1E, 0x00, 0x00, 0x8A, 0xB6, 0x01, 0xD6, 0xE1, 0x00, 0x00, 0x50, 0xE3, 0x05, 0x00, 0xA0, 0x03
	.byte 0x1A, 0x00, 0x00, 0x0A, 0xFA, 0x0F, 0x50, 0xE3, 0x05, 0x00, 0xA0, 0x83, 0x17, 0x00, 0x00, 0x8A
	.byte 0x00, 0x80, 0xA0, 0xE3, 0x18, 0x70, 0x86, 0xE2, 0x08, 0x00, 0x00, 0xEA, 0x08, 0x00, 0x87, 0xE0
	.byte 0xFA, 0xF6, 0xFF, 0xEB, 0x00, 0x00, 0x50, 0xE3, 0x06, 0x00, 0x00, 0x0A, 0xDB, 0xF4, 0xFF, 0xEB
	.byte 0x00, 0x00, 0x50, 0xE3, 0x05, 0x00, 0xA0, 0x03, 0x0C, 0x00, 0x00, 0x0A, 0x01, 0x80, 0x88, 0xE2
	.byte 0x10, 0x00, 0x58, 0xE3, 0xF4, 0xFF, 0xFF, 0x3A, 0x00, 0x00, 0x58, 0xE3, 0x05, 0x00, 0xA0, 0x03
	.byte 0x06, 0x00, 0x00, 0x0A, 0x18, 0x60, 0x84, 0xE5, 0x1C, 0x50, 0x84, 0xE5, 0x80, 0x60, 0xA0, 0xE3
	.byte 0xB0, 0x60, 0xC4, 0xE1, 0xB4, 0x60, 0xC5, 0xE1, 0x90, 0x01, 0x00, 0xEB, 0x06, 0x00, 0xA0, 0xE1
	.byte 0xF0, 0x41, 0xBD, 0xE8, 0x1E, 0xFF, 0x2F, 0xE1, 0xF4, 0xFF, 0x80, 0x03, 0xF8, 0x43, 0x2D, 0xE9
	.byte 0xC0, 0x61, 0x9F, 0xE5, 0x00, 0x70, 0xA0, 0xE3, 0x00, 0x20, 0x96, 0xE5, 0x15, 0x50, 0xA0, 0xE3
	.byte 0x01, 0x0B, 0x82, 0xE2, 0xB4, 0x10, 0xD0, 0xE1, 0x04, 0x00, 0x82, 0xE2, 0x10, 0x10, 0x41, 0xE2
	.byte 0x05, 0x00, 0x51, 0xE3, 0x01, 0x8B, 0x80, 0xE2, 0xD1, 0x9F, 0x82, 0xE2, 0x07, 0x40, 0xA0, 0xE1
	.byte 0x5D, 0x00, 0x00, 0x8A, 0x81, 0x00, 0x8F, 0xE0, 0xB4, 0x00, 0xD0, 0xE1, 0x00, 0xF0, 0x8F, 0xE0
	.byte 0x08, 0x00, 0x78, 0x00, 0xFC, 0x00, 0xFC, 0x00, 0x68, 0x01, 0x4C, 0x01, 0x20, 0x00, 0xA0, 0xE3
	.byte 0x70, 0x28, 0x20, 0xEB, 0x02, 0x00, 0xA0, 0xE3, 0xBC, 0x00, 0xC9, 0xE1, 0x1C, 0x00, 0x98, 0xE5
	.byte 0xB8, 0x40, 0xC0, 0xE1, 0x1C, 0x00, 0x98, 0xE5, 0xB6, 0x40, 0xC0, 0xE1, 0xB6, 0x40, 0xC8, 0xE1
	.byte 0xB8, 0x40, 0xC8, 0xE1, 0x18, 0x10, 0x98, 0xE5, 0xB8, 0x03, 0xD1, 0xE1, 0x00, 0x00, 0x50, 0xE3
	.byte 0xBA, 0x04, 0xD1, 0xE1, 0x09, 0x00, 0x00, 0x1A, 0x03, 0x10, 0x80, 0xE2, 0xC1, 0x00, 0xA0, 0xE1
	.byte 0x20, 0x0F, 0x81, 0xE0, 0x40, 0x01, 0xA0, 0xE1, 0xBC, 0x00, 0xC8, 0xE1, 0xBC, 0x00, 0xD8, 0xE1
	.byte 0x0A, 0x00, 0x50, 0xE3, 0x0A, 0x00, 0xA0, 0x33, 0xBC, 0x00, 0xC8, 0x31, 0x00, 0x00, 0x00, 0xEA
	.byte 0xBC, 0x00, 0xC8, 0xE1, 0x1C, 0x00, 0x98, 0xE5, 0xB4, 0x70, 0xC0, 0xE1, 0x18, 0x10, 0x98, 0xE5
	.byte 0xB6, 0x00, 0xD8, 0xE1, 0x3A, 0x10, 0x81, 0xE2, 0x00, 0x00, 0x81, 0xE0, 0xAF, 0xF6, 0xFF, 0xEB
	.byte 0x00, 0x60, 0xB0, 0xE1, 0xB0, 0x50, 0xC8, 0x01, 0x01, 0x40, 0xA0, 0x03, 0x32, 0x00, 0x00, 0x0A
	.byte 0xB6, 0x00, 0xD8, 0xE1, 0x01, 0x00, 0x80, 0xE2, 0xB6, 0x00, 0xC8, 0xE1, 0xBA, 0x70, 0xC8, 0xE1
	.byte 0x07, 0x00, 0xA0, 0xE1, 0x4F, 0x1E, 0x00, 0xEB, 0x00, 0x00, 0x50, 0xE3, 0x1C, 0x00, 0x98, 0x15
	.byte 0x0E, 0x10, 0xA0, 0x13, 0xB4, 0x10, 0xC0, 0x11, 0xB0, 0x50, 0xC8, 0x11, 0x01, 0x40, 0xA0, 0x13
	.byte 0x25, 0x00, 0x00, 0x1A, 0xB0, 0x00, 0xD8, 0xE1, 0x07, 0x10, 0xA0, 0xE1, 0x10, 0x00, 0x50, 0xE3
	.byte 0x06, 0x00, 0xA0, 0xE1, 0x02, 0x00, 0x00, 0x1A, 0xA1, 0xF1, 0xFF, 0xEB, 0x41, 0x27, 0x20, 0xEB
	.byte 0x00, 0x00, 0x00, 0xEA, 0x9E, 0xF1, 0xFF, 0xEB, 0x12, 0x00, 0xA0, 0xE3, 0xB0, 0x00, 0xC8, 0xE1
	.byte 0x13, 0x00, 0xA0, 0xE3, 0xB0, 0x00, 0xC8, 0xE1, 0x18, 0x10, 0x98, 0xE5, 0xB8, 0x03, 0xD1, 0xE1
	.byte 0x00, 0x00, 0x50, 0xE3, 0x09, 0x00, 0x00, 0x1A, 0x10, 0x00, 0x81, 0xE2, 0xCF, 0x11, 0x00, 0xEB
	.byte 0x00, 0x00, 0x50, 0xE3, 0x1C, 0x00, 0x98, 0x05, 0x08, 0x10, 0xA0, 0x03, 0xB4, 0x10, 0xC0, 0x01
	.byte 0xB0, 0x50, 0xC8, 0x01, 0x01, 0x40, 0xA0, 0x03, 0x0B, 0x00, 0x00, 0x0A, 0x18, 0x0F, 0x00, 0xEB
	.byte 0xBC, 0x00, 0xD8, 0xE1, 0x40, 0x10, 0x9F, 0xE5, 0xEE, 0xF5, 0xFF, 0xEB, 0x06, 0x00, 0x00, 0xEA
	.byte 0xB0, 0x40, 0xC8, 0xE1, 0xF8, 0x27, 0x20, 0xEB, 0x00, 0x00, 0x96, 0xE5, 0x03, 0x0C, 0x80, 0xE2
	.byte 0xBE, 0x02, 0xD0, 0xE1, 0xBC, 0x00, 0xC9, 0xE1, 0xC9, 0x01, 0x00, 0xEB, 0x00, 0x00, 0x54, 0xE3
	.byte 0x02, 0x00, 0x00, 0x0A, 0x02, 0x00, 0xA0, 0xE3, 0x00, 0x10, 0xA0, 0xE3, 0x11, 0x25, 0x20, 0xEB
	.byte 0xF8, 0x43, 0xBD, 0xE8, 0x1E, 0xFF, 0x2F, 0xE1, 0xF4, 0xFF, 0x80, 0x03, 0x30, 0xF3, 0xFE, 0x02
	.byte 0x54, 0x00, 0x9F, 0xE5, 0x00, 0x00, 0x90, 0xE5, 0x04, 0x00, 0x80, 0xE2, 0x01, 0x2B, 0x80, 0xE2
	.byte 0xBA, 0x10, 0xD2, 0xE1, 0xBC, 0x00, 0xD2, 0xE1, 0x00, 0x00, 0x81, 0xE0, 0xBA, 0x00, 0xC2, 0xE1
	.byte 0x18, 0x00, 0x92, 0xE5, 0xBA, 0x10, 0xD2, 0xE1, 0xBA, 0x04, 0xD0, 0xE1, 0x00, 0x00, 0x51, 0xE1
	.byte 0x05, 0x00, 0x00, 0x3A, 0xB6, 0x00, 0xD2, 0xE1, 0x10, 0x00, 0x50, 0xE3, 0x11, 0x00, 0xA0, 0x33
	.byte 0xB0, 0x00, 0xC2, 0x31, 0x15, 0x00, 0xA0, 0x23, 0xB0, 0x00, 0xC2, 0x21, 0x0C, 0xC0, 0x9F, 0xE5
	.byte 0x02, 0x00, 0xA0, 0xE3, 0x00, 0x10, 0xA0, 0xE3, 0x1C, 0xFF, 0x2F, 0xE1, 0xF4, 0xFF, 0x80, 0x03
	.byte 0x68, 0x87, 0x7F, 0x03, 0x10, 0x40, 0x2D, 0xE9, 0x8C, 0x00, 0x9F, 0xE5, 0x00, 0x20, 0x90, 0xE5
	.byte 0x01, 0x0B, 0x82, 0xE2, 0xB4, 0x10, 0xD0, 0xE1, 0x04, 0x00, 0x82, 0xE2, 0x20, 0x00, 0x51, 0xE3
	.byte 0x01, 0x4B, 0x80, 0xE2, 0x02, 0x00, 0x00, 0x0A, 0x25, 0x00, 0x51, 0xE3, 0x0B, 0x00, 0x00, 0x0A
	.byte 0x17, 0x00, 0x00, 0xEA, 0xF3, 0x26, 0x20, 0xEB, 0x00, 0x00, 0xA0, 0xE3, 0xB4, 0x00, 0xC4, 0xE1
	.byte 0xB6, 0x00, 0xC4, 0xE1, 0x21, 0x00, 0xA0, 0xE3, 0xB0, 0x00, 0xC4, 0xE1, 0x18, 0x00, 0x94, 0xE5
	.byte 0x48, 0x10, 0x9F, 0xE5, 0xB0, 0x01, 0xD0, 0xE1, 0xAE, 0xF5, 0xFF, 0xEB, 0x0C, 0x00, 0x00, 0xEA
	.byte 0xB4, 0x10, 0xD4, 0xE1, 0x1C, 0x00, 0x94, 0xE5, 0xB4, 0x10, 0xC0, 0xE1, 0xB6, 0x10, 0xD4, 0xE1
	.byte 0x1C, 0x00, 0x94, 0xE5, 0xB6, 0x10, 0xC0, 0xE1, 0xB4, 0x00, 0xD4, 0xE1, 0x00, 0x00, 0x50, 0xE3
	.byte 0x00, 0x00, 0x00, 0x0A, 0xB0, 0x27, 0x20, 0xEB, 0x00, 0x00, 0xA0, 0xE3, 0xB0, 0x00, 0xC4, 0xE1
	.byte 0x83, 0x01, 0x00, 0xEB, 0x10, 0x40, 0xBD, 0xE8, 0x1E, 0xFF, 0x2F, 0xE1, 0xF4, 0xFF, 0x80, 0x03
	.byte 0x34, 0xF4, 0xFE, 0x02, 0x2C, 0x00, 0x9F, 0xE5, 0x2C, 0xC0, 0x9F, 0xE5, 0x00, 0x20, 0x90, 0xE5
	.byte 0x07, 0x10, 0xA0, 0xE3, 0x04, 0x00, 0x82, 0xE2, 0x01, 0x0B, 0x80, 0xE2, 0xB4, 0x10, 0xC0, 0xE1
	.byte 0x25, 0x30, 0xA0, 0xE3, 0x01, 0x2B, 0x82, 0xE2, 0x02, 0x00, 0xA0, 0xE3, 0x01, 0x10, 0xA0, 0xE3
	.byte 0xB4, 0x30, 0xC2, 0xE1, 0x1C, 0xFF, 0x2F, 0xE1, 0xF4, 0xFF, 0x80, 0x03, 0x68, 0x87, 0x7F, 0x03
	.byte 0x70, 0x40, 0x2D, 0xE9, 0xD4, 0x00, 0x9F, 0xE5, 0x00, 0x20, 0x90, 0xE5, 0x01, 0x0B, 0x82, 0xE2
	.byte 0xB4, 0x10, 0xD0, 0xE1, 0x04, 0x00, 0x82, 0xE2, 0x30, 0x00, 0x51, 0xE3, 0x01, 0x4B, 0x80, 0xE2
	.byte 0x02, 0x00, 0x00, 0x0A, 0x35, 0x00, 0x51, 0xE3, 0x1F, 0x00, 0x00, 0x0A, 0x29, 0x00, 0x00, 0xEA
	.byte 0x18, 0x00, 0x94, 0xE5, 0x00, 0x50, 0xA0, 0xE3, 0x05, 0x10, 0xA0, 0xE1, 0x05, 0x20, 0xA0, 0xE1
	.byte 0x10, 0x00, 0x80, 0xE2, 0xF6, 0x11, 0x00, 0xEB, 0x00, 0x00, 0x50, 0xE3, 0x08, 0x00, 0x00, 0x1A
	.byte 0x1C, 0x10, 0x94, 0xE5, 0x08, 0x20, 0xA0, 0xE3, 0x02, 0x00, 0xA0, 0xE3, 0xB4, 0x20, 0xC1, 0xE1
	.byte 0x35, 0x20, 0xA0, 0xE3, 0x00, 0x10, 0xA0, 0xE1, 0xB0, 0x20, 0xC4, 0xE1, 0xA1, 0x24, 0x20, 0xEB
	.byte 0x18, 0x00, 0x00, 0xEA, 0x18, 0x10, 0x94, 0xE5, 0x01, 0x20, 0xA0, 0xE3, 0xB6, 0x31, 0xD1, 0xE1
	.byte 0x31, 0x10, 0xA0, 0xE3, 0xBC, 0x32, 0xC0, 0xE1, 0xBE, 0x22, 0xC0, 0xE1, 0xB0, 0x53, 0xC0, 0xE1
	.byte 0xB0, 0x10, 0xC4, 0xE1, 0x8E, 0x0E, 0x00, 0xEB, 0x18, 0x00, 0x94, 0xE5, 0x40, 0x10, 0x9F, 0xE5
	.byte 0xB8, 0x01, 0xD0, 0xE1, 0x63, 0xF5, 0xFF, 0xEB, 0x0A, 0x00, 0x00, 0xEA, 0x01, 0x60, 0xA0, 0xE3
	.byte 0x06, 0x00, 0xA0, 0xE1, 0xA0, 0x0D, 0x00, 0xEB, 0x06, 0x00, 0xA0, 0xE1, 0x85, 0x0D, 0x00, 0xEB
	.byte 0x00, 0x50, 0xA0, 0xE3, 0x06, 0x00, 0xA0, 0xE1, 0x05, 0x10, 0xA0, 0xE1, 0x5D, 0x0E, 0x00, 0xEB
	.byte 0xB0, 0x50, 0xC4, 0xE1, 0x3A, 0x01, 0x00, 0xEB, 0x70, 0x40, 0xBD, 0xE8, 0x1E, 0xFF, 0x2F, 0xE1
	.byte 0xF4, 0xFF, 0x80, 0x03, 0x58, 0xF5, 0xFE, 0x02, 0x08, 0x40, 0x2D, 0xE9, 0x30, 0x10, 0x9F, 0xE5
	.byte 0x02, 0x00, 0xA0, 0xE3, 0x00, 0xC0, 0x91, 0xE5, 0x07, 0x30, 0xA0, 0xE3, 0x04, 0x10, 0x8C, 0xE2
	.byte 0x1C, 0x24, 0x91, 0xE5, 0x00, 0x10, 0xA0, 0xE1, 0xB4, 0x30, 0xC2, 0xE1, 0x01, 0x2B, 0x8C, 0xE2
	.byte 0x35, 0x30, 0xA0, 0xE3, 0xB4, 0x30, 0xC2, 0xE1, 0x76, 0x24, 0x20, 0xEB, 0x08, 0x40, 0xBD, 0xE8
	.byte 0x1E, 0xFF, 0x2F, 0xE1, 0xF4, 0xFF, 0x80, 0x03, 0x70, 0x40, 0x2D, 0xE9, 0xB0, 0x00, 0x9F, 0xE5
	.byte 0x00, 0x20, 0x90, 0xE5, 0x01, 0x0B, 0x82, 0xE2, 0xB4, 0x10, 0xD0, 0xE1, 0x04, 0x00, 0x82, 0xE2
	.byte 0x50, 0x00, 0x51, 0xE3, 0x01, 0x4B, 0x80, 0xE2, 0x02, 0x00, 0x00, 0x0A, 0x53, 0x00, 0x51, 0xE3
	.byte 0x16, 0x00, 0x00, 0x0A, 0x20, 0x00, 0x00, 0xEA, 0x18, 0x00, 0x94, 0xE5, 0x10, 0x00, 0x80, 0xE2
	.byte 0xFC, 0x0F, 0x00, 0xEB, 0x00, 0x00, 0x50, 0xE3, 0x08, 0x00, 0x00, 0x1A, 0x1C, 0x00, 0x94, 0xE5
	.byte 0x08, 0x10, 0xA0, 0xE3, 0xB4, 0x10, 0xC0, 0xE1, 0x53, 0x20, 0xA0, 0xE3, 0x02, 0x00, 0xA0, 0xE3
	.byte 0x03, 0x10, 0xA0, 0xE3, 0xB0, 0x20, 0xC4, 0xE1, 0x5A, 0x24, 0x20, 0xEB, 0x12, 0x00, 0x00, 0xEA
	.byte 0x51, 0x10, 0xA0, 0xE3, 0xB0, 0x10, 0xC4, 0xE1, 0x4D, 0x0E, 0x00, 0xEB, 0x18, 0x00, 0x94, 0xE5
	.byte 0x40, 0x10, 0x9F, 0xE5, 0xB8, 0x01, 0xD0, 0xE1, 0x22, 0xF5, 0xFF, 0xEB, 0x0A, 0x00, 0x00, 0xEA
	.byte 0x01, 0x60, 0xA0, 0xE3, 0x06, 0x00, 0xA0, 0xE1, 0x5F, 0x0D, 0x00, 0xEB, 0x06, 0x00, 0xA0, 0xE1
	.byte 0x44, 0x0D, 0x00, 0xEB, 0x00, 0x50, 0xA0, 0xE3, 0x06, 0x00, 0xA0, 0xE1, 0x05, 0x10, 0xA0, 0xE1
	.byte 0x1C, 0x0E, 0x00, 0xEB, 0xB0, 0x50, 0xC4, 0xE1, 0xF9, 0x00, 0x00, 0xEB, 0x70, 0x40, 0xBD, 0xE8
	.byte 0x1E, 0xFF, 0x2F, 0xE1, 0xF4, 0xFF, 0x80, 0x03, 0x5C, 0xF6, 0xFE, 0x02, 0x2C, 0x00, 0x9F, 0xE5
	.byte 0x2C, 0xC0, 0x9F, 0xE5, 0x00, 0x20, 0x90, 0xE5, 0x07, 0x10, 0xA0, 0xE3, 0x04, 0x00, 0x82, 0xE2
	.byte 0x1C, 0x04, 0x90, 0xE5, 0x53, 0x30, 0xA0, 0xE3, 0xB4, 0x10, 0xC0, 0xE1, 0x01, 0x2B, 0x82, 0xE2
	.byte 0x02, 0x00, 0xA0, 0xE3, 0x03, 0x10, 0xA0, 0xE3, 0xB4, 0x30, 0xC2, 0xE1, 0x1C, 0xFF, 0x2F, 0xE1
	.byte 0xF4, 0xFF, 0x80, 0x03, 0x68, 0x87, 0x7F, 0x03, 0x70, 0x40, 0x2D, 0xE9, 0xA8, 0x00, 0x9F, 0xE5
	.byte 0x00, 0x20, 0x90, 0xE5, 0x01, 0x0B, 0x82, 0xE2, 0xB4, 0x10, 0xD0, 0xE1, 0x04, 0x00, 0x82, 0xE2
	.byte 0x60, 0x00, 0x51, 0xE3, 0x01, 0x4B, 0x80, 0xE2, 0x02, 0x00, 0x00, 0x0A, 0x63, 0x00, 0x51, 0xE3
	.byte 0x16, 0x00, 0x00, 0x0A, 0x1E, 0x00, 0x00, 0xEA, 0x18, 0x00, 0x94, 0xE5, 0x10, 0x00, 0x80, 0xE2
	.byte 0xE6, 0x0F, 0x00, 0xEB, 0x00, 0x00, 0x50, 0xE3, 0x08, 0x00, 0x00, 0x1A, 0x1C, 0x00, 0x94, 0xE5
	.byte 0x08, 0x10, 0xA0, 0xE3, 0xB4, 0x10, 0xC0, 0xE1, 0x63, 0x20, 0xA0, 0xE3, 0x02, 0x00, 0xA0, 0xE3
	.byte 0x04, 0x10, 0xA0, 0xE3, 0xB0, 0x20, 0xC4, 0xE1, 0x1A, 0x24, 0x20, 0xEB, 0x10, 0x00, 0x00, 0xEA
	.byte 0x61, 0x10, 0xA0, 0xE3, 0xB0, 0x10, 0xC4, 0xE1, 0x0D, 0x0E, 0x00, 0xEB, 0x18, 0x00, 0x94, 0xE5
	.byte 0x38, 0x10, 0x9F, 0xE5, 0xB8, 0x01, 0xD0, 0xE1, 0xE2, 0xF4, 0xFF, 0xEB, 0x08, 0x00, 0x00, 0xEA
	.byte 0x01, 0x60, 0xA0, 0xE3, 0x06, 0x00, 0xA0, 0xE1, 0x06, 0x0D, 0x00, 0xEB, 0x00, 0x50, 0xA0, 0xE3
	.byte 0x06, 0x00, 0xA0, 0xE1, 0x05, 0x10, 0xA0, 0xE1, 0xDE, 0x0D, 0x00, 0xEB, 0xB0, 0x50, 0xC4, 0xE1
	.byte 0xBB, 0x00, 0x00, 0xEB, 0x70, 0x40, 0xBD, 0xE8, 0x1E, 0xFF, 0x2F, 0xE1, 0xF4, 0xFF, 0x80, 0x03
	.byte 0x54, 0xF7, 0xFE, 0x02, 0x2C, 0x00, 0x9F, 0xE5, 0x2C, 0xC0, 0x9F, 0xE5, 0x00, 0x20, 0x90, 0xE5
	.byte 0x07, 0x10, 0xA0, 0xE3, 0x04, 0x00, 0x82, 0xE2, 0x1C, 0x04, 0x90, 0xE5, 0x63, 0x30, 0xA0, 0xE3
	.byte 0xB4, 0x10, 0xC0, 0xE1, 0x01, 0x2B, 0x82, 0xE2, 0x02, 0x00, 0xA0, 0xE3, 0x04, 0x10, 0xA0, 0xE3
	.byte 0xB4, 0x30, 0xC2, 0xE1, 0x1C, 0xFF, 0x2F, 0xE1, 0xF4, 0xFF, 0x80, 0x03, 0x68, 0x87, 0x7F, 0x03
	.byte 0xF8, 0x40, 0x2D, 0xE9, 0x3C, 0x52, 0x9F, 0xE5, 0x00, 0x40, 0xA0, 0xE3, 0x00, 0x20, 0x95, 0xE5
	.byte 0x01, 0x0B, 0x82, 0xE2, 0xB4, 0x10, 0xD0, 0xE1, 0x04, 0x00, 0x82, 0xE2, 0x80, 0x10, 0x41, 0xE2
	.byte 0x04, 0x00, 0x51, 0xE3, 0xD1, 0x6F, 0x82, 0xE2, 0x01, 0x7B, 0x80, 0xE2, 0x7D, 0x00, 0x00, 0x8A
	.byte 0x81, 0x00, 0x8F, 0xE0, 0xB4, 0x00, 0xD0, 0xE1, 0x00, 0xF0, 0x8F, 0xE0, 0x08, 0x00, 0x40, 0x00
	.byte 0xF0, 0x00, 0x18, 0x01, 0x80, 0x01, 0x7E, 0x01, 0xB4, 0x41, 0xC7, 0xE1, 0x13, 0x00, 0xA0, 0xE3
	.byte 0x6E, 0xF3, 0xFF, 0xEB, 0xBE, 0x00, 0xC7, 0xE1, 0x35, 0x00, 0xA0, 0xE3, 0x6B, 0xF3, 0xFF, 0xEB
	.byte 0xB0, 0x01, 0xC7, 0xE1, 0x18, 0x10, 0x97, 0xE5, 0xB2, 0x01, 0xD1, 0xE1, 0xB4, 0x11, 0xD1, 0xE1
	.byte 0xC9, 0xEE, 0xFF, 0xEB, 0x04, 0x00, 0xA0, 0xE3, 0xBC, 0x00, 0xC6, 0xE1, 0xB6, 0x41, 0xC7, 0xE1
	.byte 0x04, 0x40, 0x87, 0xE5, 0x08, 0x40, 0x87, 0xE5, 0x18, 0x10, 0x97, 0xE5, 0xB4, 0x01, 0xD7, 0xE1
	.byte 0x18, 0x10, 0x81, 0xE2, 0x00, 0x00, 0x81, 0xE0, 0x30, 0xF5, 0xFF, 0xEB, 0x00, 0x50, 0xB0, 0xE1
	.byte 0x02, 0x00, 0x00, 0x0A, 0xB4, 0x01, 0xD7, 0xE1, 0x10, 0x00, 0x50, 0xE3, 0x02, 0x00, 0x00, 0x3A
	.byte 0x84, 0x00, 0xA0, 0xE3, 0xB0, 0x00, 0xC7, 0xE1, 0x5A, 0x00, 0x00, 0xEA, 0x04, 0x00, 0xA0, 0xE1
	.byte 0xD0, 0x1C, 0x00, 0xEB, 0x00, 0x00, 0x50, 0xE3, 0x0E, 0x00, 0xA0, 0x13, 0xB6, 0x01, 0xC7, 0x11
	.byte 0x84, 0x00, 0xA0, 0x13, 0xB0, 0x00, 0xC7, 0x11, 0x52, 0x00, 0x00, 0x1A, 0xB0, 0x00, 0xD7, 0xE1
	.byte 0x04, 0x10, 0xA0, 0xE1, 0x80, 0x00, 0x50, 0xE3, 0x05, 0x08, 0xA0, 0xE1, 0x20, 0x08, 0xA0, 0xE1
	.byte 0x07, 0x00, 0x00, 0x1A, 0x22, 0xF0, 0xFF, 0xEB, 0xC2, 0x25, 0x20, 0xEB, 0x48, 0x11, 0x9F, 0xE5
	.byte 0x02, 0x09, 0xA0, 0xE3, 0xB0, 0x10, 0xD1, 0xE1, 0xBC, 0x10, 0xC7, 0xE1, 0x0E, 0xF1, 0xFF, 0xEB
	.byte 0x00, 0x00, 0x00, 0xEA, 0x1A, 0xF0, 0xFF, 0xEB, 0x82, 0x00, 0xA0, 0xE3, 0xB0, 0x00, 0xC7, 0xE1
	.byte 0x18, 0x00, 0x97, 0xE5, 0x24, 0x11, 0x9F, 0xE5, 0xB6, 0x01, 0xD0, 0xE1, 0x79, 0xF4, 0xFF, 0xEB
	.byte 0x04, 0x10, 0x97, 0xE5, 0x18, 0x01, 0x9F, 0xE5, 0x01, 0x10, 0x81, 0xE2, 0x04, 0x10, 0x87, 0xE5
	.byte 0xB0, 0x00, 0xD0, 0xE1, 0x01, 0x00, 0x10, 0xE3, 0x08, 0x00, 0x97, 0x15, 0x64, 0x00, 0x80, 0x12
	.byte 0x08, 0x00, 0x87, 0x15, 0x33, 0x00, 0x00, 0xEA, 0x18, 0x10, 0x97, 0xE5, 0xB4, 0x01, 0xD7, 0xE1
	.byte 0x18, 0x10, 0x81, 0xE2, 0x00, 0x00, 0x81, 0xE0, 0xFC, 0xF4, 0xFF, 0xEB, 0x04, 0x10, 0x97, 0xE5
	.byte 0x00, 0x40, 0xA0, 0xE1, 0x00, 0x00, 0x51, 0xE3, 0x08, 0x00, 0x97, 0x15, 0x00, 0x20, 0xA0, 0xE3
	.byte 0x00, 0x00, 0x50, 0x13, 0x03, 0x00, 0x00, 0x0A, 0x71, 0x30, 0x20, 0xEB, 0x01, 0x20, 0x80, 0xE2
	.byte 0x64, 0x00, 0x52, 0xE3, 0x64, 0x20, 0xA0, 0x83, 0x1C, 0x10, 0x97, 0xE5, 0xB4, 0x01, 0xD7, 0xE1
	.byte 0x02, 0x24, 0x84, 0xE1, 0x80, 0x00, 0x81, 0xE0, 0xB8, 0x20, 0xC0, 0xE1, 0xB4, 0x11, 0xD7, 0xE1
	.byte 0x81, 0x00, 0xA0, 0xE3, 0x01, 0x10, 0x81, 0xE2, 0xB4, 0x11, 0xC7, 0xE1, 0xBC, 0xFF, 0xFF, 0xEA
	.byte 0x61, 0x26, 0x20, 0xEB, 0x00, 0x10, 0x95, 0xE5, 0x13, 0x00, 0xA0, 0xE3, 0x03, 0x1C, 0x81, 0xE2
	.byte 0xBE, 0x12, 0xD1, 0xE1, 0xBC, 0x10, 0xC6, 0xE1, 0xBE, 0x10, 0xD7, 0xE1, 0x14, 0xF3, 0xFF, 0xEB
	.byte 0xB0, 0x11, 0xD7, 0xE1, 0x35, 0x00, 0xA0, 0xE3, 0x11, 0xF3, 0xFF, 0xEB, 0xBC, 0x00, 0xD7, 0xE1
	.byte 0xD5, 0xF0, 0xFF, 0xEB, 0xB6, 0x11, 0xD7, 0xE1, 0x1C, 0x00, 0x97, 0xE5, 0xB4, 0x10, 0xC0, 0xE1
	.byte 0xB0, 0x40, 0xC7, 0xE1, 0xB4, 0x11, 0xD7, 0xE1, 0x03, 0x00, 0x00, 0xEA, 0x1C, 0x00, 0x97, 0xE5
	.byte 0x81, 0x00, 0x80, 0xE0, 0xB8, 0x40, 0xC0, 0xE1, 0x01, 0x10, 0x81, 0xE2, 0x10, 0x00, 0x51, 0xE3
	.byte 0xF9, 0xFF, 0xFF, 0x3A, 0x1E, 0x00, 0x00, 0xEB, 0xB0, 0x00, 0xD7, 0xE1, 0x00, 0x00, 0x50, 0xE3
	.byte 0x02, 0x00, 0x00, 0x0A, 0x02, 0x00, 0xA0, 0xE3, 0x05, 0x10, 0xA0, 0xE3, 0x65, 0x23, 0x20, 0xEB
	.byte 0xF8, 0x40, 0xBD, 0xE8, 0x1E, 0xFF, 0x2F, 0xE1, 0xF4, 0xFF, 0x80, 0x03, 0x40, 0x80, 0x80, 0x04
	.byte 0xE8, 0xF9, 0xFE, 0x02, 0x9C, 0x81, 0x80, 0x04, 0x1C, 0x00, 0x9F, 0xE5, 0x1C, 0xC0, 0x9F, 0xE5
	.byte 0x00, 0x10, 0x90, 0xE5, 0x83, 0x30, 0xA0, 0xE3, 0x01, 0x2B, 0x81, 0xE2, 0x02, 0x00, 0xA0, 0xE3
	.byte 0x05, 0x10, 0xA0, 0xE3, 0xB4, 0x30, 0xC2, 0xE1, 0x1C, 0xFF, 0x2F, 0xE1, 0xF4, 0xFF, 0x80, 0x03
	.byte 0x68, 0x87, 0x7F, 0x03, 0x10, 0x00, 0x9F, 0xE5, 0x10, 0xC0, 0x9F, 0xE5, 0x00, 0x00, 0x90, 0xE5
	.byte 0xC6, 0x00, 0x80, 0xE2, 0x03, 0x0C, 0x80, 0xE2, 0x1C, 0xFF, 0x2F, 0xE1, 0xF4, 0xFF, 0x80, 0x03
	.byte 0xDC, 0xFD, 0xFE, 0x02, 0x10, 0x40, 0x2D, 0xE9, 0x48, 0x00, 0x9F, 0xE5, 0x48, 0x10, 0x9F, 0xE5
	.byte 0x00, 0x30, 0x90, 0xE5, 0x24, 0x00, 0x83, 0xE2, 0x01, 0x2B, 0x80, 0xE2, 0xB4, 0x00, 0xD2, 0xE1
	.byte 0x5F, 0x4F, 0x83, 0xE2, 0x01, 0x00, 0x00, 0xE0, 0xB4, 0x00, 0xC2, 0xE1, 0x24, 0x14, 0x93, 0xE5
	.byte 0x84, 0x00, 0x84, 0xE2, 0x2A, 0x25, 0x20, 0xEB, 0xBC, 0x08, 0xD4, 0xE1, 0x00, 0x00, 0x50, 0xE3
	.byte 0x02, 0x00, 0x00, 0x0A, 0x02, 0x00, 0xA0, 0xE3, 0x0B, 0x10, 0xA0, 0xE3, 0x39, 0x23, 0x20, 0xEB
	.byte 0x10, 0x40, 0xBD, 0xE8, 0x1E, 0xFF, 0x2F, 0xE1, 0xF4, 0xFF, 0x80, 0x03, 0xFE, 0xFF, 0x00, 0x00
	.byte 0xF8, 0x40, 0x2D, 0xE9, 0x68, 0x50, 0x9F, 0xE5, 0x01, 0x60, 0xA0, 0xE1, 0x00, 0x10, 0x95, 0xE5
	.byte 0x00, 0x70, 0xA0, 0xE1, 0x62, 0x0F, 0x81, 0xE2, 0x18, 0x10, 0xA0, 0xE3, 0xE2, 0x23, 0x20, 0xEB
	.byte 0x00, 0x40, 0xB0, 0xE1, 0x03, 0x00, 0x00, 0x1A, 0x01, 0x00, 0xA0, 0xE3, 0x53, 0xF5, 0xFF, 0xEB
	.byte 0x00, 0x00, 0xA0, 0xE3, 0x0C, 0x00, 0x00, 0xEA, 0x84, 0x00, 0xA0, 0xE3, 0xBC, 0x00, 0xC4, 0xE1
	.byte 0x04, 0x00, 0xA0, 0xE3, 0xBE, 0x00, 0xC4, 0xE1, 0x07, 0x10, 0xA0, 0xE1, 0x10, 0x00, 0x84, 0xE2
	.byte 0x76, 0xF1, 0xFF, 0xEB, 0xB6, 0x61, 0xC4, 0xE1, 0x00, 0x00, 0x95, 0xE5, 0x04, 0x10, 0xA0, 0xE1
	.byte 0x62, 0x0F, 0x80, 0xE2, 0x06, 0x25, 0x20, 0xEB, 0x01, 0x00, 0xA0, 0xE3, 0xF8, 0x40, 0xBD, 0xE8
	.byte 0x1E, 0xFF, 0x2F, 0xE1, 0xF4, 0xFF, 0x80, 0x03, 0xF8, 0x40, 0x2D, 0xE9, 0x68, 0x50, 0x9F, 0xE5
	.byte 0x01, 0x60, 0xA0, 0xE1, 0x00, 0x10, 0x95, 0xE5, 0x00, 0x70, 0xA0, 0xE1, 0x62, 0x0F, 0x81, 0xE2
	.byte 0x18, 0x10, 0xA0, 0xE3, 0xC4, 0x23, 0x20, 0xEB, 0x00, 0x40, 0xB0, 0xE1, 0x03, 0x00, 0x00, 0x1A
	.byte 0x01, 0x00, 0xA0, 0xE3, 0x35, 0xF5, 0xFF, 0xEB, 0x00, 0x00, 0xA0, 0xE3, 0x0C, 0x00, 0x00, 0xEA
	.byte 0x85, 0x00, 0xA0, 0xE3, 0xBC, 0x00, 0xC4, 0xE1, 0x04, 0x00, 0xA0, 0xE3, 0xBE, 0x00, 0xC4, 0xE1
	.byte 0x07, 0x10, 0xA0, 0xE1, 0x10, 0x00, 0x84, 0xE2, 0x58, 0xF1, 0xFF, 0xEB, 0xB6, 0x61, 0xC4, 0xE1
	.byte 0x00, 0x00, 0x95, 0xE5, 0x04, 0x10, 0xA0, 0xE1, 0x62, 0x0F, 0x80, 0xE2, 0xE8, 0x24, 0x20, 0xEB
	.byte 0x01, 0x00, 0xA0, 0xE3, 0xF8, 0x40, 0xBD, 0xE8, 0x1E, 0xFF, 0x2F, 0xE1, 0xF4, 0xFF, 0x80, 0x03
	.byte 0xF0, 0x41, 0x2D, 0xE9, 0xE4, 0x30, 0x9F, 0xE5, 0x01, 0x50, 0xA0, 0xE1, 0x00, 0x10, 0x93, 0xE5
	.byte 0x00, 0x70, 0xA0, 0xE1, 0x62, 0x0F, 0x81, 0xE2, 0x3A, 0x10, 0xA0, 0xE3, 0x02, 0x60, 0xA0, 0xE1
	.byte 0x00, 0x80, 0xA0, 0xE3, 0xA4, 0x23, 0x20, 0xEB, 0x00, 0x40, 0xB0, 0xE1, 0x03, 0x00, 0x00, 0x1A
	.byte 0x01, 0x00, 0xA0, 0xE3, 0x15, 0xF5, 0xFF, 0xEB, 0x08, 0x00, 0xA0, 0xE1, 0x29, 0x00, 0x00, 0xEA
	.byte 0x86, 0x00, 0xA0, 0xE3, 0xBC, 0x00, 0xC4, 0xE1, 0x15, 0x20, 0xA0, 0xE3, 0x07, 0x10, 0xA0, 0xE1
	.byte 0x10, 0x00, 0x84, 0xE2, 0xBE, 0x20, 0xC4, 0xE1, 0x38, 0xF1, 0xFF, 0xEB, 0x90, 0x10, 0x9F, 0xE5
	.byte 0x01, 0x00, 0x86, 0xE2, 0x01, 0x10, 0x05, 0xE0, 0xB6, 0x11, 0xC4, 0xE1, 0x3F, 0xF4, 0xFF, 0xEB
	.byte 0x02, 0x70, 0x86, 0xE2, 0xB8, 0x01, 0xC4, 0xE1, 0x08, 0x50, 0xA0, 0xE1, 0x1A, 0x60, 0x84, 0xE2
	.byte 0x07, 0x00, 0x00, 0xEA, 0x20, 0x00, 0x55, 0xE3, 0x08, 0x00, 0x00, 0x2A, 0x05, 0x00, 0x87, 0xE0
	.byte 0x36, 0xF4, 0xFF, 0xEB, 0x00, 0x10, 0xA0, 0xE1, 0x05, 0x00, 0x86, 0xE0, 0x28, 0xF4, 0xFF, 0xEB
	.byte 0x01, 0x50, 0x85, 0xE2, 0xB8, 0x01, 0xD4, 0xE1, 0x00, 0x00, 0x55, 0xE1, 0xF4, 0xFF, 0xFF, 0x3A
	.byte 0x1A, 0x60, 0x84, 0xE2, 0x03, 0x00, 0x00, 0xEA, 0x08, 0x10, 0xA0, 0xE1, 0x05, 0x00, 0x86, 0xE0
	.byte 0x1F, 0xF4, 0xFF, 0xEB, 0x01, 0x50, 0x85, 0xE2, 0x20, 0x00, 0x55, 0xE3, 0xF9, 0xFF, 0xFF, 0x3A
	.byte 0x18, 0x00, 0x9F, 0xE5, 0x04, 0x10, 0xA0, 0xE1, 0x00, 0x00, 0x90, 0xE5, 0x62, 0x0F, 0x80, 0xE2
	.byte 0xAB, 0x24, 0x20, 0xEB, 0x01, 0x00, 0xA0, 0xE3, 0xF0, 0x41, 0xBD, 0xE8, 0x1E, 0xFF, 0x2F, 0xE1
	.byte 0xF4, 0xFF, 0x80, 0x03, 0xFF, 0x0F, 0x00, 0x00, 0xF0, 0x41, 0x2D, 0xE9, 0xDC, 0x30, 0x9F, 0xE5
	.byte 0x01, 0x50, 0xA0, 0xE1, 0x00, 0x10, 0x93, 0xE5, 0x00, 0x70, 0xA0, 0xE1, 0x62, 0x0F, 0x81, 0xE2
	.byte 0x3A, 0x10, 0xA0, 0xE3, 0x02, 0x60, 0xA0, 0xE1, 0x00, 0x80, 0xA0, 0xE3, 0x66, 0x23, 0x20, 0xEB
	.byte 0x00, 0x40, 0xB0, 0xE1, 0x03, 0x00, 0x00, 0x1A, 0x01, 0x00, 0xA0, 0xE3, 0xD7, 0xF4, 0xFF, 0xEB
	.byte 0x08, 0x00, 0xA0, 0xE1, 0x27, 0x00, 0x00, 0xEA, 0x87, 0x00, 0xA0, 0xE3, 0xBC, 0x00, 0xC4, 0xE1
	.byte 0x15, 0x00, 0xA0, 0xE3, 0xBE, 0x00, 0xC4, 0xE1, 0x07, 0x10, 0xA0, 0xE1, 0x10, 0x00, 0x84, 0xE2
	.byte 0xFA, 0xF0, 0xFF, 0xEB, 0xB6, 0x51, 0xC4, 0xE1, 0x01, 0x00, 0x86, 0xE2, 0x03, 0xF4, 0xFF, 0xEB
	.byte 0x02, 0x70, 0x86, 0xE2, 0xB8, 0x01, 0xC4, 0xE1, 0x08, 0x50, 0xA0, 0xE1, 0x1A, 0x60, 0x84, 0xE2
	.byte 0x07, 0x00, 0x00, 0xEA, 0x20, 0x00, 0x55, 0xE3, 0x08, 0x00, 0x00, 0x2A, 0x05, 0x00, 0x87, 0xE0
	.byte 0xFA, 0xF3, 0xFF, 0xEB, 0x00, 0x10, 0xA0, 0xE1, 0x05, 0x00, 0x86, 0xE0, 0xEC, 0xF3, 0xFF, 0xEB
	.byte 0x01, 0x50, 0x85, 0xE2, 0xB8, 0x01, 0xD4, 0xE1, 0x00, 0x00, 0x55, 0xE1, 0xF4, 0xFF, 0xFF, 0x3A
	.byte 0x1A, 0x60, 0x84, 0xE2, 0x03, 0x00, 0x00, 0xEA, 0x08, 0x10, 0xA0, 0xE1, 0x05, 0x00, 0x86, 0xE0
	.byte 0xE3, 0xF3, 0xFF, 0xEB, 0x01, 0x50, 0x85, 0xE2, 0x20, 0x00, 0x55, 0xE3, 0xF9, 0xFF, 0xFF, 0x3A
	.byte 0x18, 0x00, 0x9F, 0xE5, 0x04, 0x10, 0xA0, 0xE1, 0x00, 0x00, 0x90, 0xE5, 0x62, 0x0F, 0x80, 0xE2
	.byte 0x6F, 0x24, 0x20, 0xEB, 0x01, 0x00, 0xA0, 0xE3, 0xF0, 0x41, 0xBD, 0xE8, 0x1E, 0xFF, 0x2F, 0xE1
	.byte 0xF4, 0xFF, 0x80, 0x03, 0xF8, 0x40, 0x2D, 0xE9, 0x68, 0x50, 0x9F, 0xE5, 0x01, 0x60, 0xA0, 0xE1
	.byte 0x00, 0x10, 0x95, 0xE5, 0x00, 0x70, 0xA0, 0xE1, 0x62, 0x0F, 0x81, 0xE2, 0x18, 0x10, 0xA0, 0xE3
	.byte 0x2D, 0x23, 0x20, 0xEB, 0x00, 0x40, 0xB0, 0xE1, 0x03, 0x00, 0x00, 0x1A, 0x01, 0x00, 0xA0, 0xE3
	.byte 0x9E, 0xF4, 0xFF, 0xEB, 0x00, 0x00, 0xA0, 0xE3, 0x0C, 0x00, 0x00, 0xEA, 0x88, 0x00, 0xA0, 0xE3
	.byte 0xBC, 0x00, 0xC4, 0xE1, 0x04, 0x00, 0xA0, 0xE3, 0xBE, 0x00, 0xC4, 0xE1, 0x07, 0x10, 0xA0, 0xE1
	.byte 0x10, 0x00, 0x84, 0xE2, 0xC1, 0xF0, 0xFF, 0xEB, 0xB6, 0x61, 0xC4, 0xE1, 0x00, 0x00, 0x95, 0xE5
	.byte 0x04, 0x10, 0xA0, 0xE1, 0x62, 0x0F, 0x80, 0xE2, 0x51, 0x24, 0x20, 0xEB, 0x01, 0x00, 0xA0, 0xE3
	.byte 0xF8, 0x40, 0xBD, 0xE8, 0x1E, 0xFF, 0x2F, 0xE1, 0xF4, 0xFF, 0x80, 0x03, 0x70, 0x40, 0x2D, 0xE9
	.byte 0x60, 0x50, 0x9F, 0xE5, 0x00, 0x60, 0xA0, 0xE1, 0x00, 0x00, 0x95, 0xE5, 0x16, 0x10, 0xA0, 0xE3
	.byte 0x62, 0x0F, 0x80, 0xE2, 0x10, 0x23, 0x20, 0xEB, 0x00, 0x40, 0xB0, 0xE1, 0x03, 0x00, 0x00, 0x1A
	.byte 0x01, 0x00, 0xA0, 0xE3, 0x81, 0xF4, 0xFF, 0xEB, 0x00, 0x00, 0xA0, 0xE3, 0x0B, 0x00, 0x00, 0xEA
	.byte 0x8B, 0x00, 0xA0, 0xE3, 0xBC, 0x00, 0xC4, 0xE1, 0x03, 0x00, 0xA0, 0xE3, 0xBE, 0x00, 0xC4, 0xE1
	.byte 0x06, 0x10, 0xA0, 0xE1, 0x10, 0x00, 0x84, 0xE2, 0xA4, 0xF0, 0xFF, 0xEB, 0x00, 0x00, 0x95, 0xE5
	.byte 0x04, 0x10, 0xA0, 0xE1, 0x62, 0x0F, 0x80, 0xE2, 0x35, 0x24, 0x20, 0xEB, 0x01, 0x00, 0xA0, 0xE3
	.byte 0x70, 0x40, 0xBD, 0xE8, 0x1E, 0xFF, 0x2F, 0xE1, 0xF4, 0xFF, 0x80, 0x03, 0x10, 0x40, 0x2D, 0xE9
	.byte 0x4C, 0x40, 0x9F, 0xE5, 0x10, 0x10, 0xA0, 0xE3, 0x00, 0x00, 0x94, 0xE5, 0x62, 0x0F, 0x80, 0xE2
	.byte 0xF5, 0x22, 0x20, 0xEB, 0x00, 0x10, 0xB0, 0xE1, 0x03, 0x00, 0x00, 0x1A, 0x01, 0x00, 0xA0, 0xE3
	.byte 0x66, 0xF4, 0xFF, 0xEB, 0x00, 0x00, 0xA0, 0xE3, 0x07, 0x00, 0x00, 0xEA, 0x8C, 0x00, 0xA0, 0xE3
	.byte 0xBC, 0x00, 0xC1, 0xE1, 0x00, 0x00, 0xA0, 0xE3, 0xBE, 0x00, 0xC1, 0xE1, 0x00, 0x00, 0x94, 0xE5
	.byte 0x62, 0x0F, 0x80, 0xE2, 0x1E, 0x24, 0x20, 0xEB, 0x01, 0x00, 0xA0, 0xE3, 0x10, 0x40, 0xBD, 0xE8
	.byte 0x1E, 0xFF, 0x2F, 0xE1, 0xF4, 0xFF, 0x80, 0x03, 0xF8, 0x40, 0x2D, 0xE9, 0x0C, 0x11, 0x9F, 0xE5
	.byte 0x00, 0x60, 0xA0, 0xE1, 0x00, 0x20, 0x91, 0xE5, 0x03, 0x0C, 0x82, 0xE2, 0xB4, 0x1E, 0xD0, 0xE1
	.byte 0x62, 0x0F, 0x82, 0xE2, 0x3E, 0x10, 0x81, 0xE2, 0xD1, 0x4F, 0x82, 0xE2, 0xDA, 0x22, 0x20, 0xEB
	.byte 0x00, 0x50, 0xB0, 0xE1, 0x03, 0x00, 0x00, 0x1A, 0x01, 0x00, 0xA0, 0xE3, 0x4B, 0xF4, 0xFF, 0xEB
	.byte 0x00, 0x00, 0xA0, 0xE3, 0x33, 0x00, 0x00, 0xEA, 0x8D, 0x00, 0xA0, 0xE3, 0xBC, 0x00, 0xC5, 0xE1
	.byte 0xB0, 0x1A, 0xD4, 0xE1, 0x1F, 0x00, 0x85, 0xE2, 0x01, 0x10, 0x81, 0xE2, 0xA1, 0x1F, 0x81, 0xE0
	.byte 0xC1, 0x10, 0xA0, 0xE1, 0x16, 0x10, 0x81, 0xE2, 0xBE, 0x10, 0xC5, 0xE1, 0xB2, 0x11, 0xD6, 0xE1
	.byte 0xFF, 0x10, 0x01, 0xE2, 0x6A, 0xF3, 0xFF, 0xEB, 0xBE, 0x10, 0xD6, 0xE1, 0x1E, 0x00, 0x85, 0xE2
	.byte 0xFF, 0x10, 0x01, 0xE2, 0x66, 0xF3, 0xFF, 0xEB, 0x2E, 0x00, 0x85, 0xE2, 0x1E, 0x10, 0x86, 0xE2
	.byte 0x62, 0xF0, 0xFF, 0xEB, 0xB0, 0x2A, 0xD4, 0xE1, 0xB6, 0x21, 0xC5, 0xE1, 0x00, 0x00, 0x52, 0xE3
	.byte 0x16, 0x00, 0x00, 0x0A, 0xB2, 0x0A, 0xD4, 0xE1, 0x01, 0x00, 0x10, 0xE3, 0x9C, 0x00, 0x94, 0xE5
	.byte 0x0F, 0x00, 0x00, 0x0A, 0x3C, 0x70, 0x85, 0xE2, 0x01, 0x60, 0x80, 0xE2, 0x00, 0x40, 0xA0, 0xE3
	.byte 0x07, 0x00, 0x00, 0xEA, 0x06, 0x00, 0xA0, 0xE1, 0x60, 0xF3, 0xFF, 0xEB, 0x00, 0x10, 0xA0, 0xE1
	.byte 0x07, 0x00, 0xA0, 0xE1, 0x52, 0xF3, 0xFF, 0xEB, 0x01, 0x60, 0x86, 0xE2, 0x01, 0x70, 0x87, 0xE2
	.byte 0x01, 0x40, 0x84, 0xE2, 0xB6, 0x01, 0xD5, 0xE1, 0x00, 0x00, 0x54, 0xE1, 0xF4, 0xFF, 0xFF, 0x3A
	.byte 0x02, 0x00, 0x00, 0xEA, 0x3C, 0x10, 0x85, 0xE2, 0x01, 0x20, 0x82, 0xE2, 0x66, 0x3D, 0x20, 0xEB
	.byte 0x18, 0x00, 0x9F, 0xE5, 0x05, 0x10, 0xA0, 0xE1, 0x00, 0x00, 0x90, 0xE5, 0x62, 0x0F, 0x80, 0xE2
	.byte 0xD7, 0x23, 0x20, 0xEB, 0x01, 0x00, 0xA0, 0xE3, 0xF8, 0x40, 0xBD, 0xE8, 0x1E, 0xFF, 0x2F, 0xE1
	.byte 0xF4, 0xFF, 0x80, 0x03

	arm_func_start FUN_02FEFFC4
FUN_02FEFFC4: ; 0x02FEFFC4
	ldr r1, _02FEFFE4 ; =0x0380FFF4
	ldr ip, _02FEFFE8 ; =FUN_037FF524
	ldr r1, [r1]
	mov r0, #0
	add r1, r1, #4
	mov r2, #0x20
	add r1, r1, #0x400
	bx ip
	.balign 4, 0
_02FEFFE4: .word 0x0380FFF4
_02FEFFE8: .word 0x037FF524
	arm_func_end FUN_02FEFFC4
_02FEFFEC:
	.byte 0x38, 0x40, 0x2D, 0xE9
	.byte 0xDC, 0x20, 0x9F, 0xE5, 0x00, 0x50, 0xA0, 0xE1, 0x01, 0x00, 0xA0, 0xE3, 0xB2, 0x00, 0xC1, 0xE1
	.byte 0x00, 0x10, 0x92, 0xE5, 0x03, 0x1C, 0x81, 0xE2, 0xBC, 0x14, 0xD1, 0xE1, 0x10, 0x00, 0x51, 0xE3
	.byte 0x2D, 0x00, 0x00, 0x1A, 0x10, 0x00, 0x85, 0xE2, 0x7A, 0xEB, 0xFF, 0xEB, 0x00, 0x40, 0xA0, 0xE1
	.byte 0xB6, 0x01, 0xD5, 0xE1, 0x8E, 0xEB, 0xFF, 0xEB, 0x00, 0x40, 0x84, 0xE1, 0xB8, 0x01, 0xD5, 0xE1
	.byte 0x97, 0xEB, 0xFF, 0xEB, 0x00, 0x40, 0x84, 0xE1, 0xBC, 0x01, 0xD5, 0xE1, 0xA4, 0xEB, 0xFF, 0xEB
	.byte 0x00, 0x40, 0x84, 0xE1, 0xBE, 0x01, 0xD5, 0xE1, 0xC0, 0xEB, 0xFF, 0xEB, 0x00, 0x40, 0x84, 0xE1
	.byte 0xB0, 0x02, 0xD5, 0xE1, 0xCA, 0xEB, 0xFF, 0xEB, 0x00, 0x40, 0x84, 0xE1, 0xB2, 0x02, 0xD5, 0xE1
	.byte 0xF4, 0xEB, 0xFF, 0xEB, 0x00, 0x40, 0x84, 0xE1, 0x24, 0x00, 0x85, 0xE2, 0xFA, 0xEB, 0xFF, 0xEB
	.byte 0x00, 0x40, 0x84, 0xE1, 0xB4, 0x07, 0xD5, 0xE1, 0x0E, 0xEC, 0xFF, 0xEB, 0x00, 0x40, 0x84, 0xE1
	.byte 0xB6, 0x07, 0xD5, 0xE1, 0x19, 0xEC, 0xFF, 0xEB, 0x00, 0x40, 0x84, 0xE1, 0xB8, 0x07, 0xD5, 0xE1
	.byte 0x24, 0xEC, 0xFF, 0xEB, 0x00, 0x40, 0x84, 0xE1, 0xBA, 0x07, 0xD5, 0xE1, 0x00, 0x10, 0xA0, 0xE3
	.byte 0x2E, 0xEC, 0xFF, 0xEB, 0x00, 0x40, 0x84, 0xE1, 0x7C, 0x00, 0x85, 0xE2, 0x59, 0xEC, 0xFF, 0xEB
	.byte 0x00, 0x40, 0x84, 0xE1, 0xBC, 0x09, 0xD5, 0xE1, 0x62, 0xEC, 0xFF, 0xEB, 0x00, 0x40, 0x84, 0xE1
	.byte 0xBE, 0x09, 0xD5, 0xE1, 0x8F, 0xEC, 0xFF, 0xEB, 0x00, 0x00, 0x84, 0xE1, 0x38, 0x40, 0xBD, 0xE8
	.byte 0x1E, 0xFF, 0x2F, 0xE1, 0xF4, 0xFF, 0x80, 0x03, 0x08, 0x40, 0x2D, 0xE9, 0x30, 0x20, 0x9F, 0xE5
	.byte 0x01, 0x30, 0xA0, 0xE3, 0xB2, 0x30, 0xC1, 0xE1, 0x00, 0x10, 0x92, 0xE5, 0x03, 0x1C, 0x81, 0xE2
	.byte 0xBC, 0x14, 0xD1, 0xE1, 0x10, 0x00, 0x51, 0xE3, 0x02, 0x00, 0x00, 0x1A, 0x10, 0x00, 0x80, 0xE2
	.byte 0x40, 0xEB, 0xFF, 0xEB, 0x00, 0x30, 0xA0, 0xE1, 0x03, 0x00, 0xA0, 0xE1, 0x08, 0x40, 0xBD, 0xE8
	.byte 0x1E, 0xFF, 0x2F, 0xE1, 0xF4, 0xFF, 0x80, 0x03, 0x01, 0x20, 0xA0, 0xE3, 0xB2, 0x20, 0xC1, 0xE1
	.byte 0xB0, 0x01, 0xD0, 0xE1, 0x00, 0xC0, 0x9F, 0xE5, 0x1C, 0xFF, 0x2F, 0xE1, 0x64, 0xAE, 0xFE, 0x02
	.byte 0x08, 0x40, 0x2D, 0xE9, 0x30, 0x20, 0x9F, 0xE5, 0x01, 0x30, 0xA0, 0xE3, 0xB2, 0x30, 0xC1, 0xE1
	.byte 0x00, 0x10, 0x92, 0xE5, 0x03, 0x1C, 0x81, 0xE2, 0xBC, 0x14, 0xD1, 0xE1, 0x10, 0x00, 0x51, 0xE3
	.byte 0x02, 0x00, 0x00, 0x1A, 0xB0, 0x01, 0xD0, 0xE1, 0x4D, 0xEB, 0xFF, 0xEB, 0x00, 0x30, 0xA0, 0xE1
	.byte 0x03, 0x00, 0xA0, 0xE1, 0x08, 0x40, 0xBD, 0xE8, 0x1E, 0xFF, 0x2F, 0xE1, 0xF4, 0xFF, 0x80, 0x03
	.byte 0x08, 0x40, 0x2D, 0xE9, 0x40, 0x20, 0x9F, 0xE5, 0x01, 0x30, 0xA0, 0xE3, 0xB2, 0x30, 0xC1, 0xE1
	.byte 0x00, 0x10, 0x92, 0xE5, 0x03, 0x1C, 0x81, 0xE2, 0xBC, 0x24, 0xD1, 0xE1, 0x20, 0x00, 0x52, 0xE3
	.byte 0x03, 0x00, 0xA0, 0x81, 0x06, 0x00, 0x00, 0x8A, 0x03, 0x00, 0x00, 0x1A, 0xB6, 0x15, 0xD1, 0xE1
	.byte 0x00, 0x00, 0x51, 0xE3, 0x03, 0x00, 0xA0, 0x11, 0x01, 0x00, 0x00, 0x1A, 0xB0, 0x01, 0xD0, 0xE1
	.byte 0x47, 0xEB, 0xFF, 0xEB, 0x08, 0x40, 0xBD, 0xE8, 0x1E, 0xFF, 0x2F, 0xE1, 0xF4, 0xFF, 0x80, 0x03
	.byte 0x01, 0x20, 0xA0, 0xE3, 0xB2, 0x20, 0xC1, 0xE1, 0xB0, 0x01, 0xD0, 0xE1, 0x00, 0xC0, 0x9F, 0xE5
	.byte 0x1C, 0xFF, 0x2F, 0xE1, 0x50, 0xAF, 0xFE, 0x02, 0x01, 0x20, 0xA0, 0xE3, 0xB2, 0x20, 0xC1, 0xE1
	.byte 0xB0, 0x01, 0xD0, 0xE1, 0x00, 0xC0, 0x9F, 0xE5, 0x1C, 0xFF, 0x2F, 0xE1, 0x84, 0xAF, 0xFE, 0x02
	.byte 0x01, 0x20, 0xA0, 0xE3, 0xB2, 0x20, 0xC1, 0xE1, 0xB0, 0x01, 0xD0, 0xE1, 0x00, 0xC0, 0x9F, 0xE5
	.byte 0x1C, 0xFF, 0x2F, 0xE1, 0x38, 0xB0, 0xFE, 0x02, 0x0C, 0xC0, 0x9F, 0xE5, 0x01, 0x20, 0xA0, 0xE3
	.byte 0x10, 0x00, 0x80, 0xE2, 0xB2, 0x20, 0xC1, 0xE1, 0x1C, 0xFF, 0x2F, 0xE1, 0x5C, 0xB0, 0xFE, 0x02
	.byte 0x08, 0x40, 0x2D, 0xE9, 0x30, 0x20, 0x9F, 0xE5, 0x01, 0x30, 0xA0, 0xE3, 0xB2, 0x30, 0xC1, 0xE1
	.byte 0x00, 0x10, 0x92, 0xE5, 0x03, 0x1C, 0x81, 0xE2, 0xBC, 0x14, 0xD1, 0xE1, 0x20, 0x00, 0x51, 0xE3
	.byte 0x02, 0x00, 0x00, 0x8A, 0xB0, 0x01, 0xD0, 0xE1, 0x9A, 0xEB, 0xFF, 0xEB, 0x00, 0x30, 0xA0, 0xE1
	.byte 0x03, 0x00, 0xA0, 0xE1, 0x08, 0x40, 0xBD, 0xE8, 0x1E, 0xFF, 0x2F, 0xE1, 0xF4, 0xFF, 0x80, 0x03
	.byte 0x01, 0x20, 0xA0, 0xE3, 0xB2, 0x20, 0xC1, 0xE1, 0xB0, 0x01, 0xD0, 0xE1, 0x00, 0xC0, 0x9F, 0xE5
	.byte 0x1C, 0xFF, 0x2F, 0xE1, 0xF0, 0xB0, 0xFE, 0x02, 0x01, 0x20, 0xA0, 0xE3, 0xB2, 0x20, 0xC1, 0xE1
	.byte 0xB0, 0x01, 0xD0, 0xE1, 0x00, 0xC0, 0x9F, 0xE5, 0x1C, 0xFF, 0x2F, 0xE1, 0x28, 0xB1, 0xFE, 0x02
	.byte 0x01, 0x20, 0xA0, 0xE3, 0xB2, 0x20, 0xC1, 0xE1, 0xB0, 0x01, 0xD0, 0xE1, 0x04, 0xC0, 0x9F, 0xE5
	.byte 0x00, 0x10, 0xA0, 0xE3, 0x1C, 0xFF, 0x2F, 0xE1, 0x60, 0xB1, 0xFE, 0x02, 0x0C, 0xC0, 0x9F, 0xE5
	.byte 0x01, 0x20, 0xA0, 0xE3, 0x10, 0x00, 0x80, 0xE2, 0xB2, 0x20, 0xC1, 0xE1, 0x1C, 0xFF, 0x2F, 0xE1
	.byte 0x18, 0xB2, 0xFE, 0x02, 0x01, 0x20, 0xA0, 0xE3, 0xB2, 0x20, 0xC1, 0xE1, 0xB0, 0x01, 0xD0, 0xE1
	.byte 0x00, 0xC0, 0x9F, 0xE5, 0x1C, 0xFF, 0x2F, 0xE1, 0x48, 0xB2, 0xFE, 0x02, 0x01, 0x20, 0xA0, 0xE3
	.byte 0xB2, 0x20, 0xC1, 0xE1, 0xB0, 0x01, 0xD0, 0xE1, 0x00, 0xC0, 0x9F, 0xE5, 0x1C, 0xFF, 0x2F, 0xE1
	.byte 0x08, 0xB3, 0xFE, 0x02, 0x38, 0x40, 0x2D, 0xE9, 0x01, 0x20, 0xA0, 0xE3, 0xB2, 0x20, 0xC1, 0xE1
	.byte 0x00, 0x50, 0xA0, 0xE1, 0xB4, 0x01, 0xD5, 0xE1, 0x3F, 0x00, 0x50, 0xE3, 0x05, 0x00, 0xA0, 0x83
	.byte 0x08, 0x00, 0x00, 0x8A, 0xB0, 0x01, 0xD5, 0xE1, 0xB2, 0x11, 0xD5, 0xE1, 0x02, 0xEC, 0xFF, 0xEB
	.byte 0x00, 0x40, 0xB0, 0xE1, 0x02, 0x00, 0x00, 0x1A, 0xB4, 0x11, 0xD5, 0xE1, 0x2E, 0x00, 0xA0, 0xE3
	.byte 0xA3, 0xF0, 0xFF, 0xEB, 0x04, 0x00, 0xA0, 0xE1, 0x38, 0x40, 0xBD, 0xE8, 0x1E, 0xFF, 0x2F, 0xE1
	.byte 0x10, 0x40, 0x2D, 0xE9, 0xF4, 0xC0, 0x9F, 0xE5, 0x01, 0x30, 0xA0, 0xE3, 0x00, 0x20, 0x9C, 0xE5
	.byte 0x1C, 0x23, 0x92, 0xE5, 0xB2, 0x30, 0xC1, 0xE1, 0x00, 0x10, 0x9C, 0xE5, 0xB0, 0x41, 0xD0, 0xE1
	.byte 0x03, 0x1C, 0x81, 0xE2, 0xB2, 0x12, 0xD1, 0xE1, 0x01, 0x00, 0x54, 0xE1, 0x03, 0x00, 0x00, 0x3A
	.byte 0x01, 0x18, 0x63, 0xE2, 0x01, 0x00, 0x54, 0xE1, 0x05, 0x00, 0xA0, 0x13, 0x2D, 0x00, 0x00, 0x1A
	.byte 0xB4, 0x31, 0xD0, 0xE1, 0x3F, 0x00, 0x53, 0xE3, 0x03, 0x00, 0x00, 0x9A, 0xB0, 0x10, 0x9F, 0xE5
	.byte 0x01, 0x00, 0x53, 0xE1, 0x05, 0x00, 0xA0, 0x13, 0x26, 0x00, 0x00, 0x1A, 0xA0, 0x10, 0x9F, 0xE5
	.byte 0x01, 0x00, 0x54, 0xE1, 0x11, 0x00, 0x00, 0x1A, 0x90, 0xC0, 0x9F, 0xE5, 0x01, 0x40, 0xA0, 0xE3
	.byte 0x1C, 0x30, 0xA0, 0xE3, 0x07, 0x00, 0x00, 0xEA, 0x94, 0x23, 0x2E, 0xE0, 0xB2, 0x11, 0xD0, 0xE1
	.byte 0x01, 0x40, 0x84, 0xE2, 0xBA, 0x11, 0xCE, 0xE1, 0xB8, 0x11, 0xDE, 0xE1, 0x00, 0x00, 0x51, 0xE3
	.byte 0xB2, 0x11, 0xD0, 0x11, 0xB8, 0x11, 0xCE, 0x11, 0x00, 0x10, 0x9C, 0xE5, 0x03, 0x1C, 0x81, 0xE2
	.byte 0xB2, 0x12, 0xD1, 0xE1, 0x01, 0x00, 0x54, 0xE1, 0xF2, 0xFF, 0xFF, 0x3A, 0x0C, 0x00, 0x00, 0xEA
	.byte 0x00, 0x00, 0x54, 0xE3, 0x0A, 0x00, 0x00, 0x0A, 0x1C, 0x10, 0xA0, 0xE3, 0x94, 0x21, 0x23, 0xE0
	.byte 0xB2, 0xE1, 0xD0, 0xE1, 0x18, 0xC0, 0x82, 0xE2, 0xBA, 0xE1, 0xC3, 0xE1, 0xB0, 0x21, 0xD0, 0xE1
	.byte 0x92, 0x01, 0x03, 0xE0, 0xB3, 0x10, 0x9C, 0xE1, 0x00, 0x00, 0x51, 0xE3, 0xB2, 0x11, 0xD0, 0x11
	.byte 0xB3, 0x10, 0x8C, 0x11, 0xB4, 0x01, 0xD0, 0xE1, 0x00, 0x00, 0x50, 0xE3, 0x00, 0x00, 0x00, 0x0A
	.byte 0x77, 0xEE, 0xFF, 0xEB, 0x00, 0x00, 0xA0, 0xE3, 0x10, 0x40, 0xBD, 0xE8, 0x1E, 0xFF, 0x2F, 0xE1
	.byte 0xF4, 0xFF, 0x80, 0x03, 0xFF, 0xFF, 0x00, 0x00, 0x4C, 0x20, 0x9F, 0xE5, 0x01, 0x30, 0xA0, 0xE3
	.byte 0xB2, 0x30, 0xC1, 0xE1, 0x00, 0x10, 0x92, 0xE5, 0x03, 0x1C, 0x81, 0xE2, 0xBC, 0x14, 0xD1, 0xE1
	.byte 0x20, 0x00, 0x51, 0xE3, 0x03, 0x00, 0xA0, 0x81, 0x1E, 0xFF, 0x2F, 0x81, 0xB0, 0x11, 0xD0, 0xE1
	.byte 0x01, 0x10, 0x81, 0xE2, 0xB0, 0x11, 0xC0, 0xE1, 0x00, 0x10, 0x92, 0xE5, 0xB0, 0x21, 0xD0, 0xE1
	.byte 0x03, 0x0C, 0x81, 0xE2, 0xB0, 0x12, 0xD0, 0xE1, 0x01, 0x00, 0x52, 0xE1, 0x05, 0x00, 0xA0, 0x83
	.byte 0xB2, 0x22, 0xC0, 0x91, 0x00, 0x00, 0xA0, 0x93, 0x1E, 0xFF, 0x2F, 0xE1, 0xF4, 0xFF, 0x80, 0x03
	.byte 0x08, 0x40, 0x2D, 0xE9, 0x30, 0x20, 0x9F, 0xE5, 0x01, 0x30, 0xA0, 0xE3, 0xB2, 0x30, 0xC1, 0xE1
	.byte 0x00, 0x10, 0x92, 0xE5, 0x03, 0x1C, 0x81, 0xE2, 0xBC, 0x14, 0xD1, 0xE1, 0x10, 0x00, 0x51, 0xE3
	.byte 0x02, 0x00, 0x00, 0x3A, 0xB0, 0x01, 0xD0, 0xE1, 0xA8, 0xEB, 0xFF, 0xEB, 0x00, 0x30, 0xA0, 0xE1
	.byte 0x03, 0x00, 0xA0, 0xE1, 0x08, 0x40, 0xBD, 0xE8, 0x1E, 0xFF, 0x2F, 0xE1, 0xF4, 0xFF, 0x80, 0x03
	.byte 0x08, 0x40, 0x2D, 0xE9, 0x30, 0x20, 0x9F, 0xE5, 0x00, 0x30, 0xA0, 0xE1, 0x01, 0x00, 0xA0, 0xE3
	.byte 0xB2, 0x00, 0xC1, 0xE1, 0x00, 0x10, 0x92, 0xE5, 0x03, 0x1C, 0x81, 0xE2, 0xBC, 0x14, 0xD1, 0xE1
	.byte 0x10, 0x00, 0x51, 0xE3, 0x02, 0x00, 0x00, 0x3A, 0xB0, 0x01, 0xD3, 0xE1, 0xB2, 0x11, 0xD3, 0xE1
	.byte 0xB0, 0xEB, 0xFF, 0xEB, 0x08, 0x40, 0xBD, 0xE8, 0x1E, 0xFF, 0x2F, 0xE1, 0xF4, 0xFF, 0x80, 0x03
	.byte 0x08, 0x40, 0x2D, 0xE9, 0x30, 0x20, 0x9F, 0xE5, 0x01, 0x30, 0xA0, 0xE3, 0xB2, 0x30, 0xC1, 0xE1
	.byte 0x00, 0x10, 0x92, 0xE5, 0x03, 0x1C, 0x81, 0xE2, 0xBC, 0x14, 0xD1, 0xE1, 0x10, 0x00, 0x51, 0xE3
	.byte 0x02, 0x00, 0x00, 0x3A, 0xB0, 0x01, 0xD0, 0xE1, 0xD5, 0xEB, 0xFF, 0xEB, 0x00, 0x30, 0xA0, 0xE1
	.byte 0x03, 0x00, 0xA0, 0xE1, 0x08, 0x40, 0xBD, 0xE8, 0x1E, 0xFF, 0x2F, 0xE1, 0xF4, 0xFF, 0x80, 0x03
	.byte 0x08, 0x40, 0x2D, 0xE9, 0x30, 0x20, 0x9F, 0xE5, 0x01, 0x30, 0xA0, 0xE3, 0xB2, 0x30, 0xC1, 0xE1
	.byte 0x00, 0x10, 0x92, 0xE5, 0x03, 0x1C, 0x81, 0xE2, 0xBC, 0x14, 0xD1, 0xE1, 0x10, 0x00, 0x51, 0xE3
	.byte 0x02, 0x00, 0x00, 0x3A, 0xB0, 0x01, 0xD0, 0xE1, 0xD5, 0xEB, 0xFF, 0xEB, 0x00, 0x30, 0xA0, 0xE1
	.byte 0x03, 0x00, 0xA0, 0xE1, 0x08, 0x40, 0xBD, 0xE8, 0x1E, 0xFF, 0x2F, 0xE1, 0xF4, 0xFF, 0x80, 0x03
	.byte 0x08, 0x40, 0x2D, 0xE9, 0x30, 0x20, 0x9F, 0xE5, 0x01, 0x30, 0xA0, 0xE3, 0xB2, 0x30, 0xC1, 0xE1
	.byte 0x00, 0x10, 0x92, 0xE5, 0x03, 0x1C, 0x81, 0xE2, 0xBC, 0x14, 0xD1, 0xE1, 0x10, 0x00, 0x51, 0xE3
	.byte 0x02, 0x00, 0x00, 0x3A, 0xB0, 0x01, 0xD0, 0xE1, 0xD9, 0xEB, 0xFF, 0xEB, 0x00, 0x30, 0xA0, 0xE1
	.byte 0x03, 0x00, 0xA0, 0xE1, 0x08, 0x40, 0xBD, 0xE8, 0x1E, 0xFF, 0x2F, 0xE1, 0xF4, 0xFF, 0x80, 0x03
	.byte 0x0C, 0xC0, 0x9F, 0xE5, 0x01, 0x20, 0xA0, 0xE3, 0x10, 0x00, 0x80, 0xE2, 0xB2, 0x20, 0xC1, 0xE1
	.byte 0x1C, 0xFF, 0x2F, 0xE1, 0x74, 0xB5, 0xFE, 0x02, 0x01, 0x20, 0xA0, 0xE3, 0xB2, 0x20, 0xC1, 0xE1
	.byte 0x00, 0x10, 0xA0, 0xE1, 0xB0, 0x01, 0xD1, 0xE1, 0x04, 0xC0, 0x9F, 0xE5, 0x12, 0x10, 0x81, 0xE2
	.byte 0x1C, 0xFF, 0x2F, 0xE1, 0xDC, 0xB5, 0xFE, 0x02, 0x08, 0x40, 0x2D, 0xE9, 0x2C, 0x20, 0x9F, 0xE5
	.byte 0x01, 0x30, 0xA0, 0xE3, 0xB2, 0x30, 0xC1, 0xE1, 0x00, 0x10, 0x92, 0xE5, 0x03, 0x1C, 0x81, 0xE2
	.byte 0xBE, 0x12, 0xD1, 0xE1, 0x01, 0x00, 0x51, 0xE3, 0x0B, 0x00, 0xA0, 0x13, 0x01, 0x00, 0x00, 0x1A
	.byte 0xB0, 0x01, 0xD0, 0xE1, 0x28, 0xEC, 0xFF, 0xEB, 0x08, 0x40, 0xBD, 0xE8, 0x1E, 0xFF, 0x2F, 0xE1
	.byte 0xF4, 0xFF, 0x80, 0x03, 0x08, 0x40, 0x2D, 0xE9, 0x2C, 0x20, 0x9F, 0xE5, 0x01, 0x30, 0xA0, 0xE3
	.byte 0xB2, 0x30, 0xC1, 0xE1, 0x00, 0x10, 0x92, 0xE5, 0x03, 0x1C, 0x81, 0xE2, 0xBE, 0x12, 0xD1, 0xE1
	.byte 0x01, 0x00, 0x51, 0xE3, 0x0B, 0x00, 0xA0, 0x13, 0x01, 0x00, 0x00, 0x1A, 0xB0, 0x01, 0xD0, 0xE1
	.byte 0x2F, 0xEC, 0xFF, 0xEB, 0x08, 0x40, 0xBD, 0xE8, 0x1E, 0xFF, 0x2F, 0xE1, 0xF4, 0xFF, 0x80, 0x03
	.byte 0x08, 0x40, 0x2D, 0xE9, 0x30, 0x20, 0x9F, 0xE5, 0x01, 0x30, 0xA0, 0xE3, 0xB2, 0x30, 0xC1, 0xE1
	.byte 0x00, 0x10, 0x92, 0xE5, 0x03, 0x1C, 0x81, 0xE2, 0xBE, 0x12, 0xD1, 0xE1, 0x02, 0x00, 0x51, 0xE3
	.byte 0x03, 0x00, 0x51, 0x13, 0x0B, 0x00, 0xA0, 0x13, 0x01, 0x00, 0x00, 0x1A, 0xB0, 0x01, 0xD0, 0xE1
	.byte 0x30, 0xEC, 0xFF, 0xEB, 0x08, 0x40, 0xBD, 0xE8, 0x1E, 0xFF, 0x2F, 0xE1, 0xF4, 0xFF, 0x80, 0x03
	.byte 0x08, 0x40, 0x2D, 0xE9, 0x54, 0x20, 0x9F, 0xE5, 0x01, 0x30, 0xA0, 0xE3, 0xB2, 0x30, 0xC1, 0xE1
	.byte 0x00, 0x10, 0x92, 0xE5, 0x00, 0x30, 0xA0, 0xE1, 0x03, 0x0C, 0x81, 0xE2, 0xBE, 0x02, 0xD0, 0xE1
	.byte 0x01, 0x00, 0x50, 0xE3, 0x0B, 0x00, 0xA0, 0x13, 0x0A, 0x00, 0x00, 0x1A, 0xB0, 0x01, 0xD3, 0xE1
	.byte 0xBE, 0x20, 0xD3, 0xE1, 0x01, 0x10, 0x80, 0xE2, 0xA1, 0x1F, 0x81, 0xE0, 0xC1, 0x10, 0xA0, 0xE1
	.byte 0x01, 0x10, 0x81, 0xE2, 0x01, 0x00, 0x52, 0xE1, 0x04, 0x00, 0xA0, 0xB3, 0x01, 0x00, 0x00, 0xBA
	.byte 0x12, 0x10, 0x83, 0xE2, 0x04, 0xEE, 0xFF, 0xEB, 0x08, 0x40, 0xBD, 0xE8, 0x1E, 0xFF, 0x2F, 0xE1
	.byte 0xF4, 0xFF, 0x80, 0x03, 0x38, 0x40, 0x2D, 0xE9, 0x20, 0x41, 0x9F, 0xE5, 0x01, 0x50, 0xA0, 0xE1
	.byte 0x21, 0x00, 0xA0, 0xE3, 0xB2, 0x00, 0xC5, 0xE1, 0x00, 0x10, 0x94, 0xE5, 0x06, 0x00, 0x85, 0xE2
	.byte 0xC9, 0x1F, 0x81, 0xE2, 0x59, 0xEE, 0xFF, 0xEB, 0x00, 0x00, 0x94, 0xE5, 0x22, 0x10, 0x85, 0xE2
	.byte 0x03, 0x0C, 0x80, 0xE2, 0xBA, 0x02, 0xD0, 0xE1, 0x20, 0x20, 0xA0, 0xE3, 0xBC, 0x00, 0xC5, 0xE1
	.byte 0x00, 0x00, 0x94, 0xE5, 0x03, 0x0C, 0x80, 0xE2, 0xBC, 0x02, 0xD0, 0xE1, 0xBE, 0x00, 0xC5, 0xE1
	.byte 0x00, 0x00, 0x94, 0xE5, 0x03, 0x0C, 0x80, 0xE2, 0xBE, 0x0B, 0xD0, 0xE1, 0xB0, 0x01, 0xC5, 0xE1
	.byte 0x00, 0x00, 0x94, 0xE5, 0x03, 0x0C, 0x80, 0xE2, 0xBE, 0x02, 0xD0, 0xE1, 0xB2, 0x01, 0xC5, 0xE1
	.byte 0x00, 0x00, 0x94, 0xE5, 0x03, 0x0C, 0x80, 0xE2, 0xB0, 0x03, 0xD0, 0xE1, 0xB4, 0x01, 0xC5, 0xE1
	.byte 0x00, 0x00, 0x94, 0xE5, 0x03, 0x0C, 0x80, 0xE2, 0xB4, 0x03, 0xD0, 0xE1, 0xB6, 0x01, 0xC5, 0xE1
	.byte 0x00, 0x00, 0x94, 0xE5, 0x03, 0x0C, 0x80, 0xE2, 0xB6, 0x03, 0xD0, 0xE1, 0xB8, 0x01, 0xC5, 0xE1
	.byte 0x00, 0x00, 0x94, 0xE5, 0x03, 0x0C, 0x80, 0xE2, 0xBA, 0x03, 0xD0, 0xE1, 0x80, 0x0F, 0xA0, 0xE1
	.byte 0xA0, 0x0F, 0xA0, 0xE1, 0xBA, 0x01, 0xC5, 0xE1, 0x00, 0x00, 0x94, 0xE5, 0x03, 0x0C, 0x80, 0xE2
	.byte 0xBA, 0x03, 0xD0, 0xE1, 0x00, 0x0F, 0xA0, 0xE1, 0xA0, 0x0F, 0xA0, 0xE1, 0xBC, 0x01, 0xC5, 0xE1
	.byte 0x00, 0x00, 0x94, 0xE5, 0x03, 0x0C, 0x80, 0xE2, 0xB2, 0x0C, 0xD0, 0xE1, 0xBE, 0x01, 0xC5, 0xE1
	.byte 0x00, 0x00, 0x94, 0xE5, 0x03, 0x0C, 0x80, 0xE2, 0xBC, 0x03, 0xD0, 0xE1, 0xB0, 0x02, 0xC5, 0xE1
	.byte 0x00, 0x00, 0x94, 0xE5, 0xE1, 0x0F, 0x80, 0xE2, 0x43, 0x3B, 0x20, 0xEB, 0x00, 0x10, 0x94, 0xE5
	.byte 0x00, 0x00, 0xA0, 0xE3, 0x03, 0x1C, 0x81, 0xE2, 0xBA, 0x13, 0xD1, 0xE1, 0x81, 0x1E, 0xA0, 0xE1
	.byte 0xA1, 0x1F, 0xA0, 0xE1, 0xB2, 0x14, 0xC5, 0xE1, 0x00, 0x10, 0x94, 0xE5, 0x03, 0x1C, 0x81, 0xE2
	.byte 0xB2, 0x13, 0xD1, 0xE1, 0xB4, 0x14, 0xC5, 0xE1, 0x38, 0x40, 0xBD, 0xE8, 0x1E, 0xFF, 0x2F, 0xE1
	.byte 0xF4, 0xFF, 0x80, 0x03, 0x08, 0x40, 0x2D, 0xE9, 0x20, 0x00, 0x9F, 0xE5, 0x04, 0x20, 0xA0, 0xE3
	.byte 0xB2, 0x20, 0xC1, 0xE1, 0x00, 0x20, 0x90, 0xE5, 0x06, 0x00, 0x81, 0xE2, 0xC9, 0x1F, 0x82, 0xE2
	.byte 0x0E, 0xEE, 0xFF, 0xEB, 0x00, 0x00, 0xA0, 0xE3, 0x08, 0x40, 0xBD, 0xE8, 0x1E, 0xFF, 0x2F, 0xE1
	.byte 0xF4, 0xFF, 0x80, 0x03, 0x1C, 0x00, 0x9F, 0xE5, 0x02, 0x20, 0xA0, 0xE3, 0xB2, 0x20, 0xC1, 0xE1
	.byte 0x00, 0x20, 0x90, 0xE5, 0x00, 0x00, 0xA0, 0xE3, 0x03, 0x2C, 0x82, 0xE2, 0xBA, 0x22, 0xD2, 0xE1
	.byte 0xB6, 0x20, 0xC1, 0xE1, 0x1E, 0xFF, 0x2F, 0xE1, 0xF4, 0xFF, 0x80, 0x03, 0x2C, 0x30, 0x9F, 0xE5
	.byte 0x03, 0x00, 0xA0, 0xE3, 0xB2, 0x00, 0xC1, 0xE1, 0x00, 0x20, 0x93, 0xE5, 0x00, 0x00, 0xA0, 0xE3
	.byte 0x03, 0x2C, 0x82, 0xE2, 0xBC, 0x22, 0xD2, 0xE1, 0xB6, 0x20, 0xC1, 0xE1, 0x00, 0x20, 0x93, 0xE5
	.byte 0x03, 0x2C, 0x82, 0xE2, 0xBE, 0x2B, 0xD2, 0xE1, 0xB8, 0x20, 0xC1, 0xE1, 0x1E, 0xFF, 0x2F, 0xE1
	.byte 0xF4, 0xFF, 0x80, 0x03, 0x1C, 0x00, 0x9F, 0xE5, 0x02, 0x20, 0xA0, 0xE3, 0xB2, 0x20, 0xC1, 0xE1
	.byte 0x00, 0x20, 0x90, 0xE5, 0x00, 0x00, 0xA0, 0xE3, 0x03, 0x2C, 0x82, 0xE2, 0xBE, 0x22, 0xD2, 0xE1
	.byte 0xB6, 0x20, 0xC1, 0xE1, 0x1E, 0xFF, 0x2F, 0xE1, 0xF4, 0xFF, 0x80, 0x03, 0x1C, 0x00, 0x9F, 0xE5
	.byte 0x02, 0x20, 0xA0, 0xE3, 0xB2, 0x20, 0xC1, 0xE1, 0x00, 0x20, 0x90, 0xE5, 0x00, 0x00, 0xA0, 0xE3
	.byte 0x03, 0x2C, 0x82, 0xE2, 0xB0, 0x23, 0xD2, 0xE1, 0xB6, 0x20, 0xC1, 0xE1, 0x1E, 0xFF, 0x2F, 0xE1
	.byte 0xF4, 0xFF, 0x80, 0x03, 0x1C, 0x00, 0x9F, 0xE5, 0x02, 0x20, 0xA0, 0xE3, 0xB2, 0x20, 0xC1, 0xE1
	.byte 0x00, 0x20, 0x90, 0xE5, 0x00, 0x00, 0xA0, 0xE3, 0x03, 0x2C, 0x82, 0xE2, 0xB4, 0x23, 0xD2, 0xE1
	.byte 0xB6, 0x20, 0xC1, 0xE1, 0x1E, 0xFF, 0x2F, 0xE1, 0xF4, 0xFF, 0x80, 0x03, 0x1C, 0x00, 0x9F, 0xE5
	.byte 0x02, 0x20, 0xA0, 0xE3, 0xB2, 0x20, 0xC1, 0xE1, 0x00, 0x20, 0x90, 0xE5, 0x00, 0x00, 0xA0, 0xE3
	.byte 0x03, 0x2C, 0x82, 0xE2, 0xB6, 0x23, 0xD2, 0xE1, 0xB6, 0x20, 0xC1, 0xE1, 0x1E, 0xFF, 0x2F, 0xE1
	.byte 0xF4, 0xFF, 0x80, 0x03, 0x24, 0x00, 0x9F, 0xE5, 0x02, 0x20, 0xA0, 0xE3, 0xB2, 0x20, 0xC1, 0xE1
	.byte 0x00, 0x20, 0x90, 0xE5, 0x00, 0x00, 0xA0, 0xE3, 0x03, 0x2C, 0x82, 0xE2, 0xBA, 0x23, 0xD2, 0xE1
	.byte 0x82, 0x2F, 0xA0, 0xE1, 0xA2, 0x2F, 0xA0, 0xE1, 0xB6, 0x20, 0xC1, 0xE1, 0x1E, 0xFF, 0x2F, 0xE1
	.byte 0xF4, 0xFF, 0x80, 0x03, 0x24, 0x00, 0x9F, 0xE5, 0x02, 0x20, 0xA0, 0xE3, 0xB2, 0x20, 0xC1, 0xE1
	.byte 0x00, 0x20, 0x90, 0xE5, 0x00, 0x00, 0xA0, 0xE3, 0x03, 0x2C, 0x82, 0xE2, 0xBA, 0x23, 0xD2, 0xE1
	.byte 0x02, 0x2F, 0xA0, 0xE1, 0xA2, 0x2F, 0xA0, 0xE1, 0xB6, 0x20, 0xC1, 0xE1, 0x1E, 0xFF, 0x2F, 0xE1
	.byte 0xF4, 0xFF, 0x80, 0x03, 0x1C, 0x00, 0x9F, 0xE5, 0x02, 0x20, 0xA0, 0xE3, 0xB2, 0x20, 0xC1, 0xE1
	.byte 0x00, 0x20, 0x90, 0xE5, 0x00, 0x00, 0xA0, 0xE3, 0x03, 0x2C, 0x82, 0xE2, 0xB2, 0x2C, 0xD2, 0xE1
	.byte 0xB6, 0x20, 0xC1, 0xE1, 0x1E, 0xFF, 0x2F, 0xE1, 0xF4, 0xFF, 0x80, 0x03, 0x1C, 0x00, 0x9F, 0xE5
	.byte 0x02, 0x20, 0xA0, 0xE3, 0xB2, 0x20, 0xC1, 0xE1, 0x00, 0x20, 0x90, 0xE5, 0x00, 0x00, 0xA0, 0xE3
	.byte 0x03, 0x2C, 0x82, 0xE2, 0xBC, 0x23, 0xD2, 0xE1, 0xB6, 0x20, 0xC1, 0xE1, 0x1E, 0xFF, 0x2F, 0xE1
	.byte 0xF4, 0xFF, 0x80, 0x03, 0x30, 0x00, 0x9F, 0xE5, 0x11, 0x20, 0xA0, 0xE3, 0xB2, 0x20, 0xC1, 0xE1
	.byte 0x00, 0x00, 0x90, 0xE5, 0x06, 0x30, 0x81, 0xE2, 0xE1, 0x2F, 0x80, 0xE2, 0x00, 0x10, 0xA0, 0xE3
	.byte 0xB2, 0x00, 0xD2, 0xE0, 0x01, 0x10, 0x81, 0xE2, 0x10, 0x00, 0x51, 0xE3, 0xB2, 0x00, 0xC3, 0xE0
	.byte 0xFA, 0xFF, 0xFF, 0x3A, 0x00, 0x00, 0xA0, 0xE3, 0x1E, 0xFF, 0x2F, 0xE1, 0xF4, 0xFF, 0x80, 0x03
	.byte 0x24, 0x00, 0x9F, 0xE5, 0x02, 0x20, 0xA0, 0xE3, 0xB2, 0x20, 0xC1, 0xE1, 0x00, 0x20, 0x90, 0xE5
	.byte 0x00, 0x00, 0xA0, 0xE3, 0x03, 0x2C, 0x82, 0xE2, 0xBA, 0x23, 0xD2, 0xE1, 0x82, 0x2E, 0xA0, 0xE1
	.byte 0xA2, 0x2F, 0xA0, 0xE1, 0xB6, 0x20, 0xC1, 0xE1, 0x1E, 0xFF, 0x2F, 0xE1, 0xF4, 0xFF, 0x80, 0x03
	.byte 0x1C, 0x00, 0x9F, 0xE5, 0x02, 0x20, 0xA0, 0xE3, 0xB2, 0x20, 0xC1, 0xE1, 0x00, 0x20, 0x90, 0xE5
	.byte 0x00, 0x00, 0xA0, 0xE3, 0x03, 0x2C, 0x82, 0xE2, 0xB2, 0x23, 0xD2, 0xE1, 0xB6, 0x20, 0xC1, 0xE1
	.byte 0x1E, 0xFF, 0x2F, 0xE1, 0xF4, 0xFF, 0x80, 0x03, 0x10, 0x40, 0x2D, 0xE9, 0x01, 0x40, 0xA0, 0xE1
	.byte 0x04, 0x10, 0xA0, 0xE3, 0x13, 0x00, 0xA0, 0xE3, 0xB2, 0x10, 0xC4, 0xE1, 0xAB, 0xEE, 0xFF, 0xEB
	.byte 0xB6, 0x00, 0xC4, 0xE1, 0x35, 0x00, 0xA0, 0xE3, 0xA8, 0xEE, 0xFF, 0xEB, 0xB8, 0x00, 0xC4, 0xE1
	.byte 0x2E, 0x00, 0xA0, 0xE3, 0xA5, 0xEE, 0xFF, 0xEB, 0xBA, 0x00, 0xC4, 0xE1, 0x00, 0x00, 0xA0, 0xE3
	.byte 0x10, 0x40, 0xBD, 0xE8, 0x1E, 0xFF, 0x2F, 0xE1, 0x20, 0x00, 0x9F, 0xE5, 0x02, 0x20, 0xA0, 0xE3
	.byte 0xB2, 0x20, 0xC1, 0xE1, 0x00, 0x20, 0x90, 0xE5, 0x00, 0x00, 0xA0, 0xE3, 0x03, 0x2C, 0x82, 0xE2
	.byte 0xB2, 0x22, 0xD2, 0xE1, 0x01, 0x20, 0x42, 0xE2, 0xB6, 0x20, 0xC1, 0xE1, 0x1E, 0xFF, 0x2F, 0xE1
	.byte 0xF4, 0xFF, 0x80, 0x03, 0x30, 0x00, 0x9F, 0xE5, 0x02, 0x20, 0xA0, 0xE3, 0xB2, 0x20, 0xC1, 0xE1
	.byte 0x00, 0x00, 0x90, 0xE5, 0x03, 0x0C, 0x80, 0xE2, 0xBC, 0x24, 0xD0, 0xE1, 0x10, 0x00, 0x52, 0xE3
	.byte 0x01, 0x00, 0xA0, 0x33, 0xBA, 0x23, 0xD0, 0x21, 0x00, 0x00, 0xA0, 0x23, 0x02, 0x2E, 0xA0, 0x21
	.byte 0xA2, 0x2F, 0xA0, 0x21, 0xB6, 0x20, 0xC1, 0x21, 0x1E, 0xFF, 0x2F, 0xE1, 0xF4, 0xFF, 0x80, 0x03
	.byte 0x54, 0x30, 0x9F, 0xE5, 0x03, 0x00, 0xA0, 0xE3, 0xB2, 0x00, 0xC1, 0xE1, 0x00, 0x00, 0x93, 0xE5
	.byte 0x03, 0x0C, 0x80, 0xE2, 0xBC, 0x24, 0xD0, 0xE1, 0x10, 0x00, 0x52, 0xE3, 0x01, 0x00, 0xA0, 0x33
	.byte 0x1E, 0xFF, 0x2F, 0x31, 0xBA, 0x23, 0xD0, 0xE1, 0x00, 0x00, 0xA0, 0xE3, 0x82, 0x2D, 0xA0, 0xE1
	.byte 0xA2, 0x2F, 0xA0, 0xE1, 0xB6, 0x20, 0xC1, 0xE1, 0x00, 0x20, 0x93, 0xE5, 0x03, 0x2C, 0x82, 0xE2
	.byte 0xBA, 0x33, 0xD2, 0xE1, 0x03, 0x2E, 0xA0, 0xE1, 0x03, 0x3D, 0xA0, 0xE1, 0xA2, 0x2F, 0xA0, 0xE1
	.byte 0xA3, 0x2F, 0x22, 0xE0, 0xB8, 0x20, 0xC1, 0xE1, 0x1E, 0xFF, 0x2F, 0xE1, 0xF4, 0xFF, 0x80, 0x03
	.byte 0x30, 0x00, 0x9F, 0xE5, 0x02, 0x20, 0xA0, 0xE3, 0xB2, 0x20, 0xC1, 0xE1, 0x00, 0x00, 0x90, 0xE5
	.byte 0x03, 0x0C, 0x80, 0xE2, 0xBC, 0x24, 0xD0, 0xE1, 0x10, 0x00, 0x52, 0xE3, 0x01, 0x00, 0xA0, 0x33
	.byte 0xBA, 0x23, 0xD0, 0x21, 0x00, 0x00, 0xA0, 0x23, 0x82, 0x2C, 0xA0, 0x21, 0xA2, 0x2F, 0xA0, 0x21
	.byte 0xB6, 0x20, 0xC1, 0x21, 0x1E, 0xFF, 0x2F, 0xE1, 0xF4, 0xFF, 0x80, 0x03, 0x30, 0x00, 0x9F, 0xE5
	.byte 0x02, 0x20, 0xA0, 0xE3, 0xB2, 0x20, 0xC1, 0xE1, 0x00, 0x00, 0x90, 0xE5, 0x03, 0x0C, 0x80, 0xE2
	.byte 0xBC, 0x24, 0xD0, 0xE1, 0x10, 0x00, 0x52, 0xE3, 0x01, 0x00, 0xA0, 0x33, 0xBA, 0x23, 0xD0, 0x21
	.byte 0x00, 0x00, 0xA0, 0x23, 0x02, 0x2C, 0xA0, 0x21, 0xA2, 0x2F, 0xA0, 0x21, 0xB6, 0x20, 0xC1, 0x21
	.byte 0x1E, 0xFF, 0x2F, 0xE1, 0xF4, 0xFF, 0x80, 0x03, 0x30, 0x00, 0x9F, 0xE5, 0x02, 0x20, 0xA0, 0xE3
	.byte 0xB2, 0x20, 0xC1, 0xE1, 0x00, 0x00, 0x90, 0xE5, 0x03, 0x0C, 0x80, 0xE2, 0xBC, 0x24, 0xD0, 0xE1
	.byte 0x10, 0x00, 0x52, 0xE3, 0x01, 0x00, 0xA0, 0x33, 0xBA, 0x23, 0xD0, 0x21, 0x00, 0x00, 0xA0, 0x23
	.byte 0x82, 0x2B, 0xA0, 0x21, 0xA2, 0x2F, 0xA0, 0x21, 0xB6, 0x20, 0xC1, 0x21, 0x1E, 0xFF, 0x2F, 0xE1
	.byte 0xF4, 0xFF, 0x80, 0x03, 0x08, 0x40, 0x2D, 0xE9, 0x20, 0x00, 0x9F, 0xE5, 0x04, 0x20, 0xA0, 0xE3
	.byte 0xB2, 0x20, 0xC1, 0xE1, 0x00, 0x20, 0x90, 0xE5, 0x06, 0x00, 0x81, 0xE2, 0xEA, 0x1F, 0x82, 0xE2
	.byte 0x02, 0xED, 0xFF, 0xEB, 0x00, 0x00, 0xA0, 0xE3, 0x08, 0x40, 0xBD, 0xE8, 0x1E, 0xFF, 0x2F, 0xE1
	.byte 0xF4, 0xFF, 0x80, 0x03, 0x40, 0x20, 0x9F, 0xE5, 0x12, 0x00, 0xA0, 0xE3, 0xB2, 0x00, 0xC1, 0xE1
	.byte 0x00, 0x00, 0x92, 0xE5, 0x08, 0xC0, 0x81, 0xE2, 0x03, 0x0C, 0x80, 0xE2, 0xB2, 0x06, 0xD0, 0xE1
	.byte 0x00, 0x30, 0xA0, 0xE3, 0xB6, 0x00, 0xC1, 0xE1, 0x00, 0x00, 0x92, 0xE5, 0xD9, 0x1F, 0x80, 0xE2
	.byte 0xB2, 0x00, 0xD1, 0xE0, 0x02, 0x30, 0x83, 0xE2, 0x20, 0x00, 0x53, 0xE3, 0xB2, 0x00, 0xCC, 0xE0
	.byte 0xFA, 0xFF, 0xFF, 0x3A, 0x00, 0x00, 0xA0, 0xE3, 0x1E, 0xFF, 0x2F, 0xE1, 0xF4, 0xFF, 0x80, 0x03
	.byte 0x1C, 0x00, 0x9F, 0xE5, 0x02, 0x20, 0xA0, 0xE3, 0xB2, 0x20, 0xC1, 0xE1, 0x00, 0x20, 0x90, 0xE5
	.byte 0x00, 0x00, 0xA0, 0xE3, 0x03, 0x2C, 0x82, 0xE2, 0xB2, 0x2B, 0xD2, 0xE1, 0xB6, 0x20, 0xC1, 0xE1
	.byte 0x1E, 0xFF, 0x2F, 0xE1, 0xF4, 0xFF, 0x80, 0x03, 0x1C, 0x00, 0x9F, 0xE5, 0x02, 0x20, 0xA0, 0xE3
	.byte 0xB2, 0x20, 0xC1, 0xE1, 0x00, 0x20, 0x90, 0xE5, 0x00, 0x00, 0xA0, 0xE3, 0x03, 0x2C, 0x82, 0xE2
	.byte 0xB8, 0x2B, 0xD2, 0xE1, 0xB6, 0x20, 0xC1, 0xE1, 0x1E, 0xFF, 0x2F, 0xE1, 0xF4, 0xFF, 0x80, 0x03
	.byte 0x1C, 0x00, 0x9F, 0xE5, 0x02, 0x20, 0xA0, 0xE3, 0xB2, 0x20, 0xC1, 0xE1, 0x00, 0x20, 0x90, 0xE5
	.byte 0x00, 0x00, 0xA0, 0xE3, 0x03, 0x2C, 0x82, 0xE2, 0xB4, 0x2B, 0xD2, 0xE1, 0xB6, 0x20, 0xC1, 0xE1
	.byte 0x1E, 0xFF, 0x2F, 0xE1, 0xF4, 0xFF, 0x80, 0x03, 0xF8, 0x40, 0x2D, 0xE9, 0x01, 0x40, 0xA0, 0xE1
	.byte 0xB2, 0x00, 0xD4, 0xE1, 0xC0, 0x10, 0x9F, 0xE5, 0x01, 0x00, 0x50, 0xE3, 0xB8, 0x00, 0x9F, 0x85
	.byte 0x00, 0x00, 0x90, 0x85, 0x03, 0x0C, 0x80, 0x82, 0xB4, 0x0E, 0xD0, 0x81, 0xB6, 0x00, 0xC4, 0x81
	.byte 0xB2, 0x00, 0xD4, 0xE1, 0x00, 0x30, 0x91, 0xE5, 0x02, 0x10, 0x40, 0xE2, 0x03, 0x0C, 0x83, 0xE2
	.byte 0xB4, 0x2E, 0xD0, 0xE1, 0x81, 0x00, 0x52, 0xE1, 0x04, 0x00, 0xA0, 0xC3, 0x20, 0x00, 0x00, 0xCA
	.byte 0xB6, 0x20, 0xD4, 0xE1, 0x00, 0x00, 0x52, 0xE3, 0x16, 0x00, 0x00, 0x0A, 0xB6, 0x0E, 0xD0, 0xE1
	.byte 0x01, 0x00, 0x10, 0xE3, 0xE0, 0x03, 0x93, 0xE5, 0x0F, 0x00, 0x00, 0x0A, 0x08, 0x60, 0x84, 0xE2
	.byte 0x01, 0x50, 0x80, 0xE2, 0x00, 0x70, 0xA0, 0xE3, 0x07, 0x00, 0x00, 0xEA, 0x05, 0x00, 0xA0, 0xE1
	.byte 0xBA, 0xEF, 0xFF, 0xEB, 0x00, 0x10, 0xA0, 0xE1, 0x06, 0x00, 0xA0, 0xE1, 0xAC, 0xEF, 0xFF, 0xEB
	.byte 0x01, 0x60, 0x86, 0xE2, 0x01, 0x50, 0x85, 0xE2, 0x01, 0x70, 0x87, 0xE2, 0xB6, 0x00, 0xD4, 0xE1
	.byte 0x00, 0x00, 0x57, 0xE1, 0xF4, 0xFF, 0xFF, 0x3A, 0x02, 0x00, 0x00, 0xEA, 0x08, 0x10, 0x84, 0xE2
	.byte 0x01, 0x20, 0x82, 0xE2, 0xC0, 0x39, 0x20, 0xEB, 0xB6, 0x10, 0xD4, 0xE1, 0x00, 0x00, 0xA0, 0xE3
	.byte 0x01, 0x10, 0x81, 0xE2, 0xA1, 0x1F, 0x81, 0xE0, 0xC1, 0x10, 0xA0, 0xE1, 0x02, 0x10, 0x81, 0xE2
	.byte 0xB2, 0x10, 0xC4, 0xE1, 0xF8, 0x40, 0xBD, 0xE8, 0x1E, 0xFF, 0x2F, 0xE1, 0xF4, 0xFF, 0x80, 0x03
	.byte 0x10, 0x40, 0x2D, 0xE9, 0x34, 0x20, 0x9F, 0xE5, 0x01, 0x00, 0xA0, 0xE3, 0xB2, 0x00, 0xC1, 0xE1
	.byte 0x00, 0x10, 0x92, 0xE5, 0x03, 0x1C, 0x81, 0xE2, 0xBC, 0x14, 0xD1, 0xE1, 0x00, 0x00, 0x51, 0xE3
	.byte 0x10, 0x00, 0x51, 0x13, 0x03, 0x00, 0x00, 0x1A, 0x00, 0x40, 0xA0, 0xE3, 0x04, 0x00, 0xA0, 0xE1
	.byte 0x38, 0x21, 0x20, 0xEB, 0x04, 0x00, 0xA0, 0xE1, 0x10, 0x40, 0xBD, 0xE8, 0x1E, 0xFF, 0x2F, 0xE1
	.byte 0xF4, 0xFF, 0x80, 0x03, 0x10, 0x40, 0x2D, 0xE9, 0x50, 0x20, 0x9F, 0xE5, 0x01, 0x00, 0xA0, 0xE3
	.byte 0xB2, 0x00, 0xC1, 0xE1, 0x00, 0x10, 0x92, 0xE5, 0x03, 0x1C, 0x81, 0xE2, 0xBC, 0x24, 0xD1, 0xE1
	.byte 0x20, 0x00, 0x52, 0xE3, 0x0B, 0x00, 0x00, 0x8A, 0xB6, 0x15, 0xD1, 0xE1, 0x00, 0x00, 0x51, 0xE3
	.byte 0x08, 0x00, 0x00, 0x1A, 0x00, 0x40, 0xA0, 0xE3, 0x04, 0x00, 0xA0, 0xE1, 0x2D, 0x17, 0x00, 0xEB
	.byte 0x00, 0x00, 0x50, 0xE3, 0x0E, 0x00, 0xA0, 0x13, 0x02, 0x00, 0x00, 0x1A, 0x10, 0x00, 0xA0, 0xE3
	.byte 0x20, 0x21, 0x20, 0xEB, 0x04, 0x00, 0xA0, 0xE1, 0x10, 0x40, 0xBD, 0xE8, 0x1E, 0xFF, 0x2F, 0xE1
	.byte 0xF4, 0xFF, 0x80, 0x03, 0x08, 0x40, 0x2D, 0xE9, 0x44, 0x00, 0x9F, 0xE5, 0x01, 0x20, 0xA0, 0xE3
	.byte 0xB2, 0x20, 0xC1, 0xE1, 0x00, 0x00, 0x90, 0xE5, 0x03, 0x0C, 0x80, 0xE2, 0xBC, 0x14, 0xD0, 0xE1
	.byte 0x10, 0x00, 0x51, 0xE3, 0x03, 0x00, 0x00, 0x0A, 0x20, 0x00, 0x51, 0xE3, 0xB6, 0x05, 0xD0, 0x01
	.byte 0x00, 0x00, 0x50, 0x03, 0x03, 0x00, 0x00, 0x1A, 0x20, 0x00, 0xA0, 0xE3, 0x0D, 0x21, 0x20, 0xEB
	.byte 0x00, 0x00, 0xA0, 0xE3, 0x00, 0x00, 0x00, 0xEA, 0x01, 0x00, 0xA0, 0xE3, 0x08, 0x40, 0xBD, 0xE8
	.byte 0x1E, 0xFF, 0x2F, 0xE1, 0xF4, 0xFF, 0x80, 0x03, 0x08, 0x40, 0x2D, 0xE9, 0x2C, 0x00, 0x9F, 0xE5
	.byte 0x01, 0x20, 0xA0, 0xE3, 0xB2, 0x20, 0xC1, 0xE1, 0x00, 0x00, 0x90, 0xE5, 0x03, 0x0C, 0x80, 0xE2
	.byte 0xBC, 0x04, 0xD0, 0xE1, 0x20, 0x00, 0x50, 0xE3, 0x00, 0x00, 0x00, 0x3A, 0xD6, 0x20, 0x20, 0xEB
	.byte 0x75, 0xE6, 0xFF, 0xEB, 0x00, 0x00, 0xA0, 0xE3, 0x08, 0x40, 0xBD, 0xE8, 0x1E, 0xFF, 0x2F, 0xE1
	.byte 0xF4, 0xFF, 0x80, 0x03, 0x08, 0x40, 0x2D, 0xE9, 0x28, 0x00, 0x9F, 0xE5, 0x00, 0x00, 0x90, 0xE5
	.byte 0x03, 0x0C, 0x80, 0xE2, 0xBC, 0x04, 0xD0, 0xE1, 0x00, 0x00, 0x50, 0xE3, 0x01, 0x00, 0xA0, 0xE3
	.byte 0x02, 0x00, 0x00, 0x0A, 0xB2, 0x00, 0xC1, 0xE1, 0x67, 0xEC, 0xFF, 0xEB, 0x00, 0x00, 0xA0, 0xE3
	.byte 0x08, 0x40, 0xBD, 0xE8, 0x1E, 0xFF, 0x2F, 0xE1, 0xF4, 0xFF, 0x80, 0x03, 0x10, 0x40, 0x2D, 0xE9
	.byte 0x88, 0x00, 0x9F, 0xE5, 0x01, 0x40, 0xA0, 0xE1, 0x09, 0x30, 0xA0, 0xE3, 0x06, 0x10, 0x84, 0xE2
	.byte 0x08, 0x20, 0xA0, 0xE3, 0xB2, 0x30, 0xC4, 0xE1, 0x53, 0x39, 0x20, 0xEB, 0x70, 0x10, 0x9F, 0xE5
	.byte 0x70, 0x00, 0x9F, 0xE5, 0xB0, 0x10, 0xD1, 0xE1, 0xBE, 0x10, 0xC4, 0xE1, 0x00, 0x00, 0x90, 0xE5
	.byte 0x06, 0x0C, 0x80, 0xE2, 0xB4, 0x09, 0xD0, 0xE1, 0x02, 0x09, 0x10, 0xE3, 0x6D, 0x10, 0xA0, 0x03
	.byte 0x54, 0x00, 0x9F, 0x05, 0xB0, 0x11, 0xC4, 0x01, 0x03, 0x00, 0x00, 0x0A, 0x00, 0x00, 0xA0, 0xE3
	.byte 0x5E, 0xED, 0xFF, 0xEB, 0xB0, 0x01, 0xC4, 0xE1, 0x79, 0xED, 0xFF, 0xEB, 0xB2, 0x01, 0xC4, 0xE1
	.byte 0x30, 0x00, 0x9F, 0xE5, 0x00, 0x10, 0x90, 0xE5, 0x06, 0x0C, 0x81, 0xE2, 0xB4, 0x09, 0xD0, 0xE1
	.byte 0x01, 0x09, 0x10, 0xE3, 0x05, 0x0C, 0x81, 0x12, 0xBC, 0x0F, 0xD0, 0x11, 0x02, 0x00, 0xA0, 0x03
	.byte 0xB4, 0x01, 0xC4, 0xE1, 0x00, 0x00, 0xA0, 0xE3, 0x10, 0x40, 0xBD, 0xE8, 0x1E, 0xFF, 0x2F, 0xE1
	.byte 0xEC, 0x74, 0xFF, 0x02, 0x00, 0x80, 0x80, 0x04, 0xF4, 0xFF, 0x80, 0x03, 0x3D, 0x93, 0x00, 0x00
	.byte 0x38, 0x40, 0x2D, 0xE9, 0x44, 0x40, 0x9F, 0xE5, 0x01, 0x50, 0xA0, 0xE1, 0x00, 0x00, 0x94, 0xE5
	.byte 0x03, 0x0C, 0x80, 0xE2, 0xBC, 0x04, 0xD0, 0xE1, 0x00, 0x00, 0x50, 0xE3, 0x01, 0x00, 0xA0, 0x03
	.byte 0x08, 0x00, 0x00, 0x0A, 0x5C, 0x00, 0xA0, 0xE3, 0xB2, 0x00, 0xC5, 0xE1, 0x39, 0xEC, 0xFF, 0xEB
	.byte 0x00, 0x00, 0x94, 0xE5, 0x08, 0x10, 0x85, 0xE2, 0x15, 0x0D, 0x80, 0xE2, 0xB4, 0x20, 0xA0, 0xE3
	.byte 0x3B, 0x39, 0x20, 0xEB, 0x00, 0x00, 0xA0, 0xE3, 0x38, 0x40, 0xBD, 0xE8, 0x1E, 0xFF, 0x2F, 0xE1
	.byte 0xF4, 0xFF, 0x80, 0x03, 0x1C, 0x00, 0x9F, 0xE5, 0x02, 0x20, 0xA0, 0xE3, 0xB2, 0x20, 0xC1, 0xE1
	.byte 0x00, 0x20, 0x90, 0xE5, 0x00, 0x00, 0xA0, 0xE3, 0x03, 0x2C, 0x82, 0xE2, 0xBC, 0x24, 0xD2, 0xE1
	.byte 0xB6, 0x20, 0xC1, 0xE1, 0x1E, 0xFF, 0x2F, 0xE1, 0xF4, 0xFF, 0x80, 0x03, 0xFC, 0x47, 0x2D, 0xE9
	.byte 0xFC, 0x22, 0x9F, 0xE5, 0x00, 0x70, 0xA0, 0xE1, 0x00, 0x20, 0x92, 0xE5, 0x01, 0x00, 0xA0, 0xE3
	.byte 0xD1, 0x9F, 0x82, 0xE2, 0xB2, 0x00, 0xC1, 0xE1, 0xB8, 0x10, 0xD9, 0xE1, 0x06, 0x40, 0xA0, 0xE3
	.byte 0xF0, 0x10, 0x01, 0xE2, 0x10, 0x00, 0x51, 0xE3, 0x00, 0x60, 0xA0, 0xE3, 0x02, 0x80, 0xA0, 0xE3
	.byte 0x00, 0x50, 0xA0, 0xE1, 0xB0, 0x00, 0x00, 0x1A, 0xB0, 0x01, 0xD7, 0xE1, 0x01, 0x00, 0x50, 0xE3
	.byte 0x05, 0x00, 0xA0, 0x83, 0xAC, 0x00, 0x00, 0x8A, 0xB4, 0x01, 0xD7, 0xE1, 0x0A, 0x00, 0x50, 0xE3
	.byte 0x14, 0x00, 0x50, 0x13, 0x05, 0x00, 0xA0, 0x13, 0xA7, 0x00, 0x00, 0x1A, 0xB2, 0x01, 0xD7, 0xE1
	.byte 0x04, 0x00, 0x50, 0xE3, 0x05, 0x00, 0xA0, 0x83, 0xA3, 0x00, 0x00, 0x8A, 0x06, 0x00, 0xA0, 0xE1
	.byte 0x8C, 0x16, 0x00, 0xEB, 0x00, 0x00, 0x50, 0xE3, 0x0E, 0x00, 0xA0, 0x13, 0x9E, 0x00, 0x00, 0x1A
	.byte 0xB0, 0x01, 0xD7, 0xE1, 0x00, 0x00, 0x50, 0xE3, 0x7C, 0x00, 0x00, 0x0A, 0x01, 0x00, 0x50, 0xE3
	.byte 0x98, 0x00, 0x00, 0x1A, 0xB8, 0x00, 0xD9, 0xE1, 0x10, 0x00, 0x50, 0xE3, 0x01, 0x00, 0xA0, 0x13
	.byte 0x95, 0x00, 0x00, 0x1A, 0x00, 0x20, 0x8D, 0xE2, 0x05, 0x10, 0xA0, 0xE1, 0x65, 0x00, 0xA0, 0xE3
	.byte 0x00, 0x60, 0x8D, 0xE5, 0xCA, 0x16, 0x00, 0xEB, 0x00, 0x60, 0x9D, 0xE5, 0x05, 0x00, 0xA0, 0xE1
	.byte 0xFA, 0xEC, 0xFF, 0xEB, 0x00, 0x00, 0x56, 0xE1, 0x04, 0x00, 0x00, 0x0A, 0x05, 0x00, 0xA0, 0xE1
	.byte 0x06, 0x10, 0xA0, 0xE1, 0xFE, 0xEC, 0xFF, 0xEB, 0x28, 0x02, 0x9F, 0xE5, 0xE7, 0xED, 0xFF, 0xEB
	.byte 0xB2, 0x01, 0xD7, 0xE1, 0x04, 0x00, 0x50, 0xE3, 0x82, 0x00, 0x00, 0x8A, 0x80, 0x00, 0x8F, 0xE0
	.byte 0xB4, 0x00, 0xD0, 0xE1, 0x00, 0xF0, 0x8F, 0xE0, 0x08, 0x00, 0x08, 0x00, 0x08, 0x00, 0x9C, 0x00
	.byte 0x9C, 0x00, 0x9A, 0x00, 0x11, 0x00, 0xA0, 0xE3, 0xB8, 0x00, 0xC9, 0xE1, 0xB6, 0x01, 0xD7, 0xE1
	.byte 0x01, 0x10, 0xA0, 0xE3, 0xC2, 0xE9, 0xFF, 0xEB, 0xEC, 0x11, 0x9F, 0xE5, 0x02, 0x29, 0xA0, 0xE3
	.byte 0xE8, 0x01, 0x9F, 0xE5, 0xB0, 0x20, 0xC1, 0xE1, 0xD4, 0xED, 0xFF, 0xEB, 0xB4, 0x11, 0xD7, 0xE1
	.byte 0x02, 0x00, 0xA0, 0xE3, 0xB6, 0x11, 0xC9, 0xE1, 0xDC, 0xEC, 0xFF, 0xEB, 0x00, 0x00, 0x8D, 0xE5
	.byte 0xB2, 0x11, 0xD7, 0xE1, 0xC8, 0x21, 0x9F, 0xE5, 0x01, 0x00, 0x51, 0xE3, 0x10, 0x00, 0x80, 0x93
	.byte 0x00, 0x00, 0x8D, 0x95, 0xB4, 0x01, 0xD7, 0xE1, 0xB0, 0x00, 0xC2, 0xE1, 0xB2, 0x01, 0xD7, 0xE1
	.byte 0x01, 0x00, 0x50, 0xE3, 0x00, 0x10, 0x9D, 0x05, 0x03, 0x00, 0xA0, 0x03, 0x20, 0x10, 0x81, 0x03
	.byte 0x00, 0x10, 0x8D, 0x05, 0xB2, 0x00, 0x42, 0x01, 0xB2, 0x00, 0x42, 0x11, 0x00, 0x10, 0x9D, 0xE5
	.byte 0x02, 0x00, 0xA0, 0xE3, 0xD2, 0xEC, 0xFF, 0xEB, 0x88, 0x11, 0x9F, 0xE5, 0x88, 0x01, 0x9F, 0xE5
	.byte 0xB0, 0x10, 0xC0, 0xE1, 0x57, 0x00, 0x00, 0xEA, 0x64, 0x01, 0x9F, 0xE5, 0x00, 0x00, 0x90, 0xE5
	.byte 0xD1, 0x6F, 0x80, 0xE2, 0x3F, 0x1F, 0x20, 0xEB, 0x0F, 0x20, 0x20, 0xEB, 0x04, 0x00, 0xA0, 0xE1
	.byte 0xBE, 0xEC, 0xFF, 0xEB, 0xBC, 0x0A, 0xC6, 0xE1, 0xB2, 0x01, 0xD7, 0xE1, 0x04, 0x00, 0x50, 0xE3
	.byte 0x02, 0x00, 0x00, 0x1A, 0x04, 0x00, 0xA0, 0xE1, 0x00, 0x10, 0xA0, 0xE3, 0xC0, 0xEC, 0xFF, 0xEB
	.byte 0x48, 0x91, 0x9F, 0xE5, 0x00, 0xA0, 0xA0, 0xE3, 0x0A, 0x00, 0xA0, 0xE1, 0x09, 0x10, 0xA0, 0xE1
	.byte 0x0C, 0x20, 0xA0, 0xE3, 0x92, 0x38, 0x20, 0xEB, 0x14, 0x00, 0xA0, 0xE3, 0xB8, 0x00, 0xC9, 0xE1
	.byte 0x7D, 0x0E, 0xA0, 0xE3, 0xBA, 0x00, 0xC9, 0xE1, 0x24, 0x11, 0x9F, 0xE5, 0x24, 0x01, 0x9F, 0xE5
	.byte 0x0C, 0x20, 0x89, 0xE2, 0x02, 0xA0, 0x8A, 0xE2, 0x00, 0x00, 0x5A, 0xE1, 0xB2, 0x10, 0xC2, 0xE0
	.byte 0xFB, 0xFF, 0xFF, 0x3A, 0x04, 0xA1, 0x9F, 0xE5, 0x08, 0x00, 0xA0, 0xE3, 0xBC, 0x00, 0xCA, 0xE1
	.byte 0x04, 0x91, 0x9F, 0xE5, 0x12, 0x00, 0xA0, 0xE3, 0xB0, 0x40, 0xC9, 0xE1, 0xB8, 0x00, 0xC6, 0xE1
	.byte 0xB8, 0x51, 0xC6, 0xE1, 0xB6, 0x01, 0xD7, 0xE1, 0x05, 0x10, 0xA0, 0xE1, 0x78, 0xE9, 0xFF, 0xEB
	.byte 0xC8, 0x00, 0x9F, 0xE5, 0x55, 0x1F, 0x49, 0xE2, 0x02, 0x29, 0xA0, 0xE3, 0xB0, 0x20, 0xC1, 0xE1
	.byte 0x8A, 0xED, 0xFF, 0xEB, 0xD4, 0x10, 0x9F, 0xE5, 0x01, 0x09, 0x65, 0xE2, 0xB0, 0x80, 0xC1, 0xE1
	.byte 0x00, 0x00, 0x0A, 0xE0, 0xBE, 0x50, 0x41, 0xE1, 0x80, 0x07, 0xA0, 0xE1, 0x20, 0x08, 0xA0, 0xE1
	.byte 0xBC, 0x59, 0xC1, 0xE1, 0x02, 0x09, 0x80, 0xE3, 0xBE, 0x08, 0xC1, 0xE1, 0x1D, 0x00, 0x00, 0xEA
	.byte 0xB8, 0x00, 0xD9, 0xE1, 0x11, 0x00, 0x50, 0xE3, 0x0C, 0x00, 0x00, 0x1A, 0x9F, 0xED, 0xFF, 0xEB
	.byte 0x84, 0x00, 0x9F, 0xE5, 0xB0, 0x60, 0xC0, 0xE1, 0xB2, 0x50, 0xC0, 0xE1, 0x16, 0x1E, 0x40, 0xE2
	.byte 0x08, 0x00, 0xA0, 0xE1, 0xB0, 0x60, 0xC1, 0xE1, 0x80, 0xEC, 0xFF, 0xEB, 0x30, 0x10, 0xC0, 0xE3
	.byte 0x00, 0x10, 0x8D, 0xE5, 0x08, 0x00, 0xA0, 0xE1, 0x85, 0xEC, 0xFF, 0xEB, 0x0B, 0x00, 0x00, 0xEA
	.byte 0x12, 0x00, 0x50, 0xE3, 0x07, 0x00, 0x00, 0x1A, 0x64, 0x10, 0x9F, 0xE5, 0xB8, 0x61, 0xC9, 0xE1
	.byte 0xB0, 0x00, 0xD1, 0xE1, 0x00, 0x00, 0x50, 0xE3, 0xFC, 0xFF, 0xFF, 0x1A, 0xBC, 0x1A, 0xD9, 0xE1
	.byte 0x06, 0x00, 0xA0, 0xE3, 0xF3, 0xFF, 0xFF, 0xEA, 0x01, 0x00, 0xA0, 0xE3, 0x02, 0x00, 0x00, 0xEA
	.byte 0x10, 0x00, 0xA0, 0xE3, 0xB8, 0x00, 0xC9, 0xE1, 0x00, 0x00, 0xA0, 0xE3, 0xFC, 0x47, 0xBD, 0xE8
	.byte 0x1E, 0xFF, 0x2F, 0xE1, 0xF4, 0xFF, 0x80, 0x03, 0x88, 0x13, 0x00, 0x00, 0x40, 0x80, 0x80, 0x04
	.byte 0xDC, 0x05, 0x00, 0x00, 0xA4, 0x81, 0x80, 0x04, 0x23, 0x08, 0x00, 0x00, 0xA0, 0x81, 0x80, 0x04
	.byte 0x00, 0x40, 0x80, 0x04, 0x55, 0x55, 0x00, 0x00, 0xEC, 0x07, 0x00, 0x00, 0x94, 0x81, 0x80, 0x04
	.byte 0x12, 0x80, 0x80, 0x04, 0x04, 0x80, 0x80, 0x04, 0x64, 0x00, 0x9F, 0xE5, 0x00, 0x00, 0x90, 0xE5
	.byte 0x03, 0x0C, 0x80, 0xE2, 0xBC, 0x05, 0xD0, 0xE1, 0x00, 0x00, 0x50, 0xE3, 0x08, 0x00, 0x00, 0x0A
	.byte 0x50, 0x00, 0x9F, 0xE5, 0x00, 0x20, 0xA0, 0xE3, 0xB0, 0x20, 0xC0, 0xE1, 0x48, 0x10, 0x9F, 0xE5
	.byte 0xB4, 0x20, 0xC0, 0xE1, 0xB0, 0x00, 0xD1, 0xE1, 0x02, 0x09, 0x80, 0xE3, 0xB0, 0x00, 0xC1, 0xE1
	.byte 0x1E, 0xFF, 0x2F, 0xE1, 0x34, 0x20, 0x9F, 0xE5, 0x01, 0x30, 0xA0, 0xE3, 0xB0, 0x30, 0xC2, 0xE1
	.byte 0x00, 0x10, 0xA0, 0xE3, 0xB8, 0x1A, 0x42, 0xE1, 0x02, 0x00, 0xA0, 0xE3, 0xBA, 0x09, 0x42, 0xE1
	.byte 0x01, 0x08, 0x63, 0xE2, 0xBC, 0x09, 0x42, 0xE1, 0xB8, 0x1E, 0xC2, 0xE1, 0xBC, 0x16, 0x42, 0xE1
	.byte 0x1E, 0xFF, 0x2F, 0xE1, 0xF4, 0xFF, 0x80, 0x03, 0x00, 0x40, 0x80, 0x04, 0xA0, 0x80, 0x80, 0x04
	.byte 0xAC, 0x80, 0x80, 0x04, 0x38, 0x40, 0x2D, 0xE9, 0x9C, 0x20, 0x9F, 0xE5, 0x01, 0x30, 0xA0, 0xE3
	.byte 0x00, 0x20, 0x92, 0xE5, 0x00, 0x50, 0xA0, 0xE3, 0xB2, 0x30, 0xC1, 0xE1, 0xD1, 0x4F, 0x82, 0xE2
	.byte 0xB8, 0x20, 0xD4, 0xE1, 0xF0, 0x10, 0x02, 0xE2, 0x10, 0x00, 0x51, 0xE3, 0x03, 0x00, 0xA0, 0x11
	.byte 0x1B, 0x00, 0x00, 0x1A, 0xB0, 0x11, 0xD0, 0xE1, 0x00, 0x00, 0x51, 0xE3, 0x0D, 0x00, 0x00, 0x0A
	.byte 0x01, 0x00, 0x51, 0xE3, 0x15, 0x00, 0x00, 0x1A, 0x10, 0x00, 0x52, 0xE3, 0x03, 0x00, 0xA0, 0x11
	.byte 0x13, 0x00, 0x00, 0x1A, 0xB2, 0x01, 0xD0, 0xE1, 0x03, 0x10, 0xA0, 0xE1, 0x04, 0xE9, 0xFF, 0xEB
	.byte 0xBC, 0x50, 0xC4, 0xE1, 0xA3, 0x1E, 0x20, 0xEB, 0x02, 0x09, 0xA0, 0xE3, 0xF2, 0xE9, 0xFF, 0xEB
	.byte 0x11, 0x00, 0xA0, 0xE3, 0x08, 0x00, 0x00, 0xEA, 0x11, 0x00, 0x52, 0xE3, 0x03, 0x00, 0x00, 0x1A
	.byte 0x05, 0x00, 0xA0, 0xE1, 0xEC, 0xE9, 0xFF, 0xEB, 0x6B, 0x1F, 0x20, 0xEB, 0x01, 0x00, 0x00, 0xEA
	.byte 0x03, 0x00, 0xA0, 0xE1, 0x02, 0x00, 0x00, 0xEA, 0x10, 0x00, 0xA0, 0xE3, 0xB8, 0x00, 0xC4, 0xE1
	.byte 0x00, 0x00, 0xA0, 0xE3, 0x38, 0x40, 0xBD, 0xE8, 0x1E, 0xFF, 0x2F, 0xE1, 0xF4, 0xFF, 0x80, 0x03
	.byte 0xF0, 0x47, 0x2D, 0xE9, 0x84, 0x51, 0x9F, 0xE5, 0x00, 0x90, 0xA0, 0xE1, 0x00, 0x40, 0x95, 0xE5
	.byte 0xB6, 0x11, 0xD9, 0xE1, 0x78, 0x01, 0x9F, 0xE5, 0xD1, 0x6F, 0x84, 0xE2, 0x00, 0x00, 0x51, 0xE1
	.byte 0xC7, 0x7F, 0x84, 0xE2, 0x00, 0xA0, 0xA0, 0xE3, 0x05, 0x00, 0xA0, 0x83, 0x55, 0x00, 0x00, 0x8A
	.byte 0xB2, 0x01, 0xD7, 0xE1, 0x01, 0x00, 0x50, 0xE3, 0x09, 0x00, 0x00, 0x1A, 0x28, 0x00, 0x89, 0xE2
	.byte 0xBA, 0xF0, 0xFF, 0xEB, 0x00, 0x80, 0xA0, 0xE1, 0xFF, 0x00, 0x58, 0xE3, 0x02, 0x00, 0x00, 0x0A
	.byte 0x6D, 0xF2, 0xFF, 0xEB, 0x40, 0x00, 0x50, 0xE3, 0x02, 0x00, 0x00, 0x0A, 0x0A, 0x00, 0xA0, 0xE3
	.byte 0x48, 0x00, 0x00, 0xEA, 0xB8, 0x88, 0xD6, 0xE1, 0xB2, 0x81, 0xC9, 0xE1, 0x00, 0x10, 0x95, 0xE5
	.byte 0xBE, 0x01, 0xD9, 0xE1, 0xEC, 0x13, 0x91, 0xE5, 0xFF, 0x00, 0x10, 0xE3, 0xB4, 0x11, 0xC9, 0xE1
	.byte 0xB0, 0x02, 0xC9, 0x11, 0xBE, 0xA1, 0xC9, 0x11, 0x02, 0x00, 0x00, 0x1A, 0x08, 0x00, 0xA0, 0xE1
	.byte 0x8D, 0xF2, 0xFF, 0xEB, 0xB0, 0x02, 0xC9, 0xE1, 0xB6, 0x11, 0xD9, 0xE1, 0x00, 0x00, 0x51, 0xE3
	.byte 0xBA, 0x18, 0xD6, 0x01, 0x1C, 0x00, 0xA0, 0x03, 0x40, 0x10, 0x81, 0x03, 0x01, 0x19, 0xC1, 0x03
	.byte 0xB4, 0x12, 0xC9, 0x01, 0xB2, 0x02, 0xC9, 0x01, 0x07, 0x00, 0x00, 0x0A, 0xBA, 0x08, 0xD6, 0xE1
	.byte 0xB4, 0x02, 0xC9, 0xE1, 0xB8, 0x01, 0xD7, 0xE1, 0x00, 0x00, 0x50, 0xE3, 0x1C, 0x00, 0x81, 0x02
	.byte 0xB2, 0x02, 0xC9, 0x01, 0x24, 0x00, 0x81, 0x12, 0xB2, 0x02, 0xC9, 0x11, 0xB2, 0x01, 0xD7, 0xE1
	.byte 0x01, 0x00, 0x50, 0xE3, 0x03, 0x00, 0x00, 0x0A, 0x02, 0x00, 0x50, 0xE3, 0x03, 0x00, 0x50, 0x13
	.byte 0x15, 0x00, 0x00, 0x0A, 0x22, 0x00, 0x00, 0xEA, 0x34, 0x00, 0x89, 0xE2, 0x2E, 0x10, 0x89, 0xE2
	.byte 0x9A, 0xEA, 0xFF, 0xEB, 0x2E, 0x00, 0x89, 0xE2, 0x64, 0x10, 0x86, 0xE2, 0x97, 0xEA, 0xFF, 0xEB
	.byte 0x00, 0x00, 0x58, 0xE3, 0x0B, 0x00, 0x00, 0x1A, 0x09, 0x10, 0xA0, 0xE1, 0x02, 0x0C, 0x84, 0xE2
	.byte 0xFC, 0xF0, 0xFF, 0xEB, 0x00, 0x00, 0x95, 0xE5, 0x05, 0x0C, 0x80, 0xE2, 0xB6, 0x13, 0xD0, 0xE1
	.byte 0xB2, 0x23, 0xD0, 0xE1, 0x01, 0x00, 0xE0, 0xE1, 0x00, 0x00, 0x12, 0xE1, 0x10, 0x00, 0x00, 0x1A
	.byte 0x02, 0x00, 0xA0, 0xE3, 0x0D, 0x00, 0x00, 0xEA, 0x05, 0x00, 0x00, 0xEA, 0x34, 0x00, 0x89, 0xE2
	.byte 0x28, 0x10, 0x89, 0xE2, 0x85, 0xEA, 0xFF, 0xEB, 0x28, 0x00, 0x89, 0xE2, 0x64, 0x10, 0x86, 0xE2
	.byte 0x82, 0xEA, 0xFF, 0xEB, 0x10, 0x00, 0x89, 0xE2, 0x01, 0xF1, 0xFF, 0xEB, 0x09, 0x20, 0xA0, 0xE1
	.byte 0x02, 0x0C, 0x84, 0xE2, 0x65, 0x1F, 0x84, 0xE2, 0x21, 0x1D, 0x20, 0xEB, 0x00, 0x00, 0xA0, 0xE3
	.byte 0xD3, 0x01, 0x00, 0xEB, 0x81, 0x00, 0xA0, 0xE3, 0xF0, 0x47, 0xBD, 0xE8, 0x1E, 0xFF, 0x2F, 0xE1
	.byte 0xF4, 0xFF, 0x80, 0x03, 0xE4, 0x05, 0x00, 0x00, 0xF8, 0x4F, 0x2D, 0xE9, 0x80, 0x21, 0x9F, 0xE5
	.byte 0x00, 0xA0, 0xA0, 0xE1, 0x00, 0x20, 0x92, 0xE5, 0x01, 0x90, 0xA0, 0xE3, 0x06, 0x0C, 0x82, 0xE2
	.byte 0xB4, 0x69, 0xD0, 0xE1, 0xC7, 0x4F, 0x82, 0xE2, 0xB2, 0x90, 0xC1, 0xE1, 0xB2, 0x11, 0xD4, 0xE1
	.byte 0x2C, 0x00, 0x82, 0xE2, 0x02, 0x00, 0x51, 0xE3, 0x01, 0x5B, 0x80, 0xE2, 0x00, 0x10, 0xA0, 0xE3
	.byte 0x0B, 0x00, 0xA0, 0x13, 0x50, 0x00, 0x00, 0x1A, 0xB0, 0x01, 0xDA, 0xE1, 0x81, 0x0F, 0x50, 0xE3
	.byte 0x05, 0x00, 0xA0, 0x83, 0x4C, 0x00, 0x00, 0x8A, 0xB0, 0x05, 0xD5, 0xE1, 0x50, 0xB0, 0x85, 0xE2
	.byte 0x00, 0x00, 0x50, 0xE3, 0x01, 0x90, 0xA0, 0x01, 0x14, 0x00, 0xA0, 0xE3, 0x99, 0x00, 0x08, 0xE0
	.byte 0xB8, 0x30, 0x9B, 0xE1, 0x00, 0x00, 0x53, 0xE3, 0x08, 0x00, 0xA0, 0x13, 0x42, 0x00, 0x00, 0x1A
	.byte 0x10, 0x31, 0x9F, 0xE5, 0xB0, 0x30, 0xD3, 0xE1, 0x02, 0x09, 0x13, 0xE3, 0x08, 0x00, 0xA0, 0x13
	.byte 0x3D, 0x00, 0x00, 0x1A, 0x08, 0x30, 0x85, 0xE0, 0x58, 0x70, 0x93, 0xE5, 0xF8, 0x30, 0x9F, 0xE5
	.byte 0xB0, 0x10, 0xC7, 0xE1, 0xB4, 0x10, 0xC7, 0xE1, 0xB8, 0x00, 0xC7, 0xE1, 0xB0, 0x01, 0xDA, 0xE1
	.byte 0xEA, 0x1F, 0x82, 0xE2, 0x1E, 0x00, 0x80, 0xE2, 0xBA, 0x00, 0xC7, 0xE1, 0x46, 0x0F, 0xA0, 0xE3
	.byte 0xBC, 0x00, 0xC7, 0xE1, 0x10, 0x00, 0x87, 0xE2, 0x08, 0x20, 0x84, 0xE2, 0x57, 0xEA, 0xFF, 0xEB
	.byte 0xB2, 0x01, 0xDA, 0xE1, 0xB4, 0x02, 0xC7, 0xE1, 0xB0, 0x01, 0xDA, 0xE1, 0x00, 0x00, 0x50, 0xE3
	.byte 0x06, 0x00, 0x00, 0x0A, 0x00, 0x00, 0x59, 0xE3, 0x00, 0x00, 0x00, 0x1A, 0x6D, 0xEA, 0xFF, 0xEB
	.byte 0x14, 0x10, 0x9A, 0xE5, 0xB0, 0x21, 0xDA, 0xE1, 0x26, 0x00, 0x87, 0xE2, 0x0E, 0xED, 0xFF, 0xEB
	.byte 0x04, 0x00, 0x16, 0xE3, 0x09, 0x00, 0x00, 0x0A, 0xB0, 0x01, 0xDA, 0xE1, 0x24, 0x10, 0x87, 0xE2
	.byte 0x02, 0x00, 0x80, 0xE2, 0x00, 0x00, 0x81, 0xE0, 0x03, 0x00, 0x80, 0xE2, 0x7C, 0x10, 0x9F, 0xE5
	.byte 0x03, 0x20, 0xC0, 0xE3, 0x78, 0x00, 0x9F, 0xE5, 0xB0, 0x10, 0xC2, 0xE1, 0xB2, 0x00, 0xC2, 0xE1
	.byte 0x01, 0x04, 0xA0, 0xE3, 0xB5, 0x2A, 0x20, 0xEB, 0x02, 0x20, 0xA0, 0xE3, 0x64, 0x10, 0x9F, 0xE5
	.byte 0xB8, 0x20, 0x8B, 0xE1, 0x52, 0x50, 0x85, 0xE2, 0xB8, 0x20, 0x95, 0xE1, 0x01, 0x10, 0x07, 0xE0
	.byte 0x01, 0x30, 0x82, 0xE2, 0xA1, 0x20, 0xA0, 0xE1, 0x38, 0x10, 0x9F, 0xE5, 0xB8, 0x30, 0x85, 0xE1
	.byte 0x02, 0x29, 0x82, 0xE3, 0xB0, 0x20, 0xC1, 0xE1, 0xBE, 0x11, 0xD4, 0xE1, 0x00, 0x40, 0xA0, 0xE1
	.byte 0x01, 0x0C, 0xA0, 0xE1, 0xA0, 0x0F, 0xB0, 0xE1, 0x00, 0x00, 0x00, 0x1A, 0x05, 0xEA, 0xFF, 0xEB
	.byte 0x04, 0x00, 0xA0, 0xE1, 0x85, 0x2A, 0x20, 0xEB, 0x00, 0x00, 0xA0, 0xE3, 0xF8, 0x4F, 0xBD, 0xE8
	.byte 0x1E, 0xFF, 0x2F, 0xE1, 0xF4, 0xFF, 0x80, 0x03, 0x94, 0x80, 0x80, 0x04, 0x7C, 0x6F, 0xFF, 0x02
	.byte 0xB8, 0xB6, 0x00, 0x00, 0x46, 0x1D, 0x00, 0x00, 0xFF, 0x3F, 0x00, 0x00, 0xFE, 0x4F, 0x2D, 0xE9
	.byte 0x84, 0x24, 0x9F, 0xE5, 0x00, 0xA0, 0xA0, 0xE1, 0x00, 0x40, 0x92, 0xE5, 0x01, 0x90, 0xA0, 0xE3
	.byte 0x06, 0x0C, 0x84, 0xE2, 0xB4, 0x09, 0xD0, 0xE1, 0xC7, 0x7F, 0x84, 0xE2, 0xB2, 0x90, 0xC1, 0xE1
	.byte 0xB2, 0x11, 0xD7, 0xE1, 0x04, 0x00, 0x8D, 0xE5, 0x2C, 0x00, 0x84, 0xE2, 0x01, 0x6B, 0x80, 0xE2
	.byte 0x01, 0x00, 0x51, 0xE3, 0x0B, 0x00, 0xA0, 0x13, 0x11, 0x01, 0x00, 0x1A, 0xBC, 0x03, 0xD6, 0xE1
	.byte 0x00, 0x00, 0x50, 0xE3, 0x08, 0x00, 0xA0, 0x13, 0x0D, 0x01, 0x00, 0x1A, 0xB0, 0x01, 0xDA, 0xE1
	.byte 0x44, 0x50, 0x96, 0xE5, 0x02, 0x09, 0x10, 0xE3, 0x0F, 0x00, 0x00, 0x0A, 0x02, 0x00, 0x10, 0xE3
	.byte 0xB4, 0x09, 0xD6, 0x01, 0xB4, 0x01, 0xCA, 0x01, 0xB0, 0x01, 0xDA, 0xE1, 0x04, 0x00, 0x10, 0xE3
	.byte 0xB0, 0x0A, 0xD6, 0x01, 0xB6, 0x01, 0xCA, 0x01, 0xB0, 0x01, 0xDA, 0xE1, 0x08, 0x00, 0x10, 0xE3
	.byte 0xB6, 0x09, 0xD6, 0x01, 0xB8, 0x01, 0xCA, 0x01, 0xB0, 0x01, 0xDA, 0xE1, 0x10, 0x00, 0x10, 0xE3
	.byte 0xBC, 0x09, 0xD6, 0x01, 0x00, 0x90, 0xA0, 0x03, 0xBC, 0x01, 0xCA, 0x01, 0xBC, 0x01, 0xDA, 0xE1
	.byte 0x81, 0x0F, 0x50, 0xE3, 0x05, 0x00, 0xA0, 0x83, 0xF5, 0x00, 0x00, 0x8A, 0x02, 0x10, 0xA0, 0xE3
	.byte 0x00, 0x80, 0xA0, 0xE3, 0x04, 0x00, 0x00, 0xEA, 0xB6, 0x01, 0xDA, 0xE1, 0x01, 0x00, 0x10, 0xE1
	.byte 0x81, 0x08, 0xA0, 0xE1, 0x01, 0x80, 0x88, 0x12, 0x20, 0x18, 0xA0, 0xE1, 0x00, 0x00, 0x51, 0xE3
	.byte 0xF8, 0xFF, 0xFF, 0x1A, 0xB4, 0x01, 0xDA, 0xE1, 0xB4, 0x09, 0xC6, 0xE1, 0xB4, 0x01, 0xDA, 0xE1
	.byte 0x02, 0x09, 0x10, 0xE3, 0x0B, 0x00, 0x00, 0x0A, 0xA0, 0x13, 0x9F, 0xE5, 0xEA, 0x20, 0xA0, 0xE3
	.byte 0x01, 0x00, 0x00, 0xE0, 0xB4, 0x01, 0xCA, 0xE1, 0xB4, 0x01, 0xDA, 0xE1, 0xD0, 0x00, 0x40, 0xE2
	.byte 0x20, 0x01, 0xA0, 0xE1, 0xBE, 0x20, 0xC5, 0xE1, 0x01, 0x08, 0x50, 0xE3, 0x15, 0x00, 0x00, 0x9A
	.byte 0x05, 0x00, 0xA0, 0xE3, 0xDA, 0x00, 0x00, 0xEA, 0x04, 0x10, 0x9D, 0xE5, 0x02, 0x00, 0x11, 0xE3
	.byte 0x01, 0x30, 0xA0, 0x13, 0x00, 0x30, 0xA0, 0x03, 0x02, 0x10, 0xA0, 0x13, 0x06, 0x20, 0xA0, 0x13
	.byte 0x03, 0x10, 0xA0, 0x01, 0x03, 0x20, 0xA0, 0x01, 0x03, 0x00, 0x80, 0xE0, 0x06, 0x30, 0x83, 0xE2
	.byte 0x02, 0x3C, 0x83, 0xE2, 0x03, 0x00, 0x50, 0xE1, 0x05, 0x00, 0xA0, 0x83, 0xCC, 0x00, 0x00, 0x8A
	.byte 0x00, 0x31, 0xA0, 0xE1, 0xD0, 0x30, 0x83, 0xE2, 0x03, 0x10, 0x81, 0xE0, 0xB4, 0x11, 0xCA, 0xE1
	.byte 0xEA, 0x10, 0x82, 0xE2, 0xBE, 0x10, 0xC5, 0xE1, 0x09, 0x00, 0x80, 0xE2, 0x01, 0xB0, 0xC0, 0xE3
	.byte 0x9B, 0x08, 0x00, 0xE0, 0x00, 0x00, 0x8D, 0xE5, 0x00, 0x10, 0x9D, 0xE5, 0x62, 0x0F, 0x84, 0xE2
	.byte 0x1A, 0x10, 0x81, 0xE2, 0x08, 0x1C, 0x20, 0xEB, 0x90, 0x00, 0x86, 0xE5, 0x00, 0x00, 0x50, 0xE3
	.byte 0x08, 0x00, 0xA0, 0x03, 0xBA, 0x00, 0x00, 0x0A, 0x01, 0x00, 0xA0, 0xE3, 0xBC, 0x03, 0xC6, 0xE1
	.byte 0xBE, 0x03, 0xD6, 0xE1, 0x08, 0x30, 0x87, 0xE2, 0x01, 0x00, 0x80, 0xE2, 0xBE, 0x03, 0xC6, 0xE1
	.byte 0xB8, 0x01, 0xDA, 0xE1, 0x14, 0x20, 0xA0, 0xE3, 0xB6, 0x09, 0xC6, 0xE1, 0xB6, 0x01, 0xDA, 0xE1
	.byte 0x8A, 0x7F, 0xA0, 0xE3, 0xB8, 0x09, 0xC6, 0xE1, 0x00, 0x00, 0xA0, 0xE3, 0xBA, 0x09, 0xC6, 0xE1
	.byte 0xBC, 0x01, 0xDA, 0xE1, 0xBC, 0x09, 0xC6, 0xE1, 0xB2, 0x11, 0xDA, 0xE1, 0x10, 0x00, 0x85, 0xE2
	.byte 0xBE, 0x19, 0xC6, 0xE1, 0x00, 0x10, 0xA0, 0xE3, 0xB0, 0x10, 0xC5, 0xE1, 0xB6, 0xC1, 0xDA, 0xE1
	.byte 0x9C, 0x12, 0x9F, 0xE5, 0xB2, 0xC0, 0xC5, 0xE1, 0x00, 0xC0, 0xA0, 0xE3, 0xB4, 0xC0, 0xC5, 0xE1
	.byte 0xB8, 0x20, 0xC5, 0xE1, 0xBC, 0xC1, 0xDA, 0xE1, 0xEA, 0x2F, 0x84, 0xE2, 0x22, 0xC0, 0x8C, 0xE2
	.byte 0xBA, 0xC0, 0xC5, 0xE1, 0xBC, 0x70, 0xC5, 0xE1, 0xB4, 0x71, 0xDA, 0xE1, 0xBE, 0xE0, 0xD5, 0xE1
	.byte 0x0A, 0x70, 0x87, 0xE2, 0x97, 0x08, 0x0C, 0xE0, 0x0C, 0x78, 0xA0, 0xE1, 0x27, 0x78, 0x8E, 0xE0
	.byte 0xBE, 0x70, 0xC5, 0xE1, 0x91, 0xE9, 0xFF, 0xEB, 0xB0, 0x01, 0xDA, 0xE1, 0x02, 0x09, 0x10, 0xE3
	.byte 0x01, 0x00, 0xA0, 0x13, 0xB2, 0x12, 0xD5, 0x11, 0x01, 0x08, 0x60, 0x12, 0x00, 0x00, 0x51, 0x11
	.byte 0x40, 0x02, 0x9F, 0x05, 0x01, 0x79, 0xA0, 0x13, 0xB2, 0x02, 0xC5, 0x01, 0xB4, 0x01, 0xDA, 0xE1
	.byte 0x00, 0x70, 0xA0, 0x03, 0xB4, 0x02, 0xC5, 0xE1, 0xB6, 0x01, 0xDA, 0xE1, 0x00, 0x00, 0x59, 0xE3
	.byte 0xB6, 0x02, 0xC5, 0xE1, 0xBE, 0x01, 0xDA, 0xE1, 0xB8, 0x02, 0xC5, 0xE1, 0xBC, 0x01, 0xDA, 0x11
	.byte 0x00, 0x00, 0x50, 0x13, 0x04, 0x00, 0x00, 0x0A, 0x9A, 0xE9, 0xFF, 0xEB, 0x20, 0x10, 0x9A, 0xE5
	.byte 0x2A, 0x00, 0x85, 0xE2, 0xBC, 0x21, 0xDA, 0xE1, 0x3B, 0xEC, 0xFF, 0xEB, 0x04, 0x00, 0x9D, 0xE5
	.byte 0x04, 0x00, 0x10, 0xE3, 0x09, 0x00, 0x00, 0x0A, 0xBC, 0x01, 0xDA, 0xE1, 0x28, 0x10, 0x85, 0xE2
	.byte 0x02, 0x00, 0x80, 0xE2, 0x00, 0x00, 0x81, 0xE0, 0x03, 0x00, 0x80, 0xE2, 0xD8, 0x11, 0x9F, 0xE5
	.byte 0x03, 0x20, 0xC0, 0xE3, 0xD4, 0x01, 0x9F, 0xE5, 0xB0, 0x10, 0xC2, 0xE1, 0xB2, 0x00, 0xC2, 0xE1
	.byte 0x90, 0x00, 0x96, 0xE5, 0x61, 0x1F, 0xA0, 0xE3, 0xBC, 0x10, 0xC0, 0xE1, 0x00, 0x00, 0x9D, 0xE5
	.byte 0x90, 0x10, 0x96, 0xE5, 0x0B, 0x00, 0x80, 0xE2, 0xA0, 0x00, 0xA0, 0xE1, 0xBE, 0x00, 0xC1, 0xE1
	.byte 0xB6, 0x11, 0xDA, 0xE1, 0x90, 0x00, 0x96, 0xE5, 0x01, 0x20, 0xA0, 0xE3, 0xB0, 0x11, 0xC0, 0xE1
	.byte 0x90, 0x00, 0x96, 0xE5, 0x02, 0x30, 0xA0, 0xE3, 0xB4, 0x81, 0xC0, 0xE1, 0x90, 0x00, 0x96, 0xE5
	.byte 0xB6, 0xB1, 0xC0, 0xE1, 0x90, 0x10, 0x96, 0xE5, 0x00, 0x00, 0xA0, 0xE3, 0xB8, 0x01, 0xC1, 0xE1
	.byte 0x90, 0x00, 0x96, 0xE5, 0x1A, 0x10, 0x80, 0xE2, 0x68, 0x01, 0x9F, 0xE5, 0x0A, 0x00, 0x00, 0xEA
	.byte 0xB6, 0x91, 0xDA, 0xE1, 0x03, 0x00, 0x19, 0xE1, 0xB0, 0x00, 0xC1, 0x11, 0x00, 0x90, 0xA0, 0x13
	.byte 0xB2, 0x90, 0xC1, 0x11, 0xB6, 0x90, 0xC1, 0x11, 0xB4, 0x20, 0xC1, 0x11, 0x83, 0x38, 0xA0, 0xE1
	.byte 0x0B, 0x10, 0x81, 0x10, 0x23, 0x38, 0xA0, 0xE1, 0x01, 0x20, 0x82, 0xE2, 0x00, 0x00, 0x53, 0xE3
	.byte 0xF2, 0xFF, 0xFF, 0x1A, 0xB4, 0x01, 0xDA, 0xE1, 0x34, 0x91, 0x9F, 0xE5, 0xB0, 0x00, 0xC9, 0xE1
	.byte 0xBE, 0x00, 0xD5, 0xE1, 0xB4, 0x00, 0x49, 0xE1, 0xBA, 0x11, 0xDA, 0xE1, 0xB8, 0x01, 0xDA, 0xE1
	.byte 0x01, 0xB8, 0x61, 0xE2, 0x00, 0x00, 0x50, 0xE3, 0x19, 0x00, 0x00, 0x1A, 0xB4, 0x0C, 0x59, 0xE1
	.byte 0xBC, 0x11, 0xDA, 0xE1, 0x51, 0x0D, 0x50, 0xE3, 0xB4, 0x01, 0xDA, 0xE1, 0x22, 0x10, 0x81, 0xE2
	.byte 0x90, 0x08, 0x02, 0xE0, 0x01, 0x11, 0xA0, 0xE1, 0x60, 0x30, 0x81, 0xE2, 0xFA, 0x3F, 0x83, 0x12
	.byte 0xE2, 0x0F, 0x82, 0xE2, 0x00, 0x00, 0x83, 0xE0, 0x0A, 0x10, 0xA0, 0xE3, 0x32, 0x00, 0x80, 0xE2
	.byte 0xA3, 0x27, 0x20, 0xEB, 0x00, 0x40, 0xA0, 0xE1, 0xBF, 0x34, 0x20, 0xEB, 0xD4, 0x10, 0x9F, 0xE5
	.byte 0xD4, 0x20, 0x9F, 0xE5, 0x01, 0x10, 0x05, 0xE0, 0xA1, 0x10, 0xA0, 0xE1, 0x02, 0x19, 0x81, 0xE3
	.byte 0xB0, 0x40, 0xC2, 0xE1, 0x07, 0x10, 0x81, 0xE1, 0xB8, 0x18, 0x42, 0xE1, 0xBB, 0x34, 0x20, 0xEB
	.byte 0x22, 0x00, 0x00, 0xEA, 0xB4, 0x34, 0x20, 0xEB, 0xB4, 0x13, 0xD9, 0xE1, 0x00, 0x80, 0xA0, 0xE1
	.byte 0x01, 0x00, 0x8B, 0xE0, 0x00, 0x08, 0xA0, 0xE1, 0x20, 0x08, 0xA0, 0xE1, 0x0A, 0x10, 0xA0, 0xE3
	.byte 0x8F, 0x27, 0x20, 0xEB, 0xB8, 0x21, 0xDA, 0xE1, 0x03, 0x10, 0x80, 0xE2, 0x02, 0x00, 0x51, 0xE1
	.byte 0x0A, 0x00, 0x00, 0x2A, 0x7C, 0x10, 0x9F, 0xE5, 0x00, 0x20, 0x42, 0xE0, 0x01, 0x00, 0x05, 0xE0
	.byte 0x01, 0x10, 0x42, 0xE2, 0xA0, 0x00, 0xA0, 0xE1, 0x02, 0x09, 0x80, 0xE3, 0xB4, 0x15, 0xC9, 0xE1
	.byte 0x07, 0x10, 0x80, 0xE1, 0x08, 0x00, 0xA0, 0xE1, 0xB4, 0x13, 0x49, 0xE1, 0xE6, 0xFF, 0xFF, 0xEA
	.byte 0x08, 0x00, 0xA0, 0xE1, 0xA1, 0x34, 0x20, 0xEB, 0x90, 0x10, 0x96, 0xE5, 0x62, 0x0F, 0x84, 0xE2
	.byte 0x77, 0x1B, 0x20, 0xEB, 0x00, 0x00, 0xA0, 0xE3, 0xBC, 0x03, 0xC6, 0xE1, 0xBE, 0x13, 0xD6, 0xE1
	.byte 0x05, 0x00, 0xA0, 0xE3, 0x01, 0x10, 0x41, 0xE2, 0xBE, 0x13, 0xC6, 0xE1, 0x00, 0x00, 0x00, 0xEA
	.byte 0x00, 0x00, 0xA0, 0xE3, 0xFE, 0x4F, 0xBD, 0xE8, 0x1E, 0xFF, 0x2F, 0xE1, 0xF4, 0xFF, 0x80, 0x03
	.byte 0xFF, 0x7F, 0x00, 0x00, 0x8C, 0x6F, 0xFF, 0x02, 0xFF, 0xFF, 0x00, 0x00, 0xB8, 0xB6, 0x00, 0x00
	.byte 0x46, 0x1D, 0x00, 0x00, 0xC4, 0x80, 0x80, 0x04, 0xFF, 0x3F, 0x00, 0x00, 0x18, 0x81, 0x80, 0x04
	.byte 0x38, 0x40, 0x2D, 0xE9, 0x01, 0x20, 0xA0, 0xE3, 0xB2, 0x20, 0xC1, 0xE1, 0x00, 0x50, 0xA0, 0xE1
	.byte 0xB6, 0x11, 0xD5, 0xE1, 0x01, 0x28, 0x62, 0xE2, 0x00, 0x40, 0xA0, 0xE3, 0x10, 0x00, 0x85, 0xE2
	.byte 0xBC, 0x20, 0xC5, 0xE1, 0xB2, 0x41, 0xC5, 0xE1, 0xB2, 0x12, 0xC5, 0xE1, 0x54, 0xEF, 0xFF, 0xEB
	.byte 0x24, 0x00, 0x9F, 0xE5, 0x05, 0x20, 0xA0, 0xE1, 0x00, 0x10, 0x90, 0xE5, 0x02, 0x0C, 0x81, 0xE2
	.byte 0x65, 0x1F, 0x81, 0xE2, 0x72, 0x1B, 0x20, 0xEB, 0x04, 0x00, 0xA0, 0xE1, 0x24, 0x00, 0x00, 0xEB
	.byte 0x04, 0x00, 0xA0, 0xE1, 0x38, 0x40, 0xBD, 0xE8, 0x1E, 0xFF, 0x2F, 0xE1, 0xF4, 0xFF, 0x80, 0x03
	.byte 0x10, 0x40, 0x2D, 0xE9, 0x01, 0x20, 0xA0, 0xE3, 0xB2, 0x20, 0xC1, 0xE1, 0x00, 0x40, 0xA0, 0xE1
	.byte 0xB0, 0x01, 0xD4, 0xE1, 0x01, 0x00, 0x10, 0xE3, 0x00, 0x00, 0x00, 0x0A, 0x07, 0x03, 0x00, 0xEB
	.byte 0xB0, 0x01, 0xD4, 0xE1, 0x02, 0x00, 0x10, 0xE3, 0x00, 0x00, 0x00, 0x0A, 0x1F, 0x03, 0x00, 0xEB
	.byte 0xB0, 0x01, 0xD4, 0xE1, 0x04, 0x00, 0x10, 0xE3, 0x00, 0x00, 0x00, 0x0A, 0x30, 0x03, 0x00, 0xEB
	.byte 0x00, 0x00, 0xA0, 0xE3, 0x10, 0x40, 0xBD, 0xE8, 0x1E, 0xFF, 0x2F, 0xE1, 0x08, 0x40, 0x2D, 0xE9
	.byte 0xBE, 0x20, 0xD1, 0xE1, 0x02, 0x30, 0xA0, 0xE3, 0x82, 0xE0, 0x81, 0xE0, 0xB0, 0xC1, 0xDE, 0xE1
	.byte 0x00, 0x20, 0xA0, 0xE3, 0xBC, 0xC0, 0xC1, 0xE1, 0xB2, 0x31, 0xCE, 0xE1, 0xB4, 0x21, 0xCE, 0xE1
	.byte 0xB8, 0x21, 0xD1, 0xE1, 0xB6, 0x21, 0xCE, 0xE1, 0x3D, 0x1C, 0x20, 0xEB, 0x08, 0x40, 0xBD, 0xE8
	.byte 0x1E, 0xFF, 0x2F, 0xE1, 0xFE, 0x4F, 0x2D, 0xE9, 0x10, 0x12, 0x9F, 0xE5, 0x00, 0xA0, 0xA0, 0xE1
	.byte 0x00, 0x20, 0x91, 0xE5, 0x0C, 0x00, 0xA0, 0xE3, 0x65, 0x1F, 0x82, 0xE2, 0x9A, 0x10, 0x26, 0xE0
	.byte 0x2C, 0x00, 0x82, 0xE2, 0x01, 0x4B, 0x80, 0xE2, 0x14, 0x00, 0xA0, 0xE3, 0xB8, 0x10, 0xD6, 0xE1
	.byte 0x9A, 0x40, 0x25, 0xE0, 0x00, 0x00, 0x51, 0xE3, 0xD1, 0xBF, 0x82, 0xE2, 0x75, 0x00, 0x00, 0x0A
	.byte 0x01, 0x04, 0xA0, 0xE3, 0x21, 0x29, 0x20, 0xEB, 0xB0, 0x10, 0xD5, 0xE1, 0x00, 0x00, 0x8D, 0xE5
	.byte 0x00, 0x00, 0x51, 0xE3, 0x00, 0x00, 0x00, 0x0A, 0x6D, 0x00, 0x00, 0xEA, 0x00, 0x70, 0x96, 0xE5
	.byte 0x00, 0x00, 0xE0, 0xE3, 0x08, 0x00, 0x8D, 0xE5, 0x08, 0x00, 0x9D, 0xE5, 0x00, 0x00, 0x57, 0xE1
	.byte 0x00, 0x00, 0x00, 0x1A, 0x65, 0x00, 0x00, 0xEA, 0x07, 0x00, 0xA0, 0xE1, 0x04, 0x70, 0x8D, 0xE5
	.byte 0x69, 0x1B, 0x20, 0xEB, 0x07, 0x10, 0xA0, 0xE1, 0x10, 0x80, 0x81, 0xE2, 0x00, 0x70, 0xA0, 0xE1
	.byte 0xB2, 0x90, 0xD8, 0xE1, 0x08, 0x00, 0xA0, 0xE1, 0xBA, 0x00, 0x00, 0xEB, 0x00, 0x00, 0x50, 0xE3
	.byte 0x0D, 0x00, 0x00, 0x0A, 0xBE, 0x1A, 0xD4, 0xE1, 0x08, 0x00, 0xA0, 0xE1, 0x01, 0x10, 0x81, 0xE2
	.byte 0xBE, 0x1A, 0xC4, 0xE1, 0x02, 0x10, 0xA0, 0xE3, 0xB8, 0x10, 0xC8, 0xE1, 0xB4, 0x20, 0xD5, 0xE1
	.byte 0x00, 0x10, 0xA0, 0xE3, 0x01, 0x20, 0x82, 0xE2, 0xB4, 0x20, 0xC5, 0xE1, 0x10, 0x20, 0x95, 0xE5
	.byte 0x0F, 0xE0, 0xA0, 0xE1, 0x12, 0xFF, 0x2F, 0xE1, 0xE2, 0xFF, 0xFF, 0xEA, 0x00, 0x00, 0x5A, 0xE3
	.byte 0x05, 0x00, 0x00, 0x0A, 0x01, 0x00, 0x5A, 0xE3, 0x13, 0x00, 0x00, 0x1A, 0x09, 0x00, 0xA0, 0xE1
	.byte 0x11, 0xF0, 0xFF, 0xEB, 0x40, 0x00, 0x50, 0xE3, 0x0F, 0x00, 0x00, 0x1A, 0x09, 0x00, 0xA0, 0xE1
	.byte 0x15, 0xF0, 0xFF, 0xEB, 0x00, 0x00, 0x50, 0xE3, 0xD6, 0xFF, 0xFF, 0x0A, 0x09, 0x00, 0xA0, 0xE1
	.byte 0x09, 0xF0, 0xFF, 0xEB, 0x40, 0x00, 0x50, 0xE3, 0x07, 0x00, 0x00, 0x0A, 0x02, 0x20, 0xA0, 0xE3
	.byte 0x06, 0x00, 0xA0, 0xE1, 0x10, 0x10, 0x48, 0xE2, 0xB8, 0x20, 0xC8, 0xE1, 0xA6, 0xFF, 0xFF, 0xEB
	.byte 0x08, 0x00, 0xA0, 0xE1, 0xFD, 0xEE, 0xFF, 0xEB, 0xCA, 0xFF, 0xFF, 0xEA, 0x01, 0x00, 0xA0, 0xE3
	.byte 0xB0, 0x00, 0xC5, 0xE1, 0xB2, 0x00, 0xD5, 0xE1, 0x01, 0x00, 0x80, 0xE2, 0xB2, 0x00, 0xC5, 0xE1
	.byte 0x0C, 0x80, 0x85, 0xE5, 0xB0, 0x01, 0xDB, 0xE1, 0x08, 0x40, 0x95, 0xE5, 0x00, 0x00, 0x50, 0xE3
	.byte 0x01, 0x00, 0x00, 0x1A, 0x02, 0x00, 0xA0, 0xE3, 0x48, 0xE7, 0xFF, 0xEB, 0x04, 0x10, 0x9D, 0xE5
	.byte 0x04, 0x00, 0xA0, 0xE1, 0x2C, 0x00, 0x00, 0xEB, 0xBC, 0x00, 0xDB, 0xE1, 0x01, 0x00, 0x50, 0xE3
	.byte 0x0D, 0x00, 0x00, 0x1A, 0x00, 0x00, 0x59, 0xE3, 0x02, 0x00, 0x00, 0x1A, 0xB8, 0x00, 0xD6, 0xE1
	.byte 0x01, 0x00, 0x50, 0xE3, 0x05, 0x00, 0x00, 0x8A, 0x00, 0x00, 0x59, 0xE3, 0x06, 0x00, 0x00, 0x0A
	.byte 0x09, 0x00, 0xA0, 0xE1, 0x27, 0xF0, 0xFF, 0xEB, 0x01, 0x00, 0x50, 0xE3, 0x02, 0x00, 0x00, 0x9A
	.byte 0xBC, 0x00, 0xD4, 0xE1, 0x02, 0x0A, 0x80, 0xE3, 0xBC, 0x00, 0xC4, 0xE1, 0x60, 0x10, 0x9F, 0xE5
	.byte 0x60, 0x00, 0x9F, 0xE5, 0xB4, 0x51, 0xD8, 0xE1, 0x01, 0x20, 0x04, 0xE0, 0x0C, 0x10, 0x05, 0xE2
	.byte 0x04, 0x00, 0x51, 0xE3, 0xA2, 0x10, 0xA0, 0xE1, 0x0A, 0x31, 0x80, 0xE0, 0x01, 0x08, 0xA0, 0x01
	.byte 0x20, 0x08, 0xA0, 0x01, 0x0A, 0x0A, 0x80, 0x03, 0xB0, 0x00, 0xC3, 0x01, 0x07, 0x00, 0x00, 0x0A
	.byte 0xFC, 0x00, 0x05, 0xE2, 0x50, 0x00, 0x50, 0xE3, 0x01, 0x08, 0xA0, 0xE1, 0x20, 0x08, 0xA0, 0xE1
	.byte 0x09, 0x0A, 0x80, 0x03, 0xB0, 0x00, 0xC3, 0x01, 0x02, 0x09, 0x80, 0x13, 0xB0, 0x00, 0xC3, 0x11
	.byte 0x00, 0x00, 0x9D, 0xE5, 0x91, 0x28, 0x20, 0xEB, 0xFE, 0x4F, 0xBD, 0xE8, 0x1E, 0xFF, 0x2F, 0xE1
	.byte 0xF4, 0xFF, 0x80, 0x03, 0xFF, 0x3F, 0x00, 0x00, 0xA0, 0x80, 0x80, 0x04, 0x70, 0x40, 0x2D, 0xE9
	.byte 0x01, 0x50, 0xA0, 0xE1, 0xB4, 0x12, 0xD5, 0xE1, 0x34, 0x41, 0x9F, 0xE5, 0x00, 0x60, 0xA0, 0xE1
	.byte 0x01, 0x09, 0x11, 0xE3, 0x2D, 0x00, 0x00, 0x0A, 0x00, 0x00, 0x94, 0xE5, 0x03, 0x0C, 0x80, 0xE2
	.byte 0xB0, 0x05, 0xD0, 0xE1, 0x03, 0x00, 0x50, 0xE3, 0x00, 0x00, 0x00, 0x1A, 0x41, 0xE8, 0xFF, 0xEB
	.byte 0xBC, 0x10, 0xD5, 0xE1, 0x0C, 0x01, 0x9F, 0xE5, 0x00, 0x00, 0x51, 0xE1, 0x04, 0x00, 0x00, 0x1A
	.byte 0xB6, 0x31, 0xD5, 0xE1, 0x06, 0x00, 0xA0, 0xE1, 0x18, 0x10, 0x85, 0xE2, 0x3C, 0x20, 0x85, 0xE2
	.byte 0x03, 0x00, 0x00, 0xEA, 0x3C, 0x20, 0x95, 0xE5, 0xB6, 0x31, 0xD5, 0xE1, 0x06, 0x00, 0xA0, 0xE1
	.byte 0x18, 0x10, 0x85, 0xE2, 0xF1, 0xEA, 0xFF, 0xEB, 0xDC, 0x20, 0x9F, 0xE5, 0xB0, 0x10, 0xD2, 0xE1
	.byte 0xB0, 0x00, 0xD2, 0xE1, 0x00, 0x04, 0x81, 0xE0, 0xB4, 0x02, 0xC6, 0xE1, 0x00, 0x00, 0x94, 0xE5
	.byte 0xB0, 0x10, 0xD2, 0xE1, 0x03, 0x0C, 0x80, 0xE2, 0xB6, 0x03, 0xD0, 0xE1, 0xFF, 0x10, 0x01, 0xE2
	.byte 0x00, 0x07, 0x81, 0xE1, 0xB6, 0x02, 0xC6, 0xE1, 0x00, 0x00, 0x94, 0xE5, 0x06, 0x0C, 0x80, 0xE2
	.byte 0xB4, 0x09, 0xD0, 0xE1, 0x08, 0x00, 0x10, 0xE3, 0x15, 0x00, 0x00, 0x0A, 0xB2, 0x02, 0xD5, 0xE1
	.byte 0x0C, 0x10, 0x86, 0xE2, 0x00, 0x00, 0x81, 0xE0, 0x07, 0x00, 0x40, 0xE2, 0x01, 0x10, 0xC0, 0xE3
	.byte 0x00, 0x00, 0xA0, 0xE3, 0xB0, 0x00, 0xC1, 0xE1, 0xB2, 0x00, 0xC1, 0xE1, 0x0C, 0x00, 0x00, 0xEA
	.byte 0xBC, 0x20, 0xD5, 0xE1, 0x6C, 0x10, 0x9F, 0xE5, 0x01, 0x00, 0x52, 0xE1, 0x04, 0x00, 0x00, 0x1A
	.byte 0xB6, 0x21, 0xD5, 0xE1, 0x18, 0x10, 0x85, 0xE2, 0x24, 0x20, 0x82, 0xE2, 0xB6, 0xEA, 0xFF, 0xEB
	.byte 0x03, 0x00, 0x00, 0xEA, 0x3C, 0x20, 0x95, 0xE5, 0xB6, 0x31, 0xD5, 0xE1, 0x18, 0x10, 0x85, 0xE2
	.byte 0xB9, 0xEA, 0xFF, 0xEB, 0x00, 0x00, 0x94, 0xE5, 0x06, 0x0C, 0x80, 0xE2, 0xB4, 0x09, 0xD0, 0xE1
	.byte 0x04, 0x00, 0x10, 0xE3, 0x08, 0x00, 0x00, 0x0A, 0xB2, 0x02, 0xD5, 0xE1, 0x0C, 0x10, 0x86, 0xE2
	.byte 0x00, 0x00, 0x81, 0xE0, 0x01, 0x00, 0x40, 0xE2, 0x20, 0x10, 0x9F, 0xE5, 0x03, 0x20, 0xC0, 0xE3
	.byte 0x1C, 0x00, 0x9F, 0xE5, 0xB0, 0x10, 0xC2, 0xE1, 0xB2, 0x00, 0xC2, 0xE1, 0x70, 0x40, 0xBD, 0xE8
	.byte 0x1E, 0xFF, 0x2F, 0xE1, 0xF4, 0xFF, 0x80, 0x03, 0xFF, 0xFF, 0x00, 0x00, 0x44, 0x80, 0x80, 0x04
	.byte 0xB8, 0xB6, 0x00, 0x00, 0x46, 0x1D, 0x00, 0x00, 0x74, 0x10, 0x9F, 0xE5, 0xB4, 0x21, 0xD0, 0xE1
	.byte 0x00, 0x30, 0x91, 0xE5, 0x02, 0x1E, 0xA0, 0xE1, 0xD1, 0xCF, 0x83, 0xE2, 0xBC, 0x38, 0xDC, 0xE1
	.byte 0x21, 0x1F, 0xB0, 0xE1, 0x83, 0x19, 0xA0, 0xE1, 0x21, 0x38, 0xA0, 0xE1, 0x0A, 0x00, 0x00, 0x1A
	.byte 0xBC, 0x10, 0xDC, 0xE1, 0x01, 0x00, 0x51, 0xE3, 0x09, 0x00, 0x00, 0x1A, 0x02, 0x1C, 0xA0, 0xE1
	.byte 0x21, 0x1E, 0xA0, 0xE1, 0x01, 0x00, 0x51, 0xE3, 0x03, 0x00, 0x51, 0x13, 0x01, 0x00, 0x00, 0x0A
	.byte 0x0B, 0x00, 0x51, 0xE3, 0x02, 0x00, 0x00, 0x1A, 0xFF, 0xFF, 0xFF, 0xEA, 0x83, 0x16, 0xA0, 0xE1
	.byte 0x21, 0x38, 0xA0, 0xE1, 0xA8, 0x10, 0x9C, 0xE5, 0xB4, 0x00, 0xD0, 0xE1, 0x00, 0x00, 0x41, 0xE0
	.byte 0x00, 0x08, 0xA0, 0xE1, 0x20, 0x08, 0x53, 0xE1, 0x01, 0x00, 0xA0, 0x33, 0x00, 0x00, 0xA0, 0x23
	.byte 0x1E, 0xFF, 0x2F, 0xE1, 0xF4, 0xFF, 0x80, 0x03, 0xF8, 0x43, 0x2D, 0xE9, 0x50, 0x21, 0x9F, 0xE5
	.byte 0x00, 0x90, 0xA0, 0xE1, 0x00, 0x40, 0x92, 0xE5, 0x01, 0x80, 0xA0, 0xE1, 0x65, 0x5F, 0x84, 0xE2
	.byte 0xD1, 0x6F, 0x84, 0xE2, 0x10, 0x70, 0x49, 0xE2, 0x40, 0xEE, 0xFF, 0xEB, 0xB8, 0x00, 0xD9, 0xE1
	.byte 0x02, 0x00, 0x10, 0xE3, 0x11, 0x00, 0x00, 0x1A, 0x40, 0x05, 0x94, 0xE5, 0x01, 0x00, 0x80, 0xE2
	.byte 0x40, 0x05, 0x84, 0xE5, 0xB4, 0x01, 0xD9, 0xE1, 0x80, 0x0B, 0xA0, 0xE1, 0xA0, 0x0F, 0xB0, 0xE1
	.byte 0x01, 0x00, 0x00, 0x0A, 0xB4, 0x02, 0xD9, 0xE1, 0x00, 0x00, 0x00, 0xEA, 0xB8, 0x01, 0xD9, 0xE1
	.byte 0x01, 0x00, 0x10, 0xE3, 0x54, 0x05, 0x94, 0x15, 0x01, 0x00, 0x80, 0x12, 0x54, 0x05, 0x84, 0x15
	.byte 0x50, 0x05, 0x94, 0x05, 0x01, 0x00, 0x80, 0x02, 0x50, 0x05, 0x84, 0x05, 0x02, 0x00, 0x00, 0xEA
	.byte 0x44, 0x05, 0x94, 0xE5, 0x01, 0x00, 0x80, 0xE2, 0x44, 0x05, 0x84, 0xE5, 0xB4, 0x01, 0xD9, 0xE1
	.byte 0x07, 0x10, 0xA0, 0xE1, 0x80, 0x08, 0xA0, 0xE1, 0xA0, 0x0F, 0xB0, 0xE1, 0x58, 0x05, 0x94, 0x15
	.byte 0x01, 0x00, 0x80, 0x12, 0x58, 0x05, 0x84, 0x15, 0x05, 0x00, 0xA0, 0xE1, 0xC6, 0xFE, 0xFF, 0xEB
	.byte 0xAC, 0x00, 0x9F, 0xE5, 0x00, 0x10, 0xA0, 0xE3, 0x00, 0x00, 0x90, 0xE5, 0x01, 0x0B, 0x80, 0xE2
	.byte 0xBC, 0x12, 0xC0, 0xE1, 0xB2, 0x00, 0xD9, 0xE1, 0x2B, 0xEF, 0xFF, 0xEB, 0x00, 0x00, 0x50, 0xE3
	.byte 0x04, 0x00, 0x00, 0x0A, 0xB4, 0x01, 0xD9, 0xE1, 0x02, 0x0A, 0x10, 0xE3, 0x01, 0x00, 0x00, 0x1A
	.byte 0xB2, 0x00, 0xD9, 0xE1, 0x83, 0xEE, 0xFF, 0xEB, 0x00, 0x00, 0x58, 0xE3, 0x1A, 0x00, 0x00, 0x0A
	.byte 0xB8, 0x00, 0xD5, 0xE1, 0x00, 0x00, 0x50, 0xE3, 0x02, 0x00, 0x00, 0x0A, 0x00, 0x00, 0xA0, 0xE3
	.byte 0xBF, 0xFE, 0xFF, 0xEB, 0x14, 0x00, 0x00, 0xEA, 0xBC, 0x00, 0xD6, 0xE1, 0xFE, 0x00, 0x80, 0xE2
	.byte 0xFF, 0x0C, 0x80, 0xE2, 0x00, 0x08, 0xA0, 0xE1, 0x20, 0x08, 0xA0, 0xE1, 0x01, 0x00, 0x50, 0xE3
	.byte 0x0D, 0x00, 0x00, 0x8A, 0xB8, 0x00, 0xD6, 0xE1, 0x40, 0x00, 0x50, 0xE3, 0x0A, 0x00, 0x00, 0x1A
	.byte 0xBE, 0x00, 0xD6, 0xE1, 0x00, 0x00, 0x50, 0xE3, 0x07, 0x00, 0x00, 0x0A, 0xB8, 0x08, 0xD6, 0xE1
	.byte 0x40, 0xEF, 0xFF, 0xEB, 0x00, 0x00, 0x50, 0xE3, 0xBE, 0x08, 0xD6, 0x01, 0x00, 0x00, 0x50, 0x03
	.byte 0x01, 0x00, 0x00, 0x1A, 0x01, 0x00, 0xA0, 0xE3, 0x4C, 0xE6, 0xFF, 0xEB, 0xF8, 0x43, 0xBD, 0xE8
	.byte 0x1E, 0xFF, 0x2F, 0xE1, 0xF4, 0xFF, 0x80, 0x03, 0xF8, 0x4F, 0x2D, 0xE9, 0x90, 0xB4, 0x9F, 0xE5
	.byte 0x00, 0x60, 0xA0, 0xE1, 0x00, 0x70, 0x9B, 0xE5, 0xB8, 0x20, 0xD6, 0xE1, 0x04, 0x00, 0x87, 0xE2
	.byte 0xB2, 0x40, 0xD6, 0xE1, 0x01, 0x50, 0xA0, 0xE1, 0x02, 0x00, 0x12, 0xE3, 0xD1, 0x8F, 0x87, 0xE2
	.byte 0x01, 0x9B, 0x80, 0xE2, 0x1A, 0xAE, 0x87, 0xE2, 0x14, 0x00, 0x00, 0x1A, 0x40, 0x05, 0x97, 0xE5
	.byte 0x01, 0x00, 0x80, 0xE2, 0x40, 0x05, 0x87, 0xE5, 0xB8, 0x01, 0xD6, 0xE1, 0x01, 0x00, 0x10, 0xE3
	.byte 0x54, 0x05, 0x97, 0x15, 0x01, 0x00, 0x80, 0x12, 0x54, 0x05, 0x87, 0x15, 0x50, 0x05, 0x97, 0x05
	.byte 0x01, 0x00, 0x80, 0x02, 0x50, 0x05, 0x87, 0x05, 0x04, 0x00, 0xA0, 0xE1, 0xEA, 0xEE, 0xFF, 0xEB
	.byte 0x00, 0x00, 0x50, 0xE3, 0x08, 0x00, 0x00, 0x0A, 0xB4, 0x01, 0xD6, 0xE1, 0x02, 0x0A, 0x10, 0xE3
	.byte 0x05, 0x00, 0x00, 0x1A, 0x04, 0x00, 0xA0, 0xE1, 0x42, 0xEE, 0xFF, 0xEB, 0x02, 0x00, 0x00, 0xEA
	.byte 0x44, 0x05, 0x97, 0xE5, 0x01, 0x00, 0x80, 0xE2, 0x44, 0x05, 0x87, 0xE5, 0xB4, 0x01, 0xD6, 0xE1
	.byte 0x80, 0x08, 0xA0, 0xE1, 0xA0, 0x0F, 0xB0, 0xE1, 0x58, 0x05, 0x97, 0x15, 0x01, 0x00, 0x80, 0x12
	.byte 0x58, 0x05, 0x87, 0x15, 0xBC, 0x00, 0xD6, 0xE1, 0x48, 0x15, 0x97, 0xE5, 0xFF, 0x00, 0x00, 0xE2
	.byte 0x00, 0x00, 0x81, 0xE0, 0x48, 0x05, 0x87, 0xE5, 0xB4, 0x01, 0xD6, 0xE1, 0xFC, 0x70, 0x00, 0xE2
	.byte 0xA0, 0x00, 0x57, 0xE3, 0x07, 0x00, 0x00, 0x8A, 0x57, 0x00, 0x00, 0x2A, 0x10, 0x00, 0x57, 0xE3
	.byte 0x01, 0x00, 0x00, 0x8A, 0x25, 0x00, 0x00, 0x0A, 0xDC, 0x00, 0x00, 0xEA, 0x30, 0x00, 0x57, 0xE3
	.byte 0x22, 0x00, 0x00, 0x0A, 0xD9, 0x00, 0x00, 0xEA, 0xB0, 0x00, 0x57, 0xE3, 0x01, 0x00, 0x00, 0x8A
	.byte 0x03, 0x00, 0x00, 0x0A, 0xD5, 0x00, 0x00, 0xEA, 0xC0, 0x00, 0x57, 0xE3, 0x83, 0x00, 0x00, 0x0A
	.byte 0xD2, 0x00, 0x00, 0xEA, 0x00, 0x00, 0x54, 0xE3, 0xD0, 0x00, 0x00, 0x0A, 0xB8, 0x00, 0xD6, 0xE1
	.byte 0x02, 0x00, 0x10, 0xE3, 0xCD, 0x00, 0x00, 0x1A, 0xBC, 0x12, 0xD6, 0xE1, 0x00, 0x00, 0x51, 0xE3
	.byte 0xBE, 0x02, 0xD6, 0x01, 0x02, 0x00, 0x50, 0x03, 0xB0, 0x03, 0xD6, 0x01, 0x00, 0x00, 0x50, 0x03
	.byte 0x07, 0x00, 0x00, 0x1A, 0x04, 0x08, 0xA0, 0xE1, 0x20, 0x08, 0xA0, 0xE1, 0x30, 0x10, 0xA0, 0xE3
	.byte 0xB9, 0xED, 0xFF, 0xEB, 0xBC, 0x12, 0xD6, 0xE1, 0x18, 0x00, 0x86, 0xE2, 0x6B, 0xF5, 0xFF, 0xEB
	.byte 0xBE, 0x00, 0x00, 0xEA, 0x01, 0x00, 0x51, 0xE3, 0xBE, 0x02, 0xD6, 0x01, 0x04, 0x00, 0x50, 0x03
	.byte 0xB0, 0x03, 0xD6, 0x01, 0x00, 0x00, 0x50, 0x03, 0xB8, 0x00, 0x00, 0x1A, 0xF0, 0xFF, 0xFF, 0xEA
	.byte 0x00, 0x00, 0x54, 0xE3, 0xB5, 0x00, 0x00, 0x0A, 0xB8, 0x00, 0xD6, 0xE1, 0x02, 0x00, 0x10, 0xE3
	.byte 0x16, 0x00, 0x00, 0x1A, 0xBE, 0x02, 0xD6, 0xE1, 0x00, 0x00, 0x50, 0xE3, 0xAF, 0x00, 0x00, 0x1A
	.byte 0x04, 0x00, 0xA0, 0xE1, 0x8C, 0xEE, 0xFF, 0xEB, 0x30, 0x00, 0x50, 0xE3, 0xAB, 0x00, 0x00, 0x1A
	.byte 0x04, 0x08, 0xA0, 0xE1, 0x20, 0x08, 0xA0, 0xE1, 0x40, 0x10, 0xA0, 0xE3, 0x9E, 0xED, 0xFF, 0xEB
	.byte 0xB2, 0x21, 0xD6, 0xE1, 0xB0, 0x13, 0xD6, 0xE1, 0x10, 0x00, 0x57, 0xE3, 0x14, 0x30, 0x86, 0xE2
	.byte 0x18, 0x00, 0x86, 0xE2, 0x02, 0x00, 0x00, 0x1A, 0x02, 0x20, 0x83, 0xE0, 0x87, 0xF5, 0xFF, 0xEB
	.byte 0x9E, 0x00, 0x00, 0xEA, 0x02, 0x20, 0x83, 0xE0, 0xC2, 0xF5, 0xFF, 0xEB, 0x9B, 0x00, 0x00, 0xEA
	.byte 0x04, 0x08, 0xA0, 0xE1, 0x20, 0x08, 0xA0, 0xE1, 0x57, 0xEE, 0xFF, 0xEB, 0x01, 0x10, 0xA0, 0xE3
	.byte 0x18, 0x00, 0x86, 0xE2, 0x00, 0x20, 0xA0, 0xE3, 0xF1, 0x05, 0x00, 0xEB, 0x00, 0x00, 0x50, 0xE3
	.byte 0x92, 0x00, 0x00, 0x0A, 0x02, 0x10, 0xA0, 0xE3, 0xB0, 0x10, 0xC0, 0xE1, 0x00, 0x00, 0x55, 0xE3
	.byte 0x03, 0x00, 0x00, 0x0A, 0x6C, 0x02, 0x00, 0xEB, 0x01, 0x00, 0xA0, 0xE3, 0x1C, 0xFE, 0xFF, 0xEB
	.byte 0x8A, 0x00, 0x00, 0xEA, 0x68, 0x02, 0x00, 0xEB, 0x88, 0x00, 0x00, 0xEA, 0xBC, 0x00, 0xD8, 0xE1
	.byte 0x01, 0x00, 0x50, 0xE3, 0x1E, 0x00, 0x00, 0x1A, 0x00, 0x00, 0x54, 0xE3, 0x08, 0x00, 0x00, 0x0A
	.byte 0x04, 0x00, 0xA0, 0xE1, 0x60, 0xEE, 0xFF, 0xEB, 0x30, 0x00, 0x50, 0xE3, 0x1E, 0x00, 0x00, 0x9A
	.byte 0x04, 0x08, 0xA0, 0xE1, 0x20, 0x08, 0xA0, 0xE1, 0x30, 0x10, 0xA0, 0xE3, 0x72, 0xED, 0xFF, 0xEB
	.byte 0x19, 0x00, 0x00, 0xEA, 0xB8, 0x01, 0xD6, 0xE1, 0x01, 0x00, 0x10, 0xE3, 0x16, 0x00, 0x00, 0x0A
	.byte 0x01, 0x40, 0xA0, 0xE3, 0x08, 0x00, 0x00, 0xEA, 0x04, 0x00, 0xA0, 0xE1, 0x52, 0xEE, 0xFF, 0xEB
	.byte 0x30, 0x00, 0x50, 0xE3, 0x03, 0x00, 0x00, 0x9A, 0x04, 0x08, 0xA0, 0xE1, 0x30, 0x10, 0xA0, 0xE3
	.byte 0x20, 0x08, 0xA0, 0xE1, 0x64, 0xED, 0xFF, 0xEB, 0x01, 0x40, 0x84, 0xE2, 0x00, 0x00, 0x9B, 0xE5
	.byte 0x03, 0x0C, 0x80, 0xE2, 0xB2, 0x02, 0xD0, 0xE1, 0x00, 0x00, 0x54, 0xE1, 0xF1, 0xFF, 0xFF, 0x3A
	.byte 0x05, 0x00, 0x00, 0xEA, 0xB8, 0x00, 0xD8, 0xE1, 0x30, 0x00, 0x50, 0xE3, 0x02, 0x00, 0x00, 0x9A
	.byte 0x30, 0x00, 0xA0, 0xE3, 0x47, 0x1B, 0x20, 0xEB, 0x71, 0xE6, 0xFF, 0xEB, 0xB0, 0x00, 0xD9, 0xE1
	.byte 0x71, 0x00, 0x50, 0xE3, 0x04, 0x00, 0x99, 0x05, 0x00, 0x00, 0x56, 0x01, 0x5B, 0x00, 0x00, 0x1A
	.byte 0xB8, 0x00, 0xD6, 0xE1, 0x02, 0x00, 0x10, 0xE3, 0x1C, 0x10, 0x99, 0x05, 0x00, 0x00, 0xA0, 0x03
	.byte 0xB4, 0x00, 0xC1, 0x01, 0x1C, 0x00, 0x99, 0x15, 0x0C, 0x10, 0xA0, 0x13, 0xB4, 0x10, 0xC0, 0x11
	.byte 0x00, 0x00, 0xA0, 0xE3, 0xB0, 0x00, 0xC9, 0xE1, 0xE5, 0xF4, 0xFF, 0xEB, 0x4F, 0x00, 0x00, 0xEA
	.byte 0xBC, 0x00, 0xD8, 0xE1, 0x01, 0x00, 0x50, 0xE3, 0x1E, 0x00, 0x00, 0x1A, 0x00, 0x00, 0x54, 0xE3
	.byte 0x08, 0x00, 0x00, 0x0A, 0x04, 0x00, 0xA0, 0xE1, 0x27, 0xEE, 0xFF, 0xEB, 0x20, 0x00, 0x50, 0xE3
	.byte 0x1E, 0x00, 0x00, 0x9A, 0x04, 0x08, 0xA0, 0xE1, 0x20, 0x08, 0xA0, 0xE1, 0x20, 0x10, 0xA0, 0xE3
	.byte 0x39, 0xED, 0xFF, 0xEB, 0x19, 0x00, 0x00, 0xEA, 0xB8, 0x01, 0xD6, 0xE1, 0x01, 0x00, 0x10, 0xE3
	.byte 0x16, 0x00, 0x00, 0x0A, 0x01, 0x70, 0xA0, 0xE3, 0x08, 0x00, 0x00, 0xEA, 0x07, 0x00, 0xA0, 0xE1
	.byte 0x19, 0xEE, 0xFF, 0xEB, 0x20, 0x00, 0x50, 0xE3, 0x03, 0x00, 0x00, 0x9A, 0x07, 0x08, 0xA0, 0xE1
	.byte 0x20, 0x08, 0xA0, 0xE1, 0x20, 0x10, 0xA0, 0xE3, 0x2B, 0xED, 0xFF, 0xEB, 0x01, 0x70, 0x87, 0xE2
	.byte 0x00, 0x00, 0x9B, 0xE5, 0x03, 0x0C, 0x80, 0xE2, 0xB2, 0x02, 0xD0, 0xE1, 0x00, 0x00, 0x57, 0xE1
	.byte 0xF1, 0xFF, 0xFF, 0x3A, 0x05, 0x00, 0x00, 0xEA, 0xB8, 0x00, 0xD8, 0xE1, 0x20, 0x00, 0x50, 0xE3
	.byte 0x02, 0x00, 0x00, 0x9A, 0x20, 0x00, 0xA0, 0xE3, 0x0E, 0x1B, 0x20, 0xEB, 0x38, 0xE6, 0xFF, 0xEB
	.byte 0xB0, 0x00, 0xD9, 0xE1, 0x41, 0x00, 0x50, 0xE3, 0x04, 0x00, 0x99, 0x05, 0x00, 0x00, 0x56, 0x01
	.byte 0x0A, 0x00, 0x00, 0x1A, 0xB8, 0x00, 0xD6, 0xE1, 0x02, 0x00, 0x10, 0xE3, 0x1C, 0x10, 0x99, 0x05
	.byte 0x00, 0x00, 0xA0, 0x03, 0xB4, 0x00, 0xC1, 0x01, 0x1C, 0x00, 0x99, 0x15, 0x0C, 0x10, 0xA0, 0x13
	.byte 0xB4, 0x10, 0xC0, 0x11, 0x00, 0x00, 0xA0, 0xE3, 0xB0, 0x00, 0xC9, 0xE1, 0xAC, 0xF4, 0xFF, 0xEB
	.byte 0xB0, 0x00, 0xD6, 0xE1, 0x01, 0x00, 0x50, 0xE3, 0x0F, 0x00, 0x00, 0x1A, 0x00, 0x00, 0x54, 0xE3
	.byte 0x0A, 0x00, 0x00, 0x0A, 0x00, 0x00, 0x9B, 0xE5, 0x04, 0x28, 0xA0, 0xE1, 0x05, 0x1C, 0x80, 0xE2
	.byte 0x01, 0x00, 0xA0, 0xE3, 0x10, 0x04, 0xE0, 0xE1, 0xB8, 0x33, 0xD1, 0xE1, 0x00, 0x08, 0xA0, 0xE1
	.byte 0x20, 0x38, 0x03, 0xE0, 0x22, 0x08, 0xA0, 0xE1, 0xB8, 0x33, 0xC1, 0xE1, 0xF1, 0xEE, 0xFF, 0xEB
	.byte 0x18, 0x00, 0x86, 0xE2, 0x01, 0x10, 0xA0, 0xE3, 0x03, 0x00, 0x00, 0xEA, 0x02, 0x00, 0x50, 0xE3
	.byte 0x02, 0x00, 0x00, 0x1A, 0xBC, 0x12, 0xD6, 0xE1, 0x18, 0x00, 0x86, 0xE2, 0xC9, 0xF4, 0xFF, 0xEB
	.byte 0x06, 0x00, 0xA0, 0xE1, 0xD9, 0xEC, 0xFF, 0xEB, 0x0A, 0x00, 0xA0, 0xE1, 0x10, 0x10, 0x46, 0xE2
	.byte 0xB7, 0x18, 0x20, 0xEB, 0x00, 0x00, 0x9B, 0xE5, 0x00, 0x00, 0x55, 0xE3, 0x01, 0x1B, 0x80, 0xE2
	.byte 0x00, 0x00, 0xA0, 0xE3, 0xB0, 0x04, 0xC1, 0xE1, 0xB8, 0x00, 0xDA, 0x11, 0x00, 0x00, 0x50, 0x13
	.byte 0x01, 0x00, 0x00, 0x0A, 0x01, 0x00, 0xA0, 0xE3, 0x81, 0xFD, 0xFF, 0xEB, 0xF8, 0x4F, 0xBD, 0xE8
	.byte 0x1E, 0xFF, 0x2F, 0xE1, 0xF4, 0xFF, 0x80, 0x03, 0x58, 0x20, 0x9F, 0xE5, 0xB4, 0x10, 0xD0, 0xE1
	.byte 0x00, 0x30, 0x92, 0xE5, 0xFF, 0x10, 0x01, 0xE2, 0x48, 0x25, 0x93, 0xE5, 0x01, 0x10, 0x82, 0xE0
	.byte 0x48, 0x15, 0x83, 0xE5, 0xB0, 0x00, 0xD0, 0xE1, 0x00, 0x10, 0xA0, 0xE3, 0x02, 0x00, 0x10, 0xE3
	.byte 0x40, 0x05, 0x93, 0x05, 0x01, 0x00, 0x80, 0x02, 0x40, 0x05, 0x83, 0x05, 0x50, 0x05, 0x93, 0x05
	.byte 0x01, 0x00, 0x80, 0x02, 0x50, 0x05, 0x83, 0x05, 0x44, 0x05, 0x93, 0x15, 0x01, 0x00, 0x80, 0x12
	.byte 0x44, 0x05, 0x83, 0x15, 0x0C, 0x00, 0x9F, 0xE5, 0x00, 0x00, 0x90, 0xE5, 0x01, 0x0B, 0x80, 0xE2
	.byte 0xB4, 0x15, 0xC0, 0xE1, 0x1E, 0xFF, 0x2F, 0xE1, 0xF4, 0xFF, 0x80, 0x03, 0xF8, 0x40, 0x2D, 0xE9
	.byte 0xF8, 0x20, 0x9F, 0xE5, 0x00, 0x60, 0xA0, 0xE1, 0x00, 0x20, 0x92, 0xE5, 0x01, 0x50, 0xA0, 0xE1
	.byte 0x54, 0x15, 0x92, 0xE5, 0x5F, 0x4F, 0x82, 0xE2, 0x01, 0x10, 0x81, 0xE2, 0x54, 0x15, 0x82, 0xE5
	.byte 0xB4, 0x11, 0xD6, 0xE1, 0x00, 0x70, 0xA0, 0xE3, 0x01, 0x1E, 0xA0, 0xE1, 0x21, 0x1F, 0xB0, 0xE1
	.byte 0x08, 0x00, 0x00, 0x1A, 0x7E, 0xEC, 0xFF, 0xEB, 0x30, 0x00, 0x84, 0xE2, 0x24, 0x10, 0x84, 0xE2
	.byte 0x10, 0x20, 0x46, 0xE2, 0x9E, 0x18, 0x20, 0xEB, 0x06, 0x00, 0xA0, 0xE1, 0x07, 0x10, 0xA0, 0xE1
	.byte 0xA8, 0xFE, 0xFF, 0xEB, 0x02, 0x00, 0x00, 0xEA, 0x30, 0x00, 0x84, 0xE2, 0x10, 0x10, 0x46, 0xE2
	.byte 0x3D, 0xFD, 0xFF, 0xEB, 0x94, 0x10, 0x9F, 0xE5, 0x00, 0x00, 0x91, 0xE5, 0x01, 0x0B, 0x80, 0xE2
	.byte 0xB4, 0x75, 0xC0, 0xE1, 0x00, 0x00, 0x91, 0xE5, 0x5C, 0x04, 0x90, 0xE5, 0xBC, 0x00, 0xD0, 0xE1
	.byte 0x00, 0x09, 0xA0, 0xE1, 0xA0, 0x0F, 0xB0, 0xE1, 0x10, 0x00, 0x00, 0x1A, 0x70, 0x10, 0x9F, 0xE5
	.byte 0x08, 0x00, 0xA0, 0xE3, 0xB0, 0x00, 0xC1, 0xE1, 0x05, 0x00, 0xA0, 0xE3, 0xB2, 0x00, 0xC1, 0xE1
	.byte 0x00, 0x00, 0x55, 0xE3, 0x09, 0x00, 0x00, 0x0A, 0xBC, 0x02, 0xD4, 0xE1, 0x00, 0x00, 0x50, 0xE3
	.byte 0x01, 0x00, 0x00, 0x0A, 0x01, 0x00, 0xA0, 0xE3, 0x35, 0xFD, 0xFF, 0xEB, 0xB0, 0x02, 0xD4, 0xE1
	.byte 0x00, 0x00, 0x50, 0xE3, 0x01, 0x00, 0x00, 0x0A, 0x00, 0x00, 0xA0, 0xE3, 0x30, 0xFD, 0xFF, 0xEB
	.byte 0xB8, 0x03, 0xD4, 0xE1, 0x00, 0x00, 0x50, 0xE3, 0x04, 0x00, 0x00, 0x0A, 0x00, 0x00, 0x55, 0xE3
	.byte 0x04, 0x00, 0x00, 0x0A, 0x02, 0x00, 0xA0, 0xE3, 0x29, 0xFD, 0xFF, 0xEB, 0x01, 0x00, 0x00, 0xEA
	.byte 0x00, 0x00, 0xA0, 0xE3, 0xEB, 0xED, 0xFF, 0xEB, 0xF8, 0x40, 0xBD, 0xE8, 0x1E, 0xFF, 0x2F, 0xE1
	.byte 0xF4, 0xFF, 0x80, 0x03, 0xAC, 0x80, 0x80, 0x04, 0x08, 0x20, 0x90, 0xE5, 0x38, 0x10, 0x9F, 0xE5
	.byte 0xB4, 0x30, 0xD2, 0xE1, 0x00, 0x20, 0x91, 0xE5, 0xFF, 0x30, 0x13, 0xE2, 0xAC, 0x15, 0x92, 0x05
	.byte 0x01, 0x10, 0x81, 0x02, 0xAC, 0x15, 0x82, 0x05, 0xA8, 0x15, 0x92, 0x15, 0x03, 0x10, 0x81, 0x10
	.byte 0xA8, 0x15, 0x82, 0x15, 0xB4, 0x20, 0xD0, 0xE1, 0x00, 0x10, 0xA0, 0xE3, 0x01, 0x20, 0x82, 0xE2
	.byte 0xB4, 0x20, 0xC0, 0xE1, 0xB0, 0x10, 0xC0, 0xE1, 0x1E, 0xFF, 0x2F, 0xE1, 0xF4, 0xFF, 0x80, 0x03
	.byte 0x38, 0x40, 0x2D, 0xE9, 0x5C, 0x50, 0x9F, 0xE5, 0x01, 0x04, 0xA0, 0xE3, 0x00, 0x10, 0x95, 0xE5
	.byte 0x2C, 0x10, 0x81, 0xE2, 0x01, 0x4B, 0x81, 0xE2, 0x3C, 0x26, 0x20, 0xEB, 0x00, 0x10, 0x95, 0xE5
	.byte 0x00, 0x50, 0xA0, 0xE1, 0x03, 0x0C, 0x81, 0xE2, 0xBA, 0x03, 0xD0, 0xE1, 0x00, 0x0C, 0xA0, 0xE1
	.byte 0xA0, 0x0F, 0xB0, 0xE1, 0x01, 0x00, 0x00, 0x1A, 0x00, 0x00, 0xA0, 0xE3, 0x9E, 0xE5, 0xFF, 0xEB
	.byte 0x24, 0x00, 0x9F, 0xE5, 0xC0, 0x10, 0xA0, 0xE3, 0xB0, 0x10, 0xC0, 0xE1, 0x00, 0x10, 0xA0, 0xE3
	.byte 0xB0, 0x15, 0xC4, 0xE1, 0x05, 0x00, 0xA0, 0xE1, 0xB4, 0x16, 0xC4, 0xE1, 0x0F, 0x26, 0x20, 0xEB
	.byte 0x38, 0x40, 0xBD, 0xE8, 0x1E, 0xFF, 0x2F, 0xE1, 0xF4, 0xFF, 0x80, 0x03, 0xB4, 0x80, 0x80, 0x04
	.byte 0x10, 0x40, 0x2D, 0xE9, 0x40, 0x10, 0x9F, 0xE5, 0x01, 0x04, 0xA0, 0xE3, 0x00, 0x10, 0x91, 0xE5
	.byte 0x2C, 0x10, 0x81, 0xE2, 0x01, 0x4B, 0x81, 0xE2, 0x20, 0x26, 0x20, 0xEB, 0x2C, 0x10, 0x9F, 0xE5
	.byte 0x02, 0x20, 0xA0, 0xE3, 0xB0, 0x20, 0xC1, 0xE1, 0xBC, 0x13, 0xD4, 0xE1, 0x00, 0x40, 0xA0, 0xE1
	.byte 0x00, 0x00, 0x51, 0xE3, 0x00, 0x00, 0x00, 0x0A, 0xCA, 0x20, 0x20, 0xEB, 0x04, 0x00, 0xA0, 0xE1
	.byte 0xFA, 0x25, 0x20, 0xEB, 0x10, 0x40, 0xBD, 0xE8, 0x1E, 0xFF, 0x2F, 0xE1, 0xF4, 0xFF, 0x80, 0x03
	.byte 0xB4, 0x80, 0x80, 0x04, 0x70, 0x40, 0x2D, 0xE9, 0x90, 0x50, 0x9F, 0xE5, 0x01, 0x04, 0xA0, 0xE3
	.byte 0x00, 0x10, 0x95, 0xE5, 0x01, 0x60, 0xA0, 0xE3, 0x2C, 0x10, 0x81, 0xE2, 0x01, 0x4B, 0x81, 0xE2
	.byte 0x0A, 0x26, 0x20, 0xEB, 0x00, 0x10, 0x95, 0xE5, 0x00, 0x50, 0xA0, 0xE1, 0x03, 0x0C, 0x81, 0xE2
	.byte 0xB0, 0x05, 0xD0, 0xE1, 0x01, 0x00, 0x50, 0xE3, 0x64, 0x00, 0x9F, 0xE5, 0x0A, 0x00, 0x00, 0x1A
	.byte 0x09, 0x10, 0xA0, 0xE3, 0xB0, 0x10, 0xC0, 0xE1, 0xB8, 0x02, 0xD4, 0xE1, 0x00, 0x00, 0x50, 0xE3
	.byte 0x01, 0x00, 0x00, 0x0A, 0x02, 0x00, 0xA0, 0xE3, 0x12, 0x00, 0x00, 0xEB, 0x02, 0x00, 0xA0, 0xE3
	.byte 0x01, 0x10, 0xA0, 0xE3, 0xEB, 0x00, 0x00, 0xEB, 0x00, 0x00, 0x00, 0xEA, 0xB0, 0x60, 0xC0, 0xE1
	.byte 0xB0, 0x00, 0xD4, 0xE1, 0x00, 0x00, 0x50, 0xE3, 0x01, 0x00, 0x00, 0x0A, 0x00, 0x00, 0xA0, 0xE3
	.byte 0x08, 0x00, 0x00, 0xEB, 0x00, 0x00, 0xA0, 0xE3, 0x01, 0x10, 0xA0, 0xE3, 0xE1, 0x00, 0x00, 0xEB
	.byte 0x05, 0x00, 0xA0, 0xE1, 0xD1, 0x25, 0x20, 0xEB, 0x70, 0x40, 0xBD, 0xE8, 0x1E, 0xFF, 0x2F, 0xE1
	.byte 0xF4, 0xFF, 0x80, 0x03, 0xB4, 0x80, 0x80, 0x04, 0x08, 0x40, 0x2D, 0xE9, 0x54, 0x20, 0x9F, 0xE5
	.byte 0x14, 0x10, 0xA0, 0xE3, 0x00, 0x20, 0x92, 0xE5, 0x90, 0x01, 0x01, 0xE0, 0x2C, 0x00, 0x82, 0xE2
	.byte 0x01, 0x2B, 0x80, 0xE2, 0xB1, 0x00, 0x92, 0xE1, 0x01, 0x20, 0x82, 0xE0, 0x00, 0x00, 0x50, 0xE3
	.byte 0x0A, 0x00, 0x00, 0x0A, 0x08, 0x00, 0x92, 0xE5, 0xB0, 0x10, 0xD0, 0xE1, 0x0C, 0x00, 0x92, 0xE5
	.byte 0x00, 0x00, 0x51, 0xE3, 0x02, 0x10, 0xA0, 0x03, 0xB8, 0x10, 0xC0, 0xE1, 0x0C, 0x00, 0x92, 0xE5
	.byte 0x10, 0x20, 0x92, 0xE5, 0x00, 0x10, 0xA0, 0xE3, 0x0F, 0xE0, 0xA0, 0xE1, 0x12, 0xFF, 0x2F, 0xE1
	.byte 0x08, 0x40, 0xBD, 0xE8, 0x1E, 0xFF, 0x2F, 0xE1, 0xF4, 0xFF, 0x80, 0x03, 0xF8, 0x40, 0x2D, 0xE9
	.byte 0x74, 0x10, 0x9F, 0xE5, 0x00, 0x70, 0xA0, 0xE1, 0x14, 0x00, 0xA0, 0xE3, 0x00, 0x10, 0x91, 0xE5
	.byte 0x97, 0x00, 0x04, 0xE0, 0x2C, 0x00, 0x81, 0xE2, 0x01, 0x5B, 0x80, 0xE2, 0x01, 0x04, 0xA0, 0xE3
	.byte 0x04, 0x60, 0x85, 0xE0, 0xC5, 0x25, 0x20, 0xEB, 0x50, 0x10, 0x9F, 0xE5, 0x87, 0x20, 0xA0, 0xE1
	.byte 0xB2, 0x20, 0x91, 0xE1, 0x48, 0x10, 0x9F, 0xE5, 0xB0, 0x20, 0xC1, 0xE1, 0xB4, 0x10, 0x95, 0xE1
	.byte 0x00, 0x00, 0x51, 0xE3, 0x09, 0x00, 0x00, 0x0A, 0x0C, 0x20, 0x96, 0xE5, 0xB4, 0x11, 0xD2, 0xE1
	.byte 0x01, 0x09, 0x11, 0xE3, 0x08, 0x10, 0x96, 0x05, 0xB4, 0x10, 0xD1, 0x01, 0xBC, 0x10, 0xC2, 0x01
	.byte 0x08, 0x20, 0x96, 0xE5, 0x0C, 0x10, 0x96, 0xE5, 0xB2, 0x22, 0xD2, 0xE1, 0xBA, 0x22, 0xC1, 0xE1
	.byte 0x96, 0x25, 0x20, 0xEB, 0xF8, 0x40, 0xBD, 0xE8, 0x1E, 0xFF, 0x2F, 0xE1, 0xF4, 0xFF, 0x80, 0x03
	.byte 0xF4, 0x74, 0xFF, 0x02, 0xB4, 0x80, 0x80, 0x04, 0xF8, 0x4F, 0x2D, 0xE9, 0x00, 0xB0, 0xA0, 0xE1
	.byte 0x00, 0x70, 0xA0, 0xE3, 0x07, 0xED, 0xFF, 0xEB, 0x00, 0x00, 0x50, 0xE3, 0x34, 0x00, 0x00, 0x0A
	.byte 0x07, 0x80, 0xA0, 0xE1, 0xD0, 0x00, 0x9F, 0xE5, 0x0C, 0x10, 0xA0, 0xE3, 0x00, 0x20, 0x90, 0xE5
	.byte 0x98, 0x01, 0x0A, 0xE0, 0x0D, 0x00, 0x41, 0xE2, 0x0A, 0x10, 0x82, 0xE0, 0x94, 0x51, 0x91, 0xE5
	.byte 0x00, 0x00, 0x55, 0xE1, 0x27, 0x00, 0x00, 0x0A, 0x14, 0x00, 0xA0, 0xE3, 0x98, 0x00, 0x09, 0xE0
	.byte 0x00, 0x40, 0xE0, 0xE3, 0x05, 0x00, 0xA0, 0xE1, 0xEF, 0x17, 0x20, 0xEB, 0x10, 0x60, 0x85, 0xE2
	.byte 0xB2, 0x10, 0xD6, 0xE1, 0x00, 0x00, 0x8D, 0xE5, 0x0B, 0x00, 0x51, 0xE1, 0x19, 0x00, 0x00, 0x1A
	.byte 0x01, 0x00, 0x58, 0xE3, 0x80, 0x00, 0x9F, 0x15, 0x00, 0x00, 0x90, 0x15, 0x00, 0x00, 0x89, 0x10
	.byte 0x38, 0x04, 0x90, 0x15, 0x00, 0x00, 0x56, 0x11, 0x06, 0x00, 0x00, 0x1A, 0x06, 0x00, 0xA0, 0xE1
	.byte 0xA2, 0xEB, 0xFF, 0xEB, 0x00, 0x10, 0xA0, 0xE3, 0x06, 0x00, 0xA0, 0xE1, 0xB2, 0x10, 0xC6, 0xE1
	.byte 0x7B, 0xEB, 0xFF, 0xEB, 0x0B, 0x00, 0x00, 0xEA, 0x02, 0x00, 0xA0, 0xE3, 0xB8, 0x00, 0xC6, 0xE1
	.byte 0x06, 0x00, 0xA0, 0xE1, 0x99, 0xEB, 0xFF, 0xEB, 0x3C, 0x00, 0x9F, 0xE5, 0x05, 0x10, 0xA0, 0xE1
	.byte 0x00, 0x00, 0x90, 0xE5, 0x65, 0x0F, 0x80, 0xE2, 0x0A, 0x00, 0x80, 0xE0, 0x3A, 0xFC, 0xFF, 0xEB
	.byte 0x00, 0x00, 0x57, 0xE3, 0x01, 0x70, 0xA0, 0x03, 0x00, 0x50, 0x9D, 0xE5, 0x05, 0x00, 0xA0, 0xE1
	.byte 0x04, 0x00, 0x50, 0xE1, 0xDA, 0xFF, 0xFF, 0x1A, 0x01, 0x80, 0x88, 0xE2, 0x03, 0x00, 0x58, 0xE3
	.byte 0xCB, 0xFF, 0xFF, 0x3A, 0xF8, 0x4F, 0xBD, 0xE8, 0x1E, 0xFF, 0x2F, 0xE1, 0xF4, 0xFF, 0x80, 0x03
	.byte 0x38, 0x40, 0x2D, 0xE9, 0xA0, 0x40, 0x9F, 0xE5, 0xB0, 0x10, 0xD0, 0xE1, 0x00, 0x20, 0x94, 0xE5
	.byte 0x01, 0x00, 0x11, 0xE3, 0x0E, 0x00, 0x00, 0x0A, 0x03, 0x0C, 0x82, 0xE2, 0xB2, 0x02, 0xD0, 0xE1
	.byte 0x01, 0x50, 0xA0, 0xE3, 0x01, 0x00, 0x50, 0xE3, 0x1D, 0x00, 0x00, 0x9A, 0x02, 0x00, 0x00, 0xEA
	.byte 0x05, 0x00, 0xA0, 0xE1, 0xB3, 0xFF, 0xFF, 0xEB, 0x01, 0x50, 0x85, 0xE2, 0x00, 0x00, 0x94, 0xE5
	.byte 0x03, 0x0C, 0x80, 0xE2, 0xB2, 0x02, 0xD0, 0xE1, 0x00, 0x00, 0x55, 0xE1, 0xF7, 0xFF, 0xFF, 0x3A
	.byte 0x13, 0x00, 0x00, 0xEA, 0xBD, 0xEA, 0xFF, 0xEB, 0x00, 0x40, 0xA0, 0xE1, 0xFF, 0x00, 0x54, 0xE3
	.byte 0x00, 0x00, 0x00, 0x0A, 0xA7, 0xFF, 0xFF, 0xEB, 0x3C, 0x00, 0x9F, 0xE5, 0x00, 0x00, 0x90, 0xE5
	.byte 0x03, 0x0C, 0x80, 0xE2, 0xBE, 0x02, 0xD0, 0xE1, 0x01, 0x00, 0x50, 0xE3, 0x08, 0x00, 0x00, 0x1A
	.byte 0x04, 0x00, 0xA0, 0xE1, 0x68, 0xEC, 0xFF, 0xEB, 0x40, 0x00, 0x50, 0xE3, 0x04, 0x00, 0x00, 0x1A
	.byte 0x04, 0x08, 0xA0, 0xE1, 0x20, 0x08, 0xA0, 0xE1, 0x20, 0x10, 0xA0, 0xE3, 0x7A, 0xEB, 0xFF, 0xEB
	.byte 0x02, 0xFF, 0xFF, 0xEB, 0x38, 0x40, 0xBD, 0xE8, 0x1E, 0xFF, 0x2F, 0xE1, 0xF4, 0xFF, 0x80, 0x03
	.byte 0xF8, 0x40, 0x2D, 0xE9, 0xC8, 0x40, 0x9F, 0xE5, 0x01, 0x60, 0xA0, 0xE3, 0x00, 0x20, 0x94, 0xE5
	.byte 0x00, 0x70, 0xA0, 0xE3, 0x03, 0x0C, 0x82, 0xE2, 0xB0, 0x15, 0xD0, 0xE1, 0x2C, 0x00, 0x82, 0xE2
	.byte 0x01, 0x00, 0x51, 0xE3, 0x01, 0x5B, 0x80, 0xE2, 0x03, 0x00, 0x00, 0x0A, 0x02, 0x00, 0x51, 0xE3
	.byte 0x03, 0x00, 0x51, 0x13, 0x15, 0x00, 0x00, 0x0A, 0x1A, 0x00, 0x00, 0xEA, 0x07, 0x00, 0xA0, 0xE1
	.byte 0x06, 0x10, 0xA0, 0xE1, 0x23, 0x00, 0x00, 0xEB, 0x06, 0x00, 0xA0, 0xE1, 0x07, 0x10, 0xA0, 0xE1
	.byte 0x20, 0x00, 0x00, 0xEB, 0x06, 0x10, 0xA0, 0xE1, 0x02, 0x00, 0xA0, 0xE3, 0x1D, 0x00, 0x00, 0xEB
	.byte 0xBC, 0x03, 0xD5, 0xE1, 0x00, 0x00, 0x50, 0xE3, 0x17, 0x00, 0x00, 0x0A, 0xBC, 0x73, 0xC5, 0xE1
	.byte 0xBE, 0x03, 0xD5, 0xE1, 0x01, 0x00, 0x40, 0xE2, 0xBE, 0x03, 0xC5, 0xE1, 0x00, 0x00, 0x94, 0xE5
	.byte 0x90, 0x10, 0x95, 0xE5, 0x62, 0x0F, 0x80, 0xE2, 0x19, 0x17, 0x20, 0xEB, 0x0E, 0x00, 0x00, 0xEA
	.byte 0x07, 0x00, 0xA0, 0xE1, 0x06, 0x10, 0xA0, 0xE1, 0x0E, 0x00, 0x00, 0xEB, 0x06, 0x00, 0xA0, 0xE1
	.byte 0x07, 0x10, 0xA0, 0xE1, 0x04, 0x00, 0x00, 0xEA, 0x07, 0x00, 0xA0, 0xE1, 0x07, 0x10, 0xA0, 0xE1
	.byte 0x08, 0x00, 0x00, 0xEB, 0x07, 0x10, 0xA0, 0xE1, 0x06, 0x00, 0xA0, 0xE1, 0x05, 0x00, 0x00, 0xEB
	.byte 0x07, 0x10, 0xA0, 0xE1, 0x02, 0x00, 0xA0, 0xE3, 0x02, 0x00, 0x00, 0xEB, 0xF8, 0x40, 0xBD, 0xE8
	.byte 0x1E, 0xFF, 0x2F, 0xE1, 0xF4, 0xFF, 0x80, 0x03, 0xF8, 0x4F, 0x2D, 0xE9, 0x7C, 0x50, 0x9F, 0xE5
	.byte 0x0C, 0x20, 0xA0, 0xE3, 0x00, 0xA0, 0xA0, 0xE1, 0x9A, 0x02, 0x08, 0xE0, 0x00, 0x30, 0x95, 0xE5
	.byte 0x0D, 0x00, 0x42, 0xE2, 0x08, 0x20, 0x83, 0xE0, 0x94, 0x61, 0x92, 0xE5, 0x01, 0x90, 0xA0, 0xE1
	.byte 0x00, 0x00, 0x56, 0xE1, 0x13, 0x00, 0x00, 0x0A, 0x02, 0xB0, 0xA0, 0xE3, 0x00, 0x40, 0xE0, 0xE3
	.byte 0x06, 0x00, 0xA0, 0xE1, 0x54, 0x17, 0x20, 0xEB, 0x00, 0x70, 0xA0, 0xE1, 0x02, 0x00, 0x5A, 0xE3
	.byte 0x01, 0x00, 0x00, 0x0A, 0x10, 0x00, 0x86, 0xE2, 0x10, 0xEB, 0xFF, 0xEB, 0xB8, 0xB1, 0xC6, 0xE1
	.byte 0x00, 0x00, 0x59, 0xE3, 0x04, 0x00, 0x00, 0x0A, 0x00, 0x00, 0x95, 0xE5, 0x06, 0x10, 0xA0, 0xE1
	.byte 0x65, 0x0F, 0x80, 0xE2, 0x08, 0x00, 0x80, 0xE0, 0xAF, 0xFB, 0xFF, 0xEB, 0x07, 0x60, 0xA0, 0xE1
	.byte 0x04, 0x00, 0x57, 0xE1, 0xED, 0xFF, 0xFF, 0x1A, 0xF8, 0x4F, 0xBD, 0xE8, 0x1E, 0xFF, 0x2F, 0xE1
	.byte 0xF4, 0xFF, 0x80, 0x03, 0x08, 0x40, 0x2D, 0xE9, 0x03, 0x00, 0x00, 0xEB, 0x01, 0x00, 0xA0, 0xE3
	.byte 0xB3, 0xFB, 0xFF, 0xEB, 0x08, 0x40, 0xBD, 0xE8, 0x1E, 0xFF, 0x2F, 0xE1, 0x10, 0x40, 0x2D, 0xE9
	.byte 0x00, 0x40, 0xA0, 0xE1, 0x18, 0x00, 0x84, 0xE2, 0x44, 0xEA, 0xFF, 0xEB, 0xB2, 0x00, 0xC4, 0xE1
	.byte 0xB2, 0x00, 0xD4, 0xE1, 0x50, 0x10, 0x9F, 0xE5, 0xFF, 0x00, 0x50, 0xE3, 0x00, 0x00, 0xA0, 0x03
	.byte 0xB2, 0x00, 0xC4, 0x01, 0xB4, 0x01, 0xD4, 0xE1, 0x00, 0x10, 0x91, 0xE5, 0x01, 0x09, 0x10, 0xE3
	.byte 0xEC, 0x03, 0x91, 0xE5, 0xB4, 0x00, 0xC4, 0xE1, 0xB2, 0x01, 0xD4, 0x11, 0x08, 0x00, 0x80, 0x12
	.byte 0xB2, 0x01, 0xC4, 0x11, 0x04, 0x00, 0xA0, 0xE1, 0xC5, 0xEA, 0xFF, 0xEB, 0x18, 0x00, 0x9F, 0xE5
	.byte 0x10, 0x20, 0x44, 0xE2, 0x00, 0x10, 0x90, 0xE5, 0x62, 0x0F, 0x81, 0xE2, 0x1A, 0x1E, 0x81, 0xE2
	.byte 0xE3, 0x16, 0x20, 0xEB, 0x10, 0x40, 0xBD, 0xE8, 0x1E, 0xFF, 0x2F, 0xE1, 0xF4, 0xFF, 0x80, 0x03
	.byte 0x38, 0x40, 0x2D, 0xE9, 0x7C, 0x00, 0x9F, 0xE5, 0x00, 0x20, 0x90, 0xE5, 0x54, 0x00, 0x82, 0xE2
	.byte 0x01, 0x4B, 0x80, 0xE2, 0xB2, 0x10, 0xD4, 0xE1, 0x01, 0x0B, 0x82, 0xE2, 0x01, 0x10, 0x81, 0xE2
	.byte 0xB2, 0x10, 0xC4, 0xE1, 0xB4, 0x05, 0xD0, 0xE1, 0x00, 0x10, 0xA0, 0xE3, 0x00, 0x00, 0x50, 0xE3
	.byte 0x08, 0x00, 0x94, 0x15, 0xB4, 0x10, 0xC0, 0x11, 0x10, 0x00, 0x00, 0x1A, 0x01, 0x50, 0xA0, 0xE3
	.byte 0xB0, 0x50, 0xC4, 0xE1, 0x08, 0x00, 0x94, 0xE5, 0xB0, 0x10, 0xC0, 0xE1, 0x08, 0x00, 0x94, 0xE5
	.byte 0xB4, 0x10, 0xC0, 0xE1, 0x4A, 0xE5, 0xFF, 0xEB, 0x08, 0x20, 0x94, 0xE5, 0x01, 0x19, 0x65, 0xE2
	.byte 0xB8, 0x00, 0xC2, 0xE1, 0x08, 0x00, 0x94, 0xE5, 0x1C, 0x20, 0x9F, 0xE5, 0x01, 0x00, 0x00, 0xE0
	.byte 0x80, 0x07, 0xA0, 0xE1, 0x20, 0x08, 0xA0, 0xE1, 0x02, 0x09, 0x80, 0xE3, 0xB0, 0x00, 0xC2, 0xE1
	.byte 0x38, 0x40, 0xBD, 0xE8, 0x1E, 0xFF, 0x2F, 0xE1, 0xF4, 0xFF, 0x80, 0x03, 0xA8, 0x80, 0x80, 0x04
	.byte 0x30, 0x00, 0x9F, 0xE5, 0x01, 0x20, 0xA0, 0xE3, 0x00, 0x30, 0x90, 0xE5, 0x01, 0x19, 0x62, 0xE2
	.byte 0x01, 0x0B, 0x83, 0xE2, 0xB4, 0x2A, 0xC0, 0xE1, 0xA4, 0x00, 0x83, 0xE2, 0x08, 0x24, 0x90, 0xE5
	.byte 0x14, 0x00, 0x9F, 0xE5, 0x01, 0x10, 0x02, 0xE0, 0xA1, 0x10, 0xA0, 0xE1, 0x02, 0x19, 0x81, 0xE3
	.byte 0xB0, 0x10, 0xC0, 0xE1, 0x1E, 0xFF, 0x2F, 0xE1, 0xF4, 0xFF, 0x80, 0x03, 0x80, 0x80, 0x80, 0x04
	.byte 0x18, 0x10, 0x9F, 0xE5, 0x18, 0x00, 0x9F, 0xE5, 0x00, 0x20, 0x91, 0xE5, 0x00, 0x10, 0xA0, 0xE3
	.byte 0xB0, 0x10, 0xC0, 0xE1, 0x01, 0x0B, 0x82, 0xE2, 0xB4, 0x1A, 0xC0, 0xE1, 0x1E, 0xFF, 0x2F, 0xE1
	.byte 0xF4, 0xFF, 0x80, 0x03, 0x80, 0x80, 0x80, 0x04, 0xF8, 0x4F, 0x2D, 0xE9, 0x44, 0x03, 0x9F, 0xE5
	.byte 0x00, 0x70, 0xA0, 0xE3, 0x00, 0x00, 0x90, 0xE5, 0x07, 0xB0, 0xA0, 0xE1, 0xAC, 0x84, 0x90, 0xE5
	.byte 0xC7, 0x5F, 0x80, 0xE2, 0xB0, 0x70, 0xC8, 0xE1, 0xB2, 0x70, 0xC8, 0xE1, 0xB4, 0x70, 0xC8, 0xE1
	.byte 0xB6, 0x70, 0xC8, 0xE1, 0xD1, 0x6F, 0x80, 0xE2, 0x15, 0xE5, 0xFF, 0xEB, 0xB8, 0x00, 0xC8, 0xE1
	.byte 0x80, 0x00, 0xA0, 0xE3, 0xBC, 0x00, 0xC8, 0xE1, 0x08, 0x20, 0x85, 0xE2, 0x08, 0x13, 0x9F, 0xE5
	.byte 0xBE, 0x70, 0xC8, 0xE1, 0x10, 0x00, 0x88, 0xE2, 0x02, 0x30, 0xA0, 0xE1, 0xFB, 0xE3, 0xFF, 0xEB
	.byte 0xB2, 0x72, 0xC8, 0xE1, 0x24, 0xA0, 0x88, 0xE2, 0x24, 0x70, 0x88, 0xE5, 0x04, 0x70, 0x8A, 0xE5
	.byte 0xBE, 0x06, 0xD6, 0xE1, 0x0C, 0x90, 0x8A, 0xE2, 0xB8, 0x00, 0xCA, 0xE1, 0xBC, 0x07, 0xD6, 0xE1
	.byte 0xBA, 0x00, 0xCA, 0xE1, 0xBE, 0x01, 0xD5, 0xE1, 0x80, 0x0F, 0xA0, 0xE1, 0xA0, 0x0F, 0xB0, 0xE1
	.byte 0x1B, 0x00, 0x00, 0x1A, 0x0A, 0x00, 0x49, 0xE0, 0xB2, 0x09, 0xC6, 0xE1, 0x09, 0x00, 0xA0, 0xE1
	.byte 0x07, 0x10, 0xA0, 0xE1, 0xD6, 0xE6, 0xFF, 0xEB, 0xBE, 0x11, 0xD6, 0xE1, 0x01, 0x00, 0x89, 0xE2
	.byte 0xFF, 0x10, 0x01, 0xE2, 0x02, 0x90, 0x89, 0xE2, 0xD1, 0xE6, 0xFF, 0xEB, 0x20, 0x40, 0x86, 0xE2
	.byte 0x06, 0x00, 0x00, 0xEA, 0x07, 0x00, 0x84, 0xE0, 0xD8, 0xE6, 0xFF, 0xEB, 0x00, 0x10, 0xA0, 0xE1
	.byte 0x09, 0x00, 0xA0, 0xE1, 0xCA, 0xE6, 0xFF, 0xEB, 0x01, 0x90, 0x89, 0xE2, 0x01, 0x70, 0x87, 0xE2
	.byte 0xBE, 0x01, 0xD6, 0xE1, 0x00, 0x00, 0x57, 0xE1, 0xF5, 0xFF, 0xFF, 0x3A, 0x00, 0x00, 0xE0, 0xE3
	.byte 0x07, 0x00, 0x40, 0xE0, 0x00, 0x00, 0x89, 0xE0, 0xFF, 0x10, 0x07, 0xE2, 0xC0, 0xE6, 0xFF, 0xEB
	.byte 0x00, 0x00, 0x00, 0xEA, 0xB2, 0x79, 0xC6, 0xE1, 0x09, 0x00, 0xA0, 0xE1, 0x64, 0x03, 0x00, 0xEB
	.byte 0x00, 0x90, 0x89, 0xE0, 0x09, 0x00, 0xA0, 0xE1, 0x03, 0x10, 0xA0, 0xE3, 0xB8, 0xE6, 0xFF, 0xEB
	.byte 0x01, 0x00, 0x89, 0xE2, 0x01, 0x10, 0xA0, 0xE3, 0xB5, 0xE6, 0xFF, 0xEB, 0xBA, 0x17, 0xD6, 0xE1
	.byte 0x02, 0x00, 0x89, 0xE2, 0xFF, 0x10, 0x01, 0xE2, 0xB1, 0xE6, 0xFF, 0xEB, 0x03, 0x00, 0x89, 0xE2
	.byte 0x0A, 0x10, 0x40, 0xE0, 0xB4, 0x19, 0xC6, 0xE1, 0xB4, 0x29, 0xD6, 0xE1, 0x0C, 0x12, 0x9F, 0xE5
	.byte 0x02, 0x20, 0x82, 0xE2, 0x05, 0x40, 0xA0, 0xE3, 0xB0, 0x20, 0xC1, 0xE1, 0x04, 0x10, 0xA0, 0xE1
	.byte 0xA7, 0xE6, 0xFF, 0xEB, 0x04, 0x10, 0xA0, 0xE1, 0x04, 0x00, 0x89, 0xE2, 0xA4, 0xE6, 0xFF, 0xEB
	.byte 0x05, 0x00, 0x89, 0xE2, 0x0B, 0x10, 0xA0, 0xE1, 0xA1, 0xE6, 0xFF, 0xEB, 0xB4, 0x17, 0xD6, 0xE1
	.byte 0x06, 0x00, 0x89, 0xE2, 0xFF, 0x10, 0x01, 0xE2, 0x9D, 0xE6, 0xFF, 0xEB, 0x07, 0x00, 0x89, 0xE2
	.byte 0x0B, 0x10, 0xA0, 0xE1, 0x9A, 0xE6, 0xFF, 0xEB, 0x08, 0x00, 0x89, 0xE2, 0x0B, 0x10, 0xA0, 0xE1
	.byte 0x97, 0xE6, 0xFF, 0xEB, 0x09, 0x00, 0x89, 0xE2, 0x0B, 0x10, 0xA0, 0xE1, 0x94, 0xE6, 0xFF, 0xEB
	.byte 0x0A, 0x00, 0x89, 0xE2, 0x0A, 0x10, 0x40, 0xE0, 0xB6, 0x19, 0xC6, 0xE1, 0xB6, 0x29, 0xD6, 0xE1
	.byte 0xDD, 0x10, 0xA0, 0xE3, 0x01, 0x20, 0x02, 0xE2, 0xB2, 0x2A, 0xC6, 0xE1, 0x8C, 0xE6, 0xFF, 0xEB
	.byte 0xB0, 0x1A, 0xD6, 0xE1, 0x0B, 0x00, 0x89, 0xE2, 0x08, 0x10, 0x81, 0xE2, 0xFF, 0x10, 0x01, 0xE2
	.byte 0x87, 0xE6, 0xFF, 0xEB, 0x0C, 0x00, 0x89, 0xE2, 0x0B, 0x10, 0xA0, 0xE1, 0x84, 0xE6, 0xFF, 0xEB
	.byte 0x0D, 0x00, 0x89, 0xE2, 0x09, 0x10, 0xA0, 0xE3, 0x81, 0xE6, 0xFF, 0xEB, 0x0E, 0x00, 0x89, 0xE2
	.byte 0xBF, 0x10, 0xA0, 0xE3, 0x7E, 0xE6, 0xFF, 0xEB, 0x0B, 0x10, 0xA0, 0xE1, 0x0F, 0x00, 0x89, 0xE2
	.byte 0x7B, 0xE6, 0xFF, 0xEB, 0xBE, 0x00, 0xD6, 0xE1, 0x01, 0x00, 0x50, 0xE3, 0x08, 0x00, 0x00, 0x1A
	.byte 0xB0, 0x12, 0xD5, 0xE1, 0x10, 0x00, 0x89, 0xE2, 0xFF, 0x10, 0x01, 0xE2, 0x74, 0xE6, 0xFF, 0xEB
	.byte 0xB0, 0x12, 0xD5, 0xE1, 0x11, 0x00, 0x89, 0xE2, 0x41, 0x14, 0xA0, 0xE1, 0xFF, 0x10, 0x01, 0xE2
	.byte 0x05, 0x00, 0x00, 0xEA, 0xFF, 0x40, 0xA0, 0xE3, 0x04, 0x10, 0xA0, 0xE1, 0x10, 0x00, 0x89, 0xE2
	.byte 0x6B, 0xE6, 0xFF, 0xEB, 0x11, 0x00, 0x89, 0xE2, 0x04, 0x10, 0xA0, 0xE1, 0x12, 0x90, 0x89, 0xE2
	.byte 0x67, 0xE6, 0xFF, 0xEB, 0xF8, 0x10, 0x9F, 0xE5, 0x09, 0x00, 0xA0, 0xE1, 0xB0, 0x40, 0xD1, 0xE1
	.byte 0xFF, 0x10, 0x04, 0xE2, 0x62, 0xE6, 0xFF, 0xEB, 0x24, 0x14, 0xA0, 0xE1, 0x01, 0x00, 0x89, 0xE2
	.byte 0xFF, 0x10, 0x01, 0xE2, 0x02, 0x90, 0x89, 0xE2, 0x5D, 0xE6, 0xFF, 0xEB, 0x9C, 0x40, 0x96, 0xE5
	.byte 0x00, 0x50, 0xA0, 0xE3, 0x07, 0x00, 0x00, 0xEA, 0x04, 0x00, 0xA0, 0xE1, 0x63, 0xE6, 0xFF, 0xEB
	.byte 0x00, 0x10, 0xA0, 0xE1, 0x09, 0x00, 0xA0, 0xE1, 0x55, 0xE6, 0xFF, 0xEB, 0x01, 0x90, 0x89, 0xE2
	.byte 0x01, 0x40, 0x84, 0xE2, 0x01, 0x50, 0x85, 0xE2, 0xB0, 0x1A, 0xD6, 0xE1, 0x01, 0x00, 0x55, 0xE1
	.byte 0xF4, 0xFF, 0xFF, 0x3A, 0xB2, 0x0A, 0xD6, 0xE1, 0x00, 0x00, 0x50, 0xE3, 0x10, 0x00, 0x00, 0x0A
	.byte 0x9C, 0x00, 0x96, 0xE5, 0x00, 0x00, 0x51, 0xE3, 0x01, 0x00, 0x80, 0xE0, 0x01, 0x50, 0x40, 0xE2
	.byte 0x00, 0x40, 0xA0, 0xE3, 0x0A, 0x00, 0x00, 0x9A, 0x06, 0x00, 0x00, 0xEA, 0x05, 0x00, 0xA0, 0xE1
	.byte 0x4E, 0xE6, 0xFF, 0xEB, 0x00, 0x10, 0xA0, 0xE1, 0x01, 0x00, 0x85, 0xE2, 0x40, 0xE6, 0xFF, 0xEB
	.byte 0x01, 0x40, 0x84, 0xE2, 0x01, 0x50, 0x45, 0xE2, 0xB0, 0x0A, 0xD6, 0xE1, 0x00, 0x00, 0x54, 0xE1
	.byte 0xF5, 0xFF, 0xFF, 0x3A, 0x3C, 0x00, 0x9F, 0xE5, 0x00, 0x00, 0x90, 0xE5, 0x06, 0x0C, 0x80, 0xE2
	.byte 0xB4, 0x09, 0xD0, 0xE1, 0x04, 0x00, 0x10, 0xE3, 0x03, 0x00, 0x89, 0x12, 0x03, 0x20, 0xC0, 0x13
	.byte 0x30, 0x10, 0x9F, 0x15, 0x30, 0x00, 0x9F, 0x15, 0xB0, 0x10, 0xC2, 0x11, 0xB2, 0x00, 0xC2, 0x11
	.byte 0x1C, 0x00, 0x89, 0xE2, 0xB4, 0xBA, 0xC6, 0xE1, 0x0A, 0x00, 0x40, 0xE0, 0xBA, 0x00, 0xC8, 0xE1
	.byte 0xF8, 0x4F, 0xBD, 0xE8, 0x1E, 0xFF, 0x2F, 0xE1, 0xF4, 0xFF, 0x80, 0x03, 0x74, 0x6F, 0xFF, 0x02
	.byte 0x84, 0x80, 0x80, 0x04, 0xF0, 0xFF, 0x80, 0x03, 0xB8, 0xB6, 0x00, 0x00, 0x46, 0x1D, 0x00, 0x00
	.byte 0x70, 0x40, 0x2D, 0xE9, 0xD4, 0x40, 0x9F, 0xE5, 0x00, 0x00, 0x94, 0xE5, 0xD1, 0x5F, 0x80, 0xE2
	.byte 0xAC, 0x14, 0x90, 0xE5, 0xB0, 0x2A, 0xD5, 0xE1, 0xB6, 0x09, 0xD5, 0xE1, 0x24, 0x10, 0x81, 0xE2
	.byte 0x00, 0x00, 0x52, 0xE3, 0x00, 0x60, 0x81, 0xE0, 0x0F, 0x00, 0x00, 0x0A, 0xB2, 0x0A, 0xD5, 0xE1
	.byte 0x9C, 0x10, 0x95, 0xE5, 0x01, 0x00, 0x10, 0xE3, 0x0A, 0x00, 0x86, 0xE2, 0x08, 0x00, 0x00, 0x0A
	.byte 0x01, 0x00, 0x40, 0xE2, 0x02, 0x20, 0x82, 0xE2, 0xE7, 0xE5, 0xFF, 0xEB, 0xB4, 0x10, 0x54, 0xE1
	.byte 0x09, 0x00, 0x86, 0xE2, 0x41, 0x14, 0xA0, 0xE1, 0xFF, 0x10, 0x01, 0xE2, 0x0C, 0xE6, 0xFF, 0xEB
	.byte 0x01, 0x00, 0x00, 0xEA, 0x01, 0x20, 0x82, 0xE2, 0xDF, 0xE5, 0xFF, 0xEB, 0x6C, 0x40, 0x9F, 0xE5
	.byte 0xB6, 0x29, 0xD5, 0xE1, 0x00, 0x00, 0x94, 0xE5, 0xB0, 0x1A, 0xD5, 0xE1, 0x26, 0x20, 0x82, 0xE2
	.byte 0xAC, 0x04, 0x90, 0xE5, 0x01, 0x10, 0x82, 0xE0, 0xBA, 0x10, 0xC0, 0xE1, 0xB0, 0x1A, 0xD5, 0xE1
	.byte 0x01, 0x00, 0x86, 0xE2, 0x08, 0x10, 0x81, 0xE2, 0xFF, 0x10, 0x01, 0xE2, 0xFC, 0xE5, 0xFF, 0xEB
	.byte 0x00, 0x00, 0x94, 0xE5, 0x06, 0x0C, 0x80, 0xE2, 0xB4, 0x09, 0xD0, 0xE1, 0x04, 0x00, 0x10, 0xE3
	.byte 0xB0, 0x0A, 0xD5, 0x11, 0x0D, 0x10, 0x86, 0x12, 0x00, 0x00, 0x81, 0x10, 0x03, 0x20, 0xC0, 0x13
	.byte 0x1C, 0x10, 0x9F, 0x15, 0x1C, 0x00, 0x9F, 0x15, 0xB0, 0x10, 0xC2, 0x11, 0xB2, 0x00, 0xC2, 0x11
	.byte 0x00, 0x00, 0xA0, 0xE3, 0xB4, 0x0A, 0xC5, 0xE1, 0x70, 0x40, 0xBD, 0xE8, 0x1E, 0xFF, 0x2F, 0xE1
	.byte 0xF4, 0xFF, 0x80, 0x03, 0xB8, 0xB6, 0x00, 0x00, 0x46, 0x1D, 0x00, 0x00, 0x24, 0x00, 0x9F, 0xE5
	.byte 0x00, 0x00, 0x90, 0xE5, 0x05, 0x1C, 0x80, 0xE2, 0x01, 0x0C, 0x80, 0xE2, 0xBC, 0x13, 0xD1, 0xE1
	.byte 0xB8, 0x2A, 0xD0, 0xE1, 0x18, 0x00, 0x61, 0xE2, 0x00, 0x00, 0x52, 0xE1, 0x01, 0x00, 0xA0, 0xB3
	.byte 0x00, 0x00, 0xA0, 0xA3, 0x1E, 0xFF, 0x2F, 0xE1, 0xF4, 0xFF, 0x80, 0x03, 0x70, 0x40, 0x2D, 0xE9
	.byte 0x68, 0x20, 0x9F, 0xE5, 0x01, 0x50, 0xA0, 0xE1, 0x00, 0x10, 0x92, 0xE5, 0x00, 0x60, 0xA0, 0xE1
	.byte 0x62, 0x0F, 0x81, 0xE2, 0x36, 0x10, 0xA0, 0xE3, 0x33, 0x15, 0x20, 0xEB, 0x00, 0x40, 0xB0, 0xE1
	.byte 0x03, 0x00, 0x00, 0x1A, 0x02, 0x00, 0xA0, 0xE3, 0xA4, 0xE6, 0xFF, 0xEB, 0x04, 0x00, 0xA0, 0xE1
	.byte 0x0C, 0x00, 0x00, 0xEA, 0x38, 0x00, 0x9F, 0xE5, 0x06, 0x10, 0xA0, 0xE1, 0xBC, 0x00, 0xC4, 0xE1
	.byte 0x10, 0x00, 0x84, 0xE2, 0x29, 0x02, 0x00, 0xEB, 0xBC, 0x53, 0xC4, 0xE1, 0x02, 0x00, 0xA0, 0xE3
	.byte 0xB6, 0x01, 0xC4, 0xE1, 0x1C, 0x00, 0x80, 0xE2, 0xB2, 0x02, 0xC4, 0xE1, 0xA0, 0x00, 0xA0, 0xE3
	.byte 0xB4, 0x02, 0xC4, 0xE1, 0x10, 0x00, 0x84, 0xE2, 0x70, 0x40, 0xBD, 0xE8, 0x1E, 0xFF, 0x2F, 0xE1
	.byte 0xF4, 0xFF, 0x80, 0x03, 0xFF, 0xFF, 0x00, 0x00, 0x70, 0x40, 0x2D, 0xE9, 0x94, 0x10, 0x9F, 0xE5
	.byte 0x00, 0x60, 0xA0, 0xE1, 0x00, 0x20, 0x91, 0xE5, 0x5E, 0x10, 0xA0, 0xE3, 0x62, 0x0F, 0x82, 0xE2
	.byte 0xD1, 0x5F, 0x82, 0xE2, 0x14, 0x15, 0x20, 0xEB, 0x00, 0x40, 0xB0, 0xE1, 0x03, 0x00, 0x00, 0x1A
	.byte 0x02, 0x00, 0xA0, 0xE3, 0x85, 0xE6, 0xFF, 0xEB, 0x04, 0x00, 0xA0, 0xE1, 0x17, 0x00, 0x00, 0xEA
	.byte 0x64, 0x00, 0x9F, 0xE5, 0x06, 0x10, 0xA0, 0xE1, 0xBC, 0x00, 0xC4, 0xE1, 0x10, 0x00, 0x84, 0xE2
	.byte 0x0A, 0x02, 0x00, 0xEB, 0xBC, 0x17, 0xD5, 0xE1, 0x40, 0x00, 0x84, 0xE2, 0xBC, 0x13, 0xC4, 0xE1
	.byte 0xB0, 0x17, 0xD5, 0xE1, 0xBE, 0x13, 0xC4, 0xE1, 0x31, 0x02, 0x00, 0xEB, 0x00, 0x50, 0xA0, 0xE1
	.byte 0x40, 0x00, 0x84, 0xE2, 0x05, 0x00, 0x80, 0xE0, 0x49, 0x02, 0x00, 0xEB, 0x00, 0x00, 0x85, 0xE0
	.byte 0x04, 0x00, 0x80, 0xE2, 0xB6, 0x01, 0xC4, 0xE1, 0xB6, 0x11, 0xD4, 0xE1, 0x00, 0x00, 0xA0, 0xE3
	.byte 0x1C, 0x10, 0x81, 0xE2, 0xB2, 0x12, 0xC4, 0xE1, 0xB4, 0x02, 0xC4, 0xE1, 0x10, 0x00, 0x84, 0xE2
	.byte 0x70, 0x40, 0xBD, 0xE8, 0x1E, 0xFF, 0x2F, 0xE1, 0xF4, 0xFF, 0x80, 0x03, 0xFF, 0xFF, 0x00, 0x00
	.byte 0x70, 0x40, 0x2D, 0xE9, 0xA0, 0x10, 0x9F, 0xE5, 0x00, 0x60, 0xA0, 0xE1, 0x00, 0x20, 0x91, 0xE5
	.byte 0x64, 0x10, 0xA0, 0xE3, 0x62, 0x0F, 0x82, 0xE2, 0xD1, 0x5F, 0x82, 0xE2, 0xEA, 0x14, 0x20, 0xEB
	.byte 0x00, 0x40, 0xB0, 0xE1, 0x03, 0x00, 0x00, 0x1A, 0x02, 0x00, 0xA0, 0xE3, 0x5B, 0xE6, 0xFF, 0xEB
	.byte 0x04, 0x00, 0xA0, 0xE1, 0x1A, 0x00, 0x00, 0xEA, 0x70, 0x00, 0x9F, 0xE5, 0x06, 0x10, 0xA0, 0xE1
	.byte 0xBC, 0x00, 0xC4, 0xE1, 0x10, 0x00, 0x84, 0xE2, 0xE0, 0x01, 0x00, 0xEB, 0xBC, 0x17, 0xD5, 0xE1
	.byte 0x40, 0x00, 0x84, 0xE2, 0xBC, 0x13, 0xC4, 0xE1, 0xB0, 0x27, 0xD5, 0xE1, 0x82, 0x10, 0x85, 0xE2
	.byte 0xBE, 0x23, 0xC4, 0xE1, 0x79, 0xE2, 0xFF, 0xEB, 0x46, 0x00, 0x84, 0xE2, 0x04, 0x02, 0x00, 0xEB
	.byte 0x00, 0x50, 0xA0, 0xE1, 0x46, 0x00, 0x84, 0xE2, 0x05, 0x00, 0x80, 0xE0, 0x1C, 0x02, 0x00, 0xEB
	.byte 0x00, 0x00, 0x85, 0xE0, 0x0A, 0x00, 0x80, 0xE2, 0xB6, 0x01, 0xC4, 0xE1, 0xB6, 0x11, 0xD4, 0xE1
	.byte 0x20, 0x00, 0xA0, 0xE3, 0x1C, 0x10, 0x81, 0xE2, 0xB2, 0x12, 0xC4, 0xE1, 0xB4, 0x02, 0xC4, 0xE1
	.byte 0x10, 0x00, 0x84, 0xE2, 0x70, 0x40, 0xBD, 0xE8, 0x1E, 0xFF, 0x2F, 0xE1, 0xF4, 0xFF, 0x80, 0x03
	.byte 0xFF, 0xFF, 0x00, 0x00, 0xF8, 0x43, 0x2D, 0xE9, 0x64, 0x31, 0x9F, 0xE5, 0x01, 0x70, 0xA0, 0xE1
	.byte 0x00, 0x10, 0x93, 0xE5, 0x00, 0x80, 0xA0, 0xE1, 0x62, 0x0F, 0x81, 0xE2, 0x60, 0x10, 0xA0, 0xE3
	.byte 0x02, 0x60, 0xA0, 0xE1, 0x00, 0x90, 0xA0, 0xE3, 0xBB, 0x14, 0x20, 0xEB, 0x00, 0x40, 0xB0, 0xE1
	.byte 0x03, 0x00, 0x00, 0x1A, 0x02, 0x00, 0xA0, 0xE3, 0x2C, 0xE6, 0xFF, 0xEB, 0x04, 0x00, 0xA0, 0xE1
	.byte 0x49, 0x00, 0x00, 0xEA, 0x2C, 0x01, 0x9F, 0xE5, 0x00, 0x00, 0x57, 0xE3, 0xBC, 0x00, 0xC4, 0xE1
	.byte 0x04, 0x00, 0x00, 0x1A, 0x08, 0x00, 0xA0, 0xE1, 0xAB, 0xE9, 0xFF, 0xEB, 0x00, 0x50, 0xB0, 0xE1
	.byte 0x13, 0x70, 0xA0, 0x03, 0x00, 0x00, 0x00, 0xEA, 0x09, 0x50, 0xA0, 0xE1, 0x08, 0x00, 0xA0, 0xE1
	.byte 0x09, 0xEA, 0xFF, 0xEB, 0x00, 0x10, 0xA0, 0xE1, 0x10, 0x00, 0x84, 0xE2, 0xA7, 0x01, 0x00, 0xEB
	.byte 0xEC, 0x00, 0x9F, 0xE5, 0x00, 0x00, 0x55, 0xE3, 0x00, 0x00, 0x90, 0xE5, 0x03, 0x0C, 0x80, 0xE2
	.byte 0xB0, 0x0C, 0xD0, 0xE1, 0xBC, 0x03, 0xC4, 0xE1, 0xBE, 0x73, 0xC4, 0xE1, 0xB0, 0x54, 0xC4, 0xE1
	.byte 0xB0, 0x04, 0xD4, 0x11, 0x03, 0x09, 0x80, 0x13, 0xB0, 0x04, 0xC4, 0x11, 0x42, 0x00, 0x84, 0xE2
	.byte 0xE3, 0x01, 0x00, 0xEB, 0x06, 0x00, 0x80, 0xE2, 0xB6, 0x01, 0xC4, 0xE1, 0xB6, 0x11, 0xD4, 0xE1
	.byte 0x10, 0x00, 0xA0, 0xE3, 0x1C, 0x10, 0x81, 0xE2, 0xB2, 0x12, 0xC4, 0xE1, 0xB4, 0x02, 0xC4, 0xE1
	.byte 0xB2, 0x02, 0xD4, 0xE1, 0x24, 0x10, 0x84, 0xE2, 0x00, 0x00, 0x56, 0xE3, 0x00, 0x80, 0x81, 0xE0
	.byte 0x1A, 0x00, 0x00, 0x0A, 0x01, 0x00, 0x86, 0xE2, 0x38, 0xE5, 0xFF, 0xEB, 0x00, 0x90, 0xA0, 0xE1
	.byte 0x06, 0x00, 0xA0, 0xE1, 0x35, 0xE5, 0xFF, 0xEB, 0x00, 0x10, 0xA0, 0xE1, 0x08, 0x00, 0xA0, 0xE1
	.byte 0x27, 0xE5, 0xFF, 0xEB, 0x01, 0x00, 0x88, 0xE2, 0xFF, 0x10, 0x09, 0xE2, 0x02, 0x80, 0x88, 0xE2
	.byte 0x23, 0xE5, 0xFF, 0xEB, 0x00, 0x00, 0x59, 0xE3, 0x00, 0x70, 0xA0, 0xE3, 0x11, 0x00, 0x00, 0x9A
	.byte 0x02, 0x50, 0x86, 0xE2, 0x06, 0x00, 0x00, 0xEA, 0x07, 0x00, 0x85, 0xE0, 0x27, 0xE5, 0xFF, 0xEB
	.byte 0x00, 0x10, 0xA0, 0xE1, 0x08, 0x00, 0xA0, 0xE1, 0x19, 0xE5, 0xFF, 0xEB, 0x01, 0x70, 0x87, 0xE2
	.byte 0x01, 0x80, 0x88, 0xE2, 0x09, 0x00, 0x57, 0xE1, 0xF6, 0xFF, 0xFF, 0x3A, 0x05, 0x00, 0x00, 0xEA
	.byte 0x08, 0x00, 0xA0, 0xE1, 0x09, 0x10, 0xA0, 0xE1, 0x11, 0xE5, 0xFF, 0xEB, 0x09, 0x10, 0xA0, 0xE1
	.byte 0x01, 0x00, 0x88, 0xE2, 0x0E, 0xE5, 0xFF, 0xEB, 0x10, 0x00, 0x84, 0xE2, 0xF8, 0x43, 0xBD, 0xE8
	.byte 0x1E, 0xFF, 0x2F, 0xE1, 0xF4, 0xFF, 0x80, 0x03, 0xFF, 0xFF, 0x00, 0x00, 0xF8, 0x43, 0x2D, 0xE9
	.byte 0x50, 0x31, 0x9F, 0xE5, 0x01, 0x60, 0xA0, 0xE1, 0x00, 0x10, 0x93, 0xE5, 0x00, 0x70, 0xA0, 0xE1
	.byte 0x62, 0x0F, 0x81, 0xE2, 0x60, 0x10, 0xA0, 0xE3, 0x02, 0x50, 0xA0, 0xE1, 0x00, 0x80, 0xA0, 0xE3
	.byte 0x5D, 0x14, 0x20, 0xEB, 0x00, 0x40, 0xB0, 0xE1, 0x03, 0x00, 0x00, 0x1A, 0x02, 0x00, 0xA0, 0xE3
	.byte 0xCE, 0xE5, 0xFF, 0xEB, 0x04, 0x00, 0xA0, 0xE1, 0x44, 0x00, 0x00, 0xEA, 0x18, 0x01, 0x9F, 0xE5
	.byte 0x00, 0x00, 0x56, 0xE3, 0xBC, 0x00, 0xC4, 0xE1, 0x04, 0x00, 0x00, 0x1A, 0x07, 0x00, 0xA0, 0xE1
	.byte 0x4D, 0xE9, 0xFF, 0xEB, 0x00, 0x90, 0xB0, 0xE1, 0x13, 0x60, 0xA0, 0x03, 0x00, 0x00, 0x00, 0xEA
	.byte 0x08, 0x90, 0xA0, 0xE1, 0x07, 0x00, 0xA0, 0xE1, 0xAB, 0xE9, 0xFF, 0xEB, 0x00, 0x10, 0xA0, 0xE1
	.byte 0x10, 0x00, 0x84, 0xE2, 0x49, 0x01, 0x00, 0xEB, 0xD8, 0x00, 0x9F, 0xE5, 0x03, 0x29, 0x89, 0xE3
	.byte 0x00, 0x10, 0x90, 0xE5, 0x42, 0x00, 0x84, 0xE2, 0x03, 0x1C, 0x81, 0xE2, 0xB0, 0x1C, 0xD1, 0xE1
	.byte 0xBC, 0x13, 0xC4, 0xE1, 0xBE, 0x63, 0xC4, 0xE1, 0xB0, 0x24, 0xC4, 0xE1, 0x88, 0x01, 0x00, 0xEB
	.byte 0x06, 0x00, 0x80, 0xE2, 0xB6, 0x01, 0xC4, 0xE1, 0xB6, 0x11, 0xD4, 0xE1, 0x30, 0x00, 0xA0, 0xE3
	.byte 0x1C, 0x10, 0x81, 0xE2, 0xB2, 0x12, 0xC4, 0xE1, 0xB4, 0x02, 0xC4, 0xE1, 0xB2, 0x02, 0xD4, 0xE1
	.byte 0x24, 0x10, 0x84, 0xE2, 0x00, 0x00, 0x55, 0xE3, 0x00, 0x70, 0x81, 0xE0, 0x18, 0x00, 0x00, 0x0A
	.byte 0x01, 0x00, 0x85, 0xE2, 0xDD, 0xE4, 0xFF, 0xEB, 0x00, 0x80, 0xA0, 0xE1, 0x05, 0x00, 0xA0, 0xE1
	.byte 0xDA, 0xE4, 0xFF, 0xEB, 0x00, 0x10, 0xA0, 0xE1, 0x07, 0x00, 0xA0, 0xE1, 0xCC, 0xE4, 0xFF, 0xEB
	.byte 0x01, 0x00, 0x87, 0xE2, 0xFF, 0x10, 0x08, 0xE2, 0xC9, 0xE4, 0xFF, 0xEB, 0x02, 0x70, 0x87, 0xE2
	.byte 0x00, 0x60, 0xA0, 0xE3, 0x02, 0x50, 0x85, 0xE2, 0x06, 0x00, 0x00, 0xEA, 0x06, 0x00, 0x85, 0xE0
	.byte 0xCE, 0xE4, 0xFF, 0xEB, 0x00, 0x10, 0xA0, 0xE1, 0x07, 0x00, 0xA0, 0xE1, 0xC0, 0xE4, 0xFF, 0xEB
	.byte 0x01, 0x70, 0x87, 0xE2, 0x01, 0x60, 0x86, 0xE2, 0x08, 0x00, 0x56, 0xE1, 0xF6, 0xFF, 0xFF, 0x3A
	.byte 0x05, 0x00, 0x00, 0xEA, 0x07, 0x00, 0xA0, 0xE1, 0x08, 0x10, 0xA0, 0xE1, 0xB8, 0xE4, 0xFF, 0xEB
	.byte 0x08, 0x10, 0xA0, 0xE1, 0x01, 0x00, 0x87, 0xE2, 0xB5, 0xE4, 0xFF, 0xEB, 0x10, 0x00, 0x84, 0xE2
	.byte 0xF8, 0x43, 0xBD, 0xE8, 0x1E, 0xFF, 0x2F, 0xE1, 0xF4, 0xFF, 0x80, 0x03, 0xFF, 0xFF, 0x00, 0x00
	.byte 0x38, 0x40, 0x2D, 0xE9, 0x78, 0x10, 0x9F, 0xE5, 0x00, 0x40, 0xA0, 0xE1, 0x00, 0x00, 0x91, 0xE5
	.byte 0x5A, 0x10, 0xA0, 0xE3, 0x62, 0x0F, 0x80, 0xE2, 0x07, 0x14, 0x20, 0xEB, 0x00, 0x50, 0xB0, 0xE1
	.byte 0x03, 0x00, 0x00, 0x1A, 0x02, 0x00, 0xA0, 0xE3, 0x78, 0xE5, 0xFF, 0xEB, 0x05, 0x00, 0xA0, 0xE1
	.byte 0x11, 0x00, 0x00, 0xEA, 0x4C, 0x20, 0x9F, 0xE5, 0x04, 0x10, 0xA0, 0xE1, 0x10, 0x00, 0x85, 0xE2
	.byte 0xBC, 0x20, 0xC5, 0xE1, 0xFD, 0x00, 0x00, 0xEB, 0x3C, 0x00, 0x85, 0xE2, 0x28, 0x01, 0x00, 0xEB
	.byte 0x00, 0x40, 0xA0, 0xE1, 0x3C, 0x00, 0x85, 0xE2, 0x04, 0x00, 0x80, 0xE0, 0x40, 0x01, 0x00, 0xEB
	.byte 0x00, 0x00, 0x84, 0xE0, 0xB6, 0x01, 0xC5, 0xE1, 0x1C, 0x00, 0x80, 0xE2, 0xB2, 0x02, 0xC5, 0xE1
	.byte 0x40, 0x00, 0xA0, 0xE3, 0xB4, 0x02, 0xC5, 0xE1, 0x10, 0x00, 0x85, 0xE2, 0x38, 0x40, 0xBD, 0xE8
	.byte 0x1E, 0xFF, 0x2F, 0xE1, 0xF4, 0xFF, 0x80, 0x03, 0xFF, 0xFF, 0x00, 0x00, 0xF0, 0x47, 0x2D, 0xE9
	.byte 0xF4, 0x81, 0x9F, 0xE5, 0x00, 0x50, 0xA0, 0xE1, 0x00, 0x00, 0x98, 0xE5, 0x00, 0x60, 0xA0, 0xE3
	.byte 0xD1, 0x4F, 0x80, 0xE2, 0x9C, 0xFE, 0xFF, 0xEB, 0x00, 0x00, 0x50, 0xE3, 0x06, 0x00, 0xA0, 0x01
	.byte 0x73, 0x00, 0x00, 0x0A, 0x00, 0x00, 0x98, 0xE5, 0xB0, 0x1A, 0xD4, 0xE1, 0x62, 0x0F, 0x80, 0xE2
	.byte 0x78, 0x10, 0x81, 0xE2, 0xDC, 0x13, 0x20, 0xEB, 0x00, 0x70, 0xB0, 0xE1, 0x03, 0x00, 0x00, 0x1A
	.byte 0x02, 0x00, 0xA0, 0xE3, 0x4D, 0xE5, 0xFF, 0xEB, 0x07, 0x00, 0xA0, 0xE1, 0x68, 0x00, 0x00, 0xEA
	.byte 0xA8, 0x01, 0x9F, 0xE5, 0x05, 0x10, 0xA0, 0xE1, 0xBC, 0x00, 0xC7, 0xE1, 0x10, 0x00, 0x87, 0xE2
	.byte 0xD2, 0x00, 0x00, 0xEB, 0xBE, 0x16, 0xD4, 0xE1, 0x48, 0x00, 0x87, 0xE2, 0xB4, 0x14, 0xC7, 0xE1
	.byte 0xBC, 0x17, 0xD4, 0xE1, 0xB6, 0x14, 0xC7, 0xE1, 0xF9, 0x00, 0x00, 0xEB, 0x00, 0x40, 0xA0, 0xE1
	.byte 0x48, 0x00, 0x87, 0xE2, 0x04, 0x00, 0x80, 0xE0, 0x11, 0x01, 0x00, 0xEB, 0x00, 0x90, 0x84, 0xE0
	.byte 0x48, 0x00, 0x87, 0xE2, 0x09, 0x40, 0x80, 0xE0, 0x04, 0x00, 0xA0, 0xE1, 0x03, 0x10, 0xA0, 0xE3
	.byte 0x63, 0xE4, 0xFF, 0xEB, 0x01, 0x00, 0x84, 0xE2, 0x01, 0x10, 0xA0, 0xE3, 0x60, 0xE4, 0xFF, 0xEB
	.byte 0x00, 0x10, 0x98, 0xE5, 0x02, 0x00, 0x84, 0xE2, 0x03, 0x1C, 0x81, 0xE2, 0xBE, 0x1B, 0xD1, 0xE1
	.byte 0xFF, 0x10, 0x01, 0xE2, 0x5A, 0xE4, 0xFF, 0xEB, 0x00, 0x10, 0x98, 0xE5, 0x03, 0x90, 0x89, 0xE2
	.byte 0x48, 0x00, 0x87, 0xE2, 0x09, 0x50, 0x80, 0xE0, 0xD1, 0x4F, 0x81, 0xE2, 0xC7, 0xAF, 0x81, 0xE2
	.byte 0x05, 0x00, 0xA0, 0xE1, 0xDD, 0x10, 0xA0, 0xE3, 0x51, 0xE4, 0xFF, 0xEB, 0x00, 0x10, 0x98, 0xE5
	.byte 0x01, 0x00, 0x85, 0xE2, 0x03, 0x1C, 0x81, 0xE2, 0xB4, 0x1E, 0xD1, 0xE1, 0x08, 0x10, 0x81, 0xE2
	.byte 0xFF, 0x10, 0x01, 0xE2, 0x4A, 0xE4, 0xFF, 0xEB, 0x02, 0x00, 0x85, 0xE2, 0x06, 0x10, 0xA0, 0xE1
	.byte 0x47, 0xE4, 0xFF, 0xEB, 0x03, 0x00, 0x85, 0xE2, 0x09, 0x10, 0xA0, 0xE3, 0x44, 0xE4, 0xFF, 0xEB
	.byte 0x04, 0x00, 0x85, 0xE2, 0xBF, 0x10, 0xA0, 0xE3, 0x41, 0xE4, 0xFF, 0xEB, 0x05, 0x00, 0x85, 0xE2
	.byte 0x06, 0x10, 0xA0, 0xE1, 0x3E, 0xE4, 0xFF, 0xEB, 0xB0, 0x12, 0xDA, 0xE1, 0x06, 0x00, 0x85, 0xE2
	.byte 0xFF, 0x10, 0x01, 0xE2, 0x3A, 0xE4, 0xFF, 0xEB, 0xB0, 0x12, 0xDA, 0xE1, 0x07, 0x00, 0x85, 0xE2
	.byte 0x41, 0x14, 0xA0, 0xE1, 0xFF, 0x10, 0x01, 0xE2, 0x35, 0xE4, 0xFF, 0xEB, 0xB4, 0x80, 0x58, 0xE1
	.byte 0x08, 0x00, 0x85, 0xE2, 0xFF, 0x10, 0x08, 0xE2, 0x31, 0xE4, 0xFF, 0xEB, 0x28, 0x14, 0xA0, 0xE1
	.byte 0x09, 0x00, 0x85, 0xE2, 0xFF, 0x10, 0x01, 0xE2, 0x2D, 0xE4, 0xFF, 0xEB, 0xB0, 0x0A, 0xD4, 0xE1
	.byte 0x0A, 0xA0, 0x86, 0xE2, 0x00, 0x00, 0x50, 0xE3, 0x10, 0x00, 0x00, 0x0A, 0xB2, 0x0A, 0xD4, 0xE1
	.byte 0x9C, 0x60, 0x94, 0xE5, 0x01, 0x00, 0x10, 0xE3, 0x01, 0x60, 0x86, 0x12, 0x00, 0x80, 0xA0, 0xE3
	.byte 0x07, 0x00, 0x00, 0xEA, 0x06, 0x00, 0xA0, 0xE1, 0x2C, 0xE4, 0xFF, 0xEB, 0x00, 0x10, 0xA0, 0xE1
	.byte 0x0A, 0x00, 0x85, 0xE0, 0x1E, 0xE4, 0xFF, 0xEB, 0x01, 0xA0, 0x8A, 0xE2, 0x01, 0x60, 0x86, 0xE2
	.byte 0x01, 0x80, 0x88, 0xE2, 0xB0, 0x0A, 0xD4, 0xE1, 0x00, 0x00, 0x58, 0xE1, 0xF4, 0xFF, 0xFF, 0x3A
	.byte 0x0A, 0x00, 0x89, 0xE0, 0x0C, 0x00, 0x80, 0xE2, 0xB6, 0x01, 0xC7, 0xE1, 0xB6, 0x11, 0xD7, 0xE1
	.byte 0x50, 0x00, 0xA0, 0xE3, 0x1C, 0x10, 0x81, 0xE2, 0xB2, 0x12, 0xC7, 0xE1, 0xB4, 0x02, 0xC7, 0xE1
	.byte 0x10, 0x00, 0x87, 0xE2, 0xF0, 0x47, 0xBD, 0xE8, 0x1E, 0xFF, 0x2F, 0xE1, 0xF4, 0xFF, 0x80, 0x03
	.byte 0xFF, 0xFF, 0x00, 0x00, 0x70, 0x40, 0x2D, 0xE9, 0x00, 0x60, 0xA0, 0xE1, 0x01, 0x50, 0xA0, 0xE1
	.byte 0x00, 0x00, 0x52, 0xE3, 0x03, 0x00, 0x00, 0x0A, 0x1B, 0xFE, 0xFF, 0xEB, 0x00, 0x00, 0x50, 0xE3
	.byte 0x00, 0x00, 0xA0, 0x03, 0x22, 0x00, 0x00, 0x0A, 0x8C, 0x00, 0x9F, 0xE5, 0x3D, 0x10, 0x85, 0xE2
	.byte 0x00, 0x00, 0x90, 0xE5, 0x62, 0x0F, 0x80, 0xE2, 0x5B, 0x13, 0x20, 0xEB, 0x00, 0x40, 0xB0, 0xE1
	.byte 0x03, 0x00, 0x00, 0x1A, 0x02, 0x00, 0xA0, 0xE3, 0xCC, 0xE4, 0xFF, 0xEB, 0x04, 0x00, 0xA0, 0xE1
	.byte 0x17, 0x00, 0x00, 0xEA, 0x64, 0x20, 0x9F, 0xE5, 0x06, 0x10, 0xA0, 0xE1, 0x10, 0x00, 0x84, 0xE2
	.byte 0xBC, 0x20, 0xC4, 0xE1, 0x51, 0x00, 0x00, 0xEB, 0x00, 0x00, 0x55, 0xE3, 0x08, 0x00, 0x00, 0x0A
	.byte 0x42, 0x00, 0x84, 0xE2, 0x10, 0x10, 0xA0, 0xE3, 0xED, 0xE3, 0xFF, 0xEB, 0x43, 0x00, 0x84, 0xE2
	.byte 0xFF, 0x10, 0x05, 0xE2, 0xEA, 0xE3, 0xFF, 0xEB, 0x02, 0x00, 0x85, 0xE2, 0x00, 0x08, 0xA0, 0xE1
	.byte 0x20, 0x58, 0xA0, 0xE1, 0x06, 0x00, 0x85, 0xE2, 0xB6, 0x01, 0xC4, 0xE1, 0xB6, 0x11, 0xD4, 0xE1
	.byte 0xB0, 0x00, 0xA0, 0xE3, 0x1C, 0x10, 0x81, 0xE2, 0xB2, 0x12, 0xC4, 0xE1, 0xB4, 0x02, 0xC4, 0xE1
	.byte 0x10, 0x00, 0x84, 0xE2, 0x70, 0x40, 0xBD, 0xE8, 0x1E, 0xFF, 0x2F, 0xE1, 0xF4, 0xFF, 0x80, 0x03
	.byte 0xFF, 0xFF, 0x00, 0x00, 0x70, 0x40, 0x2D, 0xE9, 0x00, 0x60, 0xA0, 0xE1, 0x01, 0x50, 0xA0, 0xE1
	.byte 0x00, 0x00, 0x52, 0xE3, 0x03, 0x00, 0x00, 0x0A, 0xEB, 0xFD, 0xFF, 0xEB, 0x00, 0x00, 0x50, 0xE3
	.byte 0x00, 0x00, 0xA0, 0x03, 0x17, 0x00, 0x00, 0x0A, 0x60, 0x00, 0x9F, 0xE5, 0x36, 0x10, 0xA0, 0xE3
	.byte 0x00, 0x00, 0x90, 0xE5, 0x62, 0x0F, 0x80, 0xE2, 0x2B, 0x13, 0x20, 0xEB, 0x00, 0x40, 0xB0, 0xE1
	.byte 0x03, 0x00, 0x00, 0x1A, 0x02, 0x00, 0xA0, 0xE3, 0x9C, 0xE4, 0xFF, 0xEB, 0x04, 0x00, 0xA0, 0xE1
	.byte 0x0C, 0x00, 0x00, 0xEA, 0x38, 0x00, 0x9F, 0xE5, 0x06, 0x10, 0xA0, 0xE1, 0xBC, 0x00, 0xC4, 0xE1
	.byte 0x10, 0x00, 0x84, 0xE2, 0x21, 0x00, 0x00, 0xEB, 0xBC, 0x53, 0xC4, 0xE1, 0x02, 0x00, 0xA0, 0xE3
	.byte 0xB6, 0x01, 0xC4, 0xE1, 0x1C, 0x00, 0x80, 0xE2, 0xB2, 0x02, 0xC4, 0xE1, 0xC0, 0x00, 0xA0, 0xE3
	.byte 0xB4, 0x02, 0xC4, 0xE1, 0x10, 0x00, 0x84, 0xE2, 0x70, 0x40, 0xBD, 0xE8, 0x1E, 0xFF, 0x2F, 0xE1
	.byte 0xF4, 0xFF, 0x80, 0x03, 0xFF, 0xFF, 0x00, 0x00, 0x08, 0x40, 0x2D, 0xE9, 0x48, 0xC0, 0x9F, 0xE5
	.byte 0x00, 0x20, 0xA0, 0xE3, 0x00, 0x30, 0x9C, 0xE5, 0x14, 0x10, 0xA0, 0xE3, 0x5C, 0x34, 0x93, 0xE5
	.byte 0x03, 0x09, 0x80, 0xE3, 0xB0, 0x20, 0xC3, 0xE1, 0xB2, 0x20, 0xC3, 0xE1, 0xB4, 0x20, 0xC3, 0xE1
	.byte 0xBA, 0x10, 0xC3, 0xE1, 0xA4, 0x10, 0xA0, 0xE3, 0xBC, 0x10, 0xC3, 0xE1, 0xBE, 0x00, 0xC3, 0xE1
	.byte 0x00, 0x20, 0x9C, 0xE5, 0x10, 0x00, 0x83, 0xE2, 0xEA, 0x1F, 0x82, 0xE2, 0xC9, 0x2F, 0x82, 0xE2
	.byte 0xA9, 0xE0, 0xFF, 0xEB, 0x08, 0x40, 0xBD, 0xE8, 0x1E, 0xFF, 0x2F, 0xE1, 0xF4, 0xFF, 0x80, 0x03
	.byte 0x38, 0x40, 0x2D, 0xE9, 0x00, 0x50, 0xA0, 0xE1, 0x01, 0x40, 0xA0, 0xE1, 0x05, 0x10, 0xA0, 0xE1
	.byte 0x00, 0x00, 0xA0, 0xE3, 0x2C, 0x20, 0xA0, 0xE3, 0xB1, 0x2D, 0x20, 0xEB, 0xBC, 0xE1, 0xFF, 0xEB
	.byte 0xB0, 0x01, 0xC5, 0xE1, 0x1C, 0x00, 0x9F, 0xE5, 0x04, 0x10, 0xA0, 0xE1, 0x00, 0x30, 0x90, 0xE5
	.byte 0x18, 0x00, 0x85, 0xE2, 0xC9, 0x2F, 0x83, 0xE2, 0xEA, 0x3F, 0x83, 0xE2, 0xA3, 0xE0, 0xFF, 0xEB
	.byte 0x38, 0x40, 0xBD, 0xE8, 0x1E, 0xFF, 0x2F, 0xE1, 0xF4, 0xFF, 0x80, 0x03, 0xF8, 0x40, 0x2D, 0xE9
	.byte 0x58, 0x20, 0x9F, 0xE5, 0x00, 0x70, 0xA0, 0xE1, 0x00, 0x00, 0x92, 0xE5, 0x01, 0x60, 0xA0, 0xE1
	.byte 0xA0, 0x51, 0x90, 0xE5, 0x00, 0x40, 0xE0, 0xE3, 0x0B, 0x00, 0x00, 0xEA, 0xB4, 0x02, 0xD5, 0xE1
	.byte 0x06, 0x00, 0x50, 0xE1, 0x05, 0x00, 0x00, 0x1A, 0x07, 0x10, 0xA0, 0xE1, 0x28, 0x00, 0x85, 0xE2
	.byte 0x62, 0xE1, 0xFF, 0xEB, 0x00, 0x00, 0x50, 0xE3, 0x01, 0x00, 0xA0, 0x13, 0x05, 0x00, 0x00, 0x1A
	.byte 0x05, 0x00, 0xA0, 0xE1, 0x5C, 0x13, 0x20, 0xEB, 0x00, 0x50, 0xA0, 0xE1, 0x04, 0x00, 0x55, 0xE1
	.byte 0xF1, 0xFF, 0xFF, 0x1A, 0x00, 0x00, 0xA0, 0xE3, 0xF8, 0x40, 0xBD, 0xE8, 0x1E, 0xFF, 0x2F, 0xE1
	.byte 0xF4, 0xFF, 0x80, 0x03, 0xF0, 0x41, 0x2D, 0xE9, 0x60, 0x10, 0x9F, 0xE5, 0x00, 0x70, 0xA0, 0xE3
	.byte 0x00, 0x10, 0x91, 0xE5, 0x00, 0x80, 0xA0, 0xE1, 0xD1, 0x4F, 0x81, 0xE2, 0xBE, 0x61, 0xD4, 0xE1
	.byte 0x07, 0x10, 0xA0, 0xE1, 0x6A, 0xE3, 0xFF, 0xEB, 0x01, 0x00, 0x88, 0xE2, 0xFF, 0x10, 0x06, 0xE2
	.byte 0x67, 0xE3, 0xFF, 0xEB, 0x02, 0x50, 0x87, 0xE2, 0x20, 0x40, 0x84, 0xE2, 0x06, 0x00, 0x00, 0xEA
	.byte 0x07, 0x00, 0x84, 0xE0, 0x6D, 0xE3, 0xFF, 0xEB, 0x00, 0x10, 0xA0, 0xE1, 0x05, 0x00, 0x88, 0xE0
	.byte 0x5F, 0xE3, 0xFF, 0xEB, 0x01, 0x50, 0x85, 0xE2, 0x01, 0x70, 0x87, 0xE2, 0x06, 0x00, 0x57, 0xE1
	.byte 0xF6, 0xFF, 0xFF, 0x3A, 0x05, 0x00, 0xA0, 0xE1, 0xF0, 0x41, 0xBD, 0xE8, 0x1E, 0xFF, 0x2F, 0xE1
	.byte 0xF4, 0xFF, 0x80, 0x03, 0xF8, 0x43, 0x2D, 0xE9, 0x80, 0x20, 0x9F, 0xE5, 0x01, 0x10, 0xA0, 0xE3
	.byte 0x00, 0x20, 0x92, 0xE5, 0x00, 0x90, 0xA0, 0xE1, 0xD1, 0x6F, 0x82, 0xE2, 0x00, 0x80, 0xA0, 0xE3
	.byte 0x4F, 0xE3, 0xFF, 0xEB, 0x68, 0x40, 0x9F, 0xE5, 0x02, 0x70, 0x88, 0xE2, 0x01, 0x50, 0xA0, 0xE3
	.byte 0xB2, 0x06, 0xD6, 0xE1, 0x15, 0x08, 0x10, 0xE1, 0x0A, 0x00, 0x00, 0x0A, 0xB0, 0x06, 0xD6, 0xE1
	.byte 0x15, 0x08, 0x10, 0xE1, 0x88, 0x00, 0xA0, 0xE1, 0xB0, 0x10, 0x94, 0xE1, 0x07, 0x00, 0x89, 0xE0
	.byte 0x01, 0x00, 0x00, 0x0A, 0x80, 0x10, 0x81, 0xE3, 0xFF, 0xFF, 0xFF, 0xEA, 0xFF, 0x10, 0x01, 0xE2
	.byte 0x3F, 0xE3, 0xFF, 0xEB, 0x01, 0x70, 0x87, 0xE2, 0x01, 0x80, 0x88, 0xE2, 0x10, 0x00, 0x58, 0xE3
	.byte 0xEE, 0xFF, 0xFF, 0x3A, 0x02, 0x10, 0x47, 0xE2, 0x01, 0x00, 0x89, 0xE2, 0xFF, 0x10, 0x01, 0xE2
	.byte 0x37, 0xE3, 0xFF, 0xEB, 0x07, 0x00, 0xA0, 0xE1, 0xF8, 0x43, 0xBD, 0xE8, 0x1E, 0xFF, 0x2F, 0xE1
	.byte 0xF4, 0xFF, 0x80, 0x03, 0x94, 0x6F, 0xFF, 0x02, 0xF8, 0x43, 0x2D, 0xE9, 0x04, 0x03, 0x9F, 0xE5
	.byte 0x00, 0x40, 0x90, 0xE5, 0x5F, 0x7F, 0x84, 0xE2, 0x48, 0x50, 0x97, 0xE5, 0x04, 0x10, 0x84, 0xE2
	.byte 0x01, 0x00, 0x75, 0xE3, 0xC7, 0x0F, 0x84, 0xE2, 0xD1, 0x6F, 0x84, 0xE2, 0x01, 0x1B, 0x81, 0xE2
	.byte 0xB6, 0x00, 0x00, 0x0A, 0xB4, 0x32, 0xD5, 0xE1, 0x00, 0x20, 0xA0, 0xE3, 0x83, 0x3B, 0xA0, 0xE1
	.byte 0xA3, 0x3F, 0xB0, 0xE1, 0x01, 0x00, 0x00, 0x0A, 0xB4, 0x33, 0xD5, 0xE1, 0x00, 0x00, 0x00, 0xEA
	.byte 0xB8, 0x32, 0xD5, 0xE1, 0x01, 0x00, 0x13, 0xE3, 0xB8, 0x30, 0xD6, 0xE1, 0x01, 0x20, 0xA0, 0x13
	.byte 0x40, 0x00, 0x53, 0xE3, 0x10, 0x00, 0x00, 0x0A, 0xBE, 0x01, 0xD0, 0xE1, 0x80, 0x0B, 0xA0, 0xE1
	.byte 0xA0, 0x0F, 0xB0, 0xE1, 0x00, 0x00, 0x52, 0x13, 0x07, 0x00, 0x00, 0x0A, 0x20, 0x00, 0x53, 0xE3
	.byte 0xB2, 0x01, 0xD6, 0x01, 0x01, 0x00, 0x50, 0x03, 0x03, 0x00, 0x00, 0x1A, 0xB0, 0x00, 0xD1, 0xE1
	.byte 0xF0, 0x00, 0x00, 0xE2, 0x30, 0x00, 0x50, 0xE3, 0x03, 0x00, 0x00, 0x1A, 0x05, 0x10, 0xA0, 0xE1
	.byte 0x48, 0x00, 0x87, 0xE2, 0x8E, 0x12, 0x20, 0xEB, 0x98, 0x00, 0x00, 0xEA, 0x00, 0x00, 0x52, 0xE3
	.byte 0x6C, 0x05, 0x94, 0x15, 0x01, 0x90, 0xA0, 0xE3, 0x01, 0x00, 0x80, 0x12, 0x6C, 0x05, 0x84, 0x15
	.byte 0x68, 0x05, 0x94, 0x05, 0x01, 0x00, 0x80, 0x02, 0x68, 0x05, 0x84, 0x05, 0xB8, 0x01, 0xD5, 0xE1
	.byte 0x64, 0x25, 0x94, 0xE5, 0xF0, 0x10, 0x00, 0xE2, 0xC1, 0x01, 0xA0, 0xE1, 0x20, 0x0E, 0x81, 0xE0
	.byte 0x40, 0x02, 0xA0, 0xE1, 0x01, 0x00, 0x40, 0xE2, 0x00, 0x00, 0x82, 0xE0, 0x64, 0x05, 0x84, 0xE5
	.byte 0xBC, 0x20, 0xD6, 0xE1, 0x01, 0x00, 0x52, 0xE3, 0x03, 0x00, 0x00, 0x0A, 0x02, 0x00, 0x52, 0xE3
	.byte 0x03, 0x00, 0x52, 0x13, 0x34, 0x00, 0x00, 0x0A, 0x5D, 0x00, 0x00, 0xEA, 0xB4, 0x02, 0xD5, 0xE1
	.byte 0x01, 0x00, 0x10, 0xE3, 0x5A, 0x00, 0x00, 0x1A, 0x2E, 0x00, 0x85, 0xE2, 0xDB, 0xE5, 0xFF, 0xEB
	.byte 0x00, 0x80, 0xA0, 0xE1, 0xFF, 0x00, 0x58, 0xE3, 0x02, 0x00, 0x00, 0x0A, 0x8E, 0xE7, 0xFF, 0xEB
	.byte 0x40, 0x00, 0x50, 0xE3, 0x18, 0x00, 0x00, 0x0A, 0x08, 0x00, 0xA0, 0xE1, 0x8A, 0xE7, 0xFF, 0xEB
	.byte 0x30, 0x00, 0x50, 0xE3, 0x2E, 0x00, 0x85, 0xE2, 0x07, 0x00, 0x00, 0x1A, 0xA0, 0x10, 0xA0, 0xE3
	.byte 0x51, 0xFF, 0xFF, 0xEB, 0x00, 0x00, 0x50, 0xE3, 0x49, 0x00, 0x00, 0x1A, 0x2E, 0x00, 0x85, 0xE2
	.byte 0x07, 0x10, 0xA0, 0xE3, 0xFC, 0xFC, 0xFF, 0xEB, 0x07, 0x00, 0x00, 0xEA, 0xC0, 0x10, 0xA0, 0xE3
	.byte 0x49, 0xFF, 0xFF, 0xEB, 0x00, 0x00, 0x50, 0xE3, 0x41, 0x00, 0x00, 0x1A, 0x2E, 0x00, 0x85, 0xE2
	.byte 0x07, 0x10, 0xA0, 0xE3, 0x01, 0x20, 0xA0, 0xE3, 0xF5, 0xFE, 0xFF, 0xEB, 0x00, 0x00, 0x50, 0xE3
	.byte 0x3B, 0x00, 0x00, 0x0A, 0x6E, 0xFB, 0xFF, 0xEB, 0x39, 0x00, 0x00, 0xEA, 0xB4, 0x12, 0xD5, 0xE1
	.byte 0x08, 0x08, 0xA0, 0xE1, 0x81, 0x19, 0xA0, 0xE1, 0x20, 0x08, 0xA0, 0xE1, 0xA1, 0x1F, 0xA0, 0xE1
	.byte 0xC6, 0xE6, 0xFF, 0xEB, 0x08, 0x00, 0xA0, 0xE1, 0x93, 0xE7, 0xFF, 0xEB, 0xBA, 0x13, 0xD5, 0xE1
	.byte 0x00, 0x00, 0x51, 0xE1, 0x7C, 0x05, 0x94, 0x05, 0x01, 0x00, 0x80, 0x02, 0x7C, 0x05, 0x84, 0x05
	.byte 0x2B, 0x00, 0x00, 0x0A, 0x28, 0x00, 0x85, 0xE2, 0x26, 0x00, 0x00, 0xEA, 0xB4, 0x12, 0xD5, 0xE1
	.byte 0x01, 0x00, 0x11, 0xE3, 0x26, 0x00, 0x00, 0x1A, 0xBE, 0x00, 0xD6, 0xE1, 0x00, 0x00, 0x50, 0xE3
	.byte 0x16, 0x00, 0x00, 0x0A, 0x02, 0x0A, 0x11, 0xE3, 0x14, 0x00, 0x00, 0x1A, 0xB8, 0x02, 0xD5, 0xE1
	.byte 0x01, 0x00, 0x10, 0xE3, 0xBE, 0x18, 0xD6, 0x11, 0x0C, 0x01, 0x9F, 0x15, 0x00, 0x00, 0x01, 0x10
	.byte 0xBE, 0x08, 0xC6, 0x11, 0x04, 0x00, 0x00, 0x1A, 0x03, 0x00, 0x52, 0xE3, 0xBE, 0x18, 0xD6, 0x11
	.byte 0xF8, 0x00, 0x9F, 0x15, 0x00, 0x00, 0x01, 0x10, 0xBE, 0x08, 0xC6, 0x11, 0xBE, 0x08, 0xD6, 0xE1
	.byte 0x00, 0x00, 0x50, 0xE3, 0xB0, 0x02, 0xD7, 0x01, 0x00, 0x00, 0x50, 0x03, 0xBC, 0x02, 0xD7, 0x01
	.byte 0x00, 0x00, 0x50, 0x03, 0x01, 0x00, 0x00, 0x1A, 0x01, 0x00, 0xA0, 0xE3, 0x9B, 0xDE, 0xFF, 0xEB
	.byte 0xB8, 0x88, 0xD6, 0xE1, 0x08, 0x00, 0xA0, 0xE1, 0x6B, 0xE7, 0xFF, 0xEB, 0xBA, 0x13, 0xD5, 0xE1
	.byte 0x00, 0x00, 0x51, 0xE1, 0x7C, 0x05, 0x94, 0x05, 0x01, 0x00, 0x80, 0x02, 0x7C, 0x05, 0x84, 0x05
	.byte 0x03, 0x00, 0x00, 0x0A, 0x2E, 0x00, 0x85, 0xE2, 0x34, 0x10, 0x85, 0xE2, 0x93, 0xDF, 0xFF, 0xEB
	.byte 0x00, 0x90, 0xA0, 0xE3, 0x00, 0x00, 0x59, 0xE3, 0x17, 0x00, 0x00, 0x1A, 0x08, 0x08, 0xA0, 0xE1
	.byte 0x20, 0x08, 0xA0, 0xE1, 0xB2, 0x01, 0xC5, 0xE1, 0xB2, 0x12, 0xD5, 0xE1, 0xFF, 0x10, 0x01, 0xE2
	.byte 0x82, 0xE6, 0xFF, 0xEB, 0xBA, 0x13, 0xD5, 0xE1, 0x08, 0x00, 0xA0, 0xE1, 0xC9, 0xE6, 0xFF, 0xEB
	.byte 0x08, 0x00, 0xA0, 0xE1, 0xD7, 0xE6, 0xFF, 0xEB, 0xB0, 0x12, 0xD5, 0xE1, 0x06, 0x0D, 0xA0, 0xE3
	.byte 0x18, 0x10, 0x41, 0xE2, 0xB6, 0x11, 0xC5, 0xE1, 0xBC, 0x00, 0xC5, 0xE1, 0xB6, 0x01, 0xD5, 0xE1
	.byte 0x05, 0x10, 0xA0, 0xE1, 0x2D, 0x00, 0x80, 0xE2, 0xA0, 0x20, 0xA0, 0xE1, 0x48, 0x00, 0x87, 0xE2
	.byte 0xBE, 0x20, 0xC5, 0xE1, 0x0E, 0x13, 0x20, 0xEB, 0x02, 0x00, 0x00, 0xEA, 0x05, 0x10, 0xA0, 0xE1
	.byte 0x48, 0x00, 0x87, 0xE2, 0xFA, 0x11, 0x20, 0xEB, 0xB0, 0x05, 0xD7, 0xE1, 0x00, 0x00, 0x50, 0xE3
	.byte 0x02, 0x00, 0x00, 0x0A, 0x02, 0x00, 0xA0, 0xE3, 0x06, 0x10, 0xA0, 0xE3, 0x19, 0x11, 0x20, 0xEB
	.byte 0xF8, 0x43, 0xBD, 0xE8, 0x1E, 0xFF, 0x2F, 0xE1, 0xF4, 0xFF, 0x80, 0x03, 0xFE, 0xFF, 0x00, 0x00
	.byte 0xFD, 0xFF, 0x00, 0x00, 0xF0, 0x41, 0x2D, 0xE9, 0x74, 0x11, 0x9F, 0xE5, 0x00, 0x70, 0xA0, 0xE1
	.byte 0x00, 0x00, 0x91, 0xE5, 0x01, 0x80, 0xA0, 0xE3, 0xD1, 0x5F, 0x80, 0xE2, 0xB8, 0x10, 0xD5, 0xE1
	.byte 0xDC, 0x00, 0x80, 0xE2, 0x40, 0x00, 0x51, 0xE3, 0x01, 0x6B, 0x80, 0xE2, 0x00, 0x40, 0xA0, 0xE3
	.byte 0x08, 0x00, 0xA0, 0x11, 0x50, 0x00, 0x00, 0x1A, 0x1E, 0x00, 0x87, 0xE2, 0x64, 0x10, 0x85, 0xE2
	.byte 0x3E, 0xE0, 0xFF, 0xEB, 0x00, 0x00, 0x50, 0xE3, 0x04, 0x00, 0x00, 0x0A, 0x24, 0x00, 0x87, 0xE2
	.byte 0x82, 0x10, 0x85, 0xE2, 0x39, 0xE0, 0xFF, 0xEB, 0x00, 0x00, 0x50, 0xE3, 0x01, 0x00, 0x00, 0x1A
	.byte 0x01, 0x00, 0xA0, 0xE3, 0x44, 0x00, 0x00, 0xEA, 0xBA, 0x06, 0xD5, 0xE1, 0xBE, 0x12, 0xD7, 0xE1
	.byte 0x18, 0x00, 0xA0, 0xE1, 0x00, 0x08, 0xA0, 0xE1, 0x20, 0x08, 0x11, 0xE1, 0xB6, 0x40, 0xC6, 0x01
	.byte 0x02, 0x0A, 0xA0, 0x13, 0xB6, 0x00, 0xC6, 0x11, 0xF8, 0x00, 0x9F, 0xE5, 0xB0, 0x00, 0xD0, 0xE1
	.byte 0x02, 0x09, 0x10, 0xE3, 0x80, 0x08, 0xA0, 0x11, 0x20, 0x08, 0xA0, 0x11, 0x12, 0x05, 0x80, 0x12
	.byte 0x01, 0x09, 0x80, 0x12, 0xB4, 0x00, 0xD0, 0x11, 0x00, 0x00, 0x50, 0x13, 0xB6, 0x00, 0xD6, 0x11
	.byte 0x01, 0x09, 0x80, 0x13, 0xB6, 0x00, 0xC6, 0x11, 0xB8, 0x08, 0xD5, 0xE1, 0x8D, 0xE6, 0xFF, 0xEB
	.byte 0xB0, 0x01, 0xD7, 0xE1, 0x10, 0x50, 0x47, 0xE2, 0x1C, 0x00, 0x40, 0xE2, 0xB6, 0x00, 0xC7, 0xE1
	.byte 0xB6, 0x00, 0xD7, 0xE1, 0xB0, 0x10, 0x9F, 0xE5, 0x31, 0x00, 0x80, 0xE2, 0xA0, 0x00, 0xA0, 0xE1
	.byte 0xBE, 0x23, 0xD5, 0xE1, 0xBC, 0x10, 0xC5, 0xE1, 0xBE, 0x00, 0xC5, 0xE1, 0x00, 0x70, 0xA0, 0xE3
	.byte 0x03, 0x00, 0x00, 0xEA, 0x82, 0x07, 0xA0, 0xE1, 0x01, 0x00, 0x12, 0xE3, 0x01, 0x70, 0x87, 0x12
	.byte 0x20, 0x28, 0xA0, 0xE1, 0x00, 0x00, 0x52, 0xE3, 0xF9, 0xFF, 0xFF, 0x1A, 0x01, 0x04, 0xA0, 0xE3
	.byte 0xB2, 0x1F, 0x20, 0xEB, 0x74, 0x10, 0x9F, 0xE5, 0xB8, 0x20, 0xD6, 0xE1, 0xB0, 0xC0, 0xD1, 0xE1
	.byte 0xB4, 0x30, 0xD1, 0xE1, 0xB6, 0x10, 0xD6, 0xE1, 0x02, 0x39, 0x03, 0xE2, 0x01, 0x10, 0x82, 0xE1
	.byte 0x02, 0x29, 0x0C, 0xE2, 0x43, 0x12, 0x81, 0xE1, 0xC2, 0x11, 0x81, 0xE1, 0xB8, 0x11, 0xC5, 0xE1
	.byte 0xB8, 0x40, 0xC6, 0xE1, 0x89, 0x1F, 0x20, 0xEB, 0xBC, 0x03, 0xD5, 0xE1, 0xBC, 0x11, 0xD5, 0xE1
	.byte 0x0A, 0x00, 0x80, 0xE2, 0x97, 0x00, 0x00, 0xE0, 0xFC, 0x00, 0x80, 0xE2, 0x20, 0x12, 0x81, 0xE0
	.byte 0xBA, 0x11, 0xC5, 0xE1, 0x18, 0x00, 0x9F, 0xE5, 0x05, 0x10, 0xA0, 0xE1, 0x00, 0x00, 0x90, 0xE5
	.byte 0x62, 0x0F, 0x80, 0xE2, 0xA2, 0x12, 0x20, 0xEB, 0x04, 0x00, 0xA0, 0xE1, 0xF0, 0x41, 0xBD, 0xE8
	.byte 0x1E, 0xFF, 0x2F, 0xE1, 0xF4, 0xFF, 0x80, 0x03, 0x98, 0x80, 0x80, 0x04, 0x82, 0x01, 0x00, 0x00
	.byte 0x94, 0x80, 0x80, 0x04, 0xF8, 0x40, 0x2D, 0xE9, 0x9C, 0x11, 0x9F, 0xE5, 0x00, 0x70, 0xA0, 0xE1
	.byte 0x00, 0x10, 0x91, 0xE5, 0x2C, 0x00, 0x81, 0xE2, 0x01, 0x5B, 0x80, 0xE2, 0xBC, 0x03, 0xD5, 0xE1
	.byte 0x90, 0x40, 0x95, 0xE5, 0x00, 0x00, 0x50, 0xE3, 0x5D, 0x00, 0x00, 0x0A, 0x18, 0x00, 0x87, 0xE2
	.byte 0xEA, 0x1F, 0x81, 0xE2, 0xDD, 0xDF, 0xFF, 0xEB, 0x00, 0x00, 0x50, 0xE3, 0x58, 0x00, 0x00, 0x0A
	.byte 0xB0, 0x11, 0xD7, 0xE1, 0xB6, 0x01, 0xD4, 0xE1, 0x18, 0x10, 0x41, 0xE2, 0x08, 0x00, 0x40, 0xE2
	.byte 0x00, 0x00, 0x51, 0xE1, 0x52, 0x00, 0x00, 0xCA, 0x1E, 0x00, 0x87, 0xE2, 0xDF, 0xE4, 0xFF, 0xEB
	.byte 0x00, 0x60, 0xA0, 0xE1, 0xFF, 0x00, 0x56, 0xE3, 0x04, 0x00, 0x00, 0x0A, 0x00, 0x00, 0x56, 0xE3
	.byte 0x11, 0x00, 0x00, 0x0A, 0x90, 0xE6, 0xFF, 0xEB, 0x40, 0x00, 0x50, 0xE3, 0x0E, 0x00, 0x00, 0x0A
	.byte 0x1E, 0x00, 0x87, 0xE2, 0xC0, 0x10, 0xA0, 0xE3, 0x57, 0xFE, 0xFF, 0xEB, 0x00, 0x00, 0x50, 0xE3
	.byte 0x43, 0x00, 0x00, 0x1A, 0x1E, 0x00, 0x87, 0xE2, 0x07, 0x10, 0xA0, 0xE3, 0x00, 0x20, 0xA0, 0xE3
	.byte 0x03, 0xFE, 0xFF, 0xEB, 0x00, 0x00, 0x50, 0xE3, 0x3D, 0x00, 0x00, 0x0A, 0x02, 0x10, 0xA0, 0xE3
	.byte 0xB0, 0x10, 0xC0, 0xE1, 0x7A, 0xFA, 0xFF, 0xEB, 0x39, 0x00, 0x00, 0xEA, 0x00, 0x00, 0x56, 0xE3
	.byte 0x37, 0x00, 0x00, 0x0A, 0xB4, 0x11, 0xD7, 0xE1, 0x06, 0x08, 0xA0, 0xE1, 0x81, 0x19, 0xA0, 0xE1
	.byte 0x20, 0x08, 0xA0, 0xE1, 0xA1, 0x1F, 0xA0, 0xE1, 0xD0, 0xE5, 0xFF, 0xEB, 0x06, 0x00, 0xA0, 0xE1
	.byte 0x20, 0xE6, 0xFF, 0xEB, 0x06, 0x00, 0xA0, 0xE1, 0xAE, 0xE6, 0xFF, 0xEB, 0x01, 0x10, 0xA0, 0xE3
	.byte 0x11, 0x00, 0xA0, 0xE1, 0x00, 0x08, 0xA0, 0xE1, 0xBA, 0x19, 0xD5, 0xE1, 0x20, 0x28, 0xA0, 0xE1
	.byte 0x01, 0x00, 0x12, 0xE1, 0x26, 0x00, 0x00, 0x1A, 0xB8, 0x09, 0xD5, 0xE1, 0x00, 0x00, 0x12, 0xE1
	.byte 0x23, 0x00, 0x00, 0x0A, 0x02, 0x00, 0x81, 0xE1, 0xBA, 0x09, 0xC5, 0xE1, 0xB0, 0x11, 0xD4, 0xE1
	.byte 0x02, 0x00, 0xE0, 0xE1, 0x00, 0x08, 0xA0, 0xE1, 0x20, 0x18, 0x01, 0xE0, 0x82, 0x07, 0xA0, 0xE1
	.byte 0xB0, 0x11, 0xC4, 0xE1, 0x1A, 0x60, 0x84, 0xE2, 0x04, 0x00, 0x00, 0xEA, 0xB8, 0x09, 0xD5, 0xE1
	.byte 0x00, 0x00, 0x11, 0xE1, 0xB6, 0x01, 0xD4, 0x11, 0x00, 0x60, 0x86, 0x10, 0x81, 0x07, 0xA0, 0xE1
	.byte 0x20, 0x18, 0xA0, 0xE1, 0x01, 0x00, 0x51, 0xE3, 0xF7, 0xFF, 0xFF, 0x1A, 0xB0, 0x11, 0xD7, 0xE1
	.byte 0x03, 0x00, 0x86, 0xE2, 0x18, 0x10, 0x41, 0xE2, 0xB0, 0x10, 0xC6, 0xE1, 0xB2, 0x11, 0xD7, 0xE1
	.byte 0xFF, 0x10, 0x01, 0xE2, 0xAA, 0xE1, 0xFF, 0xEB, 0xBE, 0x10, 0xD7, 0xE1, 0x02, 0x00, 0x86, 0xE2
	.byte 0xFF, 0x10, 0x01, 0xE2, 0xA6, 0xE1, 0xFF, 0xEB, 0xB0, 0x20, 0xD6, 0xE1, 0x00, 0x00, 0x52, 0xE3
	.byte 0x03, 0x00, 0x00, 0x0A, 0x2C, 0x00, 0x87, 0xE2, 0x08, 0x10, 0x86, 0xE2, 0x01, 0x20, 0x82, 0xE2
	.byte 0xBD, 0x2B, 0x20, 0xEB, 0xF8, 0x40, 0xBD, 0xE8, 0x1E, 0xFF, 0x2F, 0xE1, 0xF4, 0xFF, 0x80, 0x03
	.byte 0x70, 0x40, 0x2D, 0xE9, 0xBC, 0x40, 0x9F, 0xE5, 0x00, 0x50, 0xA0, 0xE1, 0x00, 0x10, 0x94, 0xE5
	.byte 0x03, 0x0C, 0x81, 0xE2, 0xBC, 0x04, 0xD0, 0xE1, 0xD1, 0x6F, 0x81, 0xE2, 0x40, 0x00, 0x50, 0xE3
	.byte 0x01, 0x00, 0xA0, 0x13, 0x25, 0x00, 0x00, 0x1A, 0x1E, 0x00, 0x85, 0xE2, 0x64, 0x10, 0x86, 0xE2
	.byte 0x72, 0xDF, 0xFF, 0xEB, 0x00, 0x00, 0x50, 0xE3, 0x04, 0x00, 0x00, 0x0A, 0x24, 0x00, 0x85, 0xE2
	.byte 0x82, 0x10, 0x86, 0xE2, 0x6D, 0xDF, 0xFF, 0xEB, 0x00, 0x00, 0x50, 0xE3, 0x01, 0x00, 0x00, 0x1A
	.byte 0x01, 0x00, 0xA0, 0xE3, 0x19, 0x00, 0x00, 0xEA, 0xB0, 0x01, 0xD5, 0xE1, 0x68, 0x20, 0x9F, 0xE5
	.byte 0x10, 0x10, 0x45, 0xE2, 0x1C, 0x30, 0x40, 0xE2, 0x18, 0x00, 0xA0, 0xE3, 0xB6, 0x30, 0xC5, 0xE1
	.byte 0xBC, 0x20, 0xC1, 0xE1, 0xBE, 0x00, 0xC1, 0xE1, 0x00, 0x00, 0x94, 0xE5, 0x4C, 0x20, 0x9F, 0xE5
	.byte 0x01, 0x0B, 0x80, 0xE2, 0xB0, 0x50, 0xD2, 0xE1, 0xB4, 0x20, 0xD2, 0xE1, 0xB2, 0x3E, 0xD0, 0xE1
	.byte 0x02, 0x09, 0x02, 0xE2, 0xB8, 0xC1, 0xD1, 0xE1, 0x02, 0x29, 0x05, 0xE2, 0x40, 0x02, 0x83, 0xE1
	.byte 0xC2, 0x01, 0x80, 0xE1, 0x00, 0x08, 0xA0, 0xE1, 0x20, 0x08, 0x8C, 0xE1, 0xB8, 0x01, 0xC1, 0xE1
	.byte 0x00, 0x00, 0x94, 0xE5, 0x62, 0x0F, 0x80, 0xE2, 0x01, 0x12, 0x20, 0xEB, 0x00, 0x00, 0xA0, 0xE3
	.byte 0x70, 0x40, 0xBD, 0xE8, 0x1E, 0xFF, 0x2F, 0xE1, 0xF4, 0xFF, 0x80, 0x03, 0x85, 0x01, 0x00, 0x00
	.byte 0x94, 0x80, 0x80, 0x04, 0xF0, 0x4F, 0x2D, 0xE9, 0x4C, 0xD0, 0x4D, 0xE2, 0x0C, 0x16, 0x9F, 0xE5
	.byte 0x00, 0xA0, 0xA0, 0xE1, 0x00, 0x30, 0x91, 0xE5, 0x1E, 0x00, 0x8A, 0xE2, 0x74, 0x25, 0x93, 0xE5
	.byte 0x04, 0x10, 0x83, 0xE2, 0x01, 0x20, 0x82, 0xE2, 0x74, 0x25, 0x83, 0xE5, 0xD1, 0x7F, 0x83, 0xE2
	.byte 0x01, 0x4B, 0x81, 0xE2, 0xC7, 0x8F, 0x83, 0xE2, 0x5F, 0x9F, 0x83, 0xE2, 0x00, 0x60, 0xA0, 0xE3
	.byte 0x70, 0xE4, 0xFF, 0xEB, 0x00, 0xB0, 0xA0, 0xE1, 0x0B, 0x08, 0xA0, 0xE1, 0x20, 0x08, 0xA0, 0xE1
	.byte 0xB2, 0x00, 0xCA, 0xE1, 0xFF, 0x00, 0x5B, 0xE3, 0x6D, 0x01, 0x00, 0x0A, 0xB2, 0x11, 0xDA, 0xE1
	.byte 0x46, 0xE5, 0xFF, 0xEB, 0xB6, 0x50, 0xDA, 0xE1, 0x0C, 0x00, 0x55, 0xE3, 0x68, 0x01, 0x00, 0x9A
	.byte 0x20, 0x10, 0x8D, 0xE2, 0x06, 0x00, 0xA0, 0xE1, 0x2C, 0x20, 0xA0, 0xE3, 0x7B, 0x2B, 0x20, 0xEB
	.byte 0x38, 0x20, 0x8A, 0xE2, 0x0C, 0x10, 0x45, 0xE2, 0x02, 0x00, 0xA0, 0xE3, 0x20, 0x20, 0x8D, 0xE5
	.byte 0xB8, 0x12, 0xCD, 0xE1, 0xBA, 0x02, 0xCD, 0xE1, 0xBE, 0x01, 0xD7, 0xE1, 0x00, 0x00, 0x50, 0xE3
	.byte 0xBA, 0x02, 0xDD, 0x01, 0x01, 0x00, 0x80, 0x03, 0xBA, 0x02, 0xCD, 0x01, 0x38, 0x00, 0xA0, 0xE3
	.byte 0xBC, 0x02, 0xCD, 0xE1, 0xB8, 0x10, 0xDA, 0xE1, 0x20, 0x00, 0x8D, 0xE2, 0xB4, 0x12, 0xCD, 0xE1
	.byte 0xB6, 0x13, 0xDA, 0xE1, 0xB6, 0x12, 0xCD, 0xE1, 0xC7, 0x04, 0x00, 0xEB, 0x40, 0x50, 0x9D, 0xE5
	.byte 0x00, 0x00, 0x55, 0xE3, 0x0B, 0x00, 0x00, 0x0A, 0xB6, 0x01, 0xDA, 0xE1, 0x02, 0x09, 0x10, 0xE3
	.byte 0x08, 0x00, 0x00, 0x0A, 0x06, 0x00, 0x85, 0xE2, 0x38, 0xE1, 0xFF, 0xEB, 0x00, 0x00, 0x8D, 0xE5
	.byte 0x07, 0x00, 0x85, 0xE2, 0x35, 0xE1, 0xFF, 0xEB, 0x00, 0x10, 0x9D, 0xE5, 0x20, 0x25, 0x9F, 0xE5
	.byte 0x00, 0x04, 0x81, 0xE0, 0xB0, 0x00, 0xC2, 0xE1, 0xB0, 0x10, 0xD4, 0xE1, 0x13, 0x00, 0x51, 0xE3
	.byte 0x18, 0x00, 0x94, 0x05, 0xB8, 0x03, 0xD0, 0x01, 0x01, 0x00, 0x50, 0x03, 0x07, 0x00, 0x00, 0x1A
	.byte 0xBA, 0x02, 0xDD, 0xE1, 0x09, 0x00, 0x00, 0xE2, 0x09, 0x00, 0x50, 0xE3, 0x32, 0x01, 0x00, 0x1A
	.byte 0x20, 0x10, 0x8D, 0xE2, 0x0A, 0x00, 0xA0, 0xE1, 0x1B, 0x02, 0x00, 0xEB, 0x2E, 0x01, 0x00, 0xEA
	.byte 0xBA, 0x02, 0xDD, 0xE1, 0x08, 0x00, 0x10, 0xE3, 0x2B, 0x01, 0x00, 0x0A, 0x21, 0x00, 0x51, 0xE3
	.byte 0x5C, 0x00, 0x00, 0x1A, 0xC1, 0xE0, 0xFF, 0xEB, 0xBA, 0x02, 0xDD, 0xE1, 0x30, 0x00, 0x00, 0xE2
	.byte 0x30, 0x00, 0x50, 0xE3, 0x0C, 0x00, 0xA0, 0x13, 0xB4, 0x00, 0xC4, 0x11, 0x0A, 0x00, 0xA0, 0x13
	.byte 0xB6, 0x00, 0xC4, 0x11, 0x4A, 0x00, 0x00, 0x1A, 0xB4, 0x03, 0xDA, 0xE1, 0xFA, 0x0F, 0x50, 0xE3
	.byte 0x0C, 0x00, 0xA0, 0x83, 0xB4, 0x00, 0xC4, 0x81, 0x01, 0x00, 0xA0, 0x83, 0xB6, 0x00, 0xC4, 0x81
	.byte 0x43, 0x00, 0x00, 0x8A, 0x00, 0x10, 0xA0, 0xE3, 0xB4, 0x10, 0xC4, 0xE1, 0xBC, 0x02, 0xDD, 0xE1
	.byte 0x02, 0x00, 0x10, 0xE3, 0x04, 0x00, 0x00, 0x0A, 0xBA, 0x02, 0xDD, 0xE1, 0x02, 0x00, 0x10, 0xE3
	.byte 0x01, 0x00, 0x00, 0x1A, 0xB2, 0x03, 0xDD, 0xE1, 0x0D, 0xDC, 0xFF, 0xEB, 0xB6, 0x13, 0xDD, 0xE1
	.byte 0x0B, 0x00, 0xA0, 0xE1, 0x2F, 0xE5, 0xFF, 0xEB, 0xBC, 0x00, 0xD7, 0xE1, 0x02, 0x00, 0x50, 0xE3
	.byte 0x1D, 0x00, 0x00, 0x1A, 0x48, 0x50, 0x9D, 0xE5, 0x00, 0x00, 0x55, 0xE3, 0x15, 0x00, 0x00, 0x0A
	.byte 0x06, 0x00, 0x85, 0xE2, 0xF9, 0xE0, 0xFF, 0xEB, 0x04, 0x00, 0x8D, 0xE5, 0x07, 0x00, 0x85, 0xE2
	.byte 0xF6, 0xE0, 0xFF, 0xEB, 0x04, 0x10, 0x9D, 0xE5, 0x00, 0x04, 0x81, 0xE0, 0x00, 0x08, 0xA0, 0xE1
	.byte 0x20, 0x08, 0xA0, 0xE1, 0x01, 0x10, 0xA0, 0xE3, 0x0C, 0xDA, 0xFF, 0xEB, 0x48, 0x00, 0x9D, 0xE5
	.byte 0x08, 0x00, 0x80, 0xE2, 0xED, 0xE0, 0xFF, 0xEB, 0x00, 0x50, 0xA0, 0xE1, 0x48, 0x00, 0x9D, 0xE5
	.byte 0x09, 0x00, 0x80, 0xE2, 0xE9, 0xE0, 0xFF, 0xEB, 0x00, 0x14, 0x85, 0xE0, 0xF4, 0x03, 0x9F, 0xE5
	.byte 0xB0, 0x10, 0xC0, 0xE1, 0x04, 0x00, 0x00, 0xEA, 0xEC, 0x03, 0x9F, 0xE5, 0x01, 0x10, 0xA0, 0xE3
	.byte 0xFE, 0xD9, 0xFF, 0xEB, 0xDC, 0x03, 0x9F, 0xE5, 0xB0, 0x60, 0xC0, 0xE1, 0x44, 0x00, 0x9D, 0xE5
	.byte 0x03, 0x00, 0x80, 0xE2, 0xDD, 0xE0, 0xFF, 0xEB, 0x71, 0xDB, 0xFF, 0xEB, 0x44, 0x00, 0x9D, 0xE5
	.byte 0x02, 0x00, 0x80, 0xE2, 0xD9, 0xE0, 0xFF, 0xEB, 0xB6, 0x07, 0xC7, 0xE1, 0xB4, 0x03, 0xDA, 0xE1
	.byte 0x55, 0xDB, 0xFF, 0xEB, 0x01, 0x00, 0xA0, 0xE3, 0xB2, 0x01, 0xC7, 0xE1, 0xBA, 0x01, 0xC7, 0xE1
	.byte 0xBC, 0x00, 0xD7, 0xE1, 0x02, 0x00, 0x50, 0xE3, 0xA0, 0x03, 0x9F, 0x05, 0x03, 0x10, 0xA0, 0x03
	.byte 0xB0, 0x10, 0xC0, 0x01, 0x98, 0x13, 0x9F, 0xE5, 0xB0, 0x00, 0xD1, 0xE1, 0x01, 0x00, 0x80, 0xE3
	.byte 0xB0, 0x00, 0xC1, 0xE1, 0x1C, 0x00, 0x94, 0xE5, 0x1E, 0x10, 0x8A, 0xE2, 0x08, 0x00, 0x80, 0xE2
	.byte 0xBA, 0xDD, 0xFF, 0xEB, 0x25, 0x20, 0xA0, 0xE3, 0x02, 0x00, 0xA0, 0xE3, 0x01, 0x10, 0xA0, 0xE3
	.byte 0xB0, 0x20, 0xC4, 0xE1, 0x5F, 0x0F, 0x20, 0xEB, 0xBC, 0x00, 0xD7, 0xE1, 0x02, 0x00, 0x50, 0xE3
	.byte 0x02, 0x00, 0x00, 0x0A, 0x03, 0x00, 0x50, 0xE3, 0x30, 0x00, 0x00, 0x0A, 0xC0, 0x00, 0x00, 0xEA
	.byte 0x48, 0x40, 0x9D, 0xE5, 0x00, 0x00, 0x54, 0xE3, 0x2C, 0x00, 0x00, 0x0A, 0x06, 0x00, 0x84, 0xE2
	.byte 0xB6, 0xE0, 0xFF, 0xEB, 0x00, 0x50, 0xA0, 0xE1, 0x07, 0x00, 0x84, 0xE2, 0xB3, 0xE0, 0xFF, 0xEB
	.byte 0x00, 0x04, 0x85, 0xE0, 0x00, 0x08, 0xA0, 0xE1, 0x20, 0x08, 0xA0, 0xE1, 0x06, 0x10, 0xA0, 0xE1
	.byte 0xCA, 0xD9, 0xFF, 0xEB, 0x48, 0x00, 0x9D, 0xE5, 0x08, 0x00, 0x80, 0xE2, 0xAB, 0xE0, 0xFF, 0xEB
	.byte 0x00, 0x40, 0xA0, 0xE1, 0x48, 0x00, 0x9D, 0xE5, 0x09, 0x00, 0x80, 0xE2, 0xA7, 0xE0, 0xFF, 0xEB
	.byte 0x00, 0x14, 0x84, 0xE0, 0xEC, 0x02, 0x9F, 0xE5, 0xB0, 0x10, 0xC0, 0xE1, 0x48, 0x00, 0x9D, 0xE5
	.byte 0x01, 0x00, 0x80, 0xE2, 0xA1, 0xE0, 0xFF, 0xEB, 0x08, 0x00, 0x40, 0xE2, 0xB0, 0x0A, 0xC7, 0xE1
	.byte 0xB0, 0x0A, 0xD7, 0xE1, 0x80, 0x00, 0x50, 0xE3, 0xB0, 0x6A, 0xC7, 0x81, 0xB0, 0x2A, 0xD7, 0xE1
	.byte 0x00, 0x00, 0x52, 0xE3, 0x0D, 0x00, 0x00, 0x0A, 0x48, 0x00, 0x9D, 0xE5, 0x9C, 0x10, 0x97, 0xE5
	.byte 0x01, 0x00, 0x10, 0xE3, 0x05, 0x00, 0x00, 0x0A, 0x09, 0x00, 0x80, 0xE2, 0x02, 0x20, 0x82, 0xE2
	.byte 0xA5, 0x2A, 0x20, 0xEB, 0x01, 0x00, 0xA0, 0xE3, 0xB2, 0x0A, 0xC7, 0xE1, 0x03, 0x00, 0x00, 0xEA
	.byte 0x0A, 0x00, 0x80, 0xE2, 0x01, 0x20, 0x82, 0xE2, 0x9F, 0x2A, 0x20, 0xEB, 0xB2, 0x6A, 0xC7, 0xE1
	.byte 0x0B, 0x00, 0xA0, 0xE1, 0xB0, 0x68, 0xC7, 0xE1, 0xCE, 0xE4, 0xFF, 0xEB, 0x2C, 0x00, 0x8A, 0xE2
	.byte 0x18, 0xB0, 0x8D, 0xE2, 0x0C, 0x00, 0x90, 0xE8, 0x0C, 0x00, 0x8B, 0xE8, 0xBE, 0x06, 0xD7, 0xE1
	.byte 0x1C, 0x10, 0x9D, 0xE5, 0x00, 0x55, 0xA0, 0xE1, 0x18, 0x00, 0x9D, 0xE5, 0x05, 0x20, 0xA0, 0xE1
	.byte 0x00, 0x30, 0xA0, 0xE3, 0x65, 0x1B, 0x20, 0xEB, 0x01, 0x30, 0x90, 0xE2, 0x06, 0x20, 0xA1, 0xE0
	.byte 0x93, 0x15, 0x80, 0xE0, 0x92, 0x05, 0x20, 0xE0, 0x1C, 0x00, 0x8D, 0xE5, 0xB6, 0x00, 0xDB, 0xE1
	.byte 0x40, 0x42, 0x9F, 0xE5, 0x18, 0x10, 0x8D, 0xE5, 0xB0, 0x00, 0xC4, 0xE1, 0xB4, 0x00, 0xDB, 0xE1
	.byte 0xB2, 0x00, 0x44, 0xE1, 0xB2, 0x00, 0xDB, 0xE1, 0xB4, 0x00, 0x44, 0xE1, 0xB0, 0x00, 0xDB, 0xE1
	.byte 0x01, 0x00, 0x80, 0xE3, 0xB6, 0x00, 0x44, 0xE1, 0xBC, 0x00, 0xD7, 0xE1, 0x02, 0x00, 0x50, 0xE3
	.byte 0x32, 0x00, 0x00, 0x1A, 0xBA, 0x01, 0xD7, 0xE1, 0x00, 0x00, 0x50, 0xE3, 0x2F, 0x00, 0x00, 0x0A
	.byte 0x18, 0x00, 0x9D, 0xE5, 0x1C, 0x10, 0x9D, 0xE5, 0x05, 0x20, 0x50, 0xE0, 0x00, 0x00, 0xA0, 0xE3
	.byte 0x00, 0x00, 0xC1, 0xE0, 0x18, 0x20, 0x8D, 0xE5, 0x1C, 0x00, 0x8D, 0xE5, 0xFA, 0x28, 0x20, 0xEB
	.byte 0xB2, 0x30, 0xD4, 0xE1, 0xB4, 0x20, 0xD4, 0xE1, 0xB6, 0x10, 0xD4, 0xE1, 0xB8, 0xB0, 0xD4, 0xE1
	.byte 0xB2, 0x50, 0xD4, 0xE1, 0xB0, 0x31, 0xCD, 0xE1, 0xB4, 0x30, 0xD4, 0xE1, 0xB2, 0x21, 0xCD, 0xE1
	.byte 0xB6, 0x20, 0xD4, 0xE1, 0xB4, 0x11, 0xCD, 0xE1, 0xB8, 0x10, 0xD4, 0xE1, 0xB8, 0x50, 0xCD, 0xE1
	.byte 0xB6, 0xB1, 0xCD, 0xE1, 0xBA, 0x30, 0xCD, 0xE1, 0xBC, 0x20, 0xCD, 0xE1, 0xBE, 0x10, 0xCD, 0xE1
	.byte 0xEE, 0x28, 0x20, 0xEB, 0xB0, 0x11, 0xDD, 0xE1, 0xB8, 0x00, 0xDD, 0xE1, 0x00, 0x00, 0x51, 0xE1
	.byte 0x03, 0x00, 0x00, 0x2A, 0x10, 0x10, 0x9D, 0xE5, 0x18, 0x00, 0x9D, 0xE5, 0x14, 0x20, 0x9D, 0xE5
	.byte 0x02, 0x00, 0x00, 0xEA, 0x08, 0x10, 0x9D, 0xE5, 0x18, 0x00, 0x9D, 0xE5, 0x0C, 0x20, 0x9D, 0xE5
	.byte 0x00, 0x00, 0x51, 0xE0, 0x1C, 0x10, 0x9D, 0xE5, 0x01, 0x10, 0xC2, 0xE0, 0xB0, 0x22, 0xD8, 0xE1
	.byte 0x20, 0x05, 0xA0, 0xE1, 0x01, 0x0B, 0x80, 0xE1, 0x02, 0x00, 0x50, 0xE1, 0x58, 0x11, 0x9F, 0x35
	.byte 0x00, 0x00, 0x42, 0x30, 0xB0, 0x00, 0xC1, 0x31, 0x4C, 0x01, 0x9F, 0x25, 0xB0, 0x60, 0xC0, 0x21
	.byte 0xB8, 0x00, 0xD7, 0xE1, 0x40, 0x00, 0x50, 0xE3, 0x39, 0x00, 0x00, 0x1A, 0x44, 0x10, 0x9D, 0xE5
	.byte 0x00, 0x00, 0x51, 0xE3, 0x36, 0x00, 0x00, 0x0A, 0xBE, 0x00, 0xD7, 0xE1, 0x01, 0x00, 0x50, 0xE3
	.byte 0x33, 0x00, 0x00, 0x1A, 0x02, 0x00, 0x81, 0xE2, 0x2C, 0xE0, 0xFF, 0xEB, 0xB6, 0x17, 0xD7, 0xE1
	.byte 0x00, 0x00, 0x51, 0xE1, 0xB6, 0x07, 0xC7, 0x11, 0xBE, 0x68, 0xC7, 0xE1, 0x00, 0x00, 0x50, 0xE3
	.byte 0x06, 0x00, 0x00, 0x1A, 0x44, 0x00, 0x9D, 0xE5, 0x04, 0x00, 0x80, 0xE2, 0x23, 0xE0, 0xFF, 0xEB
	.byte 0x01, 0x00, 0x10, 0xE3, 0xBE, 0x08, 0xD7, 0x11, 0x01, 0x00, 0x80, 0x13, 0xBE, 0x08, 0xC7, 0x11
	.byte 0x44, 0x00, 0x9D, 0xE5, 0x04, 0x00, 0x80, 0xE2, 0x1C, 0xE0, 0xFF, 0xEB, 0x44, 0x10, 0x9D, 0xE5
	.byte 0xFE, 0x50, 0x00, 0xE2, 0x01, 0x00, 0x81, 0xE2, 0x85, 0x41, 0xA0, 0xE1, 0x17, 0xE0, 0xFF, 0xEB
	.byte 0xBA, 0x16, 0xD7, 0xE1, 0x00, 0x00, 0x85, 0xE0, 0x85, 0x01, 0x51, 0xE1, 0x03, 0x00, 0x40, 0xE2
	.byte 0x0E, 0x00, 0x00, 0x3A, 0x80, 0x01, 0x51, 0xE1, 0x0C, 0x00, 0x00, 0x8A, 0x44, 0x00, 0x9D, 0xE5
	.byte 0x04, 0x40, 0x41, 0xE0, 0x05, 0x00, 0x80, 0xE2, 0xA4, 0x01, 0x80, 0xE0, 0x0B, 0xE0, 0xFF, 0xEB
	.byte 0x07, 0x20, 0x04, 0xE2, 0x01, 0x10, 0xA0, 0xE3, 0x11, 0x02, 0x10, 0xE1, 0x03, 0x00, 0x00, 0x0A
	.byte 0xBE, 0x08, 0xD7, 0xE1, 0x02, 0x00, 0x80, 0xE3, 0xBE, 0x08, 0xC7, 0xE1, 0xBB, 0xF8, 0xFF, 0xEB
	.byte 0xB0, 0x02, 0xD9, 0xE1, 0x00, 0x00, 0x50, 0xE3, 0xBC, 0x02, 0xD9, 0x01, 0x00, 0x00, 0x50, 0x03
	.byte 0xBE, 0x08, 0xD7, 0x01, 0x00, 0x00, 0x50, 0x03, 0x01, 0x00, 0x00, 0x1A, 0x01, 0x00, 0xA0, 0xE3
	.byte 0xEA, 0xDB, 0xFF, 0xEB, 0xBE, 0x01, 0xD8, 0xE1, 0x80, 0x0C, 0xA0, 0xE1, 0xA0, 0x0F, 0xB0, 0xE1
	.byte 0x01, 0x00, 0x00, 0x0A, 0x0A, 0x00, 0xA0, 0xE1, 0x62, 0xEC, 0xFF, 0xEB, 0x3C, 0x20, 0x9D, 0xE5
	.byte 0x00, 0x00, 0x52, 0xE3, 0x02, 0x00, 0x00, 0x0A, 0xB2, 0x03, 0xDD, 0xE1, 0x0A, 0x10, 0xA0, 0xE1
	.byte 0x2C, 0x07, 0x00, 0xEB, 0x4C, 0xD0, 0x8D, 0xE2, 0xF0, 0x4F, 0xBD, 0xE8, 0x1E, 0xFF, 0x2F, 0xE1
	.byte 0xF4, 0xFF, 0x80, 0x03, 0x0C, 0x81, 0x80, 0x04, 0xF0, 0xFF, 0x80, 0x03, 0xFF, 0xFF, 0x00, 0x00
	.byte 0x48, 0x80, 0x80, 0x04, 0x38, 0x80, 0x80, 0x04, 0xF6, 0x80, 0x80, 0x04, 0x34, 0x81, 0x80, 0x04
	.byte 0x38, 0x40, 0x2D, 0xE9, 0xD0, 0x10, 0x9F, 0xE5, 0x00, 0x40, 0xA0, 0xE1, 0x00, 0x00, 0x91, 0xE5
	.byte 0xB2, 0x50, 0xD4, 0xE1, 0xD1, 0x1F, 0x80, 0xE2, 0xBC, 0x00, 0xD1, 0xE1, 0x01, 0x00, 0x50, 0xE3
	.byte 0x03, 0x00, 0x00, 0x0A, 0x02, 0x00, 0x50, 0xE3, 0x03, 0x00, 0x50, 0x13, 0x1A, 0x00, 0x00, 0x0A
	.byte 0x27, 0x00, 0x00, 0xEA, 0x05, 0x00, 0xA0, 0xE1, 0x6F, 0xE4, 0xFF, 0xEB, 0x40, 0x00, 0x50, 0xE3
	.byte 0x09, 0x00, 0x00, 0x1A, 0x05, 0x08, 0xA0, 0xE1, 0x20, 0x08, 0xA0, 0xE1, 0x30, 0x10, 0xA0, 0xE3
	.byte 0x81, 0xE3, 0xFF, 0xEB, 0xBC, 0x12, 0xD4, 0xE1, 0x1E, 0x00, 0x84, 0xE2, 0xE8, 0xEB, 0xFF, 0xEB
	.byte 0x05, 0x00, 0xA0, 0xE1, 0x9B, 0xF7, 0xFF, 0xEB, 0x19, 0x00, 0x00, 0xEA, 0x30, 0x00, 0x50, 0xE3
	.byte 0x1E, 0x00, 0x84, 0xE2, 0x07, 0x10, 0xA0, 0xE3, 0x01, 0x00, 0x00, 0x1A, 0xDA, 0xF9, 0xFF, 0xEB
	.byte 0x01, 0x00, 0x00, 0xEA, 0x01, 0x20, 0xA0, 0xE3, 0xD9, 0xFB, 0xFF, 0xEB, 0x00, 0x00, 0x50, 0xE3
	.byte 0x0F, 0x00, 0x00, 0x0A, 0x52, 0xF8, 0xFF, 0xEB, 0x0D, 0x00, 0x00, 0xEA, 0xB8, 0x00, 0xD1, 0xE1
	.byte 0x40, 0x00, 0x50, 0xE3, 0x0A, 0x00, 0x00, 0x1A, 0x1E, 0x00, 0x84, 0xE2, 0x82, 0x10, 0x81, 0xE2
	.byte 0x8E, 0xDD, 0xFF, 0xEB, 0x00, 0x00, 0x50, 0xE3, 0x05, 0x00, 0x00, 0x0A, 0x30, 0x00, 0xA0, 0xE3
	.byte 0x54, 0x11, 0x20, 0xEB, 0x7E, 0xDC, 0xFF, 0xEB, 0xBC, 0x12, 0xD4, 0xE1, 0x1E, 0x00, 0x84, 0xE2
	.byte 0xCB, 0xEB, 0xFF, 0xEB, 0x38, 0x40, 0xBD, 0xE8, 0x1E, 0xFF, 0x2F, 0xE1, 0xF4, 0xFF, 0x80, 0x03
	.byte 0xF8, 0x41, 0x2D, 0xE9, 0x2C, 0xD0, 0x4D, 0xE2, 0xC0, 0x11, 0x9F, 0xE5, 0x00, 0x70, 0xA0, 0xE1
	.byte 0x00, 0x00, 0x91, 0xE5, 0xB6, 0x50, 0xD7, 0xE1, 0xC7, 0x4F, 0x80, 0xE2, 0x04, 0x00, 0x55, 0xE3
	.byte 0x67, 0x00, 0x00, 0x9A, 0x03, 0x0C, 0x80, 0xE2, 0xB0, 0x05, 0xD0, 0xE1, 0x01, 0x00, 0x50, 0xE3
	.byte 0x63, 0x00, 0x00, 0x1A, 0x1E, 0x00, 0x87, 0xE2, 0x10, 0x10, 0xA0, 0xE3, 0x02, 0xFC, 0xFF, 0xEB
	.byte 0x00, 0x00, 0x50, 0xE3, 0x5E, 0x00, 0x00, 0x1A, 0xB2, 0x60, 0xD7, 0xE1, 0x00, 0x00, 0x56, 0xE3
	.byte 0x03, 0x00, 0x00, 0x0A, 0x06, 0x00, 0xA0, 0xE1, 0x2F, 0xE4, 0xFF, 0xEB, 0x30, 0x00, 0x50, 0xE3
	.byte 0x0C, 0x00, 0x00, 0x2A, 0x1E, 0x00, 0x87, 0xE2, 0xC0, 0x10, 0xA0, 0xE3, 0xF6, 0xFB, 0xFF, 0xEB
	.byte 0x00, 0x00, 0x50, 0xE3, 0x52, 0x00, 0x00, 0x1A, 0x1E, 0x00, 0x87, 0xE2, 0x06, 0x10, 0xA0, 0xE3
	.byte 0x01, 0x20, 0xA0, 0xE3, 0xA2, 0xFB, 0xFF, 0xEB, 0x00, 0x00, 0x50, 0xE3, 0x4C, 0x00, 0x00, 0x0A
	.byte 0x1B, 0xF8, 0xFF, 0xEB, 0x4A, 0x00, 0x00, 0xEA, 0x06, 0x00, 0xA0, 0xE1, 0x1E, 0xE4, 0xFF, 0xEB
	.byte 0x40, 0x00, 0x50, 0xE3, 0x06, 0x00, 0xA0, 0xE1, 0x05, 0x00, 0x00, 0x1A, 0x30, 0x10, 0xA0, 0xE3
	.byte 0x31, 0xE3, 0xFF, 0xEB, 0x1E, 0x00, 0x87, 0xE2, 0x01, 0x10, 0xA0, 0xE3, 0x98, 0xEB, 0xFF, 0xEB
	.byte 0x02, 0x00, 0x00, 0xEA, 0x4F, 0xE4, 0xFF, 0xEB, 0x00, 0x00, 0x50, 0xE3, 0x3C, 0x00, 0x00, 0x1A
	.byte 0x00, 0x80, 0x8D, 0xE2, 0x00, 0x00, 0xA0, 0xE3, 0x08, 0x10, 0xA0, 0xE1, 0x2C, 0x20, 0xA0, 0xE3
	.byte 0x9A, 0x29, 0x20, 0xEB, 0x30, 0x10, 0x87, 0xE2, 0x04, 0x00, 0x45, 0xE2, 0xB8, 0x00, 0xCD, 0xE1
	.byte 0x00, 0x10, 0x8D, 0xE5, 0x08, 0x00, 0xA0, 0xE1, 0xF3, 0x02, 0x00, 0xEB, 0xBC, 0x12, 0xD7, 0xE1
	.byte 0xCC, 0x00, 0x9F, 0xE5, 0x00, 0x00, 0x11, 0xE1, 0x18, 0x00, 0x00, 0x1A, 0x81, 0x0F, 0xA0, 0xE1
	.byte 0xA0, 0x0F, 0xB0, 0xE1, 0x15, 0x00, 0x00, 0x0A, 0xB8, 0x21, 0xD4, 0xE1, 0x00, 0x00, 0x52, 0xE3
	.byte 0x03, 0x00, 0x00, 0x1A, 0x81, 0x0D, 0xA0, 0xE1, 0xA0, 0x0F, 0xA0, 0xE1, 0x01, 0x00, 0x50, 0xE3
	.byte 0x0E, 0x00, 0x00, 0x0A, 0x00, 0x00, 0x52, 0xE3, 0x03, 0x00, 0x00, 0x0A, 0xBC, 0x02, 0xD7, 0xE1
	.byte 0x80, 0x0D, 0xA0, 0xE1, 0xA0, 0x0F, 0xB0, 0xE1, 0x08, 0x00, 0x00, 0x0A, 0xBE, 0x01, 0xD4, 0xE1
	.byte 0x80, 0x0E, 0xA0, 0xE1, 0xA0, 0x0F, 0xA0, 0xE1, 0x01, 0x00, 0x50, 0xE3, 0x05, 0x00, 0x00, 0x1A
	.byte 0xBC, 0x02, 0xD7, 0xE1, 0x00, 0x0D, 0xA0, 0xE1, 0xA0, 0x0F, 0xB0, 0xE1, 0x01, 0x00, 0x00, 0x1A
	.byte 0x0A, 0x10, 0xA0, 0xE3, 0x0C, 0x00, 0x00, 0xEA, 0x06, 0x00, 0xA0, 0xE1, 0x71, 0xE3, 0xFF, 0xEB
	.byte 0xBA, 0x00, 0xDD, 0xE1, 0x01, 0x00, 0x10, 0xE3, 0x01, 0x10, 0xA0, 0x03, 0x06, 0x00, 0x00, 0x0A
	.byte 0x04, 0x00, 0x10, 0xE3, 0x12, 0x10, 0xA0, 0x03, 0x03, 0x00, 0x00, 0x0A, 0xB6, 0x11, 0xDD, 0xE1
	.byte 0x06, 0x00, 0xA0, 0xE1, 0x6F, 0xE3, 0xFF, 0xEB, 0x00, 0x10, 0xA0, 0xE3, 0x1C, 0x20, 0x9D, 0xE5
	.byte 0x06, 0x00, 0xA0, 0xE1, 0xCA, 0xF9, 0xFF, 0xEB, 0x00, 0x00, 0x50, 0xE3, 0x00, 0x00, 0x00, 0x0A
	.byte 0xCF, 0xF7, 0xFF, 0xEB, 0x2C, 0xD0, 0x8D, 0xE2, 0xF8, 0x41, 0xBD, 0xE8, 0x1E, 0xFF, 0x2F, 0xE1
	.byte 0xF4, 0xFF, 0x80, 0x03, 0xC2, 0xFF, 0x00, 0x00, 0x18, 0x40, 0x2D, 0xE9, 0x2C, 0xD0, 0x4D, 0xE2
	.byte 0x00, 0x40, 0xA0, 0xE1, 0x1E, 0x00, 0x84, 0xE2, 0x50, 0x10, 0xA0, 0xE3, 0x96, 0xFB, 0xFF, 0xEB
	.byte 0x00, 0x00, 0x50, 0xE3, 0x20, 0x00, 0x00, 0x1A, 0xB4, 0x02, 0xD4, 0xE1, 0x01, 0x00, 0x10, 0xE3
	.byte 0x02, 0x00, 0x00, 0x1A, 0xB8, 0x00, 0xD4, 0xE1, 0x02, 0x09, 0x10, 0xE3, 0x1A, 0x00, 0x00, 0x0A
	.byte 0x00, 0x10, 0x8D, 0xE2, 0x00, 0x00, 0xA0, 0xE3, 0x2C, 0x20, 0xA0, 0xE3, 0x4B, 0x29, 0x20, 0xEB
	.byte 0x2C, 0x00, 0x84, 0xE2, 0x00, 0x00, 0x8D, 0xE5, 0xB6, 0x10, 0xD4, 0xE1, 0x54, 0x00, 0x9F, 0xE5
	.byte 0xB8, 0x10, 0xCD, 0xE1, 0x00, 0x00, 0x90, 0xE5, 0x03, 0x0C, 0x80, 0xE2, 0xBA, 0x03, 0xD0, 0xE1
	.byte 0x00, 0x0F, 0xA0, 0xE1, 0xA0, 0x0F, 0xB0, 0xE1, 0x02, 0x0B, 0xA0, 0x03, 0xBC, 0x00, 0xCD, 0x01
	.byte 0x00, 0x00, 0x8D, 0xE2, 0x9C, 0x02, 0x00, 0xEB, 0xBA, 0x00, 0xDD, 0xE1, 0x01, 0x00, 0x00, 0xE2
	.byte 0x01, 0x00, 0x50, 0xE3, 0x04, 0x00, 0x00, 0x1A, 0x1E, 0x00, 0x84, 0xE2, 0x76, 0xFA, 0xFF, 0xEB
	.byte 0x00, 0x00, 0x50, 0xE3, 0x00, 0x00, 0x00, 0x0A, 0xA1, 0xF7, 0xFF, 0xEB, 0x2C, 0xD0, 0x8D, 0xE2
	.byte 0x18, 0x40, 0xBD, 0xE8, 0x1E, 0xFF, 0x2F, 0xE1, 0xF4, 0xFF, 0x80, 0x03, 0xF8, 0x4F, 0x2D, 0xE9
	.byte 0x30, 0xD0, 0x4D, 0xE2, 0xBC, 0x23, 0x9F, 0xE5, 0x00, 0x50, 0xA0, 0xE1, 0x00, 0x20, 0x92, 0xE5
	.byte 0x01, 0x40, 0xA0, 0xE1, 0x01, 0x0B, 0x82, 0xE2, 0xB4, 0x10, 0xD0, 0xE1, 0x04, 0x00, 0x82, 0xE2
	.byte 0x13, 0x00, 0x51, 0xE3, 0x01, 0x6B, 0x80, 0xE2, 0xE3, 0x00, 0x00, 0x1A, 0x18, 0x00, 0x96, 0xE5
	.byte 0x1C, 0x70, 0x96, 0xE5, 0x4E, 0x90, 0x80, 0xE2, 0x00, 0x80, 0xA0, 0xE3, 0x0C, 0x00, 0x00, 0xEA
	.byte 0x09, 0x00, 0xA0, 0xE1, 0x24, 0x10, 0x85, 0xE2, 0xCC, 0xDC, 0xFF, 0xEB, 0x00, 0x00, 0x50, 0xE3
	.byte 0x01, 0x00, 0xA0, 0x13, 0x10, 0x08, 0xA0, 0x11, 0xB6, 0x10, 0xD7, 0x11, 0x00, 0x08, 0xA0, 0x11
	.byte 0x20, 0x08, 0x81, 0x11, 0xB6, 0x00, 0xC7, 0x11, 0xD3, 0x00, 0x00, 0x1A, 0x06, 0x90, 0x89, 0xE2
	.byte 0x01, 0x80, 0x88, 0xE2, 0x18, 0x00, 0x96, 0xE5, 0xBC, 0x04, 0xD0, 0xE1, 0x00, 0x00, 0x58, 0xE1
	.byte 0xEE, 0xFF, 0xFF, 0x3A, 0x0A, 0x80, 0x87, 0xE2, 0x00, 0x90, 0xA0, 0xE3, 0x07, 0x00, 0x00, 0xEA
	.byte 0x24, 0x00, 0x85, 0xE2, 0x04, 0x10, 0x88, 0xE2, 0xB8, 0xDC, 0xFF, 0xEB, 0x00, 0x00, 0x50, 0xE3
	.byte 0xC5, 0x00, 0x00, 0x1A, 0xB0, 0x00, 0xD8, 0xE1, 0x01, 0x90, 0x89, 0xE2, 0x80, 0x80, 0x88, 0xE0
	.byte 0xB8, 0x00, 0xD7, 0xE1, 0x00, 0x00, 0x59, 0xE1, 0xF4, 0xFF, 0xFF, 0x3A, 0x00, 0x00, 0xA0, 0xE3
	.byte 0x08, 0x10, 0xA0, 0xE1, 0x40, 0x20, 0xA0, 0xE3, 0xE1, 0x28, 0x20, 0xEB, 0xB6, 0x90, 0xD5, 0xE1
	.byte 0x0C, 0x00, 0x59, 0xE3, 0xB8, 0x00, 0x00, 0x9A, 0x00, 0x00, 0x54, 0xE3, 0x12, 0x00, 0x00, 0x1A
	.byte 0x04, 0x40, 0x8D, 0xE2, 0x00, 0x00, 0xA0, 0xE3, 0x04, 0x10, 0xA0, 0xE1, 0x2C, 0x20, 0xA0, 0xE3
	.byte 0xF2, 0x28, 0x20, 0xEB, 0x38, 0x30, 0x85, 0xE2, 0x0C, 0x20, 0x49, 0xE2, 0x38, 0x00, 0xA0, 0xE3
	.byte 0xB0, 0x01, 0xCD, 0xE1, 0x03, 0x10, 0xA0, 0xE3, 0x04, 0x30, 0x8D, 0xE5, 0xBC, 0x20, 0xCD, 0xE1
	.byte 0xBE, 0x10, 0xCD, 0xE1, 0xB8, 0x10, 0xD5, 0xE1, 0x04, 0x00, 0xA0, 0xE1, 0xB8, 0x10, 0xCD, 0xE1
	.byte 0xB6, 0x13, 0xD5, 0xE1, 0xBA, 0x10, 0xCD, 0xE1, 0x43, 0x02, 0x00, 0xEB, 0x28, 0x00, 0x94, 0xE5
	.byte 0x00, 0x00, 0x50, 0xE3, 0xBA, 0x01, 0xD4, 0x01, 0x04, 0x00, 0x00, 0x0A, 0x01, 0x00, 0x80, 0xE2
	.byte 0xB6, 0xDE, 0xFF, 0xEB, 0x08, 0x00, 0x40, 0xE2, 0xBC, 0x03, 0xC8, 0xE1, 0xBC, 0x03, 0xD8, 0xE1
	.byte 0x41, 0x00, 0x80, 0xE2, 0xA0, 0x00, 0xA0, 0xE1, 0xB0, 0x00, 0xC8, 0xE1, 0xBA, 0x00, 0xD4, 0xE1
	.byte 0x01, 0x00, 0x00, 0xE2, 0x01, 0x00, 0x50, 0xE3, 0x90, 0x00, 0x00, 0x1A, 0x54, 0x02, 0x9F, 0xE5
	.byte 0xB0, 0x10, 0xD8, 0xE1, 0x00, 0x00, 0x90, 0xE5, 0x01, 0x0B, 0x80, 0xE2, 0xB8, 0x00, 0xD0, 0xE1
	.byte 0x01, 0x00, 0x50, 0xE1, 0x89, 0x00, 0x00, 0x3A, 0xB6, 0x13, 0xD5, 0xE1, 0x04, 0x00, 0x88, 0xE2
	.byte 0xBC, 0x12, 0xC8, 0xE1, 0x24, 0x10, 0x85, 0xE2, 0x94, 0xDB, 0xFF, 0xEB, 0xB4, 0x03, 0xD5, 0xE1
	.byte 0xB2, 0x03, 0xC8, 0xE1, 0xB2, 0x01, 0xD5, 0xE1, 0xFF, 0x00, 0x00, 0xE2, 0xB2, 0x00, 0xC8, 0xE1
	.byte 0x28, 0x00, 0x94, 0xE5, 0x00, 0x00, 0x50, 0xE3, 0x0E, 0x00, 0x00, 0x0A, 0x00, 0x50, 0xA0, 0xE3
	.byte 0x40, 0x90, 0x88, 0xE2, 0x07, 0x00, 0x00, 0xEA, 0x28, 0x00, 0x94, 0xE5, 0x0A, 0x00, 0x80, 0xE2
	.byte 0x05, 0x00, 0x80, 0xE0, 0x91, 0xDE, 0xFF, 0xEB, 0x00, 0x10, 0xA0, 0xE1, 0x05, 0x00, 0x89, 0xE0
	.byte 0x83, 0xDE, 0xFF, 0xEB, 0x01, 0x50, 0x85, 0xE2, 0xBC, 0x03, 0xD8, 0xE1, 0x00, 0x00, 0x55, 0xE1
	.byte 0xF4, 0xFF, 0xFF, 0x3A, 0x28, 0x00, 0x00, 0xEA, 0xB8, 0x01, 0xD4, 0xE1, 0xBE, 0x03, 0xC8, 0xE1
	.byte 0xB8, 0x01, 0xD4, 0xE1, 0x00, 0x00, 0x50, 0xE3, 0x23, 0x00, 0x00, 0x0A, 0x38, 0x90, 0x85, 0xE2
	.byte 0x40, 0xB0, 0x88, 0xE2, 0x00, 0xA0, 0xA0, 0xE3, 0x1C, 0x00, 0x00, 0xEA, 0x09, 0x00, 0xA0, 0xE1
	.byte 0x7E, 0xDE, 0xFF, 0xEB, 0x00, 0x50, 0xA0, 0xE1, 0x01, 0x00, 0x89, 0xE2, 0x7B, 0xDE, 0xFF, 0xEB
	.byte 0x06, 0x00, 0x55, 0xE3, 0x13, 0x00, 0x00, 0x9A, 0x28, 0x10, 0x94, 0xE5, 0x01, 0x00, 0x59, 0xE1
	.byte 0x10, 0x00, 0x00, 0x0A, 0x02, 0x00, 0x80, 0xE2, 0x00, 0x50, 0xA0, 0xE3, 0x00, 0x00, 0x8D, 0xE5
	.byte 0x07, 0x00, 0x00, 0xEA, 0x09, 0x00, 0xA0, 0xE1, 0x70, 0xDE, 0xFF, 0xEB, 0x00, 0x10, 0xA0, 0xE1
	.byte 0x0B, 0x00, 0xA0, 0xE1, 0x62, 0xDE, 0xFF, 0xEB, 0x01, 0xB0, 0x8B, 0xE2, 0x01, 0x90, 0x89, 0xE2
	.byte 0x01, 0x50, 0x85, 0xE2, 0x00, 0x00, 0x9D, 0xE5, 0x00, 0x00, 0x55, 0xE1, 0xF4, 0xFF, 0xFF, 0x3A
	.byte 0x01, 0xA0, 0x8A, 0xE2, 0x01, 0x00, 0x00, 0xEA, 0x02, 0x00, 0x80, 0xE2, 0x00, 0x90, 0x89, 0xE0
	.byte 0xB8, 0x01, 0xD4, 0xE1, 0x00, 0x00, 0x5A, 0xE1, 0xDF, 0xFF, 0xFF, 0x3A, 0x1C, 0x00, 0x94, 0xE5
	.byte 0x00, 0x00, 0x50, 0xE3, 0x11, 0x00, 0x00, 0x0A, 0x01, 0x00, 0x80, 0xE2, 0x5B, 0xDE, 0xFF, 0xEB
	.byte 0xBA, 0x00, 0xC8, 0xE1, 0x00, 0x50, 0xA0, 0xE3, 0x0C, 0x90, 0x88, 0xE2, 0x07, 0x00, 0x00, 0xEA
	.byte 0x1C, 0x00, 0x94, 0xE5, 0x02, 0x00, 0x80, 0xE2, 0x05, 0x00, 0x80, 0xE0, 0x53, 0xDE, 0xFF, 0xEB
	.byte 0x00, 0x10, 0xA0, 0xE1, 0x05, 0x00, 0x89, 0xE0, 0x45, 0xDE, 0xFF, 0xEB, 0x01, 0x50, 0x85, 0xE2
	.byte 0xBA, 0x00, 0xD8, 0xE1, 0x00, 0x00, 0x55, 0xE1, 0xF4, 0xFF, 0xFF, 0x3A, 0x08, 0x00, 0x00, 0xEA
	.byte 0x00, 0x90, 0xA0, 0xE3, 0xBA, 0x90, 0xC8, 0xE1, 0x0C, 0x50, 0x88, 0xE2, 0x00, 0x10, 0xA0, 0xE3
	.byte 0x09, 0x00, 0x85, 0xE0, 0x3A, 0xDE, 0xFF, 0xEB, 0x01, 0x90, 0x89, 0xE2, 0x20, 0x00, 0x59, 0xE3
	.byte 0xF9, 0xFF, 0xFF, 0x3A, 0xB4, 0x01, 0xD4, 0xE1, 0xBE, 0x02, 0xC8, 0xE1, 0xB6, 0x01, 0xD4, 0xE1
	.byte 0xB0, 0x03, 0xC8, 0xE1, 0xB2, 0x01, 0xD4, 0xE1, 0xB6, 0x03, 0xC8, 0xE1, 0x20, 0x00, 0x94, 0xE5
	.byte 0x00, 0x00, 0x50, 0xE3, 0x02, 0x00, 0x00, 0x0A, 0x03, 0x00, 0x80, 0xE2, 0x37, 0xDE, 0xFF, 0xEB
	.byte 0xB8, 0x03, 0xC8, 0xE1, 0x24, 0x00, 0x94, 0xE5, 0x00, 0x00, 0x50, 0xE3, 0x02, 0x00, 0x00, 0x0A
	.byte 0x03, 0x00, 0x80, 0xE2, 0x31, 0xDE, 0xFF, 0xEB, 0xB4, 0x03, 0xC8, 0xE1, 0xB2, 0x10, 0xD7, 0xE1
	.byte 0xB0, 0x00, 0xD8, 0xE1, 0x00, 0x00, 0x81, 0xE0, 0xB2, 0x00, 0xC7, 0xE1, 0xB8, 0x00, 0xD7, 0xE1
	.byte 0x01, 0x00, 0x80, 0xE2, 0xB8, 0x00, 0xC7, 0xE1, 0xB4, 0x10, 0xD6, 0xE1, 0xB0, 0x00, 0xD8, 0xE1
	.byte 0x00, 0x00, 0x41, 0xE0, 0xB4, 0x00, 0xC6, 0xE1, 0xB4, 0x00, 0xD6, 0xE1, 0x20, 0x00, 0x50, 0xE3
	.byte 0x09, 0x00, 0x00, 0x2A, 0xC5, 0xDD, 0xFF, 0xEB, 0x15, 0x20, 0xA0, 0xE3, 0x02, 0x00, 0xA0, 0xE3
	.byte 0x00, 0x10, 0xA0, 0xE3, 0xB0, 0x20, 0xC6, 0xE1, 0xBA, 0x0C, 0x20, 0xEB, 0x02, 0x00, 0x00, 0xEA
	.byte 0x14, 0x10, 0x9F, 0xE5, 0x04, 0x00, 0x88, 0xE2, 0x0C, 0xDB, 0xFF, 0xEB, 0x30, 0xD0, 0x8D, 0xE2
	.byte 0xF8, 0x4F, 0xBD, 0xE8, 0x1E, 0xFF, 0x2F, 0xE1, 0xF4, 0xFF, 0x80, 0x03, 0x84, 0x6F, 0xFF, 0x02
	.byte 0xF8, 0x4F, 0x2D, 0xE9, 0x00, 0xA0, 0xA0, 0xE1, 0x98, 0x05, 0x9F, 0xE5, 0x00, 0xB0, 0xA0, 0xE3
	.byte 0x00, 0x20, 0x90, 0xE5, 0x06, 0x0C, 0x82, 0xE2, 0xB4, 0x19, 0xD0, 0xE1, 0x04, 0x00, 0x82, 0xE2
	.byte 0x08, 0x00, 0x11, 0xE3, 0xD1, 0x4F, 0x82, 0xE2, 0x01, 0x5B, 0x80, 0xE2, 0x1D, 0x00, 0x00, 0x0A
	.byte 0x74, 0x15, 0x9F, 0xE5, 0x2C, 0x00, 0x82, 0xE2, 0xB0, 0x20, 0xD1, 0xE1, 0x01, 0x1B, 0x80, 0xE2
	.byte 0x01, 0x00, 0x12, 0xE3, 0x02, 0x00, 0x00, 0x0A, 0xB0, 0x00, 0xD1, 0xE1, 0x00, 0x00, 0x50, 0xE3
	.byte 0x14, 0x00, 0x00, 0x1A, 0x04, 0x00, 0x12, 0xE3, 0x02, 0x00, 0x00, 0x0A, 0xB4, 0x01, 0xD1, 0xE1
	.byte 0x00, 0x00, 0x50, 0xE3, 0x0F, 0x00, 0x00, 0x1A, 0x08, 0x00, 0x12, 0xE3, 0x02, 0x00, 0x00, 0x0A
	.byte 0xB8, 0x02, 0xD1, 0xE1, 0x00, 0x00, 0x50, 0xE3, 0x0A, 0x00, 0x00, 0x1A, 0x2C, 0x05, 0x9F, 0xE5
	.byte 0xB0, 0x00, 0xD0, 0xE1, 0x01, 0x00, 0x10, 0xE3, 0x24, 0x15, 0x9F, 0x05, 0x02, 0x09, 0xA0, 0x03
	.byte 0xB0, 0xB0, 0xC1, 0x01, 0xB0, 0x00, 0xC1, 0x01, 0x08, 0x05, 0x9F, 0x05, 0x00, 0x00, 0x90, 0x05
	.byte 0x01, 0x0B, 0x80, 0x02, 0xBE, 0xBD, 0xC0, 0x01, 0x1E, 0x00, 0x8A, 0xE2, 0xB0, 0x10, 0xA0, 0xE3
	.byte 0x4D, 0xFA, 0xFF, 0xEB, 0x00, 0x00, 0x50, 0xE3, 0x38, 0x01, 0x00, 0x1A, 0xBE, 0x02, 0xDA, 0xE1
	.byte 0xB2, 0x60, 0xDA, 0xE1, 0x01, 0x00, 0x80, 0xE2, 0x00, 0x08, 0xA0, 0xE1, 0x00, 0x00, 0x56, 0xE3
	.byte 0x00, 0x70, 0xA0, 0xE3, 0x20, 0x88, 0xA0, 0xE1, 0x13, 0x90, 0xA0, 0x03, 0x01, 0x70, 0xA0, 0x03
	.byte 0x1F, 0x01, 0x00, 0x0A, 0xBC, 0x00, 0xD4, 0xE1, 0x01, 0x00, 0x50, 0xE3, 0x19, 0x00, 0x00, 0x1A
	.byte 0x06, 0x00, 0xA0, 0xE1, 0x70, 0xE2, 0xFF, 0xEB, 0x20, 0x00, 0x50, 0xE3, 0x06, 0x00, 0x00, 0x9A
	.byte 0x06, 0x08, 0xA0, 0xE1, 0x20, 0x08, 0xA0, 0xE1, 0x20, 0x10, 0xA0, 0xE3, 0x82, 0xE1, 0xFF, 0xEB
	.byte 0x1E, 0x00, 0x8A, 0xE2, 0x01, 0x10, 0xA0, 0xE3, 0x52, 0xE9, 0xFF, 0xEB, 0xB8, 0x00, 0xDA, 0xE1
	.byte 0x01, 0x0B, 0x10, 0xE3, 0x0B, 0x00, 0x00, 0x0A, 0x06, 0x00, 0xA0, 0xE1, 0x82, 0xE2, 0xFF, 0xEB
	.byte 0x00, 0x00, 0x50, 0xE3, 0x07, 0x00, 0x00, 0x0A, 0x01, 0x70, 0xA0, 0xE3, 0x06, 0x00, 0xA0, 0xE1
	.byte 0x00, 0x10, 0xA0, 0xE3, 0xBC, 0x72, 0xCA, 0xE1, 0x0F, 0x90, 0xA0, 0xE3, 0x04, 0x80, 0xA0, 0xE3
	.byte 0xFC, 0xE1, 0xFF, 0xEB, 0x02, 0x01, 0x00, 0xEA, 0xBC, 0x02, 0xDA, 0xE1, 0x00, 0x00, 0x50, 0xE3
	.byte 0x02, 0x00, 0x00, 0x0A, 0x01, 0x00, 0x50, 0xE3, 0x38, 0x00, 0x00, 0x0A, 0xF8, 0x00, 0x00, 0xEA
	.byte 0xBC, 0x10, 0xD4, 0xE1, 0x01, 0x00, 0x51, 0xE3, 0x28, 0x04, 0x9F, 0x05, 0x00, 0x00, 0x90, 0x05
	.byte 0x03, 0x0C, 0x80, 0x02, 0xB2, 0x03, 0xD0, 0x01, 0x01, 0x00, 0x50, 0x03, 0x0D, 0x90, 0xA0, 0x03
	.byte 0x01, 0x70, 0xA0, 0x03, 0xF2, 0x00, 0x00, 0x0A, 0x01, 0x00, 0x51, 0xE3, 0x06, 0x00, 0x00, 0x1A
	.byte 0xBE, 0x02, 0xDA, 0xE1, 0x01, 0x70, 0xA0, 0xE3, 0x01, 0x00, 0x50, 0xE3, 0x00, 0x90, 0xA0, 0x03
	.byte 0x0E, 0x90, 0xA0, 0x13, 0x02, 0x80, 0xA0, 0x13, 0xE9, 0x00, 0x00, 0xEA, 0xE8, 0x00, 0x00, 0x0A
	.byte 0xBE, 0x02, 0xDA, 0xE1, 0x02, 0x00, 0x50, 0xE3, 0x18, 0x10, 0x95, 0x05, 0xB6, 0x01, 0xD1, 0x01
	.byte 0x00, 0x00, 0x50, 0x03, 0xE2, 0x00, 0x00, 0x1A, 0x10, 0x00, 0x81, 0xE2, 0x1E, 0x10, 0x8A, 0xE2
	.byte 0x72, 0xDB, 0xFF, 0xEB, 0x00, 0x00, 0x50, 0xE3, 0xDD, 0x00, 0x00, 0x0A, 0xB0, 0x00, 0xD5, 0xE1
	.byte 0x31, 0x00, 0x50, 0xE3, 0xDA, 0x00, 0x00, 0x1A, 0x38, 0xDD, 0xFF, 0xEB, 0xB0, 0x03, 0xDA, 0xE1
	.byte 0x00, 0x00, 0x50, 0xE3, 0x1C, 0x10, 0x95, 0x15, 0x0C, 0x00, 0xA0, 0x13, 0xB4, 0x00, 0xC1, 0x11
	.byte 0xB0, 0x13, 0xDA, 0x11, 0x1C, 0x00, 0x95, 0x15, 0xB6, 0x10, 0xC0, 0x11, 0x05, 0x00, 0x00, 0x1A
	.byte 0x30, 0x00, 0xA0, 0xE3, 0x2B, 0x0F, 0x20, 0xEB, 0x1C, 0x00, 0x95, 0xE5, 0xB4, 0xB0, 0xC0, 0xE1
	.byte 0x1C, 0x00, 0x95, 0xE5, 0xB6, 0xB0, 0xC0, 0xE1, 0x02, 0x00, 0xA0, 0xE3, 0x35, 0x20, 0xA0, 0xE3
	.byte 0x00, 0x10, 0xA0, 0xE1, 0xB0, 0x20, 0xC5, 0xE1, 0x1E, 0x0C, 0x20, 0xEB, 0xC4, 0x00, 0x00, 0xEA
	.byte 0xBC, 0x00, 0xD4, 0xE1, 0x01, 0x00, 0x50, 0xE3, 0x68, 0x00, 0x00, 0x1A, 0x06, 0x08, 0xA0, 0xE1
	.byte 0x20, 0x08, 0xA0, 0xE1, 0x20, 0x10, 0xA0, 0xE3, 0x2B, 0xE1, 0xFF, 0xEB, 0xBE, 0x02, 0xDA, 0xE1
	.byte 0x01, 0x00, 0x50, 0xE3, 0x23, 0x00, 0x00, 0x1A, 0x01, 0x20, 0xA0, 0xE3, 0x1E, 0x00, 0x8A, 0xE2
	.byte 0x80, 0x10, 0xA0, 0xE3, 0x5A, 0xF9, 0xFF, 0xEB, 0x00, 0x40, 0xB0, 0xE1, 0xB4, 0x00, 0x00, 0x0A
	.byte 0xBC, 0x12, 0xDA, 0xE1, 0x1C, 0x03, 0x9F, 0xE5, 0xBC, 0x12, 0xC4, 0xE1, 0xBE, 0x82, 0xC4, 0xE1
	.byte 0xB0, 0xB3, 0xC4, 0xE1, 0xB0, 0x10, 0xD0, 0xE1, 0xB0, 0x00, 0xD0, 0xE1, 0x00, 0x04, 0x81, 0xE0
	.byte 0x00, 0x08, 0xA0, 0xE1, 0x20, 0x58, 0xB0, 0xE1, 0x01, 0x50, 0xA0, 0x03, 0x05, 0x00, 0xA0, 0xE1
	.byte 0x77, 0xDD, 0xFF, 0xEB, 0x06, 0x00, 0xA0, 0xE1, 0x05, 0x10, 0xA0, 0xE1, 0x9D, 0xE1, 0xFF, 0xEB
	.byte 0x33, 0x00, 0x84, 0xE2, 0x34, 0x60, 0x84, 0xE2, 0x5C, 0xDD, 0xFF, 0xEB, 0x00, 0xB0, 0xA0, 0xE1
	.byte 0x00, 0x50, 0xA0, 0xE3, 0x02, 0x00, 0x00, 0xEA, 0x73, 0xDD, 0xFF, 0xEB, 0xB2, 0x00, 0xC6, 0xE0
	.byte 0x02, 0x50, 0x85, 0xE2, 0x0B, 0x00, 0x55, 0xE1, 0xFA, 0xFF, 0xFF, 0x3A, 0x04, 0x00, 0xA0, 0xE1
	.byte 0xE7, 0xF5, 0xFF, 0xEB, 0x96, 0x00, 0x00, 0xEA, 0x03, 0x00, 0x50, 0xE3, 0x06, 0x00, 0xA0, 0xE1
	.byte 0x34, 0x00, 0x00, 0x1A, 0xE8, 0xE1, 0xFF, 0xEB, 0x20, 0x00, 0x50, 0xE3, 0x03, 0x00, 0x00, 0x1A
	.byte 0x06, 0x00, 0xA0, 0xE1, 0x04, 0xE2, 0xFF, 0xEB, 0x00, 0x00, 0x50, 0xE3, 0x02, 0x00, 0x00, 0x1A
	.byte 0x01, 0x90, 0xA0, 0xE3, 0x09, 0x70, 0xA0, 0xE1, 0x89, 0x00, 0x00, 0xEA, 0x32, 0x00, 0x8A, 0xE2
	.byte 0x42, 0xDD, 0xFF, 0xEB, 0x10, 0x00, 0x50, 0xE3, 0x00, 0x00, 0xA0, 0x13, 0x1A, 0x00, 0x00, 0x1A
	.byte 0xB2, 0x00, 0xDA, 0xE1, 0xF8, 0xE1, 0xFF, 0xEB, 0x51, 0xDD, 0xFF, 0xEB, 0x33, 0x00, 0x8A, 0xE2
	.byte 0x34, 0x70, 0x8A, 0xE2, 0x39, 0xDD, 0xFF, 0xEB, 0x00, 0x40, 0xA0, 0xE1, 0x00, 0x50, 0xA0, 0xE3
	.byte 0x05, 0x00, 0x00, 0xEA, 0x50, 0xDD, 0xFF, 0xEB, 0xB2, 0x10, 0xD7, 0xE0, 0x00, 0x00, 0x51, 0xE1
	.byte 0x00, 0x00, 0xA0, 0x13, 0x0C, 0x00, 0x00, 0x1A, 0x01, 0x50, 0x85, 0xE2, 0xA4, 0x00, 0x55, 0xE1
	.byte 0xF7, 0xFF, 0xFF, 0x3A, 0x01, 0x00, 0x14, 0xE3, 0x06, 0x00, 0x00, 0x0A, 0x46, 0xDD, 0xFF, 0xEB
	.byte 0xB0, 0x10, 0xD7, 0xE1, 0xFF, 0x00, 0x00, 0xE2, 0xFF, 0x10, 0x01, 0xE2, 0x00, 0x00, 0x51, 0xE1
	.byte 0x00, 0x00, 0xA0, 0x13, 0x00, 0x00, 0x00, 0x1A, 0x01, 0x00, 0xA0, 0xE3, 0x00, 0x00, 0x50, 0xE3
	.byte 0x01, 0x70, 0xA0, 0xE3, 0x03, 0x00, 0x00, 0x1A, 0x06, 0x00, 0xA0, 0xE1, 0x00, 0x10, 0xA0, 0xE3
	.byte 0x0F, 0x90, 0xA0, 0xE3, 0x5D, 0xFF, 0xFF, 0xEA, 0x00, 0x90, 0xA0, 0xE3, 0x06, 0x00, 0xA0, 0xE1
	.byte 0x09, 0x10, 0xA0, 0xE1, 0x59, 0xFF, 0xFF, 0xEA, 0x00, 0x10, 0xA0, 0xE3, 0x55, 0xE1, 0xFF, 0xEB
	.byte 0x0E, 0x90, 0xA0, 0xE3, 0x02, 0x80, 0xA0, 0xE3, 0x01, 0x70, 0xA0, 0xE3, 0x58, 0x00, 0x00, 0xEA
	.byte 0x18, 0x10, 0x95, 0xE5, 0xB6, 0x01, 0xD1, 0xE1, 0x01, 0x00, 0x50, 0xE3, 0x54, 0x00, 0x00, 0x1A
	.byte 0x10, 0x00, 0x81, 0xE2, 0x1E, 0x10, 0x8A, 0xE2, 0xE4, 0xDA, 0xFF, 0xEB, 0x00, 0x00, 0x50, 0xE3
	.byte 0x4F, 0x00, 0x00, 0x0A, 0xBE, 0x02, 0xDA, 0xE1, 0x02, 0x00, 0x50, 0xE3, 0x33, 0x00, 0x00, 0x1A
	.byte 0xB0, 0x00, 0xD5, 0xE1, 0x31, 0x00, 0x50, 0xE3, 0x49, 0x00, 0x00, 0x1A, 0xB0, 0x03, 0xDA, 0xE1
	.byte 0x00, 0x00, 0x50, 0xE3, 0x0E, 0x00, 0x00, 0x0A, 0xA4, 0xDC, 0xFF, 0xEB, 0x35, 0x00, 0xA0, 0xE3
	.byte 0xB0, 0x00, 0xC5, 0xE1, 0x1C, 0x10, 0x95, 0xE5, 0x0C, 0x00, 0xA0, 0xE3, 0xB4, 0x00, 0xC1, 0xE1
	.byte 0x02, 0x00, 0xA0, 0xE3, 0xB0, 0x33, 0xDA, 0xE1, 0x1C, 0x20, 0x95, 0xE5, 0x00, 0x10, 0xA0, 0xE1
	.byte 0xB6, 0x30, 0xC2, 0xE1, 0x93, 0x0B, 0x20, 0xEB, 0x20, 0x00, 0xA0, 0xE3, 0x95, 0x0E, 0x20, 0xEB
	.byte 0x37, 0x00, 0x00, 0xEA, 0x33, 0x10, 0xA0, 0xE3, 0x32, 0x00, 0x8A, 0xE2, 0xB0, 0x10, 0xC5, 0xE1
	.byte 0xEE, 0xDC, 0xFF, 0xEB, 0x10, 0x00, 0x50, 0xE3, 0x31, 0x00, 0x00, 0x1A, 0x33, 0x00, 0x8A, 0xE2
	.byte 0xEA, 0xDC, 0xFF, 0xEB, 0x00, 0x10, 0xA0, 0xE1, 0x1E, 0x00, 0x8A, 0xE2, 0x01, 0x20, 0xA0, 0xE3
	.byte 0xCF, 0xF8, 0xFF, 0xEB, 0x00, 0x40, 0xB0, 0xE1, 0x29, 0x00, 0x00, 0x0A, 0xB4, 0x11, 0xD4, 0xE1
	.byte 0x33, 0x00, 0x8A, 0xE2, 0x01, 0x19, 0x81, 0xE3, 0xB4, 0x11, 0xC4, 0xE1, 0xDF, 0xDC, 0xFF, 0xEB
	.byte 0x00, 0x20, 0xA0, 0xE1, 0x2C, 0x00, 0x8A, 0xE2, 0x2C, 0x10, 0x84, 0xE2, 0x08, 0x20, 0x82, 0xE2
	.byte 0xED, 0x26, 0x20, 0xEB, 0xBC, 0x12, 0xDA, 0xE1, 0x03, 0x00, 0xA0, 0xE3, 0xBC, 0x12, 0xC4, 0xE1
	.byte 0xBE, 0x02, 0xC4, 0xE1, 0x04, 0x00, 0xA0, 0xE1, 0xB0, 0xB3, 0xC4, 0xE1, 0x7F, 0xFF, 0xFF, 0xEA
	.byte 0x04, 0x00, 0x50, 0xE3, 0xB0, 0x00, 0xD5, 0x01, 0x33, 0x00, 0x50, 0x03, 0x14, 0x00, 0x00, 0x1A
	.byte 0x72, 0xDC, 0xFF, 0xEB, 0xB0, 0x03, 0xDA, 0xE1, 0x00, 0x00, 0x50, 0xE3, 0x1C, 0x10, 0x95, 0x15
	.byte 0x0C, 0x00, 0xA0, 0x13, 0xB4, 0x00, 0xC1, 0x11, 0xB0, 0x13, 0xDA, 0x11, 0x1C, 0x00, 0x95, 0x15
	.byte 0xB6, 0x10, 0xC0, 0x11, 0x05, 0x00, 0x00, 0x1A, 0x30, 0x00, 0xA0, 0xE3, 0x65, 0x0E, 0x20, 0xEB
	.byte 0x1C, 0x00, 0x95, 0xE5, 0xB4, 0xB0, 0xC0, 0xE1, 0x1C, 0x00, 0x95, 0xE5, 0xB6, 0xB0, 0xC0, 0xE1
	.byte 0x38, 0xFF, 0xFF, 0xEA, 0xBC, 0x00, 0xD4, 0xE1, 0x01, 0x00, 0x50, 0xE3, 0x0D, 0x90, 0xA0, 0x03
	.byte 0x01, 0x70, 0xA0, 0x03, 0x00, 0x00, 0x57, 0xE3, 0x0C, 0x00, 0x00, 0x0A, 0x01, 0x20, 0xA0, 0xE3
	.byte 0x00, 0x00, 0x59, 0xE3, 0x00, 0x20, 0xA0, 0x03, 0x1E, 0x00, 0x8A, 0xE2, 0x00, 0x10, 0xA0, 0xE3
	.byte 0x9B, 0xF8, 0xFF, 0xEB, 0x00, 0x00, 0x50, 0xE3, 0x04, 0x00, 0x00, 0x0A, 0xBC, 0x12, 0xDA, 0xE1
	.byte 0xBC, 0x12, 0xC0, 0xE1, 0xBE, 0x82, 0xC0, 0xE1, 0xB0, 0x93, 0xC0, 0xE1, 0x40, 0xF5, 0xFF, 0xEB
	.byte 0xF8, 0x4F, 0xBD, 0xE8, 0x1E, 0xFF, 0x2F, 0xE1, 0xF4, 0xFF, 0x80, 0x03, 0xB0, 0x80, 0x80, 0x04
	.byte 0x9C, 0x81, 0x80, 0x04, 0x32, 0x80, 0x80, 0x04, 0x44, 0x80, 0x80, 0x04, 0x38, 0x40, 0x2D, 0xE9
	.byte 0xA0, 0x10, 0x9F, 0xE5, 0x00, 0x40, 0xA0, 0xE1, 0x00, 0x00, 0x91, 0xE5, 0xB2, 0x50, 0xD4, 0xE1
	.byte 0xD1, 0x1F, 0x80, 0xE2, 0xBC, 0x00, 0xD1, 0xE1, 0x01, 0x00, 0x50, 0xE3, 0x03, 0x00, 0x00, 0x0A
	.byte 0x02, 0x00, 0x50, 0xE3, 0x03, 0x00, 0x50, 0x13, 0x0E, 0x00, 0x00, 0x0A, 0x1B, 0x00, 0x00, 0xEA
	.byte 0x05, 0x00, 0xA0, 0xE1, 0x30, 0xE1, 0xFF, 0xEB, 0x20, 0x00, 0x50, 0xE3, 0x17, 0x00, 0x00, 0x9A
	.byte 0x05, 0x08, 0xA0, 0xE1, 0x20, 0x08, 0xA0, 0xE1, 0x20, 0x10, 0xA0, 0xE3, 0x42, 0xE0, 0xFF, 0xEB
	.byte 0xBC, 0x12, 0xD4, 0xE1, 0x1E, 0x00, 0x84, 0xE2, 0x12, 0xE8, 0xFF, 0xEB, 0x05, 0x00, 0xA0, 0xE1
	.byte 0x5C, 0xF4, 0xFF, 0xEB, 0x0D, 0x00, 0x00, 0xEA, 0xB8, 0x00, 0xD1, 0xE1, 0x20, 0x00, 0x50, 0xE3
	.byte 0x0A, 0x00, 0x00, 0x9A, 0x1E, 0x00, 0x84, 0xE2, 0x82, 0x10, 0x81, 0xE2, 0x5B, 0xDA, 0xFF, 0xEB
	.byte 0x00, 0x00, 0x50, 0xE3, 0x05, 0x00, 0x00, 0x0A, 0x20, 0x00, 0xA0, 0xE3, 0x21, 0x0E, 0x20, 0xEB
	.byte 0x4B, 0xD9, 0xFF, 0xEB, 0xBC, 0x12, 0xD4, 0xE1, 0x1E, 0x00, 0x84, 0xE2, 0x01, 0xE8, 0xFF, 0xEB
	.byte 0x38, 0x40, 0xBD, 0xE8, 0x1E, 0xFF, 0x2F, 0xE1, 0xF4, 0xFF, 0x80, 0x03, 0xF8, 0x4F, 0x2D, 0xE9
	.byte 0xFC, 0x12, 0x9F, 0xE5, 0x00, 0x90, 0xA0, 0xE1, 0x00, 0x10, 0x91, 0xE5, 0xBC, 0x00, 0xD9, 0xE1
	.byte 0xD1, 0x4F, 0x81, 0xE2, 0x02, 0x0B, 0x10, 0xE3, 0xBA, 0x00, 0xD9, 0x11, 0xBA, 0x17, 0xD4, 0xE1
	.byte 0x01, 0x00, 0x80, 0x13, 0xBA, 0x00, 0xC9, 0x11, 0xD8, 0x02, 0x9F, 0xE5, 0x00, 0x50, 0x99, 0xE5
	.byte 0xB8, 0x60, 0xD9, 0xE1, 0xB2, 0x11, 0xC9, 0xE1, 0x02, 0xB0, 0x40, 0xE2, 0x01, 0xA0, 0x80, 0xE2
	.byte 0x8C, 0x00, 0x00, 0xEA, 0x05, 0x00, 0xA0, 0xE1, 0x64, 0xDC, 0xFF, 0xEB, 0x00, 0x80, 0xA0, 0xE1
	.byte 0x01, 0x00, 0x85, 0xE2, 0x02, 0x50, 0x85, 0xE2, 0x60, 0xDC, 0xFF, 0xEB, 0x00, 0x70, 0xA0, 0xE1
	.byte 0x06, 0x00, 0x58, 0xE3, 0x06, 0x00, 0x00, 0x8A, 0x88, 0x00, 0x8F, 0xE0, 0xB4, 0x00, 0xD0, 0xE1
	.byte 0x00, 0xF0, 0x8F, 0xE0, 0x18, 0x00, 0x80, 0x00, 0xF4, 0x01, 0xE0, 0x00, 0x54, 0x01, 0x38, 0x01
	.byte 0xF4, 0x01, 0xF2, 0x01, 0xDD, 0x00, 0x58, 0xE3, 0x56, 0x00, 0x00, 0x0A, 0x6E, 0x00, 0x00, 0xEA
	.byte 0x20, 0x00, 0x57, 0xE3, 0x74, 0x00, 0x00, 0x8A, 0xBC, 0x10, 0xD9, 0xE1, 0x02, 0x00, 0x45, 0xE2
	.byte 0x01, 0x10, 0x81, 0xE3, 0xBC, 0x10, 0xC9, 0xE1, 0x1C, 0x00, 0x89, 0xE5, 0x00, 0x00, 0x57, 0xE3
	.byte 0x05, 0x00, 0x00, 0x1A, 0xBC, 0x00, 0xD9, 0xE1, 0x02, 0x0B, 0x10, 0xE3, 0xBA, 0x00, 0xD9, 0x11
	.byte 0x01, 0x00, 0x80, 0x13, 0xBA, 0x00, 0xC9, 0x11, 0x67, 0x00, 0x00, 0x1A, 0xBA, 0x10, 0xD9, 0xE1
	.byte 0x07, 0x08, 0xA0, 0xE1, 0x0A, 0x20, 0x01, 0xE0, 0xBA, 0x20, 0xC9, 0xE1, 0x05, 0x10, 0xA0, 0xE1
	.byte 0x20, 0x08, 0xA0, 0xE1, 0xE1, 0xD9, 0xFF, 0xEB, 0x00, 0x00, 0x50, 0xE3, 0xBA, 0x00, 0xD9, 0x11
	.byte 0x01, 0x00, 0x80, 0x13, 0x2B, 0x00, 0x00, 0xEA, 0x01, 0x00, 0x57, 0xE3, 0x5A, 0x00, 0x00, 0x3A
	.byte 0xBC, 0x10, 0xD9, 0xE1, 0x02, 0x00, 0x45, 0xE2, 0x04, 0x10, 0x81, 0xE3, 0xBC, 0x10, 0xC9, 0xE1
	.byte 0x14, 0x10, 0x89, 0xE2, 0x1D, 0xDA, 0xFF, 0xEB, 0xB0, 0x06, 0xD4, 0xE1, 0xB2, 0x26, 0xD4, 0xE1
	.byte 0xB4, 0x11, 0xD9, 0xE1, 0x02, 0x20, 0x80, 0xE1, 0x02, 0x20, 0xE0, 0xE1, 0x02, 0x00, 0x11, 0xE1
	.byte 0xB6, 0x21, 0xD9, 0x01, 0x02, 0x10, 0x81, 0x01, 0x01, 0x10, 0x00, 0x00, 0x01, 0x00, 0x50, 0x01
	.byte 0xBA, 0x00, 0xD9, 0x01, 0x04, 0x00, 0x80, 0x03, 0xBA, 0x00, 0xC9, 0x01, 0xBA, 0x00, 0xD9, 0x11
	.byte 0x0B, 0x00, 0x00, 0x10, 0x13, 0x00, 0x00, 0xEA, 0x01, 0x00, 0x57, 0xE3, 0x42, 0x00, 0x00, 0x3A
	.byte 0xBC, 0x10, 0xD9, 0xE1, 0x05, 0x00, 0xA0, 0xE1, 0x02, 0x10, 0x81, 0xE3, 0xBC, 0x10, 0xC9, 0xE1
	.byte 0x1A, 0xDC, 0xFF, 0xEB, 0xB2, 0x01, 0xC9, 0xE1, 0x84, 0x01, 0x9F, 0xE5, 0xB2, 0x11, 0xD9, 0xE1
	.byte 0x00, 0x00, 0x90, 0xE5, 0x1C, 0x04, 0x90, 0xE5, 0xBA, 0x04, 0xD0, 0xE1, 0x00, 0x00, 0x51, 0xE1
	.byte 0xBA, 0x00, 0xD9, 0x01, 0x02, 0x00, 0x80, 0x03, 0xBA, 0x00, 0xC9, 0x01, 0xBA, 0x10, 0xD9, 0x11
	.byte 0x60, 0x01, 0x9F, 0x15, 0x00, 0x00, 0x01, 0x10, 0xBA, 0x00, 0xC9, 0x11, 0x2E, 0x00, 0x00, 0xEA
	.byte 0x03, 0x00, 0x57, 0xE3, 0xBC, 0x10, 0xD9, 0x21, 0x02, 0x00, 0x45, 0x22, 0x01, 0x1C, 0x81, 0x23
	.byte 0xBC, 0x10, 0xC9, 0x21, 0x24, 0x00, 0x89, 0x25, 0x27, 0x00, 0x00, 0xEA, 0x06, 0x00, 0x57, 0xE3
	.byte 0xBC, 0x10, 0xD9, 0x21, 0x02, 0x00, 0x45, 0x22, 0x02, 0x1C, 0x81, 0x23, 0xBC, 0x10, 0xC9, 0x21
	.byte 0x20, 0x00, 0x89, 0x25, 0x20, 0x00, 0x00, 0xEA, 0x08, 0x00, 0x57, 0xE3, 0x0F, 0x00, 0x00, 0x3A
	.byte 0x05, 0x00, 0xA0, 0xE1, 0xF9, 0xDB, 0xFF, 0xEB, 0x00, 0x00, 0x50, 0xE3, 0x0B, 0x00, 0x00, 0x1A
	.byte 0x01, 0x00, 0x85, 0xE2, 0xF5, 0xDB, 0xFF, 0xEB, 0x09, 0x00, 0x50, 0xE3, 0x07, 0x00, 0x00, 0x1A
	.byte 0x02, 0x00, 0x85, 0xE2, 0xF1, 0xDB, 0xFF, 0xEB, 0xBF, 0x00, 0x50, 0xE3, 0x03, 0x00, 0x00, 0x1A
	.byte 0x03, 0x00, 0x85, 0xE2, 0xED, 0xDB, 0xFF, 0xEB, 0x00, 0x00, 0x50, 0xE3, 0x00, 0x00, 0x00, 0x0A
	.byte 0x05, 0x00, 0x00, 0xEA, 0xBC, 0x10, 0xD9, 0xE1, 0x02, 0x00, 0x45, 0xE2, 0x01, 0x1B, 0x81, 0xE3
	.byte 0xBC, 0x10, 0xC9, 0xE1, 0x28, 0x00, 0x89, 0xE5, 0x07, 0x00, 0x00, 0xEA, 0xB8, 0x11, 0xD9, 0xE1
	.byte 0x02, 0x00, 0x87, 0xE2, 0x01, 0x20, 0x81, 0xE2, 0xBA, 0x11, 0xD9, 0xE1, 0x00, 0x08, 0xA0, 0xE1
	.byte 0x20, 0x08, 0x81, 0xE0, 0xB8, 0x21, 0xC9, 0xE1, 0xBA, 0x01, 0xC9, 0xE1, 0x02, 0x00, 0x87, 0xE2
	.byte 0x07, 0x50, 0x85, 0xE0, 0x00, 0x60, 0x46, 0xE0, 0x00, 0x00, 0x56, 0xE3, 0x70, 0xFF, 0xFF, 0xCA
	.byte 0xBC, 0x00, 0xD9, 0xE1, 0x08, 0x00, 0x10, 0xE3, 0x08, 0x00, 0x00, 0x0A, 0xB4, 0x06, 0xD4, 0xE1
	.byte 0x01, 0x00, 0x10, 0xE3, 0x02, 0x00, 0x00, 0x1A, 0xB4, 0x00, 0xD9, 0xE1, 0x02, 0x09, 0x10, 0xE3
	.byte 0x02, 0x00, 0x00, 0x0A, 0xBA, 0x00, 0xD9, 0xE1, 0x08, 0x00, 0x80, 0xE3, 0xBA, 0x00, 0xC9, 0xE1
	.byte 0xBC, 0x00, 0xD9, 0xE1, 0x30, 0x00, 0x10, 0xE3, 0x0F, 0x00, 0x00, 0x0A, 0xB6, 0x10, 0xD9, 0xE1
	.byte 0xBC, 0x07, 0xD4, 0xE1, 0x03, 0x10, 0x01, 0xE2, 0x03, 0x00, 0x00, 0xE2, 0x00, 0x00, 0x51, 0xE1
	.byte 0xBA, 0x00, 0xD9, 0x01, 0xB6, 0x10, 0xD9, 0xE1, 0x10, 0x00, 0x80, 0x03, 0xBA, 0x00, 0xC9, 0x01
	.byte 0xBC, 0x07, 0xD4, 0xE1, 0x10, 0x10, 0x01, 0xE2, 0x10, 0x00, 0x00, 0xE2, 0x00, 0x00, 0x51, 0xE1
	.byte 0xBA, 0x00, 0xD9, 0x01, 0x20, 0x00, 0x80, 0x03, 0xBA, 0x00, 0xC9, 0x01, 0xF8, 0x4F, 0xBD, 0xE8
	.byte 0x1E, 0xFF, 0x2F, 0xE1, 0xF4, 0xFF, 0x80, 0x03, 0xFD, 0xFF, 0x00, 0x00, 0xF8, 0x4F, 0x2D, 0xE9
	.byte 0x30, 0xD0, 0x4D, 0xE2, 0x2C, 0x06, 0x9F, 0xE5, 0x00, 0xB0, 0xA0, 0xE3, 0x00, 0x40, 0x90, 0xE5
	.byte 0x5F, 0xAF, 0x84, 0xE2, 0x60, 0x60, 0x9A, 0xE5, 0x03, 0x0C, 0x84, 0xE2, 0xB0, 0x55, 0xD0, 0xE1
	.byte 0x01, 0x00, 0x76, 0xE3, 0x80, 0x01, 0x00, 0x0A, 0xB8, 0x02, 0xD6, 0xE1, 0x01, 0x00, 0x10, 0xE3
	.byte 0x6C, 0x05, 0x94, 0x15, 0x01, 0x00, 0x80, 0x12, 0x6C, 0x05, 0x84, 0x15, 0x68, 0x05, 0x94, 0x05
	.byte 0x01, 0x00, 0x80, 0x02, 0x68, 0x05, 0x84, 0x05, 0xB8, 0x01, 0xD6, 0xE1, 0x64, 0x25, 0x94, 0xE5
	.byte 0xF0, 0x10, 0x00, 0xE2, 0xC1, 0x01, 0xA0, 0xE1, 0x20, 0x0E, 0x81, 0xE0, 0x40, 0x02, 0xA0, 0xE1
	.byte 0x01, 0x00, 0x40, 0xE2, 0x00, 0x00, 0x82, 0xE0, 0x64, 0x05, 0x84, 0xE5, 0xB4, 0x12, 0xD6, 0xE1
	.byte 0x2E, 0x00, 0x86, 0xE2, 0x01, 0x2E, 0xA0, 0xE1, 0x01, 0x1C, 0xA0, 0xE1, 0x22, 0x8F, 0xA0, 0xE1
	.byte 0x21, 0x9E, 0xA0, 0xE1, 0x9F, 0xDE, 0xFF, 0xEB, 0x00, 0x70, 0xA0, 0xE1, 0xB2, 0x71, 0xC6, 0xE1
	.byte 0xFF, 0x00, 0x57, 0xE3, 0x12, 0x00, 0x00, 0x1A, 0x01, 0x00, 0x55, 0xE3, 0xB2, 0xB1, 0xC6, 0xE1
	.byte 0x00, 0x00, 0x58, 0x03, 0x57, 0x01, 0x00, 0x1A, 0x00, 0x00, 0x59, 0xE3, 0x09, 0x00, 0x00, 0x0A
	.byte 0x04, 0x00, 0x59, 0xE3, 0x04, 0x00, 0x00, 0x0A, 0x0B, 0x00, 0x59, 0xE3, 0x51, 0x01, 0x00, 0x1A
	.byte 0x10, 0x00, 0x86, 0xE2, 0x6D, 0xFD, 0xFF, 0xEB, 0x4E, 0x01, 0x00, 0xEA, 0x10, 0x00, 0x86, 0xE2
	.byte 0x48, 0xFC, 0xFF, 0xEB, 0x4B, 0x01, 0x00, 0xEA, 0x10, 0x00, 0x86, 0xE2, 0xCF, 0xFB, 0xFF, 0xEB
	.byte 0x48, 0x01, 0x00, 0xEA, 0xBF, 0xDF, 0xFF, 0xEB, 0xB2, 0x12, 0xD6, 0xE1, 0x07, 0x08, 0xA0, 0xE1
	.byte 0x20, 0x08, 0xA0, 0xE1, 0xFF, 0x10, 0x01, 0xE2, 0x60, 0xDF, 0xFF, 0xEB, 0x00, 0x00, 0x58, 0xE3
	.byte 0x0B, 0x00, 0x00, 0x1A, 0xBA, 0x03, 0xD6, 0xE1, 0x00, 0x00, 0x8D, 0xE5, 0x07, 0x00, 0xA0, 0xE1
	.byte 0x31, 0xE0, 0xFF, 0xEB, 0x00, 0x10, 0x9D, 0xE5, 0x00, 0x00, 0x51, 0xE1, 0x7C, 0x05, 0x94, 0x05
	.byte 0x01, 0x00, 0x80, 0x02, 0x7C, 0x05, 0x84, 0x05, 0x36, 0x01, 0x00, 0x0A, 0x07, 0x00, 0xA0, 0xE1
	.byte 0x9C, 0xDF, 0xFF, 0xEB, 0x01, 0x00, 0x55, 0xE3, 0x03, 0x00, 0x00, 0x0A, 0x02, 0x00, 0x55, 0xE3
	.byte 0x03, 0x00, 0x55, 0x13, 0x9D, 0x00, 0x00, 0x0A, 0x2E, 0x01, 0x00, 0xEA, 0xB4, 0x12, 0xD6, 0xE1
	.byte 0x07, 0x08, 0xA0, 0xE1, 0x81, 0x19, 0xA0, 0xE1, 0x20, 0x08, 0xA0, 0xE1, 0xA1, 0x1F, 0xA0, 0xE1
	.byte 0x4E, 0xDF, 0xFF, 0xEB, 0x00, 0x00, 0x58, 0xE3, 0x7C, 0x00, 0x00, 0x1A, 0x0C, 0x00, 0x59, 0xE3
	.byte 0x24, 0x01, 0x00, 0x8A, 0x89, 0x00, 0x8F, 0xE0, 0xB4, 0x00, 0xD0, 0xE1, 0x00, 0xF0, 0x8F, 0xE0
	.byte 0x24, 0x00, 0x84, 0x04, 0x28, 0x00, 0x84, 0x04, 0xB4, 0x01, 0xB8, 0x01, 0x84, 0x04, 0x84, 0x04
	.byte 0x18, 0x00, 0x84, 0x04, 0xC8, 0x01, 0xD4, 0x01, 0xD8, 0x01, 0xD6, 0x01, 0x10, 0x00, 0x86, 0xE2
	.byte 0xD7, 0xF9, 0xFF, 0xEB, 0x17, 0x01, 0x00, 0xEA, 0xCA, 0xFF, 0xFF, 0xEA, 0x84, 0x04, 0x9F, 0xE5
	.byte 0xB6, 0x51, 0xD6, 0xE1, 0x00, 0x70, 0x90, 0xE5, 0x0A, 0x00, 0x55, 0xE3, 0x11, 0x01, 0x00, 0x9A
	.byte 0x03, 0x0C, 0x87, 0xE2, 0xB0, 0x05, 0xD0, 0xE1, 0x01, 0x00, 0x50, 0xE3, 0x0D, 0x01, 0x00, 0x1A
	.byte 0x30, 0x40, 0xA0, 0xE3, 0x04, 0x10, 0xA0, 0xE1, 0x2E, 0x00, 0x86, 0xE2, 0xA2, 0xF7, 0xFF, 0xEB
	.byte 0x00, 0x00, 0x50, 0xE3, 0x07, 0x01, 0x00, 0x1A, 0xB2, 0x81, 0xD6, 0xE1, 0x08, 0x00, 0xA0, 0xE1
	.byte 0xD1, 0xDF, 0xFF, 0xEB, 0x30, 0x00, 0x50, 0xE3, 0x0C, 0x00, 0x00, 0x2A, 0x2E, 0x00, 0x86, 0xE2
	.byte 0xC0, 0x10, 0xA0, 0xE3, 0x98, 0xF7, 0xFF, 0xEB, 0x00, 0x00, 0x50, 0xE3, 0xFD, 0x00, 0x00, 0x1A
	.byte 0x2E, 0x00, 0x86, 0xE2, 0x06, 0x10, 0xA0, 0xE3, 0x01, 0x20, 0xA0, 0xE3, 0x44, 0xF7, 0xFF, 0xEB
	.byte 0x00, 0x00, 0x50, 0xE3, 0xF7, 0x00, 0x00, 0x0A, 0xBD, 0xF3, 0xFF, 0xEB, 0xF5, 0x00, 0x00, 0xEA
	.byte 0x08, 0x00, 0xA0, 0xE1, 0xC0, 0xDF, 0xFF, 0xEB, 0x40, 0x00, 0x50, 0xE3, 0x08, 0x00, 0xA0, 0xE1
	.byte 0x05, 0x00, 0x00, 0x1A, 0x04, 0x10, 0xA0, 0xE1, 0xD3, 0xDE, 0xFF, 0xEB, 0x2E, 0x00, 0x86, 0xE2
	.byte 0x01, 0x10, 0xA0, 0xE3, 0x3A, 0xE7, 0xFF, 0xEB, 0x02, 0x00, 0x00, 0xEA, 0xF1, 0xDF, 0xFF, 0xEB
	.byte 0x00, 0x00, 0x50, 0xE3, 0xE7, 0x00, 0x00, 0x1A, 0x04, 0x40, 0x8D, 0xE2, 0x00, 0x00, 0xA0, 0xE3
	.byte 0x04, 0x10, 0xA0, 0xE1, 0x2C, 0x20, 0xA0, 0xE3, 0x3C, 0x25, 0x20, 0xEB, 0x46, 0x20, 0x86, 0xE2
	.byte 0x0A, 0x10, 0x45, 0xE2, 0x02, 0x0B, 0xA0, 0xE3, 0xB0, 0x01, 0xCD, 0xE1, 0x04, 0x20, 0x8D, 0xE5
	.byte 0xBC, 0x10, 0xCD, 0xE1, 0x04, 0x00, 0xA0, 0xE1, 0x93, 0xFE, 0xFF, 0xEB, 0xBC, 0x13, 0xD6, 0xE1
	.byte 0x94, 0x03, 0x9F, 0xE5, 0x00, 0x00, 0x11, 0xE1, 0x0D, 0x00, 0x00, 0x1A, 0x03, 0x0C, 0x87, 0xE2
	.byte 0xB4, 0x23, 0xD0, 0xE1, 0x00, 0x00, 0x52, 0xE3, 0x03, 0x00, 0x00, 0x1A, 0x81, 0x0D, 0xA0, 0xE1
	.byte 0xA0, 0x0F, 0xA0, 0xE1, 0x01, 0x00, 0x50, 0xE3, 0x05, 0x00, 0x00, 0x0A, 0x00, 0x00, 0x52, 0xE3
	.byte 0x05, 0x00, 0x00, 0x0A, 0xBC, 0x03, 0xD6, 0xE1, 0x80, 0x0D, 0xA0, 0xE1, 0xA0, 0x0F, 0xB0, 0xE1
	.byte 0x01, 0x00, 0x00, 0x1A, 0x0A, 0x10, 0xA0, 0xE3, 0x0C, 0x00, 0x00, 0xEA, 0x08, 0x00, 0xA0, 0xE1
	.byte 0x1C, 0xDF, 0xFF, 0xEB, 0xBE, 0x00, 0xDD, 0xE1, 0x01, 0x00, 0x10, 0xE3, 0x01, 0x10, 0xA0, 0x03
	.byte 0x06, 0x00, 0x00, 0x0A, 0x04, 0x00, 0x10, 0xE3, 0x12, 0x10, 0xA0, 0x03, 0x03, 0x00, 0x00, 0x0A
	.byte 0xBA, 0x11, 0xDD, 0xE1, 0x08, 0x00, 0xA0, 0xE1, 0x1A, 0xDF, 0xFF, 0xEB, 0x00, 0x10, 0xA0, 0xE3
	.byte 0x20, 0x20, 0x9D, 0xE5, 0x08, 0x00, 0xA0, 0xE1, 0xD3, 0xF5, 0xFF, 0xEB, 0x00, 0x00, 0x50, 0xE3
	.byte 0xB4, 0x00, 0x00, 0x0A, 0xBB, 0xFF, 0xFF, 0xEA, 0x63, 0xFF, 0xFF, 0xEA, 0x10, 0x00, 0x86, 0xE2
	.byte 0x00, 0x10, 0xA0, 0xE3, 0xD8, 0xFB, 0xFF, 0xEB, 0xAE, 0x00, 0x00, 0xEA, 0x10, 0x00, 0x86, 0xE2
	.byte 0xFA, 0xFA, 0xFF, 0xEB, 0xAB, 0x00, 0x00, 0xEA, 0x58, 0xFF, 0xFF, 0xEA, 0xA7, 0x00, 0x00, 0xEA
	.byte 0x01, 0x00, 0x58, 0xE3, 0x0A, 0x00, 0x59, 0x03, 0xA6, 0x00, 0x00, 0x1A, 0xC4, 0x02, 0x9F, 0xE5
	.byte 0xB2, 0x41, 0xD6, 0xE1, 0x00, 0x10, 0x90, 0xE5, 0x04, 0x00, 0xA0, 0xE1, 0x5F, 0x5F, 0x81, 0xE2
	.byte 0x6D, 0xDF, 0xFF, 0xEB, 0x40, 0x00, 0x50, 0xE3, 0x9E, 0x00, 0x00, 0x1A, 0x04, 0x00, 0xA0, 0xE1
	.byte 0xE9, 0xDE, 0xFF, 0xEB, 0xBC, 0x02, 0xD5, 0xE1, 0x00, 0x00, 0x50, 0xE3, 0x01, 0x00, 0x00, 0x0A
	.byte 0x01, 0x00, 0xA0, 0xE3, 0x16, 0xEF, 0xFF, 0xEB, 0xB0, 0x02, 0xD5, 0xE1, 0x00, 0x00, 0x50, 0xE3
	.byte 0x94, 0x00, 0x00, 0x0A, 0x00, 0x00, 0xA0, 0xE3, 0x11, 0xEF, 0xFF, 0xEB, 0x91, 0x00, 0x00, 0xEA
	.byte 0x00, 0x00, 0x58, 0xE3, 0x8F, 0x00, 0x00, 0x1A, 0x0C, 0x00, 0x59, 0xE3, 0x8D, 0x00, 0x00, 0x8A
	.byte 0x89, 0x00, 0x8F, 0xE0, 0xB4, 0x00, 0xD0, 0xE1, 0x00, 0xF0, 0x8F, 0xE0, 0x28, 0x02, 0x1C, 0x00
	.byte 0x28, 0x02, 0x18, 0x01, 0x28, 0x02, 0x14, 0x02, 0x28, 0x02, 0x28, 0x02, 0x18, 0x00, 0x28, 0x02
	.byte 0x18, 0x02, 0x1C, 0x02, 0x20, 0x02, 0x1E, 0x02, 0x67, 0xFF, 0xFF, 0xEA, 0x34, 0x02, 0x9F, 0xE5
	.byte 0x00, 0x00, 0x90, 0xE5, 0xD1, 0x5F, 0x80, 0xE2, 0xBC, 0x10, 0xD5, 0xE1, 0x04, 0x00, 0x80, 0xE2
	.byte 0x02, 0x00, 0x51, 0xE3, 0x01, 0x4B, 0x80, 0xE2, 0x01, 0x00, 0x00, 0x0A, 0x03, 0x00, 0x51, 0xE3
	.byte 0x78, 0x00, 0x00, 0x1A, 0xB0, 0x00, 0xD4, 0xE1, 0x51, 0x00, 0x50, 0xE3, 0x75, 0x00, 0x00, 0x1A
	.byte 0x18, 0x00, 0x94, 0xE5, 0x2E, 0x10, 0x86, 0xE2, 0x10, 0x00, 0x80, 0xE2, 0x7B, 0xD8, 0xFF, 0xEB
	.byte 0x00, 0x00, 0x50, 0xE3, 0x6F, 0x00, 0x00, 0x0A, 0x44, 0xDA, 0xFF, 0xEB, 0xBE, 0x03, 0xD6, 0xE1
	.byte 0x00, 0x00, 0x50, 0xE3, 0x10, 0x00, 0x00, 0x1A, 0xB0, 0x14, 0xD6, 0xE1, 0xDC, 0x01, 0x9F, 0xE5
	.byte 0x00, 0x00, 0x01, 0xE0, 0x00, 0x08, 0xA0, 0xE1, 0x20, 0x08, 0xA0, 0xE1, 0x55, 0xD7, 0xFF, 0xEB
	.byte 0xBA, 0x06, 0xD5, 0xE1, 0xD3, 0xF6, 0xFF, 0xEB, 0x82, 0x00, 0x85, 0xE2, 0x2E, 0x10, 0x86, 0xE2
	.byte 0x86, 0xD7, 0xFF, 0xEB, 0x2E, 0x00, 0x86, 0xE2, 0x74, 0xDD, 0xFF, 0xEB, 0xB8, 0x08, 0xC5, 0xE1
	.byte 0xB8, 0x08, 0xD5, 0xE1, 0x40, 0x10, 0xA0, 0xE3, 0x3F, 0xDE, 0xFF, 0xEB, 0xBE, 0x03, 0xD6, 0xE1
	.byte 0x00, 0x00, 0x50, 0xE3, 0x1C, 0x00, 0x94, 0xE5, 0x0C, 0x10, 0xA0, 0x13, 0xB4, 0x10, 0xC0, 0x11
	.byte 0xBE, 0x13, 0xD6, 0x11, 0x1C, 0x00, 0x94, 0x15, 0xB6, 0x10, 0xC0, 0x11, 0x04, 0x00, 0x00, 0x1A
	.byte 0xB4, 0xB0, 0xC0, 0xE1, 0x1C, 0x10, 0x94, 0xE5, 0x40, 0x00, 0xA0, 0xE3, 0xB6, 0xB0, 0xC1, 0xE1
	.byte 0x20, 0x0C, 0x20, 0xEB, 0xBA, 0x16, 0xD5, 0xE1, 0x1C, 0x00, 0x94, 0xE5, 0x53, 0x20, 0xA0, 0xE3
	.byte 0xB8, 0x10, 0xC0, 0xE1, 0x02, 0x00, 0xA0, 0xE3, 0x03, 0x10, 0xA0, 0xE3, 0xB0, 0x20, 0xC4, 0xE1
	.byte 0x14, 0x09, 0x20, 0xEB, 0x43, 0x00, 0x00, 0xEA, 0x38, 0x01, 0x9F, 0xE5, 0x00, 0x00, 0x90, 0xE5
	.byte 0xD1, 0x5F, 0x80, 0xE2, 0xBC, 0x10, 0xD5, 0xE1, 0x04, 0x00, 0x80, 0xE2, 0x02, 0x00, 0x51, 0xE3
	.byte 0x01, 0x4B, 0x80, 0xE2, 0x01, 0x00, 0x00, 0x0A, 0x03, 0x00, 0x51, 0xE3, 0x39, 0x00, 0x00, 0x1A
	.byte 0xB0, 0x00, 0xD4, 0xE1, 0x61, 0x00, 0x50, 0xE3, 0x36, 0x00, 0x00, 0x1A, 0x18, 0x00, 0x94, 0xE5
	.byte 0x2E, 0x10, 0x86, 0xE2, 0x10, 0x00, 0x80, 0xE2, 0x3C, 0xD8, 0xFF, 0xEB, 0x00, 0x00, 0x50, 0xE3
	.byte 0x30, 0x00, 0x00, 0x0A, 0x05, 0xDA, 0xFF, 0xEB, 0xBE, 0x03, 0xD6, 0xE1, 0x00, 0x00, 0x50, 0xE3
	.byte 0x12, 0x00, 0x00, 0x1A, 0xB0, 0x14, 0xD6, 0xE1, 0xE0, 0x00, 0x9F, 0xE5, 0x00, 0x00, 0x01, 0xE0
	.byte 0x00, 0x08, 0xA0, 0xE1, 0x20, 0x08, 0xA0, 0xE1, 0x16, 0xD7, 0xFF, 0xEB, 0xBA, 0x06, 0xD5, 0xE1
	.byte 0x94, 0xF6, 0xFF, 0xEB, 0x82, 0x00, 0x85, 0xE2, 0x2E, 0x10, 0x86, 0xE2, 0x47, 0xD7, 0xFF, 0xEB
	.byte 0x2E, 0x00, 0x86, 0xE2, 0x35, 0xDD, 0xFF, 0xEB, 0xB8, 0x08, 0xC5, 0xE1, 0xB8, 0x08, 0xD5, 0xE1
	.byte 0x40, 0x10, 0xA0, 0xE3, 0x00, 0xDE, 0xFF, 0xEB, 0x40, 0x00, 0xA0, 0xE3, 0xED, 0x0B, 0x20, 0xEB
	.byte 0xBE, 0x03, 0xD6, 0xE1, 0x00, 0x00, 0x50, 0xE3, 0x1C, 0x00, 0x94, 0xE5, 0x0C, 0x10, 0xA0, 0x13
	.byte 0xB4, 0x10, 0xC0, 0x11, 0xBE, 0x13, 0xD6, 0x11, 0x1C, 0x00, 0x94, 0x15, 0xB6, 0x10, 0xC0, 0x11
	.byte 0x04, 0x00, 0x00, 0x1A, 0xB4, 0xB0, 0xC0, 0xE1, 0x1C, 0x10, 0x94, 0xE5, 0x40, 0x00, 0xA0, 0xE3
	.byte 0xB6, 0xB0, 0xC1, 0xE1, 0xDF, 0x0B, 0x20, 0xEB, 0xBA, 0x16, 0xD5, 0xE1, 0x1C, 0x00, 0x94, 0xE5
	.byte 0x63, 0x20, 0xA0, 0xE3, 0xB8, 0x10, 0xC0, 0xE1, 0x02, 0x00, 0xA0, 0xE3, 0x04, 0x10, 0xA0, 0xE3
	.byte 0xBD, 0xFF, 0xFF, 0xEA, 0x50, 0xFF, 0xFF, 0xEA, 0x53, 0xFF, 0xFF, 0xEA, 0xAF, 0xFE, 0xFF, 0xEA
	.byte 0x10, 0x00, 0x86, 0xE2, 0x8C, 0xFD, 0xFF, 0xEB, 0x06, 0x10, 0xA0, 0xE1, 0x60, 0x00, 0x8A, 0xE2
	.byte 0xA7, 0x09, 0x20, 0xEB, 0xB8, 0x06, 0xDA, 0xE1, 0x00, 0x00, 0x50, 0xE3, 0x02, 0x00, 0x00, 0x0A
	.byte 0x01, 0x00, 0xA0, 0xE3, 0x07, 0x10, 0xA0, 0xE3, 0xC6, 0x08, 0x20, 0xEB, 0x30, 0xD0, 0x8D, 0xE2
	.byte 0xF8, 0x4F, 0xBD, 0xE8, 0x1E, 0xFF, 0x2F, 0xE1, 0xF4, 0xFF, 0x80, 0x03, 0xC2, 0xFF, 0x00, 0x00
	.byte 0xFF, 0x0F, 0x00, 0x00, 0xF0, 0x4F, 0x2D, 0xE9, 0x24, 0xD0, 0x4D, 0xE2, 0xF8, 0x74, 0x9F, 0xE5
	.byte 0x00, 0x10, 0x97, 0xE5, 0x5F, 0x0F, 0x81, 0xE2, 0x6C, 0x80, 0x90, 0xE5, 0x0C, 0x00, 0x8D, 0xE5
	.byte 0x00, 0x00, 0xE0, 0xE3, 0x10, 0x00, 0x8D, 0xE5, 0x00, 0x00, 0x58, 0xE1, 0x33, 0x01, 0x00, 0x0A
	.byte 0x03, 0x0C, 0x81, 0xE2, 0xBC, 0x04, 0xD0, 0xE1, 0x40, 0x00, 0x50, 0xE3, 0x24, 0x01, 0x00, 0x1A
	.byte 0xB0, 0x12, 0xD8, 0xE1, 0xC4, 0x04, 0x9F, 0xE5, 0x00, 0x00, 0x51, 0xE1, 0x20, 0x01, 0x00, 0x8A
	.byte 0xB4, 0x42, 0xD8, 0xE1, 0x14, 0x00, 0x8D, 0xE2, 0x01, 0x0C, 0x14, 0xE3, 0x05, 0x00, 0x00, 0x0A
	.byte 0x34, 0x10, 0x88, 0xE2, 0xFD, 0xD6, 0xFF, 0xEB, 0x02, 0x0C, 0x14, 0xE3, 0x18, 0x01, 0x00, 0x1A
	.byte 0x1A, 0x00, 0x8D, 0xE2, 0x06, 0x00, 0x00, 0xEA, 0x28, 0x10, 0x88, 0xE2, 0xF7, 0xD6, 0xFF, 0xEB
	.byte 0x02, 0x0C, 0x14, 0xE3, 0x1A, 0x00, 0x8D, 0xE2, 0x01, 0x00, 0x00, 0x0A, 0x34, 0x10, 0x88, 0xE2
	.byte 0x00, 0x00, 0x00, 0xEA, 0x2E, 0x10, 0x88, 0xE2, 0xF0, 0xD6, 0xFF, 0xEB, 0xBA, 0x03, 0xD8, 0xE1
	.byte 0x01, 0x0B, 0x14, 0xE3, 0xB0, 0x02, 0xCD, 0xE1, 0x84, 0x00, 0x00, 0x0A, 0xBA, 0x03, 0xD8, 0xE1
	.byte 0x00, 0x0E, 0xA0, 0xE1, 0x20, 0x0E, 0xB0, 0xE1, 0x80, 0x00, 0x00, 0x1A, 0x00, 0x00, 0x97, 0xE5
	.byte 0x00, 0xA0, 0xE0, 0xE3, 0xE8, 0x00, 0x80, 0xE2, 0x01, 0x5B, 0x80, 0xE2, 0x00, 0x40, 0xA0, 0xE3
	.byte 0x41, 0x00, 0x00, 0xEA, 0x18, 0x00, 0xA0, 0xE3, 0x94, 0x00, 0x06, 0xE0, 0xB6, 0x00, 0x95, 0xE1
	.byte 0x06, 0x90, 0x85, 0xE0, 0x00, 0x00, 0x50, 0xE3, 0x39, 0x00, 0x00, 0x0A, 0x14, 0x10, 0x8D, 0xE2
	.byte 0x04, 0x00, 0x89, 0xE2, 0xBD, 0xD7, 0xFF, 0xEB, 0x00, 0x00, 0x50, 0xE3, 0x35, 0x00, 0x00, 0x0A
	.byte 0x1A, 0x10, 0x8D, 0xE2, 0x0A, 0x00, 0x89, 0xE2, 0xB8, 0xD7, 0xFF, 0xEB, 0x00, 0x00, 0x50, 0xE3
	.byte 0x30, 0x00, 0x00, 0x0A, 0xB0, 0x02, 0xDD, 0xE1, 0xB0, 0x11, 0xD9, 0xE1, 0x00, 0x08, 0xA0, 0xE1
	.byte 0x20, 0x2A, 0xA0, 0xE1, 0x01, 0x08, 0xA0, 0xE1, 0x20, 0x0A, 0x52, 0xE1, 0x29, 0x00, 0x00, 0x1A
	.byte 0xB8, 0x01, 0xD8, 0xE1, 0x01, 0x1E, 0xA0, 0xE1, 0xF0, 0x20, 0x00, 0xE2, 0xC2, 0x01, 0xA0, 0xE1
	.byte 0x20, 0x0E, 0x82, 0xE0, 0x40, 0x42, 0xA0, 0xE1, 0x21, 0x0E, 0x54, 0xE0, 0xE0, 0x00, 0x00, 0x0A
	.byte 0x02, 0x01, 0x10, 0xE3, 0xDE, 0x00, 0x00, 0x1A, 0x09, 0x00, 0xA0, 0xE1, 0x14, 0x50, 0x90, 0xE5
	.byte 0xB0, 0x02, 0xD8, 0xE1, 0xB0, 0x32, 0xD5, 0xE1, 0x03, 0x00, 0x40, 0xE0, 0x18, 0x60, 0x50, 0xE2
	.byte 0xD7, 0x00, 0x00, 0x0A, 0x02, 0x01, 0x16, 0xE3, 0xD5, 0x00, 0x00, 0x1A, 0x3C, 0x00, 0x88, 0xE2
	.byte 0x3C, 0x10, 0x85, 0xE2, 0x06, 0x20, 0xA0, 0xE1, 0x03, 0x00, 0x80, 0xE0, 0x03, 0x10, 0x81, 0xE0
	.byte 0xD1, 0x23, 0x20, 0xEB, 0xB0, 0x12, 0xD5, 0xE1, 0x06, 0x08, 0xA0, 0xE1, 0x20, 0x08, 0x81, 0xE0
	.byte 0xB0, 0x02, 0xC5, 0xE1, 0xB0, 0x11, 0xD9, 0xE1, 0x04, 0x08, 0xA0, 0xE1, 0x20, 0x08, 0xA0, 0xE1
	.byte 0x0F, 0x10, 0xC1, 0xE3, 0x0F, 0x00, 0x00, 0xE2, 0x00, 0x00, 0x81, 0xE1, 0xB0, 0x01, 0xC9, 0xE1
	.byte 0x00, 0x10, 0x97, 0xE5, 0x64, 0x05, 0x91, 0xE5, 0x04, 0x00, 0x80, 0xE0, 0x64, 0x05, 0x81, 0xE5
	.byte 0xBF, 0x00, 0x00, 0xEA, 0x04, 0xA0, 0xA0, 0xE1, 0x01, 0x40, 0x84, 0xE2, 0x03, 0x00, 0x54, 0xE3
	.byte 0xBB, 0xFF, 0xFF, 0x3A, 0x10, 0x00, 0x9D, 0xE5, 0x00, 0x00, 0x5A, 0xE1, 0xB8, 0x00, 0x00, 0x0A
	.byte 0x00, 0x00, 0x97, 0xE5, 0x18, 0x13, 0x9F, 0xE5, 0x62, 0x0F, 0x80, 0xE2, 0xF6, 0x08, 0x20, 0xEB
	.byte 0x00, 0x40, 0xB0, 0xE1, 0x2A, 0x00, 0x00, 0x0A, 0x18, 0x00, 0xA0, 0xE3, 0x9A, 0x00, 0x06, 0xE0
	.byte 0x06, 0x90, 0x85, 0xE0, 0x14, 0x00, 0x8D, 0xE2, 0x04, 0x10, 0x89, 0xE2, 0x10, 0x20, 0xA0, 0xE3
	.byte 0xAD, 0x23, 0x20, 0xEB, 0x05, 0x00, 0xA0, 0xE3, 0xB6, 0x00, 0x85, 0xE1, 0x09, 0x00, 0xA0, 0xE1
	.byte 0x14, 0x40, 0x80, 0xE5, 0xB0, 0x22, 0xD8, 0xE1, 0x18, 0x00, 0x88, 0xE2, 0x18, 0x10, 0x84, 0xE2
	.byte 0x0C, 0x20, 0x82, 0xE2, 0xA4, 0x23, 0x20, 0xEB, 0x00, 0x00, 0x97, 0xE5, 0x0C, 0x03, 0x90, 0xE5
	.byte 0x5F, 0x23, 0x20, 0xEB, 0xB8, 0x11, 0xD4, 0xE1, 0xB0, 0x01, 0xD9, 0xE1, 0xF0, 0x10, 0x01, 0xE2
	.byte 0x0F, 0x30, 0xC0, 0xE3, 0xC1, 0x01, 0xA0, 0xE1, 0x20, 0x0E, 0x81, 0xE0, 0x40, 0x12, 0xA0, 0xE1
	.byte 0x01, 0x28, 0xA0, 0xE1, 0x22, 0x28, 0xA0, 0xE1, 0x0F, 0x20, 0x02, 0xE2, 0x02, 0x20, 0x83, 0xE1
	.byte 0xB0, 0x21, 0xC9, 0xE1, 0x00, 0x30, 0x97, 0xE5, 0x64, 0x25, 0x93, 0xE5, 0x40, 0x02, 0x82, 0xE0
	.byte 0x64, 0x05, 0x83, 0xE5, 0xB0, 0x02, 0xD8, 0xE1, 0x18, 0x00, 0x40, 0xE2, 0xB0, 0x02, 0xC4, 0xE1
	.byte 0xB0, 0x02, 0xD4, 0xE1, 0xF6, 0x14, 0x20, 0xEB, 0x09, 0x10, 0xA0, 0xE1, 0xB2, 0x00, 0xC1, 0xE1
	.byte 0x87, 0x00, 0x00, 0xEA, 0x04, 0x00, 0xA0, 0xE3, 0x3C, 0xDA, 0xFF, 0xEB, 0x84, 0x00, 0x00, 0xEA
	.byte 0x00, 0x60, 0x97, 0xE5, 0xB0, 0x12, 0xD8, 0xE1, 0xE8, 0x00, 0x86, 0xE2, 0x18, 0x10, 0x41, 0xE2
	.byte 0xB0, 0x12, 0xC8, 0xE1, 0x01, 0x4B, 0x80, 0xE2, 0x00, 0xA0, 0xA0, 0xE3, 0x27, 0x00, 0x00, 0xEA
	.byte 0x18, 0x00, 0xA0, 0xE3, 0x9A, 0x00, 0x00, 0xE0, 0x00, 0x00, 0x8D, 0xE5, 0x00, 0x50, 0x84, 0xE0
	.byte 0xB0, 0x00, 0x94, 0xE1, 0x00, 0x00, 0x50, 0xE3, 0x1F, 0x00, 0x00, 0x0A, 0x04, 0x00, 0x85, 0xE2
	.byte 0x14, 0x10, 0x8D, 0xE2, 0x39, 0xD7, 0xFF, 0xEB, 0x00, 0x00, 0x50, 0xE3, 0x1A, 0x00, 0x00, 0x0A
	.byte 0x0A, 0x00, 0x85, 0xE2, 0x1A, 0x10, 0x8D, 0xE2, 0x34, 0xD7, 0xFF, 0xEB, 0x00, 0x00, 0x50, 0xE3
	.byte 0x15, 0x00, 0x00, 0x0A, 0xB0, 0x01, 0xD5, 0xE1, 0xB0, 0x22, 0xDD, 0xE1, 0x00, 0x08, 0xA0, 0xE1
	.byte 0x02, 0x18, 0xA0, 0xE1, 0x21, 0x1A, 0xA0, 0xE1, 0x20, 0x0A, 0x51, 0xE1, 0x0E, 0x00, 0x00, 0x1A
	.byte 0x00, 0x00, 0x9D, 0xE5, 0x00, 0x10, 0x84, 0xE0, 0xB0, 0x01, 0xD1, 0xE1, 0x02, 0xB0, 0x40, 0xE0
	.byte 0x02, 0x01, 0x1B, 0xE3, 0x5E, 0x00, 0x00, 0x1A, 0xB2, 0x00, 0xD1, 0xE1, 0xB0, 0x12, 0xD8, 0xE1
	.byte 0x9B, 0x00, 0x00, 0xE0, 0x08, 0x00, 0x8D, 0xE5, 0x00, 0x90, 0x51, 0xE0, 0x58, 0x00, 0x00, 0x0A
	.byte 0x02, 0x01, 0x19, 0xE3, 0x03, 0x00, 0x00, 0x0A, 0x55, 0x00, 0x00, 0xEA, 0x01, 0xA0, 0x8A, 0xE2
	.byte 0x03, 0x00, 0x5A, 0xE3, 0xD5, 0xFF, 0xFF, 0x3A, 0x03, 0x00, 0x5A, 0xE3, 0x50, 0x00, 0x00, 0x0A
	.byte 0x18, 0x00, 0xA0, 0xE3, 0x9A, 0x00, 0x05, 0xE0, 0x05, 0x00, 0x84, 0xE0, 0x14, 0x00, 0x90, 0xE5
	.byte 0x70, 0x21, 0x9F, 0xE5, 0x10, 0xA0, 0x80, 0xE2, 0xB0, 0x11, 0xDA, 0xE1, 0x09, 0x00, 0x81, 0xE0
	.byte 0x04, 0x00, 0x8D, 0xE5, 0x02, 0x00, 0x50, 0xE1, 0x05, 0x00, 0x00, 0x9A, 0x62, 0x0F, 0x86, 0xE2
	.byte 0x10, 0x10, 0x4A, 0xE2, 0xAA, 0x08, 0x20, 0xEB, 0x00, 0x00, 0xA0, 0xE3, 0xB5, 0x00, 0x84, 0xE1
	.byte 0x3F, 0x00, 0x00, 0xEA, 0x08, 0x00, 0x9D, 0xE5, 0x3C, 0x20, 0x88, 0xE2, 0x00, 0x00, 0x82, 0xE0
	.byte 0x2C, 0x20, 0x8A, 0xE2, 0x01, 0x10, 0x82, 0xE0, 0x01, 0x20, 0x89, 0xE2, 0x3A, 0x23, 0x20, 0xEB
	.byte 0x04, 0x00, 0x9D, 0xE5, 0x05, 0x10, 0x84, 0xE0, 0xB0, 0x01, 0xCA, 0xE1, 0xB8, 0x21, 0xD8, 0xE1
	.byte 0xB0, 0x01, 0xD1, 0xE1, 0xF0, 0x30, 0x02, 0xE2, 0xC3, 0x21, 0xA0, 0xE1, 0x22, 0x2E, 0x83, 0xE0
	.byte 0x42, 0x32, 0x6B, 0xE0, 0x03, 0x38, 0xA0, 0xE1, 0x00, 0x4E, 0xA0, 0xE1, 0x23, 0x38, 0xA0, 0xE1
	.byte 0x24, 0x3E, 0x83, 0xE0, 0x03, 0x38, 0xA0, 0xE1, 0x23, 0x38, 0xA0, 0xE1, 0x0F, 0x40, 0xC0, 0xE3
	.byte 0x0F, 0x00, 0x03, 0xE2, 0x00, 0x00, 0x84, 0xE1, 0xB0, 0x01, 0xC1, 0xE1, 0x00, 0x30, 0x97, 0xE5
	.byte 0x64, 0x05, 0x93, 0xE5, 0x42, 0x02, 0x80, 0xE0, 0x64, 0x05, 0x83, 0xE5, 0xB8, 0x01, 0xD8, 0xE1
	.byte 0x01, 0x0C, 0x10, 0xE3, 0x1E, 0x00, 0x00, 0x1A, 0x00, 0x00, 0xA0, 0xE3, 0xB0, 0x00, 0xC1, 0xE1
	.byte 0xB8, 0x00, 0xDA, 0xE1, 0xF0, 0x00, 0xC0, 0xE3, 0x10, 0x00, 0x80, 0xE2, 0xB8, 0x00, 0xCA, 0xE1
	.byte 0xB0, 0x01, 0xDA, 0xE1, 0x18, 0x00, 0x80, 0xE2, 0xB0, 0x01, 0xCA, 0xE1, 0xB8, 0x00, 0xDA, 0xE1
	.byte 0x0F, 0x00, 0x10, 0xE2, 0x09, 0x00, 0x00, 0x0A, 0x08, 0x00, 0x50, 0xE3, 0x62, 0x0F, 0x86, 0xE2
	.byte 0x0D, 0x00, 0x00, 0x1A, 0x71, 0x1F, 0x86, 0xE2, 0x10, 0x20, 0x4A, 0xE2, 0x94, 0x08, 0x20, 0xEB
	.byte 0x02, 0x00, 0xA0, 0xE3, 0x06, 0x10, 0xA0, 0xE3, 0x96, 0x07, 0x20, 0xEB, 0x08, 0x00, 0x00, 0xEA
	.byte 0x62, 0x0F, 0x86, 0xE2, 0x77, 0x1F, 0x86, 0xE2, 0x10, 0x20, 0x4A, 0xE2, 0x8C, 0x08, 0x20, 0xEB
	.byte 0x01, 0x00, 0xA0, 0xE3, 0x07, 0x10, 0xA0, 0xE3, 0xF6, 0xFF, 0xFF, 0xEA, 0x10, 0x10, 0x4A, 0xE2
	.byte 0x67, 0x08, 0x20, 0xEB, 0x0C, 0x00, 0x9D, 0xE5, 0x08, 0x10, 0xA0, 0xE1, 0x6C, 0x00, 0x80, 0xE2
	.byte 0x63, 0x08, 0x20, 0xEB, 0x0C, 0x00, 0x9D, 0xE5, 0xB4, 0x07, 0xD0, 0xE1, 0x00, 0x00, 0x50, 0xE3
	.byte 0x02, 0x00, 0x00, 0x0A, 0x02, 0x00, 0xA0, 0xE3, 0x09, 0x10, 0xA0, 0xE3, 0x81, 0x07, 0x20, 0xEB
	.byte 0x24, 0xD0, 0x8D, 0xE2, 0xF0, 0x4F, 0xBD, 0xE8, 0x1E, 0xFF, 0x2F, 0xE1, 0xF4, 0xFF, 0x80, 0x03
	.byte 0xFC, 0x05, 0x00, 0x00, 0x22, 0x06, 0x00, 0x00, 0xE4, 0x05, 0x00, 0x00, 0xF8, 0x40, 0x2D, 0xE9
	.byte 0x5C, 0x40, 0x9F, 0xE5, 0x00, 0x60, 0xA0, 0xE3, 0x00, 0x00, 0x94, 0xE5, 0x18, 0x70, 0xA0, 0xE3
	.byte 0xE8, 0x00, 0x80, 0xE2, 0x01, 0x5B, 0x80, 0xE2, 0x96, 0x07, 0x01, 0xE0, 0xB1, 0x00, 0x95, 0xE1
	.byte 0x01, 0x10, 0x85, 0xE0, 0x00, 0x00, 0x50, 0xE3, 0x08, 0x00, 0x00, 0x0A, 0x01, 0x00, 0x40, 0xE2
	.byte 0xB0, 0x00, 0xC1, 0xE1, 0xB0, 0x00, 0xD1, 0xE1, 0x00, 0x00, 0x50, 0xE3, 0x03, 0x00, 0x00, 0x1A
	.byte 0x00, 0x00, 0x94, 0xE5, 0x14, 0x10, 0x91, 0xE5, 0x62, 0x0F, 0x80, 0xE2, 0x40, 0x08, 0x20, 0xEB
	.byte 0x01, 0x60, 0x86, 0xE2, 0x03, 0x00, 0x56, 0xE3, 0xEE, 0xFF, 0xFF, 0x3A, 0xF8, 0x40, 0xBD, 0xE8
	.byte 0x1E, 0xFF, 0x2F, 0xE1, 0xF4, 0xFF, 0x80, 0x03, 0xF8, 0x4F, 0x2D, 0xE9, 0x34, 0x31, 0x9F, 0xE5
	.byte 0x02, 0x90, 0xA0, 0xE1, 0x00, 0x20, 0x93, 0xE5, 0x00, 0xB0, 0xA0, 0xE1, 0x01, 0x00, 0x89, 0xE2
	.byte 0x01, 0xA0, 0xA0, 0xE1, 0x8F, 0x4F, 0x82, 0xE2, 0xB8, 0xD8, 0xFF, 0xEB, 0x20, 0x00, 0x50, 0xE3
	.byte 0x42, 0x00, 0x00, 0x8A, 0x04, 0x60, 0xA0, 0xE3, 0x06, 0x70, 0xA0, 0xE1, 0x01, 0x8B, 0xA0, 0xE3
	.byte 0x00, 0x50, 0xA0, 0xE3, 0x0F, 0x00, 0x00, 0xEA, 0xB0, 0x00, 0xD4, 0xE1, 0x00, 0x00, 0x50, 0xE3
	.byte 0x09, 0x00, 0x00, 0x0A, 0x06, 0x00, 0x84, 0xE2, 0x24, 0x10, 0x8A, 0xE2, 0x83, 0xD6, 0xFF, 0xEB
	.byte 0x00, 0x00, 0x50, 0xE3, 0x0F, 0x00, 0x00, 0x1A, 0xB0, 0x03, 0xD4, 0xE1, 0x08, 0x00, 0x50, 0xE1
	.byte 0x00, 0x80, 0xA0, 0x31, 0x05, 0x70, 0xA0, 0x31, 0x00, 0x00, 0x00, 0xEA, 0x05, 0x60, 0xA0, 0xE1
	.byte 0x01, 0x50, 0x85, 0xE2, 0x32, 0x40, 0x84, 0xE2, 0x04, 0x00, 0x55, 0xE3, 0xED, 0xFF, 0xFF, 0x3A
	.byte 0x04, 0x00, 0x56, 0xE3, 0x06, 0x50, 0xA0, 0x11, 0x02, 0x00, 0x00, 0x1A, 0x04, 0x00, 0x57, 0xE3
	.byte 0x26, 0x00, 0x00, 0x0A, 0x07, 0x50, 0xA0, 0xE1, 0x98, 0x00, 0x9F, 0xE5, 0x32, 0x20, 0xA0, 0xE3
	.byte 0x95, 0x02, 0x04, 0xE0, 0x00, 0x00, 0x90, 0xE5, 0x00, 0x60, 0xA0, 0xE3, 0x8F, 0x5F, 0x80, 0xE2
	.byte 0x04, 0x70, 0x85, 0xE0, 0x06, 0x00, 0xA0, 0xE1, 0x07, 0x10, 0xA0, 0xE1, 0x9C, 0x22, 0x20, 0xEB
	.byte 0x01, 0x0B, 0xA0, 0xE3, 0xB0, 0x03, 0xC7, 0xE1, 0xB2, 0x11, 0xDA, 0xE1, 0x06, 0x00, 0x87, 0xE2
	.byte 0xFF, 0x10, 0x01, 0xE2, 0xB4, 0x10, 0x85, 0xE1, 0xB2, 0xB0, 0xC7, 0xE1, 0x24, 0x10, 0x8A, 0xE2
	.byte 0x7A, 0xD5, 0xFF, 0xEB, 0x01, 0x00, 0x89, 0xE2, 0x84, 0xD8, 0xFF, 0xEB, 0xBC, 0x00, 0xC7, 0xE1
	.byte 0x02, 0x50, 0x89, 0xE2, 0x0E, 0x40, 0x87, 0xE2, 0x05, 0x00, 0x00, 0xEA, 0x06, 0x00, 0x85, 0xE0
	.byte 0x7E, 0xD8, 0xFF, 0xEB, 0x00, 0x10, 0xA0, 0xE1, 0x06, 0x00, 0x84, 0xE0, 0x70, 0xD8, 0xFF, 0xEB
	.byte 0x01, 0x60, 0x86, 0xE2, 0xBC, 0x00, 0xD7, 0xE1, 0x00, 0x00, 0x56, 0xE1, 0xF6, 0xFF, 0xFF, 0x3A
	.byte 0xB4, 0x03, 0xDA, 0xE1, 0xBE, 0x02, 0xC7, 0xE1, 0xB6, 0x03, 0xDA, 0xE1, 0xB4, 0x00, 0xC7, 0xE1
	.byte 0xF8, 0x4F, 0xBD, 0xE8, 0x1E, 0xFF, 0x2F, 0xE1, 0xF4, 0xFF, 0x80, 0x03, 0x14, 0x10, 0x9F, 0xE5
	.byte 0x14, 0xC0, 0x9F, 0xE5, 0x00, 0x10, 0x91, 0xE5, 0x00, 0x00, 0xA0, 0xE3, 0xC8, 0x20, 0xA0, 0xE3
	.byte 0x8F, 0x1F, 0x81, 0xE2, 0x1C, 0xFF, 0x2F, 0xE1, 0xF4, 0xFF, 0x80, 0x03, 0x24, 0xF5, 0x7F, 0x03
	.byte 0x3C, 0x00, 0x9F, 0xE5, 0x00, 0x30, 0xA0, 0xE3, 0x00, 0x00, 0x90, 0xE5, 0x8F, 0x2F, 0x80, 0xE2
	.byte 0x03, 0x00, 0xA0, 0xE1, 0xB0, 0x13, 0xD2, 0xE1, 0x00, 0x00, 0x51, 0xE3, 0x04, 0x00, 0x00, 0x0A
	.byte 0x01, 0x10, 0x41, 0xE2, 0xB0, 0x13, 0xC2, 0xE1, 0xB0, 0x13, 0xD2, 0xE1, 0x00, 0x00, 0x51, 0xE3
	.byte 0xB0, 0x00, 0xC2, 0x01, 0x01, 0x30, 0x83, 0xE2, 0x04, 0x00, 0x53, 0xE3, 0xF4, 0xFF, 0xFF, 0x3A
	.byte 0x1E, 0xFF, 0x2F, 0xE1, 0xF4, 0xFF, 0x80, 0x03

	arm_func_start FUN_02FF6B98
FUN_02FF6B98: ; 0x02FF6B98
	stmdb sp!, {r3, r4, r5, r6, r7, lr}
	ldr r1, _02FF6C34 ; =0x0380FFF4
	mov r4, r0
	ldr r0, [r1]
	ldr r1, [r0, #0x318]
	ldrh r6, [r1, #2]
	cmp r6, #0xa4
	blo _02FF6BC4
	ldr r0, _02FF6C38 ; =0x000001D6
	cmp r6, r0
	bls _02FF6BCC
_02FF6BC4:
	mov r0, #2
	b _02FF6C2C
_02FF6BCC:
	add r7, r1, #2
	mov r5, #0
	b _02FF6BFC
_02FF6BD8:
	mov r0, r7
	bl FUN_02FECCF0
	mov r1, r5, lsl #0x10
	and r0, r0, #0xff
	mov r1, r1, lsr #0x10
	add r7, r7, #1
	bl FUN_02FECD90
	mov r5, r0
	sub r6, r6, #1
_02FF6BFC:
	cmp r6, #0
	bne _02FF6BD8
	ldr r0, _02FF6C34 ; =0x0380FFF4
	cmp r4, #0
	ldr r0, [r0]
	ldr r0, [r0, #0x318]
	ldrh r1, [r0]
	orrne r0, r1, r5, lsl #16
	strne r0, [r4]
	mov r0, #1
	cmp r5, r1
	moveq r0, #0
_02FF6C2C:
	ldmia sp!, {r3, r4, r5, r6, r7, lr}
	bx lr
	.balign 4, 0
_02FF6C34: .word 0x0380FFF4
_02FF6C38: .word 0x000001D6
	arm_func_end FUN_02FF6B98

	arm_func_start FUN_02FF6C3C
FUN_02FF6C3C: ; 0x02FF6C3C
	stmdb sp!, {r2, r3, r4, lr}
	add r4, sp, #0
_02FF6C44:
	mov r0, r4
	bl FUN_02FE19F0
	ldr r0, [sp]
	tst r0, #0x20
	beq _02FF6C60
	bl FUN_02FE20B4
	b _02FF6C44
_02FF6C60:
	ldr r0, [sp]
	tst r0, #1
	bne _02FF6C44
	ldmia sp!, {r2, r3, r4, lr}
	bx lr
	arm_func_end FUN_02FF6C3C

	arm_func_start FUN_02FF6C74
FUN_02FF6C74: ; 0x02FF6C74
	stmdb sp!, {r4, r5, r6, lr}
	ldr r3, _02FF6CD0 ; =0x0380FFF4
	mov r6, r1
	ldr r1, [r3]
	mov r5, r2
	ldr r1, [r1, #0x318]
	cmp r1, #0
	beq _02FF6CC8
	add r0, r1, r0
	sub r4, r0, #0x2a
	b _02FF6CC0
_02FF6CA0:
	mov r0, r4
	bl FUN_02FECCF0
	mov r1, r0
	mov r0, r5
	add r4, r4, #1
	bl FUN_02FECCC4
	add r5, r5, #1
	sub r6, r6, #1
_02FF6CC0:
	cmp r6, #0
	bne _02FF6CA0
_02FF6CC8:
	ldmia sp!, {r4, r5, r6, lr}
	bx lr
	.balign 4, 0
_02FF6CD0: .word 0x0380FFF4
	arm_func_end FUN_02FF6C74
_02FF6CD4:
	.byte 0xF8, 0x40, 0x2D, 0xE9, 0x3C, 0x40, 0x9F, 0xE5, 0x00, 0x70, 0xA0, 0xE1
	.byte 0x00, 0x00, 0x94, 0xE5, 0x01, 0x60, 0xA0, 0xE1, 0x14, 0x03, 0x90, 0xE5, 0x02, 0x50, 0xA0, 0xE1
	.byte 0xCB, 0x33, 0x20, 0xEB, 0xD0, 0xFF, 0xFF, 0xEB, 0x07, 0x00, 0xA0, 0xE1, 0x06, 0x10, 0xA0, 0xE1
	.byte 0x05, 0x20, 0xA0, 0xE1, 0x53, 0xAB, 0xFF, 0xEB, 0x00, 0x00, 0x94, 0xE5, 0x14, 0x03, 0x90, 0xE5
	.byte 0xDC, 0x33, 0x20, 0xEB, 0xF8, 0x40, 0xBD, 0xE8, 0x1E, 0xFF, 0x2F, 0xE1, 0xF4, 0xFF, 0x80, 0x03

	arm_func_start FUN_02FF6D20
FUN_02FF6D20: ; 0x02FF6D20
	stmdb sp!, {r2, r3, r4, r5, r6, lr}
	ldr r5, _02FF6DF4 ; =0x0380FFF4
	ldr r0, [r5]
	ldr r0, [r0, #0x314]
	bl FUN_03803C24
	bl FUN_02FF6C3C
	mov r4, #0
	mov r6, #2
	str r4, [sp]
	add r2, sp, #0
	mov r1, r6
	mov r0, #0x2c
	bl FUN_02FE1A58
	ldr r0, [r5]
	ldr r0, [r0, #0x314]
	bl FUN_03803C88
	ldr r1, [sp]
	cmp r1, #0xa4
	blo _02FF6D78
	add r0, r6, #0x1d4
	cmp r1, r0
	bls _02FF6D80
_02FF6D78:
	mov r0, #0
	b _02FF6DEC
_02FF6D80:
	add r1, r1, #2
	str r1, [sp]
	ldr r0, [r5]
	add r0, r0, #0x188
	bl FUN_037F8A3C
	ldr r1, [r5]
	str r0, [r1, #0x318]
	ldr r1, [r5]
	ldr r0, [r1, #0x318]
	cmp r0, #0
	moveq r0, r4
	beq _02FF6DEC
	add r0, r0, #0xc
	str r0, [r1, #0x318]
	ldr r0, [r5]
	ldr r0, [r0, #0x314]
	bl FUN_03803C24
	bl FUN_02FF6C3C
	ldr r0, [r5]
	ldr r1, [sp]
	ldr r2, [r0, #0x318]
	mov r0, #0x2a
	bl FUN_02FE1A58
	ldr r0, [r5]
	ldr r0, [r0, #0x314]
	bl FUN_03803C88
	mov r0, #1
_02FF6DEC:
	ldmia sp!, {r2, r3, r4, r5, r6, lr}
	bx lr
	.balign 4, 0
_02FF6DF4: .word 0x0380FFF4
	arm_func_end FUN_02FF6D20
_02FF6DF8:
	.byte 0xE0, 0x4B, 0xFE, 0x02, 0xC0, 0x4C, 0xFE, 0x02
	.byte 0x48, 0x50, 0xFE, 0x02, 0xBC, 0x9D, 0xFE, 0x02, 0xD0, 0x9F, 0xFE, 0x02, 0x40, 0xA0, 0xFE, 0x02
	.byte 0xE0, 0xA2, 0xFE, 0x02, 0x08, 0x51, 0xFE, 0x02, 0xB0, 0x51, 0xFE, 0x02, 0x40, 0x54, 0xFE, 0x02
	.byte 0x2C, 0x56, 0xFE, 0x02, 0x74, 0x5E, 0xFE, 0x02, 0x6C, 0x5F, 0xFE, 0x02, 0xC8, 0x64, 0xFE, 0x02
	.byte 0xF0, 0x6B, 0xFE, 0x02, 0x74, 0x6F, 0xFE, 0x02, 0xB4, 0x70, 0xFE, 0x02, 0x04, 0x72, 0xFE, 0x02
	.byte 0x8C, 0x72, 0xFE, 0x02, 0x88, 0x73, 0xFE, 0x02, 0x30, 0x74, 0xFE, 0x02, 0x08, 0x40, 0xFE, 0x02
	.byte 0x08, 0x40, 0xFE, 0x02, 0x08, 0x40, 0xFE, 0x02, 0xB8, 0x75, 0xFE, 0x02, 0xB0, 0x76, 0xFE, 0x02
	.byte 0x20, 0x77, 0xFE, 0x02, 0x44, 0x77, 0xFE, 0x02, 0xE0, 0x80, 0xFE, 0x02, 0x68, 0x77, 0xFE, 0x02
	.byte 0x8C, 0x78, 0xFE, 0x02, 0x58, 0x7A, 0xFE, 0x02, 0xBC, 0x7A, 0xFE, 0x02, 0x80, 0x9C, 0xFE, 0x02
	.byte 0x10, 0x9D, 0xFE, 0x02, 0x8C, 0xA3, 0xFE, 0x02, 0x04, 0xA7, 0xFE, 0x02, 0x78, 0xA7, 0xFE, 0x02
	.byte 0x50, 0x59, 0xFE, 0x02, 0xCC, 0x74, 0xFE, 0x02, 0x8C, 0xA7, 0xFE, 0x02, 0xE8, 0xA8, 0xFE, 0x02
	.byte 0x0C, 0xA9, 0xFE, 0x02, 0x60, 0x82, 0xFE, 0x02, 0x94, 0x82, 0xFE, 0x02, 0xBC, 0x82, 0xFE, 0x02
	.byte 0x5C, 0xF1, 0xFE, 0x02, 0x94, 0xF3, 0xFE, 0x02, 0x70, 0xF4, 0xFE, 0x02, 0x98, 0xF5, 0xFE, 0x02
	.byte 0x98, 0xF6, 0xFE, 0x02, 0x90, 0xF7, 0xFE, 0x02, 0xF8, 0x3F, 0xFF, 0x02, 0x1C, 0x5E, 0xFF, 0x02
	.byte 0x9C, 0xA8, 0x7F, 0x03, 0x64, 0x64, 0xFF, 0x02, 0xDC, 0xE1, 0xFE, 0x02, 0x54, 0x8C, 0x7F, 0x03
	.byte 0x98, 0x88, 0x7F, 0x03, 0x14, 0xFA, 0xFE, 0x02, 0xE8, 0xA8, 0x7F, 0x03, 0xAC, 0xAA, 0x7F, 0x03
	.byte 0xB8, 0xAD, 0x7F, 0x03, 0x7C, 0x69, 0xFF, 0x02, 0x50, 0x6B, 0xFF, 0x02, 0xE0, 0xE5, 0xFE, 0x02
	.byte 0x80, 0xAE, 0x7F, 0x03, 0x58, 0xD0, 0xFE, 0x02, 0xD4, 0xD0, 0xFE, 0x02, 0x70, 0xD1, 0xFE, 0x02
	.byte 0x03, 0x00, 0x03, 0x00, 0x00, 0x00, 0x00, 0x00, 0x00, 0x00, 0x00, 0x00, 0x00, 0x00, 0x00, 0x00
	.byte 0x00, 0x00, 0x00, 0x00, 0x00, 0x00, 0x00, 0x00, 0x00, 0x00, 0x00, 0x00, 0x00, 0x00, 0x00, 0x00
	.byte 0x00, 0x00, 0x00, 0x00, 0x00, 0x00, 0x01, 0xCC, 0x01, 0xD8, 0x00, 0x14, 0x01, 0xF0, 0x00, 0x3C
	.byte 0x00, 0x28, 0x01, 0xE4, 0x01, 0xA0, 0x00, 0x6C, 0x00, 0x78, 0x01, 0xB4, 0x00, 0x50, 0x01, 0x9C
	.byte 0x01, 0x88, 0x00, 0x44, 0x46, 0x01, 0x48, 0x01, 0x4A, 0x01, 0x4C, 0x01, 0x20, 0x01, 0x22, 0x01
	.byte 0x54, 0x01, 0x44, 0x01, 0x32, 0x01, 0x32, 0x01, 0x40, 0x01, 0x42, 0x01, 0x38, 0x00, 0x24, 0x01
	.byte 0x28, 0x01, 0x50, 0x01, 0xFF, 0xFF, 0xFF, 0xFF, 0xFF, 0xFF, 0x00, 0x00, 0x03, 0x09, 0xBF, 0x00
	.byte 0x00, 0x10, 0x00, 0x00, 0x00, 0x00, 0x00, 0x00, 0x00, 0x00, 0x00, 0x00, 0x03, 0x09, 0xBF, 0x00
	.byte 0x00, 0x00, 0x00, 0x00, 0x02, 0x00, 0x04, 0x00, 0x0B, 0x00, 0x0C, 0x00, 0x12, 0x00, 0x16, 0x00
	.byte 0x18, 0x00, 0x24, 0x00, 0x30, 0x00, 0x48, 0x00, 0x60, 0x00, 0x6C, 0x00, 0x00, 0x00, 0x00, 0x00
	.byte 0x00, 0x00, 0x00, 0x00, 0x00, 0x00, 0x00, 0x00, 0x00, 0x00, 0x00, 0x00, 0x00, 0x00, 0x00, 0x00
	.byte 0x00, 0x00, 0x00, 0x00, 0x00, 0x00, 0x00, 0x00, 0x00, 0x00, 0x00, 0x00, 0x00, 0x00, 0x00, 0x00
	.byte 0x00, 0x00, 0x00, 0x00, 0x00, 0x00, 0x00, 0x00, 0x00, 0x00, 0x00, 0x00, 0x00, 0x00, 0x00, 0x00
	.byte 0x00, 0x00, 0x00, 0x00, 0x00, 0x00, 0x00, 0x00, 0x00, 0x00, 0x00, 0x00, 0x00, 0x00, 0x00, 0x00
	.byte 0x00, 0x00, 0x00, 0x00, 0x00, 0x00, 0x00, 0x00, 0x00, 0x00, 0x00, 0x00, 0x00, 0x00, 0x00, 0x00
	.byte 0x00, 0x00, 0x00, 0x00, 0x04, 0x00, 0x00, 0x00, 0x08, 0x00, 0x00, 0x00, 0x0A, 0x00, 0x00, 0x00
	.byte 0x12, 0x00, 0x00, 0x00, 0x10, 0x00, 0xFF, 0xFF, 0x54, 0x02, 0x00, 0x00, 0xB4, 0x00, 0xFF, 0xFF
	.byte 0x80, 0x00, 0x00, 0x00, 0x8E, 0x00, 0x01, 0x00, 0x88, 0x00, 0x00, 0x00, 0x2A, 0x00, 0x00, 0x00
	.byte 0x28, 0x00, 0x00, 0x00, 0xE8, 0x00, 0x00, 0x00, 0xEA, 0x00, 0x00, 0x00, 0xEE, 0x00, 0x01, 0x00
	.byte 0xEC, 0x00, 0x03, 0x3F, 0xA2, 0x01, 0x01, 0x00, 0xA0, 0x01, 0x00, 0x00, 0x10, 0x01, 0x00, 0x08
	.byte 0xBC, 0x00, 0x01, 0x00, 0xD4, 0x00, 0x03, 0x00, 0xD8, 0x00, 0x04, 0x00, 0xDA, 0x00, 0x02, 0x06
	.byte 0x76, 0x00, 0x00, 0x00, 0x30, 0x01, 0x46, 0x01, 0xFF, 0x00, 0x00, 0x00, 0xFF, 0x00, 0x01, 0x00
	.byte 0xFF, 0x00, 0xFF, 0x00, 0xFF, 0x00, 0xFF, 0x00, 0xFF, 0x00, 0xFF, 0x00, 0x02, 0x00, 0x03, 0x00
	.byte 0xFF, 0x00, 0xFF, 0x00, 0xFF, 0x00, 0xFF, 0x00, 0xFF, 0x00, 0x04, 0x00, 0xFF, 0x00, 0xFF, 0x00
	.byte 0xFF, 0x00, 0x05, 0x00, 0xFF, 0x00, 0x06, 0x00, 0xFF, 0x00, 0xFF, 0x00, 0xFF, 0x00, 0xFF, 0x00
	.byte 0xFF, 0x00, 0xFF, 0x00, 0xFF, 0x00, 0xFF, 0x00, 0xFF, 0x00, 0xFF, 0x00, 0xFF, 0x00, 0x07, 0x00
	.byte 0xFF, 0x00, 0xFF, 0x00, 0xFF, 0x00, 0xFF, 0x00, 0xFF, 0x00, 0xFF, 0x00, 0xFF, 0x00, 0xFF, 0x00
	.byte 0xFF, 0x00, 0xFF, 0x00, 0xFF, 0x00, 0x08, 0x00, 0xFF, 0x00, 0xFF, 0x00, 0xFF, 0x00, 0xFF, 0x00
	.byte 0xFF, 0x00, 0xFF, 0x00, 0xFF, 0x00, 0xFF, 0x00, 0xFF, 0x00, 0xFF, 0x00, 0xFF, 0x00, 0xFF, 0x00
	.byte 0xFF, 0x00, 0xFF, 0x00, 0xFF, 0x00, 0xFF, 0x00, 0xFF, 0x00, 0xFF, 0x00, 0xFF, 0x00, 0xFF, 0x00
	.byte 0xFF, 0x00, 0xFF, 0x00, 0xFF, 0x00, 0x09, 0x00, 0xFF, 0x00, 0xFF, 0x00, 0xFF, 0x00, 0xFF, 0x00
	.byte 0xFF, 0x00, 0xFF, 0x00, 0xFF, 0x00, 0xFF, 0x00, 0xFF, 0x00, 0xFF, 0x00, 0xFF, 0x00, 0xFF, 0x00
	.byte 0xFF, 0x00, 0xFF, 0x00, 0xFF, 0x00, 0xFF, 0x00, 0xFF, 0x00, 0xFF, 0x00, 0xFF, 0x00, 0xFF, 0x00
	.byte 0xFF, 0x00, 0xFF, 0x00, 0xFF, 0x00, 0x0A, 0x00, 0xFF, 0x00, 0xFF, 0x00, 0xFF, 0x00, 0xFF, 0x00
	.byte 0xFF, 0x00, 0xFF, 0x00, 0xFF, 0x00, 0xFF, 0x00, 0xFF, 0x00, 0xFF, 0x00, 0xFF, 0x00, 0x0B, 0x00
	.byte 0xFF, 0x00, 0xFF, 0x00, 0xFF, 0x00, 0xFF, 0x00, 0xFF, 0x00, 0xFF, 0x00, 0xFF, 0x00, 0xFF, 0x00
	.byte 0xFF, 0x00, 0xFF, 0x00, 0xFF, 0x00, 0xFF, 0x00, 0xFF, 0xFF, 0x5A, 0x5A, 0xA5, 0xA5, 0x02, 0x00
	.byte 0x04, 0x00, 0x05, 0x00, 0x06, 0x00, 0x07, 0x00, 0x1C, 0x00, 0x1D, 0x00, 0x1E, 0x00, 0x1F, 0x00
	.byte 0x20, 0x00, 0x21, 0x00, 0x26, 0x00, 0x29, 0x00, 0x2C, 0x00, 0x2D, 0x00, 0x2E, 0x00, 0x2F, 0x00
	.byte 0x30, 0x00, 0x33, 0x00, 0x34, 0x00, 0x35, 0x00, 0x36, 0x00, 0x37, 0x00, 0x65, 0x00, 0x00, 0x00
	.byte 0x00, 0x00, 0x09, 0x00, 0x0A, 0x00, 0x0B, 0x00, 0x0C, 0x00, 0x0D, 0x00, 0x0E, 0x00, 0x0F, 0x00
	.byte 0x10, 0x00, 0x11, 0x00, 0x12, 0x00, 0x14, 0x00, 0x15, 0x00, 0x16, 0x00, 0x17, 0x00, 0x18, 0x00
	.byte 0x19, 0x00, 0x1A, 0x00, 0x27, 0x00, 0x4D, 0x00, 0x5D, 0x00, 0x5E, 0x00, 0x5F, 0x00, 0x60, 0x00
	.byte 0x61, 0x00, 0x64, 0x00, 0x66, 0x00, 0x00, 0x00, 0x06, 0x00, 0x3F, 0x00, 0x18, 0x00, 0xFF, 0xFF
	.byte 0x1A, 0x00, 0xFF, 0xFF, 0x1C, 0x00, 0xFF, 0xFF, 0x20, 0x00, 0xFF, 0xFF, 0x22, 0x00, 0xFF, 0xFF
	.byte 0x24, 0x00, 0xFF, 0xFF, 0x2A, 0x00, 0xFF, 0x07, 0x50, 0x00, 0xFF, 0xFF, 0x52, 0x00, 0xFF, 0xFF
	.byte 0x56, 0x00, 0xFE, 0x0F, 0x58, 0x00, 0xFE, 0x1F, 0x5A, 0x00, 0xFE, 0x0F, 0x5C, 0x00, 0xFF, 0x0F
	.byte 0x62, 0x00, 0xFE, 0x1F, 0x64, 0x00, 0xFF, 0x0F, 0x68, 0x00, 0xFE, 0x1F, 0x6C, 0x00, 0xFF, 0x0F
	.byte 0x74, 0x00, 0xFE, 0x1F, 0x22, 0x01, 0xFF, 0xFF, 0x24, 0x01, 0xFF, 0xFF, 0x28, 0x01, 0xFF, 0xFF
	.byte 0x30, 0x01, 0xFF, 0x0F, 0x32, 0x01, 0xFF, 0x8F, 0x34, 0x01, 0xFF, 0xFF, 0x40, 0x01, 0xFF, 0xFF
	.byte 0x42, 0x01, 0xFF, 0xFF, 0x18, 0x00, 0x02, 0x00, 0x50, 0x15, 0xFF, 0x02, 0x04, 0x00, 0x01, 0x00
	.byte 0xE8, 0x16, 0xFF, 0x02, 0x0A, 0x00, 0x01, 0x00, 0x8C, 0x18, 0xFF, 0x02, 0x0C, 0x00, 0x01, 0x00
	.byte 0x40, 0x1D, 0xFF, 0x02, 0x01, 0x00, 0x01, 0x00, 0xA0, 0x1D, 0xFF, 0x02, 0x00, 0x00, 0x04, 0x00
	.byte 0x94, 0x0C, 0xFF, 0x02, 0x00, 0x00, 0x12, 0x00, 0xC4, 0x0C, 0xFF, 0x02, 0x00, 0x00, 0x02, 0x00
	.byte 0x10, 0x0D, 0xFF, 0x02, 0x00, 0x00, 0x02, 0x00, 0x38, 0x0D, 0xFF, 0x02, 0x00, 0x00, 0x02, 0x00
	.byte 0x60, 0x0D, 0xFF, 0x02, 0x00, 0x00, 0x01, 0x00, 0x88, 0x0D, 0xFF, 0x02, 0x03, 0x00, 0x01, 0x00
	.byte 0xE0, 0x05, 0xFF, 0x02, 0x11, 0x00, 0x01, 0x00, 0xF8, 0x05, 0xFF, 0x02, 0x01, 0x00, 0x01, 0x00
	.byte 0x18, 0x06, 0xFF, 0x02, 0x01, 0x00, 0x01, 0x00, 0x54, 0x06, 0xFF, 0x02, 0x01, 0x00, 0x01, 0x00
	.byte 0x90, 0x06, 0xFF, 0x02, 0x00, 0x00, 0x01, 0x00, 0xD0, 0x06, 0xFF, 0x02, 0x01, 0x00, 0x01, 0x00
	.byte 0x5C, 0xE6, 0xFE, 0x02, 0x03, 0x00, 0x01, 0x00, 0x9C, 0xE6, 0xFE, 0x02, 0x1F, 0x00, 0x23, 0x00
	.byte 0x44, 0xE7, 0xFE, 0x02, 0x22, 0x00, 0x05, 0x00, 0x84, 0xE8, 0xFE, 0x02, 0x05, 0x00, 0x06, 0x00
	.byte 0x3C, 0xEA, 0xFE, 0x02, 0x04, 0x00, 0x04, 0x00, 0x0C, 0xEB, 0xFE, 0x02, 0x05, 0x00, 0x03, 0x00
	.byte 0x3C, 0xEC, 0xFE, 0x02, 0x05, 0x00, 0x03, 0x00, 0x14, 0xED, 0xFE, 0x02, 0x04, 0x00, 0x01, 0x00
	.byte 0xD4, 0xED, 0xFE, 0x02, 0x17, 0x00, 0x01, 0x00, 0xDC, 0xEE, 0xFE, 0x02, 0x0C, 0x00, 0x12, 0x00
	.byte 0x78, 0xF0, 0xFE, 0x02, 0x00, 0x00, 0x01, 0x00, 0xD8, 0xE5, 0xFE, 0x02, 0x00, 0x00, 0x01, 0x00
	.byte 0x60, 0x0E, 0xFF, 0x02, 0x00, 0x00, 0x01, 0x00, 0xA4, 0x0E, 0xFF, 0x02, 0x00, 0x00, 0x01, 0x00
	.byte 0x04, 0x0F, 0xFF, 0x02, 0x00, 0x00, 0x01, 0x00, 0x58, 0x0F, 0xFF, 0x02, 0x00, 0x00, 0x01, 0x00
	.byte 0x94, 0x0F, 0xFF, 0x02, 0x00, 0x00, 0x09, 0x00, 0xCC, 0x0F, 0xFF, 0x02, 0x00, 0x00, 0x5C, 0x00
	.byte 0x70, 0x10, 0xFF, 0x02, 0x00, 0x00, 0x02, 0x00, 0xC4, 0x10, 0xFF, 0x02, 0x04, 0x00, 0x01, 0x00
	.byte 0xEC, 0x10, 0xFF, 0x02, 0x02, 0x00, 0x01, 0x00, 0xA4, 0x14, 0xFF, 0x02, 0x00, 0x00, 0x21, 0x00
	.byte 0x34, 0x07, 0xFF, 0x02, 0x00, 0x00, 0x04, 0x00, 0x64, 0x08, 0xFF, 0x02, 0x00, 0x00, 0x02, 0x00
	.byte 0x94, 0x08, 0xFF, 0x02, 0x00, 0x00, 0x03, 0x00, 0xBC, 0x08, 0xFF, 0x02, 0x00, 0x00, 0x02, 0x00
	.byte 0xF4, 0x08, 0xFF, 0x02, 0x00, 0x00, 0x02, 0x00, 0x1C, 0x09, 0xFF, 0x02, 0x00, 0x00, 0x02, 0x00
	.byte 0x44, 0x09, 0xFF, 0x02, 0x00, 0x00, 0x02, 0x00, 0x6C, 0x09, 0xFF, 0x02, 0x00, 0x00, 0x01, 0x00
	.byte 0xD8, 0xE5, 0xFE, 0x02, 0x00, 0x00, 0x02, 0x00, 0x94, 0x09, 0xFF, 0x02, 0x00, 0x00, 0x02, 0x00
	.byte 0xC4, 0x09, 0xFF, 0x02, 0x00, 0x00, 0x02, 0x00, 0xF4, 0x09, 0xFF, 0x02, 0x00, 0x00, 0x02, 0x00
	.byte 0x1C, 0x0A, 0xFF, 0x02, 0x00, 0x00, 0x11, 0x00, 0x44, 0x0A, 0xFF, 0x02, 0x00, 0x00, 0x02, 0x00
	.byte 0x80, 0x0A, 0xFF, 0x02, 0x00, 0x00, 0x02, 0x00, 0xB0, 0x0A, 0xFF, 0x02, 0x00, 0x00, 0x04, 0x00
	.byte 0xD8, 0x0A, 0xFF, 0x02, 0x00, 0x00, 0x01, 0x00, 0xD8, 0xE5, 0xFE, 0x02, 0x00, 0x00, 0x02, 0x00
	.byte 0x18, 0x0B, 0xFF, 0x02, 0x00, 0x00, 0x02, 0x00, 0x44, 0x0B, 0xFF, 0x02, 0x00, 0x00, 0x03, 0x00
	.byte 0x80, 0x0B, 0xFF, 0x02, 0x00, 0x00, 0x02, 0x00, 0xE0, 0x0B, 0xFF, 0x02, 0x00, 0x00, 0x02, 0x00
	.byte 0x1C, 0x0C, 0xFF, 0x02, 0x00, 0x00, 0x02, 0x00, 0x58, 0x0C, 0xFF, 0x02, 0x48, 0x00, 0x01, 0x00
	.byte 0xEC, 0xFF, 0xFE, 0x02, 0x03, 0x00, 0x01, 0x00, 0xD8, 0x00, 0xFF, 0x02, 0x01, 0x00, 0x01, 0x00
	.byte 0x18, 0x01, 0xFF, 0x02, 0x01, 0x00, 0x01, 0x00, 0x30, 0x01, 0xFF, 0x02, 0x01, 0x00, 0x01, 0x00
	.byte 0x70, 0x01, 0xFF, 0x02, 0x01, 0x00, 0x01, 0x00, 0xC0, 0x01, 0xFF, 0x02, 0x01, 0x00, 0x01, 0x00
	.byte 0xD8, 0x01, 0xFF, 0x02, 0x01, 0x00, 0x01, 0x00, 0xF0, 0x01, 0xFF, 0x02, 0x28, 0x00, 0x01, 0x00
	.byte 0x08, 0x02, 0xFF, 0x02, 0x01, 0x00, 0x01, 0x00, 0x20, 0x02, 0xFF, 0x02, 0x01, 0x00, 0x01, 0x00
	.byte 0x60, 0x02, 0xFF, 0x02, 0x01, 0x00, 0x01, 0x00, 0x78, 0x02, 0xFF, 0x02, 0x01, 0x00, 0x01, 0x00
	.byte 0x90, 0x02, 0xFF, 0x02, 0x10, 0x00, 0x01, 0x00, 0xAC, 0x02, 0xFF, 0x02, 0x01, 0x00, 0x01, 0x00
	.byte 0xC4, 0x02, 0xFF, 0x02, 0x01, 0x00, 0x01, 0x00, 0xDC, 0x02, 0xFF, 0x02, 0x03, 0x00, 0x01, 0x00
	.byte 0xF4, 0x02, 0xFF, 0x02, 0x03, 0x00, 0x01, 0x00, 0x40, 0x03, 0xFF, 0x02, 0x01, 0x00, 0x01, 0x00
	.byte 0x48, 0x04, 0xFF, 0x02, 0x01, 0x00, 0x01, 0x00, 0xA0, 0x04, 0xFF, 0x02, 0x02, 0x00, 0x01, 0x00
	.byte 0xE0, 0x04, 0xFF, 0x02, 0x01, 0x00, 0x01, 0x00, 0x20, 0x05, 0xFF, 0x02, 0x01, 0x00, 0x01, 0x00
	.byte 0x60, 0x05, 0xFF, 0x02, 0x01, 0x00, 0x01, 0x00, 0xA0, 0x05, 0xFF, 0x02, 0x32, 0x2E, 0x38, 0x38
	.byte 0x2E, 0x30, 0x30, 0x00, 0x01, 0x00, 0x04, 0x00, 0x08, 0x00, 0x00, 0x00, 0x00, 0x00, 0x00, 0x00

	arm_func_start FUN_02FF7500
FUN_02FF7500: ; 0x02FF7500
	ldr ip, _02FF7508 ; =FUN_037FD4BC
	bx ip
	.balign 4, 0
_02FF7508:
	.byte 0xBC, 0xD4, 0x7F, 0x03
